problem_family,setting,d,rank,kappa,num_factors,input_columns_multiplier,measurement_multiplier,hidden_dim,num_samples,loss,recovery_error,nrG,stA,condition_score,mean_grad_rank_fraction,nrG_std,stA_std,condition_score_std,mean_grad_rank_fraction_std,distance_to_MatrixFactorizationInput,distance_to_MatrixSensing,distance_to_SmallMLPDigits,inside_global_feature_fraction,nearest_current_family_distance,second_nearest_current_family_distance,bridge_score
SmallMLPDigits,scan MLP hidden=16 samples=128,64,10,1.0,10,10,2.0,16,128,2.302552471456631,0.8880208333333334,5.737475099125501,1.4834799033793438,3.9130392900586863,0.4636849129664489,0.250657352343953,0.1312927244645147,0.2627451309682905,0.02267617617378123,2.16547345256077,3.8429188986307046,1.091954730731727,1.0,1.091954730731727,2.16547345256077,0.3159085094177716
MatrixSensing,scan MS d=20 r=10 kappa=1e+01 measurement_mult=2,20,10,10.0,10,10,2.0,64,1024,0.060356806718215916,1.0065474823712859,12.746400339132414,101.26893956949743,0.1258861591175002,0.6373200169566208,0.34203585085660004,1.6402897211683736,0.003846259148268613,0.01710179254282997,2.0838125523156044,2.1873267311981586,3.483940691511317,1.0,2.0838125523156044,2.1873267311981586,0.31374254487681175
MatrixSensing,scan MS d=20 r=5 kappa=1e+00 measurement_mult=2,20,5,1.0,10,10,2.0,64,1024,0.11467690934694523,1.0078920973435241,13.832766638921976,70.32171270093522,0.19677286190842033,0.6916383319460988,0.32111402450514015,2.2567328435122813,0.004382305782079034,0.01605570122525706,2.3009232518286113,2.299791684762094,3.512918985431702,1.0,2.299791684762094,2.3009232518286113,0.30294554696054515
MatrixSensing,scan MS d=20 r=10 kappa=1e+01 measurement_mult=1,20,10,10.0,10,10,1.0,64,1024,0.05834592756460852,1.0065474823712859,13.67982761070077,70.32171270093522,0.19456734730190128,0.6839913805350385,0.33285312833035174,2.2567328435122813,0.0019182715060889859,0.016642656416517562,2.260610823342099,2.3044025197672977,3.497619611303522,1.0,2.260610823342099,2.3044025197672977,0.30262656986184056
MatrixSensing,scan MS d=20 r=10 kappa=1e+02 measurement_mult=1,20,10,100.0,10,10,1.0,64,1024,0.03826892330963563,1.010910316374054,13.320222177500606,70.32171270093522,0.18952288232886816,0.6660111088750303,0.16419824710934777,2.2567328435122813,0.005242465521288793,0.008209912355467332,2.1660218462362395,2.3181631249962886,3.4632827863952733,1.0,2.1660218462362395,2.3181631249962886,0.3013715608093012
MatrixSensing,scan MS d=20 r=5 kappa=1e+01 measurement_mult=2,20,5,10.0,10,10,2.0,64,1024,0.036372923937833604,1.017716068073117,13.194735870705571,70.32171270093522,0.1878196354765295,0.6597367935352786,0.17591094104301755,2.2567328435122813,0.008682514390881812,0.008795547052150852,2.133084376760491,2.3239190067559954,3.45184535978324,1.0,2.133084376760491,2.3239190067559954,0.3008496891673536
SmallMLPDigits,scan MLP hidden=16 samples=1024,64,10,1.0,10,10,2.0,16,1024,2.3025481379044064,0.8938802083333334,6.083058728372559,1.4949962607736438,4.136965245811796,0.4882929078638043,0.4126844238408272,0.1454953544302667,0.6527696505584798,0.03242215781448701,2.338202024266014,3.8693016094044816,0.9938995588205362,1.0,0.9938995588205362,2.338202024266014,0.29956245689470357
SmallMLPDigits,scan MLP hidden=16 samples=512,64,10,1.0,10,10,2.0,16,512,2.3025214753891334,0.888671875,6.081324715610773,1.4872004397718255,4.153719279756649,0.49017655180535114,0.4230310562911153,0.1369121336847567,0.6437133378029785,0.03465285851180621,2.351115443012139,3.8724022476969338,0.9877949382179813,1.0,0.9877949382179813,2.351115443012139,0.2984081023186576
MatrixSensing,scan MS d=20 r=5 kappa=1e+02 measurement_mult=2,20,5,100.0,10,10,2.0,64,1024,0.028298779689317155,1.0208430411810887,12.679132242692452,70.32171270093522,0.18052064220475553,0.6339566121346226,0.2994847045604245,2.2567328435122813,0.010229729808534203,0.014974235228021236,1.9982075531620824,2.3526413684322933,3.408210005382631,1.0,1.9982075531620824,2.3526413684322933,0.29827228447867166
MatrixSensing,scan MS d=20 r=10 kappa=1e+00 measurement_mult=1,20,10,1.0,10,10,1.0,64,1024,0.22935806778922216,1.0024246954541614,14.215287116907573,70.32171270093522,0.20220428722932504,0.7107643558453787,0.3432635036589953,2.2567328435122813,0.004008298027362432,0.017163175182949745,2.4019572145982764,2.2915392996410184,3.553080372145657,1.0,2.2915392996410184,2.4019572145982764,0.29394843524452907
MatrixSensing,scan MS d=20 r=10 kappa=1e+00 measurement_mult=0.5,20,10,1.0,10,10,0.5,64,1024,0.23662017567677088,1.0024246954541614,14.294256779866352,45.398739777874084,0.3148825948381892,0.7147128389933176,0.4615346070751974,0.323896130490825,0.010932226022800008,0.0230767303537599,2.39050477456407,2.4327861661007564,3.4835796860907227,1.0,2.39050477456407,2.4327861661007564,0.29130856150468676
MatrixSensing,scan MS d=20 r=10 kappa=1e+01 measurement_mult=0.5,20,10,10.0,10,10,0.5,64,1024,0.057670970016774424,1.0065474823712859,13.890626034136885,45.398739777874084,0.3059952840726407,0.6945313017068443,0.18626031385219463,0.323896130490825,0.005976645725887758,0.009313015692609767,2.282318807304604,2.439992482171974,3.441297599377525,1.0,2.282318807304604,2.439992482171974,0.29069830971508714
MatrixSensing,scan MS d=20 r=5 kappa=1e+00 measurement_mult=1,20,5,1.0,10,10,1.0,64,1024,0.11894716967086406,1.0078920973435241,13.876058828971471,45.398739777874084,0.30561674247251963,0.6938029414485736,0.5990590371090991,0.323896130490825,0.011790835903537524,0.029952951855455,2.27841911715977,2.4403436616669816,3.439857448762869,1.0,2.27841911715977,2.4403436616669816,0.29066863614301275
MatrixSensing,scan MS d=20 r=5 kappa=1e+01 measurement_mult=1,20,5,10.0,10,10,1.0,64,1024,0.0366307960119668,1.017716068073117,13.728551043717877,45.398739777874084,0.3023808946847675,0.6864275521858937,0.5284379943397934,0.323896130490825,0.010693924363366088,0.02642189971698968,2.238930142682077,2.444274065188129,3.425191571910383,1.0,2.238930142682077,2.444274065188129,0.29033694214614686
MatrixSensing,scan MS d=20 r=10 kappa=1e+02 measurement_mult=0.5,20,10,100.0,10,10,0.5,64,1024,0.03790585070627985,1.010910316374054,13.693316495750778,45.398739777874084,0.30167816355639115,0.6846658247875389,0.45799281153248655,0.323896130490825,0.012114043122972134,0.022899640576624365,2.229499646365296,2.445311413257905,3.421712755812524,1.0,2.229499646365296,2.445311413257905,0.2902495246589029
MatrixSensing,scan MS d=20 r=5 kappa=1e+02 measurement_mult=1,20,5,100.0,10,10,1.0,64,1024,0.028206093556208334,1.0208430411810887,13.539209028855575,45.398739777874084,0.29821189594532505,0.6769604514427788,0.6528234740197864,0.323896130490825,0.013684162639044074,0.03264117370098935,2.1882813704421338,2.4502774602442443,3.4069778576766754,1.0,2.1882813704421338,2.4502774602442443,0.2898317632487476
MatrixSensing,scan MS d=20 r=10 kappa=1e+00 measurement_mult=2,20,10,1.0,10,10,2.0,64,1024,0.24405499702093167,1.0024246954541614,14.181092795949402,101.26893956949743,0.14006787936049658,0.7090546397974701,0.3214386032316711,1.6402897211683736,0.004403287659424804,0.016071930161583554,2.4506358724036232,2.1265311356622902,3.6200294503381754,1.0,2.1265311356622902,2.4506358724036232,0.2898016588761149
MatrixSensing,scan MS d=20 r=2 kappa=1e+00 measurement_mult=2,20,2,1.0,10,10,2.0,64,1024,0.056135215637701706,1.0154746401091492,13.837935756793314,39.76469103763842,0.3480228858080902,0.6918967878396657,0.07154537761358788,0.37122662303034776,0.004611865247327204,0.0035772688806793695,2.2623484276136576,2.474791180255688,3.41010439066724,1.0,2.2623484276136576,2.474791180255688,0.2877870778774155
MatrixSensing,scan MS d=20 r=2 kappa=1e+01 measurement_mult=2,20,2,10.0,10,10,2.0,64,1024,0.02701649419465897,1.02260049863422,13.309713690929721,39.76469103763842,0.33465014089136674,0.6654856845464862,0.5411072711503757,0.37122662303034776,0.010693497358967989,0.027055363557518832,2.1206644154707015,2.4921343978650907,3.3603831594984643,1.0,2.1206644154707015,2.4921343978650907,0.2863578219129676
MatrixSensing,scan MS d=20 r=2 kappa=1e+02 measurement_mult=2,20,2,100.0,10,10,2.0,64,1024,0.026714324567044548,1.0220288794738448,13.258274895496404,39.76469103763842,0.33335894335288124,0.6629137447748202,0.5100558843580939,0.37122662303034776,0.0098253311713607,0.02550279421790473,2.1068842274022495,2.494261901013034,3.355826657868835,1.0,2.1068842274022495,2.494261901013034,0.2861834711674264
MatrixSensing,scan MS d=20 r=5 kappa=1e+00 measurement_mult=0.5,20,5,1.0,10,10,0.5,64,1024,0.13210313393547268,1.0078920973435241,14.039556207198089,28.284901754561854,0.4964783454109773,0.7019778103599045,0.22191077246562046,0.7298632120088383,0.008468528990285395,0.01109553862328106,2.3078823639871664,2.5425853153824964,3.351382460359809,1.0,2.3078823639871664,2.5425853153824964,0.2822797225681011
MatrixSensing,scan MS d=20 r=5 kappa=1e+01 measurement_mult=0.5,20,5,10.0,10,10,0.5,64,1024,0.04092250934773761,1.017716068073117,14.01337749266292,28.284901754561854,0.4954756810180956,0.7006688746331461,0.4179762942017116,0.7298632120088383,0.010843109993248024,0.020898814710085555,2.300807776664565,2.5430504863790313,3.348793303547283,1.0,2.300807776664565,2.5430504863790313,0.28224266175275187
MatrixSensing,scan MS d=20 r=5 kappa=1e+02 measurement_mult=0.5,20,5,100.0,10,10,0.5,64,1024,0.030673753978990914,1.0208430411810887,13.919174380437005,28.284901754561854,0.49205793487656574,0.6959587190218501,0.5973980036005492,0.7298632120088383,0.014930745496408068,0.02986990018002745,2.2753545272218174,2.544898673604053,3.3394891623737717,1.0,2.2753545272218174,2.544898673604053,0.2820955102175919
MatrixSensing,scan MS d=20 r=2 kappa=1e+00 measurement_mult=1,20,2,1.0,10,10,1.0,64,1024,0.056558858028892434,1.0154746401091492,14.07900408928724,23.859191246162833,0.5901460112477194,0.7039502044643621,0.3284909170259956,0.5176028758468298,0.01155918198201818,0.016424545851299825,2.317287984459235,2.572692981038355,3.3067409475336023,1.0,2.317287984459235,2.572692981038355,0.27990090536952983
MatrixFactorizationInput,scan MF d=20 r=10 factors=10 kappa=1e+00 input_mult=2,20,10,1.0,10,2,2.0,64,1024,0.012449159202471178,0.999996459956603,5.944603018524645,4.067931406648037,1.5227902976516965,0.5944603018524645,0.1606185559176102,0.2386373872596046,0.11878088909448198,0.01606185559176108,1.7375896803760038,3.0955290209147224,2.574826056086205,1.0,1.7375896803760038,2.574826056086205,0.2797338903518067
MatrixSensing,scan MS d=20 r=2 kappa=1e+02 measurement_mult=1,20,2,100.0,10,10,1.0,64,1024,0.02657749807489181,1.0220288794738448,13.834167811480313,23.859191246162833,0.5801367815656918,0.6917083905740157,0.2813935727416687,0.5176028758468298,0.022860148562079,0.014069678637083409,2.2509661204443274,2.577342089461796,3.2827446312615316,1.0,2.2509661204443274,2.577342089461796,0.2795371465719813
MatrixSensing,scan MS d=20 r=2 kappa=1e+01 measurement_mult=1,20,2,10.0,10,10,1.0,64,1024,0.02671925324216619,1.02260049863422,13.827307685379807,23.859191246162833,0.5798526596909056,0.6913653842689903,0.2442613797921822,0.5176028758468298,0.022175282143632465,0.012213068989609086,2.2491083016220155,2.5774970616112496,3.282091283467597,1.0,2.2491083016220155,2.5774970616112496,0.2795250374152971
MatrixFactorizationInput,scan MF d=20 r=10 factors=5 kappa=1e+00 input_mult=2,20,10,1.0,5,2,2.0,64,1024,0.012451151452900433,1.000081350954847,6.092491977323342,4.362177938898729,1.5048607836668941,0.6092491977323342,0.6949914983646356,0.4150808286303845,0.0939463632802506,0.06949914983646344,1.8088893675698485,3.0760296106208966,2.6109342922918475,1.0,1.8088893675698485,2.6109342922918475,0.2769366371840855
MatrixFactorizationInput,scan MF d=20 r=10 factors=10 kappa=1e+01 input_mult=2,20,10,10.0,10,2,2.0,64,1024,0.0029652689196895715,0.9999217934473484,4.509929182140167,4.067931406648037,1.163412121615378,0.45099291821401666,0.20736469938922558,0.2386373872596046,0.10338004565361907,0.020736469938922527,0.9499152128982049,3.2977000981259805,2.6413033389905114,1.0,0.9499152128982049,2.6413033389905114,0.2746269417579566
MatrixSensing,scan MS d=20 r=2 kappa=1e+02 measurement_mult=0.5,20,2,100.0,10,10,0.5,64,1024,0.02557220335275549,1.0220288794738448,14.163907842163612,14.290614573163344,0.9912047157827862,0.7081953921081806,0.1605203781951753,0.18933746827112508,0.01284083861184643,0.008026018909758738,2.3544004656726494,2.6600547660539626,3.1131572820922506,1.0,2.3544004656726494,2.6600547660539626,0.27321995541562244
MatrixSensing,scan MS d=20 r=2 kappa=1e+01 measurement_mult=0.5,20,2,10.0,10,10,0.5,64,1024,0.02598525193768621,1.02260049863422,14.085933844901684,14.290614573163344,0.9857916446198284,0.7042966922450842,0.15835291635018675,0.18933746827112508,0.01698159551694267,0.007917645817509334,2.3330690113392643,2.660736538459306,3.105721693888917,1.0,2.3330690113392643,2.660736538459306,0.27316907116753886
MatrixSensing,scan MS d=20 r=2 kappa=1e+00 measurement_mult=0.5,20,2,1.0,10,10,0.5,64,1024,0.05668781382181085,1.0154746401091492,14.046795443906921,14.290614573163344,0.9831243456584446,0.702339772195346,0.24688429549732532,0.18933746827112508,0.026149286637329905,0.0123442147748662,2.3223662177607483,2.6611490228931864,3.1020138469629503,1.0,2.3223662177607483,2.6611490228931864,0.27313829449361227
MatrixFactorizationInput,scan MF d=20 r=10 factors=5 kappa=1e+01 input_mult=2,20,10,10.0,5,2,2.0,64,1024,0.002967296098603553,1.0002437342661634,4.399989492685711,4.362177938898729,1.1017432470961444,0.439998949268571,0.29740899081777816,0.4150808286303845,0.10391393993814638,0.029740899081777804,0.8821639485517034,3.315850108316526,2.6754683111678936,1.0,0.8821639485517034,2.6754683111678936,0.2720741726874653
MatrixSensing,scan MS d=40 r=2 kappa=1e+02 measurement_mult=2,40,2,100.0,10,10,2.0,64,1024,0.01565831524064083,1.0791800273476182,27.641932460958373,92.45547706724399,0.2989844829192541,0.6910483115239594,0.5871175072134809,0.9257651602343558,0.006275952396863494,0.014677937680336997,2.6822593070379375,1.7236544335363195,3.647510072971954,1.0,1.7236544335363195,2.6822593070379375,0.2715724006966838
MatrixSensing,scan MS d=40 r=2 kappa=1e+01 measurement_mult=2,40,2,10.0,10,10,2.0,64,1024,0.015690822119076374,1.0783950155102664,27.650971954001108,92.45547706724399,0.2990871829584601,0.6912742988500277,0.6363108782924735,0.9257651602343558,0.0071398986519044015,0.01590777195731183,2.683501767800095,1.7234962029487115,3.6480688222205075,1.0,1.7234962029487115,2.683501767800095,0.27148079817462173
MatrixFactorizationInput,scan MF d=20 r=10 factors=10 kappa=1e+01 input_mult=10,20,10,10.0,10,10,2.0,64,1024,0.0031669197924963735,0.9999217934473484,4.652905966459966,4.780739024890568,1.087671577357472,0.4652905966459966,0.12304157310214564,0.2400057531971712,0.060188865594345706,0.012304157310214467,1.0044537282394788,3.254805967624583,2.6869675891200244,1.0,1.0044537282394788,2.6869675891200244,0.27122560093854037
MatrixFactorizationInput,scan MF d=20 r=10 factors=10 kappa=1e+00 input_mult=10,20,10,1.0,10,10,2.0,64,1024,0.012809554002065585,0.999996459956603,6.557884722721663,4.780739024890568,1.5160791320219769,0.6557884722721662,0.35689639247873095,0.2400057531971712,0.01206049709473459,0.03568963924787301,2.048105210879586,3.040004301308241,2.7020993592117404,1.0,2.048105210879586,2.7020993592117404,0.2701170073979112
MatrixSensing,scan MS d=40 r=2 kappa=1e+02 measurement_mult=1,40,2,100.0,10,10,1.0,64,1024,0.016008079270509405,1.0791800273476182,28.206116687597074,54.35673696522917,0.5190359100824741,0.7051529171899268,0.6786033728485533,0.8722849198203279,0.017042007917112963,0.016965084321213783,2.7073773743294978,1.9828584254318067,3.5393733083088588,1.0,1.9828584254318067,2.7073773743294978,0.26973245478708685
MatrixSensing,scan MS d=40 r=2 kappa=1e+01 measurement_mult=1,40,2,10.0,10,10,1.0,64,1024,0.016120125922005592,1.0783950155102664,28.24148952523359,54.35673696522917,0.5197200962026973,0.7060372381308397,0.7220273784922268,0.8722849198203279,0.019074100035227717,0.018050684462305698,2.7123610316644426,1.982568620832177,3.541619789530527,1.0,1.982568620832177,2.7123610316644426,0.2693703525790024
MatrixSensing,scan MS d=40 r=2 kappa=1e+00 measurement_mult=2,40,2,1.0,10,10,2.0,64,1024,0.027185779152227276,1.0401254756333007,27.867859053728257,92.45547706724399,0.3014097924173049,0.6966964763432064,0.42207457149851735,0.9257651602343558,0.001805048818659402,0.01055186428746289,2.7133350028596652,1.7199908463042493,3.661658731322715,1.0,1.7199908463042493,2.7133350028596652,0.2692996993887955
MatrixSensing,scan MS d=40 r=2 kappa=1e+00 measurement_mult=0.5,40,2,1.0,10,10,0.5,64,1024,0.028381545164641784,1.0401254756333007,28.35581917973279,30.307270855842457,0.9357671292806821,0.7088954794933198,0.5397447042515628,0.2910985020242245,0.02605214051928186,0.013493617606289067,2.723263141302803,2.183175945549876,3.337284443475928,1.0,2.183175945549876,2.723263141302803,0.2685816075976008
MatrixSensing,scan MS d=40 r=5 kappa=1e+02 measurement_mult=1,40,5,100.0,10,10,1.0,64,1024,0.01635200861181261,1.0774676363488083,27.76775000843691,109.9400449974515,0.2525697667636915,0.6941937502109227,0.6477848839798812,0.530079254832933,0.0056176027952399435,0.016194622099497086,2.7338820483823065,1.6050051864743151,3.704134912489971,1.0,1.6050051864743151,2.7338820483823065,0.2678177797376452
MatrixSensing,scan MS d=40 r=2 kappa=1e+00 measurement_mult=1,40,2,1.0,10,10,1.0,64,1024,0.02865284486314589,1.0401254756333007,28.404568688830462,54.35673696522917,0.5227697472996652,0.7101142172207616,0.7460418694931732,0.8722849198203279,0.02107860845008777,0.018651046737329355,2.7353442249557136,1.9813979696379382,3.5521046517351786,1.0,1.9813979696379382,2.7353442249557136,0.26771294418303737
SmallMLPDigits,scan MLP hidden=32 samples=128,64,10,1.0,10,10,2.0,32,128,2.3027151351609856,0.921875,7.056174687792719,1.3929394075663097,5.063671696935235,0.4466774021376279,0.4214024517733724,0.04338758267330375,0.2923627080642984,0.01571715857223875,2.745673040998105,4.231931383693174,0.42909909309600175,1.0,0.42909909309600175,2.745673040998105,0.2669747169746378
MatrixSensing,scan MS d=40 r=5 kappa=1e+01 measurement_mult=0.5,40,5,10.0,10,10,0.5,64,1024,0.020971169174336456,1.0607811006801795,28.425957335768,64.61943298932864,0.44020311885983543,0.7106489333942,0.6824588624993247,1.4501172780673517,0.020400357208907826,0.017061471562483072,2.749170065318996,1.9066929047423957,3.602205228908482,1.0,1.9066929047423957,2.749170065318996,0.266725697308403
MatrixSensing,scan MS d=40 r=2 kappa=1e+01 measurement_mult=0.5,40,2,10.0,10,10,0.5,64,1024,0.017311156316876044,1.0783950155102664,28.55138953796296,30.307270855842457,0.9420889280983844,0.713784738449074,0.30277194191486106,0.2910985020242245,0.009398339551638882,0.007569298547871511,2.751209424827007,2.1826880684064838,3.34968377796895,1.0,2.1826880684064838,2.751209424827007,0.2665806908517555
MatrixFactorizationInput,scan MF d=20 r=10 factors=2 kappa=1e+01 input_mult=2,20,10,10.0,2,2,2.0,64,1024,0.0029633620526165433,0.9997543047665763,4.850247274452531,5.6550050460172185,0.9850451032355859,0.4850247274452532,0.3485222104461143,0.38978933724530984,0.10575562915564198,0.03485222104461143,1.0872384482500987,3.1993483180955575,2.752282597287007,1.0,1.0872384482500987,2.752282597287007,0.26650444737904994
MatrixSensing,scan MS d=40 r=5 kappa=1e+00 measurement_mult=0.5,40,5,1.0,10,10,0.5,64,1024,0.06986711103292569,1.0201235452628732,28.448615117997736,64.61943298932864,0.4404699746487773,0.7112153779499434,0.4104674158481293,1.4501172780673517,0.015267749296360473,0.010261685396203223,2.752348564234152,1.90653846455262,3.6037264036876144,1.0,1.90653846455262,2.752348564234152,0.2664997621840332
MatrixSensing,scan MS d=40 r=5 kappa=1e+02 measurement_mult=0.5,40,5,100.0,10,10,0.5,64,1024,0.015884766633131344,1.0774676363488083,28.47807696233663,64.61943298932864,0.44102196749127853,0.7119519240584157,0.7956828329573712,1.4501172780673517,0.02166754112972442,0.019892070823934294,2.756480987290713,1.9063567347346113,3.6056098637983593,1.0,1.9063567347346113,2.756480987290713,0.26620659159018667
MatrixSensing,scan MS d=40 r=2 kappa=1e+02 measurement_mult=0.5,40,2,100.0,10,10,0.5,64,1024,0.017128888289013423,1.0791800273476182,28.58855262116604,30.307270855842457,0.943302602781563,0.714713815529151,0.3904183145145561,0.2910985020242245,0.01092414228816666,0.009760457862863904,2.7565220171056755,2.1826391222121124,3.3520565335312926,1.0,2.1826391222121124,2.7565220171056755,0.2662036840051532
MatrixFactorizationInput,scan MF d=20 r=10 factors=5 kappa=1e+01 input_mult=10,20,10,10.0,5,10,2.0,64,1024,0.0031684832744919562,1.0002437342661634,4.812590583035886,5.8792265337613046,0.960983657133283,0.48125905830358867,0.04746474065838808,0.1708488989503225,0.03812007393403841,0.004746474065838711,1.0642769194317399,3.203970060816526,2.7641479231747654,1.0,1.0642769194317399,2.7641479231747654,0.265664373560691
MatrixFactorizationInput,scan MF d=40 r=10 factors=5 kappa=1e+01 input_mult=2,40,10,10.0,5,2,2.0,64,1024,0.000833719012742169,1.0004114218203493,4.476884832708465,6.052147103803069,0.9395641297397006,0.4476884832708465,0.1462528048752762,0.3587662963779803,0.10063199227542212,0.014625280487527613,0.888665711258715,3.275464447801993,2.7675940986477303,1.0,0.888665711258715,2.7675940986477303,0.26542137337961147
MatrixSensing,scan MS d=40 r=5 kappa=1e+01 measurement_mult=1,40,5,10.0,10,10,1.0,64,1024,0.020645974703749334,1.0607811006801795,28.022829472641106,109.9400449974515,0.2548920291765107,0.7005707368160277,0.3710915257875984,0.530079254832933,0.0031481711592887002,0.009277288144689933,2.7685560566842526,1.6009961312409735,3.7202530382109766,1.0,1.6009961312409735,2.7685560566842526,0.2653536221721604
MatrixFactorizationInput,scan MF d=40 r=10 factors=10 kappa=1e+01 input_mult=2,40,10,10.0,10,2,2.0,64,1024,0.0008326791147477958,0.9997584338879921,4.663401104554105,5.545247812880096,0.9421811728999253,0.4663401104554105,0.3393515217899429,0.19587183894934945,0.03003620226963376,0.03393515217899425,0.9846249994742615,3.23599639203706,2.7694346456451076,1.0,0.9846249994742615,2.7694346456451076,0.26529177290693107
MatrixSensing,scan MS d=40 r=10 kappa=1e+02 measurement_mult=0.5,40,10,100.0,10,10,0.5,64,1024,0.022148914393675573,1.0493878204635048,28.03737029160234,109.9400449974515,0.25503615425173176,0.7009342572900584,0.3969721731865837,0.530079254832933,0.004556163665815064,0.009924304329664593,2.7705341545846793,1.6007933421210838,3.7211752013385753,1.0,1.6007933421210838,2.7705341545846793,0.26521441233573684
SmallMLPDigits,scan MLP hidden=32 samples=512,64,10,1.0,10,10,2.0,32,512,2.3026790369389842,0.91015625,7.16127669112835,1.3979414349935337,5.1320583828735495,0.45441440591073845,0.3017190605680827,0.053966566627993796,0.4142436627583551,0.016310385529296072,2.7956091276826114,4.243319226612834,0.39876021031375475,1.0,0.39876021031375475,2.7956091276826114,0.2634623235323877
MatrixFactorizationInput,scan MF d=40 r=10 factors=10 kappa=1e+00 input_mult=2,40,10,1.0,10,2,2.0,64,1024,0.0031923494244433716,0.9997936184081594,6.505785670166534,5.545247812880096,1.299942003033573,0.6505785670166533,0.3878456083742901,0.19587183894934945,0.008966275180585018,0.03878456083742897,1.9892635722757321,3.0096330523732173,2.8015784494394054,1.0,1.9892635722757321,2.8015784494394054,0.2630486292207027
MatrixSensing,scan MS d=40 r=10 kappa=1e+01 measurement_mult=0.5,40,10,10.0,10,10,0.5,64,1024,0.03300524410510453,1.0290818822442003,28.277254209222445,109.9400449974515,0.2572186717319374,0.706931355230561,0.3183515108860929,0.530079254832933,0.004072514087825191,0.007958787772152373,2.803200007863871,1.59784124740771,3.7366205463609314,1.0,1.59784124740771,2.803200007863871,0.26293647400407594
MatrixSensing,scan MS d=40 r=5 kappa=1e+00 measurement_mult=1,40,5,1.0,10,10,1.0,64,1024,0.06411755665436439,1.0201235452628732,28.34866058083594,109.9400449974515,0.2578530261473843,0.7087165145208986,0.2557139148285205,0.530079254832933,0.0013628407761871887,0.006392847870712979,2.8129339194834437,1.5971074707215454,3.7412756549433537,1.0,1.5971074707215454,2.8129339194834437,0.26226523226384024
MatrixSensing,scan MS d=40 r=10 kappa=1e+02 measurement_mult=1,40,10,100.0,10,10,1.0,64,1024,0.02201437670292639,1.0493878204635048,26.87874036825498,180.87784289922934,0.14860244893526134,0.6719685092063745,0.07685805885227509,0.33356539138332186,0.0006891925955087536,0.0019214514713068187,2.814110365009326,1.1930573544081478,3.8442380742882487,1.0,1.1930573544081478,2.814110365009326,0.26218433770926153
MatrixSensing,scan MS d=40 r=5 kappa=1e+02 measurement_mult=2,40,5,100.0,10,10,2.0,64,1024,0.01652804802183396,1.0774676363488083,26.88414633180842,180.87784289922934,0.14863252911632638,0.6721036582952103,0.11452618336272455,0.33356539138332186,0.0008846365875115664,0.0028631545840681555,2.814787927053616,1.1928451762198289,3.8445465857549097,1.0,1.1928451762198289,2.814787927053616,0.2621377699421311
MatrixFactorizationInput,scan MF d=20 r=10 factors=5 kappa=1e+00 input_mult=10,20,10,1.0,5,10,2.0,64,1024,0.01280981899834771,1.000081350954847,6.526380994105964,5.8792265337613046,1.270645746638153,0.6526380994105965,0.14084634861664203,0.1708488989503225,0.07625206997949101,0.014084634861664197,1.9961872516223125,3.0030128226259065,2.821203364844444,1.0,1.9961872516223125,2.821203364844444,0.2616976655050937
MatrixFactorizationInput,scan MF d=40 r=10 factors=5 kappa=1e+00 input_mult=2,40,10,1.0,5,2,2.0,64,1024,0.003194109302979081,1.000108237104677,6.905192400101477,6.052147103803069,1.4386570399275795,0.6905192400101475,0.2550891455224244,0.3587662963779803,0.10774390406726747,0.02550891455224243,2.2156448011841468,3.008809948786929,2.8253828594087302,1.0,2.2156448011841468,2.8253828594087302,0.26141174275940704
MatrixSensing,scan MS d=40 r=10 kappa=1e+00 measurement_mult=0.5,40,10,1.0,10,10,0.5,64,1024,0.12282595084220366,1.0053264258073282,28.47168274006624,109.9400449974515,0.2589869760440607,0.7117920685016559,0.309380833993065,0.530079254832933,0.003994465080062407,0.007734520849826657,2.8297132889452166,1.596001183329223,3.7493297143035016,1.0,1.596001183329223,2.8297132889452166,0.261116152712158
MatrixFactorizationInput,scan MF d=20 r=5 factors=10 kappa=1e+00 input_mult=2,20,5,1.0,10,2,2.0,64,1024,0.0063347425773820154,0.999860004986072,3.056753632843962,3.011230301928414,1.1193904264643522,0.6113507265687924,0.553920884961023,0.2759520539357604,0.1596933534621536,0.1107841769922046,1.7442140006674651,3.1499639117778178,2.832208301999411,1.0,1.7442140006674651,2.832208301999411,0.260946149372481
MatrixFactorizationInput,scan MF d=40 r=10 factors=5 kappa=1e+01 input_mult=10,40,10,10.0,5,10,2.0,64,1024,0.0007806814186501187,1.0004114218203493,4.9243447837661,8.629335311891346,0.849054862331997,0.49243447837660986,0.2230757495258533,0.16096131129583682,0.030567922555061633,0.022307574952585382,1.1085390758417217,3.1585050853411265,2.832874394274767,1.0,1.1085390758417217,2.832874394274767,0.2609008011047056
MatrixFactorizationInput,scan MF d=20 r=10 factors=2 kappa=1e+00 input_mult=2,20,10,1.0,2,2,2.0,64,1024,0.012445419343390681,0.9999146345085185,6.750528068918377,5.6550050460172185,1.3435216863181167,0.6750528068918377,0.3045892829861201,0.38978933724530984,0.09722080789353335,0.030458928298612034,2.1224085385980898,3.0027039373766966,2.834917333079209,1.0,2.1224085385980898,2.834917333079209,0.260761813918179
MatrixFactorizationInput,scan MF d=60 r=10 factors=10 kappa=1e+01 input_mult=2,60,10,10.0,10,2,2.0,64,1024,0.0003578135782629696,0.9999806166238082,4.77282557266541,6.868581718337452,0.8322207524016422,0.47728255726654106,0.4812503613889652,0.7819947291836765,0.04745774042369299,0.04812503613889655,1.0271587440768382,3.1974810038627868,2.8352002326115633,1.0,1.0271587440768382,2.8352002326115633,0.2607425790958128
MatrixFactorizationInput,scan MF d=40 r=10 factors=10 kappa=1e+01 input_mult=10,40,10,10.0,10,10,2.0,64,1024,0.0007795390297493508,0.9997584338879921,4.610294193688625,7.006179688787401,0.8233514851510494,0.4610294193688625,0.37674614397383455,0.3837550005516388,0.11828256914888212,0.03767461439738349,0.9411747950287315,3.2316496881277788,2.8353618999568058,1.0,0.9411747950287315,2.8353618999568058,0.2607315883310157
SmallMLPDigits,scan MLP hidden=32 samples=1024,64,10,1.0,10,10,2.0,32,1024,2.302707825184982,0.9189453125,7.279174930503248,1.4024530901140644,5.198056886446531,0.4577498578757657,0.39234316856979573,0.058394428437827384,0.4793006762479768,0.014522889904976232,2.8372155866252227,4.260504943324679,0.36753359711012434,1.0,0.36753359711012434,2.8372155866252227,0.260605633805289
MatrixFactorizationInput,scan MF d=60 r=10 factors=10 kappa=1e+01 input_mult=10,60,10,10.0,10,10,2.0,64,1024,0.00035530616473316814,0.9999806166238082,5.061448706620404,8.43141285241771,0.8513480531496428,0.5061448706620403,0.4040781068295297,0.5174655120656643,0.05344799256051324,0.04040781068295304,1.1807497832502072,3.1328693038783855,2.8398357911863026,1.0,1.1807497832502072,2.8398357911863026,0.26042780326578857
MatrixSensing,scan MS d=40 r=5 kappa=1e+01 measurement_mult=2,40,5,10.0,10,10,2.0,64,1024,0.020364898697085774,1.0607811006801795,27.143161450601777,180.87784289922934,0.1500630442432547,0.6785790362650443,0.12026006657099764,0.33356539138332186,0.00040222184010566475,0.003006501664274967,2.8473161544800982,1.1832430220194528,3.8594909257442707,1.0,1.1832430220194528,2.8473161544800982,0.25992145169445624
MatrixFactorizationInput,scan MF d=20 r=10 factors=2 kappa=1e+01 input_mult=10,20,10,10.0,2,10,2.0,64,1024,0.00316619731067135,0.9997543047665763,5.066905755191488,8.068569401736012,0.8326231098604481,0.506690575519149,0.20133518774205214,0.2158729946933641,0.04707541317062824,0.020133518774205213,1.181745095618907,3.1323251301488177,2.8506562059272578,1.0,1.181745095618907,2.8506562059272578,0.2596959963501065
MatrixFactorizationInput,scan MF d=20 r=5 factors=5 kappa=1e+01 input_mult=2,20,5,10.0,5,2,2.0,64,1024,0.002214039022925603,1.0003145365857973,2.545163046362081,3.6380741003916763,0.8477244088021653,0.5090326092724161,0.1929361789989471,0.1182782684433554,0.12187539749984744,0.03858723579978942,1.1789813599251828,3.247568943250709,2.855996927410699,1.0,1.1789813599251828,2.855996927410699,0.2593363062328734
MatrixFactorizationInput,scan MF d=60 r=10 factors=5 kappa=1e+01 input_mult=2,60,10,10.0,5,2,2.0,64,1024,0.00035831621606238875,1.0007353882162409,4.57992368353437,8.096621048575551,0.7792145036796637,0.45799236835343704,0.5195960915105493,0.4347708874888001,0.07872866216564262,0.05195960915105491,0.9204932605067113,3.2301600306708607,2.8598136697118735,1.0,0.9204932605067113,2.8598136697118735,0.259079863840849
MatrixSensing,scan MS d=40 r=10 kappa=1e+01 measurement_mult=1,40,10,10.0,10,10,1.0,64,1024,0.03330521440992229,1.0290818822442003,27.275929906187795,180.87784289922934,0.1507977222856113,0.6818982476546949,0.304863937002538,0.33356539138332186,0.0016896430960443227,0.007621598425063466,2.864037413286825,1.178754652010746,3.867269566961424,1.0,1.178754652010746,2.864037413286825,0.2587966660367765
MatrixFactorizationInput,scan MF d=20 r=5 factors=10 kappa=1e+01 input_mult=10,20,5,10.0,10,10,2.0,64,1024,0.0018745626721239689,0.9997238438472934,2.3679934031346463,3.653469767438734,0.7941336656788064,0.47359868062692917,0.34203171762664747,0.1841945798010499,0.17234482292315656,0.06840634352532944,0.9876243323661564,3.306977701988288,2.8674865336093265,1.0,0.9876243323661564,2.8674865336093265,0.25856586475732374
MatrixFactorizationInput,scan MF d=20 r=5 factors=10 kappa=1e+01 input_mult=2,20,5,10.0,10,2,2.0,64,1024,0.00221216245016894,0.9997238438472934,2.129220071582607,3.011230301928414,0.7841562392068814,0.42584401431652147,0.5309625980097726,0.2759520539357604,0.20012131677297543,0.10619251960195444,0.7373448196853764,3.4092799584016222,2.8678753272326247,1.0,0.7373448196853764,2.8678753272326247,0.2585398740645234
MatrixFactorizationInput,scan MF d=20 r=10 factors=10 kappa=1e+02 input_mult=2,20,10,100.0,10,2,2.0,64,1024,0.0017680336535842933,0.9999144026267398,3.279344845745362,4.067931406648037,0.8514336862949595,0.3279344845745362,0.23430467508002759,0.2386373872596046,0.10627533304217035,0.023430467508002737,0.3049262253755091,3.6040304999344226,2.879763897989225,1.0,0.3049262253755091,2.879763897989225,0.25774764297339653
MatrixFactorizationInput,scan MF d=20 r=5 factors=10 kappa=1e+00 input_mult=10,20,5,1.0,10,10,2.0,64,1024,0.00649542338866822,0.999860004986072,3.1326415275536745,3.653469767438734,1.037446820690816,0.6265283055107349,0.2839634098698271,0.1841945798010499,0.17461222354573952,0.05679268197396523,1.8147661655405234,3.128043897892868,2.9027860920976107,1.0,1.8147661655405234,2.9027860920976107,0.25622721215103417
MatrixFactorizationInput,scan MF d=60 r=10 factors=10 kappa=1e+00 input_mult=2,60,10,1.0,10,2,2.0,64,1024,0.0013646410579565796,0.9999080729116868,6.680322180960364,6.868581718337452,1.153717253696583,0.6680322180960365,0.5122344603992262,0.7819947291836765,0.08461053229831156,0.05122344603992264,2.0632843391572075,2.976245104845118,2.9154761359085524,1.0,2.0632843391572075,2.9154761359085524,0.255396780695219
MatrixFactorizationInput,scan MF d=40 r=10 factors=10 kappa=1e+00 input_mult=10,40,10,1.0,10,10,2.0,64,1024,0.00312232736981611,0.9997936184081594,6.791430610223945,7.006179688787401,1.2008066539760938,0.6791430610223945,0.5125797742717126,0.3837550005516388,0.12332454280344886,0.05125797742717117,2.12672185064085,2.976518427282283,2.917045924421464,1.0,2.12672185064085,2.917045924421464,0.2552944283255236
MatrixFactorizationInput,scan MF d=40 r=10 factors=2 kappa=1e+01 input_mult=2,40,10,10.0,2,2,2.0,64,1024,0.0008324534464615656,0.9997634860452521,5.083443721132368,9.488229508412536,0.7139549345178909,0.5083443721132368,0.3519607334470523,0.5010690896893858,0.04579001154735858,0.03519607334470521,1.181217996703319,3.1141200166458805,2.9185153889587765,1.0,1.181217996703319,2.9185153889587765,0.2551986915293751
MatrixFactorizationInput,scan MF d=60 r=10 factors=5 kappa=1e+01 input_mult=10,60,10,10.0,5,10,2.0,64,1024,0.0003557764956935373,1.0007353882162409,4.918330608800622,11.71042004567874,0.6952328474399857,0.4918330608800621,0.418095524738108,0.0953422372354002,0.08890071195398143,0.041809552473810824,1.0928925232229667,3.134118953788891,2.9195973179756165,1.0,1.0928925232229667,2.9195973179756165,0.2551282488672784
MatrixFactorizationInput,scan MF d=60 r=10 factors=2 kappa=1e+00 input_mult=2,60,10,1.0,2,2,2.0,64,1024,0.0013654379445303736,1.0001693416220085,7.732677188590183,13.332387206944665,0.8502864180447101,0.7732677188590183,0.32586005690337944,0.5972670290119211,0.061384261304841876,0.03258600569033799,2.600036939738558,2.9198162504570684,3.337716833705034,1.0,2.600036939738558,2.9198162504570684,0.25511399925529554
MatrixSensing,scan MS d=40 r=5 kappa=1e+00 measurement_mult=2,40,5,1.0,10,10,2.0,64,1024,0.0603418053769782,1.0201235452628732,27.754694617059602,180.87784289922934,0.15344229703039566,0.6938673654264901,0.36530455555053154,0.33356539138332186,0.0017386542536663866,0.009132613888763278,2.9245929602630842,1.1650699868468481,3.8959826005060507,1.0,1.1650699868468481,2.9245929602630842,0.2548034943050413
MatrixFactorizationInput,scan MF d=40 r=5 factors=10 kappa=1e+01 input_mult=2,40,5,10.0,10,2,2.0,64,1024,0.0004556282896345134,1.000076377620653,2.659799959690029,4.334393040404833,0.756640132343623,0.5319599919380057,0.1862311659482622,0.17286560521849767,0.041561770851360265,0.03724623318965241,1.292190799750937,3.2024061222102054,2.9251550055906335,1.0,1.292190799750937,2.9251550055906335,0.2547670088380436
MatrixFactorizationInput,scan MF d=40 r=5 factors=5 kappa=1e+01 input_mult=2,40,5,10.0,5,2,2.0,64,1024,0.0004560288179958429,1.0001999340958196,2.6899763538847954,5.216824527027735,0.766036881264457,0.5379952707769591,0.08145257348787605,0.351828346222447,0.032792739079269925,0.01629051469757521,1.3247395645316058,3.1898558573929034,2.925649717449387,1.0,1.3247395645316058,2.925649717449387,0.2547349030034524
MatrixFactorizationInput,scan MF d=20 r=5 factors=5 kappa=1e+01 input_mult=10,20,5,10.0,5,10,2.0,64,1024,0.0018764507682983017,1.0003145365857973,2.531525666935433,4.744026127351851,0.7192420112778125,0.5063051333870866,0.06506753229698213,0.25242017210586265,0.07272886897252448,0.013013506459396456,1.1537822658187529,3.2382771773367143,2.925949084040546,1.0,1.1537822658187529,2.925949084040546,0.2547154786253138
MatrixFactorizationInput,scan MF d=60 r=5 factors=10 kappa=1e+01 input_mult=2,60,5,10.0,10,2,2.0,64,1024,0.00021078404235790833,0.9993581049042174,2.5939929659878573,5.057059231202898,0.7283301390443259,0.5187985931975715,0.2623308082176032,0.0986541622908096,0.06031482140079722,0.05246616164352066,1.2205464114622644,3.216990987107401,2.929857883704182,1.0,1.2205464114622644,2.929857883704182,0.2544621280445455
MatrixFactorizationInput,scan MF d=60 r=10 factors=5 kappa=1e+00 input_mult=10,60,10,1.0,5,10,2.0,64,1024,0.0013932086958859113,1.0003951756171157,7.427591742860702,11.71042004567874,1.0447492452846276,0.7427591742860703,0.06259848620498419,0.0953422372354002,0.05896039464494634,0.006259848620498389,2.449016051751768,2.932674371135259,3.1581017027784855,1.0,2.449016051751768,2.932674371135259,0.2542798883476657
MatrixSensing,scan MS d=40 r=10 kappa=1e+00 measurement_mult=1,40,10,1.0,10,10,1.0,64,1024,0.12661509972381746,1.0053264258073282,27.872026146192933,180.87784289922934,0.1540926632220875,0.6968006536548232,0.13078203379660314,0.33356539138332186,0.0004943829357136928,0.0032695508449150754,2.939493081019739,1.1623243369394882,3.9031744163761535,1.0,1.1623243369394882,2.939493081019739,0.25383976553174953
MatrixFactorizationInput,scan MF d=20 r=10 factors=10 kappa=1e+02 input_mult=10,20,10,100.0,10,10,2.0,64,1024,0.0019828256133351658,0.9999144026267398,3.210602030981651,4.780739024890568,0.7556300190004714,0.3210602030981651,0.1501805410667405,0.2400057531971712,0.05872985454331258,0.01501805410667401,0.24349038460097389,3.616377961867108,2.9405388447047924,1.0,0.24349038460097389,2.9405388447047924,0.25377240002183393
MatrixFactorizationInput,scan MF d=20 r=5 factors=5 kappa=1e+02 input_mult=2,20,5,100.0,5,2,2.0,64,1024,0.001779708982032965,1.0002477618285524,1.9695971512013097,3.6380741003916763,0.6680566795440633,0.39391943024026194,0.2816657092140394,0.1182782684433554,0.1332170516072461,0.056333141842807924,0.5568834128758984,3.475500317644568,2.9421755360421327,1.0,0.5568834128758984,2.9421755360421327,0.25366704015518815
MatrixFactorizationInput,scan MF d=20 r=10 factors=2 kappa=1e+02 input_mult=2,20,10,100.0,2,2,2.0,64,1024,0.0017666607638751996,0.9996620720133208,3.416308828523904,5.6550050460172185,0.7122336167657305,0.34163088285239035,0.3388224615643377,0.38978933724530984,0.14471815505021127,0.03388224615643379,0.3180661977374898,3.5470906040793464,2.942924136932123,1.0,0.3180661977374898,2.942924136932123,0.25361887910378905
MatrixFactorizationInput,scan MF d=40 r=10 factors=2 kappa=1e+00 input_mult=2,40,10,1.0,2,2,2.0,64,1024,0.003192594242257995,0.9999406061095693,7.497574745958549,9.488229508412536,1.013302894740923,0.7497574745958548,0.2234040149751653,0.5010690896893858,0.07201346109685089,0.022340401497516506,2.4837139193930917,2.9438247065698624,3.19235101894853,1.0,2.4837139193930917,2.9438247065698624,0.25356096540856377
MatrixFactorizationInput,scan MF d=20 r=5 factors=5 kappa=1e+00 input_mult=2,20,5,1.0,5,2,2.0,64,1024,0.00633813490808539,1.0001891624863204,3.293361398189677,3.6380741003916763,1.0647910092855148,0.6586722796379355,0.11927629288324877,0.1182782684433554,0.05883363968416315,0.02385525857664982,1.9863412312028759,3.1149296994225835,2.952185664586582,1.0,1.9863412312028759,2.952185664586582,0.25302455017750414
MatrixFactorizationInput,scan MF d=60 r=10 factors=5 kappa=1e+00 input_mult=2,60,10,1.0,5,2,2.0,64,1024,0.0013661090055287924,1.0003951756171157,6.859120583080215,8.096621048575551,1.1576591166605315,0.6859120583080215,0.3791803866096629,0.4347708874888001,0.08113120132813835,0.037918038660966456,2.157844704472538,2.963712000816126,2.955092801233966,1.0,2.157844704472538,2.955092801233966,0.25283856795673815
MatrixFactorizationInput,scan MF d=20 r=10 factors=5 kappa=1e+02 input_mult=2,20,10,100.0,5,2,2.0,64,1024,0.001769428351692035,1.0002952163653858,3.02650585671613,4.362177938898729,0.7661157060164396,0.302650585671613,0.21380278812702283,0.4150808286303845,0.1342126484659575,0.021380278812702266,0.19483557146217984,3.677020636144797,2.9576345338820795,1.0,0.19483557146217984,2.9576345338820795,0.252676186100259
MatrixFactorizationInput,scan MF d=40 r=5 factors=10 kappa=1e+01 input_mult=10,40,5,10.0,10,10,2.0,64,1024,0.0004721522587420155,1.000076377620653,2.4872584184885578,5.517319851474784,0.6516221845219174,0.4974516836977115,0.5450098157708438,0.10910108961153402,0.12817130648867406,0.10900196315416888,1.1028381901029705,3.245836907841123,2.95842389807638,1.0,1.1028381901029705,2.95842389807638,0.25262579899185533
MatrixFactorizationInput,scan MF d=60 r=10 factors=2 kappa=1e+01 input_mult=10,60,10,10.0,2,10,2.0,64,1024,0.0003554343014977334,1.0001814661855877,5.592769121180454,20.83808419665695,0.5441075817958154,0.5592769121180454,0.21589522255425928,0.6533730411669161,0.040033103012257466,0.021589522255425955,1.4503082913466245,2.960288600590535,3.061898183996819,1.0,1.4503082913466245,2.960288600590535,0.25250685009443147
MatrixFactorizationInput,scan MF d=60 r=10 factors=10 kappa=1e+00 input_mult=10,60,10,1.0,10,10,2.0,64,1024,0.0013921132352120202,0.9999080729116868,7.136761663119949,8.43141285241771,1.1947654653881148,0.7136761663119948,0.13840216455402618,0.5174655120656643,0.13844244822650975,0.013840216455402525,2.307855427527677,2.9623747746816065,3.0061493736132174,1.0,2.307855427527677,2.9623747746816065,0.2523739062719917
MatrixFactorizationInput,scan MF d=20 r=10 factors=2 kappa=1e+00 input_mult=10,20,10,1.0,2,10,2.0,64,1024,0.012808464759641472,0.9999146345085185,7.39291426189799,8.068569401736012,1.166123961538874,0.739291426189799,0.099247593273576,0.2158729946933641,0.04277635234551694,0.009924759327357636,2.4403157626497367,2.9642625474396374,3.08925905309164,1.0,2.4403157626497367,2.9642625474396374,0.2522537263950545
MatrixFactorizationInput,scan MF d=40 r=10 factors=5 kappa=1e+00 input_mult=10,40,10,1.0,5,10,2.0,64,1024,0.0031243470547371506,1.000108237104677,7.272479724106442,8.629335311891346,1.237334267588653,0.7272479724106441,0.21771705966063523,0.16096131129583682,0.015475525714562462,0.021771705966063457,2.3836498139060747,2.9671981273004873,3.021626191112276,1.0,2.3836498139060747,2.9671981273004873,0.2520670679688131
MatrixFactorizationInput,scan MF d=20 r=10 factors=5 kappa=1e+02 input_mult=10,20,10,100.0,5,10,2.0,64,1024,0.0019841466599831,1.0002952163653858,3.3327685740458697,5.8792265337613046,0.6745076081718127,0.33327685740458696,0.12388205777309098,0.1708488989503225,0.038875596952491424,0.012388205777309093,0.2704851491691393,3.569509617652945,2.972184085706279,1.0,0.2704851491691393,2.972184085706279,0.2517506687563786
MatrixFactorizationInput,scan MF d=60 r=5 factors=10 kappa=1e+01 input_mult=10,60,5,10.0,10,10,2.0,64,1024,0.0002013415702692831,0.9993581049042174,2.321081993900768,6.7015958627715895,0.5983781613880693,0.4642163987801536,0.30639645819707734,0.0834651248439758,0.0809005646443787,0.06127929163941545,0.9237206660297033,3.2997281013439452,2.9750001277461307,1.0,0.9237206660297033,2.9750001277461307,0.2515723189591471
MatrixFactorizationInput,scan MF d=20 r=2 factors=10 kappa=1e+02 input_mult=2,20,2,100.0,10,2,2.0,64,1024,0.0013959277116691558,1.0001321541963768,1.0165377857121036,2.1001529224142352,0.6364914136073216,0.5082688928560518,0.012807836557007441,0.1399763067536183,0.053848803930425876,0.006403918278503721,1.1586176529475147,3.3030383809704165,2.9840216264538637,1.0,1.1586176529475147,2.9840216264538637,0.2510026535398327
MatrixFactorizationInput,scan MF d=40 r=5 factors=5 kappa=1e+01 input_mult=10,40,5,10.0,5,10,2.0,64,1024,0.000472366462819661,1.0001999340958196,2.3955897515991285,7.472152173739688,0.5834001855604135,0.4791179503198257,0.3436551631267266,0.019723152302458788,0.08602385003588746,0.06873103262534537,1.002520314164358,3.26626096618126,2.988180556229371,1.0,1.002520314164358,2.988180556229371,0.2507409045054497
MatrixFactorizationInput,scan MF d=60 r=5 factors=5 kappa=1e+01 input_mult=10,60,5,10.0,5,10,2.0,64,1024,0.00020164907515260615,1.0001285987396369,2.464578781113684,9.828043364827417,0.5946006895840387,0.49291575622273687,0.19254977901095416,0.07164869255339955,0.06961691843074798,0.03850995580219085,1.076656055680107,3.229745555603128,2.9884144028020097,1.0,1.076656055680107,2.9884144028020097,0.25072620319931216
MatrixFactorizationInput,scan MF d=20 r=5 factors=2 kappa=1e+01 input_mult=2,20,5,10.0,2,2,2.0,64,1024,0.0022124953203922133,0.9998252373950393,2.31172811389675,5.144313442383582,0.5699018797918506,0.46234562277934993,0.0869168641558073,0.2345082642465393,0.06536431934470344,0.017383372831161516,0.912751507790113,3.3098331198590563,2.9904578808870865,1.0,0.912751507790113,2.9904578808870865,0.2505978085346181
MatrixFactorizationInput,scan MF d=20 r=2 factors=5 kappa=1e+02 input_mult=2,20,2,100.0,5,2,2.0,64,1024,0.0013952400368524333,0.9997439931542313,1.0110403698649078,2.6414549782376686,0.6177072373236825,0.5055201849324539,0.011511482418680693,0.11049787872136574,0.04471801073553882,0.005755741209340346,1.1431678046609648,3.3036468144993303,2.9926699844718234,1.0,1.1431678046609648,2.9926699844718234,0.2504589670293741
MatrixFactorizationInput,scan MF d=60 r=10 factors=2 kappa=1e+01 input_mult=2,60,10,10.0,2,2,2.0,64,1024,0.00035804186851562213,1.0001814661855877,5.309900125645132,13.332387206944665,0.6136442402947396,0.5309900125645132,0.32063434678003366,0.5972670290119211,0.009816610140298615,0.03206343467800334,1.2978410802438547,3.0479099282031292,2.9929110512808434,1.0,1.2978410802438547,2.9929110512808434,0.25044384589514473
MatrixFactorizationInput,scan MF d=20 r=5 factors=10 kappa=1e+02 input_mult=10,20,5,100.0,10,10,2.0,64,1024,0.0014314008213338499,0.9997324569079084,1.7857019852563611,3.653469767438734,0.6072999978567175,0.35714039705127226,0.3459633538430853,0.1841945798010499,0.1437739809696531,0.06919267076861707,0.3579273286497887,3.5679800228939444,2.998424001695956,1.0,0.3579273286497887,2.998424001695956,0.25009853871821597
MatrixFactorizationInput,scan MF d=40 r=10 factors=2 kappa=1e+01 input_mult=10,40,10,10.0,2,10,2.0,64,1024,0.0007796161739776234,0.9997634860452521,5.397047649036504,14.717016353507839,0.6137674633591285,0.5397047649036505,0.1454438114233588,0.1470167325920391,0.05573306301450646,0.014544381142335933,1.344762077647085,3.026083231021338,3.001145862884462,1.0,1.344762077647085,3.001145862884462,0.24992840407949812
MatrixFactorizationInput,scan MF d=40 r=10 factors=10 kappa=1e+02 input_mult=2,40,10,100.0,10,2,2.0,64,1024,0.0005400379973149822,0.9998976818783637,3.1816795081229468,5.545247812880096,0.6481449001214185,0.3181679508122946,0.27799088697323104,0.19587183894934945,0.03187033492694258,0.027799088697323098,0.19744102057640714,3.616572919059127,3.0032758527160075,1.0,0.19744102057640714,3.0032758527160075,0.24979542674321425
MatrixFactorizationInput,scan MF d=20 r=2 factors=10 kappa=1e+01 input_mult=2,20,2,10.0,10,2,2.0,64,1024,0.0014091026966517514,1.000130300837428,1.1546049526274265,2.1001529224142352,0.7191461705495451,0.5773024763137132,0.13687585730497473,0.1399763067536183,0.07833257052017838,0.06843792865248736,1.5286363014129998,3.222624449821963,3.007722263733312,1.0,1.5286363014129998,3.007722263733312,0.24951828849249408
MatrixFactorizationInput,scan MF d=20 r=2 factors=10 kappa=1e+02 input_mult=10,20,2,100.0,10,10,2.0,64,1024,0.0013034194096529026,1.0001321541963768,1.025827469547669,2.6451925312822455,0.5909540921703661,0.5129137347738345,0.011333980899633238,0.08833899356477037,0.02040216157544001,0.005666990449816619,1.1815209971781708,3.291272722458856,3.012612734824501,1.0,1.1815209971781708,3.012612734824501,0.2492141819022904
MatrixFactorizationInput,scan MF d=20 r=2 factors=5 kappa=1e+01 input_mult=2,20,2,10.0,5,2,2.0,64,1024,0.0014084734292565796,0.9997495681152815,1.1424993214102859,2.6414549782376686,0.6935660571902785,0.5712496607051429,0.0529070450577911,0.11049787872136574,0.0276594791910449,0.02645352252889555,1.495231148843634,3.2242752065285036,3.0138259936681013,1.0,1.495231148843634,3.0138259936681013,0.2491388519526063
MatrixFactorizationInput,scan MF d=60 r=5 factors=5 kappa=1e+01 input_mult=2,60,5,10.0,5,2,2.0,64,1024,0.00021110189019268055,1.0001285987396369,2.1382483888585186,6.845891347247332,0.5211072900732694,0.42764967777170376,0.13682478660642172,0.18026666039123593,0.02466412493762499,0.027364957321284324,0.7266461169073923,3.373961076013044,3.0160165851829737,1.0,0.7266461169073923,3.0160165851829737,0.24900295573715592
MatrixFactorizationInput,scan MF d=60 r=10 factors=10 kappa=1e+02 input_mult=2,60,10,100.0,10,2,2.0,64,1024,0.00022895601334673146,0.9999945736829688,3.3410559142768803,6.868581718337452,0.5894065179887885,0.334105591427688,0.3945438700236105,0.7819947291836765,0.05644408328080959,0.03945438700236106,0.25885271650309,3.558679510556228,3.0186789645522105,1.0,0.25885271650309,3.0186789645522105,0.2488379909967322
MatrixFactorizationInput,scan MF d=20 r=2 factors=5 kappa=1e+02 input_mult=10,20,2,100.0,5,10,2.0,64,1024,0.0013020411611490061,0.9997439931542313,1.0325585801384365,3.641977726794899,0.5768591192024838,0.5162792900692182,0.030517162168655868,0.1649256557163006,0.09712427674715776,0.015258581084327934,1.1988813098962885,3.2807882543821822,3.022939370381683,1.0,1.1988813098962885,3.022939370381683,0.24857446457243604
MatrixFactorizationInput,scan MF d=20 r=10 factors=2 kappa=1e+02 input_mult=10,20,10,100.0,2,10,2.0,64,1024,0.0019820284148065795,0.9996620720133208,3.3916707950834115,8.068569401736012,0.5720670125825683,0.3391670795083412,0.23305321620815242,0.2158729946933641,0.04787419473213091,0.023305321620815254,0.28225097189811627,3.5371180457636253,3.0234982168622166,1.0,0.28225097189811627,3.0234982168622166,0.24853993865563692
MatrixFactorizationInput,scan MF d=60 r=2 factors=10 kappa=1e+02 input_mult=2,60,2,100.0,10,2,2.0,64,1024,0.00011967077813746203,1.000388261049578,1.0747059407195794,3.6107976756134215,0.6057678735955176,0.5373529703597897,0.05434279589724144,0.10404439556824595,0.04517359777056908,0.02717139794862072,1.3117237292699315,3.253455462645631,3.0246776788438026,1.0,1.3117237292699315,3.0246776788438026,0.2484671021623965
MatrixFactorizationInput,scan MF d=60 r=10 factors=10 kappa=1e+02 input_mult=10,60,10,100.0,10,10,2.0,64,1024,0.00022670182376914962,0.9999945736829688,3.373250748547292,8.43141285241771,0.5714416199294186,0.3373250748547292,0.47108892911866873,0.5174655120656643,0.04857215309288007,0.04710889291186694,0.2731173685853715,3.541059554458672,3.0256621933100813,1.0,0.2731173685853715,3.0256621933100813,0.24840633713922103
SmallMLPDigits,scan MLP hidden=64 samples=128,64,10,1.0,10,10,2.0,64,128,2.3026759479250454,0.9348958333333334,7.72141594218743,1.3548371499586862,5.6769045840590815,0.4019005369999269,0.11952941004828459,0.024472033040858387,0.15229521153105186,0.008234326313370814,3.025717415342978,4.524089542182432,0.19361880722545358,1.0,0.19361880722545358,3.025717415342978,0.24840292967130762
MatrixFactorizationInput,scan MF d=20 r=2 factors=10 kappa=1e+01 input_mult=10,20,2,10.0,10,10,2.0,64,1024,0.0013161613566283613,1.000130300837428,1.1136619695325698,2.6451925312822455,0.6365995243627353,0.5568309847662849,0.05761097806767901,0.08833899356477037,0.015095565554043266,0.028805489033839504,1.4163602240306137,3.236450203154159,3.027778302658926,1.0,1.4163602240306137,3.027778302658926,0.24827582971482143
MatrixFactorizationInput,scan MF d=40 r=2 factors=10 kappa=1e+02 input_mult=10,40,2,100.0,10,10,2.0,64,1024,0.00030663053777161734,1.0003348210776386,1.0157159070339763,3.9394101626619165,0.5572100193733712,0.5078579535169881,0.008896578665473737,0.12393548898787032,0.04051379813937648,0.004448289332736869,1.153608753459548,3.2909966995430318,3.0279585494125114,1.0,1.153608753459548,3.0279585494125114,0.24826471964212557
MatrixFactorizationInput,scan MF d=40 r=2 factors=10 kappa=1e+02 input_mult=2,40,2,100.0,10,2,2.0,64,1024,0.00031342542299808343,1.0003348210776386,1.0636650126956206,2.9493048883761617,0.5888865510535135,0.5318325063478103,0.09943291185977486,0.12497122408764903,0.0976148900222473,0.04971645592988743,1.2819702881900532,3.2631738935328674,3.0289412679884093,1.0,1.2819702881900532,3.0289412679884093,0.2482041641920695
MatrixFactorizationInput,scan MF d=60 r=2 factors=10 kappa=1e+01 input_mult=2,60,2,10.0,10,2,2.0,64,1024,0.0001210599668154374,1.0003403872733037,1.09568709850329,3.6107976756134215,0.6067756514999653,0.547843549251645,0.08532704292599418,0.10404439556824595,0.036802240388701384,0.04266352146299709,1.3675160453903934,3.2405290160626485,3.0344985033643894,1.0,1.3675160453903934,3.0344985033643894,0.24786228056996298
MatrixFactorizationInput,scan MF d=20 r=5 factors=2 kappa=1e+01 input_mult=10,20,5,10.0,2,10,2.0,64,1024,0.001874474457612633,0.9998252373950393,2.724305195307751,7.406747174222269,0.5799549002936916,0.5448610390615501,0.15719504171572268,0.2353807151024377,0.05657166740376675,0.03143900834314456,1.352635082908722,3.159042471868149,3.035573657497334,1.0,1.352635082908722,3.035573657497334,0.24779624531005368
MatrixFactorizationInput,scan MF d=40 r=5 factors=10 kappa=1e+02 input_mult=2,40,5,100.0,10,2,2.0,64,1024,0.00035505256619275106,1.0000301891243797,1.8367761877863982,4.334393040404833,0.5273596754859596,0.36735523755727967,0.121197653089305,0.17286560521849767,0.022418570633664613,0.02423953061786097,0.4057511067202838,3.534380510599622,3.035701252986239,1.0,0.4057511067202838,3.035701252986239,0.2477884108146123
MatrixFactorizationInput,scan MF d=60 r=5 factors=10 kappa=1e+02 input_mult=2,60,5,100.0,10,2,2.0,64,1024,0.00016521738022122828,0.9993985697650252,1.845335372377603,5.057059231202898,0.5238235735038482,0.3690670744755206,0.30666792827435607,0.0986541622908096,0.08124440523908069,0.06133358565487124,0.4146001857960355,3.5264121648787223,3.0365891292353746,1.0,0.4146001857960355,3.0365891292353746,0.24773390800599604
MatrixFactorizationInput,scan MF d=20 r=5 factors=10 kappa=1e+02 input_mult=2,20,5,100.0,10,2,2.0,64,1024,0.0017782325601571056,0.9997324569079084,1.6023677753074288,3.011230301928414,0.5966901538482207,0.3204735550614857,0.3743584832659208,0.2759520539357604,0.14745780062399083,0.07487169665318409,0.16956599748798568,3.6734605841926165,3.0388160971891187,1.0,0.16956599748798568,3.0388160971891187,0.24759730969081922
MatrixFactorizationInput,scan MF d=20 r=5 factors=5 kappa=1e+00 input_mult=10,20,5,1.0,5,10,2.0,64,1024,0.0065000590207342605,1.0001891624863204,3.3366868836403882,4.744026127351851,0.9302099076868577,0.6673373767280778,0.3008031958900426,0.25242017210586265,0.17306438631775764,0.06016063917800849,2.0208353629474956,3.094457170071924,3.040113165031289,1.0,2.0208353629474956,3.040113165031289,0.24751781921738705
MatrixFactorizationInput,scan MF d=40 r=2 factors=10 kappa=1e+01 input_mult=10,40,2,10.0,10,10,2.0,64,1024,0.0003097719529410004,1.0003104814638697,1.114900986500715,3.9394101626619165,0.6089724909486387,0.5574504932503574,0.074976735436572,0.12393548898787032,0.08055719694368946,0.037488367718286,1.4186228709399387,3.227901772042351,3.0436792123376835,1.0,1.4186228709399387,3.0436792123376835,0.24729953774495678
MatrixFactorizationInput,scan MF d=40 r=10 factors=5 kappa=1e+02 input_mult=10,40,10,100.0,5,10,2.0,64,1024,0.000491787249947145,1.0005586344112312,3.2266713011786012,8.629335311891346,0.565521806987753,0.32266713011786,0.19503843590239792,0.16096131129583682,0.022561896435423917,0.019503843590239763,0.20127366133444086,3.5852272459338814,3.0441635628275985,1.0,0.20127366133444086,3.0441635628275985,0.24726991983994334
MatrixFactorizationInput,scan MF d=40 r=2 factors=5 kappa=1e+02 input_mult=2,40,2,100.0,5,2,2.0,64,1024,0.00031295851753959804,0.9995727220034283,1.0456024799693309,4.173766118420034,0.5417671540646435,0.5228012399846654,0.011488351906766286,0.22699865804895863,0.036043706480193845,0.005744175953383143,1.2327865428806222,3.2673821130694183,3.0474934697097225,1.0,1.2327865428806222,3.0474934697097225,0.2470664887994786
MatrixFactorizationInput,scan MF d=20 r=5 factors=5 kappa=1e+02 input_mult=10,20,5,100.0,5,10,2.0,64,1024,0.0014324655711970096,1.0002477618285524,1.7880445646247207,4.744026127351851,0.5168142975253148,0.35760891292494407,0.16351824390572597,0.25242017210586265,0.060027403280105196,0.03270364878114522,0.3534300118174998,3.558249503760719,3.0485624301901155,1.0,0.3534300118174998,3.0485624301901155,0.24700125470290485
MatrixFactorizationInput,scan MF d=60 r=5 factors=2 kappa=1e+01 input_mult=10,60,5,10.0,2,10,2.0,64,1024,0.00020177253027853117,1.000197359403753,2.9068810554943414,19.65585500032034,0.4947981830768668,0.5813762110988683,0.14805813438256138,0.4046164185630847,0.05193875149091193,0.02961162687651227,1.5494195805430693,3.0488519924021853,3.126918781636355,1.0,1.5494195805430693,3.0488519924021853,0.24698358988585792
MatrixFactorizationInput,scan MF d=60 r=2 factors=10 kappa=1e+02 input_mult=10,60,2,100.0,10,10,2.0,64,1024,0.00013903195711523883,1.000388261049578,1.1172525446447839,5.144607099164419,0.6007798577061079,0.5586262723223919,0.11297071664369174,0.048867200647571093,0.03437910319136279,0.05648535832184587,1.42457211000065,3.2201565865247304,3.04956771888068,1.0,1.42457211000065,3.04956771888068,0.24693993764756816
MatrixFactorizationInput,scan MF d=40 r=5 factors=2 kappa=1e+01 input_mult=2,40,5,10.0,2,2,2.0,64,1024,0.00045589931163224497,1.0003069829695361,2.8034651959976205,8.636014879319506,0.5835281693084706,0.5606930391995241,0.3379079209775793,0.36734659229117145,0.10981320437130632,0.06758158419551592,1.4371757144805495,3.1323776457844312,3.050623557754653,1.0,1.4371757144805495,3.050623557754653,0.24687557007996105
MatrixFactorizationInput,scan MF d=40 r=5 factors=5 kappa=1e+02 input_mult=2,40,5,100.0,5,2,2.0,64,1024,0.0003553992631698769,1.0003661296871302,1.7767226730303063,5.216824527027735,0.5118518290916125,0.3553445346060613,0.1566593252995516,0.351828346222447,0.04637947244807283,0.03133186505991029,0.341136004072256,3.562082344354128,3.0530962514741127,1.0,0.341136004072256,3.0530962514741127,0.24672495740418196
MatrixFactorizationInput,scan MF d=40 r=10 factors=10 kappa=1e+02 input_mult=10,40,10,100.0,10,10,2.0,64,1024,0.000491007897323495,0.9998976818783637,3.0760935923429407,7.006179688787401,0.5577535848045768,0.30760935923429406,0.3769726549609786,0.3837550005516388,0.11996897574650457,0.0376972654960979,0.1338899929426495,3.6397944579141677,3.0658702971209206,1.0,0.1338899929426495,3.0658702971209206,0.24594980334422106
MatrixFactorizationInput,scan MF d=60 r=2 factors=5 kappa=1e+02 input_mult=10,60,2,100.0,5,10,2.0,64,1024,0.0001388272180099523,0.9998488973810132,1.0436149492479763,8.580535965634539,0.5068562425586565,0.5218074746239881,0.04055003622701558,0.15133730475368032,0.02192379476810908,0.02027501811350779,1.227150816376434,3.245650175132813,3.066482671320861,1.0,1.227150816376434,3.066482671320861,0.24591276560762607
MatrixFactorizationInput,scan MF d=40 r=10 factors=2 kappa=1e+02 input_mult=2,40,10,100.0,2,2,2.0,64,1024,0.0005398149106178032,0.9997330493480883,3.377188773053715,9.488229508412536,0.49415034594715324,0.3377188773053715,0.37201209164720916,0.5010690896893858,0.044775176796821095,0.037201209164720896,0.270945674196386,3.532283727456737,3.0684183459859393,1.0,0.270945674196386,3.0684183459859393,0.24579576507579143
MatrixFactorizationInput,scan MF d=40 r=5 factors=5 kappa=1e+00 input_mult=10,40,5,1.0,5,10,2.0,64,1024,0.001584229733191398,1.000061428429646,3.4973100019128993,7.472152173739688,0.8291493072287027,0.6994620003825799,0.493018101293023,0.019723152302458788,0.13594591194035188,0.09860362025860459,2.184990535219677,3.0684505924172742,3.163997460874188,1.0,2.184990535219677,3.0684505924172742,0.24579381690508592
MatrixFactorizationInput,scan MF d=60 r=5 factors=5 kappa=1e+00 input_mult=10,60,5,1.0,5,10,2.0,64,1024,0.0006823085119678031,0.9998189127429239,3.719934947809366,9.828043364827417,0.8795783250780524,0.7439869895618733,0.4425767494361052,0.07164869255339955,0.1356586052758975,0.08851534988722108,2.42422517033935,3.0704206358106174,3.251011300443251,1.0,2.42422517033935,3.0704206358106174,0.2456748551248566
MatrixFactorizationInput,scan MF d=40 r=5 factors=2 kappa=1e+00 input_mult=2,40,5,1.0,2,2,2.0,64,1024,0.001544117050927058,1.0001024450834983,3.784530004804056,8.636014879319506,0.7052572733662693,0.7569060009608112,0.22699755782698894,0.36734659229117145,0.12209994862088863,0.04539951156539777,2.4857386277685065,3.071047570205674,3.3703092932764744,1.0,2.4857386277685065,3.071047570205674,0.2456370216154165
MatrixFactorizationInput,scan MF d=60 r=2 factors=5 kappa=1e+02 input_mult=2,60,2,100.0,5,2,2.0,64,1024,0.00011951042577892193,0.9998488973810132,1.115783229176364,5.628275061545298,0.5601179252160952,0.557891614588182,0.15900055281892386,0.24064857536817097,0.08617413788579639,0.07950027640946193,1.4197345057985729,3.2167290776513733,3.071091916915782,1.0,1.4197345057985729,3.071091916915782,0.24563434587288563
MatrixFactorizationInput,scan MF d=60 r=5 factors=5 kappa=1e+00 input_mult=2,60,5,1.0,5,2,2.0,64,1024,0.0006771077604349858,0.9998189127429239,3.358802026796221,6.845891347247332,0.8044437349896459,0.6717604053592442,0.28592469807070914,0.18026666039123593,0.0851520605197499,0.0571849396141419,2.036562713054797,3.0727427801394276,3.1145854733231424,1.0,2.036562713054797,3.0727427801394276,0.24553477938171328
MatrixFactorizationInput,scan MF d=20 r=5 factors=2 kappa=1e+00 input_mult=10,20,5,1.0,2,10,2.0,64,1024,0.0064951733772656665,0.9998659081584941,3.734128028411416,7.406747174222269,0.7572087563607819,0.7468256056822833,0.062464451905306424,0.2353807151024377,0.03757483010978542,0.012492890381061203,2.433713959706966,3.075529686589924,3.317987720326453,1.0,2.433713959706966,3.075529686589924,0.24536687912994193
MatrixFactorizationInput,scan MF d=60 r=5 factors=2 kappa=1e+01 input_mult=2,60,5,10.0,2,2,2.0,64,1024,0.00021130913043634227,1.000197359403753,2.6678555730778037,12.241537380870248,0.48964535494394673,0.5335711146155607,0.04061380053805589,0.6129733784646259,0.013987182252970925,0.008122760107611203,1.2920114531561806,3.1469645573517817,3.075809383361058,1.0,1.2920114531561806,3.075809383361058,0.24535004116786352
MatrixFactorizationInput,scan MF d=40 r=10 factors=5 kappa=1e+02 input_mult=2,40,10,100.0,5,2,2.0,64,1024,0.0005407967298753806,1.0005586344112312,2.8306483980773933,6.052147103803069,0.5998696330431462,0.28306483980773933,0.259962409874238,0.3587662963779803,0.10584357804922201,0.02599624098742377,0.11296526792316927,3.7256002818810168,3.075832505699469,1.0,0.11296526792316927,3.075832505699469,0.245348649288616
MatrixFactorizationInput,scan MF d=60 r=5 factors=10 kappa=1e+00 input_mult=10,60,5,1.0,10,10,2.0,64,1024,0.0006820257779323896,0.9996166143890326,3.5400806557827837,6.7015958627715895,0.9067043438556627,0.7080161311565568,0.21592494000204582,0.0834651248439758,0.049129780005036795,0.04318498800040915,2.234736981684813,3.0790098907972405,3.14534406365908,1.0,2.234736981684813,3.0790098907972405,0.24515753253163858
MatrixFactorizationInput,scan MF d=20 r=5 factors=2 kappa=1e+00 input_mult=2,20,5,1.0,2,2,2.0,64,1024,0.006334278829278062,0.9998659081584941,3.4228033016672907,5.144313442383582,0.8349685121526815,0.6845606603334581,0.0909735230016689,0.2345082642465393,0.09368261861908163,0.018194704600333855,2.1061512168781484,3.0816792462840743,3.1267093687558516,1.0,2.1061512168781484,3.0816792462840743,0.244997203273724
MatrixFactorizationInput,scan MF d=40 r=5 factors=10 kappa=1e+00 input_mult=10,40,5,1.0,10,10,2.0,64,1024,0.0015840824018410117,1.0000914222144413,3.4514379234186507,5.517319851474784,0.8915582471028287,0.6902875846837301,0.2636504477545823,0.10910108961153402,0.03904870776965541,0.05273008955091655,2.139805873374388,3.083553046562937,3.1108993878645683,1.0,2.139805873374388,3.083553046562937,0.24488478258943752
MatrixFactorizationInput,scan MF d=60 r=2 factors=10 kappa=1e+01 input_mult=10,60,2,10.0,10,10,2.0,64,1024,0.00014043196669080086,1.0003403872733037,1.2027188746398199,5.144607099164419,0.6419524751789237,0.6013594373199099,0.12298775837015037,0.048867200647571093,0.05366963160555524,0.061493879185075186,1.6529980006163936,3.1827391151008038,3.083741090769231,1.0,1.6529980006163936,3.083741090769231,0.24487350636904254
MatrixFactorizationInput,scan MF d=20 r=5 factors=2 kappa=1e+02 input_mult=10,20,5,100.0,2,10,2.0,64,1024,0.0014314193484841655,0.999915179719967,1.9014525987436048,7.406747174222269,0.4274231071833598,0.38029051974872097,0.07551902996373815,0.2353807151024377,0.03397925996711832,0.015103805992747625,0.4747281263141332,3.483274969838689,3.084073892833087,1.0,0.4747281263141332,3.084073892833087,0.24485355217368715
MatrixFactorizationInput,scan MF d=60 r=2 factors=5 kappa=1e+01 input_mult=2,60,2,10.0,5,2,2.0,64,1024,0.00012089252094480839,0.9998176728478217,1.1306619512474139,5.628275061545298,0.5501313704355438,0.5653309756237069,0.1198389775787991,0.24064857536817097,0.08548224288678384,0.05991948878939955,1.459158387137104,3.2082582815484297,3.085114240041119,1.0,1.459158387137104,3.085114240041119,0.24479119584913606
MatrixFactorizationInput,scan MF d=20 r=2 factors=5 kappa=1e+01 input_mult=10,20,2,10.0,5,10,2.0,64,1024,0.0013148111420079888,0.9997495681152815,1.2420313960435436,3.641977726794899,0.6967012482047991,0.6210156980217718,0.1487198414007153,0.1649256557163006,0.14328084860935844,0.07435992070035766,1.759481014398727,3.180574809228828,3.085858142134098,1.0,1.759481014398727,3.085858142134098,0.2447466273211548
MatrixFactorizationInput,scan MF d=40 r=5 factors=2 kappa=1e+02 input_mult=2,40,5,100.0,2,2,2.0,64,1024,0.0003553586409047965,1.0004505345417865,1.9078116795215694,8.636014879319506,0.4210326499875212,0.3815623359043139,0.21867062151343028,0.36734659229117145,0.07585296979913608,0.043734124302686014,0.48200034174980655,3.474163952923679,3.087121480074292,1.0,0.48200034174980655,3.087121480074292,0.2446709756182297
MatrixFactorizationInput,scan MF d=40 r=2 factors=5 kappa=1e+02 input_mult=10,40,2,100.0,5,10,2.0,64,1024,0.0003062063410025469,0.9995727220034283,1.1838944963561795,6.190144542157108,0.6092306129236315,0.5919472481780897,0.23803920422966962,0.08641700457238537,0.10535129212187767,0.11901960211483481,1.6019941316233512,3.1831498406983023,3.0876564782040385,1.0,1.6019941316233512,3.0876564782040385,0.24463895274276132
MatrixFactorizationInput,scan MF d=60 r=2 factors=2 kappa=1e+01 input_mult=10,60,2,10.0,2,10,2.0,64,1024,0.00014050288775097473,1.0005912965904804,1.250551569496107,18.957820159210364,0.40343299358454393,0.6252757847480535,0.18640249182058255,0.47477882028765656,0.1407159997500157,0.09320124591029127,1.7808566627434297,3.0883317383383875,3.251896798133795,1.0,1.7808566627434297,3.0883317383383875,0.24459854630251407
MatrixFactorizationInput,scan MF d=40 r=5 factors=2 kappa=1e+01 input_mult=10,40,5,10.0,2,10,2.0,64,1024,0.0004724534684578611,1.0003069829695361,2.856479696694761,13.848638692565798,0.4918513610149591,0.5712959393389523,0.05850903503286991,0.027284965927092498,0.03980561951021459,0.011701807006574031,1.49352434151545,3.089363748146748,3.1143388864364003,1.0,1.49352434151545,3.089363748146748,0.2445368183383511
MatrixFactorizationInput,scan MF d=60 r=10 factors=2 kappa=1e+02 input_mult=2,60,10,100.0,2,2,2.0,64,1024,0.00022906831474321784,1.0001257580819904,3.5449395857061687,13.332387206944665,0.42742437705601927,0.3544939585706169,0.32551989397754244,0.5972670290119211,0.027490934119760228,0.03255198939775427,0.36147439406554627,3.4622922641672256,3.091700873305719,1.0,0.36147439406554627,3.091700873305719,0.24439714215767971
MatrixFactorizationInput,scan MF d=60 r=10 factors=5 kappa=1e+02 input_mult=2,60,10,100.0,5,2,2.0,64,1024,0.00022929721297524266,1.0008975864065832,3.0210987371623994,8.096621048575551,0.5214824912892686,0.30210987371624,0.28223596868915596,0.4347708874888001,0.04771479437834017,0.0282235968689156,0.10943167733636212,3.651394271046123,3.092832338334144,1.0,0.10943167733636212,3.092832338334144,0.24432957847645864
MatrixFactorizationInput,scan MF d=60 r=2 factors=5 kappa=1e+01 input_mult=10,60,2,10.0,5,10,2.0,64,1024,0.00014022746902837794,0.9998176728478217,1.1396743547480452,8.580535965634539,0.544329510521715,0.5698371773740226,0.02076090240653374,0.15133730475368032,0.02332654611173876,0.01038045120326687,1.4831635487436945,3.1885342662209135,3.093989103553653,1.0,1.4831635487436945,3.093989103553653,0.24426054264091293
MatrixFactorizationInput,scan MF d=40 r=5 factors=10 kappa=1e+00 input_mult=2,40,5,1.0,10,2,2.0,64,1024,0.001543724371026142,1.0000914222144413,3.5196484861876876,4.334393040404833,0.9870657459193554,0.7039296972375374,0.10403584222248792,0.17286560521849767,0.007945404325779878,0.020807168444497617,2.2185391967250325,3.097830840578646,3.0949939683019188,1.0,2.2185391967250325,3.0949939683019188,0.24420060389360534
MatrixFactorizationInput,scan MF d=40 r=2 factors=5 kappa=1e+01 input_mult=2,40,2,10.0,5,2,2.0,64,1024,0.00031614809065507935,0.9996363663536082,1.2031022488728935,4.173766118420034,0.6208740873148589,0.6015511244364468,0.05700839445764404,0.22699865804895863,0.05291729099632944,0.02850419722882202,1.653446527554405,3.1864750320071775,3.0953221734043463,1.0,1.653446527554405,3.0953221734043463,0.2441810333004212
MatrixFactorizationInput,scan MF d=40 r=5 factors=10 kappa=1e+02 input_mult=10,40,5,100.0,10,10,2.0,64,1024,0.0003648047515009562,1.0000301891243797,1.7000340225588368,5.517319851474784,0.4509396654680506,0.3400068045117674,0.23435205377275245,0.10910108961153402,0.05072956355331403,0.046870410754550534,0.2593999434246174,3.601314655077169,3.099918261604965,1.0,0.2593999434246174,3.099918261604965,0.2439073016076514
MatrixFactorizationInput,scan MF d=40 r=5 factors=5 kappa=1e+00 input_mult=2,40,5,1.0,5,2,2.0,64,1024,0.001544639559321663,1.000061428429646,3.6661822490419858,5.216824527027735,1.0138062198954778,0.7332364498083971,0.2003045077630186,0.351828346222447,0.02200661204074379,0.040060901552603743,2.3754752127748247,3.1015770982065316,3.156471343301642,1.0,2.3754752127748247,3.1015770982065316,0.24380865605019666
MatrixFactorizationInput,scan MF d=60 r=5 factors=10 kappa=1e+00 input_mult=2,60,5,1.0,10,2,2.0,64,1024,0.0006768145190770195,0.9996166143890326,3.6708890389314903,5.057059231202898,1.0140681579647788,0.734177807786298,0.030128655477245716,0.0986541622908096,0.03563615594458651,0.006025731095449167,2.380477814668096,3.1027551433856986,3.1588348208148935,1.0,2.380477814668096,3.1027551433856986,0.24373865001721123
MatrixFactorizationInput,scan MF d=60 r=10 factors=5 kappa=1e+02 input_mult=10,60,10,100.0,5,10,2.0,64,1024,0.00022707852507183177,1.0008975864065832,3.1712660240941624,11.71042004567874,0.45606847983238247,0.31712660240941626,0.2597687278525774,0.0953422372354002,0.059647368373165956,0.025976872785257708,0.17374095882966062,3.5853262132519412,3.111350350201825,1.0,0.17374095882966062,3.111350350201825,0.2432290889417659
MatrixFactorizationInput,scan MF d=40 r=10 factors=2 kappa=1e+02 input_mult=10,40,10,100.0,2,10,2.0,64,1024,0.0004909769303390101,0.9997330493480883,3.4040293842949993,14.717016353507839,0.3970030624251209,0.3404029384295,0.0984620550464711,0.1470167325920391,0.0276413862547502,0.009846205504647088,0.2942535793840695,3.4978163210899678,3.1209816070892096,1.0,0.2942535793840695,3.1209816070892096,0.24266063169991536
MatrixFactorizationInput,scan MF d=60 r=10 factors=2 kappa=1e+02 input_mult=10,60,10,100.0,2,10,2.0,64,1024,0.00022674339734109675,1.0001257580819904,3.605188084849815,20.83808419665695,0.3705813348313021,0.3605188084849815,0.27153510588269447,0.6533730411669161,0.05373800519012983,0.02715351058826948,0.40740214490296267,3.4090553442829887,3.120987730667348,1.0,0.40740214490296267,3.120987730667348,0.24266027111856048
MatrixFactorizationInput,scan MF d=20 r=5 factors=2 kappa=1e+02 input_mult=2,20,5,100.0,2,2,2.0,64,1024,0.0017791264069472422,0.999915179719967,1.6640686204087374,5.144313442383582,0.42187327385158024,0.3328137240817475,0.1502853933679954,0.2345082642465393,0.05999524029979582,0.030057078673599098,0.2230757918089296,3.6225975542507856,3.122746662866944,1.0,0.2230757918089296,3.122746662866944,0.24255674233075564
MatrixFactorizationInput,scan MF d=60 r=5 factors=2 kappa=1e+02 input_mult=10,60,5,100.0,2,10,2.0,64,1024,0.00015471884435005077,1.0002757151399466,1.9425386096305548,19.65585500032034,0.35168746587907124,0.3885077219261109,0.16397209579690364,0.4046164185630847,0.059757506380552806,0.03279441915938073,0.5320587792288831,3.4043982356725806,3.1250471242391153,1.0,0.5320587792288831,3.1250471242391153,0.24242147298728248
MatrixFactorizationInput,scan MF d=60 r=5 factors=10 kappa=1e+02 input_mult=10,60,5,100.0,10,10,2.0,64,1024,0.0001543667523225494,0.9993985697650252,1.6279054344761963,6.7015958627715895,0.425838887967709,0.3255810868952393,0.28597667526072557,0.0834651248439758,0.07544022385218492,0.057195335052145135,0.1845647813141622,3.636600719043375,3.127886235023518,1.0,0.1845647813141622,3.127886235023518,0.24225473839743614
MatrixFactorizationInput,scan MF d=60 r=5 factors=5 kappa=1e+02 input_mult=10,60,5,100.0,5,10,2.0,64,1024,0.00015468296529562206,1.0003628906527753,1.666428284528875,9.828043364827417,0.41146164564952564,0.33328565690577494,0.08408152853240906,0.07164869255339955,0.03477566812408826,0.016816305706481877,0.22803545524456653,3.600181905645274,3.1285575024909873,1.0,0.22803545524456653,3.1285575024909873,0.24221534988834348
MatrixFactorizationInput,scan MF d=60 r=2 factors=2 kappa=1e+01 input_mult=2,60,2,10.0,2,2,2.0,64,1024,0.00012109358418503292,1.0005912965904804,1.2257535858070208,11.5676651129101,0.4172485638733421,0.6128767929035104,0.10117166117928983,0.5200986207354015,0.08395540123590498,0.050585830589644915,1.7126306461673746,3.1331848704954055,3.2229907642430122,1.0,1.7126306461673746,3.1331848704954055,0.24194417412549454
MatrixFactorizationInput,scan MF d=20 r=2 factors=2 kappa=1e+02 input_mult=2,20,2,100.0,2,2,2.0,64,1024,0.0013977465018829016,1.0006828748725034,1.0132350299677386,4.705289392758643,0.3666861710429797,0.5066175149838693,0.004427067117054993,0.16816254234136374,0.021364385057476728,0.0022135335585274966,1.1479522793878516,3.2829939378546027,3.133423416216819,1.0,1.1479522793878516,3.133423416216819,0.24193021118442926
MatrixFactorizationInput,scan MF d=40 r=5 factors=2 kappa=1e+02 input_mult=10,40,5,100.0,2,10,2.0,64,1024,0.00036508470669453617,1.0004505345417865,1.8743283945739586,13.848638692565798,0.3341878611680429,0.3748656789147917,0.0914036789899458,0.027284965927092498,0.011731946944718302,0.01828073579798917,0.4559954222364624,3.4658834859487055,3.1403817216181507,1.0,0.4559954222364624,3.1403817216181507,0.2415236244471629
MatrixFactorizationInput,scan MF d=60 r=2 factors=10 kappa=1e+00 input_mult=2,60,2,1.0,10,2,2.0,64,1024,0.00026042243721196233,0.9999492854707123,1.3010054521113672,3.6107976756134215,0.6916858189991238,0.6505027260556836,0.11054521882337447,0.10404439556824595,0.06228405758641704,0.05527260941168723,1.9159709058396857,3.1677067473986997,3.1419164489240035,1.0,1.9159709058396857,3.1419164489240035,0.24143413135718422
MatrixFactorizationInput,scan MF d=20 r=2 factors=2 kappa=1e+02 input_mult=10,20,2,100.0,2,10,2.0,64,1024,0.0013046824059774918,1.0006828748725034,1.0176399796984719,6.913722584735845,0.35177739842674766,0.5088199898492359,0.008369456527026668,0.37315441505457786,0.03873885085725257,0.004184728263513334,1.1601251254603333,3.268423351891235,3.143316793766434,1.0,1.1601251254603333,3.143316793766434,0.24135253222840378
MatrixFactorizationInput,scan MF d=40 r=2 factors=5 kappa=1e+01 input_mult=10,40,2,10.0,5,10,2.0,64,1024,0.00030939600908134167,0.9996363663536082,1.314130205900411,6.190144542157108,0.6727753191237372,0.6570651029502055,0.16310757908244206,0.08641700457238537,0.0732951612071275,0.08155378954122103,1.9501342146263048,3.151656533357917,3.164751043782491,1.0,1.9501342146263048,3.151656533357917,0.240867709543204
MatrixFactorizationInput,scan MF d=60 r=2 factors=2 kappa=1e+02 input_mult=2,60,2,100.0,2,2,2.0,64,1024,0.0001197001369241615,1.000593345066454,1.0759422836999801,11.5676651129101,0.3775707158765191,0.5379711418499901,0.07119602410245585,0.5200986207354015,0.06000687434088984,0.03559801205122792,1.314882766309748,3.205016184225694,3.152319968756224,1.0,1.314882766309748,3.152319968756224,0.24082922499335657
MatrixFactorizationInput,scan MF d=40 r=2 factors=10 kappa=1e+01 input_mult=2,40,2,10.0,10,2,2.0,64,1024,0.00031657982886330155,1.0003104814638697,1.3440385156499268,2.9493048883761617,0.7540697404795528,0.6720192578249634,0.40164010368416014,0.12497122408764903,0.2815606689618259,0.20082005184208007,2.0327806394529784,3.170432181968848,3.1530196658387517,1.0,2.0327806394529784,3.1530196658387517,0.24078865029839394
MatrixFactorizationInput,scan MF d=40 r=2 factors=2 kappa=1e+01 input_mult=10,40,2,10.0,2,10,2.0,64,1024,0.0003100249919251395,1.00064558233753,1.1498707427500638,13.066360717111053,0.3586274123767856,0.5749353713750319,0.028181581112746806,0.08225012794281264,0.013034868232553325,0.014090790556373403,1.5122112118222713,3.1550254961725357,3.2024562414607196,1.0,1.5122112118222713,3.1550254961725357,0.2406724100540815
MatrixFactorizationInput,scan MF d=40 r=5 factors=5 kappa=1e+02 input_mult=10,40,5,100.0,5,10,2.0,64,1024,0.00036510741110885045,1.0003661296871302,1.5811440141139181,7.472152173739688,0.3912481614513194,0.3162288028227836,0.14738574069275628,0.019723152302458788,0.03470517739777637,0.02947714813855123,0.1417586710840769,3.659758473615846,3.1570352387277905,1.0,0.1417586710840769,3.1570352387277905,0.24055605559553492
MatrixFactorizationInput,scan MF d=40 r=2 factors=2 kappa=1e+02 input_mult=10,40,2,100.0,2,10,2.0,64,1024,0.0003068812937607412,1.0006653641188372,1.0199982949444544,13.066360717111053,0.3293856079301634,0.5099991474722272,0.010499673991690538,0.08225012794281264,0.012834872083252997,0.005249836995845269,1.1683575411113873,3.2360806484647995,3.1574815669979657,1.0,1.1683575411113873,3.1574815669979657,0.24053023059392178
MatrixFactorizationInput,scan MF d=60 r=2 factors=5 kappa=1e+00 input_mult=10,60,2,1.0,5,10,2.0,64,1024,0.0002818265472181286,0.9997426779798734,1.5098334121790786,8.580535965634539,0.6725475407340133,0.7549167060895393,0.36577729940285514,0.15133730475368032,0.20331047167414337,0.18288864970142757,2.4706920253657207,3.1587593985617373,3.39291637498343,1.0,2.4706920253657207,3.1587593985617373,0.2404563246303307
MatrixFactorizationInput,scan MF d=60 r=5 factors=2 kappa=1e+02 input_mult=2,60,5,100.0,2,2,2.0,64,1024,0.00016564798577554506,1.0002757151399466,1.7439269166770586,12.241537380870248,0.33146286604059005,0.34878538333541176,0.04303310655757103,0.6129733784646259,0.033513669903384245,0.008606621311514219,0.3203225184537952,3.5438873751717623,3.1596992036740947,1.0,0.3203225184537952,3.1596992036740947,0.24040199808600113
MatrixFactorizationInput,scan MF d=40 r=2 factors=2 kappa=1e+02 input_mult=2,40,2,100.0,2,2,2.0,64,1024,0.0003134967845214668,1.0006653641188372,1.0304398282965868,8.124617068455821,0.32755246768021257,0.5152199141482934,0.02399017183364064,0.35668488680625965,0.015582774182828893,0.01199508591682032,1.1951180757520623,3.25238907386923,3.1612686499915243,1.0,1.1951180757520623,3.1612686499915243,0.24031132909480304
MatrixFactorizationInput,scan MF d=20 r=2 factors=2 kappa=1e+01 input_mult=2,20,2,10.0,2,2,2.0,64,1024,0.0014109579955099375,1.0006999770106146,1.1170063775555261,4.705289392758643,0.39224199955062994,0.5585031887777631,0.039890501745439726,0.16816254234136374,0.011220463457999224,0.019945250872719863,1.42319688018062,3.2149389530021217,3.1639543664836136,1.0,1.42319688018062,3.1639543664836136,0.24015633025404226
MatrixFactorizationInput,scan MF d=60 r=5 factors=5 kappa=1e+02 input_mult=2,60,5,100.0,5,2,2.0,64,1024,0.00016547088779325373,1.0003628906527753,1.5427091122267278,6.845891347247332,0.3904982181440669,0.30854182244534556,0.1611904999641611,0.18026666039123593,0.04494024229706899,0.03223809999283219,0.1045312584432888,3.68534917260832,3.1661264846151664,1.0,0.1045312584432888,3.1661264846151664,0.24003111852048634
SmallMLPDigits,scan MLP hidden=128 samples=128,64,10,1.0,10,10,2.0,128,128,2.3021959085475316,0.9270833333333334,8.03015686566483,1.35234258391067,5.907841313185401,0.4129679016326045,0.1987121160803562,0.030054424640953176,0.16771869425138414,0.00781183936408369,3.166921392188746,4.590584811713055,0.13256044725815183,1.0,0.13256044725815183,3.166921392188746,0.2399853287068449
MatrixFactorizationInput,scan MF d=40 r=2 factors=2 kappa=1e+01 input_mult=2,40,2,10.0,2,2,2.0,64,1024,0.0003166769616831172,1.00064558233753,1.1761149495543837,8.124617068455821,0.3657177770893678,0.5880574747771918,0.04527795820227783,0.35668488680625965,0.021875011767529467,0.022638979101138917,1.5810417305869804,3.167913457473544,3.214591975219915,1.0,1.5810417305869804,3.167913457473544,0.23992820633232823
MatrixFactorizationInput,scan MF d=60 r=2 factors=2 kappa=1e+02 input_mult=10,60,2,100.0,2,10,2.0,64,1024,0.00013909179657339325,1.000593345066454,1.0332686515930884,18.957820159210364,0.32031603529341046,0.5166343257965442,0.015583688189015977,0.47477882028765656,0.03728630059545358,0.007791844094507988,1.2065449570536617,3.1973801550062744,3.168552073788759,1.0,1.2065449570536617,3.168552073788759,0.2398914496685438
MatrixFactorizationInput,scan MF d=20 r=2 factors=2 kappa=1e+01 input_mult=10,20,2,10.0,2,10,2.0,64,1024,0.0013174880926521734,1.0006999770106146,1.1405143995036726,6.913722584735845,0.38171843650743426,0.5702571997518363,0.07249240098153394,0.37315441505457786,0.030766929558496692,0.03624620049076697,1.4859249653262132,3.191082244404938,3.1832847360912244,1.0,1.4859249653262132,3.1832847360912244,0.23904660167463992
MatrixFactorizationInput,scan MF d=60 r=2 factors=5 kappa=1e+00 input_mult=2,60,2,1.0,5,2,2.0,64,1024,0.0002601840562204446,0.9997426779798734,1.5365975504004945,5.628275061545298,0.7150415897287612,0.7682987752002473,0.2964225565333266,0.24064857536817097,0.20257871086379814,0.1482112782666633,2.542980383591081,3.185399523530323,3.4083659196362857,1.0,2.542980383591081,3.185399523530323,0.2389258168492633
SmallMLPDigits,scan MLP hidden=64 samples=512,64,10,1.0,10,10,2.0,64,512,2.3026630143626767,0.927734375,8.102660720757513,1.3623887256385911,5.933601925908121,0.4288995809825646,0.13824447650317323,0.02484781254374051,0.21605373622430069,0.012549409036697006,3.1999418642108517,4.574262426961457,0.08033325958166139,1.0,0.08033325958166139,3.1999418642108517,0.238098533820514
MatrixFactorizationInput,scan MF d=20 r=2 factors=10 kappa=1e+00 input_mult=10,20,2,1.0,10,10,2.0,64,1024,0.002589611386029882,1.000062992715068,1.541013409804525,2.6451925312822455,0.863688697289888,0.7705067049022625,0.38777285750229706,0.08833899356477037,0.22721672979326593,0.19388642875114853,2.5606147824656853,3.2119956431647574,3.3434063271161856,1.0,2.5606147824656853,3.2119956431647574,0.23741714966462607
MatrixFactorizationInput,scan MF d=40 r=2 factors=10 kappa=1e+00 input_mult=2,40,2,1.0,10,2,2.0,64,1024,0.0006323262628538974,1.0000504352664805,1.5540962828690248,2.9493048883761617,0.8316609983179134,0.7770481414345124,0.13139923698580167,0.12497122408764903,0.11472737815364271,0.06569961849290083,2.5938532167598023,3.213346839321064,3.377207867251021,1.0,2.5938532167598023,3.213346839321064,0.23734101134696506
SmallMLPDigits,scan MLP hidden=64 samples=1024,64,10,1.0,10,10,2.0,64,1024,2.3026477744821836,0.919921875,8.203266518539927,1.36676567228247,5.987772230943111,0.4337143473174702,0.16010400882722178,0.02937388325111466,0.22633253865370062,0.009807888815708021,3.236214758153245,4.586799023399537,0.10389432911938123,1.0,0.10389432911938123,3.236214758153245,0.2360597979777457
MatrixSensing,scan MS d=60 r=2 kappa=1e+00 measurement_mult=0.5,60,2,1.0,10,10,0.5,64,1024,0.01790691605228952,1.0899769653156548,43.21774707161018,47.206211117882596,0.9156161805135897,0.7202957845268362,0.2761123996419533,0.5021909546501321,0.015249456886191637,0.00460187332736586,3.3308028861117784,1.958715953753508,3.761834973368247,1.0,1.958715953753508,3.3308028861117784,0.2309040670511343
MatrixSensing,scan MS d=60 r=2 kappa=1e+02 measurement_mult=1,60,2,100.0,10,10,1.0,64,1024,0.011905215975586372,1.1755458729472341,42.967561532328205,86.53277500785161,0.49654828579523747,0.7161260255388034,0.20989793614413926,0.4832234186550164,0.0007691597363214972,0.003498298935735666,3.3351429551277643,1.630780065387828,3.9597981794836192,1.0,1.630780065387828,3.3351429551277643,0.23067290060577209
MatrixSensing,scan MS d=60 r=2 kappa=1e+01 measurement_mult=0.5,60,2,10.0,10,10,0.5,64,1024,0.012369646776297899,1.1737307885093038,43.26313888295374,47.206211117882596,0.9165428812841935,0.7210523147158957,0.20740911508631776,0.5021909546501321,0.01102117263669789,0.0034568185847720185,3.335473358727821,1.9595431801131045,3.7644667003795154,1.0,1.9595431801131045,3.335473358727821,0.23065532117430307
MatrixSensing,scan MS d=60 r=2 kappa=1e+02 measurement_mult=0.5,60,2,100.0,10,10,0.5,64,1024,0.012398290545634611,1.1755458729472341,43.26711667157037,47.206211117882596,0.9166258219922495,0.7211186111928395,0.18620900771624507,0.5021909546501321,0.010677926893661724,0.0031034834619374447,3.3358827365940855,1.9596164437359767,3.76469680872257,1.0,1.9596164437359767,3.3358827365940855,0.23063354355969465
MatrixSensing,scan MS d=60 r=2 kappa=1e+01 measurement_mult=1,60,2,10.0,10,10,1.0,64,1024,0.011941899652080501,1.1737307885093038,42.97640294751597,86.53277500785161,0.49664950460690377,0.7162733824585995,0.2541455268652873,0.4832234186550164,0.0013808377523379003,0.004235758781088023,3.336036639847913,1.6309367803803665,3.9603066284937567,1.0,1.6309367803803665,3.336036639847913,0.2306253574543307
MatrixSensing,scan MS d=60 r=5 kappa=1e+01 measurement_mult=0.5,60,5,10.0,10,10,0.5,64,1024,0.014123307454194755,1.1203409718886355,42.840740751334486,104.68468490644791,0.4092319585408834,0.7140123458555747,0.5475120714140109,0.2775202235273313,0.0046065712464795254,0.00912520119023354,3.348958685979332,1.4919199097597338,4.012896703024451,1.0,1.4919199097597338,3.348958685979332,0.2299401011152196
MatrixSensing,scan MS d=60 r=5 kappa=1e+02 measurement_mult=0.5,60,5,100.0,10,10,0.5,64,1024,0.011770828408570693,1.1573230194922461,42.881525992786216,104.68468490644791,0.40961832217264105,0.7146920998797704,0.7581511213411015,0.2775202235273313,0.006502919127327065,0.012635852022351698,3.353043859378246,1.4926625853461983,4.015229584968556,1.0,1.4926625853461983,3.353043859378246,0.22972431069022858
MatrixSensing,scan MS d=60 r=2 kappa=1e+00 measurement_mult=1,60,2,1.0,10,10,1.0,64,1024,0.018740667187531302,1.0899769653156548,43.16477632818652,86.53277500785161,0.4988414956396265,0.7194129388031086,0.2773159770639603,0.4832234186550164,0.005101668575717512,0.004621932951065979,3.3550828342415233,1.6344020434570088,3.9711612561168663,1.0,1.6344020434570088,3.3550828342415233,0.22961675771986986
MatrixSensing,scan MS d=60 r=5 kappa=1e+00 measurement_mult=0.5,60,5,1.0,10,10,0.5,64,1024,0.042177602880023424,1.0365272077230683,42.912585370153074,104.68468490644791,0.40992680225283795,0.715209756169218,0.22309731296627447,0.2775202235273313,0.002983728254093373,0.003718288549437935,3.356155149350336,1.4932371211009536,4.017002202404451,1.0,1.4932371211009536,3.356155149350336,0.22956023505019948
MatrixSensing,scan MS d=60 r=2 kappa=1e+02 measurement_mult=2,60,2,100.0,10,10,2.0,64,1024,0.011271076578496379,1.1755458729472341,42.32588757310407,153.21857409856722,0.2762688105273785,0.7054314595517345,0.3712652942389158,1.2144326291121614,0.004545843011555356,0.006187754903981953,3.3957228012964356,1.1252454571689618,4.122049196721982,1.0,1.1252454571689618,3.3957228012964356,0.22749387193047496
MatrixSensing,scan MS d=60 r=2 kappa=1e+01 measurement_mult=2,60,2,10.0,10,10,2.0,64,1024,0.011330927771036474,1.1737307885093038,42.328086494862056,153.21857409856722,0.27628392193008194,0.7054681082477009,0.3973886023617081,1.2144326291121614,0.0047065881088426305,0.006623143372695231,3.3959361316215304,1.1252858810924184,4.1221707454121885,1.0,1.1252858810924184,3.3959361316215304,0.22748283188343996
MatrixSensing,scan MS d=60 r=2 kappa=1e+00 measurement_mult=2,60,2,1.0,10,10,2.0,64,1024,0.019034275706156956,1.0899769653156548,42.83612586495493,153.21857409856722,0.2795957823061531,0.7139354310825822,0.47255168048497687,1.2144326291121614,0.00467947685759655,0.007875861341416256,3.445293819377284,1.1358556162788822,4.150583847130533,1.0,1.1358556162788822,3.445293819377284,0.22495700861008203
MatrixSensing,scan MS d=60 r=5 kappa=1e+02 measurement_mult=1,60,5,100.0,10,10,1.0,64,1024,0.011558609143385157,1.1573230194922461,42.46325462669085,181.513366436444,0.23397046829633697,0.7077209104448473,0.29926307525348134,3.0145311269294037,0.0029738693233703384,0.004987717920891405,3.481738889507042,0.9227212219725092,4.209214062236778,1.0,0.9227212219725092,3.481738889507042,0.2231276798256296
MatrixSensing,scan MS d=60 r=10 kappa=1e+01 measurement_mult=0.5,60,10,10.0,10,10,0.5,64,1024,0.02406502556014622,1.0707872024634044,42.6017390646421,181.513366436444,0.2347143349557896,0.7100289844107017,0.5398684626611466,3.0145311269294037,0.0012383495140284803,0.008997807711019108,3.4949099523404596,0.9261426370156042,4.216864483227293,1.0,0.9261426370156042,3.4949099523404596,0.2224738672416138
MatrixSensing,scan MS d=60 r=10 kappa=1e+02 measurement_mult=0.5,60,10,100.0,10,10,0.5,64,1024,0.01654734379679415,1.1077041850384122,42.60756273510299,181.513366436444,0.23474536373739333,0.7101260455850498,0.6563682547991787,3.0145311269294037,0.002221494620581672,0.010939470913319657,3.4954640949144045,0.9262912997259187,4.2171871220313,1.0,0.9262912997259187,3.4954640949144045,0.22244644354545567
MatrixSensing,scan MS d=60 r=5 kappa=1e+01 measurement_mult=1,60,5,10.0,10,10,1.0,64,1024,0.014405456822629911,1.1203409718886355,42.60815885023701,181.513366436444,0.23477534576548398,0.7101359808372836,0.1083565240716279,3.0145311269294037,0.0033372090163322,0.0018059420678604766,3.4955202120528766,0.9263074805972001,4.217208769071656,1.0,0.9263074805972001,3.4955202120528766,0.22244366676828944
MatrixSensing,scan MS d=60 r=10 kappa=1e+00 measurement_mult=0.5,60,10,1.0,10,10,0.5,64,1024,0.08888859726955319,1.0197137390217996,42.6179502444261,181.513366436444,0.23479885488128582,0.710299170740435,0.6021290241410139,3.0145311269294037,0.000587616744202989,0.010035483735683628,3.4964525956121033,0.9265573558563216,4.217763552222852,1.0,0.9265573558563216,3.4964525956121033,0.2223975408916481
MatrixSensing,scan MS d=60 r=5 kappa=1e+00 measurement_mult=1,60,5,1.0,10,10,1.0,64,1024,0.04439814732815448,1.0365272077230683,42.83874890407953,181.513366436444,0.2360482238234354,0.7139791484013255,0.10653653533073437,3.0145311269294037,0.00359024582070212,0.0017756089221789267,3.517477170611367,0.9325045114093438,4.230017523227172,1.0,0.9325045114093438,3.517477170611367,0.2213624911057749
MatrixSensing,scan MS d=60 r=5 kappa=1e+02 measurement_mult=2,60,5,100.0,10,10,2.0,64,1024,0.01248304780058511,1.1573230194922461,40.87293982365883,301.88707401659684,0.1354039321802095,0.6812156637276471,0.45596156202016574,2.2954200352675134,0.0025045638953815346,0.007599359367002882,3.7668987822271784,0.0407421699159537,4.524305831451568,1.0,0.0407421699159537,3.7668987822271784,0.20977999443335832
MatrixSensing,scan MS d=60 r=5 kappa=1e+01 measurement_mult=2,60,5,10.0,10,10,2.0,64,1024,0.01563032272836645,1.1203409718886355,41.04342123234977,301.88707401659684,0.13596950686741327,0.6840570205391628,0.5088502640624828,2.2954200352675134,0.0026821061214816135,0.008480837734374727,3.781094437604536,0.05828055113837583,4.5325408792119966,1.0,0.05828055113837583,3.781094437604536,0.20915713191832044
MatrixSensing,scan MS d=60 r=10 kappa=1e+02 measurement_mult=1,60,10,100.0,10,10,1.0,64,1024,0.015418190432390372,1.1077041850384122,41.55230175990863,301.88707401659684,0.13764784604909341,0.6925383626651439,0.34488504543490417,2.2954200352675134,0.0016347785893976816,0.0057480840905817345,3.823659572879569,0.11153899943920202,4.557461168681844,1.0,0.11153899943920202,3.823659572879569,0.2073114789489658
MatrixSensing,scan MS d=60 r=5 kappa=1e+00 measurement_mult=2,60,5,1.0,10,10,2.0,64,1024,0.0473697774109835,1.0365272077230683,41.58526095321172,301.88707401659684,0.13775724160295272,0.6930876825535287,0.3417040850742688,2.2954200352675134,0.0016613368653396717,0.0056950680845711255,3.8264261440690124,0.11500499408298401,4.55909210323255,1.0,0.11500499408298401,3.8264261440690124,0.20719264527208336
MatrixSensing,scan MS d=60 r=10 kappa=1e+01 measurement_mult=1,60,10,10.0,10,10,1.0,64,1024,0.02277084810198376,1.0707872024634044,41.750416095284415,301.88707401659684,0.13830329552960818,0.6958402682547403,0.4805939407232483,2.2954200352675134,0.0018911683964887129,0.008009899012054122,3.840306763415922,0.1323860257246227,4.567296619883489,1.0,0.1323860257246227,3.840306763415922,0.20659847585657476
MatrixSensing,scan MS d=60 r=10 kappa=1e+00 measurement_mult=1,60,10,1.0,10,10,1.0,64,1024,0.08437672885210333,1.0197137390217996,42.218027739419036,301.88707401659684,0.13985870563891964,0.7036337956569838,0.3837547616511938,2.2954200352675134,0.0023137665999836614,0.006395912694186496,3.879763806523391,0.18167180419615225,4.5908030823138954,1.0,0.18167180419615225,3.879763806523391,0.20492795136173905
MatrixSensing,scan MS d=20 r=10 kappa=1e+02 measurement_mult=2,20,10,100.0,10,10,2.0,64,1024,0.038752608781006566,1.010910316374054,11.452850818920767,101.26893956949743,0.11312809988522088,0.5726425409460384,0.2178287001468198,1.6402897211683736,0.003615896153366417,0.01089143500734095,1.761967189866519,2.298439689766503,3.3952970679050307,0.75,1.761967189866519,2.298439689766503,0.22738023748831757
MatrixFactorizationInput,scan MF d=60 r=10 factors=2 kappa=1e+00 input_mult=10,60,10,1.0,2,10,2.0,64,1024,0.0013928612007074268,1.0001693416220085,8.232172585342981,20.83808419665695,0.7720936848203265,0.8232172585342982,0.08553722393463295,0.6533730411669161,0.04077400986595425,0.008553722393463145,2.865296135715572,2.915606654582077,3.525929733307689,0.75,2.865296135715572,2.915606654582077,0.1915412006776379
MatrixFactorizationInput,scan MF d=40 r=10 factors=2 kappa=1e+00 input_mult=10,40,10,1.0,2,10,2.0,64,1024,0.003122938605947041,0.9999406061095693,8.208191796072578,14.717016353507839,0.9148303260139006,0.8208191796072577,0.12153335379085407,0.1470167325920391,0.07147567526840486,0.012153335379085303,2.8569611794719347,2.9564384113998314,3.451571527551669,0.75,2.8569611794719347,2.9564384113998314,0.18956443194945166
MatrixSensing,scan MS d=40 r=10 kappa=1e+02 measurement_mult=2,40,10,100.0,10,10,2.0,64,1024,0.02206365347576121,1.0493878204635048,25.61804530706176,277.08496671338656,0.09245784509384908,0.640451132676544,0.21006808833181945,1.5760668522735584,0.0009661932096420616,0.005251702208295446,3.065805619419296,0.8940859107093397,4.100226613595589,0.75,0.8940859107093397,3.065805619419296,0.18446528688381317
MatrixFactorizationInput,scan MF d=60 r=5 factors=2 kappa=1e+00 input_mult=10,60,5,1.0,2,10,2.0,64,1024,0.0006828699575435645,1.0001279834814962,4.164677901826555,19.65585500032034,0.6315155860213981,0.832935580365311,0.05942872415026041,0.4046164185630847,0.018038264598714587,0.011885744830052074,2.8909072533892917,3.0799903915208033,3.6274613875773074,0.75,2.8909072533892917,3.0799903915208033,0.18382396232076414
MatrixFactorizationInput,scan MF d=60 r=5 factors=2 kappa=1e+00 input_mult=2,60,5,1.0,2,2,2.0,64,1024,0.000677710588428377,1.0001279834814962,4.069309254565664,12.241537380870248,0.6889048503091434,0.8138618509131329,0.19987757342783974,0.6129733784646259,0.06064396616295944,0.03997551468556798,2.7890541563788935,3.0982351918192927,3.5411175583850296,0.75,2.7890541563788935,3.0982351918192927,0.18300560238639188
MatrixFactorizationInput,scan MF d=40 r=5 factors=2 kappa=1e+00 input_mult=10,40,5,1.0,2,10,2.0,64,1024,0.0015845248328736777,1.0001024450834983,4.167547229860491,13.848638692565798,0.6612725126447109,0.8335094459720981,0.06058190594580711,0.027284965927092498,0.07322203726414739,0.012116381189161493,2.893356118844087,3.1114426003692115,3.61427605333476,0.75,2.893356118844087,3.1114426003692115,0.18241772363127465
MatrixSensing,scan MS d=40 r=10 kappa=1e+01 measurement_mult=2,40,10,10.0,10,10,2.0,64,1024,0.033500522482365486,1.0290818822442003,26.29687939118962,277.08496671338656,0.09490900664856984,0.6574219847797406,0.11292695697611978,1.5760668522735584,0.0009398548612737608,0.002823173924403049,3.138777133075609,0.8422366261084273,4.133775567077137,0.75,0.8422366261084273,3.138777133075609,0.18121294669535876
MatrixFactorizationInput,scan MF d=60 r=2 factors=2 kappa=1e+00 input_mult=2,60,2,1.0,2,2,2.0,64,1024,0.00026049864041051857,1.0003176574329398,1.6481446964099018,11.5676651129101,0.4633238301807772,0.8240723482049509,0.24115377469738902,0.5200986207354015,0.1356954014094499,0.12057688734869451,2.8368723822731514,3.199695039559385,3.688193223814815,0.75,2.8368723822731514,3.199695039559385,0.17858439551808192
MatrixFactorizationInput,scan MF d=40 r=2 factors=5 kappa=1e+00 input_mult=10,40,2,1.0,5,10,2.0,64,1024,0.0006250292535889756,1.0001163776043567,1.6085208040607581,6.190144542157108,0.7762001446774688,0.8042604020303791,0.33571543666994913,0.08641700457238537,0.24460675643767846,0.16785771833497456,2.7361782071513114,3.2188955079323516,3.4829875114883424,0.75,2.7361782071513114,3.2188955079323516,0.1777716462969639
MatrixFactorizationInput,scan MF d=20 r=2 factors=2 kappa=1e+00 input_mult=10,20,2,1.0,2,10,2.0,64,1024,0.00259157551904592,1.0004737496204148,1.6670602692866912,6.913722584735845,0.5070022949094768,0.8335301346433456,0.1626918579457003,0.37315441505457786,0.045762470819910236,0.08134592897285015,2.8869918167908324,3.2363577778443067,3.695907582116852,0.75,2.8869918167908324,3.2363577778443067,0.17703887143867286
MatrixFactorizationInput,scan MF d=20 r=2 factors=2 kappa=1e+00 input_mult=2,20,2,1.0,2,2,2.0,64,1024,0.0027311930794788604,1.0004737496204148,1.6514167942817963,4.705289392758643,0.5360783162561026,0.8257083971408982,0.060175245576733274,0.16816254234136374,0.03326761956858085,0.030087622788366637,2.8454779791488765,3.2385036778618415,3.658634060477132,0.75,2.8454779791488765,3.2385036778618415,0.17694923893008052
MatrixFactorizationInput,scan MF d=20 r=2 factors=10 kappa=1e+00 input_mult=2,20,2,1.0,10,2,2.0,64,1024,0.0027289726941762704,1.000062992715068,1.5796413294938738,2.1001529224142352,0.971001091518754,0.7898206647469369,0.36414771614901653,0.1399763067536183,0.2715049198881617,0.18207385807450827,2.6688142687206953,3.23945884096766,3.349217097931394,0.75,2.6688142687206953,3.23945884096766,0.176909371722739
MatrixFactorizationInput,scan MF d=60 r=2 factors=10 kappa=1e+00 input_mult=10,60,2,1.0,10,10,2.0,64,1024,0.0002820286304519146,0.9999492854707123,1.6339857955183523,5.144607099164419,0.8543628122021069,0.8169928977591762,0.3241702315571687,0.048867200647571093,0.2015403882494632,0.16208511577858434,2.8068765207485797,3.2435682859585766,3.4856802487177982,0.75,2.8068765207485797,3.2435682859585766,0.1767380537934676
MatrixSensing,scan MS d=40 r=10 kappa=1e+00 measurement_mult=2,40,10,1.0,10,10,2.0,64,1024,0.12779776726156183,1.0053264258073282,27.303700594366124,277.08496671338656,0.09854346255856232,0.6825925148591532,0.16367827783083727,1.5760668522735584,0.0011530474895976776,0.004091956945770869,3.24947739937905,0.781988270208554,4.187300327004413,0.75,0.781988270208554,3.24947739937905,0.17649229058368282
MatrixFactorizationInput,scan MF d=40 r=2 factors=10 kappa=1e+00 input_mult=10,40,2,1.0,10,10,2.0,64,1024,0.0006249226683545166,1.0000504352664805,1.6616606484852607,3.9394101626619165,0.9027762672635219,0.8308303242426304,0.41478000224296996,0.12393548898787032,0.2917682148514715,0.20739000112148498,2.8825589547292774,3.2699819344031584,3.5071470052683136,0.75,2.8825589547292774,3.2699819344031584,0.17564477122426797
MatrixFactorizationInput,scan MF d=20 r=2 factors=5 kappa=1e+00 input_mult=2,20,2,1.0,5,2,2.0,64,1024,0.0027289275009966065,0.9998890524305697,1.6510801081002988,2.6414549782376686,0.9742070472231846,0.8255400540501494,0.08472099515992,0.11049787872136574,0.02859239278078803,0.04236049757996,2.858228794804509,3.275471170054888,3.4581571602493923,0.75,2.858228794804509,3.275471170054888,0.17541926261904173
MatrixFactorizationInput,scan MF d=60 r=2 factors=2 kappa=1e+00 input_mult=10,60,2,1.0,2,10,2.0,64,1024,0.0002822103675322833,1.0003176574329398,1.793843320088163,18.957820159210364,0.4902441389565427,0.8969216600440815,0.19969621717745706,0.47477882028765656,0.0921694736841827,0.09984810858872853,3.2259899177717766,3.2775807566341726,3.908032382942852,0.75,3.2259899177717766,3.2775807566341726,0.1753327506060084
MatrixFactorizationInput,scan MF d=20 r=2 factors=5 kappa=1e+00 input_mult=10,20,2,1.0,5,10,2.0,64,1024,0.002588541510244747,0.9998890524305697,1.6792533852194882,3.641977726794899,0.8928954288267205,0.8396266926097441,0.20938600155389564,0.1649256557163006,0.0694346933418812,0.10469300077694782,2.928812703343219,3.2822313796540676,3.539773753688621,0.75,2.928812703343219,3.2822313796540676,0.17514233433612067
MatrixFactorizationInput,scan MF d=40 r=2 factors=2 kappa=1e+00 input_mult=10,40,2,1.0,2,10,2.0,64,1024,0.0006251985372888075,1.0002590772929367,1.8312876642043185,13.066360717111053,0.5509380572311972,0.9156438321021593,0.03631552463622872,0.08225012794281264,0.041687805702515304,0.01815776231811436,3.324957188583844,3.343245698825629,3.944089212739673,0.75,3.324957188583844,3.343245698825629,0.17268191854833187
MatrixFactorizationInput,scan MF d=40 r=2 factors=2 kappa=1e+00 input_mult=2,40,2,1.0,2,2,2.0,64,1024,0.0006326811086380355,1.0002590772929367,1.8440158240958562,8.124617068455821,0.548324060898973,0.9220079120479281,0.08357341563598567,0.35668488680625965,0.04425678690996873,0.04178670781799283,3.358475802965877,3.379088845794886,3.966583418989059,0.75,3.358475802965877,3.379088845794886,0.17126850502706825
SmallMLPDigits,scan MLP hidden=128 samples=1024,64,10,1.0,10,10,2.0,128,1024,2.3024940403332046,0.90234375,8.514378171821825,1.360423005655402,6.238405448532582,0.44746893012346906,0.08525011588256569,0.023538885786852308,0.16275581722717233,0.008673077909219225,3.3927994280210263,4.6640996675315565,0.25494072246944993,0.75,0.25494072246944993,3.3927994280210263,0.1707339504771967
SmallMLPDigits,scan MLP hidden=128 samples=512,64,10,1.0,10,10,2.0,128,512,2.3024956113804476,0.8958333333333334,8.498192624301991,1.356371999202888,6.244380374841016,0.4471956373738766,0.017237598623395963,0.02137420200134142,0.08789411180383092,0.004759414092696407,3.395593120053912,4.667370955992338,0.257760881197673,0.75,0.257760881197673,3.395593120053912,0.17062543768628005
MatrixFactorizationInput,scan MF d=40 r=2 factors=5 kappa=1e+00 input_mult=2,40,2,1.0,5,2,2.0,64,1024,0.0006322461971483068,1.0001163776043567,1.8666248397454588,4.173766118420034,0.9535911267790991,0.9333124198727294,0.1365795940693095,0.22699865804895863,0.14807308643453035,0.06828979703465475,3.4289644837458013,3.444227886978013,3.837921463610884,0.75,3.4289644837458013,3.444227886978013,0.16875822281696387
MatrixSensing,scan MS d=60 r=10 kappa=1e+02 measurement_mult=2,60,10,100.0,10,10,2.0,64,1024,0.015567299667719277,1.1077041850384122,39.62307874329398,483.20025263081675,0.08200352461603731,0.6603846457215664,0.19458071727135728,3.9765823227904376,0.0004904076387238073,0.003243011954522634,4.585962939484144,1.3273459943637445,5.273629756958825,0.5,1.3273459943637445,4.585962939484144,0.08951008186355319
MatrixSensing,scan MS d=60 r=10 kappa=1e+01 measurement_mult=2,60,10,10.0,10,10,2.0,64,1024,0.023092213852584326,1.0707872024634044,40.37480944280035,483.20025263081675,0.08355825298427606,0.6729134907133392,0.23370422587313364,3.9765823227904376,0.00022857916911402684,0.003895070431218898,4.635469834599394,1.3241421074981972,5.303519168870343,0.5,1.3241421074981972,4.635469834599394,0.08872374702996583
MatrixSensing,scan MS d=60 r=10 kappa=1e+00 measurement_mult=2,60,10,1.0,10,10,2.0,64,1024,0.0855783309395128,1.0197137390217996,41.54339598073395,483.20025263081675,0.08597764036519971,0.6923899330122324,0.19802813691384608,3.9765823227904376,0.0004630281866905395,0.0033004689485640957,4.714054865921608,1.3286081270406285,5.351991720890437,0.5,1.3286081270406285,4.714054865921608,0.08750353500838429
