run_id,problem_family,setting,kappa,lr,algo,seed,step,num_samples,train_batch_size,loss,recovery_error,diagnostic_A_definition,sigma_update,update_rank_ceiling,nrUpdate,stUpdate,nrUpdateFrac,stUpdateFrac,update_flatness,update_grad_inner,update_grad_cosine,update_grad_per_update_norm,layer,nrG,stA,condition_score,delta_gd_pred,delta_spec_pred,hidden_dim,target_relative_update_norm
0,MNISTMLP,MNIST MLP hidden=64 target=1e-04,1.0,0.01,Adam,0,0,1024,128,2.3029479206211203,0.8857421875,full_layer_input_activation,"[[0.03699227167056734,0.027467157391212357,0.025352905516039363,0.024229023845770355,0.02213162948462197,0.018554951304652508,0.01528058463028733,0.013729623443191527,0.013179066675409724,0.011850056111448426,0.011228837375474728,0.010471321452002235,0.01003403225775919,0.009805454994411891,0.009394941341261284,0.009307149307964564,0.00884040877584541,0.008678079723345165,0.008526507020471474,0.008304008038857722,0.00815954914550428,0.007940548227913383,0.007769609862132069,0.0075997823423072704,0.007476103202904885,0.00739862703603938,0.007174930546463034,0.006959938056939375,0.0069069168104476915,0.0066823065374250045,0.006602728949023982,0.006546721502194895,0.0064062408387243405,0.006320467039249912,0.006180295132930719,0.006096993941009172,0.005925712328137608,0.0058940860474864624,0.00576295138051641,0.005665201332112682,0.005615595247842813,0.00541776294924237,0.005368637333545746,0.005310516135784462,0.005307576486251327,0.005142792879364759,0.005026590225201624,0.004969712110120971,0.004864207890038701,0.004805070864261111,0.00474974177195452,0.00457661118374599,0.004511334708528303,0.004494922696613942,0.004328207661783401,0.004200982726579691,0.004130330875229805,0.004077608191784729,0.0038130833425275507,0.0036644131099749966,0.0035756552920110504,0.0030369306728488337,0.002988752674981149,0.0024444724350788376]]",64.0,41.04969205259643,5.292467683201724,0.6414014383218192,0.08269480755002694,0.12892831635425073,0.00339200932229714,0.6388427792383649,0.039858130787378196,1,15.833838177177547,2.2911742156899897,6.910796249690323,9.756975151459917e-08,6.742846728503087e-07,64,0.0001
0,MNISTMLP,MNIST MLP hidden=64 target=1e-04,1.0,0.01,Adam,0,0,1024,128,2.3029479206211203,0.8857421875,full_layer_input_activation,"[[0.0059893889966111434,0.0054542181544742635,0.004677847953543198,0.004127556906295584,0.003934287550522699,0.003400542198592538,0.002980934691811009,0.0025970391203814927,0.0023541612335578072,0.0022097375983768422]]",10.0,9.028457632525786,4.394367157023336,0.9028457632525786,0.43943671570233356,0.4867240159816727,0.0005770180822319437,0.700926289306052,0.0459577472695929,2,7.2118367112957085,1.774400160358026,4.064380105691917,2.6617004164630357e-05,0.00010818162219984254,64,0.0001
1,MNISTMLP,MNIST MLP hidden=64 target=1e-04,1.0,0.01,Muon,0,0,1024,128,2.3029479206211203,0.8857421875,full_layer_input_activation,"[[0.010000000000000009,0.010000000000000005,0.010000000000000005,0.010000000000000005,0.010000000000000005,0.010000000000000004,0.010000000000000004,0.010000000000000004,0.010000000000000004,0.010000000000000004,0.010000000000000004,0.010000000000000004,0.010000000000000004,0.010000000000000004,0.010000000000000002,0.010000000000000002,0.010000000000000002,0.010000000000000002,0.010000000000000002,0.010000000000000002,0.010000000000000002,0.010000000000000002,0.010000000000000002,0.010000000000000002,0.010000000000000002,0.010000000000000002,0.010000000000000002,0.010000000000000002,0.010000000000000002,0.010000000000000002,0.010000000000000002,0.010000000000000002,0.010000000000000002,0.010000000000000002,0.010000000000000002,0.009999999999999998,0.009999999999999998,0.009999999999999998,0.009999999999999998,0.009999999999999998,0.009999999999999998,0.009999999999999998,0.009999999999999998,0.009999999999999998,0.009999999999999998,0.009999999999999998,0.009999999999999998,0.009999999999999998,0.009999999999999998,0.009999999999999998,0.009999999999999998,0.009999999999999998,0.009999999999999998,0.009999999999999998,0.009999999999999997,0.009999999999999997,0.009999999999999997,0.009999999999999997,0.009999999999999997,0.009999999999999997,0.009999999999999997,0.009999999999999995,0.009999999999999993,0.009999999999999993]]",64.0,63.99999999999997,63.999999999999886,0.9999999999999996,0.9999999999999982,0.9999999999999987,0.002482653091660834,0.49739694562632675,0.031033163645760423,1,15.833838177177547,2.2911742156899897,6.910796249690323,9.756975151459917e-08,6.742846728503087e-07,64,0.0001
1,MNISTMLP,MNIST MLP hidden=64 target=1e-04,1.0,0.01,Muon,0,0,1024,128,2.3029479206211203,0.8857421875,full_layer_input_activation,"[[0.010000000000000012,0.010000000000000007,0.010000000000000007,0.010000000000000007,0.010000000000000007,0.010000000000000005,0.010000000000000004,0.010000000000000004,0.010000000000000004,0.010000000000000002]]",10.0,10.000000000000002,9.999999999999986,1.0000000000000002,0.9999999999999986,0.9999999999999984,0.0017607971469923882,0.8492253358971168,0.055681294820222466,2,7.2118367112957085,1.774400160358026,4.064380105691917,2.6617004164630357e-05,0.00010818162219984254,64,0.0001
0,MNISTMLP,MNIST MLP hidden=64 target=1e-04,1.0,0.01,Adam,0,1,1024,128,2.2994861547193373,0.7333984375,full_layer_input_activation,"[[0.04019948221794195,0.02957747079330972,0.027144089806856633,0.025661389287751496,0.022240820303851907,0.017947032383483504,0.0164792117248863,0.013499368856140058,0.013146029338303515,0.011666367416068364,0.010505820480853231,0.00972120404111323,0.009102192710121748,0.008630017896441295,0.008622513507368989,0.00838709922746035,0.00799919740985694,0.007848734545595162,0.007558337726233913,0.007380335326938856,0.007260940092200416,0.00698656409717315,0.006887238015805248,0.006630099616165881,0.00647103613070884,0.00637984602855677,0.00633935169266764,0.005910729503256282,0.005792038261937423,0.00569303961293525,0.005601236364426256,0.005470620394067647,0.005373445319479517,0.00532413677123697,0.005136999812995082,0.005067090657660802,0.004920112409216082,0.004840041222990224,0.004808970002752401,0.004761888627985705,0.004634011088531888,0.00450330431596243,0.004406553837779454,0.0043796592745214075,0.004355877238322488,0.004254382680444898,0.00419827766186366,0.004122489421837921,0.0040954621025813785,0.004025251531959078,0.003975000557163356,0.0038822000964458003,0.003719904051204198,0.003690998669846987,0.0035325369950203415,0.0034658766816275184,0.0033764263249607828,0.003286725629136138,0.0032491420802146244,0.0031074165326811713,0.003045710726798358,0.0029196975920738793,0.0028563282034946374,0.0027375219869560327]]",64.0,35.785182572121116,4.4764931066363225,0.5591434776893924,0.06994520479119254,0.12509348241033677,0.003869427853942985,0.6456057564619115,0.04549433636656992,1,14.193666180515484,2.2911742156899897,6.194931002329321,1.2446556198855311e-07,7.710555686852296e-07,64,0.0001
0,MNISTMLP,MNIST MLP hidden=64 target=1e-04,1.0,0.01,Adam,0,1,1024,128,2.2994861547193373,0.7333984375,full_layer_input_activation,"[[0.006430436446019054,0.005915187170743416,0.004977177909800172,0.00367149089200692,0.0036475548336151,0.0031674083405428604,0.0029346741088022666,0.002381956415304464,0.0023299025451132627,0.0020865268973969146]]",10.0,8.700302248216413,3.9176611575562976,0.8700302248216414,0.39176611575562975,0.45029023656729045,0.0006689377387750978,0.6189392703384557,0.05255715063775312,2,5.621509471653866,1.789523963098084,3.1413435011631363,4.351739087404106e-05,0.00013670307300974482,64,0.0001
1,MNISTMLP,MNIST MLP hidden=64 target=1e-04,1.0,0.01,Muon,0,1,1024,128,2.299530891291578,0.7373046875,full_layer_input_activation,"[[0.010000000000000005,0.010000000000000005,0.010000000000000004,0.010000000000000004,0.010000000000000004,0.010000000000000004,0.010000000000000004,0.010000000000000004,0.010000000000000004,0.010000000000000004,0.010000000000000004,0.010000000000000004,0.010000000000000004,0.010000000000000004,0.010000000000000004,0.010000000000000004,0.010000000000000004,0.010000000000000002,0.010000000000000002,0.010000000000000002,0.010000000000000002,0.010000000000000002,0.010000000000000002,0.010000000000000002,0.010000000000000002,0.010000000000000002,0.010000000000000002,0.010000000000000002,0.01,0.01,0.01,0.01,0.01,0.01,0.01,0.01,0.01,0.01,0.01,0.01,0.01,0.01,0.01,0.01,0.01,0.009999999999999998,0.009999999999999998,0.009999999999999998,0.009999999999999998,0.009999999999999998,0.009999999999999998,0.009999999999999998,0.009999999999999997,0.009999999999999997,0.009999999999999997,0.009999999999999997,0.009999999999999997,0.009999999999999997,0.009999999999999997,0.009999999999999995,0.009999999999999995,0.009999999999999995,0.009999999999999995,0.00999999999999999]]",64.0,64.00000000000001,63.999999999999936,1.0000000000000002,0.999999999999999,0.9999999999999988,0.0026213716052952084,0.46913388767397957,0.03276714506619006,1,14.085542692102583,2.2911742156899897,6.147739702919408,1.2227929364881714e-07,7.51741268409774e-07,64,0.0001
1,MNISTMLP,MNIST MLP hidden=64 target=1e-04,1.0,0.01,Muon,0,1,1024,128,2.299530891291578,0.7373046875,full_layer_input_activation,"[[0.010000000000000005,0.010000000000000004,0.01,0.01,0.01,0.009999999999999998,0.009999999999999998,0.009999999999999998,0.009999999999999998,0.009999999999999997]]",10.0,9.999999999999998,9.99999999999999,0.9999999999999998,0.9999999999999989,0.9999999999999991,0.0019851712481992103,0.7545453014893112,0.0627766268978894,2,5.693386119995958,1.8009749064902738,3.1612800930642537,4.33373522202878e-05,0.00013700150886010974,64,0.0001
0,MNISTMLP,MNIST MLP hidden=64 target=1e-04,1.0,0.01,Adam,0,2,1024,128,2.2965248451612075,0.5712890625,full_layer_input_activation,"[[0.04137164013673328,0.030131809652890078,0.028119746190085882,0.025492921484488573,0.021239879559942873,0.018791830561032334,0.017612826926989615,0.014377183015720812,0.012447748684535834,0.012347636376035375,0.010575044004754628,0.009353737326033458,0.00879629733094419,0.008283781426145649,0.007914191411422777,0.007885703274289502,0.00765631795271973,0.007439892063335336,0.006988473223553058,0.006836662710775989,0.006690179945686514,0.006570445890908543,0.006415603790892785,0.006254540580835631,0.006013713190423897,0.005913355647489354,0.005812456126470915,0.005691832420483855,0.005531941127901119,0.005463919854783718,0.00519463702515805,0.005164296093245092,0.004995287247084425,0.00488303437905778,0.004724737151868973,0.004652475218112843,0.004637083613330048,0.004496660680557197,0.004410072441104058,0.004377669240606344,0.004187818037297846,0.004166093323315063,0.004148518117462541,0.003962818429887627,0.0039036468664616067,0.0038412463856804975,0.0038121655953799382,0.003697778498061623,0.003655909024650424,0.003509178737149364,0.0034760547055019196,0.0034040058746546437,0.0033669887582487997,0.0032814239233608586,0.003178539204074696,0.003102594758261895,0.00306099030272244,0.002970982439068899,0.002896222780449824,0.0028420415792316488,0.0027583396440412035,0.0026170422728217274,0.0025569471284798387,0.0024648177228568354]]",64.0,33.49088623880869,4.229979315946959,0.5232950974813858,0.06609342681167124,0.12630240017492664,0.0035943860320834945,0.609221345112701,0.04224281562146653,1,14.189150051150994,2.2911742156899897,6.192959904132788,1.2051048015825432e-07,7.46316571647859e-07,64,0.0001
0,MNISTMLP,MNIST MLP hidden=64 target=1e-04,1.0,0.01,Adam,0,2,1024,128,2.2965248451612075,0.5712890625,full_layer_input_activation,"[[0.006431617088589935,0.005603680541078569,0.004876779960662215,0.004111803182660897,0.003456909778015441,0.003351919565375909,0.0028601659023383495,0.002551505183096569,0.002309976226278145,0.0018926635806008677]]",10.0,8.75050099277108,3.8740147452171967,0.875050099277108,0.3874014745217197,0.44271919384016734,0.0006486325264455856,0.6060817088777936,0.0512386770432612,2,5.4973699908892195,1.7787125563319819,3.090645518478693,3.492604587539317e-05,0.00010794402716296515,64,0.0001
1,MNISTMLP,MNIST MLP hidden=64 target=1e-04,1.0,0.01,Muon,0,2,1024,128,2.2969094942970036,0.58984375,full_layer_input_activation,"[[0.010000000000000007,0.010000000000000007,0.010000000000000005,0.010000000000000005,0.010000000000000005,0.010000000000000005,0.010000000000000005,0.010000000000000005,0.010000000000000005,0.010000000000000004,0.010000000000000004,0.010000000000000004,0.010000000000000004,0.010000000000000004,0.010000000000000004,0.010000000000000004,0.010000000000000004,0.010000000000000004,0.010000000000000004,0.010000000000000004,0.010000000000000004,0.010000000000000004,0.010000000000000002,0.010000000000000002,0.010000000000000002,0.010000000000000002,0.010000000000000002,0.010000000000000002,0.010000000000000002,0.010000000000000002,0.010000000000000002,0.010000000000000002,0.010000000000000002,0.010000000000000002,0.010000000000000002,0.010000000000000002,0.010000000000000002,0.010000000000000002,0.010000000000000002,0.01,0.01,0.01,0.01,0.01,0.01,0.01,0.01,0.01,0.01,0.01,0.01,0.01,0.01,0.009999999999999998,0.009999999999999998,0.009999999999999998,0.009999999999999998,0.009999999999999998,0.009999999999999998,0.009999999999999998,0.009999999999999998,0.009999999999999997,0.009999999999999997,0.009999999999999997]]",64.0,64.0,63.999999999999936,1.0,0.999999999999999,0.999999999999999,0.0026419410416134463,0.4712598829057638,0.03302426302016806,1,14.213496143126699,2.2911742156899897,6.20358593676225,1.2308769841813465e-07,7.635851148951732e-07,64,0.0001
1,MNISTMLP,MNIST MLP hidden=64 target=1e-04,1.0,0.01,Muon,0,2,1024,128,2.2969094942970036,0.58984375,full_layer_input_activation,"[[0.010000000000000002,0.010000000000000002,0.010000000000000002,0.010000000000000002,0.010000000000000002,0.009999999999999998,0.009999999999999998,0.009999999999999998,0.009999999999999998,0.009999999999999998]]",10.0,9.999999999999998,9.999999999999996,0.9999999999999998,0.9999999999999997,0.9999999999999998,0.001816286521023157,0.7696347044445848,0.05743602289896474,2,5.923375782855036,1.817632371981533,3.258841487510224,3.204631475982577e-05,0.00010443386006113147,64,0.0001
0,MNISTMLP,MNIST MLP hidden=64 target=1e-04,1.0,0.01,Adam,0,3,1024,128,2.292614616082495,0.47265625,full_layer_input_activation,"[[0.041519817532998306,0.03244367329038781,0.02972191041592796,0.025861238640915322,0.02138714725653361,0.018562379728457593,0.017163845396348163,0.014303552514034229,0.013197350683836479,0.010780323774200889,0.009417667020490537,0.008573732006814314,0.00819851031105902,0.008053591273395408,0.007788307761457222,0.007549054927026465,0.007191742803107557,0.006827332496367962,0.00647575490441377,0.006228838217212088,0.006083903166428804,0.006043996579309137,0.005900553057321523,0.005738594719142779,0.005606020427950189,0.005412537453610848,0.005322725104518383,0.005296708144953645,0.005105479252002388,0.004999104787547173,0.0048942983023852115,0.00485635267897549,0.004691899654500812,0.004586211080746321,0.004402700777998211,0.0043925769778114,0.004291336170520346,0.004127825258308883,0.004102152273527918,0.003965980858439107,0.003908687529736461,0.0038648760221360857,0.0037852982461684284,0.0036928138704905573,0.0036486350331591173,0.0035360146699332604,0.0034166206763921875,0.003394499750905935,0.0032829081881689945,0.0032095111651070786,0.0031062198631739897,0.003080675859739363,0.0030513416653785335,0.002982925580822955,0.0029672049674090923,0.0028453342326563457,0.00276894231681636,0.002725203876634921,0.002658436311056943,0.0026313396693475807,0.002514996894348202,0.0024504981454154585,0.0024185384413415215,0.0022624342247128636]]",64.0,31.143902610140145,4.2072483595720405,0.48662347828343977,0.06573825561831313,0.13509059581384006,0.0040502469204219994,0.6285666910434771,0.047558373066874646,1,13.33460213306237,2.2911742156899897,5.819986119670363,1.4348964999118784e-07,8.351077712650718e-07,64,0.0001
0,MNISTMLP,MNIST MLP hidden=64 target=1e-04,1.0,0.01,Adam,0,3,1024,128,2.292614616082495,0.47265625,full_layer_input_activation,"[[0.006464386183722055,0.005868282294784288,0.00496930449379135,0.004130991981763659,0.0036024551129741917,0.0030167582977838007,0.002962069305755431,0.002611834418392766,0.0021426681786833024,0.0020156809961966705]]",10.0,8.688725891685612,3.9320143653981816,0.8688725891685612,0.39320143653981815,0.45254211197533484,0.0008923215542837391,0.7133300797146818,0.06961238962934634,2,6.519799791361155,1.7311688591918113,3.7661258500253383,3.309843511601854e-05,0.00012465287208582383,64,0.0001
1,MNISTMLP,MNIST MLP hidden=64 target=1e-04,1.0,0.01,Muon,0,3,1024,128,2.294184016120816,0.4814453125,full_layer_input_activation,"[[0.010000000000000009,0.010000000000000007,0.010000000000000005,0.010000000000000005,0.010000000000000005,0.010000000000000004,0.010000000000000004,0.010000000000000004,0.010000000000000004,0.010000000000000004,0.010000000000000004,0.010000000000000004,0.010000000000000004,0.010000000000000004,0.010000000000000002,0.010000000000000002,0.010000000000000002,0.010000000000000002,0.010000000000000002,0.010000000000000002,0.010000000000000002,0.010000000000000002,0.010000000000000002,0.010000000000000002,0.010000000000000002,0.010000000000000002,0.010000000000000002,0.010000000000000002,0.010000000000000002,0.010000000000000002,0.010000000000000002,0.010000000000000002,0.010000000000000002,0.010000000000000002,0.010000000000000002,0.010000000000000002,0.010000000000000002,0.010000000000000002,0.010000000000000002,0.010000000000000002,0.010000000000000002,0.010000000000000002,0.009999999999999998,0.009999999999999998,0.009999999999999998,0.009999999999999998,0.009999999999999998,0.009999999999999998,0.009999999999999998,0.009999999999999998,0.009999999999999998,0.009999999999999998,0.009999999999999998,0.009999999999999998,0.009999999999999998,0.009999999999999998,0.009999999999999998,0.009999999999999997,0.009999999999999997,0.009999999999999997,0.009999999999999997,0.009999999999999997,0.009999999999999995,0.009999999999999995]]",64.0,64.00000000000001,63.99999999999989,1.0000000000000002,0.9999999999999983,0.9999999999999981,0.0029755656452613685,0.4597821354735656,0.03719457056576707,1,13.529575174440524,2.2911742156899897,5.905083551390297,1.6403035907851426e-07,9.686129753231787e-07,64,0.0001
1,MNISTMLP,MNIST MLP hidden=64 target=1e-04,1.0,0.01,Muon,0,3,1024,128,2.294184016120816,0.4814453125,full_layer_input_activation,"[[0.010000000000000005,0.010000000000000004,0.010000000000000002,0.010000000000000002,0.010000000000000002,0.01,0.009999999999999998,0.009999999999999998,0.009999999999999998,0.009999999999999995]]",10.0,10.000000000000002,9.99999999999999,1.0000000000000002,0.9999999999999989,0.9999999999999988,0.002074137726550152,0.8142980218443344,0.06558999396781975,2,6.630812683795963,1.8337442394297527,3.615996462984377,3.350448278972579e-05,0.0001211520912617694,64,0.0001
0,MNISTMLP,MNIST MLP hidden=64 target=1e-04,1.0,0.01,Adam,0,4,1024,128,2.287899243207172,0.4169921875,full_layer_input_activation,"[[0.04376253787001442,0.03164900162888599,0.03131488130435819,0.02562875014835665,0.021524708890877264,0.019030693445974106,0.01724980968566093,0.01429203109867491,0.012436700764708137,0.010362060597859263,0.008954340074439881,0.008156477862171226,0.007706123638682512,0.007442232082916199,0.0071119743038998,0.006864710093418421,0.00676385700210535,0.006494852268347759,0.006180215518720867,0.005970575794391908,0.005792913455287856,0.005525330439476248,0.005382597843365728,0.005350528644925432,0.005215813404816792,0.005059495312154832,0.004881162648219136,0.004798770787445125,0.004616984290807226,0.004590210772606442,0.0044724048866722245,0.004345218551941068,0.00426094938748249,0.004103760203341806,0.004063784492464844,0.003997614783316509,0.0038667163733994894,0.003803409423894954,0.003733856844744805,0.0036870259178203163,0.0035560897775033158,0.003461109803417632,0.003443006489565101,0.003343907537853239,0.003306357399272487,0.003183483908900839,0.0031522834759323973,0.003041780708285405,0.0030001819759727113,0.002941709367780024,0.0029016842596911946,0.002785308899910854,0.002753960266323245,0.0026554381198137943,0.002587484944022933,0.0025729064273773083,0.0025123876276543773,0.002495580568975022,0.0023673247517377732,0.002230951792453049,0.002201641649543485,0.002135932015248152,0.0020817503716911647,0.002016103841247843]]",64.0,28.70090223669893,3.802431953914703,0.4484515974484208,0.059412999279917236,0.1324847533556856,0.004835862746986968,0.640142521524958,0.05666837263384926,1,11.480633885452983,2.2911742156899897,5.010807910997539,1.964253128776757e-07,9.842495116876243e-07,64,0.0001
0,MNISTMLP,MNIST MLP hidden=64 target=1e-04,1.0,0.01,Adam,0,4,1024,128,2.287899243207172,0.4169921875,full_layer_input_activation,"[[0.006464006811252964,0.0060493783864530165,0.004563733692631212,0.004333256129238095,0.0036769614374342605,0.003140274018836238,0.002937914226228039,0.0022908278633353533,0.002161385883884579,0.0018230975129000897]]",10.0,8.587507402737716,3.90679243943529,0.8587507402737715,0.39067924394352904,0.4549390476437664,0.001156918410649079,0.6816664496587629,0.09055048016422476,2,5.745826713587933,1.628700169218135,3.5278603282433765,3.944217017567768e-05,0.00013914646742259739,64,0.0001
1,MNISTMLP,MNIST MLP hidden=64 target=1e-04,1.0,0.01,Muon,0,4,1024,128,2.290709656246556,0.443359375,full_layer_input_activation,"[[0.010000000000000009,0.010000000000000007,0.010000000000000007,0.010000000000000005,0.010000000000000005,0.010000000000000005,0.010000000000000005,0.010000000000000005,0.010000000000000004,0.010000000000000004,0.010000000000000004,0.010000000000000004,0.010000000000000004,0.010000000000000004,0.010000000000000004,0.010000000000000004,0.010000000000000004,0.010000000000000004,0.010000000000000004,0.010000000000000004,0.010000000000000002,0.010000000000000002,0.010000000000000002,0.010000000000000002,0.010000000000000002,0.010000000000000002,0.010000000000000002,0.010000000000000002,0.010000000000000002,0.010000000000000002,0.010000000000000002,0.010000000000000002,0.010000000000000002,0.010000000000000002,0.010000000000000002,0.010000000000000002,0.010000000000000002,0.010000000000000002,0.010000000000000002,0.010000000000000002,0.010000000000000002,0.010000000000000002,0.010000000000000002,0.010000000000000002,0.009999999999999998,0.009999999999999998,0.009999999999999998,0.009999999999999998,0.009999999999999998,0.009999999999999998,0.009999999999999998,0.009999999999999998,0.009999999999999998,0.009999999999999998,0.009999999999999998,0.009999999999999998,0.009999999999999998,0.009999999999999997,0.009999999999999997,0.009999999999999997,0.009999999999999997,0.009999999999999997,0.009999999999999995,0.009999999999999993]]",64.0,64.00000000000001,63.99999999999991,1.0000000000000002,0.9999999999999986,0.9999999999999983,0.003273624813378254,0.433935108585135,0.040920310167228115,1,12.05117942161885,2.2911742156899897,5.2598267469545625,2.228935900873735e-07,1.1723816668662936e-06,64,0.0001
1,MNISTMLP,MNIST MLP hidden=64 target=1e-04,1.0,0.01,Muon,0,4,1024,128,2.290709656246556,0.443359375,full_layer_input_activation,"[[0.010000000000000002,0.010000000000000002,0.010000000000000002,0.009999999999999998,0.009999999999999998,0.009999999999999998,0.009999999999999997,0.009999999999999997,0.009999999999999995,0.009999999999999992]]",10.0,10.000000000000002,9.999999999999991,1.0000000000000002,0.9999999999999991,0.9999999999999989,0.0023675143562959383,0.7909545186568332,0.07486737759042565,2,6.256090505836636,1.815533977690992,3.4458680381146998,3.954670713654109e-05,0.00013627273413448947,64,0.0001
0,MNISTMLP,MNIST MLP hidden=64 target=1e-04,1.0,0.01,Adam,0,5,1024,128,2.282238394574445,0.3876953125,full_layer_input_activation,,,,,,,,,,,1,11.428531553954294,2.2911742156899897,4.988067461518887,2.0625839609991558e-07,1.028830794251063e-06,64,0.0001
0,MNISTMLP,MNIST MLP hidden=64 target=1e-04,1.0,0.01,Adam,0,5,1024,128,2.282238394574445,0.3876953125,full_layer_input_activation,,,,,,,,,,,2,4.594455001459503,1.528250004562684,3.0063503927645843,4.4060526264802666e-05,0.0001324613804416038,64,0.0001
1,MNISTMLP,MNIST MLP hidden=64 target=1e-04,1.0,0.01,Muon,0,5,1024,128,2.2874850420257347,0.375,full_layer_input_activation,,,,,,,,,,,1,11.689226141497771,2.2911742156899897,5.1018495500908685,2.620160071897037e-07,1.3367662483973955e-06,64,0.0001
1,MNISTMLP,MNIST MLP hidden=64 target=1e-04,1.0,0.01,Muon,0,5,1024,128,2.2874850420257347,0.375,full_layer_input_activation,,,,,,,,,,,2,5.474749129696248,1.811432191104078,3.0223318082689903,4.0812404596261755e-05,0.00012334862858322547,64,0.0001
2,MNISTMLP,MNIST MLP hidden=64 target=1e-04,1.0,0.01,Adam,1,0,1024,128,2.30425030315487,0.912109375,full_layer_input_activation,"[[0.03634580763475076,0.030823189925118413,0.02637477852489283,0.022605984827029205,0.020056747012020936,0.017790069072617667,0.015176850567626559,0.014135544667889919,0.01222921361954048,0.011908467496294765,0.011099503330660695,0.010623368955278252,0.010296594320009839,0.00999354815332149,0.009300012101257275,0.009186309604802765,0.008907178181474623,0.008575053568719338,0.00817778530479093,0.008092386072574852,0.008050640483084964,0.00792244728851795,0.007612765740707329,0.007592953281472198,0.007491434385222656,0.007243106367246158,0.007118103378402103,0.007046363242765812,0.006825750257776631,0.006669472157047766,0.00661660330372581,0.006523934138684221,0.006401088582058377,0.006278074370877014,0.006214028412004657,0.006027416458130921,0.005958657931286745,0.005855058094390264,0.005840176848365705,0.005653372814019288,0.00552937980017471,0.005480443809758605,0.0054022162905574805,0.005373533777364725,0.005242188135041134,0.005092088433768611,0.005064262842912325,0.004912448325850325,0.004893868721493966,0.00479904507965107,0.004678344087683711,0.004603902414757282,0.004596297145222393,0.0045313330185571595,0.004494563786144224,0.004376855621029875,0.004309566258967552,0.004165428414700449,0.003956947811828343,0.003907785705464788,0.0038393209698364362,0.0036101323453705714,0.003349973736944639,0.0032422200277960555]]",64.0,41.15564680061941,5.485213412657213,0.6430569812596783,0.08570645957276896,0.13327972803417729,0.004291006535921621,0.6156565893462266,0.05040900064875039,1,12.970525509314069,2.3177586117928044,5.596150282138857,1.7236285004488095e-07,9.645684119089181e-07,64,0.0001
2,MNISTMLP,MNIST MLP hidden=64 target=1e-04,1.0,0.01,Adam,1,0,1024,128,2.30425030315487,0.912109375,full_layer_input_activation,"[[0.006978126631638231,0.004956459908441058,0.004246311048112414,0.003922081152726064,0.003500196427967478,0.0033604449226542128,0.002962858831215827,0.0024704352234182856,0.0021534960101709934,0.0020489259722809025]]",10.0,8.701752792202162,3.16127285240059,0.8701752792202162,0.316127285240059,0.3632915032053632,0.0006813633288356378,0.6570180498026996,0.05491726734126736,2,5.6886604085522405,1.582336776099132,3.595100925718389,2.9655310453952656e-05,0.0001066138340654714,64,0.0001
3,MNISTMLP,MNIST MLP hidden=64 target=1e-04,1.0,0.01,Muon,1,0,1024,128,2.30425030315487,0.912109375,full_layer_input_activation,"[[0.010000000000000012,0.010000000000000007,0.010000000000000007,0.010000000000000007,0.010000000000000005,0.010000000000000005,0.010000000000000005,0.010000000000000005,0.010000000000000005,0.010000000000000005,0.010000000000000005,0.010000000000000004,0.010000000000000004,0.010000000000000004,0.010000000000000004,0.010000000000000004,0.010000000000000004,0.010000000000000004,0.010000000000000004,0.010000000000000002,0.010000000000000002,0.010000000000000002,0.010000000000000002,0.010000000000000002,0.010000000000000002,0.010000000000000002,0.010000000000000002,0.010000000000000002,0.010000000000000002,0.010000000000000002,0.010000000000000002,0.01,0.01,0.01,0.01,0.01,0.01,0.01,0.01,0.01,0.01,0.01,0.01,0.01,0.01,0.01,0.01,0.009999999999999998,0.009999999999999998,0.009999999999999998,0.009999999999999998,0.009999999999999998,0.009999999999999998,0.009999999999999998,0.009999999999999998,0.009999999999999998,0.009999999999999998,0.009999999999999997,0.009999999999999997,0.009999999999999997,0.009999999999999997,0.009999999999999995,0.009999999999999995,0.00999999999999999]]",64.0,64.00000000000001,63.99999999999986,1.0000000000000002,0.9999999999999978,0.9999999999999976,0.0029488205315100473,0.4501826974496369,0.03686025664387545,1,12.970525509314069,2.3177586117928044,5.596150282138857,1.7236285004488095e-07,9.645684119089181e-07,64,0.0001
3,MNISTMLP,MNIST MLP hidden=64 target=1e-04,1.0,0.01,Muon,1,0,1024,128,2.30425030315487,0.912109375,full_layer_input_activation,"[[0.010000000000000009,0.010000000000000007,0.010000000000000005,0.010000000000000004,0.010000000000000002,0.009999999999999998,0.009999999999999998,0.009999999999999997,0.009999999999999997,0.009999999999999995]]",10.0,10.0,9.999999999999984,1.0,0.9999999999999984,0.9999999999999984,0.0019935935616149916,0.7542320868639993,0.06304296383350601,2,5.6886604085522405,1.582336776099132,3.595100925718389,2.9655310453952656e-05,0.0001066138340654714,64,0.0001
2,MNISTMLP,MNIST MLP hidden=64 target=1e-04,1.0,0.01,Adam,1,1,1024,128,2.3006619130435495,0.8505859375,full_layer_input_activation,"[[0.04074833127671586,0.03023244321595645,0.02825238166765202,0.02348237149315944,0.021007793462386355,0.020329850843395975,0.014985157234754062,0.014241792375484631,0.013487656135956268,0.011576449512058658,0.010440157132229615,0.009967444513112511,0.009000699758541722,0.008760145477892917,0.00828707042822964,0.007952800566862381,0.007860427724221117,0.007686473078804545,0.007620941331304825,0.007100643835952946,0.00692445351358166,0.006756841101446359,0.006478537919083219,0.006318040092016895,0.006264901690057027,0.006183955891197599,0.006028586869072121,0.0059733161549482714,0.005874957246601877,0.005742797606890733,0.005706160846687071,0.005567374045880029,0.005456481673949276,0.0054117524952417605,0.005254608808852282,0.005130957788785794,0.004994409389701752,0.004900450875884774,0.004809494723665601,0.00464230486867455,0.004624682309282318,0.004535765187784132,0.004522233661821076,0.004455524730164053,0.004337505139088449,0.004240333770043261,0.004216488896462217,0.004105451852277371,0.004065368779479377,0.004012833390241906,0.003905341554954365,0.0038066345699390718,0.0037429675585215643,0.003664896450035187,0.003587213045206865,0.003546193804351929,0.003453582353475654,0.003396520278769322,0.003234037479703437,0.0031540899359090374,0.003104874536795143,0.003004813846653407,0.0027063091370603865,0.0026484072952818573]]",64.0,35.488210452377885,4.37110676957802,0.5545032883184045,0.06829854327465656,0.12317067312942331,0.003942845767691214,0.5934515517119903,0.0462811618987559,1,13.18427441034966,2.3177586117928044,5.688372526486493,1.5636607063956536e-07,8.894684603007498e-07,64,0.0001
2,MNISTMLP,MNIST MLP hidden=64 target=1e-04,1.0,0.01,Adam,1,1,1024,128,2.3006619130435495,0.8505859375,full_layer_input_activation,"[[0.006318216748096489,0.0053562407387255165,0.004101298124792174,0.0037491418577811136,0.003466562838571259,0.003260596264945787,0.002955071564375175,0.0022138339150144276,0.00215158515173283,0.0018460803247689003]]",10.0,8.723457336325888,3.602348907196874,0.8723457336325888,0.3602348907196874,0.41294967904481067,0.0005108870101968375,0.6220627371372757,0.04260273226903469,2,6.940544187829799,1.5536524544220875,4.467243731424783,1.9450278176682825e-05,8.688913325925461e-05,64,0.0001
3,MNISTMLP,MNIST MLP hidden=64 target=1e-04,1.0,0.01,Muon,1,1,1024,128,2.300781297018254,0.849609375,full_layer_input_activation,"[[0.01000000000000001,0.010000000000000007,0.010000000000000004,0.010000000000000004,0.010000000000000004,0.010000000000000004,0.010000000000000004,0.010000000000000004,0.010000000000000004,0.010000000000000004,0.010000000000000004,0.010000000000000004,0.010000000000000004,0.010000000000000004,0.01,0.01,0.01,0.01,0.01,0.01,0.01,0.01,0.01,0.01,0.01,0.01,0.01,0.01,0.01,0.01,0.01,0.01,0.01,0.01,0.01,0.01,0.01,0.01,0.01,0.01,0.01,0.01,0.009999999999999997,0.009999999999999997,0.009999999999999997,0.009999999999999997,0.009999999999999997,0.009999999999999997,0.009999999999999997,0.009999999999999997,0.009999999999999997,0.009999999999999997,0.009999999999999997,0.009999999999999997,0.009999999999999997,0.009999999999999997,0.009999999999999997,0.009999999999999997,0.009999999999999997,0.009999999999999997,0.009999999999999997,0.009999999999999997,0.009999999999999997,0.009999999999999997]]",64.0,64.00000000000003,63.99999999999986,1.0000000000000004,0.9999999999999978,0.9999999999999973,0.0028047583222802564,0.464809908798687,0.035059479028503156,1,13.827088084316424,2.3177586117928044,5.965715331166891,1.4627318451318876e-07,8.726241793889336e-07,64,0.0001
3,MNISTMLP,MNIST MLP hidden=64 target=1e-04,1.0,0.01,Muon,1,1,1024,128,2.300781297018254,0.849609375,full_layer_input_activation,"[[0.010000000000000005,0.010000000000000002,0.010000000000000002,0.01,0.01,0.01,0.01,0.009999999999999998,0.009999999999999995,0.009999999999999995]]",10.0,9.999999999999998,9.99999999999999,0.9999999999999998,0.9999999999999989,0.9999999999999991,0.0017946558982465672,0.8359884103150789,0.056752002547145346,2,6.988766221811333,1.5931344919945687,4.386802405527956,2.0039591058636068e-05,8.790972626182123e-05,64,0.0001
2,MNISTMLP,MNIST MLP hidden=64 target=1e-04,1.0,0.01,Adam,1,2,1024,128,2.2977053419181748,0.7158203125,full_layer_input_activation,"[[0.03968352522572763,0.03272588386244605,0.02964706853480662,0.02536775530729527,0.021410712761562724,0.020053857961317933,0.015081332834552619,0.014030645002741824,0.013403674771318892,0.010966193247077902,0.010475439637176705,0.0094956827632343,0.008770397076604021,0.008553263396822615,0.008019247633961548,0.0076534101840101095,0.0073728101905485306,0.006937632065553827,0.006801761411543242,0.006522243504497478,0.0064229159006597,0.006175342334267409,0.006095475153090828,0.005944736276759571,0.005847495395782008,0.005806502889257227,0.005634075239328361,0.005525988235686034,0.005477998402618772,0.005404656764669872,0.005174197805212312,0.00509025577115049,0.004965377510408302,0.004905063305245663,0.004841302119910359,0.004662371781170125,0.004642553089309328,0.004482329232598949,0.004413498859430057,0.004263399671837503,0.004232317085192658,0.0041418698831480645,0.004104911403981508,0.0040239577784235096,0.003962070126559058,0.0038213147342609894,0.003793548604237272,0.003719909939839263,0.0036795953108041983,0.00362859449301172,0.0035671557683313415,0.003487456396930503,0.0033600369619107015,0.0032946550987780652,0.003184748265237023,0.0030864852698053754,0.0030181589457219642,0.002925828209656094,0.0028751295292344667,0.002775660519590865,0.002718486562458648,0.0025996788112266907,0.002526720218838958,0.002305657741786853]]",64.0,32.99754488683838,4.612631947500278,0.5155866388568496,0.07207237417969184,0.13978712547611696,0.0034939222094159095,0.6136170259538233,0.04099478234887446,1,15.398843443106395,2.3177586117928044,6.643851246957624,1.147537594726292e-07,7.624069079653027e-07,64,0.0001
2,MNISTMLP,MNIST MLP hidden=64 target=1e-04,1.0,0.01,Adam,1,2,1024,128,2.2977053419181748,0.7158203125,full_layer_input_activation,"[[0.005946661369463342,0.005316278032191365,0.00446136054331497,0.003946182262191546,0.0034366560780885584,0.00306480598932697,0.002840303686552662,0.0024080398885697007,0.002169905003721095,0.001978465641896631]]",10.0,8.859814753599391,4.037977669878905,0.8859814753599391,0.4037977669878905,0.4557632165208008,0.0005394165101848332,0.6552327931218141,0.04514078113800368,2,7.041460089280823,1.523259986626147,4.6226252583952405,1.6622153581671883e-05,7.683798699556137e-05,64,0.0001
3,MNISTMLP,MNIST MLP hidden=64 target=1e-04,1.0,0.01,Muon,1,2,1024,128,2.298296217332906,0.703125,full_layer_input_activation,"[[0.010000000000000009,0.010000000000000007,0.010000000000000007,0.010000000000000007,0.010000000000000005,0.010000000000000005,0.010000000000000005,0.010000000000000005,0.010000000000000004,0.010000000000000004,0.010000000000000004,0.010000000000000004,0.010000000000000004,0.010000000000000004,0.010000000000000004,0.010000000000000004,0.010000000000000004,0.010000000000000004,0.010000000000000002,0.010000000000000002,0.010000000000000002,0.010000000000000002,0.010000000000000002,0.010000000000000002,0.010000000000000002,0.010000000000000002,0.010000000000000002,0.010000000000000002,0.010000000000000002,0.010000000000000002,0.010000000000000002,0.010000000000000002,0.010000000000000002,0.010000000000000002,0.010000000000000002,0.010000000000000002,0.010000000000000002,0.010000000000000002,0.010000000000000002,0.010000000000000002,0.010000000000000002,0.010000000000000002,0.010000000000000002,0.010000000000000002,0.010000000000000002,0.009999999999999998,0.009999999999999998,0.009999999999999998,0.009999999999999998,0.009999999999999998,0.009999999999999998,0.009999999999999998,0.009999999999999998,0.009999999999999998,0.009999999999999998,0.009999999999999998,0.009999999999999997,0.009999999999999997,0.009999999999999997,0.009999999999999997,0.009999999999999995,0.009999999999999995,0.009999999999999995,0.009999999999999993]]",64.0,64.00000000000001,63.99999999999991,1.0000000000000002,0.9999999999999986,0.9999999999999983,0.0027255055860421883,0.4964125294623713,0.03406881982552726,1,15.771225562062744,2.3177586117928044,6.804516001717529,1.210969667886756e-07,8.240062482729992e-07,64,0.0001
3,MNISTMLP,MNIST MLP hidden=64 target=1e-04,1.0,0.01,Muon,1,2,1024,128,2.298296217332906,0.703125,full_layer_input_activation,"[[0.010000000000000005,0.010000000000000005,0.010000000000000004,0.010000000000000004,0.010000000000000002,0.010000000000000002,0.010000000000000002,0.01,0.009999999999999998,0.009999999999999995]]",10.0,10.0,9.999999999999993,1.0,0.9999999999999993,0.9999999999999993,0.0016966262847572249,0.85389538971551,0.053652033979422475,2,7.291373365774027,1.5963054046598286,4.567655628108215,1.645207942941433e-05,7.514743319984776e-05,64,0.0001
2,MNISTMLP,MNIST MLP hidden=64 target=1e-04,1.0,0.01,Adam,1,3,1024,128,2.294291904567033,0.6298828125,full_layer_input_activation,"[[0.03896072963635351,0.03402832268085497,0.030659991509806705,0.025213496240707633,0.02085979127290117,0.02007770816785606,0.016528628032809987,0.0154386530113899,0.01305121785141582,0.011187494149854845,0.009854798705880848,0.009020904741721158,0.008224431152656175,0.008071992751482127,0.00752857452310603,0.007255901281531553,0.007183687448519462,0.006814576876439923,0.006684891157833773,0.006407649586520227,0.006323184326120206,0.006101459702031124,0.00593153309499436,0.005810227605333442,0.005746458110628494,0.005452218329094913,0.005353933403994217,0.005298526484118618,0.0052274012985792885,0.005109643260996973,0.004945844199471873,0.004898443211904409,0.004715832064674879,0.004621069432599541,0.004578672982727731,0.00441209187106317,0.004402940985702863,0.004233726105437794,0.004128499873375953,0.004053882617089817,0.00399172111495196,0.003955862428293436,0.0038639333548932653,0.003821627756787972,0.003776609153629968,0.003637758664250182,0.003552989290943268,0.003509818349464031,0.0034577469076992233,0.003361815208904522,0.0033031950316843063,0.0032188169071829245,0.003122614558280039,0.003091047276745628,0.0030075057805485405,0.002969460290493811,0.002885516242782355,0.002780082074686568,0.002763437501388807,0.002602647776984517,0.002583269723874769,0.0024833843832238675,0.0023717259619561214,0.0022611062292647163]]",64.0,31.781075254720918,4.79133886586137,0.49657930085501434,0.0748646697790839,0.15076075392224625,0.0040080428470008365,0.6010184268557475,0.04699772442785868,1,13.189912860450248,2.3177586117928044,5.690805243194737,1.5721089545556122e-07,8.946565881458475e-07,64,0.0001
2,MNISTMLP,MNIST MLP hidden=64 target=1e-04,1.0,0.01,Adam,1,3,1024,128,2.294291904567033,0.6298828125,full_layer_input_activation,"[[0.0059983387038002175,0.0056035545518627085,0.004568621297169899,0.0037857826775534245,0.003452294670943212,0.003239000265424123,0.0029250018496454434,0.0024482307767493346,0.0022527265532528602,0.0021067640881214517]]",10.0,8.879366613202494,4.142752258529162,0.8879366613202494,0.4142752258529162,0.4665594336840889,0.0006924751966790908,0.6766690516730747,0.056719024882980654,2,6.972535958012826,1.508040762899347,4.623572604634031,1.9321146190559983e-05,8.933272221680232e-05,64,0.0001
3,MNISTMLP,MNIST MLP hidden=64 target=1e-04,1.0,0.01,Muon,1,3,1024,128,2.2949866260254073,0.5888671875,full_layer_input_activation,"[[0.010000000000000005,0.010000000000000005,0.010000000000000004,0.010000000000000004,0.010000000000000004,0.010000000000000004,0.010000000000000004,0.010000000000000004,0.010000000000000004,0.010000000000000004,0.010000000000000002,0.010000000000000002,0.010000000000000002,0.010000000000000002,0.010000000000000002,0.010000000000000002,0.010000000000000002,0.010000000000000002,0.010000000000000002,0.01,0.01,0.01,0.01,0.01,0.01,0.01,0.01,0.01,0.01,0.01,0.01,0.01,0.01,0.01,0.01,0.009999999999999998,0.009999999999999998,0.009999999999999998,0.009999999999999998,0.009999999999999998,0.009999999999999998,0.009999999999999998,0.009999999999999997,0.009999999999999997,0.009999999999999997,0.009999999999999997,0.009999999999999997,0.009999999999999997,0.009999999999999997,0.009999999999999997,0.009999999999999997,0.009999999999999997,0.009999999999999997,0.009999999999999997,0.009999999999999997,0.009999999999999997,0.009999999999999997,0.009999999999999997,0.009999999999999997,0.009999999999999997,0.009999999999999995,0.009999999999999993,0.009999999999999993,0.009999999999999993]]",64.0,63.999999999999986,63.99999999999992,0.9999999999999998,0.9999999999999988,0.999999999999999,0.0030422327241137626,0.46795423378675943,0.03802790905142206,1,14.014794554812964,2.3177586117928044,6.046701534622888,1.6978631660270213e-07,1.0266471811595264e-06,64,0.0001
3,MNISTMLP,MNIST MLP hidden=64 target=1e-04,1.0,0.01,Muon,1,3,1024,128,2.2949866260254073,0.5888671875,full_layer_input_activation,"[[0.010000000000000002,0.010000000000000002,0.010000000000000002,0.010000000000000002,0.010000000000000002,0.009999999999999998,0.009999999999999998,0.009999999999999998,0.009999999999999998,0.009999999999999997]]",10.0,9.999999999999998,9.999999999999996,0.9999999999999998,0.9999999999999997,0.9999999999999998,0.001909584397743922,0.84785918665576,0.06038636081191692,2,7.188652003965671,1.6015599524029307,4.48853131796911,1.948690908681775e-05,8.746760172659828e-05,64,0.0001
2,MNISTMLP,MNIST MLP hidden=64 target=1e-04,1.0,0.01,Adam,1,4,1024,128,2.288998200688394,0.5703125,full_layer_input_activation,"[[0.03793379353146169,0.03661249359415036,0.032108191039130166,0.026927889835114738,0.020343012843564046,0.019803302636353836,0.015760429678887723,0.014703170267205303,0.013182038258359155,0.010569665038664728,0.009472456644783222,0.008747165871133143,0.00808464424175532,0.007467459294999015,0.0074043964299705615,0.00699427117613543,0.0066498155170261345,0.006482999764107991,0.0062566045219723185,0.006013150675980325,0.005815785448603416,0.005650267821067972,0.0055930199064849915,0.005469632608620938,0.005332462518730426,0.005076819479812794,0.005021367762952869,0.0049875144579412285,0.004698392941330766,0.00462075316991579,0.0045781259000732535,0.004460587751662275,0.004427087997337764,0.00425749731186958,0.004131315403877346,0.004065128098623187,0.0040259253868020015,0.003993209629098067,0.003865999922892959,0.0037987697655609822,0.003781542787778706,0.003595260533346876,0.00354375867574242,0.0034382029303152008,0.0033797036427204107,0.003309754931117913,0.0032118316395338947,0.0031427450645353876,0.0031252017596543995,0.003015617148535876,0.002967379953373347,0.0029112544318000387,0.002908231395683168,0.0028566424745764553,0.0027000275422151606,0.0026436481618296926,0.0025794988329930664,0.002524401275207479,0.0024515039315955852,0.002396123376863146,0.0022834460017241882,0.002212763816767378,0.002166560662234834,0.0021118588219410156]]",64.0,29.58315582489937,5.071574588979,0.4622368097640527,0.07924335295279687,0.17143453588918284,0.004783865874061977,0.6299163335045954,0.05599913390119555,1,11.552588870135622,2.3177586117928044,4.984379655135702,2.0318958177349156e-07,1.0127740175273233e-06,64,0.0001
2,MNISTMLP,MNIST MLP hidden=64 target=1e-04,1.0,0.01,Adam,1,4,1024,128,2.288998200688394,0.5703125,full_layer_input_activation,"[[0.006127944077854066,0.005520895382468639,0.004624360705300184,0.003920631045937037,0.0035727662614663184,0.0033767367970272927,0.0031171540627273004,0.002443720452721343,0.0021959768925962388,0.0016496012421318086]]",10.0,8.777932201169314,4.052732041217574,0.8777932201169314,0.4052732041217574,0.4616955278690472,0.0010467664982568119,0.677351791608355,0.08485180324286733,2,5.884414187990312,1.4901705878198828,3.948819172843292,3.213670274563456e-05,0.00012690202795392742,64,0.0001
3,MNISTMLP,MNIST MLP hidden=64 target=1e-04,1.0,0.01,Muon,1,4,1024,128,2.290679533465441,0.5,full_layer_input_activation,"[[0.010000000000000005,0.010000000000000005,0.010000000000000005,0.010000000000000005,0.010000000000000004,0.010000000000000004,0.010000000000000004,0.010000000000000004,0.010000000000000004,0.010000000000000004,0.010000000000000004,0.010000000000000004,0.010000000000000004,0.010000000000000002,0.010000000000000002,0.010000000000000002,0.010000000000000002,0.010000000000000002,0.010000000000000002,0.010000000000000002,0.010000000000000002,0.010000000000000002,0.010000000000000002,0.010000000000000002,0.010000000000000002,0.010000000000000002,0.010000000000000002,0.01,0.01,0.01,0.01,0.01,0.01,0.01,0.01,0.01,0.01,0.01,0.01,0.01,0.01,0.01,0.01,0.01,0.009999999999999998,0.009999999999999998,0.009999999999999998,0.009999999999999998,0.009999999999999998,0.009999999999999998,0.009999999999999998,0.009999999999999998,0.009999999999999998,0.009999999999999998,0.009999999999999998,0.009999999999999998,0.009999999999999997,0.009999999999999997,0.009999999999999997,0.009999999999999997,0.009999999999999995,0.009999999999999995,0.009999999999999995,0.009999999999999993]]",64.0,64.00000000000003,63.99999999999993,1.0000000000000004,0.9999999999999989,0.9999999999999984,0.0033834684203714713,0.4400583093117613,0.042293355254643464,1,12.393684198036835,2.3177586117928044,5.347271340068595,2.3748073494132028e-07,1.2698739277701485e-06,64,0.0001
3,MNISTMLP,MNIST MLP hidden=64 target=1e-04,1.0,0.01,Muon,1,4,1024,128,2.290679533465441,0.5,full_layer_input_activation,"[[0.010000000000000005,0.010000000000000004,0.010000000000000004,0.01,0.01,0.009999999999999998,0.009999999999999998,0.009999999999999998,0.009999999999999998,0.009999999999999997]]",10.0,10.000000000000002,9.99999999999999,1.0000000000000002,0.9999999999999989,0.9999999999999988,0.0024199244016596556,0.7888524978725279,0.07652472874664662,2,6.222882633997263,1.6124070673826163,3.8593744469867195,3.267584167239178e-05,0.0001261083083842126,64,0.0001
2,MNISTMLP,MNIST MLP hidden=64 target=1e-04,1.0,0.01,Adam,1,5,1024,128,2.2840542213649364,0.55078125,full_layer_input_activation,,,,,,,,,,,1,11.82814038960363,2.3177586117928044,5.103266720452166,2.2717689313848788e-07,1.1593442784093634e-06,64,0.0001
2,MNISTMLP,MNIST MLP hidden=64 target=1e-04,1.0,0.01,Adam,1,5,1024,128,2.2840542213649364,0.55078125,full_layer_input_activation,,,,,,,,,,,2,6.741537699932326,1.460017381068857,4.617436605444345,2.0462966841160574e-05,9.448645214836866e-05,64,0.0001
3,MNISTMLP,MNIST MLP hidden=64 target=1e-04,1.0,0.01,Muon,1,5,1024,128,2.287791346790287,0.4912109375,full_layer_input_activation,,,,,,,,,,,1,13.699561193083998,2.3177586117928044,5.9106936862969,2.483047145812894e-07,1.467653108753381e-06,64,0.0001
3,MNISTMLP,MNIST MLP hidden=64 target=1e-04,1.0,0.01,Muon,1,5,1024,128,2.287791346790287,0.4912109375,full_layer_input_activation,,,,,,,,,,,2,7.414032814631987,1.6090594557548008,4.6076810823339684,2.1310117902301282e-05,9.819022712074006e-05,64,0.0001
4,MNISTMLP,MNIST MLP hidden=64 target=1e-04,1.0,0.01,Adam,2,0,1024,128,2.3028885439824243,0.89453125,full_layer_input_activation,"[[0.0392718624331096,0.030739141118916135,0.025634466534968647,0.020601180638847676,0.019412916798887958,0.01810392831172663,0.016541826616697106,0.012712969807940924,0.011589399666326912,0.011276879103642395,0.010840411247992891,0.010640712428418742,0.010135972398473275,0.009724881964131021,0.009507612226025242,0.009160420635467377,0.008772940415061381,0.008582547617207385,0.008244311398991292,0.008219266136473153,0.00801357795147144,0.0076630410546946965,0.007568065155446709,0.007352264108144001,0.007140472806765681,0.007061624819312437,0.006962472858645977,0.006832252286023301,0.006753142619177912,0.006666994951438692,0.006458303905365108,0.00638758814076021,0.006326785456435474,0.006275727367183895,0.006141847190758233,0.005942747093063311,0.0059233757796876806,0.005907685584687284,0.005814864972645805,0.005589264522900463,0.005543007539615499,0.005436549034791463,0.005391278450030032,0.0052471969233352945,0.005178467752672449,0.005013019166748316,0.004974652932921608,0.004921642953319432,0.004888718508068516,0.0048634976633096,0.004692347351014565,0.004578522431660116,0.004557950520376808,0.004503751759960331,0.0044271337513391434,0.004287542754928309,0.0042396347124785995,0.004150856055937295,0.004047311924933302,0.003932260594187118,0.0038304319277087857,0.0036454614508123905,0.0033401728668329936,0.0028118740726662474]]",64.0,40.367732707356595,4.701058098606005,0.6307458235524468,0.07345403279071883,0.11645583695983219,0.00427542104027675,0.6296803814597912,0.050211082350135966,1,13.35436496376128,2.2909517121094636,5.829177844811421,1.581749780791869e-07,9.220300778227286e-07,64,0.0001
4,MNISTMLP,MNIST MLP hidden=64 target=1e-04,1.0,0.01,Adam,2,0,1024,128,2.3028885439824243,0.89453125,full_layer_input_activation,"[[0.006044511462355889,0.004822991629453458,0.004348978342044909,0.004207430910613817,0.0036593764728048346,0.003530325142167476,0.0031362877146260547,0.0027830574708267047,0.002263742772476657,0.0021638041078856965]]",10.0,9.128128708909816,4.096110376637038,0.9128128708909816,0.4096110376637038,0.4487349496550035,0.0006083177602109412,0.6870008572095936,0.049725993080002265,2,6.498061203692505,1.8334528732117614,3.544165927924556,3.263540556680739e-05,0.0001156652924538781,64,0.0001
5,MNISTMLP,MNIST MLP hidden=64 target=1e-04,1.0,0.01,Muon,2,0,1024,128,2.3028885439824243,0.89453125,full_layer_input_activation,"[[0.010000000000000007,0.010000000000000007,0.010000000000000007,0.010000000000000004,0.010000000000000004,0.010000000000000004,0.010000000000000004,0.010000000000000004,0.010000000000000004,0.010000000000000002,0.010000000000000002,0.010000000000000002,0.010000000000000002,0.010000000000000002,0.010000000000000002,0.010000000000000002,0.010000000000000002,0.010000000000000002,0.010000000000000002,0.010000000000000002,0.01,0.01,0.01,0.01,0.01,0.01,0.01,0.01,0.01,0.01,0.01,0.01,0.01,0.01,0.01,0.01,0.01,0.01,0.01,0.01,0.01,0.009999999999999998,0.009999999999999998,0.009999999999999998,0.009999999999999998,0.009999999999999998,0.009999999999999998,0.009999999999999998,0.009999999999999998,0.009999999999999998,0.009999999999999997,0.009999999999999997,0.009999999999999997,0.009999999999999997,0.009999999999999997,0.009999999999999997,0.009999999999999995,0.009999999999999995,0.009999999999999995,0.009999999999999995,0.009999999999999995,0.009999999999999993,0.009999999999999993,0.009999999999999993]]",64.0,64.00000000000003,63.99999999999991,1.0000000000000004,0.9999999999999986,0.9999999999999981,0.0029140100223090525,0.45679530706736815,0.03642512527886321,1,13.35436496376128,2.2909517121094636,5.829177844811421,1.581749780791869e-07,9.220300778227286e-07,64,0.0001
5,MNISTMLP,MNIST MLP hidden=64 target=1e-04,1.0,0.01,Muon,2,0,1024,128,2.3028885439824243,0.89453125,full_layer_input_activation,"[[0.010000000000000009,0.010000000000000004,0.010000000000000004,0.010000000000000004,0.010000000000000004,0.010000000000000004,0.010000000000000002,0.010000000000000002,0.010000000000000002,0.009999999999999998]]",10.0,9.999999999999996,9.99999999999999,0.9999999999999997,0.9999999999999989,0.9999999999999993,0.0018450922514436597,0.8061055268196905,0.05834694007690061,2,6.498061203692505,1.8334528732117614,3.544165927924556,3.263540556680739e-05,0.0001156652924538781,64,0.0001
4,MNISTMLP,MNIST MLP hidden=64 target=1e-04,1.0,0.01,Adam,2,1,1024,128,2.300398394667466,0.8212890625,full_layer_input_activation,"[[0.03655308665588358,0.03155525600859989,0.03088361485805213,0.023225260504350333,0.022847112541957922,0.01828447713078031,0.01743869315709594,0.014967938425011294,0.013105006789340215,0.010799033984101722,0.010480577472064512,0.009690859540639777,0.009396200197559837,0.009204258488673477,0.008859776687322135,0.008299299464514033,0.007838976596634089,0.007390277346019174,0.007266257744463849,0.007094312668828592,0.006981043503646433,0.006697680730821786,0.006647778426310872,0.006513491363361035,0.006383727854280875,0.006198380736052673,0.00611601034963843,0.006007476428954163,0.00593184627193954,0.00570466436767875,0.005570709729526362,0.005557127113255811,0.005466622762751849,0.005313679440238058,0.005267892264901953,0.005221990311662119,0.0050114173473281365,0.004920394483694027,0.0048649291219113105,0.00482903864358441,0.004779810290631583,0.004676713971215243,0.004497064788330833,0.0044200878125818825,0.004341690215208349,0.004250668812301025,0.004123624331014361,0.004032598030875225,0.004006020661487923,0.0039048141410961096,0.003837829858303742,0.0037623304148121876,0.0037184129884474727,0.003625814084829245,0.0035552590051374706,0.0035070951470193763,0.0034341353227208184,0.0033238085128660753,0.003210686455959897,0.0031916379567167702,0.003088534468508193,0.0029824736426781987,0.00290914243067293,0.0027173264992283244]]",64.0,35.878328353790984,5.4317925763403405,0.5605988805279841,0.08487175900531782,0.15139480643518904,0.003717608608980862,0.6295526613682553,0.043638319790599074,1,16.075250189848667,2.2909517121094636,7.0168437444047616,1.1952282636250523e-07,8.386729964753213e-07,64,0.0001
4,MNISTMLP,MNIST MLP hidden=64 target=1e-04,1.0,0.01,Adam,2,1,1024,128,2.300398394667466,0.8212890625,full_layer_input_activation,"[[0.0055794867875560514,0.004934951687831596,0.004337899967559429,0.003982304744553945,0.0038213917354551234,0.003289229418819243,0.0029433196664431674,0.002584430361784861,0.002562184782385203,0.0020434829338030727]]",10.0,9.188334760752975,4.550677022402832,0.9188334760752974,0.4550677022402832,0.49526678564657656,0.000507599768408612,0.6997807394064467,0.04264706569710907,2,7.814287171211549,1.7356795131548888,4.502148646674852,1.990182773583978e-05,8.960098680726712e-05,64,0.0001
5,MNISTMLP,MNIST MLP hidden=64 target=1e-04,1.0,0.01,Muon,2,1,1024,128,2.3004204365380225,0.81640625,full_layer_input_activation,"[[0.010000000000000009,0.010000000000000009,0.010000000000000007,0.010000000000000007,0.010000000000000005,0.010000000000000005,0.010000000000000005,0.010000000000000005,0.010000000000000005,0.010000000000000005,0.010000000000000004,0.010000000000000004,0.010000000000000004,0.010000000000000004,0.010000000000000004,0.010000000000000004,0.010000000000000004,0.010000000000000004,0.010000000000000002,0.010000000000000002,0.010000000000000002,0.010000000000000002,0.010000000000000002,0.010000000000000002,0.010000000000000002,0.010000000000000002,0.010000000000000002,0.010000000000000002,0.010000000000000002,0.010000000000000002,0.010000000000000002,0.010000000000000002,0.010000000000000002,0.010000000000000002,0.010000000000000002,0.010000000000000002,0.010000000000000002,0.010000000000000002,0.010000000000000002,0.010000000000000002,0.010000000000000002,0.010000000000000002,0.010000000000000002,0.010000000000000002,0.010000000000000002,0.010000000000000002,0.010000000000000002,0.010000000000000002,0.009999999999999998,0.009999999999999998,0.009999999999999998,0.009999999999999998,0.009999999999999998,0.009999999999999998,0.009999999999999998,0.009999999999999998,0.009999999999999998,0.009999999999999998,0.009999999999999997,0.009999999999999997,0.009999999999999997,0.009999999999999997,0.009999999999999995,0.009999999999999995]]",64.0,64.0,63.999999999999915,1.0,0.9999999999999987,0.9999999999999987,0.0027914477852493272,0.5043160079010626,0.034893097315616635,1,16.27741669281691,2.2909517121094636,7.105089385681108,1.1908374324436013e-07,8.461006401326774e-07,64,0.0001
5,MNISTMLP,MNIST MLP hidden=64 target=1e-04,1.0,0.01,Muon,2,1,1024,128,2.3004204365380225,0.81640625,full_layer_input_activation,"[[0.010000000000000007,0.010000000000000005,0.010000000000000005,0.010000000000000004,0.010000000000000004,0.010000000000000004,0.010000000000000004,0.010000000000000002,0.010000000000000002,0.010000000000000002]]",10.0,9.999999999999998,9.999999999999995,0.9999999999999998,0.9999999999999994,0.9999999999999997,0.0016830114047411502,0.88129978322688,0.053221493670215406,2,7.766893079157453,1.829448430886095,4.245483473614804,2.2509922929463235e-05,9.556550578937911e-05,64,0.0001
4,MNISTMLP,MNIST MLP hidden=64 target=1e-04,1.0,0.01,Adam,2,2,1024,128,2.2967320440622805,0.7470703125,full_layer_input_activation,"[[0.04005714773113472,0.031243967808864,0.029120477879302893,0.025191875672881076,0.022349200914609957,0.019343288758302164,0.017992903349575717,0.01423128193541638,0.012573061359491083,0.011172002895351477,0.010499885707243967,0.00952304105008789,0.008984066024398978,0.008572839724801546,0.007898236558159764,0.007610053500814852,0.007401696570144651,0.007248789956825403,0.006984345759067723,0.006911268444811834,0.006653764799112474,0.006414493560211827,0.0060618133358402776,0.005942866961331493,0.0058842691372293756,0.005776362981392844,0.005680306373600666,0.005532488383122592,0.005331813848427648,0.0052657566188244395,0.005188658935036935,0.004959559052243737,0.004929179976234443,0.004764898955615445,0.0046857488724946356,0.004616576464850131,0.004542389639479495,0.004434289897558086,0.00436999573124323,0.00428937980749442,0.004173776191683549,0.004119646231059558,0.0040065517289728245,0.003914900028935152,0.0038581132574753247,0.0038273520701972655,0.0037994259700609334,0.0037327871917426313,0.003621209406636544,0.0034876363921433544,0.0034743525417163575,0.0034151783504532875,0.0032980510379411894,0.0032005580809787992,0.0031558119493306598,0.003071419023246247,0.0030306718769358768,0.0028826573989308873,0.0028316807691810054,0.002806311842576865,0.002722758381923092,0.00259642451839491,0.0024609922495432614,0.002375647612141277]]",64.0,33.0754917286395,4.525842476670264,0.5168045582599922,0.07071628869797288,0.13683371705556277,0.004314246566200148,0.6138872507685287,0.050626187460931706,1,13.07331847661624,2.2909517121094636,5.7065011049833885,1.6918122273406673e-07,9.654328344743924e-07,64,0.0001
4,MNISTMLP,MNIST MLP hidden=64 target=1e-04,1.0,0.01,Adam,2,2,1024,128,2.2967320440622805,0.7470703125,full_layer_input_activation,"[[0.005987628668754812,0.00544208691534438,0.004319504679939026,0.0036776646353550535,0.0036071706501810126,0.0032636416485728745,0.0028684175244372,0.002387204946365148,0.0021887508883745342,0.001802226003578435]]",10.0,8.817703573612626,3.99645230460112,0.8817703573612625,0.399645230460112,0.45323051191703506,0.0007545498152827424,0.6502603459108981,0.06303702967445245,2,5.561374271023976,1.6054108476737472,3.464143947377988,3.6623881088571384e-05,0.00012687039600246572,64,0.0001
5,MNISTMLP,MNIST MLP hidden=64 target=1e-04,1.0,0.01,Muon,2,2,1024,128,2.2975029618338256,0.7509765625,full_layer_input_activation,"[[0.010000000000000007,0.010000000000000005,0.010000000000000005,0.010000000000000004,0.010000000000000004,0.010000000000000004,0.010000000000000004,0.010000000000000004,0.010000000000000002,0.010000000000000002,0.010000000000000002,0.010000000000000002,0.010000000000000002,0.010000000000000002,0.010000000000000002,0.010000000000000002,0.010000000000000002,0.010000000000000002,0.01,0.01,0.01,0.01,0.01,0.01,0.01,0.01,0.01,0.01,0.01,0.01,0.009999999999999998,0.009999999999999998,0.009999999999999998,0.009999999999999998,0.009999999999999998,0.009999999999999998,0.009999999999999998,0.009999999999999998,0.009999999999999998,0.009999999999999998,0.009999999999999998,0.009999999999999998,0.009999999999999998,0.009999999999999998,0.009999999999999998,0.009999999999999998,0.009999999999999998,0.009999999999999997,0.009999999999999997,0.009999999999999997,0.009999999999999997,0.009999999999999997,0.009999999999999997,0.009999999999999997,0.009999999999999997,0.009999999999999995,0.009999999999999995,0.009999999999999995,0.009999999999999995,0.009999999999999995,0.009999999999999995,0.009999999999999993,0.009999999999999993,0.009999999999999988]]",64.0,63.999999999999986,63.99999999999991,0.9999999999999998,0.9999999999999986,0.9999999999999988,0.0030520888699359034,0.4600059001407102,0.038151110874198826,1,13.542747402512934,2.2909517121094636,5.911406744598312,1.711065023446748e-07,1.0114801320049375e-06,64,0.0001
5,MNISTMLP,MNIST MLP hidden=64 target=1e-04,1.0,0.01,Muon,2,2,1024,128,2.2975029618338256,0.7509765625,full_layer_input_activation,"[[0.010000000000000007,0.010000000000000005,0.010000000000000002,0.010000000000000002,0.010000000000000002,0.010000000000000002,0.01,0.009999999999999998,0.009999999999999997,0.009999999999999993]]",10.0,10.0,9.999999999999988,1.0,0.9999999999999988,0.9999999999999988,0.0020437033652266597,0.77414867786831,0.06462757495867205,2,5.9930617544525235,1.829821693225584,3.275216255572989,4.08010183051297e-05,0.00013363215839689189,64,0.0001
4,MNISTMLP,MNIST MLP hidden=64 target=1e-04,1.0,0.01,Adam,2,3,1024,128,2.2936881336775135,0.7431640625,full_layer_input_activation,"[[0.04104965884522698,0.03298310905322744,0.02842653532837334,0.025556836453442547,0.022577632431533115,0.020494856794540675,0.016653432962323755,0.01455700159637207,0.012658580264182167,0.010602975587048024,0.01005072870790718,0.009236543389652898,0.008977669277766505,0.008269533108457468,0.007730359577009742,0.007579824341843212,0.007129292687152991,0.006639209344503057,0.006565109432094615,0.006536482941387502,0.006500828146098455,0.006202459680214804,0.005936855317453457,0.005660362997103344,0.005620339272020287,0.0054548749410561,0.005369484931340483,0.005073716225613892,0.004921947796211163,0.004906315115354648,0.004698514341358728,0.004602891548827613,0.004543548315057582,0.004451179926914021,0.004348424141769368,0.004190968307269077,0.00416569887948697,0.004104808491376062,0.003980733764333641,0.0038724073081337533,0.0038060509898000523,0.003742182890256344,0.003682756716376197,0.003603350882760243,0.0035700126523718896,0.0035050703195700326,0.0034259632325541055,0.0033008085906434097,0.0032736624136959444,0.003209933099610612,0.0031160673909238486,0.0030319017928045508,0.0029911533318680585,0.002919366796902795,0.0028378263211243046,0.002771143738584032,0.002757243066474914,0.002701119579919847,0.002621795843366082,0.002558733397506899,0.0023922609179192005,0.0023513394455836455,0.0022920519650577956,0.0021588622894998005]]",64.0,31.049880594206392,4.321418912231098,0.4851543842844749,0.06752217050361091,0.13917666765641068,0.004259959459795234,0.6168085570378259,0.04992093717741167,1,12.945425280650253,2.2909517121094636,5.650675748521281,1.629459689847702e-07,9.207548352615418e-07,64,0.0001
4,MNISTMLP,MNIST MLP hidden=64 target=1e-04,1.0,0.01,Adam,2,3,1024,128,2.2936881336775135,0.7431640625,full_layer_input_activation,"[[0.006398904223838847,0.005475500614955388,0.004266821805734938,0.0036754157674683883,0.0032245459229716996,0.003080466318391923,0.002806273827210858,0.0024317169312499678,0.0021677837931650787,0.0016619116663798218]]",10.0,8.612502275393775,3.5114112397668458,0.8612502275393774,0.35114112397668457,0.40771092157491473,0.0008409374666213192,0.6622071640811285,0.07013216483127109,2,5.795186055840766,1.4912918283795975,3.88601744176234,2.838671960419865e-05,0.0001103112874963329,64,0.0001
5,MNISTMLP,MNIST MLP hidden=64 target=1e-04,1.0,0.01,Muon,2,3,1024,128,2.295587888989813,0.73828125,full_layer_input_activation,"[[0.010000000000000009,0.010000000000000007,0.010000000000000007,0.010000000000000005,0.010000000000000005,0.010000000000000005,0.010000000000000005,0.010000000000000004,0.010000000000000004,0.010000000000000004,0.010000000000000004,0.010000000000000004,0.010000000000000004,0.010000000000000004,0.010000000000000004,0.010000000000000004,0.010000000000000004,0.010000000000000004,0.010000000000000004,0.010000000000000004,0.010000000000000004,0.010000000000000004,0.010000000000000002,0.010000000000000002,0.010000000000000002,0.010000000000000002,0.010000000000000002,0.010000000000000002,0.010000000000000002,0.010000000000000002,0.010000000000000002,0.010000000000000002,0.010000000000000002,0.010000000000000002,0.010000000000000002,0.010000000000000002,0.010000000000000002,0.010000000000000002,0.010000000000000002,0.010000000000000002,0.010000000000000002,0.010000000000000002,0.010000000000000002,0.010000000000000002,0.010000000000000002,0.010000000000000002,0.010000000000000002,0.010000000000000002,0.009999999999999998,0.009999999999999998,0.009999999999999998,0.009999999999999998,0.009999999999999998,0.009999999999999998,0.009999999999999998,0.009999999999999998,0.009999999999999998,0.009999999999999998,0.009999999999999998,0.009999999999999997,0.009999999999999997,0.009999999999999997,0.009999999999999995,0.009999999999999995]]",64.0,64.00000000000001,63.99999999999991,1.0000000000000002,0.9999999999999986,0.9999999999999983,0.003099643867111619,0.4605272961065595,0.03874554833889519,1,13.573464989390054,2.2909517121094636,5.924814965607403,1.760807225350715e-07,1.0432457000307564e-06,64,0.0001
5,MNISTMLP,MNIST MLP hidden=64 target=1e-04,1.0,0.01,Muon,2,3,1024,128,2.295587888989813,0.73828125,full_layer_input_activation,"[[0.010000000000000009,0.010000000000000005,0.010000000000000005,0.010000000000000005,0.010000000000000005,0.010000000000000002,0.010000000000000002,0.010000000000000002,0.009999999999999998,0.009999999999999997]]",10.0,9.999999999999996,9.99999999999999,0.9999999999999997,0.9999999999999989,0.9999999999999993,0.0020816298404946307,0.79456621560523,0.06582691541336035,2,6.313354709812167,1.8053374548110657,3.49704964741502,3.5564537177010685e-05,0.0001243709521953436,64,0.0001
4,MNISTMLP,MNIST MLP hidden=64 target=1e-04,1.0,0.01,Adam,2,4,1024,128,2.2888498220764766,0.71484375,full_layer_input_activation,"[[0.04209294484266034,0.03366173385182976,0.02884609390216895,0.026668471268856426,0.021006097571475753,0.02052375100696541,0.016694445125253025,0.014939756991084588,0.01235835822979884,0.010653015490445642,0.00999094030799849,0.009156556670831045,0.00862835325390535,0.007942390321063525,0.007480267613686628,0.006892000716831282,0.006727065493899613,0.0066457432589848275,0.006188275417247437,0.006096309400474188,0.005841234184499923,0.005769255787089531,0.005712058184331793,0.005416851716256474,0.005292678270364079,0.005128972130733601,0.005091568693247174,0.004872867262482642,0.004719848872948792,0.004552500443631674,0.004495336920820878,0.004296156668508061,0.004226000934244174,0.004173015704336844,0.004118559599508412,0.004058940531698131,0.00403237204785221,0.0038263251399686207,0.003727479731279227,0.0036472301423336596,0.003582355779817773,0.0034888197348696085,0.00344194669240979,0.003341842891477674,0.0032896740343919422,0.003261160980948004,0.003115642646569661,0.0030663435952416386,0.0030409237373869064,0.0030078921644028983,0.002911553226340428,0.002826315521113613,0.0027948520631355116,0.002760505724511436,0.0026832456767583177,0.002586119806393539,0.0025759978317595276,0.002492078969038078,0.0024055184061113426,0.0023235961664574674,0.0023101752063277967,0.0022892055706082264,0.0021681708502288358,0.0020802953546977926]]",64.0,29.470963601533924,4.123732617330871,0.46048380627396757,0.06443332214579486,0.13992527265434362,0.004493398214524369,0.6499973927743233,0.05256786625008946,1,13.667476693568016,2.2909517121094636,5.965851057150075,1.6270331845326217e-07,9.706637643962193e-07,64,0.0001
4,MNISTMLP,MNIST MLP hidden=64 target=1e-04,1.0,0.01,Adam,2,4,1024,128,2.2888498220764766,0.71484375,full_layer_input_activation,"[[0.006498063173803185,0.005952367639118282,0.004430898860133911,0.00366238310613591,0.0034160542356649498,0.0029247369874326463,0.002596054441570277,0.0023545651290019904,0.0021430422391276963,0.0018499630673317515]]",10.0,8.48846673225748,3.581386120475302,0.848846673225748,0.35813861204753017,0.421912017027231,0.0009936114272746917,0.7693811902362736,0.08079920268936973,2,6.841140900616411,1.416618988233367,4.82920316432285,1.818808231124261e-05,8.783394465041727e-05,64,0.0001
5,MNISTMLP,MNIST MLP hidden=64 target=1e-04,1.0,0.01,Muon,2,4,1024,128,2.291273150592813,0.6171875,full_layer_input_activation,"[[0.010000000000000005,0.010000000000000005,0.010000000000000005,0.010000000000000004,0.010000000000000004,0.010000000000000002,0.010000000000000002,0.010000000000000002,0.010000000000000002,0.010000000000000002,0.010000000000000002,0.010000000000000002,0.010000000000000002,0.010000000000000002,0.010000000000000002,0.010000000000000002,0.01,0.01,0.01,0.01,0.01,0.01,0.01,0.01,0.01,0.01,0.01,0.01,0.01,0.01,0.01,0.009999999999999998,0.009999999999999998,0.009999999999999998,0.009999999999999998,0.009999999999999998,0.009999999999999998,0.009999999999999998,0.009999999999999998,0.009999999999999998,0.009999999999999998,0.009999999999999998,0.009999999999999998,0.009999999999999998,0.009999999999999998,0.009999999999999998,0.009999999999999998,0.009999999999999998,0.009999999999999998,0.009999999999999998,0.009999999999999997,0.009999999999999997,0.009999999999999997,0.009999999999999997,0.009999999999999997,0.009999999999999997,0.009999999999999995,0.009999999999999995,0.009999999999999995,0.009999999999999995,0.009999999999999993,0.009999999999999993,0.009999999999999992,0.009999999999999992]]",64.0,63.99999999999999,63.999999999999915,0.9999999999999999,0.9999999999999987,0.9999999999999988,0.0032238809445117884,0.48591199737055857,0.04029851180639747,1,15.111070028073247,2.2909517121094636,6.595979281535912,1.7109673180999793e-07,1.1285504981572526e-06,64,0.0001
5,MNISTMLP,MNIST MLP hidden=64 target=1e-04,1.0,0.01,Muon,2,4,1024,128,2.291273150592813,0.6171875,full_layer_input_activation,"[[0.010000000000000005,0.010000000000000005,0.010000000000000005,0.010000000000000004,0.010000000000000002,0.010000000000000002,0.010000000000000002,0.01,0.009999999999999998,0.009999999999999993]]",10.0,10.0,9.999999999999993,1.0,0.9999999999999993,0.9999999999999993,0.002075099513588762,0.8702586972898386,0.06562040834448013,2,7.573502002086066,1.7915010678048255,4.227461617628887,2.5875227792910167e-05,0.00010938653234193196,64,0.0001
4,MNISTMLP,MNIST MLP hidden=64 target=1e-04,1.0,0.01,Adam,2,5,1024,128,2.283815307148264,0.681640625,full_layer_input_activation,,,,,,,,,,,1,11.825958568397663,2.2909517121094636,5.162028734996143,2.0325887569173237e-07,1.0492281569637315e-06,64,0.0001
4,MNISTMLP,MNIST MLP hidden=64 target=1e-04,1.0,0.01,Adam,2,5,1024,128,2.283815307148264,0.681640625,full_layer_input_activation,,,,,,,,,,,2,5.496420172906899,1.3697918988838154,4.012595035337627,2.5024022908267876e-05,0.00010041127008589073,64,0.0001
5,MNISTMLP,MNIST MLP hidden=64 target=1e-04,1.0,0.01,Muon,2,5,1024,128,2.288587527048828,0.5224609375,full_layer_input_activation,,,,,,,,,,,1,12.727062245159493,2.2909517121094636,5.5553603237846785,2.44442351130031e-07,1.3579653389204171e-06,64,0.0001
5,MNISTMLP,MNIST MLP hidden=64 target=1e-04,1.0,0.01,Muon,2,5,1024,128,2.288587527048828,0.5224609375,full_layer_input_activation,,,,,,,,,,,2,6.3632368578088645,1.7661280342746528,3.602930667720384,3.328775787944176e-05,0.00011993348372349158,64,0.0001
6,MNISTMLP,MNIST MLP hidden=64 target=3e-04,1.0,0.01,Adam,0,0,1024,128,2.3029479206211203,0.8857421875,full_layer_input_activation,"[[0.03699227167056734,0.027467157391212357,0.025352905516039363,0.024229023845770355,0.02213162948462197,0.018554951304652508,0.01528058463028733,0.013729623443191527,0.013179066675409724,0.011850056111448426,0.011228837375474728,0.010471321452002235,0.01003403225775919,0.009805454994411891,0.009394941341261284,0.009307149307964564,0.00884040877584541,0.008678079723345165,0.008526507020471474,0.008304008038857722,0.00815954914550428,0.007940548227913383,0.007769609862132069,0.0075997823423072704,0.007476103202904885,0.00739862703603938,0.007174930546463034,0.006959938056939375,0.0069069168104476915,0.0066823065374250045,0.006602728949023982,0.006546721502194895,0.0064062408387243405,0.006320467039249912,0.006180295132930719,0.006096993941009172,0.005925712328137608,0.0058940860474864624,0.00576295138051641,0.005665201332112682,0.005615595247842813,0.00541776294924237,0.005368637333545746,0.005310516135784462,0.005307576486251327,0.005142792879364759,0.005026590225201624,0.004969712110120971,0.004864207890038701,0.004805070864261111,0.00474974177195452,0.00457661118374599,0.004511334708528303,0.004494922696613942,0.004328207661783401,0.004200982726579691,0.004130330875229805,0.004077608191784729,0.0038130833425275507,0.0036644131099749966,0.0035756552920110504,0.0030369306728488337,0.002988752674981149,0.0024444724350788376]]",64.0,41.04969205259643,5.292467683201724,0.6414014383218192,0.08269480755002694,0.12892831635425073,0.00339200932229714,0.6388427792383649,0.039858130787378196,1,15.833838177177547,2.2911742156899897,6.910796249690323,9.756975151459917e-08,6.742846728503087e-07,64,0.0003
6,MNISTMLP,MNIST MLP hidden=64 target=3e-04,1.0,0.01,Adam,0,0,1024,128,2.3029479206211203,0.8857421875,full_layer_input_activation,"[[0.0059893889966111434,0.0054542181544742635,0.004677847953543198,0.004127556906295584,0.003934287550522699,0.003400542198592538,0.002980934691811009,0.0025970391203814927,0.0023541612335578072,0.0022097375983768422]]",10.0,9.028457632525786,4.394367157023336,0.9028457632525786,0.43943671570233356,0.4867240159816727,0.0005770180822319437,0.700926289306052,0.0459577472695929,2,7.2118367112957085,1.774400160358026,4.064380105691917,2.6617004164630357e-05,0.00010818162219984254,64,0.0003
7,MNISTMLP,MNIST MLP hidden=64 target=3e-04,1.0,0.01,Muon,0,0,1024,128,2.3029479206211203,0.8857421875,full_layer_input_activation,"[[0.010000000000000009,0.010000000000000005,0.010000000000000005,0.010000000000000005,0.010000000000000005,0.010000000000000004,0.010000000000000004,0.010000000000000004,0.010000000000000004,0.010000000000000004,0.010000000000000004,0.010000000000000004,0.010000000000000004,0.010000000000000004,0.010000000000000002,0.010000000000000002,0.010000000000000002,0.010000000000000002,0.010000000000000002,0.010000000000000002,0.010000000000000002,0.010000000000000002,0.010000000000000002,0.010000000000000002,0.010000000000000002,0.010000000000000002,0.010000000000000002,0.010000000000000002,0.010000000000000002,0.010000000000000002,0.010000000000000002,0.010000000000000002,0.010000000000000002,0.010000000000000002,0.010000000000000002,0.009999999999999998,0.009999999999999998,0.009999999999999998,0.009999999999999998,0.009999999999999998,0.009999999999999998,0.009999999999999998,0.009999999999999998,0.009999999999999998,0.009999999999999998,0.009999999999999998,0.009999999999999998,0.009999999999999998,0.009999999999999998,0.009999999999999998,0.009999999999999998,0.009999999999999998,0.009999999999999998,0.009999999999999998,0.009999999999999997,0.009999999999999997,0.009999999999999997,0.009999999999999997,0.009999999999999997,0.009999999999999997,0.009999999999999997,0.009999999999999995,0.009999999999999993,0.009999999999999993]]",64.0,63.99999999999997,63.999999999999886,0.9999999999999996,0.9999999999999982,0.9999999999999987,0.002482653091660834,0.49739694562632675,0.031033163645760423,1,15.833838177177547,2.2911742156899897,6.910796249690323,9.756975151459917e-08,6.742846728503087e-07,64,0.0003
7,MNISTMLP,MNIST MLP hidden=64 target=3e-04,1.0,0.01,Muon,0,0,1024,128,2.3029479206211203,0.8857421875,full_layer_input_activation,"[[0.010000000000000012,0.010000000000000007,0.010000000000000007,0.010000000000000007,0.010000000000000007,0.010000000000000005,0.010000000000000004,0.010000000000000004,0.010000000000000004,0.010000000000000002]]",10.0,10.000000000000002,9.999999999999986,1.0000000000000002,0.9999999999999986,0.9999999999999984,0.0017607971469923882,0.8492253358971168,0.055681294820222466,2,7.2118367112957085,1.774400160358026,4.064380105691917,2.6617004164630357e-05,0.00010818162219984254,64,0.0003
6,MNISTMLP,MNIST MLP hidden=64 target=3e-04,1.0,0.01,Adam,0,1,1024,128,2.2994861547193373,0.7333984375,full_layer_input_activation,"[[0.04019948221794195,0.02957747079330972,0.027144089806856633,0.025661389287751496,0.022240820303851907,0.017947032383483504,0.0164792117248863,0.013499368856140058,0.013146029338303515,0.011666367416068364,0.010505820480853231,0.00972120404111323,0.009102192710121748,0.008630017896441295,0.008622513507368989,0.00838709922746035,0.00799919740985694,0.007848734545595162,0.007558337726233913,0.007380335326938856,0.007260940092200416,0.00698656409717315,0.006887238015805248,0.006630099616165881,0.00647103613070884,0.00637984602855677,0.00633935169266764,0.005910729503256282,0.005792038261937423,0.00569303961293525,0.005601236364426256,0.005470620394067647,0.005373445319479517,0.00532413677123697,0.005136999812995082,0.005067090657660802,0.004920112409216082,0.004840041222990224,0.004808970002752401,0.004761888627985705,0.004634011088531888,0.00450330431596243,0.004406553837779454,0.0043796592745214075,0.004355877238322488,0.004254382680444898,0.00419827766186366,0.004122489421837921,0.0040954621025813785,0.004025251531959078,0.003975000557163356,0.0038822000964458003,0.003719904051204198,0.003690998669846987,0.0035325369950203415,0.0034658766816275184,0.0033764263249607828,0.003286725629136138,0.0032491420802146244,0.0031074165326811713,0.003045710726798358,0.0029196975920738793,0.0028563282034946374,0.0027375219869560327]]",64.0,35.785182572121116,4.4764931066363225,0.5591434776893924,0.06994520479119254,0.12509348241033677,0.003869427853942985,0.6456057564619115,0.04549433636656992,1,14.193666180515484,2.2911742156899897,6.194931002329321,1.2446556198855311e-07,7.710555686852296e-07,64,0.0003
6,MNISTMLP,MNIST MLP hidden=64 target=3e-04,1.0,0.01,Adam,0,1,1024,128,2.2994861547193373,0.7333984375,full_layer_input_activation,"[[0.006430436446019054,0.005915187170743416,0.004977177909800172,0.00367149089200692,0.0036475548336151,0.0031674083405428604,0.0029346741088022666,0.002381956415304464,0.0023299025451132627,0.0020865268973969146]]",10.0,8.700302248216413,3.9176611575562976,0.8700302248216414,0.39176611575562975,0.45029023656729045,0.0006689377387750978,0.6189392703384557,0.05255715063775312,2,5.621509471653866,1.789523963098084,3.1413435011631363,4.351739087404106e-05,0.00013670307300974482,64,0.0003
7,MNISTMLP,MNIST MLP hidden=64 target=3e-04,1.0,0.01,Muon,0,1,1024,128,2.299530891291578,0.7373046875,full_layer_input_activation,"[[0.010000000000000005,0.010000000000000005,0.010000000000000004,0.010000000000000004,0.010000000000000004,0.010000000000000004,0.010000000000000004,0.010000000000000004,0.010000000000000004,0.010000000000000004,0.010000000000000004,0.010000000000000004,0.010000000000000004,0.010000000000000004,0.010000000000000004,0.010000000000000004,0.010000000000000004,0.010000000000000002,0.010000000000000002,0.010000000000000002,0.010000000000000002,0.010000000000000002,0.010000000000000002,0.010000000000000002,0.010000000000000002,0.010000000000000002,0.010000000000000002,0.010000000000000002,0.01,0.01,0.01,0.01,0.01,0.01,0.01,0.01,0.01,0.01,0.01,0.01,0.01,0.01,0.01,0.01,0.01,0.009999999999999998,0.009999999999999998,0.009999999999999998,0.009999999999999998,0.009999999999999998,0.009999999999999998,0.009999999999999998,0.009999999999999997,0.009999999999999997,0.009999999999999997,0.009999999999999997,0.009999999999999997,0.009999999999999997,0.009999999999999997,0.009999999999999995,0.009999999999999995,0.009999999999999995,0.009999999999999995,0.00999999999999999]]",64.0,64.00000000000001,63.999999999999936,1.0000000000000002,0.999999999999999,0.9999999999999988,0.0026213716052952084,0.46913388767397957,0.03276714506619006,1,14.085542692102583,2.2911742156899897,6.147739702919408,1.2227929364881714e-07,7.51741268409774e-07,64,0.0003
7,MNISTMLP,MNIST MLP hidden=64 target=3e-04,1.0,0.01,Muon,0,1,1024,128,2.299530891291578,0.7373046875,full_layer_input_activation,"[[0.010000000000000005,0.010000000000000004,0.01,0.01,0.01,0.009999999999999998,0.009999999999999998,0.009999999999999998,0.009999999999999998,0.009999999999999997]]",10.0,9.999999999999998,9.99999999999999,0.9999999999999998,0.9999999999999989,0.9999999999999991,0.0019851712481992103,0.7545453014893112,0.0627766268978894,2,5.693386119995958,1.8009749064902738,3.1612800930642537,4.33373522202878e-05,0.00013700150886010974,64,0.0003
6,MNISTMLP,MNIST MLP hidden=64 target=3e-04,1.0,0.01,Adam,0,2,1024,128,2.2965248451612075,0.5712890625,full_layer_input_activation,"[[0.04137164013673328,0.030131809652890078,0.028119746190085882,0.025492921484488573,0.021239879559942873,0.018791830561032334,0.017612826926989615,0.014377183015720812,0.012447748684535834,0.012347636376035375,0.010575044004754628,0.009353737326033458,0.00879629733094419,0.008283781426145649,0.007914191411422777,0.007885703274289502,0.00765631795271973,0.007439892063335336,0.006988473223553058,0.006836662710775989,0.006690179945686514,0.006570445890908543,0.006415603790892785,0.006254540580835631,0.006013713190423897,0.005913355647489354,0.005812456126470915,0.005691832420483855,0.005531941127901119,0.005463919854783718,0.00519463702515805,0.005164296093245092,0.004995287247084425,0.00488303437905778,0.004724737151868973,0.004652475218112843,0.004637083613330048,0.004496660680557197,0.004410072441104058,0.004377669240606344,0.004187818037297846,0.004166093323315063,0.004148518117462541,0.003962818429887627,0.0039036468664616067,0.0038412463856804975,0.0038121655953799382,0.003697778498061623,0.003655909024650424,0.003509178737149364,0.0034760547055019196,0.0034040058746546437,0.0033669887582487997,0.0032814239233608586,0.003178539204074696,0.003102594758261895,0.00306099030272244,0.002970982439068899,0.002896222780449824,0.0028420415792316488,0.0027583396440412035,0.0026170422728217274,0.0025569471284798387,0.0024648177228568354]]",64.0,33.49088623880869,4.229979315946959,0.5232950974813858,0.06609342681167124,0.12630240017492664,0.0035943860320834945,0.609221345112701,0.04224281562146653,1,14.189150051150994,2.2911742156899897,6.192959904132788,1.2051048015825432e-07,7.46316571647859e-07,64,0.0003
6,MNISTMLP,MNIST MLP hidden=64 target=3e-04,1.0,0.01,Adam,0,2,1024,128,2.2965248451612075,0.5712890625,full_layer_input_activation,"[[0.006431617088589935,0.005603680541078569,0.004876779960662215,0.004111803182660897,0.003456909778015441,0.003351919565375909,0.0028601659023383495,0.002551505183096569,0.002309976226278145,0.0018926635806008677]]",10.0,8.75050099277108,3.8740147452171967,0.875050099277108,0.3874014745217197,0.44271919384016734,0.0006486325264455856,0.6060817088777936,0.0512386770432612,2,5.4973699908892195,1.7787125563319819,3.090645518478693,3.492604587539317e-05,0.00010794402716296515,64,0.0003
7,MNISTMLP,MNIST MLP hidden=64 target=3e-04,1.0,0.01,Muon,0,2,1024,128,2.2969094942970036,0.58984375,full_layer_input_activation,"[[0.010000000000000007,0.010000000000000007,0.010000000000000005,0.010000000000000005,0.010000000000000005,0.010000000000000005,0.010000000000000005,0.010000000000000005,0.010000000000000005,0.010000000000000004,0.010000000000000004,0.010000000000000004,0.010000000000000004,0.010000000000000004,0.010000000000000004,0.010000000000000004,0.010000000000000004,0.010000000000000004,0.010000000000000004,0.010000000000000004,0.010000000000000004,0.010000000000000004,0.010000000000000002,0.010000000000000002,0.010000000000000002,0.010000000000000002,0.010000000000000002,0.010000000000000002,0.010000000000000002,0.010000000000000002,0.010000000000000002,0.010000000000000002,0.010000000000000002,0.010000000000000002,0.010000000000000002,0.010000000000000002,0.010000000000000002,0.010000000000000002,0.010000000000000002,0.01,0.01,0.01,0.01,0.01,0.01,0.01,0.01,0.01,0.01,0.01,0.01,0.01,0.01,0.009999999999999998,0.009999999999999998,0.009999999999999998,0.009999999999999998,0.009999999999999998,0.009999999999999998,0.009999999999999998,0.009999999999999998,0.009999999999999997,0.009999999999999997,0.009999999999999997]]",64.0,64.0,63.999999999999936,1.0,0.999999999999999,0.999999999999999,0.0026419410416134463,0.4712598829057638,0.03302426302016806,1,14.213496143126699,2.2911742156899897,6.20358593676225,1.2308769841813465e-07,7.635851148951732e-07,64,0.0003
7,MNISTMLP,MNIST MLP hidden=64 target=3e-04,1.0,0.01,Muon,0,2,1024,128,2.2969094942970036,0.58984375,full_layer_input_activation,"[[0.010000000000000002,0.010000000000000002,0.010000000000000002,0.010000000000000002,0.010000000000000002,0.009999999999999998,0.009999999999999998,0.009999999999999998,0.009999999999999998,0.009999999999999998]]",10.0,9.999999999999998,9.999999999999996,0.9999999999999998,0.9999999999999997,0.9999999999999998,0.001816286521023157,0.7696347044445848,0.05743602289896474,2,5.923375782855036,1.817632371981533,3.258841487510224,3.204631475982577e-05,0.00010443386006113147,64,0.0003
6,MNISTMLP,MNIST MLP hidden=64 target=3e-04,1.0,0.01,Adam,0,3,1024,128,2.292614616082495,0.47265625,full_layer_input_activation,"[[0.041519817532998306,0.03244367329038781,0.02972191041592796,0.025861238640915322,0.02138714725653361,0.018562379728457593,0.017163845396348163,0.014303552514034229,0.013197350683836479,0.010780323774200889,0.009417667020490537,0.008573732006814314,0.00819851031105902,0.008053591273395408,0.007788307761457222,0.007549054927026465,0.007191742803107557,0.006827332496367962,0.00647575490441377,0.006228838217212088,0.006083903166428804,0.006043996579309137,0.005900553057321523,0.005738594719142779,0.005606020427950189,0.005412537453610848,0.005322725104518383,0.005296708144953645,0.005105479252002388,0.004999104787547173,0.0048942983023852115,0.00485635267897549,0.004691899654500812,0.004586211080746321,0.004402700777998211,0.0043925769778114,0.004291336170520346,0.004127825258308883,0.004102152273527918,0.003965980858439107,0.003908687529736461,0.0038648760221360857,0.0037852982461684284,0.0036928138704905573,0.0036486350331591173,0.0035360146699332604,0.0034166206763921875,0.003394499750905935,0.0032829081881689945,0.0032095111651070786,0.0031062198631739897,0.003080675859739363,0.0030513416653785335,0.002982925580822955,0.0029672049674090923,0.0028453342326563457,0.00276894231681636,0.002725203876634921,0.002658436311056943,0.0026313396693475807,0.002514996894348202,0.0024504981454154585,0.0024185384413415215,0.0022624342247128636]]",64.0,31.143902610140145,4.2072483595720405,0.48662347828343977,0.06573825561831313,0.13509059581384006,0.0040502469204219994,0.6285666910434771,0.047558373066874646,1,13.33460213306237,2.2911742156899897,5.819986119670363,1.4348964999118784e-07,8.351077712650718e-07,64,0.0003
6,MNISTMLP,MNIST MLP hidden=64 target=3e-04,1.0,0.01,Adam,0,3,1024,128,2.292614616082495,0.47265625,full_layer_input_activation,"[[0.006464386183722055,0.005868282294784288,0.00496930449379135,0.004130991981763659,0.0036024551129741917,0.0030167582977838007,0.002962069305755431,0.002611834418392766,0.0021426681786833024,0.0020156809961966705]]",10.0,8.688725891685612,3.9320143653981816,0.8688725891685612,0.39320143653981815,0.45254211197533484,0.0008923215542837391,0.7133300797146818,0.06961238962934634,2,6.519799791361155,1.7311688591918113,3.7661258500253383,3.309843511601854e-05,0.00012465287208582383,64,0.0003
7,MNISTMLP,MNIST MLP hidden=64 target=3e-04,1.0,0.01,Muon,0,3,1024,128,2.294184016120816,0.4814453125,full_layer_input_activation,"[[0.010000000000000009,0.010000000000000007,0.010000000000000005,0.010000000000000005,0.010000000000000005,0.010000000000000004,0.010000000000000004,0.010000000000000004,0.010000000000000004,0.010000000000000004,0.010000000000000004,0.010000000000000004,0.010000000000000004,0.010000000000000004,0.010000000000000002,0.010000000000000002,0.010000000000000002,0.010000000000000002,0.010000000000000002,0.010000000000000002,0.010000000000000002,0.010000000000000002,0.010000000000000002,0.010000000000000002,0.010000000000000002,0.010000000000000002,0.010000000000000002,0.010000000000000002,0.010000000000000002,0.010000000000000002,0.010000000000000002,0.010000000000000002,0.010000000000000002,0.010000000000000002,0.010000000000000002,0.010000000000000002,0.010000000000000002,0.010000000000000002,0.010000000000000002,0.010000000000000002,0.010000000000000002,0.010000000000000002,0.009999999999999998,0.009999999999999998,0.009999999999999998,0.009999999999999998,0.009999999999999998,0.009999999999999998,0.009999999999999998,0.009999999999999998,0.009999999999999998,0.009999999999999998,0.009999999999999998,0.009999999999999998,0.009999999999999998,0.009999999999999998,0.009999999999999998,0.009999999999999997,0.009999999999999997,0.009999999999999997,0.009999999999999997,0.009999999999999997,0.009999999999999995,0.009999999999999995]]",64.0,64.00000000000001,63.99999999999989,1.0000000000000002,0.9999999999999983,0.9999999999999981,0.0029755656452613685,0.4597821354735656,0.03719457056576707,1,13.529575174440524,2.2911742156899897,5.905083551390297,1.6403035907851426e-07,9.686129753231787e-07,64,0.0003
7,MNISTMLP,MNIST MLP hidden=64 target=3e-04,1.0,0.01,Muon,0,3,1024,128,2.294184016120816,0.4814453125,full_layer_input_activation,"[[0.010000000000000005,0.010000000000000004,0.010000000000000002,0.010000000000000002,0.010000000000000002,0.01,0.009999999999999998,0.009999999999999998,0.009999999999999998,0.009999999999999995]]",10.0,10.000000000000002,9.99999999999999,1.0000000000000002,0.9999999999999989,0.9999999999999988,0.002074137726550152,0.8142980218443344,0.06558999396781975,2,6.630812683795963,1.8337442394297527,3.615996462984377,3.350448278972579e-05,0.0001211520912617694,64,0.0003
6,MNISTMLP,MNIST MLP hidden=64 target=3e-04,1.0,0.01,Adam,0,4,1024,128,2.287899243207172,0.4169921875,full_layer_input_activation,"[[0.04376253787001442,0.03164900162888599,0.03131488130435819,0.02562875014835665,0.021524708890877264,0.019030693445974106,0.01724980968566093,0.01429203109867491,0.012436700764708137,0.010362060597859263,0.008954340074439881,0.008156477862171226,0.007706123638682512,0.007442232082916199,0.0071119743038998,0.006864710093418421,0.00676385700210535,0.006494852268347759,0.006180215518720867,0.005970575794391908,0.005792913455287856,0.005525330439476248,0.005382597843365728,0.005350528644925432,0.005215813404816792,0.005059495312154832,0.004881162648219136,0.004798770787445125,0.004616984290807226,0.004590210772606442,0.0044724048866722245,0.004345218551941068,0.00426094938748249,0.004103760203341806,0.004063784492464844,0.003997614783316509,0.0038667163733994894,0.003803409423894954,0.003733856844744805,0.0036870259178203163,0.0035560897775033158,0.003461109803417632,0.003443006489565101,0.003343907537853239,0.003306357399272487,0.003183483908900839,0.0031522834759323973,0.003041780708285405,0.0030001819759727113,0.002941709367780024,0.0029016842596911946,0.002785308899910854,0.002753960266323245,0.0026554381198137943,0.002587484944022933,0.0025729064273773083,0.0025123876276543773,0.002495580568975022,0.0023673247517377732,0.002230951792453049,0.002201641649543485,0.002135932015248152,0.0020817503716911647,0.002016103841247843]]",64.0,28.70090223669893,3.802431953914703,0.4484515974484208,0.059412999279917236,0.1324847533556856,0.004835862746986968,0.640142521524958,0.05666837263384926,1,11.480633885452983,2.2911742156899897,5.010807910997539,1.964253128776757e-07,9.842495116876243e-07,64,0.0003
6,MNISTMLP,MNIST MLP hidden=64 target=3e-04,1.0,0.01,Adam,0,4,1024,128,2.287899243207172,0.4169921875,full_layer_input_activation,"[[0.006464006811252964,0.0060493783864530165,0.004563733692631212,0.004333256129238095,0.0036769614374342605,0.003140274018836238,0.002937914226228039,0.0022908278633353533,0.002161385883884579,0.0018230975129000897]]",10.0,8.587507402737716,3.90679243943529,0.8587507402737715,0.39067924394352904,0.4549390476437664,0.001156918410649079,0.6816664496587629,0.09055048016422476,2,5.745826713587933,1.628700169218135,3.5278603282433765,3.944217017567768e-05,0.00013914646742259739,64,0.0003
7,MNISTMLP,MNIST MLP hidden=64 target=3e-04,1.0,0.01,Muon,0,4,1024,128,2.290709656246556,0.443359375,full_layer_input_activation,"[[0.010000000000000009,0.010000000000000007,0.010000000000000007,0.010000000000000005,0.010000000000000005,0.010000000000000005,0.010000000000000005,0.010000000000000005,0.010000000000000004,0.010000000000000004,0.010000000000000004,0.010000000000000004,0.010000000000000004,0.010000000000000004,0.010000000000000004,0.010000000000000004,0.010000000000000004,0.010000000000000004,0.010000000000000004,0.010000000000000004,0.010000000000000002,0.010000000000000002,0.010000000000000002,0.010000000000000002,0.010000000000000002,0.010000000000000002,0.010000000000000002,0.010000000000000002,0.010000000000000002,0.010000000000000002,0.010000000000000002,0.010000000000000002,0.010000000000000002,0.010000000000000002,0.010000000000000002,0.010000000000000002,0.010000000000000002,0.010000000000000002,0.010000000000000002,0.010000000000000002,0.010000000000000002,0.010000000000000002,0.010000000000000002,0.010000000000000002,0.009999999999999998,0.009999999999999998,0.009999999999999998,0.009999999999999998,0.009999999999999998,0.009999999999999998,0.009999999999999998,0.009999999999999998,0.009999999999999998,0.009999999999999998,0.009999999999999998,0.009999999999999998,0.009999999999999998,0.009999999999999997,0.009999999999999997,0.009999999999999997,0.009999999999999997,0.009999999999999997,0.009999999999999995,0.009999999999999993]]",64.0,64.00000000000001,63.99999999999991,1.0000000000000002,0.9999999999999986,0.9999999999999983,0.003273624813378254,0.433935108585135,0.040920310167228115,1,12.05117942161885,2.2911742156899897,5.2598267469545625,2.228935900873735e-07,1.1723816668662936e-06,64,0.0003
7,MNISTMLP,MNIST MLP hidden=64 target=3e-04,1.0,0.01,Muon,0,4,1024,128,2.290709656246556,0.443359375,full_layer_input_activation,"[[0.010000000000000002,0.010000000000000002,0.010000000000000002,0.009999999999999998,0.009999999999999998,0.009999999999999998,0.009999999999999997,0.009999999999999997,0.009999999999999995,0.009999999999999992]]",10.0,10.000000000000002,9.999999999999991,1.0000000000000002,0.9999999999999991,0.9999999999999989,0.0023675143562959383,0.7909545186568332,0.07486737759042565,2,6.256090505836636,1.815533977690992,3.4458680381146998,3.954670713654109e-05,0.00013627273413448947,64,0.0003
6,MNISTMLP,MNIST MLP hidden=64 target=3e-04,1.0,0.01,Adam,0,5,1024,128,2.282238394574445,0.3876953125,full_layer_input_activation,,,,,,,,,,,1,11.428531553954294,2.2911742156899897,4.988067461518887,2.0625839609991558e-07,1.028830794251063e-06,64,0.0003
6,MNISTMLP,MNIST MLP hidden=64 target=3e-04,1.0,0.01,Adam,0,5,1024,128,2.282238394574445,0.3876953125,full_layer_input_activation,,,,,,,,,,,2,4.594455001459503,1.528250004562684,3.0063503927645843,4.4060526264802666e-05,0.0001324613804416038,64,0.0003
7,MNISTMLP,MNIST MLP hidden=64 target=3e-04,1.0,0.01,Muon,0,5,1024,128,2.2874850420257347,0.375,full_layer_input_activation,,,,,,,,,,,1,11.689226141497771,2.2911742156899897,5.1018495500908685,2.620160071897037e-07,1.3367662483973955e-06,64,0.0003
7,MNISTMLP,MNIST MLP hidden=64 target=3e-04,1.0,0.01,Muon,0,5,1024,128,2.2874850420257347,0.375,full_layer_input_activation,,,,,,,,,,,2,5.474749129696248,1.811432191104078,3.0223318082689903,4.0812404596261755e-05,0.00012334862858322547,64,0.0003
8,MNISTMLP,MNIST MLP hidden=64 target=3e-04,1.0,0.01,Adam,1,0,1024,128,2.30425030315487,0.912109375,full_layer_input_activation,"[[0.03634580763475076,0.030823189925118413,0.02637477852489283,0.022605984827029205,0.020056747012020936,0.017790069072617667,0.015176850567626559,0.014135544667889919,0.01222921361954048,0.011908467496294765,0.011099503330660695,0.010623368955278252,0.010296594320009839,0.00999354815332149,0.009300012101257275,0.009186309604802765,0.008907178181474623,0.008575053568719338,0.00817778530479093,0.008092386072574852,0.008050640483084964,0.00792244728851795,0.007612765740707329,0.007592953281472198,0.007491434385222656,0.007243106367246158,0.007118103378402103,0.007046363242765812,0.006825750257776631,0.006669472157047766,0.00661660330372581,0.006523934138684221,0.006401088582058377,0.006278074370877014,0.006214028412004657,0.006027416458130921,0.005958657931286745,0.005855058094390264,0.005840176848365705,0.005653372814019288,0.00552937980017471,0.005480443809758605,0.0054022162905574805,0.005373533777364725,0.005242188135041134,0.005092088433768611,0.005064262842912325,0.004912448325850325,0.004893868721493966,0.00479904507965107,0.004678344087683711,0.004603902414757282,0.004596297145222393,0.0045313330185571595,0.004494563786144224,0.004376855621029875,0.004309566258967552,0.004165428414700449,0.003956947811828343,0.003907785705464788,0.0038393209698364362,0.0036101323453705714,0.003349973736944639,0.0032422200277960555]]",64.0,41.15564680061941,5.485213412657213,0.6430569812596783,0.08570645957276896,0.13327972803417729,0.004291006535921621,0.6156565893462266,0.05040900064875039,1,12.970525509314069,2.3177586117928044,5.596150282138857,1.7236285004488095e-07,9.645684119089181e-07,64,0.0003
8,MNISTMLP,MNIST MLP hidden=64 target=3e-04,1.0,0.01,Adam,1,0,1024,128,2.30425030315487,0.912109375,full_layer_input_activation,"[[0.006978126631638231,0.004956459908441058,0.004246311048112414,0.003922081152726064,0.003500196427967478,0.0033604449226542128,0.002962858831215827,0.0024704352234182856,0.0021534960101709934,0.0020489259722809025]]",10.0,8.701752792202162,3.16127285240059,0.8701752792202162,0.316127285240059,0.3632915032053632,0.0006813633288356378,0.6570180498026996,0.05491726734126736,2,5.6886604085522405,1.582336776099132,3.595100925718389,2.9655310453952656e-05,0.0001066138340654714,64,0.0003
9,MNISTMLP,MNIST MLP hidden=64 target=3e-04,1.0,0.01,Muon,1,0,1024,128,2.30425030315487,0.912109375,full_layer_input_activation,"[[0.010000000000000012,0.010000000000000007,0.010000000000000007,0.010000000000000007,0.010000000000000005,0.010000000000000005,0.010000000000000005,0.010000000000000005,0.010000000000000005,0.010000000000000005,0.010000000000000005,0.010000000000000004,0.010000000000000004,0.010000000000000004,0.010000000000000004,0.010000000000000004,0.010000000000000004,0.010000000000000004,0.010000000000000004,0.010000000000000002,0.010000000000000002,0.010000000000000002,0.010000000000000002,0.010000000000000002,0.010000000000000002,0.010000000000000002,0.010000000000000002,0.010000000000000002,0.010000000000000002,0.010000000000000002,0.010000000000000002,0.01,0.01,0.01,0.01,0.01,0.01,0.01,0.01,0.01,0.01,0.01,0.01,0.01,0.01,0.01,0.01,0.009999999999999998,0.009999999999999998,0.009999999999999998,0.009999999999999998,0.009999999999999998,0.009999999999999998,0.009999999999999998,0.009999999999999998,0.009999999999999998,0.009999999999999998,0.009999999999999997,0.009999999999999997,0.009999999999999997,0.009999999999999997,0.009999999999999995,0.009999999999999995,0.00999999999999999]]",64.0,64.00000000000001,63.99999999999986,1.0000000000000002,0.9999999999999978,0.9999999999999976,0.0029488205315100473,0.4501826974496369,0.03686025664387545,1,12.970525509314069,2.3177586117928044,5.596150282138857,1.7236285004488095e-07,9.645684119089181e-07,64,0.0003
9,MNISTMLP,MNIST MLP hidden=64 target=3e-04,1.0,0.01,Muon,1,0,1024,128,2.30425030315487,0.912109375,full_layer_input_activation,"[[0.010000000000000009,0.010000000000000007,0.010000000000000005,0.010000000000000004,0.010000000000000002,0.009999999999999998,0.009999999999999998,0.009999999999999997,0.009999999999999997,0.009999999999999995]]",10.0,10.0,9.999999999999984,1.0,0.9999999999999984,0.9999999999999984,0.0019935935616149916,0.7542320868639993,0.06304296383350601,2,5.6886604085522405,1.582336776099132,3.595100925718389,2.9655310453952656e-05,0.0001066138340654714,64,0.0003
8,MNISTMLP,MNIST MLP hidden=64 target=3e-04,1.0,0.01,Adam,1,1,1024,128,2.3006619130435495,0.8505859375,full_layer_input_activation,"[[0.04074833127671586,0.03023244321595645,0.02825238166765202,0.02348237149315944,0.021007793462386355,0.020329850843395975,0.014985157234754062,0.014241792375484631,0.013487656135956268,0.011576449512058658,0.010440157132229615,0.009967444513112511,0.009000699758541722,0.008760145477892917,0.00828707042822964,0.007952800566862381,0.007860427724221117,0.007686473078804545,0.007620941331304825,0.007100643835952946,0.00692445351358166,0.006756841101446359,0.006478537919083219,0.006318040092016895,0.006264901690057027,0.006183955891197599,0.006028586869072121,0.0059733161549482714,0.005874957246601877,0.005742797606890733,0.005706160846687071,0.005567374045880029,0.005456481673949276,0.0054117524952417605,0.005254608808852282,0.005130957788785794,0.004994409389701752,0.004900450875884774,0.004809494723665601,0.00464230486867455,0.004624682309282318,0.004535765187784132,0.004522233661821076,0.004455524730164053,0.004337505139088449,0.004240333770043261,0.004216488896462217,0.004105451852277371,0.004065368779479377,0.004012833390241906,0.003905341554954365,0.0038066345699390718,0.0037429675585215643,0.003664896450035187,0.003587213045206865,0.003546193804351929,0.003453582353475654,0.003396520278769322,0.003234037479703437,0.0031540899359090374,0.003104874536795143,0.003004813846653407,0.0027063091370603865,0.0026484072952818573]]",64.0,35.488210452377885,4.37110676957802,0.5545032883184045,0.06829854327465656,0.12317067312942331,0.003942845767691214,0.5934515517119903,0.0462811618987559,1,13.18427441034966,2.3177586117928044,5.688372526486493,1.5636607063956536e-07,8.894684603007498e-07,64,0.0003
8,MNISTMLP,MNIST MLP hidden=64 target=3e-04,1.0,0.01,Adam,1,1,1024,128,2.3006619130435495,0.8505859375,full_layer_input_activation,"[[0.006318216748096489,0.0053562407387255165,0.004101298124792174,0.0037491418577811136,0.003466562838571259,0.003260596264945787,0.002955071564375175,0.0022138339150144276,0.00215158515173283,0.0018460803247689003]]",10.0,8.723457336325888,3.602348907196874,0.8723457336325888,0.3602348907196874,0.41294967904481067,0.0005108870101968375,0.6220627371372757,0.04260273226903469,2,6.940544187829799,1.5536524544220875,4.467243731424783,1.9450278176682825e-05,8.688913325925461e-05,64,0.0003
9,MNISTMLP,MNIST MLP hidden=64 target=3e-04,1.0,0.01,Muon,1,1,1024,128,2.300781297018254,0.849609375,full_layer_input_activation,"[[0.01000000000000001,0.010000000000000007,0.010000000000000004,0.010000000000000004,0.010000000000000004,0.010000000000000004,0.010000000000000004,0.010000000000000004,0.010000000000000004,0.010000000000000004,0.010000000000000004,0.010000000000000004,0.010000000000000004,0.010000000000000004,0.01,0.01,0.01,0.01,0.01,0.01,0.01,0.01,0.01,0.01,0.01,0.01,0.01,0.01,0.01,0.01,0.01,0.01,0.01,0.01,0.01,0.01,0.01,0.01,0.01,0.01,0.01,0.01,0.009999999999999997,0.009999999999999997,0.009999999999999997,0.009999999999999997,0.009999999999999997,0.009999999999999997,0.009999999999999997,0.009999999999999997,0.009999999999999997,0.009999999999999997,0.009999999999999997,0.009999999999999997,0.009999999999999997,0.009999999999999997,0.009999999999999997,0.009999999999999997,0.009999999999999997,0.009999999999999997,0.009999999999999997,0.009999999999999997,0.009999999999999997,0.009999999999999997]]",64.0,64.00000000000003,63.99999999999986,1.0000000000000004,0.9999999999999978,0.9999999999999973,0.0028047583222802564,0.464809908798687,0.035059479028503156,1,13.827088084316424,2.3177586117928044,5.965715331166891,1.4627318451318876e-07,8.726241793889336e-07,64,0.0003
9,MNISTMLP,MNIST MLP hidden=64 target=3e-04,1.0,0.01,Muon,1,1,1024,128,2.300781297018254,0.849609375,full_layer_input_activation,"[[0.010000000000000005,0.010000000000000002,0.010000000000000002,0.01,0.01,0.01,0.01,0.009999999999999998,0.009999999999999995,0.009999999999999995]]",10.0,9.999999999999998,9.99999999999999,0.9999999999999998,0.9999999999999989,0.9999999999999991,0.0017946558982465672,0.8359884103150789,0.056752002547145346,2,6.988766221811333,1.5931344919945687,4.386802405527956,2.0039591058636068e-05,8.790972626182123e-05,64,0.0003
8,MNISTMLP,MNIST MLP hidden=64 target=3e-04,1.0,0.01,Adam,1,2,1024,128,2.2977053419181748,0.7158203125,full_layer_input_activation,"[[0.03968352522572763,0.03272588386244605,0.02964706853480662,0.02536775530729527,0.021410712761562724,0.020053857961317933,0.015081332834552619,0.014030645002741824,0.013403674771318892,0.010966193247077902,0.010475439637176705,0.0094956827632343,0.008770397076604021,0.008553263396822615,0.008019247633961548,0.0076534101840101095,0.0073728101905485306,0.006937632065553827,0.006801761411543242,0.006522243504497478,0.0064229159006597,0.006175342334267409,0.006095475153090828,0.005944736276759571,0.005847495395782008,0.005806502889257227,0.005634075239328361,0.005525988235686034,0.005477998402618772,0.005404656764669872,0.005174197805212312,0.00509025577115049,0.004965377510408302,0.004905063305245663,0.004841302119910359,0.004662371781170125,0.004642553089309328,0.004482329232598949,0.004413498859430057,0.004263399671837503,0.004232317085192658,0.0041418698831480645,0.004104911403981508,0.0040239577784235096,0.003962070126559058,0.0038213147342609894,0.003793548604237272,0.003719909939839263,0.0036795953108041983,0.00362859449301172,0.0035671557683313415,0.003487456396930503,0.0033600369619107015,0.0032946550987780652,0.003184748265237023,0.0030864852698053754,0.0030181589457219642,0.002925828209656094,0.0028751295292344667,0.002775660519590865,0.002718486562458648,0.0025996788112266907,0.002526720218838958,0.002305657741786853]]",64.0,32.99754488683838,4.612631947500278,0.5155866388568496,0.07207237417969184,0.13978712547611696,0.0034939222094159095,0.6136170259538233,0.04099478234887446,1,15.398843443106395,2.3177586117928044,6.643851246957624,1.147537594726292e-07,7.624069079653027e-07,64,0.0003
8,MNISTMLP,MNIST MLP hidden=64 target=3e-04,1.0,0.01,Adam,1,2,1024,128,2.2977053419181748,0.7158203125,full_layer_input_activation,"[[0.005946661369463342,0.005316278032191365,0.00446136054331497,0.003946182262191546,0.0034366560780885584,0.00306480598932697,0.002840303686552662,0.0024080398885697007,0.002169905003721095,0.001978465641896631]]",10.0,8.859814753599391,4.037977669878905,0.8859814753599391,0.4037977669878905,0.4557632165208008,0.0005394165101848332,0.6552327931218141,0.04514078113800368,2,7.041460089280823,1.523259986626147,4.6226252583952405,1.6622153581671883e-05,7.683798699556137e-05,64,0.0003
9,MNISTMLP,MNIST MLP hidden=64 target=3e-04,1.0,0.01,Muon,1,2,1024,128,2.298296217332906,0.703125,full_layer_input_activation,"[[0.010000000000000009,0.010000000000000007,0.010000000000000007,0.010000000000000007,0.010000000000000005,0.010000000000000005,0.010000000000000005,0.010000000000000005,0.010000000000000004,0.010000000000000004,0.010000000000000004,0.010000000000000004,0.010000000000000004,0.010000000000000004,0.010000000000000004,0.010000000000000004,0.010000000000000004,0.010000000000000004,0.010000000000000002,0.010000000000000002,0.010000000000000002,0.010000000000000002,0.010000000000000002,0.010000000000000002,0.010000000000000002,0.010000000000000002,0.010000000000000002,0.010000000000000002,0.010000000000000002,0.010000000000000002,0.010000000000000002,0.010000000000000002,0.010000000000000002,0.010000000000000002,0.010000000000000002,0.010000000000000002,0.010000000000000002,0.010000000000000002,0.010000000000000002,0.010000000000000002,0.010000000000000002,0.010000000000000002,0.010000000000000002,0.010000000000000002,0.010000000000000002,0.009999999999999998,0.009999999999999998,0.009999999999999998,0.009999999999999998,0.009999999999999998,0.009999999999999998,0.009999999999999998,0.009999999999999998,0.009999999999999998,0.009999999999999998,0.009999999999999998,0.009999999999999997,0.009999999999999997,0.009999999999999997,0.009999999999999997,0.009999999999999995,0.009999999999999995,0.009999999999999995,0.009999999999999993]]",64.0,64.00000000000001,63.99999999999991,1.0000000000000002,0.9999999999999986,0.9999999999999983,0.0027255055860421883,0.4964125294623713,0.03406881982552726,1,15.771225562062744,2.3177586117928044,6.804516001717529,1.210969667886756e-07,8.240062482729992e-07,64,0.0003
9,MNISTMLP,MNIST MLP hidden=64 target=3e-04,1.0,0.01,Muon,1,2,1024,128,2.298296217332906,0.703125,full_layer_input_activation,"[[0.010000000000000005,0.010000000000000005,0.010000000000000004,0.010000000000000004,0.010000000000000002,0.010000000000000002,0.010000000000000002,0.01,0.009999999999999998,0.009999999999999995]]",10.0,10.0,9.999999999999993,1.0,0.9999999999999993,0.9999999999999993,0.0016966262847572249,0.85389538971551,0.053652033979422475,2,7.291373365774027,1.5963054046598286,4.567655628108215,1.645207942941433e-05,7.514743319984776e-05,64,0.0003
8,MNISTMLP,MNIST MLP hidden=64 target=3e-04,1.0,0.01,Adam,1,3,1024,128,2.294291904567033,0.6298828125,full_layer_input_activation,"[[0.03896072963635351,0.03402832268085497,0.030659991509806705,0.025213496240707633,0.02085979127290117,0.02007770816785606,0.016528628032809987,0.0154386530113899,0.01305121785141582,0.011187494149854845,0.009854798705880848,0.009020904741721158,0.008224431152656175,0.008071992751482127,0.00752857452310603,0.007255901281531553,0.007183687448519462,0.006814576876439923,0.006684891157833773,0.006407649586520227,0.006323184326120206,0.006101459702031124,0.00593153309499436,0.005810227605333442,0.005746458110628494,0.005452218329094913,0.005353933403994217,0.005298526484118618,0.0052274012985792885,0.005109643260996973,0.004945844199471873,0.004898443211904409,0.004715832064674879,0.004621069432599541,0.004578672982727731,0.00441209187106317,0.004402940985702863,0.004233726105437794,0.004128499873375953,0.004053882617089817,0.00399172111495196,0.003955862428293436,0.0038639333548932653,0.003821627756787972,0.003776609153629968,0.003637758664250182,0.003552989290943268,0.003509818349464031,0.0034577469076992233,0.003361815208904522,0.0033031950316843063,0.0032188169071829245,0.003122614558280039,0.003091047276745628,0.0030075057805485405,0.002969460290493811,0.002885516242782355,0.002780082074686568,0.002763437501388807,0.002602647776984517,0.002583269723874769,0.0024833843832238675,0.0023717259619561214,0.0022611062292647163]]",64.0,31.781075254720918,4.79133886586137,0.49657930085501434,0.0748646697790839,0.15076075392224625,0.0040080428470008365,0.6010184268557475,0.04699772442785868,1,13.189912860450248,2.3177586117928044,5.690805243194737,1.5721089545556122e-07,8.946565881458475e-07,64,0.0003
8,MNISTMLP,MNIST MLP hidden=64 target=3e-04,1.0,0.01,Adam,1,3,1024,128,2.294291904567033,0.6298828125,full_layer_input_activation,"[[0.0059983387038002175,0.0056035545518627085,0.004568621297169899,0.0037857826775534245,0.003452294670943212,0.003239000265424123,0.0029250018496454434,0.0024482307767493346,0.0022527265532528602,0.0021067640881214517]]",10.0,8.879366613202494,4.142752258529162,0.8879366613202494,0.4142752258529162,0.4665594336840889,0.0006924751966790908,0.6766690516730747,0.056719024882980654,2,6.972535958012826,1.508040762899347,4.623572604634031,1.9321146190559983e-05,8.933272221680232e-05,64,0.0003
9,MNISTMLP,MNIST MLP hidden=64 target=3e-04,1.0,0.01,Muon,1,3,1024,128,2.2949866260254073,0.5888671875,full_layer_input_activation,"[[0.010000000000000005,0.010000000000000005,0.010000000000000004,0.010000000000000004,0.010000000000000004,0.010000000000000004,0.010000000000000004,0.010000000000000004,0.010000000000000004,0.010000000000000004,0.010000000000000002,0.010000000000000002,0.010000000000000002,0.010000000000000002,0.010000000000000002,0.010000000000000002,0.010000000000000002,0.010000000000000002,0.010000000000000002,0.01,0.01,0.01,0.01,0.01,0.01,0.01,0.01,0.01,0.01,0.01,0.01,0.01,0.01,0.01,0.01,0.009999999999999998,0.009999999999999998,0.009999999999999998,0.009999999999999998,0.009999999999999998,0.009999999999999998,0.009999999999999998,0.009999999999999997,0.009999999999999997,0.009999999999999997,0.009999999999999997,0.009999999999999997,0.009999999999999997,0.009999999999999997,0.009999999999999997,0.009999999999999997,0.009999999999999997,0.009999999999999997,0.009999999999999997,0.009999999999999997,0.009999999999999997,0.009999999999999997,0.009999999999999997,0.009999999999999997,0.009999999999999997,0.009999999999999995,0.009999999999999993,0.009999999999999993,0.009999999999999993]]",64.0,63.999999999999986,63.99999999999992,0.9999999999999998,0.9999999999999988,0.999999999999999,0.0030422327241137626,0.46795423378675943,0.03802790905142206,1,14.014794554812964,2.3177586117928044,6.046701534622888,1.6978631660270213e-07,1.0266471811595264e-06,64,0.0003
9,MNISTMLP,MNIST MLP hidden=64 target=3e-04,1.0,0.01,Muon,1,3,1024,128,2.2949866260254073,0.5888671875,full_layer_input_activation,"[[0.010000000000000002,0.010000000000000002,0.010000000000000002,0.010000000000000002,0.010000000000000002,0.009999999999999998,0.009999999999999998,0.009999999999999998,0.009999999999999998,0.009999999999999997]]",10.0,9.999999999999998,9.999999999999996,0.9999999999999998,0.9999999999999997,0.9999999999999998,0.001909584397743922,0.84785918665576,0.06038636081191692,2,7.188652003965671,1.6015599524029307,4.48853131796911,1.948690908681775e-05,8.746760172659828e-05,64,0.0003
8,MNISTMLP,MNIST MLP hidden=64 target=3e-04,1.0,0.01,Adam,1,4,1024,128,2.288998200688394,0.5703125,full_layer_input_activation,"[[0.03793379353146169,0.03661249359415036,0.032108191039130166,0.026927889835114738,0.020343012843564046,0.019803302636353836,0.015760429678887723,0.014703170267205303,0.013182038258359155,0.010569665038664728,0.009472456644783222,0.008747165871133143,0.00808464424175532,0.007467459294999015,0.0074043964299705615,0.00699427117613543,0.0066498155170261345,0.006482999764107991,0.0062566045219723185,0.006013150675980325,0.005815785448603416,0.005650267821067972,0.0055930199064849915,0.005469632608620938,0.005332462518730426,0.005076819479812794,0.005021367762952869,0.0049875144579412285,0.004698392941330766,0.00462075316991579,0.0045781259000732535,0.004460587751662275,0.004427087997337764,0.00425749731186958,0.004131315403877346,0.004065128098623187,0.0040259253868020015,0.003993209629098067,0.003865999922892959,0.0037987697655609822,0.003781542787778706,0.003595260533346876,0.00354375867574242,0.0034382029303152008,0.0033797036427204107,0.003309754931117913,0.0032118316395338947,0.0031427450645353876,0.0031252017596543995,0.003015617148535876,0.002967379953373347,0.0029112544318000387,0.002908231395683168,0.0028566424745764553,0.0027000275422151606,0.0026436481618296926,0.0025794988329930664,0.002524401275207479,0.0024515039315955852,0.002396123376863146,0.0022834460017241882,0.002212763816767378,0.002166560662234834,0.0021118588219410156]]",64.0,29.58315582489937,5.071574588979,0.4622368097640527,0.07924335295279687,0.17143453588918284,0.004783865874061977,0.6299163335045954,0.05599913390119555,1,11.552588870135622,2.3177586117928044,4.984379655135702,2.0318958177349156e-07,1.0127740175273233e-06,64,0.0003
8,MNISTMLP,MNIST MLP hidden=64 target=3e-04,1.0,0.01,Adam,1,4,1024,128,2.288998200688394,0.5703125,full_layer_input_activation,"[[0.006127944077854066,0.005520895382468639,0.004624360705300184,0.003920631045937037,0.0035727662614663184,0.0033767367970272927,0.0031171540627273004,0.002443720452721343,0.0021959768925962388,0.0016496012421318086]]",10.0,8.777932201169314,4.052732041217574,0.8777932201169314,0.4052732041217574,0.4616955278690472,0.0010467664982568119,0.677351791608355,0.08485180324286733,2,5.884414187990312,1.4901705878198828,3.948819172843292,3.213670274563456e-05,0.00012690202795392742,64,0.0003
9,MNISTMLP,MNIST MLP hidden=64 target=3e-04,1.0,0.01,Muon,1,4,1024,128,2.290679533465441,0.5,full_layer_input_activation,"[[0.010000000000000005,0.010000000000000005,0.010000000000000005,0.010000000000000005,0.010000000000000004,0.010000000000000004,0.010000000000000004,0.010000000000000004,0.010000000000000004,0.010000000000000004,0.010000000000000004,0.010000000000000004,0.010000000000000004,0.010000000000000002,0.010000000000000002,0.010000000000000002,0.010000000000000002,0.010000000000000002,0.010000000000000002,0.010000000000000002,0.010000000000000002,0.010000000000000002,0.010000000000000002,0.010000000000000002,0.010000000000000002,0.010000000000000002,0.010000000000000002,0.01,0.01,0.01,0.01,0.01,0.01,0.01,0.01,0.01,0.01,0.01,0.01,0.01,0.01,0.01,0.01,0.01,0.009999999999999998,0.009999999999999998,0.009999999999999998,0.009999999999999998,0.009999999999999998,0.009999999999999998,0.009999999999999998,0.009999999999999998,0.009999999999999998,0.009999999999999998,0.009999999999999998,0.009999999999999998,0.009999999999999997,0.009999999999999997,0.009999999999999997,0.009999999999999997,0.009999999999999995,0.009999999999999995,0.009999999999999995,0.009999999999999993]]",64.0,64.00000000000003,63.99999999999993,1.0000000000000004,0.9999999999999989,0.9999999999999984,0.0033834684203714713,0.4400583093117613,0.042293355254643464,1,12.393684198036835,2.3177586117928044,5.347271340068595,2.3748073494132028e-07,1.2698739277701485e-06,64,0.0003
9,MNISTMLP,MNIST MLP hidden=64 target=3e-04,1.0,0.01,Muon,1,4,1024,128,2.290679533465441,0.5,full_layer_input_activation,"[[0.010000000000000005,0.010000000000000004,0.010000000000000004,0.01,0.01,0.009999999999999998,0.009999999999999998,0.009999999999999998,0.009999999999999998,0.009999999999999997]]",10.0,10.000000000000002,9.99999999999999,1.0000000000000002,0.9999999999999989,0.9999999999999988,0.0024199244016596556,0.7888524978725279,0.07652472874664662,2,6.222882633997263,1.6124070673826163,3.8593744469867195,3.267584167239178e-05,0.0001261083083842126,64,0.0003
8,MNISTMLP,MNIST MLP hidden=64 target=3e-04,1.0,0.01,Adam,1,5,1024,128,2.2840542213649364,0.55078125,full_layer_input_activation,,,,,,,,,,,1,11.82814038960363,2.3177586117928044,5.103266720452166,2.2717689313848788e-07,1.1593442784093634e-06,64,0.0003
8,MNISTMLP,MNIST MLP hidden=64 target=3e-04,1.0,0.01,Adam,1,5,1024,128,2.2840542213649364,0.55078125,full_layer_input_activation,,,,,,,,,,,2,6.741537699932326,1.460017381068857,4.617436605444345,2.0462966841160574e-05,9.448645214836866e-05,64,0.0003
9,MNISTMLP,MNIST MLP hidden=64 target=3e-04,1.0,0.01,Muon,1,5,1024,128,2.287791346790287,0.4912109375,full_layer_input_activation,,,,,,,,,,,1,13.699561193083998,2.3177586117928044,5.9106936862969,2.483047145812894e-07,1.467653108753381e-06,64,0.0003
9,MNISTMLP,MNIST MLP hidden=64 target=3e-04,1.0,0.01,Muon,1,5,1024,128,2.287791346790287,0.4912109375,full_layer_input_activation,,,,,,,,,,,2,7.414032814631987,1.6090594557548008,4.6076810823339684,2.1310117902301282e-05,9.819022712074006e-05,64,0.0003
10,MNISTMLP,MNIST MLP hidden=64 target=3e-04,1.0,0.01,Adam,2,0,1024,128,2.3028885439824243,0.89453125,full_layer_input_activation,"[[0.0392718624331096,0.030739141118916135,0.025634466534968647,0.020601180638847676,0.019412916798887958,0.01810392831172663,0.016541826616697106,0.012712969807940924,0.011589399666326912,0.011276879103642395,0.010840411247992891,0.010640712428418742,0.010135972398473275,0.009724881964131021,0.009507612226025242,0.009160420635467377,0.008772940415061381,0.008582547617207385,0.008244311398991292,0.008219266136473153,0.00801357795147144,0.0076630410546946965,0.007568065155446709,0.007352264108144001,0.007140472806765681,0.007061624819312437,0.006962472858645977,0.006832252286023301,0.006753142619177912,0.006666994951438692,0.006458303905365108,0.00638758814076021,0.006326785456435474,0.006275727367183895,0.006141847190758233,0.005942747093063311,0.0059233757796876806,0.005907685584687284,0.005814864972645805,0.005589264522900463,0.005543007539615499,0.005436549034791463,0.005391278450030032,0.0052471969233352945,0.005178467752672449,0.005013019166748316,0.004974652932921608,0.004921642953319432,0.004888718508068516,0.0048634976633096,0.004692347351014565,0.004578522431660116,0.004557950520376808,0.004503751759960331,0.0044271337513391434,0.004287542754928309,0.0042396347124785995,0.004150856055937295,0.004047311924933302,0.003932260594187118,0.0038304319277087857,0.0036454614508123905,0.0033401728668329936,0.0028118740726662474]]",64.0,40.367732707356595,4.701058098606005,0.6307458235524468,0.07345403279071883,0.11645583695983219,0.00427542104027675,0.6296803814597912,0.050211082350135966,1,13.35436496376128,2.2909517121094636,5.829177844811421,1.581749780791869e-07,9.220300778227286e-07,64,0.0003
10,MNISTMLP,MNIST MLP hidden=64 target=3e-04,1.0,0.01,Adam,2,0,1024,128,2.3028885439824243,0.89453125,full_layer_input_activation,"[[0.006044511462355889,0.004822991629453458,0.004348978342044909,0.004207430910613817,0.0036593764728048346,0.003530325142167476,0.0031362877146260547,0.0027830574708267047,0.002263742772476657,0.0021638041078856965]]",10.0,9.128128708909816,4.096110376637038,0.9128128708909816,0.4096110376637038,0.4487349496550035,0.0006083177602109412,0.6870008572095936,0.049725993080002265,2,6.498061203692505,1.8334528732117614,3.544165927924556,3.263540556680739e-05,0.0001156652924538781,64,0.0003
11,MNISTMLP,MNIST MLP hidden=64 target=3e-04,1.0,0.01,Muon,2,0,1024,128,2.3028885439824243,0.89453125,full_layer_input_activation,"[[0.010000000000000007,0.010000000000000007,0.010000000000000007,0.010000000000000004,0.010000000000000004,0.010000000000000004,0.010000000000000004,0.010000000000000004,0.010000000000000004,0.010000000000000002,0.010000000000000002,0.010000000000000002,0.010000000000000002,0.010000000000000002,0.010000000000000002,0.010000000000000002,0.010000000000000002,0.010000000000000002,0.010000000000000002,0.010000000000000002,0.01,0.01,0.01,0.01,0.01,0.01,0.01,0.01,0.01,0.01,0.01,0.01,0.01,0.01,0.01,0.01,0.01,0.01,0.01,0.01,0.01,0.009999999999999998,0.009999999999999998,0.009999999999999998,0.009999999999999998,0.009999999999999998,0.009999999999999998,0.009999999999999998,0.009999999999999998,0.009999999999999998,0.009999999999999997,0.009999999999999997,0.009999999999999997,0.009999999999999997,0.009999999999999997,0.009999999999999997,0.009999999999999995,0.009999999999999995,0.009999999999999995,0.009999999999999995,0.009999999999999995,0.009999999999999993,0.009999999999999993,0.009999999999999993]]",64.0,64.00000000000003,63.99999999999991,1.0000000000000004,0.9999999999999986,0.9999999999999981,0.0029140100223090525,0.45679530706736815,0.03642512527886321,1,13.35436496376128,2.2909517121094636,5.829177844811421,1.581749780791869e-07,9.220300778227286e-07,64,0.0003
11,MNISTMLP,MNIST MLP hidden=64 target=3e-04,1.0,0.01,Muon,2,0,1024,128,2.3028885439824243,0.89453125,full_layer_input_activation,"[[0.010000000000000009,0.010000000000000004,0.010000000000000004,0.010000000000000004,0.010000000000000004,0.010000000000000004,0.010000000000000002,0.010000000000000002,0.010000000000000002,0.009999999999999998]]",10.0,9.999999999999996,9.99999999999999,0.9999999999999997,0.9999999999999989,0.9999999999999993,0.0018450922514436597,0.8061055268196905,0.05834694007690061,2,6.498061203692505,1.8334528732117614,3.544165927924556,3.263540556680739e-05,0.0001156652924538781,64,0.0003
10,MNISTMLP,MNIST MLP hidden=64 target=3e-04,1.0,0.01,Adam,2,1,1024,128,2.300398394667466,0.8212890625,full_layer_input_activation,"[[0.03655308665588358,0.03155525600859989,0.03088361485805213,0.023225260504350333,0.022847112541957922,0.01828447713078031,0.01743869315709594,0.014967938425011294,0.013105006789340215,0.010799033984101722,0.010480577472064512,0.009690859540639777,0.009396200197559837,0.009204258488673477,0.008859776687322135,0.008299299464514033,0.007838976596634089,0.007390277346019174,0.007266257744463849,0.007094312668828592,0.006981043503646433,0.006697680730821786,0.006647778426310872,0.006513491363361035,0.006383727854280875,0.006198380736052673,0.00611601034963843,0.006007476428954163,0.00593184627193954,0.00570466436767875,0.005570709729526362,0.005557127113255811,0.005466622762751849,0.005313679440238058,0.005267892264901953,0.005221990311662119,0.0050114173473281365,0.004920394483694027,0.0048649291219113105,0.00482903864358441,0.004779810290631583,0.004676713971215243,0.004497064788330833,0.0044200878125818825,0.004341690215208349,0.004250668812301025,0.004123624331014361,0.004032598030875225,0.004006020661487923,0.0039048141410961096,0.003837829858303742,0.0037623304148121876,0.0037184129884474727,0.003625814084829245,0.0035552590051374706,0.0035070951470193763,0.0034341353227208184,0.0033238085128660753,0.003210686455959897,0.0031916379567167702,0.003088534468508193,0.0029824736426781987,0.00290914243067293,0.0027173264992283244]]",64.0,35.878328353790984,5.4317925763403405,0.5605988805279841,0.08487175900531782,0.15139480643518904,0.003717608608980862,0.6295526613682553,0.043638319790599074,1,16.075250189848667,2.2909517121094636,7.0168437444047616,1.1952282636250523e-07,8.386729964753213e-07,64,0.0003
10,MNISTMLP,MNIST MLP hidden=64 target=3e-04,1.0,0.01,Adam,2,1,1024,128,2.300398394667466,0.8212890625,full_layer_input_activation,"[[0.0055794867875560514,0.004934951687831596,0.004337899967559429,0.003982304744553945,0.0038213917354551234,0.003289229418819243,0.0029433196664431674,0.002584430361784861,0.002562184782385203,0.0020434829338030727]]",10.0,9.188334760752975,4.550677022402832,0.9188334760752974,0.4550677022402832,0.49526678564657656,0.000507599768408612,0.6997807394064467,0.04264706569710907,2,7.814287171211549,1.7356795131548888,4.502148646674852,1.990182773583978e-05,8.960098680726712e-05,64,0.0003
11,MNISTMLP,MNIST MLP hidden=64 target=3e-04,1.0,0.01,Muon,2,1,1024,128,2.3004204365380225,0.81640625,full_layer_input_activation,"[[0.010000000000000009,0.010000000000000009,0.010000000000000007,0.010000000000000007,0.010000000000000005,0.010000000000000005,0.010000000000000005,0.010000000000000005,0.010000000000000005,0.010000000000000005,0.010000000000000004,0.010000000000000004,0.010000000000000004,0.010000000000000004,0.010000000000000004,0.010000000000000004,0.010000000000000004,0.010000000000000004,0.010000000000000002,0.010000000000000002,0.010000000000000002,0.010000000000000002,0.010000000000000002,0.010000000000000002,0.010000000000000002,0.010000000000000002,0.010000000000000002,0.010000000000000002,0.010000000000000002,0.010000000000000002,0.010000000000000002,0.010000000000000002,0.010000000000000002,0.010000000000000002,0.010000000000000002,0.010000000000000002,0.010000000000000002,0.010000000000000002,0.010000000000000002,0.010000000000000002,0.010000000000000002,0.010000000000000002,0.010000000000000002,0.010000000000000002,0.010000000000000002,0.010000000000000002,0.010000000000000002,0.010000000000000002,0.009999999999999998,0.009999999999999998,0.009999999999999998,0.009999999999999998,0.009999999999999998,0.009999999999999998,0.009999999999999998,0.009999999999999998,0.009999999999999998,0.009999999999999998,0.009999999999999997,0.009999999999999997,0.009999999999999997,0.009999999999999997,0.009999999999999995,0.009999999999999995]]",64.0,64.0,63.999999999999915,1.0,0.9999999999999987,0.9999999999999987,0.0027914477852493272,0.5043160079010626,0.034893097315616635,1,16.27741669281691,2.2909517121094636,7.105089385681108,1.1908374324436013e-07,8.461006401326774e-07,64,0.0003
11,MNISTMLP,MNIST MLP hidden=64 target=3e-04,1.0,0.01,Muon,2,1,1024,128,2.3004204365380225,0.81640625,full_layer_input_activation,"[[0.010000000000000007,0.010000000000000005,0.010000000000000005,0.010000000000000004,0.010000000000000004,0.010000000000000004,0.010000000000000004,0.010000000000000002,0.010000000000000002,0.010000000000000002]]",10.0,9.999999999999998,9.999999999999995,0.9999999999999998,0.9999999999999994,0.9999999999999997,0.0016830114047411502,0.88129978322688,0.053221493670215406,2,7.766893079157453,1.829448430886095,4.245483473614804,2.2509922929463235e-05,9.556550578937911e-05,64,0.0003
10,MNISTMLP,MNIST MLP hidden=64 target=3e-04,1.0,0.01,Adam,2,2,1024,128,2.2967320440622805,0.7470703125,full_layer_input_activation,"[[0.04005714773113472,0.031243967808864,0.029120477879302893,0.025191875672881076,0.022349200914609957,0.019343288758302164,0.017992903349575717,0.01423128193541638,0.012573061359491083,0.011172002895351477,0.010499885707243967,0.00952304105008789,0.008984066024398978,0.008572839724801546,0.007898236558159764,0.007610053500814852,0.007401696570144651,0.007248789956825403,0.006984345759067723,0.006911268444811834,0.006653764799112474,0.006414493560211827,0.0060618133358402776,0.005942866961331493,0.0058842691372293756,0.005776362981392844,0.005680306373600666,0.005532488383122592,0.005331813848427648,0.0052657566188244395,0.005188658935036935,0.004959559052243737,0.004929179976234443,0.004764898955615445,0.0046857488724946356,0.004616576464850131,0.004542389639479495,0.004434289897558086,0.00436999573124323,0.00428937980749442,0.004173776191683549,0.004119646231059558,0.0040065517289728245,0.003914900028935152,0.0038581132574753247,0.0038273520701972655,0.0037994259700609334,0.0037327871917426313,0.003621209406636544,0.0034876363921433544,0.0034743525417163575,0.0034151783504532875,0.0032980510379411894,0.0032005580809787992,0.0031558119493306598,0.003071419023246247,0.0030306718769358768,0.0028826573989308873,0.0028316807691810054,0.002806311842576865,0.002722758381923092,0.00259642451839491,0.0024609922495432614,0.002375647612141277]]",64.0,33.0754917286395,4.525842476670264,0.5168045582599922,0.07071628869797288,0.13683371705556277,0.004314246566200148,0.6138872507685287,0.050626187460931706,1,13.07331847661624,2.2909517121094636,5.7065011049833885,1.6918122273406673e-07,9.654328344743924e-07,64,0.0003
10,MNISTMLP,MNIST MLP hidden=64 target=3e-04,1.0,0.01,Adam,2,2,1024,128,2.2967320440622805,0.7470703125,full_layer_input_activation,"[[0.005987628668754812,0.00544208691534438,0.004319504679939026,0.0036776646353550535,0.0036071706501810126,0.0032636416485728745,0.0028684175244372,0.002387204946365148,0.0021887508883745342,0.001802226003578435]]",10.0,8.817703573612626,3.99645230460112,0.8817703573612625,0.399645230460112,0.45323051191703506,0.0007545498152827424,0.6502603459108981,0.06303702967445245,2,5.561374271023976,1.6054108476737472,3.464143947377988,3.6623881088571384e-05,0.00012687039600246572,64,0.0003
11,MNISTMLP,MNIST MLP hidden=64 target=3e-04,1.0,0.01,Muon,2,2,1024,128,2.2975029618338256,0.7509765625,full_layer_input_activation,"[[0.010000000000000007,0.010000000000000005,0.010000000000000005,0.010000000000000004,0.010000000000000004,0.010000000000000004,0.010000000000000004,0.010000000000000004,0.010000000000000002,0.010000000000000002,0.010000000000000002,0.010000000000000002,0.010000000000000002,0.010000000000000002,0.010000000000000002,0.010000000000000002,0.010000000000000002,0.010000000000000002,0.01,0.01,0.01,0.01,0.01,0.01,0.01,0.01,0.01,0.01,0.01,0.01,0.009999999999999998,0.009999999999999998,0.009999999999999998,0.009999999999999998,0.009999999999999998,0.009999999999999998,0.009999999999999998,0.009999999999999998,0.009999999999999998,0.009999999999999998,0.009999999999999998,0.009999999999999998,0.009999999999999998,0.009999999999999998,0.009999999999999998,0.009999999999999998,0.009999999999999998,0.009999999999999997,0.009999999999999997,0.009999999999999997,0.009999999999999997,0.009999999999999997,0.009999999999999997,0.009999999999999997,0.009999999999999997,0.009999999999999995,0.009999999999999995,0.009999999999999995,0.009999999999999995,0.009999999999999995,0.009999999999999995,0.009999999999999993,0.009999999999999993,0.009999999999999988]]",64.0,63.999999999999986,63.99999999999991,0.9999999999999998,0.9999999999999986,0.9999999999999988,0.0030520888699359034,0.4600059001407102,0.038151110874198826,1,13.542747402512934,2.2909517121094636,5.911406744598312,1.711065023446748e-07,1.0114801320049375e-06,64,0.0003
11,MNISTMLP,MNIST MLP hidden=64 target=3e-04,1.0,0.01,Muon,2,2,1024,128,2.2975029618338256,0.7509765625,full_layer_input_activation,"[[0.010000000000000007,0.010000000000000005,0.010000000000000002,0.010000000000000002,0.010000000000000002,0.010000000000000002,0.01,0.009999999999999998,0.009999999999999997,0.009999999999999993]]",10.0,10.0,9.999999999999988,1.0,0.9999999999999988,0.9999999999999988,0.0020437033652266597,0.77414867786831,0.06462757495867205,2,5.9930617544525235,1.829821693225584,3.275216255572989,4.08010183051297e-05,0.00013363215839689189,64,0.0003
10,MNISTMLP,MNIST MLP hidden=64 target=3e-04,1.0,0.01,Adam,2,3,1024,128,2.2936881336775135,0.7431640625,full_layer_input_activation,"[[0.04104965884522698,0.03298310905322744,0.02842653532837334,0.025556836453442547,0.022577632431533115,0.020494856794540675,0.016653432962323755,0.01455700159637207,0.012658580264182167,0.010602975587048024,0.01005072870790718,0.009236543389652898,0.008977669277766505,0.008269533108457468,0.007730359577009742,0.007579824341843212,0.007129292687152991,0.006639209344503057,0.006565109432094615,0.006536482941387502,0.006500828146098455,0.006202459680214804,0.005936855317453457,0.005660362997103344,0.005620339272020287,0.0054548749410561,0.005369484931340483,0.005073716225613892,0.004921947796211163,0.004906315115354648,0.004698514341358728,0.004602891548827613,0.004543548315057582,0.004451179926914021,0.004348424141769368,0.004190968307269077,0.00416569887948697,0.004104808491376062,0.003980733764333641,0.0038724073081337533,0.0038060509898000523,0.003742182890256344,0.003682756716376197,0.003603350882760243,0.0035700126523718896,0.0035050703195700326,0.0034259632325541055,0.0033008085906434097,0.0032736624136959444,0.003209933099610612,0.0031160673909238486,0.0030319017928045508,0.0029911533318680585,0.002919366796902795,0.0028378263211243046,0.002771143738584032,0.002757243066474914,0.002701119579919847,0.002621795843366082,0.002558733397506899,0.0023922609179192005,0.0023513394455836455,0.0022920519650577956,0.0021588622894998005]]",64.0,31.049880594206392,4.321418912231098,0.4851543842844749,0.06752217050361091,0.13917666765641068,0.004259959459795234,0.6168085570378259,0.04992093717741167,1,12.945425280650253,2.2909517121094636,5.650675748521281,1.629459689847702e-07,9.207548352615418e-07,64,0.0003
10,MNISTMLP,MNIST MLP hidden=64 target=3e-04,1.0,0.01,Adam,2,3,1024,128,2.2936881336775135,0.7431640625,full_layer_input_activation,"[[0.006398904223838847,0.005475500614955388,0.004266821805734938,0.0036754157674683883,0.0032245459229716996,0.003080466318391923,0.002806273827210858,0.0024317169312499678,0.0021677837931650787,0.0016619116663798218]]",10.0,8.612502275393775,3.5114112397668458,0.8612502275393774,0.35114112397668457,0.40771092157491473,0.0008409374666213192,0.6622071640811285,0.07013216483127109,2,5.795186055840766,1.4912918283795975,3.88601744176234,2.838671960419865e-05,0.0001103112874963329,64,0.0003
11,MNISTMLP,MNIST MLP hidden=64 target=3e-04,1.0,0.01,Muon,2,3,1024,128,2.295587888989813,0.73828125,full_layer_input_activation,"[[0.010000000000000009,0.010000000000000007,0.010000000000000007,0.010000000000000005,0.010000000000000005,0.010000000000000005,0.010000000000000005,0.010000000000000004,0.010000000000000004,0.010000000000000004,0.010000000000000004,0.010000000000000004,0.010000000000000004,0.010000000000000004,0.010000000000000004,0.010000000000000004,0.010000000000000004,0.010000000000000004,0.010000000000000004,0.010000000000000004,0.010000000000000004,0.010000000000000004,0.010000000000000002,0.010000000000000002,0.010000000000000002,0.010000000000000002,0.010000000000000002,0.010000000000000002,0.010000000000000002,0.010000000000000002,0.010000000000000002,0.010000000000000002,0.010000000000000002,0.010000000000000002,0.010000000000000002,0.010000000000000002,0.010000000000000002,0.010000000000000002,0.010000000000000002,0.010000000000000002,0.010000000000000002,0.010000000000000002,0.010000000000000002,0.010000000000000002,0.010000000000000002,0.010000000000000002,0.010000000000000002,0.010000000000000002,0.009999999999999998,0.009999999999999998,0.009999999999999998,0.009999999999999998,0.009999999999999998,0.009999999999999998,0.009999999999999998,0.009999999999999998,0.009999999999999998,0.009999999999999998,0.009999999999999998,0.009999999999999997,0.009999999999999997,0.009999999999999997,0.009999999999999995,0.009999999999999995]]",64.0,64.00000000000001,63.99999999999991,1.0000000000000002,0.9999999999999986,0.9999999999999983,0.003099643867111619,0.4605272961065595,0.03874554833889519,1,13.573464989390054,2.2909517121094636,5.924814965607403,1.760807225350715e-07,1.0432457000307564e-06,64,0.0003
11,MNISTMLP,MNIST MLP hidden=64 target=3e-04,1.0,0.01,Muon,2,3,1024,128,2.295587888989813,0.73828125,full_layer_input_activation,"[[0.010000000000000009,0.010000000000000005,0.010000000000000005,0.010000000000000005,0.010000000000000005,0.010000000000000002,0.010000000000000002,0.010000000000000002,0.009999999999999998,0.009999999999999997]]",10.0,9.999999999999996,9.99999999999999,0.9999999999999997,0.9999999999999989,0.9999999999999993,0.0020816298404946307,0.79456621560523,0.06582691541336035,2,6.313354709812167,1.8053374548110657,3.49704964741502,3.5564537177010685e-05,0.0001243709521953436,64,0.0003
10,MNISTMLP,MNIST MLP hidden=64 target=3e-04,1.0,0.01,Adam,2,4,1024,128,2.2888498220764766,0.71484375,full_layer_input_activation,"[[0.04209294484266034,0.03366173385182976,0.02884609390216895,0.026668471268856426,0.021006097571475753,0.02052375100696541,0.016694445125253025,0.014939756991084588,0.01235835822979884,0.010653015490445642,0.00999094030799849,0.009156556670831045,0.00862835325390535,0.007942390321063525,0.007480267613686628,0.006892000716831282,0.006727065493899613,0.0066457432589848275,0.006188275417247437,0.006096309400474188,0.005841234184499923,0.005769255787089531,0.005712058184331793,0.005416851716256474,0.005292678270364079,0.005128972130733601,0.005091568693247174,0.004872867262482642,0.004719848872948792,0.004552500443631674,0.004495336920820878,0.004296156668508061,0.004226000934244174,0.004173015704336844,0.004118559599508412,0.004058940531698131,0.00403237204785221,0.0038263251399686207,0.003727479731279227,0.0036472301423336596,0.003582355779817773,0.0034888197348696085,0.00344194669240979,0.003341842891477674,0.0032896740343919422,0.003261160980948004,0.003115642646569661,0.0030663435952416386,0.0030409237373869064,0.0030078921644028983,0.002911553226340428,0.002826315521113613,0.0027948520631355116,0.002760505724511436,0.0026832456767583177,0.002586119806393539,0.0025759978317595276,0.002492078969038078,0.0024055184061113426,0.0023235961664574674,0.0023101752063277967,0.0022892055706082264,0.0021681708502288358,0.0020802953546977926]]",64.0,29.470963601533924,4.123732617330871,0.46048380627396757,0.06443332214579486,0.13992527265434362,0.004493398214524369,0.6499973927743233,0.05256786625008946,1,13.667476693568016,2.2909517121094636,5.965851057150075,1.6270331845326217e-07,9.706637643962193e-07,64,0.0003
10,MNISTMLP,MNIST MLP hidden=64 target=3e-04,1.0,0.01,Adam,2,4,1024,128,2.2888498220764766,0.71484375,full_layer_input_activation,"[[0.006498063173803185,0.005952367639118282,0.004430898860133911,0.00366238310613591,0.0034160542356649498,0.0029247369874326463,0.002596054441570277,0.0023545651290019904,0.0021430422391276963,0.0018499630673317515]]",10.0,8.48846673225748,3.581386120475302,0.848846673225748,0.35813861204753017,0.421912017027231,0.0009936114272746917,0.7693811902362736,0.08079920268936973,2,6.841140900616411,1.416618988233367,4.82920316432285,1.818808231124261e-05,8.783394465041727e-05,64,0.0003
11,MNISTMLP,MNIST MLP hidden=64 target=3e-04,1.0,0.01,Muon,2,4,1024,128,2.291273150592813,0.6171875,full_layer_input_activation,"[[0.010000000000000005,0.010000000000000005,0.010000000000000005,0.010000000000000004,0.010000000000000004,0.010000000000000002,0.010000000000000002,0.010000000000000002,0.010000000000000002,0.010000000000000002,0.010000000000000002,0.010000000000000002,0.010000000000000002,0.010000000000000002,0.010000000000000002,0.010000000000000002,0.01,0.01,0.01,0.01,0.01,0.01,0.01,0.01,0.01,0.01,0.01,0.01,0.01,0.01,0.01,0.009999999999999998,0.009999999999999998,0.009999999999999998,0.009999999999999998,0.009999999999999998,0.009999999999999998,0.009999999999999998,0.009999999999999998,0.009999999999999998,0.009999999999999998,0.009999999999999998,0.009999999999999998,0.009999999999999998,0.009999999999999998,0.009999999999999998,0.009999999999999998,0.009999999999999998,0.009999999999999998,0.009999999999999998,0.009999999999999997,0.009999999999999997,0.009999999999999997,0.009999999999999997,0.009999999999999997,0.009999999999999997,0.009999999999999995,0.009999999999999995,0.009999999999999995,0.009999999999999995,0.009999999999999993,0.009999999999999993,0.009999999999999992,0.009999999999999992]]",64.0,63.99999999999999,63.999999999999915,0.9999999999999999,0.9999999999999987,0.9999999999999988,0.0032238809445117884,0.48591199737055857,0.04029851180639747,1,15.111070028073247,2.2909517121094636,6.595979281535912,1.7109673180999793e-07,1.1285504981572526e-06,64,0.0003
11,MNISTMLP,MNIST MLP hidden=64 target=3e-04,1.0,0.01,Muon,2,4,1024,128,2.291273150592813,0.6171875,full_layer_input_activation,"[[0.010000000000000005,0.010000000000000005,0.010000000000000005,0.010000000000000004,0.010000000000000002,0.010000000000000002,0.010000000000000002,0.01,0.009999999999999998,0.009999999999999993]]",10.0,10.0,9.999999999999993,1.0,0.9999999999999993,0.9999999999999993,0.002075099513588762,0.8702586972898386,0.06562040834448013,2,7.573502002086066,1.7915010678048255,4.227461617628887,2.5875227792910167e-05,0.00010938653234193196,64,0.0003
10,MNISTMLP,MNIST MLP hidden=64 target=3e-04,1.0,0.01,Adam,2,5,1024,128,2.283815307148264,0.681640625,full_layer_input_activation,,,,,,,,,,,1,11.825958568397663,2.2909517121094636,5.162028734996143,2.0325887569173237e-07,1.0492281569637315e-06,64,0.0003
10,MNISTMLP,MNIST MLP hidden=64 target=3e-04,1.0,0.01,Adam,2,5,1024,128,2.283815307148264,0.681640625,full_layer_input_activation,,,,,,,,,,,2,5.496420172906899,1.3697918988838154,4.012595035337627,2.5024022908267876e-05,0.00010041127008589073,64,0.0003
11,MNISTMLP,MNIST MLP hidden=64 target=3e-04,1.0,0.01,Muon,2,5,1024,128,2.288587527048828,0.5224609375,full_layer_input_activation,,,,,,,,,,,1,12.727062245159493,2.2909517121094636,5.5553603237846785,2.44442351130031e-07,1.3579653389204171e-06,64,0.0003
11,MNISTMLP,MNIST MLP hidden=64 target=3e-04,1.0,0.01,Muon,2,5,1024,128,2.288587527048828,0.5224609375,full_layer_input_activation,,,,,,,,,,,2,6.3632368578088645,1.7661280342746528,3.602930667720384,3.328775787944176e-05,0.00011993348372349158,64,0.0003
12,MNISTMLP,MNIST MLP hidden=64 target=1e-03,1.0,0.01,Adam,0,0,1024,128,2.3029479206211203,0.8857421875,full_layer_input_activation,"[[0.03699227167056734,0.027467157391212357,0.025352905516039363,0.024229023845770355,0.02213162948462197,0.018554951304652508,0.01528058463028733,0.013729623443191527,0.013179066675409724,0.011850056111448426,0.011228837375474728,0.010471321452002235,0.01003403225775919,0.009805454994411891,0.009394941341261284,0.009307149307964564,0.00884040877584541,0.008678079723345165,0.008526507020471474,0.008304008038857722,0.00815954914550428,0.007940548227913383,0.007769609862132069,0.0075997823423072704,0.007476103202904885,0.00739862703603938,0.007174930546463034,0.006959938056939375,0.0069069168104476915,0.0066823065374250045,0.006602728949023982,0.006546721502194895,0.0064062408387243405,0.006320467039249912,0.006180295132930719,0.006096993941009172,0.005925712328137608,0.0058940860474864624,0.00576295138051641,0.005665201332112682,0.005615595247842813,0.00541776294924237,0.005368637333545746,0.005310516135784462,0.005307576486251327,0.005142792879364759,0.005026590225201624,0.004969712110120971,0.004864207890038701,0.004805070864261111,0.00474974177195452,0.00457661118374599,0.004511334708528303,0.004494922696613942,0.004328207661783401,0.004200982726579691,0.004130330875229805,0.004077608191784729,0.0038130833425275507,0.0036644131099749966,0.0035756552920110504,0.0030369306728488337,0.002988752674981149,0.0024444724350788376]]",64.0,41.04969205259643,5.292467683201724,0.6414014383218192,0.08269480755002694,0.12892831635425073,0.00339200932229714,0.6388427792383649,0.039858130787378196,1,15.833838177177547,2.2911742156899897,6.910796249690323,9.756975151459917e-08,6.742846728503087e-07,64,0.001
12,MNISTMLP,MNIST MLP hidden=64 target=1e-03,1.0,0.01,Adam,0,0,1024,128,2.3029479206211203,0.8857421875,full_layer_input_activation,"[[0.0059893889966111434,0.0054542181544742635,0.004677847953543198,0.004127556906295584,0.003934287550522699,0.003400542198592538,0.002980934691811009,0.0025970391203814927,0.0023541612335578072,0.0022097375983768422]]",10.0,9.028457632525786,4.394367157023336,0.9028457632525786,0.43943671570233356,0.4867240159816727,0.0005770180822319437,0.700926289306052,0.0459577472695929,2,7.2118367112957085,1.774400160358026,4.064380105691917,2.6617004164630357e-05,0.00010818162219984254,64,0.001
13,MNISTMLP,MNIST MLP hidden=64 target=1e-03,1.0,0.01,Muon,0,0,1024,128,2.3029479206211203,0.8857421875,full_layer_input_activation,"[[0.010000000000000009,0.010000000000000005,0.010000000000000005,0.010000000000000005,0.010000000000000005,0.010000000000000004,0.010000000000000004,0.010000000000000004,0.010000000000000004,0.010000000000000004,0.010000000000000004,0.010000000000000004,0.010000000000000004,0.010000000000000004,0.010000000000000002,0.010000000000000002,0.010000000000000002,0.010000000000000002,0.010000000000000002,0.010000000000000002,0.010000000000000002,0.010000000000000002,0.010000000000000002,0.010000000000000002,0.010000000000000002,0.010000000000000002,0.010000000000000002,0.010000000000000002,0.010000000000000002,0.010000000000000002,0.010000000000000002,0.010000000000000002,0.010000000000000002,0.010000000000000002,0.010000000000000002,0.009999999999999998,0.009999999999999998,0.009999999999999998,0.009999999999999998,0.009999999999999998,0.009999999999999998,0.009999999999999998,0.009999999999999998,0.009999999999999998,0.009999999999999998,0.009999999999999998,0.009999999999999998,0.009999999999999998,0.009999999999999998,0.009999999999999998,0.009999999999999998,0.009999999999999998,0.009999999999999998,0.009999999999999998,0.009999999999999997,0.009999999999999997,0.009999999999999997,0.009999999999999997,0.009999999999999997,0.009999999999999997,0.009999999999999997,0.009999999999999995,0.009999999999999993,0.009999999999999993]]",64.0,63.99999999999997,63.999999999999886,0.9999999999999996,0.9999999999999982,0.9999999999999987,0.002482653091660834,0.49739694562632675,0.031033163645760423,1,15.833838177177547,2.2911742156899897,6.910796249690323,9.756975151459917e-08,6.742846728503087e-07,64,0.001
13,MNISTMLP,MNIST MLP hidden=64 target=1e-03,1.0,0.01,Muon,0,0,1024,128,2.3029479206211203,0.8857421875,full_layer_input_activation,"[[0.010000000000000012,0.010000000000000007,0.010000000000000007,0.010000000000000007,0.010000000000000007,0.010000000000000005,0.010000000000000004,0.010000000000000004,0.010000000000000004,0.010000000000000002]]",10.0,10.000000000000002,9.999999999999986,1.0000000000000002,0.9999999999999986,0.9999999999999984,0.0017607971469923882,0.8492253358971168,0.055681294820222466,2,7.2118367112957085,1.774400160358026,4.064380105691917,2.6617004164630357e-05,0.00010818162219984254,64,0.001
12,MNISTMLP,MNIST MLP hidden=64 target=1e-03,1.0,0.01,Adam,0,1,1024,128,2.2994861547193373,0.7333984375,full_layer_input_activation,"[[0.04019948221794195,0.02957747079330972,0.027144089806856633,0.025661389287751496,0.022240820303851907,0.017947032383483504,0.0164792117248863,0.013499368856140058,0.013146029338303515,0.011666367416068364,0.010505820480853231,0.00972120404111323,0.009102192710121748,0.008630017896441295,0.008622513507368989,0.00838709922746035,0.00799919740985694,0.007848734545595162,0.007558337726233913,0.007380335326938856,0.007260940092200416,0.00698656409717315,0.006887238015805248,0.006630099616165881,0.00647103613070884,0.00637984602855677,0.00633935169266764,0.005910729503256282,0.005792038261937423,0.00569303961293525,0.005601236364426256,0.005470620394067647,0.005373445319479517,0.00532413677123697,0.005136999812995082,0.005067090657660802,0.004920112409216082,0.004840041222990224,0.004808970002752401,0.004761888627985705,0.004634011088531888,0.00450330431596243,0.004406553837779454,0.0043796592745214075,0.004355877238322488,0.004254382680444898,0.00419827766186366,0.004122489421837921,0.0040954621025813785,0.004025251531959078,0.003975000557163356,0.0038822000964458003,0.003719904051204198,0.003690998669846987,0.0035325369950203415,0.0034658766816275184,0.0033764263249607828,0.003286725629136138,0.0032491420802146244,0.0031074165326811713,0.003045710726798358,0.0029196975920738793,0.0028563282034946374,0.0027375219869560327]]",64.0,35.785182572121116,4.4764931066363225,0.5591434776893924,0.06994520479119254,0.12509348241033677,0.003869427853942985,0.6456057564619115,0.04549433636656992,1,14.193666180515484,2.2911742156899897,6.194931002329321,1.2446556198855311e-07,7.710555686852296e-07,64,0.001
12,MNISTMLP,MNIST MLP hidden=64 target=1e-03,1.0,0.01,Adam,0,1,1024,128,2.2994861547193373,0.7333984375,full_layer_input_activation,"[[0.006430436446019054,0.005915187170743416,0.004977177909800172,0.00367149089200692,0.0036475548336151,0.0031674083405428604,0.0029346741088022666,0.002381956415304464,0.0023299025451132627,0.0020865268973969146]]",10.0,8.700302248216413,3.9176611575562976,0.8700302248216414,0.39176611575562975,0.45029023656729045,0.0006689377387750978,0.6189392703384557,0.05255715063775312,2,5.621509471653866,1.789523963098084,3.1413435011631363,4.351739087404106e-05,0.00013670307300974482,64,0.001
13,MNISTMLP,MNIST MLP hidden=64 target=1e-03,1.0,0.01,Muon,0,1,1024,128,2.299530891291578,0.7373046875,full_layer_input_activation,"[[0.010000000000000005,0.010000000000000005,0.010000000000000004,0.010000000000000004,0.010000000000000004,0.010000000000000004,0.010000000000000004,0.010000000000000004,0.010000000000000004,0.010000000000000004,0.010000000000000004,0.010000000000000004,0.010000000000000004,0.010000000000000004,0.010000000000000004,0.010000000000000004,0.010000000000000004,0.010000000000000002,0.010000000000000002,0.010000000000000002,0.010000000000000002,0.010000000000000002,0.010000000000000002,0.010000000000000002,0.010000000000000002,0.010000000000000002,0.010000000000000002,0.010000000000000002,0.01,0.01,0.01,0.01,0.01,0.01,0.01,0.01,0.01,0.01,0.01,0.01,0.01,0.01,0.01,0.01,0.01,0.009999999999999998,0.009999999999999998,0.009999999999999998,0.009999999999999998,0.009999999999999998,0.009999999999999998,0.009999999999999998,0.009999999999999997,0.009999999999999997,0.009999999999999997,0.009999999999999997,0.009999999999999997,0.009999999999999997,0.009999999999999997,0.009999999999999995,0.009999999999999995,0.009999999999999995,0.009999999999999995,0.00999999999999999]]",64.0,64.00000000000001,63.999999999999936,1.0000000000000002,0.999999999999999,0.9999999999999988,0.0026213716052952084,0.46913388767397957,0.03276714506619006,1,14.085542692102583,2.2911742156899897,6.147739702919408,1.2227929364881714e-07,7.51741268409774e-07,64,0.001
13,MNISTMLP,MNIST MLP hidden=64 target=1e-03,1.0,0.01,Muon,0,1,1024,128,2.299530891291578,0.7373046875,full_layer_input_activation,"[[0.010000000000000005,0.010000000000000004,0.01,0.01,0.01,0.009999999999999998,0.009999999999999998,0.009999999999999998,0.009999999999999998,0.009999999999999997]]",10.0,9.999999999999998,9.99999999999999,0.9999999999999998,0.9999999999999989,0.9999999999999991,0.0019851712481992103,0.7545453014893112,0.0627766268978894,2,5.693386119995958,1.8009749064902738,3.1612800930642537,4.33373522202878e-05,0.00013700150886010974,64,0.001
12,MNISTMLP,MNIST MLP hidden=64 target=1e-03,1.0,0.01,Adam,0,2,1024,128,2.2965248451612075,0.5712890625,full_layer_input_activation,"[[0.04137164013673328,0.030131809652890078,0.028119746190085882,0.025492921484488573,0.021239879559942873,0.018791830561032334,0.017612826926989615,0.014377183015720812,0.012447748684535834,0.012347636376035375,0.010575044004754628,0.009353737326033458,0.00879629733094419,0.008283781426145649,0.007914191411422777,0.007885703274289502,0.00765631795271973,0.007439892063335336,0.006988473223553058,0.006836662710775989,0.006690179945686514,0.006570445890908543,0.006415603790892785,0.006254540580835631,0.006013713190423897,0.005913355647489354,0.005812456126470915,0.005691832420483855,0.005531941127901119,0.005463919854783718,0.00519463702515805,0.005164296093245092,0.004995287247084425,0.00488303437905778,0.004724737151868973,0.004652475218112843,0.004637083613330048,0.004496660680557197,0.004410072441104058,0.004377669240606344,0.004187818037297846,0.004166093323315063,0.004148518117462541,0.003962818429887627,0.0039036468664616067,0.0038412463856804975,0.0038121655953799382,0.003697778498061623,0.003655909024650424,0.003509178737149364,0.0034760547055019196,0.0034040058746546437,0.0033669887582487997,0.0032814239233608586,0.003178539204074696,0.003102594758261895,0.00306099030272244,0.002970982439068899,0.002896222780449824,0.0028420415792316488,0.0027583396440412035,0.0026170422728217274,0.0025569471284798387,0.0024648177228568354]]",64.0,33.49088623880869,4.229979315946959,0.5232950974813858,0.06609342681167124,0.12630240017492664,0.0035943860320834945,0.609221345112701,0.04224281562146653,1,14.189150051150994,2.2911742156899897,6.192959904132788,1.2051048015825432e-07,7.46316571647859e-07,64,0.001
12,MNISTMLP,MNIST MLP hidden=64 target=1e-03,1.0,0.01,Adam,0,2,1024,128,2.2965248451612075,0.5712890625,full_layer_input_activation,"[[0.006431617088589935,0.005603680541078569,0.004876779960662215,0.004111803182660897,0.003456909778015441,0.003351919565375909,0.0028601659023383495,0.002551505183096569,0.002309976226278145,0.0018926635806008677]]",10.0,8.75050099277108,3.8740147452171967,0.875050099277108,0.3874014745217197,0.44271919384016734,0.0006486325264455856,0.6060817088777936,0.0512386770432612,2,5.4973699908892195,1.7787125563319819,3.090645518478693,3.492604587539317e-05,0.00010794402716296515,64,0.001
13,MNISTMLP,MNIST MLP hidden=64 target=1e-03,1.0,0.01,Muon,0,2,1024,128,2.2969094942970036,0.58984375,full_layer_input_activation,"[[0.010000000000000007,0.010000000000000007,0.010000000000000005,0.010000000000000005,0.010000000000000005,0.010000000000000005,0.010000000000000005,0.010000000000000005,0.010000000000000005,0.010000000000000004,0.010000000000000004,0.010000000000000004,0.010000000000000004,0.010000000000000004,0.010000000000000004,0.010000000000000004,0.010000000000000004,0.010000000000000004,0.010000000000000004,0.010000000000000004,0.010000000000000004,0.010000000000000004,0.010000000000000002,0.010000000000000002,0.010000000000000002,0.010000000000000002,0.010000000000000002,0.010000000000000002,0.010000000000000002,0.010000000000000002,0.010000000000000002,0.010000000000000002,0.010000000000000002,0.010000000000000002,0.010000000000000002,0.010000000000000002,0.010000000000000002,0.010000000000000002,0.010000000000000002,0.01,0.01,0.01,0.01,0.01,0.01,0.01,0.01,0.01,0.01,0.01,0.01,0.01,0.01,0.009999999999999998,0.009999999999999998,0.009999999999999998,0.009999999999999998,0.009999999999999998,0.009999999999999998,0.009999999999999998,0.009999999999999998,0.009999999999999997,0.009999999999999997,0.009999999999999997]]",64.0,64.0,63.999999999999936,1.0,0.999999999999999,0.999999999999999,0.0026419410416134463,0.4712598829057638,0.03302426302016806,1,14.213496143126699,2.2911742156899897,6.20358593676225,1.2308769841813465e-07,7.635851148951732e-07,64,0.001
13,MNISTMLP,MNIST MLP hidden=64 target=1e-03,1.0,0.01,Muon,0,2,1024,128,2.2969094942970036,0.58984375,full_layer_input_activation,"[[0.010000000000000002,0.010000000000000002,0.010000000000000002,0.010000000000000002,0.010000000000000002,0.009999999999999998,0.009999999999999998,0.009999999999999998,0.009999999999999998,0.009999999999999998]]",10.0,9.999999999999998,9.999999999999996,0.9999999999999998,0.9999999999999997,0.9999999999999998,0.001816286521023157,0.7696347044445848,0.05743602289896474,2,5.923375782855036,1.817632371981533,3.258841487510224,3.204631475982577e-05,0.00010443386006113147,64,0.001
12,MNISTMLP,MNIST MLP hidden=64 target=1e-03,1.0,0.01,Adam,0,3,1024,128,2.292614616082495,0.47265625,full_layer_input_activation,"[[0.041519817532998306,0.03244367329038781,0.02972191041592796,0.025861238640915322,0.02138714725653361,0.018562379728457593,0.017163845396348163,0.014303552514034229,0.013197350683836479,0.010780323774200889,0.009417667020490537,0.008573732006814314,0.00819851031105902,0.008053591273395408,0.007788307761457222,0.007549054927026465,0.007191742803107557,0.006827332496367962,0.00647575490441377,0.006228838217212088,0.006083903166428804,0.006043996579309137,0.005900553057321523,0.005738594719142779,0.005606020427950189,0.005412537453610848,0.005322725104518383,0.005296708144953645,0.005105479252002388,0.004999104787547173,0.0048942983023852115,0.00485635267897549,0.004691899654500812,0.004586211080746321,0.004402700777998211,0.0043925769778114,0.004291336170520346,0.004127825258308883,0.004102152273527918,0.003965980858439107,0.003908687529736461,0.0038648760221360857,0.0037852982461684284,0.0036928138704905573,0.0036486350331591173,0.0035360146699332604,0.0034166206763921875,0.003394499750905935,0.0032829081881689945,0.0032095111651070786,0.0031062198631739897,0.003080675859739363,0.0030513416653785335,0.002982925580822955,0.0029672049674090923,0.0028453342326563457,0.00276894231681636,0.002725203876634921,0.002658436311056943,0.0026313396693475807,0.002514996894348202,0.0024504981454154585,0.0024185384413415215,0.0022624342247128636]]",64.0,31.143902610140145,4.2072483595720405,0.48662347828343977,0.06573825561831313,0.13509059581384006,0.0040502469204219994,0.6285666910434771,0.047558373066874646,1,13.33460213306237,2.2911742156899897,5.819986119670363,1.4348964999118784e-07,8.351077712650718e-07,64,0.001
12,MNISTMLP,MNIST MLP hidden=64 target=1e-03,1.0,0.01,Adam,0,3,1024,128,2.292614616082495,0.47265625,full_layer_input_activation,"[[0.006464386183722055,0.005868282294784288,0.00496930449379135,0.004130991981763659,0.0036024551129741917,0.0030167582977838007,0.002962069305755431,0.002611834418392766,0.0021426681786833024,0.0020156809961966705]]",10.0,8.688725891685612,3.9320143653981816,0.8688725891685612,0.39320143653981815,0.45254211197533484,0.0008923215542837391,0.7133300797146818,0.06961238962934634,2,6.519799791361155,1.7311688591918113,3.7661258500253383,3.309843511601854e-05,0.00012465287208582383,64,0.001
13,MNISTMLP,MNIST MLP hidden=64 target=1e-03,1.0,0.01,Muon,0,3,1024,128,2.294184016120816,0.4814453125,full_layer_input_activation,"[[0.010000000000000009,0.010000000000000007,0.010000000000000005,0.010000000000000005,0.010000000000000005,0.010000000000000004,0.010000000000000004,0.010000000000000004,0.010000000000000004,0.010000000000000004,0.010000000000000004,0.010000000000000004,0.010000000000000004,0.010000000000000004,0.010000000000000002,0.010000000000000002,0.010000000000000002,0.010000000000000002,0.010000000000000002,0.010000000000000002,0.010000000000000002,0.010000000000000002,0.010000000000000002,0.010000000000000002,0.010000000000000002,0.010000000000000002,0.010000000000000002,0.010000000000000002,0.010000000000000002,0.010000000000000002,0.010000000000000002,0.010000000000000002,0.010000000000000002,0.010000000000000002,0.010000000000000002,0.010000000000000002,0.010000000000000002,0.010000000000000002,0.010000000000000002,0.010000000000000002,0.010000000000000002,0.010000000000000002,0.009999999999999998,0.009999999999999998,0.009999999999999998,0.009999999999999998,0.009999999999999998,0.009999999999999998,0.009999999999999998,0.009999999999999998,0.009999999999999998,0.009999999999999998,0.009999999999999998,0.009999999999999998,0.009999999999999998,0.009999999999999998,0.009999999999999998,0.009999999999999997,0.009999999999999997,0.009999999999999997,0.009999999999999997,0.009999999999999997,0.009999999999999995,0.009999999999999995]]",64.0,64.00000000000001,63.99999999999989,1.0000000000000002,0.9999999999999983,0.9999999999999981,0.0029755656452613685,0.4597821354735656,0.03719457056576707,1,13.529575174440524,2.2911742156899897,5.905083551390297,1.6403035907851426e-07,9.686129753231787e-07,64,0.001
13,MNISTMLP,MNIST MLP hidden=64 target=1e-03,1.0,0.01,Muon,0,3,1024,128,2.294184016120816,0.4814453125,full_layer_input_activation,"[[0.010000000000000005,0.010000000000000004,0.010000000000000002,0.010000000000000002,0.010000000000000002,0.01,0.009999999999999998,0.009999999999999998,0.009999999999999998,0.009999999999999995]]",10.0,10.000000000000002,9.99999999999999,1.0000000000000002,0.9999999999999989,0.9999999999999988,0.002074137726550152,0.8142980218443344,0.06558999396781975,2,6.630812683795963,1.8337442394297527,3.615996462984377,3.350448278972579e-05,0.0001211520912617694,64,0.001
12,MNISTMLP,MNIST MLP hidden=64 target=1e-03,1.0,0.01,Adam,0,4,1024,128,2.287899243207172,0.4169921875,full_layer_input_activation,"[[0.04376253787001442,0.03164900162888599,0.03131488130435819,0.02562875014835665,0.021524708890877264,0.019030693445974106,0.01724980968566093,0.01429203109867491,0.012436700764708137,0.010362060597859263,0.008954340074439881,0.008156477862171226,0.007706123638682512,0.007442232082916199,0.0071119743038998,0.006864710093418421,0.00676385700210535,0.006494852268347759,0.006180215518720867,0.005970575794391908,0.005792913455287856,0.005525330439476248,0.005382597843365728,0.005350528644925432,0.005215813404816792,0.005059495312154832,0.004881162648219136,0.004798770787445125,0.004616984290807226,0.004590210772606442,0.0044724048866722245,0.004345218551941068,0.00426094938748249,0.004103760203341806,0.004063784492464844,0.003997614783316509,0.0038667163733994894,0.003803409423894954,0.003733856844744805,0.0036870259178203163,0.0035560897775033158,0.003461109803417632,0.003443006489565101,0.003343907537853239,0.003306357399272487,0.003183483908900839,0.0031522834759323973,0.003041780708285405,0.0030001819759727113,0.002941709367780024,0.0029016842596911946,0.002785308899910854,0.002753960266323245,0.0026554381198137943,0.002587484944022933,0.0025729064273773083,0.0025123876276543773,0.002495580568975022,0.0023673247517377732,0.002230951792453049,0.002201641649543485,0.002135932015248152,0.0020817503716911647,0.002016103841247843]]",64.0,28.70090223669893,3.802431953914703,0.4484515974484208,0.059412999279917236,0.1324847533556856,0.004835862746986968,0.640142521524958,0.05666837263384926,1,11.480633885452983,2.2911742156899897,5.010807910997539,1.964253128776757e-07,9.842495116876243e-07,64,0.001
12,MNISTMLP,MNIST MLP hidden=64 target=1e-03,1.0,0.01,Adam,0,4,1024,128,2.287899243207172,0.4169921875,full_layer_input_activation,"[[0.006464006811252964,0.0060493783864530165,0.004563733692631212,0.004333256129238095,0.0036769614374342605,0.003140274018836238,0.002937914226228039,0.0022908278633353533,0.002161385883884579,0.0018230975129000897]]",10.0,8.587507402737716,3.90679243943529,0.8587507402737715,0.39067924394352904,0.4549390476437664,0.001156918410649079,0.6816664496587629,0.09055048016422476,2,5.745826713587933,1.628700169218135,3.5278603282433765,3.944217017567768e-05,0.00013914646742259739,64,0.001
13,MNISTMLP,MNIST MLP hidden=64 target=1e-03,1.0,0.01,Muon,0,4,1024,128,2.290709656246556,0.443359375,full_layer_input_activation,"[[0.010000000000000009,0.010000000000000007,0.010000000000000007,0.010000000000000005,0.010000000000000005,0.010000000000000005,0.010000000000000005,0.010000000000000005,0.010000000000000004,0.010000000000000004,0.010000000000000004,0.010000000000000004,0.010000000000000004,0.010000000000000004,0.010000000000000004,0.010000000000000004,0.010000000000000004,0.010000000000000004,0.010000000000000004,0.010000000000000004,0.010000000000000002,0.010000000000000002,0.010000000000000002,0.010000000000000002,0.010000000000000002,0.010000000000000002,0.010000000000000002,0.010000000000000002,0.010000000000000002,0.010000000000000002,0.010000000000000002,0.010000000000000002,0.010000000000000002,0.010000000000000002,0.010000000000000002,0.010000000000000002,0.010000000000000002,0.010000000000000002,0.010000000000000002,0.010000000000000002,0.010000000000000002,0.010000000000000002,0.010000000000000002,0.010000000000000002,0.009999999999999998,0.009999999999999998,0.009999999999999998,0.009999999999999998,0.009999999999999998,0.009999999999999998,0.009999999999999998,0.009999999999999998,0.009999999999999998,0.009999999999999998,0.009999999999999998,0.009999999999999998,0.009999999999999998,0.009999999999999997,0.009999999999999997,0.009999999999999997,0.009999999999999997,0.009999999999999997,0.009999999999999995,0.009999999999999993]]",64.0,64.00000000000001,63.99999999999991,1.0000000000000002,0.9999999999999986,0.9999999999999983,0.003273624813378254,0.433935108585135,0.040920310167228115,1,12.05117942161885,2.2911742156899897,5.2598267469545625,2.228935900873735e-07,1.1723816668662936e-06,64,0.001
13,MNISTMLP,MNIST MLP hidden=64 target=1e-03,1.0,0.01,Muon,0,4,1024,128,2.290709656246556,0.443359375,full_layer_input_activation,"[[0.010000000000000002,0.010000000000000002,0.010000000000000002,0.009999999999999998,0.009999999999999998,0.009999999999999998,0.009999999999999997,0.009999999999999997,0.009999999999999995,0.009999999999999992]]",10.0,10.000000000000002,9.999999999999991,1.0000000000000002,0.9999999999999991,0.9999999999999989,0.0023675143562959383,0.7909545186568332,0.07486737759042565,2,6.256090505836636,1.815533977690992,3.4458680381146998,3.954670713654109e-05,0.00013627273413448947,64,0.001
12,MNISTMLP,MNIST MLP hidden=64 target=1e-03,1.0,0.01,Adam,0,5,1024,128,2.282238394574445,0.3876953125,full_layer_input_activation,,,,,,,,,,,1,11.428531553954294,2.2911742156899897,4.988067461518887,2.0625839609991558e-07,1.028830794251063e-06,64,0.001
12,MNISTMLP,MNIST MLP hidden=64 target=1e-03,1.0,0.01,Adam,0,5,1024,128,2.282238394574445,0.3876953125,full_layer_input_activation,,,,,,,,,,,2,4.594455001459503,1.528250004562684,3.0063503927645843,4.4060526264802666e-05,0.0001324613804416038,64,0.001
13,MNISTMLP,MNIST MLP hidden=64 target=1e-03,1.0,0.01,Muon,0,5,1024,128,2.2874850420257347,0.375,full_layer_input_activation,,,,,,,,,,,1,11.689226141497771,2.2911742156899897,5.1018495500908685,2.620160071897037e-07,1.3367662483973955e-06,64,0.001
13,MNISTMLP,MNIST MLP hidden=64 target=1e-03,1.0,0.01,Muon,0,5,1024,128,2.2874850420257347,0.375,full_layer_input_activation,,,,,,,,,,,2,5.474749129696248,1.811432191104078,3.0223318082689903,4.0812404596261755e-05,0.00012334862858322547,64,0.001
14,MNISTMLP,MNIST MLP hidden=64 target=1e-03,1.0,0.01,Adam,1,0,1024,128,2.30425030315487,0.912109375,full_layer_input_activation,"[[0.03634580763475076,0.030823189925118413,0.02637477852489283,0.022605984827029205,0.020056747012020936,0.017790069072617667,0.015176850567626559,0.014135544667889919,0.01222921361954048,0.011908467496294765,0.011099503330660695,0.010623368955278252,0.010296594320009839,0.00999354815332149,0.009300012101257275,0.009186309604802765,0.008907178181474623,0.008575053568719338,0.00817778530479093,0.008092386072574852,0.008050640483084964,0.00792244728851795,0.007612765740707329,0.007592953281472198,0.007491434385222656,0.007243106367246158,0.007118103378402103,0.007046363242765812,0.006825750257776631,0.006669472157047766,0.00661660330372581,0.006523934138684221,0.006401088582058377,0.006278074370877014,0.006214028412004657,0.006027416458130921,0.005958657931286745,0.005855058094390264,0.005840176848365705,0.005653372814019288,0.00552937980017471,0.005480443809758605,0.0054022162905574805,0.005373533777364725,0.005242188135041134,0.005092088433768611,0.005064262842912325,0.004912448325850325,0.004893868721493966,0.00479904507965107,0.004678344087683711,0.004603902414757282,0.004596297145222393,0.0045313330185571595,0.004494563786144224,0.004376855621029875,0.004309566258967552,0.004165428414700449,0.003956947811828343,0.003907785705464788,0.0038393209698364362,0.0036101323453705714,0.003349973736944639,0.0032422200277960555]]",64.0,41.15564680061941,5.485213412657213,0.6430569812596783,0.08570645957276896,0.13327972803417729,0.004291006535921621,0.6156565893462266,0.05040900064875039,1,12.970525509314069,2.3177586117928044,5.596150282138857,1.7236285004488095e-07,9.645684119089181e-07,64,0.001
14,MNISTMLP,MNIST MLP hidden=64 target=1e-03,1.0,0.01,Adam,1,0,1024,128,2.30425030315487,0.912109375,full_layer_input_activation,"[[0.006978126631638231,0.004956459908441058,0.004246311048112414,0.003922081152726064,0.003500196427967478,0.0033604449226542128,0.002962858831215827,0.0024704352234182856,0.0021534960101709934,0.0020489259722809025]]",10.0,8.701752792202162,3.16127285240059,0.8701752792202162,0.316127285240059,0.3632915032053632,0.0006813633288356378,0.6570180498026996,0.05491726734126736,2,5.6886604085522405,1.582336776099132,3.595100925718389,2.9655310453952656e-05,0.0001066138340654714,64,0.001
15,MNISTMLP,MNIST MLP hidden=64 target=1e-03,1.0,0.01,Muon,1,0,1024,128,2.30425030315487,0.912109375,full_layer_input_activation,"[[0.010000000000000012,0.010000000000000007,0.010000000000000007,0.010000000000000007,0.010000000000000005,0.010000000000000005,0.010000000000000005,0.010000000000000005,0.010000000000000005,0.010000000000000005,0.010000000000000005,0.010000000000000004,0.010000000000000004,0.010000000000000004,0.010000000000000004,0.010000000000000004,0.010000000000000004,0.010000000000000004,0.010000000000000004,0.010000000000000002,0.010000000000000002,0.010000000000000002,0.010000000000000002,0.010000000000000002,0.010000000000000002,0.010000000000000002,0.010000000000000002,0.010000000000000002,0.010000000000000002,0.010000000000000002,0.010000000000000002,0.01,0.01,0.01,0.01,0.01,0.01,0.01,0.01,0.01,0.01,0.01,0.01,0.01,0.01,0.01,0.01,0.009999999999999998,0.009999999999999998,0.009999999999999998,0.009999999999999998,0.009999999999999998,0.009999999999999998,0.009999999999999998,0.009999999999999998,0.009999999999999998,0.009999999999999998,0.009999999999999997,0.009999999999999997,0.009999999999999997,0.009999999999999997,0.009999999999999995,0.009999999999999995,0.00999999999999999]]",64.0,64.00000000000001,63.99999999999986,1.0000000000000002,0.9999999999999978,0.9999999999999976,0.0029488205315100473,0.4501826974496369,0.03686025664387545,1,12.970525509314069,2.3177586117928044,5.596150282138857,1.7236285004488095e-07,9.645684119089181e-07,64,0.001
15,MNISTMLP,MNIST MLP hidden=64 target=1e-03,1.0,0.01,Muon,1,0,1024,128,2.30425030315487,0.912109375,full_layer_input_activation,"[[0.010000000000000009,0.010000000000000007,0.010000000000000005,0.010000000000000004,0.010000000000000002,0.009999999999999998,0.009999999999999998,0.009999999999999997,0.009999999999999997,0.009999999999999995]]",10.0,10.0,9.999999999999984,1.0,0.9999999999999984,0.9999999999999984,0.0019935935616149916,0.7542320868639993,0.06304296383350601,2,5.6886604085522405,1.582336776099132,3.595100925718389,2.9655310453952656e-05,0.0001066138340654714,64,0.001
14,MNISTMLP,MNIST MLP hidden=64 target=1e-03,1.0,0.01,Adam,1,1,1024,128,2.3006619130435495,0.8505859375,full_layer_input_activation,"[[0.04074833127671586,0.03023244321595645,0.02825238166765202,0.02348237149315944,0.021007793462386355,0.020329850843395975,0.014985157234754062,0.014241792375484631,0.013487656135956268,0.011576449512058658,0.010440157132229615,0.009967444513112511,0.009000699758541722,0.008760145477892917,0.00828707042822964,0.007952800566862381,0.007860427724221117,0.007686473078804545,0.007620941331304825,0.007100643835952946,0.00692445351358166,0.006756841101446359,0.006478537919083219,0.006318040092016895,0.006264901690057027,0.006183955891197599,0.006028586869072121,0.0059733161549482714,0.005874957246601877,0.005742797606890733,0.005706160846687071,0.005567374045880029,0.005456481673949276,0.0054117524952417605,0.005254608808852282,0.005130957788785794,0.004994409389701752,0.004900450875884774,0.004809494723665601,0.00464230486867455,0.004624682309282318,0.004535765187784132,0.004522233661821076,0.004455524730164053,0.004337505139088449,0.004240333770043261,0.004216488896462217,0.004105451852277371,0.004065368779479377,0.004012833390241906,0.003905341554954365,0.0038066345699390718,0.0037429675585215643,0.003664896450035187,0.003587213045206865,0.003546193804351929,0.003453582353475654,0.003396520278769322,0.003234037479703437,0.0031540899359090374,0.003104874536795143,0.003004813846653407,0.0027063091370603865,0.0026484072952818573]]",64.0,35.488210452377885,4.37110676957802,0.5545032883184045,0.06829854327465656,0.12317067312942331,0.003942845767691214,0.5934515517119903,0.0462811618987559,1,13.18427441034966,2.3177586117928044,5.688372526486493,1.5636607063956536e-07,8.894684603007498e-07,64,0.001
14,MNISTMLP,MNIST MLP hidden=64 target=1e-03,1.0,0.01,Adam,1,1,1024,128,2.3006619130435495,0.8505859375,full_layer_input_activation,"[[0.006318216748096489,0.0053562407387255165,0.004101298124792174,0.0037491418577811136,0.003466562838571259,0.003260596264945787,0.002955071564375175,0.0022138339150144276,0.00215158515173283,0.0018460803247689003]]",10.0,8.723457336325888,3.602348907196874,0.8723457336325888,0.3602348907196874,0.41294967904481067,0.0005108870101968375,0.6220627371372757,0.04260273226903469,2,6.940544187829799,1.5536524544220875,4.467243731424783,1.9450278176682825e-05,8.688913325925461e-05,64,0.001
15,MNISTMLP,MNIST MLP hidden=64 target=1e-03,1.0,0.01,Muon,1,1,1024,128,2.300781297018254,0.849609375,full_layer_input_activation,"[[0.01000000000000001,0.010000000000000007,0.010000000000000004,0.010000000000000004,0.010000000000000004,0.010000000000000004,0.010000000000000004,0.010000000000000004,0.010000000000000004,0.010000000000000004,0.010000000000000004,0.010000000000000004,0.010000000000000004,0.010000000000000004,0.01,0.01,0.01,0.01,0.01,0.01,0.01,0.01,0.01,0.01,0.01,0.01,0.01,0.01,0.01,0.01,0.01,0.01,0.01,0.01,0.01,0.01,0.01,0.01,0.01,0.01,0.01,0.01,0.009999999999999997,0.009999999999999997,0.009999999999999997,0.009999999999999997,0.009999999999999997,0.009999999999999997,0.009999999999999997,0.009999999999999997,0.009999999999999997,0.009999999999999997,0.009999999999999997,0.009999999999999997,0.009999999999999997,0.009999999999999997,0.009999999999999997,0.009999999999999997,0.009999999999999997,0.009999999999999997,0.009999999999999997,0.009999999999999997,0.009999999999999997,0.009999999999999997]]",64.0,64.00000000000003,63.99999999999986,1.0000000000000004,0.9999999999999978,0.9999999999999973,0.0028047583222802564,0.464809908798687,0.035059479028503156,1,13.827088084316424,2.3177586117928044,5.965715331166891,1.4627318451318876e-07,8.726241793889336e-07,64,0.001
15,MNISTMLP,MNIST MLP hidden=64 target=1e-03,1.0,0.01,Muon,1,1,1024,128,2.300781297018254,0.849609375,full_layer_input_activation,"[[0.010000000000000005,0.010000000000000002,0.010000000000000002,0.01,0.01,0.01,0.01,0.009999999999999998,0.009999999999999995,0.009999999999999995]]",10.0,9.999999999999998,9.99999999999999,0.9999999999999998,0.9999999999999989,0.9999999999999991,0.0017946558982465672,0.8359884103150789,0.056752002547145346,2,6.988766221811333,1.5931344919945687,4.386802405527956,2.0039591058636068e-05,8.790972626182123e-05,64,0.001
14,MNISTMLP,MNIST MLP hidden=64 target=1e-03,1.0,0.01,Adam,1,2,1024,128,2.2977053419181748,0.7158203125,full_layer_input_activation,"[[0.03968352522572763,0.03272588386244605,0.02964706853480662,0.02536775530729527,0.021410712761562724,0.020053857961317933,0.015081332834552619,0.014030645002741824,0.013403674771318892,0.010966193247077902,0.010475439637176705,0.0094956827632343,0.008770397076604021,0.008553263396822615,0.008019247633961548,0.0076534101840101095,0.0073728101905485306,0.006937632065553827,0.006801761411543242,0.006522243504497478,0.0064229159006597,0.006175342334267409,0.006095475153090828,0.005944736276759571,0.005847495395782008,0.005806502889257227,0.005634075239328361,0.005525988235686034,0.005477998402618772,0.005404656764669872,0.005174197805212312,0.00509025577115049,0.004965377510408302,0.004905063305245663,0.004841302119910359,0.004662371781170125,0.004642553089309328,0.004482329232598949,0.004413498859430057,0.004263399671837503,0.004232317085192658,0.0041418698831480645,0.004104911403981508,0.0040239577784235096,0.003962070126559058,0.0038213147342609894,0.003793548604237272,0.003719909939839263,0.0036795953108041983,0.00362859449301172,0.0035671557683313415,0.003487456396930503,0.0033600369619107015,0.0032946550987780652,0.003184748265237023,0.0030864852698053754,0.0030181589457219642,0.002925828209656094,0.0028751295292344667,0.002775660519590865,0.002718486562458648,0.0025996788112266907,0.002526720218838958,0.002305657741786853]]",64.0,32.99754488683838,4.612631947500278,0.5155866388568496,0.07207237417969184,0.13978712547611696,0.0034939222094159095,0.6136170259538233,0.04099478234887446,1,15.398843443106395,2.3177586117928044,6.643851246957624,1.147537594726292e-07,7.624069079653027e-07,64,0.001
14,MNISTMLP,MNIST MLP hidden=64 target=1e-03,1.0,0.01,Adam,1,2,1024,128,2.2977053419181748,0.7158203125,full_layer_input_activation,"[[0.005946661369463342,0.005316278032191365,0.00446136054331497,0.003946182262191546,0.0034366560780885584,0.00306480598932697,0.002840303686552662,0.0024080398885697007,0.002169905003721095,0.001978465641896631]]",10.0,8.859814753599391,4.037977669878905,0.8859814753599391,0.4037977669878905,0.4557632165208008,0.0005394165101848332,0.6552327931218141,0.04514078113800368,2,7.041460089280823,1.523259986626147,4.6226252583952405,1.6622153581671883e-05,7.683798699556137e-05,64,0.001
15,MNISTMLP,MNIST MLP hidden=64 target=1e-03,1.0,0.01,Muon,1,2,1024,128,2.298296217332906,0.703125,full_layer_input_activation,"[[0.010000000000000009,0.010000000000000007,0.010000000000000007,0.010000000000000007,0.010000000000000005,0.010000000000000005,0.010000000000000005,0.010000000000000005,0.010000000000000004,0.010000000000000004,0.010000000000000004,0.010000000000000004,0.010000000000000004,0.010000000000000004,0.010000000000000004,0.010000000000000004,0.010000000000000004,0.010000000000000004,0.010000000000000002,0.010000000000000002,0.010000000000000002,0.010000000000000002,0.010000000000000002,0.010000000000000002,0.010000000000000002,0.010000000000000002,0.010000000000000002,0.010000000000000002,0.010000000000000002,0.010000000000000002,0.010000000000000002,0.010000000000000002,0.010000000000000002,0.010000000000000002,0.010000000000000002,0.010000000000000002,0.010000000000000002,0.010000000000000002,0.010000000000000002,0.010000000000000002,0.010000000000000002,0.010000000000000002,0.010000000000000002,0.010000000000000002,0.010000000000000002,0.009999999999999998,0.009999999999999998,0.009999999999999998,0.009999999999999998,0.009999999999999998,0.009999999999999998,0.009999999999999998,0.009999999999999998,0.009999999999999998,0.009999999999999998,0.009999999999999998,0.009999999999999997,0.009999999999999997,0.009999999999999997,0.009999999999999997,0.009999999999999995,0.009999999999999995,0.009999999999999995,0.009999999999999993]]",64.0,64.00000000000001,63.99999999999991,1.0000000000000002,0.9999999999999986,0.9999999999999983,0.0027255055860421883,0.4964125294623713,0.03406881982552726,1,15.771225562062744,2.3177586117928044,6.804516001717529,1.210969667886756e-07,8.240062482729992e-07,64,0.001
15,MNISTMLP,MNIST MLP hidden=64 target=1e-03,1.0,0.01,Muon,1,2,1024,128,2.298296217332906,0.703125,full_layer_input_activation,"[[0.010000000000000005,0.010000000000000005,0.010000000000000004,0.010000000000000004,0.010000000000000002,0.010000000000000002,0.010000000000000002,0.01,0.009999999999999998,0.009999999999999995]]",10.0,10.0,9.999999999999993,1.0,0.9999999999999993,0.9999999999999993,0.0016966262847572249,0.85389538971551,0.053652033979422475,2,7.291373365774027,1.5963054046598286,4.567655628108215,1.645207942941433e-05,7.514743319984776e-05,64,0.001
14,MNISTMLP,MNIST MLP hidden=64 target=1e-03,1.0,0.01,Adam,1,3,1024,128,2.294291904567033,0.6298828125,full_layer_input_activation,"[[0.03896072963635351,0.03402832268085497,0.030659991509806705,0.025213496240707633,0.02085979127290117,0.02007770816785606,0.016528628032809987,0.0154386530113899,0.01305121785141582,0.011187494149854845,0.009854798705880848,0.009020904741721158,0.008224431152656175,0.008071992751482127,0.00752857452310603,0.007255901281531553,0.007183687448519462,0.006814576876439923,0.006684891157833773,0.006407649586520227,0.006323184326120206,0.006101459702031124,0.00593153309499436,0.005810227605333442,0.005746458110628494,0.005452218329094913,0.005353933403994217,0.005298526484118618,0.0052274012985792885,0.005109643260996973,0.004945844199471873,0.004898443211904409,0.004715832064674879,0.004621069432599541,0.004578672982727731,0.00441209187106317,0.004402940985702863,0.004233726105437794,0.004128499873375953,0.004053882617089817,0.00399172111495196,0.003955862428293436,0.0038639333548932653,0.003821627756787972,0.003776609153629968,0.003637758664250182,0.003552989290943268,0.003509818349464031,0.0034577469076992233,0.003361815208904522,0.0033031950316843063,0.0032188169071829245,0.003122614558280039,0.003091047276745628,0.0030075057805485405,0.002969460290493811,0.002885516242782355,0.002780082074686568,0.002763437501388807,0.002602647776984517,0.002583269723874769,0.0024833843832238675,0.0023717259619561214,0.0022611062292647163]]",64.0,31.781075254720918,4.79133886586137,0.49657930085501434,0.0748646697790839,0.15076075392224625,0.0040080428470008365,0.6010184268557475,0.04699772442785868,1,13.189912860450248,2.3177586117928044,5.690805243194737,1.5721089545556122e-07,8.946565881458475e-07,64,0.001
14,MNISTMLP,MNIST MLP hidden=64 target=1e-03,1.0,0.01,Adam,1,3,1024,128,2.294291904567033,0.6298828125,full_layer_input_activation,"[[0.0059983387038002175,0.0056035545518627085,0.004568621297169899,0.0037857826775534245,0.003452294670943212,0.003239000265424123,0.0029250018496454434,0.0024482307767493346,0.0022527265532528602,0.0021067640881214517]]",10.0,8.879366613202494,4.142752258529162,0.8879366613202494,0.4142752258529162,0.4665594336840889,0.0006924751966790908,0.6766690516730747,0.056719024882980654,2,6.972535958012826,1.508040762899347,4.623572604634031,1.9321146190559983e-05,8.933272221680232e-05,64,0.001
15,MNISTMLP,MNIST MLP hidden=64 target=1e-03,1.0,0.01,Muon,1,3,1024,128,2.2949866260254073,0.5888671875,full_layer_input_activation,"[[0.010000000000000005,0.010000000000000005,0.010000000000000004,0.010000000000000004,0.010000000000000004,0.010000000000000004,0.010000000000000004,0.010000000000000004,0.010000000000000004,0.010000000000000004,0.010000000000000002,0.010000000000000002,0.010000000000000002,0.010000000000000002,0.010000000000000002,0.010000000000000002,0.010000000000000002,0.010000000000000002,0.010000000000000002,0.01,0.01,0.01,0.01,0.01,0.01,0.01,0.01,0.01,0.01,0.01,0.01,0.01,0.01,0.01,0.01,0.009999999999999998,0.009999999999999998,0.009999999999999998,0.009999999999999998,0.009999999999999998,0.009999999999999998,0.009999999999999998,0.009999999999999997,0.009999999999999997,0.009999999999999997,0.009999999999999997,0.009999999999999997,0.009999999999999997,0.009999999999999997,0.009999999999999997,0.009999999999999997,0.009999999999999997,0.009999999999999997,0.009999999999999997,0.009999999999999997,0.009999999999999997,0.009999999999999997,0.009999999999999997,0.009999999999999997,0.009999999999999997,0.009999999999999995,0.009999999999999993,0.009999999999999993,0.009999999999999993]]",64.0,63.999999999999986,63.99999999999992,0.9999999999999998,0.9999999999999988,0.999999999999999,0.0030422327241137626,0.46795423378675943,0.03802790905142206,1,14.014794554812964,2.3177586117928044,6.046701534622888,1.6978631660270213e-07,1.0266471811595264e-06,64,0.001
15,MNISTMLP,MNIST MLP hidden=64 target=1e-03,1.0,0.01,Muon,1,3,1024,128,2.2949866260254073,0.5888671875,full_layer_input_activation,"[[0.010000000000000002,0.010000000000000002,0.010000000000000002,0.010000000000000002,0.010000000000000002,0.009999999999999998,0.009999999999999998,0.009999999999999998,0.009999999999999998,0.009999999999999997]]",10.0,9.999999999999998,9.999999999999996,0.9999999999999998,0.9999999999999997,0.9999999999999998,0.001909584397743922,0.84785918665576,0.06038636081191692,2,7.188652003965671,1.6015599524029307,4.48853131796911,1.948690908681775e-05,8.746760172659828e-05,64,0.001
14,MNISTMLP,MNIST MLP hidden=64 target=1e-03,1.0,0.01,Adam,1,4,1024,128,2.288998200688394,0.5703125,full_layer_input_activation,"[[0.03793379353146169,0.03661249359415036,0.032108191039130166,0.026927889835114738,0.020343012843564046,0.019803302636353836,0.015760429678887723,0.014703170267205303,0.013182038258359155,0.010569665038664728,0.009472456644783222,0.008747165871133143,0.00808464424175532,0.007467459294999015,0.0074043964299705615,0.00699427117613543,0.0066498155170261345,0.006482999764107991,0.0062566045219723185,0.006013150675980325,0.005815785448603416,0.005650267821067972,0.0055930199064849915,0.005469632608620938,0.005332462518730426,0.005076819479812794,0.005021367762952869,0.0049875144579412285,0.004698392941330766,0.00462075316991579,0.0045781259000732535,0.004460587751662275,0.004427087997337764,0.00425749731186958,0.004131315403877346,0.004065128098623187,0.0040259253868020015,0.003993209629098067,0.003865999922892959,0.0037987697655609822,0.003781542787778706,0.003595260533346876,0.00354375867574242,0.0034382029303152008,0.0033797036427204107,0.003309754931117913,0.0032118316395338947,0.0031427450645353876,0.0031252017596543995,0.003015617148535876,0.002967379953373347,0.0029112544318000387,0.002908231395683168,0.0028566424745764553,0.0027000275422151606,0.0026436481618296926,0.0025794988329930664,0.002524401275207479,0.0024515039315955852,0.002396123376863146,0.0022834460017241882,0.002212763816767378,0.002166560662234834,0.0021118588219410156]]",64.0,29.58315582489937,5.071574588979,0.4622368097640527,0.07924335295279687,0.17143453588918284,0.004783865874061977,0.6299163335045954,0.05599913390119555,1,11.552588870135622,2.3177586117928044,4.984379655135702,2.0318958177349156e-07,1.0127740175273233e-06,64,0.001
14,MNISTMLP,MNIST MLP hidden=64 target=1e-03,1.0,0.01,Adam,1,4,1024,128,2.288998200688394,0.5703125,full_layer_input_activation,"[[0.006127944077854066,0.005520895382468639,0.004624360705300184,0.003920631045937037,0.0035727662614663184,0.0033767367970272927,0.0031171540627273004,0.002443720452721343,0.0021959768925962388,0.0016496012421318086]]",10.0,8.777932201169314,4.052732041217574,0.8777932201169314,0.4052732041217574,0.4616955278690472,0.0010467664982568119,0.677351791608355,0.08485180324286733,2,5.884414187990312,1.4901705878198828,3.948819172843292,3.213670274563456e-05,0.00012690202795392742,64,0.001
15,MNISTMLP,MNIST MLP hidden=64 target=1e-03,1.0,0.01,Muon,1,4,1024,128,2.290679533465441,0.5,full_layer_input_activation,"[[0.010000000000000005,0.010000000000000005,0.010000000000000005,0.010000000000000005,0.010000000000000004,0.010000000000000004,0.010000000000000004,0.010000000000000004,0.010000000000000004,0.010000000000000004,0.010000000000000004,0.010000000000000004,0.010000000000000004,0.010000000000000002,0.010000000000000002,0.010000000000000002,0.010000000000000002,0.010000000000000002,0.010000000000000002,0.010000000000000002,0.010000000000000002,0.010000000000000002,0.010000000000000002,0.010000000000000002,0.010000000000000002,0.010000000000000002,0.010000000000000002,0.01,0.01,0.01,0.01,0.01,0.01,0.01,0.01,0.01,0.01,0.01,0.01,0.01,0.01,0.01,0.01,0.01,0.009999999999999998,0.009999999999999998,0.009999999999999998,0.009999999999999998,0.009999999999999998,0.009999999999999998,0.009999999999999998,0.009999999999999998,0.009999999999999998,0.009999999999999998,0.009999999999999998,0.009999999999999998,0.009999999999999997,0.009999999999999997,0.009999999999999997,0.009999999999999997,0.009999999999999995,0.009999999999999995,0.009999999999999995,0.009999999999999993]]",64.0,64.00000000000003,63.99999999999993,1.0000000000000004,0.9999999999999989,0.9999999999999984,0.0033834684203714713,0.4400583093117613,0.042293355254643464,1,12.393684198036835,2.3177586117928044,5.347271340068595,2.3748073494132028e-07,1.2698739277701485e-06,64,0.001
15,MNISTMLP,MNIST MLP hidden=64 target=1e-03,1.0,0.01,Muon,1,4,1024,128,2.290679533465441,0.5,full_layer_input_activation,"[[0.010000000000000005,0.010000000000000004,0.010000000000000004,0.01,0.01,0.009999999999999998,0.009999999999999998,0.009999999999999998,0.009999999999999998,0.009999999999999997]]",10.0,10.000000000000002,9.99999999999999,1.0000000000000002,0.9999999999999989,0.9999999999999988,0.0024199244016596556,0.7888524978725279,0.07652472874664662,2,6.222882633997263,1.6124070673826163,3.8593744469867195,3.267584167239178e-05,0.0001261083083842126,64,0.001
14,MNISTMLP,MNIST MLP hidden=64 target=1e-03,1.0,0.01,Adam,1,5,1024,128,2.2840542213649364,0.55078125,full_layer_input_activation,,,,,,,,,,,1,11.82814038960363,2.3177586117928044,5.103266720452166,2.2717689313848788e-07,1.1593442784093634e-06,64,0.001
14,MNISTMLP,MNIST MLP hidden=64 target=1e-03,1.0,0.01,Adam,1,5,1024,128,2.2840542213649364,0.55078125,full_layer_input_activation,,,,,,,,,,,2,6.741537699932326,1.460017381068857,4.617436605444345,2.0462966841160574e-05,9.448645214836866e-05,64,0.001
15,MNISTMLP,MNIST MLP hidden=64 target=1e-03,1.0,0.01,Muon,1,5,1024,128,2.287791346790287,0.4912109375,full_layer_input_activation,,,,,,,,,,,1,13.699561193083998,2.3177586117928044,5.9106936862969,2.483047145812894e-07,1.467653108753381e-06,64,0.001
15,MNISTMLP,MNIST MLP hidden=64 target=1e-03,1.0,0.01,Muon,1,5,1024,128,2.287791346790287,0.4912109375,full_layer_input_activation,,,,,,,,,,,2,7.414032814631987,1.6090594557548008,4.6076810823339684,2.1310117902301282e-05,9.819022712074006e-05,64,0.001
16,MNISTMLP,MNIST MLP hidden=64 target=1e-03,1.0,0.01,Adam,2,0,1024,128,2.3028885439824243,0.89453125,full_layer_input_activation,"[[0.0392718624331096,0.030739141118916135,0.025634466534968647,0.020601180638847676,0.019412916798887958,0.01810392831172663,0.016541826616697106,0.012712969807940924,0.011589399666326912,0.011276879103642395,0.010840411247992891,0.010640712428418742,0.010135972398473275,0.009724881964131021,0.009507612226025242,0.009160420635467377,0.008772940415061381,0.008582547617207385,0.008244311398991292,0.008219266136473153,0.00801357795147144,0.0076630410546946965,0.007568065155446709,0.007352264108144001,0.007140472806765681,0.007061624819312437,0.006962472858645977,0.006832252286023301,0.006753142619177912,0.006666994951438692,0.006458303905365108,0.00638758814076021,0.006326785456435474,0.006275727367183895,0.006141847190758233,0.005942747093063311,0.0059233757796876806,0.005907685584687284,0.005814864972645805,0.005589264522900463,0.005543007539615499,0.005436549034791463,0.005391278450030032,0.0052471969233352945,0.005178467752672449,0.005013019166748316,0.004974652932921608,0.004921642953319432,0.004888718508068516,0.0048634976633096,0.004692347351014565,0.004578522431660116,0.004557950520376808,0.004503751759960331,0.0044271337513391434,0.004287542754928309,0.0042396347124785995,0.004150856055937295,0.004047311924933302,0.003932260594187118,0.0038304319277087857,0.0036454614508123905,0.0033401728668329936,0.0028118740726662474]]",64.0,40.367732707356595,4.701058098606005,0.6307458235524468,0.07345403279071883,0.11645583695983219,0.00427542104027675,0.6296803814597912,0.050211082350135966,1,13.35436496376128,2.2909517121094636,5.829177844811421,1.581749780791869e-07,9.220300778227286e-07,64,0.001
16,MNISTMLP,MNIST MLP hidden=64 target=1e-03,1.0,0.01,Adam,2,0,1024,128,2.3028885439824243,0.89453125,full_layer_input_activation,"[[0.006044511462355889,0.004822991629453458,0.004348978342044909,0.004207430910613817,0.0036593764728048346,0.003530325142167476,0.0031362877146260547,0.0027830574708267047,0.002263742772476657,0.0021638041078856965]]",10.0,9.128128708909816,4.096110376637038,0.9128128708909816,0.4096110376637038,0.4487349496550035,0.0006083177602109412,0.6870008572095936,0.049725993080002265,2,6.498061203692505,1.8334528732117614,3.544165927924556,3.263540556680739e-05,0.0001156652924538781,64,0.001
17,MNISTMLP,MNIST MLP hidden=64 target=1e-03,1.0,0.01,Muon,2,0,1024,128,2.3028885439824243,0.89453125,full_layer_input_activation,"[[0.010000000000000007,0.010000000000000007,0.010000000000000007,0.010000000000000004,0.010000000000000004,0.010000000000000004,0.010000000000000004,0.010000000000000004,0.010000000000000004,0.010000000000000002,0.010000000000000002,0.010000000000000002,0.010000000000000002,0.010000000000000002,0.010000000000000002,0.010000000000000002,0.010000000000000002,0.010000000000000002,0.010000000000000002,0.010000000000000002,0.01,0.01,0.01,0.01,0.01,0.01,0.01,0.01,0.01,0.01,0.01,0.01,0.01,0.01,0.01,0.01,0.01,0.01,0.01,0.01,0.01,0.009999999999999998,0.009999999999999998,0.009999999999999998,0.009999999999999998,0.009999999999999998,0.009999999999999998,0.009999999999999998,0.009999999999999998,0.009999999999999998,0.009999999999999997,0.009999999999999997,0.009999999999999997,0.009999999999999997,0.009999999999999997,0.009999999999999997,0.009999999999999995,0.009999999999999995,0.009999999999999995,0.009999999999999995,0.009999999999999995,0.009999999999999993,0.009999999999999993,0.009999999999999993]]",64.0,64.00000000000003,63.99999999999991,1.0000000000000004,0.9999999999999986,0.9999999999999981,0.0029140100223090525,0.45679530706736815,0.03642512527886321,1,13.35436496376128,2.2909517121094636,5.829177844811421,1.581749780791869e-07,9.220300778227286e-07,64,0.001
17,MNISTMLP,MNIST MLP hidden=64 target=1e-03,1.0,0.01,Muon,2,0,1024,128,2.3028885439824243,0.89453125,full_layer_input_activation,"[[0.010000000000000009,0.010000000000000004,0.010000000000000004,0.010000000000000004,0.010000000000000004,0.010000000000000004,0.010000000000000002,0.010000000000000002,0.010000000000000002,0.009999999999999998]]",10.0,9.999999999999996,9.99999999999999,0.9999999999999997,0.9999999999999989,0.9999999999999993,0.0018450922514436597,0.8061055268196905,0.05834694007690061,2,6.498061203692505,1.8334528732117614,3.544165927924556,3.263540556680739e-05,0.0001156652924538781,64,0.001
16,MNISTMLP,MNIST MLP hidden=64 target=1e-03,1.0,0.01,Adam,2,1,1024,128,2.300398394667466,0.8212890625,full_layer_input_activation,"[[0.03655308665588358,0.03155525600859989,0.03088361485805213,0.023225260504350333,0.022847112541957922,0.01828447713078031,0.01743869315709594,0.014967938425011294,0.013105006789340215,0.010799033984101722,0.010480577472064512,0.009690859540639777,0.009396200197559837,0.009204258488673477,0.008859776687322135,0.008299299464514033,0.007838976596634089,0.007390277346019174,0.007266257744463849,0.007094312668828592,0.006981043503646433,0.006697680730821786,0.006647778426310872,0.006513491363361035,0.006383727854280875,0.006198380736052673,0.00611601034963843,0.006007476428954163,0.00593184627193954,0.00570466436767875,0.005570709729526362,0.005557127113255811,0.005466622762751849,0.005313679440238058,0.005267892264901953,0.005221990311662119,0.0050114173473281365,0.004920394483694027,0.0048649291219113105,0.00482903864358441,0.004779810290631583,0.004676713971215243,0.004497064788330833,0.0044200878125818825,0.004341690215208349,0.004250668812301025,0.004123624331014361,0.004032598030875225,0.004006020661487923,0.0039048141410961096,0.003837829858303742,0.0037623304148121876,0.0037184129884474727,0.003625814084829245,0.0035552590051374706,0.0035070951470193763,0.0034341353227208184,0.0033238085128660753,0.003210686455959897,0.0031916379567167702,0.003088534468508193,0.0029824736426781987,0.00290914243067293,0.0027173264992283244]]",64.0,35.878328353790984,5.4317925763403405,0.5605988805279841,0.08487175900531782,0.15139480643518904,0.003717608608980862,0.6295526613682553,0.043638319790599074,1,16.075250189848667,2.2909517121094636,7.0168437444047616,1.1952282636250523e-07,8.386729964753213e-07,64,0.001
16,MNISTMLP,MNIST MLP hidden=64 target=1e-03,1.0,0.01,Adam,2,1,1024,128,2.300398394667466,0.8212890625,full_layer_input_activation,"[[0.0055794867875560514,0.004934951687831596,0.004337899967559429,0.003982304744553945,0.0038213917354551234,0.003289229418819243,0.0029433196664431674,0.002584430361784861,0.002562184782385203,0.0020434829338030727]]",10.0,9.188334760752975,4.550677022402832,0.9188334760752974,0.4550677022402832,0.49526678564657656,0.000507599768408612,0.6997807394064467,0.04264706569710907,2,7.814287171211549,1.7356795131548888,4.502148646674852,1.990182773583978e-05,8.960098680726712e-05,64,0.001
17,MNISTMLP,MNIST MLP hidden=64 target=1e-03,1.0,0.01,Muon,2,1,1024,128,2.3004204365380225,0.81640625,full_layer_input_activation,"[[0.010000000000000009,0.010000000000000009,0.010000000000000007,0.010000000000000007,0.010000000000000005,0.010000000000000005,0.010000000000000005,0.010000000000000005,0.010000000000000005,0.010000000000000005,0.010000000000000004,0.010000000000000004,0.010000000000000004,0.010000000000000004,0.010000000000000004,0.010000000000000004,0.010000000000000004,0.010000000000000004,0.010000000000000002,0.010000000000000002,0.010000000000000002,0.010000000000000002,0.010000000000000002,0.010000000000000002,0.010000000000000002,0.010000000000000002,0.010000000000000002,0.010000000000000002,0.010000000000000002,0.010000000000000002,0.010000000000000002,0.010000000000000002,0.010000000000000002,0.010000000000000002,0.010000000000000002,0.010000000000000002,0.010000000000000002,0.010000000000000002,0.010000000000000002,0.010000000000000002,0.010000000000000002,0.010000000000000002,0.010000000000000002,0.010000000000000002,0.010000000000000002,0.010000000000000002,0.010000000000000002,0.010000000000000002,0.009999999999999998,0.009999999999999998,0.009999999999999998,0.009999999999999998,0.009999999999999998,0.009999999999999998,0.009999999999999998,0.009999999999999998,0.009999999999999998,0.009999999999999998,0.009999999999999997,0.009999999999999997,0.009999999999999997,0.009999999999999997,0.009999999999999995,0.009999999999999995]]",64.0,64.0,63.999999999999915,1.0,0.9999999999999987,0.9999999999999987,0.0027914477852493272,0.5043160079010626,0.034893097315616635,1,16.27741669281691,2.2909517121094636,7.105089385681108,1.1908374324436013e-07,8.461006401326774e-07,64,0.001
17,MNISTMLP,MNIST MLP hidden=64 target=1e-03,1.0,0.01,Muon,2,1,1024,128,2.3004204365380225,0.81640625,full_layer_input_activation,"[[0.010000000000000007,0.010000000000000005,0.010000000000000005,0.010000000000000004,0.010000000000000004,0.010000000000000004,0.010000000000000004,0.010000000000000002,0.010000000000000002,0.010000000000000002]]",10.0,9.999999999999998,9.999999999999995,0.9999999999999998,0.9999999999999994,0.9999999999999997,0.0016830114047411502,0.88129978322688,0.053221493670215406,2,7.766893079157453,1.829448430886095,4.245483473614804,2.2509922929463235e-05,9.556550578937911e-05,64,0.001
16,MNISTMLP,MNIST MLP hidden=64 target=1e-03,1.0,0.01,Adam,2,2,1024,128,2.2967320440622805,0.7470703125,full_layer_input_activation,"[[0.04005714773113472,0.031243967808864,0.029120477879302893,0.025191875672881076,0.022349200914609957,0.019343288758302164,0.017992903349575717,0.01423128193541638,0.012573061359491083,0.011172002895351477,0.010499885707243967,0.00952304105008789,0.008984066024398978,0.008572839724801546,0.007898236558159764,0.007610053500814852,0.007401696570144651,0.007248789956825403,0.006984345759067723,0.006911268444811834,0.006653764799112474,0.006414493560211827,0.0060618133358402776,0.005942866961331493,0.0058842691372293756,0.005776362981392844,0.005680306373600666,0.005532488383122592,0.005331813848427648,0.0052657566188244395,0.005188658935036935,0.004959559052243737,0.004929179976234443,0.004764898955615445,0.0046857488724946356,0.004616576464850131,0.004542389639479495,0.004434289897558086,0.00436999573124323,0.00428937980749442,0.004173776191683549,0.004119646231059558,0.0040065517289728245,0.003914900028935152,0.0038581132574753247,0.0038273520701972655,0.0037994259700609334,0.0037327871917426313,0.003621209406636544,0.0034876363921433544,0.0034743525417163575,0.0034151783504532875,0.0032980510379411894,0.0032005580809787992,0.0031558119493306598,0.003071419023246247,0.0030306718769358768,0.0028826573989308873,0.0028316807691810054,0.002806311842576865,0.002722758381923092,0.00259642451839491,0.0024609922495432614,0.002375647612141277]]",64.0,33.0754917286395,4.525842476670264,0.5168045582599922,0.07071628869797288,0.13683371705556277,0.004314246566200148,0.6138872507685287,0.050626187460931706,1,13.07331847661624,2.2909517121094636,5.7065011049833885,1.6918122273406673e-07,9.654328344743924e-07,64,0.001
16,MNISTMLP,MNIST MLP hidden=64 target=1e-03,1.0,0.01,Adam,2,2,1024,128,2.2967320440622805,0.7470703125,full_layer_input_activation,"[[0.005987628668754812,0.00544208691534438,0.004319504679939026,0.0036776646353550535,0.0036071706501810126,0.0032636416485728745,0.0028684175244372,0.002387204946365148,0.0021887508883745342,0.001802226003578435]]",10.0,8.817703573612626,3.99645230460112,0.8817703573612625,0.399645230460112,0.45323051191703506,0.0007545498152827424,0.6502603459108981,0.06303702967445245,2,5.561374271023976,1.6054108476737472,3.464143947377988,3.6623881088571384e-05,0.00012687039600246572,64,0.001
17,MNISTMLP,MNIST MLP hidden=64 target=1e-03,1.0,0.01,Muon,2,2,1024,128,2.2975029618338256,0.7509765625,full_layer_input_activation,"[[0.010000000000000007,0.010000000000000005,0.010000000000000005,0.010000000000000004,0.010000000000000004,0.010000000000000004,0.010000000000000004,0.010000000000000004,0.010000000000000002,0.010000000000000002,0.010000000000000002,0.010000000000000002,0.010000000000000002,0.010000000000000002,0.010000000000000002,0.010000000000000002,0.010000000000000002,0.010000000000000002,0.01,0.01,0.01,0.01,0.01,0.01,0.01,0.01,0.01,0.01,0.01,0.01,0.009999999999999998,0.009999999999999998,0.009999999999999998,0.009999999999999998,0.009999999999999998,0.009999999999999998,0.009999999999999998,0.009999999999999998,0.009999999999999998,0.009999999999999998,0.009999999999999998,0.009999999999999998,0.009999999999999998,0.009999999999999998,0.009999999999999998,0.009999999999999998,0.009999999999999998,0.009999999999999997,0.009999999999999997,0.009999999999999997,0.009999999999999997,0.009999999999999997,0.009999999999999997,0.009999999999999997,0.009999999999999997,0.009999999999999995,0.009999999999999995,0.009999999999999995,0.009999999999999995,0.009999999999999995,0.009999999999999995,0.009999999999999993,0.009999999999999993,0.009999999999999988]]",64.0,63.999999999999986,63.99999999999991,0.9999999999999998,0.9999999999999986,0.9999999999999988,0.0030520888699359034,0.4600059001407102,0.038151110874198826,1,13.542747402512934,2.2909517121094636,5.911406744598312,1.711065023446748e-07,1.0114801320049375e-06,64,0.001
17,MNISTMLP,MNIST MLP hidden=64 target=1e-03,1.0,0.01,Muon,2,2,1024,128,2.2975029618338256,0.7509765625,full_layer_input_activation,"[[0.010000000000000007,0.010000000000000005,0.010000000000000002,0.010000000000000002,0.010000000000000002,0.010000000000000002,0.01,0.009999999999999998,0.009999999999999997,0.009999999999999993]]",10.0,10.0,9.999999999999988,1.0,0.9999999999999988,0.9999999999999988,0.0020437033652266597,0.77414867786831,0.06462757495867205,2,5.9930617544525235,1.829821693225584,3.275216255572989,4.08010183051297e-05,0.00013363215839689189,64,0.001
16,MNISTMLP,MNIST MLP hidden=64 target=1e-03,1.0,0.01,Adam,2,3,1024,128,2.2936881336775135,0.7431640625,full_layer_input_activation,"[[0.04104965884522698,0.03298310905322744,0.02842653532837334,0.025556836453442547,0.022577632431533115,0.020494856794540675,0.016653432962323755,0.01455700159637207,0.012658580264182167,0.010602975587048024,0.01005072870790718,0.009236543389652898,0.008977669277766505,0.008269533108457468,0.007730359577009742,0.007579824341843212,0.007129292687152991,0.006639209344503057,0.006565109432094615,0.006536482941387502,0.006500828146098455,0.006202459680214804,0.005936855317453457,0.005660362997103344,0.005620339272020287,0.0054548749410561,0.005369484931340483,0.005073716225613892,0.004921947796211163,0.004906315115354648,0.004698514341358728,0.004602891548827613,0.004543548315057582,0.004451179926914021,0.004348424141769368,0.004190968307269077,0.00416569887948697,0.004104808491376062,0.003980733764333641,0.0038724073081337533,0.0038060509898000523,0.003742182890256344,0.003682756716376197,0.003603350882760243,0.0035700126523718896,0.0035050703195700326,0.0034259632325541055,0.0033008085906434097,0.0032736624136959444,0.003209933099610612,0.0031160673909238486,0.0030319017928045508,0.0029911533318680585,0.002919366796902795,0.0028378263211243046,0.002771143738584032,0.002757243066474914,0.002701119579919847,0.002621795843366082,0.002558733397506899,0.0023922609179192005,0.0023513394455836455,0.0022920519650577956,0.0021588622894998005]]",64.0,31.049880594206392,4.321418912231098,0.4851543842844749,0.06752217050361091,0.13917666765641068,0.004259959459795234,0.6168085570378259,0.04992093717741167,1,12.945425280650253,2.2909517121094636,5.650675748521281,1.629459689847702e-07,9.207548352615418e-07,64,0.001
16,MNISTMLP,MNIST MLP hidden=64 target=1e-03,1.0,0.01,Adam,2,3,1024,128,2.2936881336775135,0.7431640625,full_layer_input_activation,"[[0.006398904223838847,0.005475500614955388,0.004266821805734938,0.0036754157674683883,0.0032245459229716996,0.003080466318391923,0.002806273827210858,0.0024317169312499678,0.0021677837931650787,0.0016619116663798218]]",10.0,8.612502275393775,3.5114112397668458,0.8612502275393774,0.35114112397668457,0.40771092157491473,0.0008409374666213192,0.6622071640811285,0.07013216483127109,2,5.795186055840766,1.4912918283795975,3.88601744176234,2.838671960419865e-05,0.0001103112874963329,64,0.001
17,MNISTMLP,MNIST MLP hidden=64 target=1e-03,1.0,0.01,Muon,2,3,1024,128,2.295587888989813,0.73828125,full_layer_input_activation,"[[0.010000000000000009,0.010000000000000007,0.010000000000000007,0.010000000000000005,0.010000000000000005,0.010000000000000005,0.010000000000000005,0.010000000000000004,0.010000000000000004,0.010000000000000004,0.010000000000000004,0.010000000000000004,0.010000000000000004,0.010000000000000004,0.010000000000000004,0.010000000000000004,0.010000000000000004,0.010000000000000004,0.010000000000000004,0.010000000000000004,0.010000000000000004,0.010000000000000004,0.010000000000000002,0.010000000000000002,0.010000000000000002,0.010000000000000002,0.010000000000000002,0.010000000000000002,0.010000000000000002,0.010000000000000002,0.010000000000000002,0.010000000000000002,0.010000000000000002,0.010000000000000002,0.010000000000000002,0.010000000000000002,0.010000000000000002,0.010000000000000002,0.010000000000000002,0.010000000000000002,0.010000000000000002,0.010000000000000002,0.010000000000000002,0.010000000000000002,0.010000000000000002,0.010000000000000002,0.010000000000000002,0.010000000000000002,0.009999999999999998,0.009999999999999998,0.009999999999999998,0.009999999999999998,0.009999999999999998,0.009999999999999998,0.009999999999999998,0.009999999999999998,0.009999999999999998,0.009999999999999998,0.009999999999999998,0.009999999999999997,0.009999999999999997,0.009999999999999997,0.009999999999999995,0.009999999999999995]]",64.0,64.00000000000001,63.99999999999991,1.0000000000000002,0.9999999999999986,0.9999999999999983,0.003099643867111619,0.4605272961065595,0.03874554833889519,1,13.573464989390054,2.2909517121094636,5.924814965607403,1.760807225350715e-07,1.0432457000307564e-06,64,0.001
17,MNISTMLP,MNIST MLP hidden=64 target=1e-03,1.0,0.01,Muon,2,3,1024,128,2.295587888989813,0.73828125,full_layer_input_activation,"[[0.010000000000000009,0.010000000000000005,0.010000000000000005,0.010000000000000005,0.010000000000000005,0.010000000000000002,0.010000000000000002,0.010000000000000002,0.009999999999999998,0.009999999999999997]]",10.0,9.999999999999996,9.99999999999999,0.9999999999999997,0.9999999999999989,0.9999999999999993,0.0020816298404946307,0.79456621560523,0.06582691541336035,2,6.313354709812167,1.8053374548110657,3.49704964741502,3.5564537177010685e-05,0.0001243709521953436,64,0.001
16,MNISTMLP,MNIST MLP hidden=64 target=1e-03,1.0,0.01,Adam,2,4,1024,128,2.2888498220764766,0.71484375,full_layer_input_activation,"[[0.04209294484266034,0.03366173385182976,0.02884609390216895,0.026668471268856426,0.021006097571475753,0.02052375100696541,0.016694445125253025,0.014939756991084588,0.01235835822979884,0.010653015490445642,0.00999094030799849,0.009156556670831045,0.00862835325390535,0.007942390321063525,0.007480267613686628,0.006892000716831282,0.006727065493899613,0.0066457432589848275,0.006188275417247437,0.006096309400474188,0.005841234184499923,0.005769255787089531,0.005712058184331793,0.005416851716256474,0.005292678270364079,0.005128972130733601,0.005091568693247174,0.004872867262482642,0.004719848872948792,0.004552500443631674,0.004495336920820878,0.004296156668508061,0.004226000934244174,0.004173015704336844,0.004118559599508412,0.004058940531698131,0.00403237204785221,0.0038263251399686207,0.003727479731279227,0.0036472301423336596,0.003582355779817773,0.0034888197348696085,0.00344194669240979,0.003341842891477674,0.0032896740343919422,0.003261160980948004,0.003115642646569661,0.0030663435952416386,0.0030409237373869064,0.0030078921644028983,0.002911553226340428,0.002826315521113613,0.0027948520631355116,0.002760505724511436,0.0026832456767583177,0.002586119806393539,0.0025759978317595276,0.002492078969038078,0.0024055184061113426,0.0023235961664574674,0.0023101752063277967,0.0022892055706082264,0.0021681708502288358,0.0020802953546977926]]",64.0,29.470963601533924,4.123732617330871,0.46048380627396757,0.06443332214579486,0.13992527265434362,0.004493398214524369,0.6499973927743233,0.05256786625008946,1,13.667476693568016,2.2909517121094636,5.965851057150075,1.6270331845326217e-07,9.706637643962193e-07,64,0.001
16,MNISTMLP,MNIST MLP hidden=64 target=1e-03,1.0,0.01,Adam,2,4,1024,128,2.2888498220764766,0.71484375,full_layer_input_activation,"[[0.006498063173803185,0.005952367639118282,0.004430898860133911,0.00366238310613591,0.0034160542356649498,0.0029247369874326463,0.002596054441570277,0.0023545651290019904,0.0021430422391276963,0.0018499630673317515]]",10.0,8.48846673225748,3.581386120475302,0.848846673225748,0.35813861204753017,0.421912017027231,0.0009936114272746917,0.7693811902362736,0.08079920268936973,2,6.841140900616411,1.416618988233367,4.82920316432285,1.818808231124261e-05,8.783394465041727e-05,64,0.001
17,MNISTMLP,MNIST MLP hidden=64 target=1e-03,1.0,0.01,Muon,2,4,1024,128,2.291273150592813,0.6171875,full_layer_input_activation,"[[0.010000000000000005,0.010000000000000005,0.010000000000000005,0.010000000000000004,0.010000000000000004,0.010000000000000002,0.010000000000000002,0.010000000000000002,0.010000000000000002,0.010000000000000002,0.010000000000000002,0.010000000000000002,0.010000000000000002,0.010000000000000002,0.010000000000000002,0.010000000000000002,0.01,0.01,0.01,0.01,0.01,0.01,0.01,0.01,0.01,0.01,0.01,0.01,0.01,0.01,0.01,0.009999999999999998,0.009999999999999998,0.009999999999999998,0.009999999999999998,0.009999999999999998,0.009999999999999998,0.009999999999999998,0.009999999999999998,0.009999999999999998,0.009999999999999998,0.009999999999999998,0.009999999999999998,0.009999999999999998,0.009999999999999998,0.009999999999999998,0.009999999999999998,0.009999999999999998,0.009999999999999998,0.009999999999999998,0.009999999999999997,0.009999999999999997,0.009999999999999997,0.009999999999999997,0.009999999999999997,0.009999999999999997,0.009999999999999995,0.009999999999999995,0.009999999999999995,0.009999999999999995,0.009999999999999993,0.009999999999999993,0.009999999999999992,0.009999999999999992]]",64.0,63.99999999999999,63.999999999999915,0.9999999999999999,0.9999999999999987,0.9999999999999988,0.0032238809445117884,0.48591199737055857,0.04029851180639747,1,15.111070028073247,2.2909517121094636,6.595979281535912,1.7109673180999793e-07,1.1285504981572526e-06,64,0.001
17,MNISTMLP,MNIST MLP hidden=64 target=1e-03,1.0,0.01,Muon,2,4,1024,128,2.291273150592813,0.6171875,full_layer_input_activation,"[[0.010000000000000005,0.010000000000000005,0.010000000000000005,0.010000000000000004,0.010000000000000002,0.010000000000000002,0.010000000000000002,0.01,0.009999999999999998,0.009999999999999993]]",10.0,10.0,9.999999999999993,1.0,0.9999999999999993,0.9999999999999993,0.002075099513588762,0.8702586972898386,0.06562040834448013,2,7.573502002086066,1.7915010678048255,4.227461617628887,2.5875227792910167e-05,0.00010938653234193196,64,0.001
16,MNISTMLP,MNIST MLP hidden=64 target=1e-03,1.0,0.01,Adam,2,5,1024,128,2.283815307148264,0.681640625,full_layer_input_activation,,,,,,,,,,,1,11.825958568397663,2.2909517121094636,5.162028734996143,2.0325887569173237e-07,1.0492281569637315e-06,64,0.001
16,MNISTMLP,MNIST MLP hidden=64 target=1e-03,1.0,0.01,Adam,2,5,1024,128,2.283815307148264,0.681640625,full_layer_input_activation,,,,,,,,,,,2,5.496420172906899,1.3697918988838154,4.012595035337627,2.5024022908267876e-05,0.00010041127008589073,64,0.001
17,MNISTMLP,MNIST MLP hidden=64 target=1e-03,1.0,0.01,Muon,2,5,1024,128,2.288587527048828,0.5224609375,full_layer_input_activation,,,,,,,,,,,1,12.727062245159493,2.2909517121094636,5.5553603237846785,2.44442351130031e-07,1.3579653389204171e-06,64,0.001
17,MNISTMLP,MNIST MLP hidden=64 target=1e-03,1.0,0.01,Muon,2,5,1024,128,2.288587527048828,0.5224609375,full_layer_input_activation,,,,,,,,,,,2,6.3632368578088645,1.7661280342746528,3.602930667720384,3.328775787944176e-05,0.00011993348372349158,64,0.001
18,MNISTMLP,MNIST MLP hidden=128 target=1e-04,1.0,0.01,Adam,0,0,1024,128,2.3027631678976137,0.935546875,full_layer_input_activation,"[[0.04560821765175779,0.042057614531960094,0.035869922383602156,0.02832291436859602,0.026788173748052643,0.024390799541053842,0.02080299056418224,0.018272102324701073,0.01728202789190847,0.014465111538581755,0.013727839543141225,0.01326932161468176,0.012504571151667535,0.012238291035240899,0.012040501147754734,0.011582706410068146,0.011338337817684344,0.010871264568114344,0.010614887109615532,0.01044496976453547,0.010312889480728742,0.009895948345070706,0.009760492983588763,0.009502148120860626,0.009380908071627704,0.009126278413225507,0.00893661395416615,0.008817668917469025,0.008671115831419945,0.008554070616853707,0.008450498459033031,0.00835268445563471,0.008274922341351017,0.008118145809964719,0.008017044244069687,0.007812055195763429,0.007719325530750736,0.007617580127525579,0.007479534196998833,0.0074096229711019595,0.007320795925043781,0.007212412391154534,0.007156458000906404,0.006945873000721411,0.006910306934521614,0.006829901211107253,0.00679374598550336,0.006687340041303893,0.006620553258303157,0.006556806135298693,0.00648907423169434,0.006414338632583266,0.006380453087478472,0.006285648629347929,0.006140929234630484,0.0060693586510649775,0.005992207892519392,0.005960464410357387,0.005885544161548102,0.005834506621618902,0.005827469919391021,0.005728137519924014,0.005692128898652842,0.00564123625586018,0.005543426678800131,0.005519461803699562,0.005510445697870732,0.0054242242171196366,0.0053682627614044225,0.005336906779021969,0.005300312490789596,0.0052124622463094955,0.0051704693672376175,0.005128591301932904,0.005054318034392482,0.004980888230267923,0.004916989020279146,0.0048867319922099705,0.004838922293785112,0.0047921908677761105,0.00474031111481785,0.004723039298635634,0.004670707293207783,0.004655212425590185,0.004624362173500053,0.004547031000114188,0.004485215006656536,0.00438106707590739,0.004350700395140951,0.004273988620702316,0.0042623396031569805,0.0041888024929721,0.004179094284630723,0.004159490995665841,0.004065091545924501,0.004049852353026785,0.004044046863261463,0.003953757378491297,0.00387934989736614,0.0038357784872070917,0.0038043926607263813,0.0037936817810949324,0.0036845209410106064,0.0036524409035859655,0.00362562826653452,0.0035837490425794896,0.003501110155910993,0.003461081571185364,0.0034187497996242956,0.0034067758255324856,0.003320274966868869,0.0032787523161426683,0.003236879539675592,0.0031821086397021943,0.0031487702284955133,0.0030951856576325715,0.003075899980296052,0.00302989589128581,0.0029543322239556254,0.0028719685452025163,0.002827918926180834,0.0027884953357571953,0.002660110843568333,0.0025880052683903325,0.0025247594220015714,0.0024147906888394998,0.0021590670913200784,0.002029917381154346]]",128.0,70.27424296390545,6.493207223724512,0.5490175231555113,0.05072818143534775,0.09239810988870531,0.006973125352169674,0.6375098854675061,0.06000048214415683,1,19.12389309826881,2.2911742156899897,8.346765150946684,2.22026573940205e-07,1.8532036699481909e-06,128,0.0001
18,MNISTMLP,MNIST MLP hidden=128 target=1e-04,1.0,0.01,Adam,0,0,1024,128,2.3027631678976137,0.935546875,full_layer_input_activation,"[[0.007873386742161377,0.006801854372682657,0.006344675333668816,0.00581022453587517,0.00521978607862516,0.004913954461845733,0.004361246956412666,0.003839750200608041,0.0037084926621870186,0.003498372496673531]]",10.0,9.347759517281261,4.733292790279713,0.9347759517281261,0.47332927902797134,0.5063558579496237,0.0010580987714441056,0.6918283409567708,0.061770759422590034,2,7.53648007662287,1.7670345559202452,4.265043969498369,2.472211785812487e-05,0.00010544091968402339,128,0.0001
19,MNISTMLP,MNIST MLP hidden=128 target=1e-04,1.0,0.01,Muon,0,0,1024,128,2.3027631678976137,0.935546875,full_layer_input_activation,"[[0.010000000000000009,0.010000000000000007,0.010000000000000007,0.010000000000000005,0.010000000000000005,0.010000000000000005,0.010000000000000004,0.010000000000000004,0.010000000000000004,0.010000000000000004,0.010000000000000004,0.010000000000000004,0.010000000000000004,0.010000000000000004,0.010000000000000004,0.010000000000000004,0.010000000000000004,0.010000000000000004,0.010000000000000004,0.010000000000000004,0.010000000000000004,0.010000000000000004,0.010000000000000002,0.010000000000000002,0.010000000000000002,0.010000000000000002,0.010000000000000002,0.010000000000000002,0.010000000000000002,0.010000000000000002,0.010000000000000002,0.010000000000000002,0.010000000000000002,0.010000000000000002,0.010000000000000002,0.010000000000000002,0.010000000000000002,0.010000000000000002,0.010000000000000002,0.010000000000000002,0.010000000000000002,0.010000000000000002,0.010000000000000002,0.010000000000000002,0.010000000000000002,0.010000000000000002,0.010000000000000002,0.010000000000000002,0.010000000000000002,0.010000000000000002,0.010000000000000002,0.010000000000000002,0.010000000000000002,0.010000000000000002,0.010000000000000002,0.010000000000000002,0.010000000000000002,0.010000000000000002,0.010000000000000002,0.010000000000000002,0.010000000000000002,0.010000000000000002,0.010000000000000002,0.010000000000000002,0.010000000000000002,0.010000000000000002,0.010000000000000002,0.010000000000000002,0.010000000000000002,0.010000000000000002,0.010000000000000002,0.009999999999999998,0.009999999999999998,0.009999999999999998,0.009999999999999998,0.009999999999999998,0.009999999999999998,0.009999999999999998,0.009999999999999998,0.009999999999999998,0.009999999999999998,0.009999999999999998,0.009999999999999998,0.009999999999999998,0.009999999999999998,0.009999999999999998,0.009999999999999998,0.009999999999999998,0.009999999999999998,0.009999999999999998,0.009999999999999998,0.009999999999999998,0.009999999999999998,0.009999999999999998,0.009999999999999998,0.009999999999999998,0.009999999999999998,0.009999999999999998,0.009999999999999998,0.009999999999999998,0.009999999999999998,0.009999999999999997,0.009999999999999997,0.009999999999999997,0.009999999999999997,0.009999999999999997,0.009999999999999997,0.009999999999999997,0.009999999999999997,0.009999999999999997,0.009999999999999997,0.009999999999999997,0.009999999999999997,0.009999999999999997,0.009999999999999997,0.009999999999999997,0.009999999999999995,0.009999999999999995,0.009999999999999995,0.009999999999999995,0.009999999999999995,0.009999999999999995,0.009999999999999995,0.009999999999999995,0.009999999999999993,0.009999999999999993,0.009999999999999993,0.009999999999999993]]",128.0,128.00000000000006,127.99999999999977,1.0000000000000004,0.9999999999999982,0.9999999999999978,0.004115816182850835,0.3865299662771623,0.036379019162639345,1,19.12389309826881,2.2911742156899897,8.346765150946684,2.22026573940205e-07,1.8532036699481909e-06,128,0.0001
19,MNISTMLP,MNIST MLP hidden=128 target=1e-04,1.0,0.01,Muon,0,0,1024,128,2.3027631678976137,0.935546875,full_layer_input_activation,"[[0.010000000000000002,0.010000000000000002,0.009999999999999998,0.009999999999999998,0.009999999999999998,0.009999999999999998,0.009999999999999998,0.009999999999999998,0.009999999999999998,0.009999999999999997]]",10.0,9.999999999999996,9.999999999999993,0.9999999999999997,0.9999999999999993,0.9999999999999997,0.0024511442447020864,0.8681290270819699,0.07751198686871703,2,7.53648007662287,1.7670345559202452,4.265043969498369,2.472211785812487e-05,0.00010544091968402339,128,0.0001
18,MNISTMLP,MNIST MLP hidden=128 target=1e-04,1.0,0.01,Adam,0,1,1024,128,2.2958417328481855,0.72265625,full_layer_input_activation,"[[0.0551194007053571,0.04606751304213852,0.036124791933829004,0.03062234686849567,0.02555538159006781,0.02446458722775741,0.0202262126603537,0.018170598167227967,0.016831678687857236,0.01591924362310483,0.013444285440222236,0.012526183507899483,0.01223651507374044,0.011395059912954418,0.010773362550254276,0.01013950053595903,0.009875111261358779,0.009486340354978653,0.009295767800232902,0.009114832149354294,0.008829483769570804,0.008592384377759126,0.008502305934674279,0.008171191523557707,0.008124382973017095,0.008002512919600044,0.007834766169675817,0.007674428991281565,0.0074509258254030035,0.007421582634862212,0.007195740457568163,0.00699578365441022,0.006905595816833059,0.006835739366320671,0.006754888080533864,0.0065677613110779595,0.006527160387242267,0.006369399128821342,0.006274925043166527,0.0062230204349510475,0.006046121929016411,0.005977576273083384,0.005953463577839757,0.005751511270999609,0.005709370121434386,0.005617362366033092,0.005509462611489677,0.005488384752755796,0.005449679036793112,0.005382882232343555,0.005268074991899626,0.005266414332010717,0.005194546819951864,0.005095162928175689,0.005029052977948595,0.004957511908583621,0.004878670138634797,0.004751579961451029,0.0047384113995675905,0.00465368573427422,0.004631009625426917,0.004588712623254064,0.004553828893848056,0.004439530131335742,0.004413181380489619,0.0043210115402034215,0.004296284929933511,0.004252847194234692,0.00419794589348993,0.00415314215529928,0.004101397769893191,0.004061598779691681,0.004022178090564732,0.003944967867484063,0.00391491078568902,0.0038868720944826227,0.0038074365838029842,0.003792449020173358,0.003745728512001803,0.003658663663306434,0.0036319863374092935,0.003507640238928115,0.0034884676058211292,0.003479109606924962,0.003424562962203661,0.003407104046101628,0.003381573694872097,0.0033616030056612045,0.0033109061634086718,0.0032967413166216115,0.0031935668920700655,0.0031700599117638673,0.0031415213529220197,0.0031164763070666507,0.003087246001757078,0.0030626168552531897,0.002967486757723077,0.002922301502277714,0.0028877290168959997,0.002883488815583056,0.002828629292949074,0.002789593246752354,0.002740078604754137,0.0027125916886039663,0.0026841592040409224,0.002660537068768971,0.0026155608261813467,0.0025594248925215266,0.002540204028165264,0.002526403928012467,0.002495992347461589,0.0024398539193819344,0.0024019906977055232,0.002332627162107951,0.0023271929222036672,0.0023056610932110414,0.002245916609926391,0.0021935864382046344,0.002164566651033633,0.002131963664733046,0.002058891207032763,0.0020281976726093704,0.001979232402780041,0.0019332367749264627,0.0018622038569210304,0.0018068603820379306,0.0017641258839805793,0.0016709794804251334]]",128.0,55.24790540857162,4.443944534808486,0.43162426100446577,0.034718316678191294,0.08043643468371228,0.008607394896355628,0.6391446212580567,0.07407692164003651,1,15.179217155787533,2.2911742156899897,6.625082043888267,3.366951804511163e-07,2.2306331942704104e-06,128,0.0001
18,MNISTMLP,MNIST MLP hidden=128 target=1e-04,1.0,0.01,Adam,0,1,1024,128,2.2958417328481855,0.72265625,full_layer_input_activation,"[[0.008067665339522202,0.007264576276825725,0.006904741770017908,0.0059200977452059655,0.0052724039342446245,0.004612230732538668,0.004242085556010301,0.0035953581839039766,0.003103124824519093,0.0028465389516665524]]",10.0,9.004838552823081,4.583223309490725,0.9004838552823081,0.4583223309490725,0.5089734016445916,0.0013039222462563496,0.631015300420682,0.07549502117479999,2,6.1028022535841835,1.784165338539038,3.42053627080406,4.3044990327980574e-05,0.0001472369506932675,128,0.0001
19,MNISTMLP,MNIST MLP hidden=128 target=1e-04,1.0,0.01,Muon,0,1,1024,128,2.2978287030608624,0.814453125,full_layer_input_activation,"[[0.010000000000000009,0.010000000000000009,0.010000000000000007,0.010000000000000007,0.010000000000000005,0.010000000000000005,0.010000000000000005,0.010000000000000005,0.010000000000000005,0.010000000000000005,0.010000000000000005,0.010000000000000005,0.010000000000000005,0.010000000000000004,0.010000000000000004,0.010000000000000004,0.010000000000000004,0.010000000000000004,0.010000000000000004,0.010000000000000004,0.010000000000000004,0.010000000000000004,0.010000000000000004,0.010000000000000004,0.010000000000000004,0.010000000000000002,0.010000000000000002,0.010000000000000002,0.010000000000000002,0.010000000000000002,0.010000000000000002,0.010000000000000002,0.010000000000000002,0.010000000000000002,0.010000000000000002,0.010000000000000002,0.010000000000000002,0.010000000000000002,0.010000000000000002,0.010000000000000002,0.010000000000000002,0.010000000000000002,0.010000000000000002,0.010000000000000002,0.010000000000000002,0.010000000000000002,0.010000000000000002,0.010000000000000002,0.010000000000000002,0.010000000000000002,0.010000000000000002,0.010000000000000002,0.010000000000000002,0.010000000000000002,0.010000000000000002,0.010000000000000002,0.010000000000000002,0.010000000000000002,0.010000000000000002,0.010000000000000002,0.010000000000000002,0.010000000000000002,0.010000000000000002,0.010000000000000002,0.010000000000000002,0.010000000000000002,0.010000000000000002,0.010000000000000002,0.010000000000000002,0.010000000000000002,0.010000000000000002,0.010000000000000002,0.010000000000000002,0.010000000000000002,0.010000000000000002,0.010000000000000002,0.010000000000000002,0.010000000000000002,0.010000000000000002,0.010000000000000002,0.010000000000000002,0.010000000000000002,0.010000000000000002,0.010000000000000002,0.010000000000000002,0.010000000000000002,0.010000000000000002,0.010000000000000002,0.010000000000000002,0.010000000000000002,0.010000000000000002,0.010000000000000002,0.010000000000000002,0.010000000000000002,0.010000000000000002,0.010000000000000002,0.010000000000000002,0.009999999999999998,0.009999999999999998,0.009999999999999998,0.009999999999999998,0.009999999999999998,0.009999999999999998,0.009999999999999998,0.009999999999999998,0.009999999999999998,0.009999999999999998,0.009999999999999998,0.009999999999999998,0.009999999999999998,0.009999999999999998,0.009999999999999998,0.009999999999999998,0.009999999999999997,0.009999999999999997,0.009999999999999997,0.009999999999999997,0.009999999999999997,0.009999999999999997,0.009999999999999997,0.009999999999999997,0.009999999999999997,0.009999999999999997,0.009999999999999995,0.009999999999999995,0.009999999999999995,0.009999999999999995,0.009999999999999993]]",128.0,128.0000000000001,127.99999999999982,1.0000000000000009,0.9999999999999986,0.9999999999999977,0.00441595468858791,0.3537577826098457,0.03903189382141306,1,16.01850480090048,2.2911742156899897,6.9913953688923165,3.051381896211844e-07,2.133341725789734e-06,128,0.0001
19,MNISTMLP,MNIST MLP hidden=128 target=1e-04,1.0,0.01,Muon,0,1,1024,128,2.2978287030608624,0.814453125,full_layer_input_activation,"[[0.010000000000000002,0.010000000000000002,0.010000000000000002,0.009999999999999998,0.009999999999999998,0.009999999999999998,0.009999999999999998,0.009999999999999998,0.009999999999999997,0.009999999999999995]]",10.0,10.0,9.999999999999993,1.0,0.9999999999999993,0.9999999999999993,0.0028572372734541,0.7832325979591975,0.09035377599644316,2,6.134533025059133,1.7746418084607312,3.4567725136488443,4.142044664051073e-05,0.0001431810614499761,128,0.0001
18,MNISTMLP,MNIST MLP hidden=128 target=1e-04,1.0,0.01,Adam,0,2,1024,128,2.290260535189421,0.5263671875,full_layer_input_activation,"[[0.05762933349140892,0.04705100761543793,0.034716331932879624,0.03199690016294352,0.026702641286023714,0.024078936399275976,0.021043769059423147,0.01977239385119655,0.016716902888163788,0.015901773113727303,0.013429000699732288,0.012295776139724594,0.011625254635613529,0.011045904026505201,0.010548603582428335,0.010183164383013246,0.009981303688509089,0.009411631551577837,0.009174697879915204,0.008440047938301474,0.00838662472632024,0.008200322409536538,0.007864972972486221,0.00757157452310535,0.007427063451017116,0.007374649129983119,0.007256601175906088,0.007132618800278623,0.006926135034414081,0.006843784577763743,0.00672594622375131,0.006518855076574389,0.006319649126039913,0.0062235244479498745,0.006116152179488167,0.005975956514477532,0.005817522108211584,0.005736919554755993,0.005597973264807449,0.0055374424802518635,0.005520259726808849,0.005448021485023777,0.005420314231371254,0.005339646880164461,0.005169839146802648,0.005056897908223587,0.005026292096961359,0.004984806156864146,0.004952890987699838,0.004810185225915932,0.004746406013941761,0.004734475893226061,0.004580066503781349,0.0045255836996063335,0.004501926691963441,0.004428181222448342,0.004413563743058398,0.004314891908986444,0.0042416916509934914,0.0041412502226405535,0.00409001374795767,0.004056447710298247,0.004005006087134428,0.0039717171041154685,0.003945489153396848,0.003872907929084299,0.0038557395293817172,0.0038214745901747693,0.003781012373489616,0.003756067682450348,0.0036727668128336763,0.003663392936768915,0.0036199801768714685,0.003544305419717151,0.0034441765933825165,0.003398394843801965,0.003351232032583553,0.0033311909712522565,0.0033002907659790475,0.0032705010292017034,0.0032085240357113973,0.003196944196392378,0.0031534268841744433,0.0031167128227361485,0.003058606279690741,0.002993953626554066,0.0029826992187425676,0.0029562313372782163,0.002892969480177698,0.002867441252536504,0.002836787621432446,0.002812076038427586,0.002774138117601214,0.0027279699817119884,0.002721028600505939,0.0026707755982789913,0.0026190063212673093,0.0025923750034566226,0.0025505886017898063,0.0025343655383598595,0.002490862656988862,0.0024380783749285723,0.0024244429042319816,0.0023768104467999872,0.002365468296675884,0.0023430837245865866,0.002282946550143107,0.002276565965784,0.0022243511706355767,0.0021854462610000924,0.0021757931356375603,0.0021359654325968716,0.002088504073838331,0.0020323769430260173,0.0020058233498862405,0.002003219499119674,0.0019617768488873763,0.001904821584209579,0.001891971849198058,0.0018394109545771015,0.0017816084422801993,0.0017741128033059608,0.0017524625976994435,0.0017170760263206073,0.001659825431428058,0.0015550575941023332,0.001538092287387094,0.00149701075327381]]",128.0,49.880613403715614,4.072760593107439,0.38969229221652824,0.03181844213365187,0.08165017058118333,0.007639040174995986,0.6232755629620264,0.06568266361033562,1,16.619738510664796,2.2911742156899897,7.253808286097416,2.7836244162924534e-07,2.0191877856285282e-06,128,0.0001
18,MNISTMLP,MNIST MLP hidden=128 target=1e-04,1.0,0.01,Adam,0,2,1024,128,2.290260535189421,0.5263671875,full_layer_input_activation,"[[0.007742619278569193,0.007299932722706063,0.006874137540116258,0.006244263361229614,0.005084254760899199,0.004488458524049495,0.003998934117386593,0.003607716775220554,0.00295808437964399,0.0028061930570438373]]",10.0,8.971460465821414,4.85602525474447,0.8971460465821414,0.485602525474447,0.5412747760796001,0.0012246331681696303,0.6279024022284857,0.07177573439806548,2,6.227025270190477,1.7283958933551042,3.602777172828607,3.043754802724372e-05,0.0001096597032294281,128,0.0001
19,MNISTMLP,MNIST MLP hidden=128 target=1e-04,1.0,0.01,Muon,0,2,1024,128,2.2944455954771548,0.607421875,full_layer_input_activation,"[[0.01000000000000001,0.010000000000000007,0.010000000000000007,0.010000000000000005,0.010000000000000005,0.010000000000000004,0.010000000000000004,0.010000000000000004,0.010000000000000004,0.010000000000000004,0.010000000000000004,0.010000000000000004,0.010000000000000004,0.010000000000000004,0.010000000000000004,0.010000000000000004,0.010000000000000004,0.010000000000000004,0.010000000000000004,0.010000000000000004,0.010000000000000004,0.010000000000000004,0.010000000000000004,0.010000000000000004,0.010000000000000004,0.010000000000000004,0.010000000000000004,0.010000000000000004,0.010000000000000004,0.010000000000000004,0.010000000000000004,0.010000000000000004,0.010000000000000004,0.010000000000000004,0.010000000000000004,0.010000000000000004,0.010000000000000004,0.010000000000000004,0.010000000000000004,0.010000000000000004,0.010000000000000004,0.010000000000000004,0.010000000000000004,0.010000000000000004,0.010000000000000004,0.010000000000000004,0.010000000000000004,0.010000000000000004,0.010000000000000004,0.010000000000000004,0.010000000000000004,0.010000000000000004,0.010000000000000004,0.010000000000000004,0.010000000000000004,0.010000000000000004,0.01,0.01,0.01,0.01,0.01,0.01,0.01,0.01,0.01,0.01,0.01,0.01,0.01,0.01,0.01,0.01,0.01,0.01,0.01,0.01,0.01,0.01,0.01,0.01,0.01,0.01,0.01,0.01,0.01,0.01,0.01,0.01,0.01,0.01,0.01,0.01,0.01,0.01,0.01,0.01,0.01,0.01,0.01,0.01,0.01,0.01,0.01,0.01,0.01,0.01,0.01,0.01,0.01,0.01,0.01,0.01,0.01,0.01,0.009999999999999997,0.009999999999999997,0.009999999999999997,0.009999999999999997,0.009999999999999997,0.009999999999999997,0.009999999999999997,0.009999999999999997,0.009999999999999997,0.009999999999999997,0.009999999999999997,0.009999999999999997,0.009999999999999997,0.009999999999999993]]",128.0,128.00000000000003,127.99999999999976,1.0000000000000002,0.9999999999999981,0.9999999999999979,0.004243024833066978,0.3684412551261876,0.03750339540255731,1,17.375866685306896,2.2911742156899897,7.583826042697558,2.5970122322854957e-07,1.9695289000410864e-06,128,0.0001
19,MNISTMLP,MNIST MLP hidden=128 target=1e-04,1.0,0.01,Muon,0,2,1024,128,2.2944455954771548,0.607421875,full_layer_input_activation,"[[0.010000000000000007,0.010000000000000007,0.010000000000000005,0.01,0.01,0.009999999999999998,0.009999999999999998,0.009999999999999998,0.009999999999999997,0.009999999999999997]]",10.0,10.0,9.999999999999988,1.0,0.9999999999999988,0.9999999999999988,0.002495557272858914,0.8096594516380589,0.07891645013632467,2,6.555484276268422,1.7619077099729463,3.720674039373538,2.790874941545213e-05,0.00010383935942145415,128,0.0001
18,MNISTMLP,MNIST MLP hidden=128 target=1e-04,1.0,0.01,Adam,0,3,1024,128,2.280650025543926,0.451171875,full_layer_input_activation,"[[0.056245899698205495,0.05082269677925862,0.037339742240689304,0.031212916647742197,0.027067880216312276,0.024449784575908372,0.021289892266431243,0.01986879882144928,0.01726688496124315,0.015462219402861258,0.013117055149002058,0.012337101870279076,0.011149693413618038,0.010279722080259608,0.009976766174587912,0.009835799553769462,0.00915426418379341,0.009050439381398238,0.008490184073512382,0.00825088608144066,0.007805763575192875,0.007615323362797717,0.007470486570773537,0.007409845619191672,0.007055438280249115,0.006931257455672563,0.006737829927444228,0.0066843949352111826,0.006528522266158002,0.0063453572068252004,0.006206378530235318,0.006056741099328371,0.005897438005912985,0.0058598726245430305,0.005757504077200638,0.005637528732959648,0.0055620259485295795,0.005412172235587505,0.005315841667556916,0.005299118364034513,0.005164188283716849,0.005131252724267912,0.0050060703433486165,0.00479593981794158,0.004726349359515129,0.004711850990831009,0.004655462829795077,0.004582208971429882,0.0045284961963498105,0.0044003144419918865,0.00437680412794786,0.004345115641716084,0.004290402835329528,0.004212734362017967,0.0041328880730620845,0.004080773193786772,0.003985428795879733,0.003894298357018655,0.0038549765135702106,0.0038175459292755514,0.0037787753147619893,0.003734545509523469,0.0036808893171466645,0.0036572001576301886,0.0035695484440189,0.0035270610705151082,0.0035054012983478855,0.0034714040071126017,0.0034163892810286723,0.003403194112372533,0.0033411597838422617,0.003302113171643612,0.003207957428372696,0.003160183377835492,0.0031185401254808036,0.0030998867050436958,0.0030444662269729734,0.002979851710591168,0.002964442819862592,0.0029278753225650185,0.002874999597200633,0.002864894351350187,0.002793219224809405,0.0027586585652036514,0.002734735002481442,0.0026729817430778987,0.0026448910871116173,0.0026273914724156944,0.002578843551009807,0.002575597883574974,0.0025729746731429394,0.002523913608923701,0.002493480353758446,0.002480982580515334,0.0024429359401647796,0.002406502350366619,0.0023629386596463837,0.002354192310348123,0.002304777610743355,0.0022774134638755173,0.0022316496487446544,0.002214966952244452,0.0021942685290336733,0.0021693590794564987,0.0021480917370565026,0.002115480655078389,0.0020942388653372385,0.0020614792374139086,0.0020427533628049705,0.0019949532966767004,0.001979541916973177,0.0019523620095148254,0.0019067071073004178,0.001871207228892609,0.0018567312025960507,0.001809311141659384,0.0017857358521172985,0.0017644295912302298,0.0017021485080134025,0.0016912081955260036,0.001640980660313028,0.0016222817348154226,0.001595029937992797,0.0015363737644117617,0.0015015215304421282,0.001439956078477114,0.0013990688115044514,0.0013160377018882907]]",128.0,45.87248738208978,4.28773588278755,0.3583788076725764,0.033497936584277736,0.09347075180539767,0.008855112658028222,0.6186513270990468,0.07603073867828768,1,14.101172718408566,2.2911742156899897,6.15456154396447,3.78578412679826e-07,2.3299841400543683e-06,128,0.0001
18,MNISTMLP,MNIST MLP hidden=128 target=1e-04,1.0,0.01,Adam,0,3,1024,128,2.280650025543926,0.451171875,full_layer_input_activation,"[[0.007894009998871658,0.007860200372890275,0.007125483506181617,0.00620820201432806,0.004995566991821047,0.004457094882200565,0.0037194297262025584,0.003469673270439006,0.002782397881264717,0.0025265559520589054]]",10.0,8.734614920342276,4.785845200143354,0.8734614920342276,0.4785845200143354,0.5479171370219735,0.0016966282097237854,0.6999439684720327,0.09824482604424795,2,6.659503531935073,1.6456004586011272,4.046853230459176,3.123903150585804e-05,0.0001264197755658976,128,0.0001
19,MNISTMLP,MNIST MLP hidden=128 target=1e-04,1.0,0.01,Muon,0,3,1024,128,2.2891892389179023,0.4931640625,full_layer_input_activation,"[[0.010000000000000012,0.010000000000000007,0.010000000000000007,0.010000000000000007,0.010000000000000007,0.010000000000000007,0.010000000000000007,0.010000000000000005,0.010000000000000005,0.010000000000000005,0.010000000000000005,0.010000000000000005,0.010000000000000005,0.010000000000000005,0.010000000000000005,0.010000000000000005,0.010000000000000005,0.010000000000000005,0.010000000000000005,0.010000000000000005,0.010000000000000005,0.010000000000000005,0.010000000000000005,0.010000000000000004,0.010000000000000004,0.010000000000000004,0.010000000000000004,0.010000000000000004,0.010000000000000004,0.010000000000000004,0.010000000000000004,0.010000000000000004,0.010000000000000004,0.010000000000000004,0.010000000000000004,0.010000000000000004,0.010000000000000004,0.010000000000000004,0.010000000000000004,0.010000000000000004,0.010000000000000004,0.010000000000000004,0.010000000000000004,0.010000000000000004,0.010000000000000004,0.010000000000000004,0.010000000000000002,0.010000000000000002,0.010000000000000002,0.010000000000000002,0.010000000000000002,0.010000000000000002,0.010000000000000002,0.010000000000000002,0.010000000000000002,0.010000000000000002,0.010000000000000002,0.010000000000000002,0.010000000000000002,0.010000000000000002,0.010000000000000002,0.010000000000000002,0.010000000000000002,0.010000000000000002,0.010000000000000002,0.010000000000000002,0.010000000000000002,0.010000000000000002,0.010000000000000002,0.010000000000000002,0.010000000000000002,0.010000000000000002,0.010000000000000002,0.01,0.01,0.01,0.01,0.01,0.01,0.01,0.01,0.01,0.01,0.01,0.01,0.01,0.01,0.01,0.01,0.01,0.01,0.01,0.01,0.01,0.01,0.01,0.01,0.01,0.01,0.01,0.01,0.01,0.01,0.01,0.009999999999999998,0.009999999999999998,0.009999999999999998,0.009999999999999998,0.009999999999999998,0.009999999999999998,0.009999999999999998,0.009999999999999998,0.009999999999999998,0.009999999999999998,0.009999999999999998,0.009999999999999998,0.009999999999999998,0.009999999999999998,0.009999999999999997,0.009999999999999997,0.009999999999999997,0.009999999999999997,0.009999999999999997,0.009999999999999997,0.009999999999999997,0.009999999999999995,0.009999999999999995,0.009999999999999992]]",128.0,128.00000000000003,127.99999999999974,1.0000000000000002,0.999999999999998,0.9999999999999978,0.004526798609265706,0.35537397829102585,0.04001162492097034,1,16.16520504913781,2.2911742156899897,7.055423781586875,3.1773894827739586e-07,2.241782932012741e-06,128,0.0001
19,MNISTMLP,MNIST MLP hidden=128 target=1e-04,1.0,0.01,Muon,0,3,1024,128,2.2891892389179023,0.4931640625,full_layer_input_activation,"[[0.010000000000000012,0.01000000000000001,0.010000000000000007,0.010000000000000007,0.010000000000000007,0.010000000000000004,0.010000000000000004,0.010000000000000002,0.009999999999999998,0.009999999999999997]]",10.0,9.999999999999998,9.999999999999984,0.9999999999999998,0.9999999999999984,0.9999999999999986,0.002765416390593054,0.8364496384376637,0.08745014473035884,2,6.996479976424991,1.7498783614159787,3.9982664685124347,2.95388400796254e-05,0.0001181041538091174,128,0.0001
18,MNISTMLP,MNIST MLP hidden=128 target=1e-04,1.0,0.01,Adam,0,4,1024,128,2.2696632145875157,0.462890625,full_layer_input_activation,"[[0.05795210253417947,0.05050516289494472,0.039245208897056766,0.030884201521959437,0.028042306805999187,0.024897693075378778,0.02172898835741012,0.02103240550223682,0.017218981707176003,0.015532887995140831,0.012092539432713656,0.011549457130675405,0.010308096865126168,0.009901956596776462,0.009247131463628142,0.009086346034576446,0.008527542563473638,0.008374330585857638,0.008255650040907449,0.007856076863213645,0.0073541161035562555,0.007311756594967154,0.007073202866361737,0.006856733873898745,0.006550254843176364,0.00643609294551385,0.00635733599742978,0.0062185675138674255,0.006098182223824299,0.005978031317632852,0.005855527135140537,0.005811973491019755,0.005601340355635841,0.005407036762727318,0.005387966430444358,0.005308702240030207,0.005167740380761873,0.00508598109501209,0.004997570735405482,0.004884689426382674,0.0047981565756751565,0.0047398437756802445,0.004628436657949772,0.004570392664969824,0.004531565427644286,0.004419717999665146,0.004379952608424137,0.004289485951067701,0.004208848243691546,0.004114859588143239,0.004028789276964422,0.003965143601350602,0.0038487611407308194,0.0038196367028725513,0.003760750064618656,0.0037506047758723705,0.00370539134931106,0.003609642319267406,0.0035609703438937656,0.003540931805369778,0.003510435729754732,0.003455387357056256,0.00336530635426156,0.0033580937678768592,0.003304725447435905,0.0031874307468360394,0.003175151077393114,0.003149513596169837,0.003095428868647258,0.002995571216566665,0.002984622037838328,0.0029571502218915737,0.0029481224466572976,0.0028896975867399614,0.002838411979278327,0.002829955101159913,0.002788455314127141,0.0027564195602367706,0.0027445365868173813,0.002648446137677877,0.0026214104712709084,0.002605484900480324,0.0025777504447656295,0.0025200245746394194,0.0024981444924518452,0.002463252610363612,0.0024612367994343363,0.0024177679770760203,0.0023762096623271734,0.0023394102842278293,0.0023114753734831944,0.002288234817004215,0.0022555672152599535,0.0022176313657958024,0.0021836587580079873,0.002161998365555195,0.002137761028069818,0.0021115591949045763,0.00208952596144255,0.0020461295907744435,0.0020389366305929436,0.001991591212034035,0.0019715476719772656,0.0019304081782887798,0.0019171775763009897,0.0019029519850122607,0.0018858708094212052,0.0018400448518794688,0.0018177526993250512,0.0018018624988996763,0.0017586848960541041,0.0017510241165312385,0.0017249285109409295,0.0016867245901226542,0.0016519363603709274,0.0016295855058673636,0.0015868059597120676,0.0015372394765817126,0.0015224865296298673,0.0014721530799999029,0.0014347622357564177,0.001423661889381875,0.0013827849566142307,0.0013565407678004058,0.0013153885436968452,0.0013003647780696949,0.0012280037068419622,0.0011764214200491554]]",128.0,42.148036053433856,4.058589270644997,0.329281531667452,0.031707728676914036,0.09629367464476053,0.010123460283981513,0.6256020452667835,0.08671060869210073,1,12.729810692733096,2.2911742156899897,5.556020404541564,4.81523485508873e-07,2.6753543107532722e-06,128,0.0001
18,MNISTMLP,MNIST MLP hidden=128 target=1e-04,1.0,0.01,Adam,0,4,1024,128,2.2696632145875157,0.462890625,full_layer_input_activation,"[[0.00829359208212907,0.008010151989762605,0.006680789155315102,0.006357401046999116,0.0048554031928226184,0.004515858739014829,0.0036366065059151987,0.003341732076609215,0.0027002110197890767,0.002546495012792655]]",10.0,8.645225874755239,4.363411763856837,0.8645225874755239,0.43634117638568365,0.5047192319865642,0.0021616858434514614,0.6727790146522732,0.12477765182790192,2,6.142153417155119,1.565261708904035,3.9240424666465086,3.566181962911652e-05,0.00013993849466254128,128,0.0001
19,MNISTMLP,MNIST MLP hidden=128 target=1e-04,1.0,0.01,Muon,0,4,1024,128,2.283888828009547,0.4599609375,full_layer_input_activation,"[[0.010000000000000007,0.010000000000000005,0.010000000000000005,0.010000000000000005,0.010000000000000004,0.010000000000000004,0.010000000000000004,0.010000000000000004,0.010000000000000004,0.010000000000000004,0.010000000000000004,0.010000000000000004,0.010000000000000004,0.010000000000000002,0.010000000000000002,0.010000000000000002,0.010000000000000002,0.010000000000000002,0.010000000000000002,0.010000000000000002,0.010000000000000002,0.010000000000000002,0.010000000000000002,0.010000000000000002,0.010000000000000002,0.010000000000000002,0.010000000000000002,0.010000000000000002,0.010000000000000002,0.010000000000000002,0.010000000000000002,0.010000000000000002,0.010000000000000002,0.010000000000000002,0.010000000000000002,0.010000000000000002,0.010000000000000002,0.010000000000000002,0.01,0.01,0.01,0.01,0.01,0.01,0.01,0.01,0.01,0.01,0.01,0.01,0.01,0.01,0.01,0.01,0.01,0.01,0.01,0.01,0.01,0.01,0.01,0.01,0.01,0.01,0.01,0.01,0.01,0.01,0.01,0.009999999999999998,0.009999999999999998,0.009999999999999998,0.009999999999999998,0.009999999999999998,0.009999999999999998,0.009999999999999998,0.009999999999999998,0.009999999999999998,0.009999999999999998,0.009999999999999998,0.009999999999999998,0.009999999999999998,0.009999999999999998,0.009999999999999998,0.009999999999999998,0.009999999999999998,0.009999999999999998,0.009999999999999998,0.009999999999999998,0.009999999999999998,0.009999999999999998,0.009999999999999998,0.009999999999999998,0.009999999999999998,0.009999999999999998,0.009999999999999998,0.009999999999999998,0.009999999999999997,0.009999999999999997,0.009999999999999997,0.009999999999999997,0.009999999999999997,0.009999999999999997,0.009999999999999997,0.009999999999999997,0.009999999999999997,0.009999999999999997,0.009999999999999997,0.009999999999999997,0.009999999999999997,0.009999999999999997,0.009999999999999997,0.009999999999999997,0.009999999999999997,0.009999999999999997,0.009999999999999997,0.009999999999999995,0.009999999999999995,0.009999999999999995,0.009999999999999995,0.009999999999999995,0.009999999999999995,0.009999999999999995,0.009999999999999995,0.009999999999999995,0.009999999999999993,0.009999999999999993,0.009999999999999993]]",128.0,128.00000000000003,127.99999999999982,1.0000000000000002,0.9999999999999986,0.9999999999999983,0.00492648341135672,0.33368442569997964,0.043544372844667084,1,14.252197882204863,2.2911742156899897,6.220477598170246,4.268364800940952e-07,2.6551267625071594e-06,128,0.0001
19,MNISTMLP,MNIST MLP hidden=128 target=1e-04,1.0,0.01,Muon,0,4,1024,128,2.283888828009547,0.4599609375,full_layer_input_activation,"[[0.010000000000000002,0.010000000000000002,0.010000000000000002,0.01,0.01,0.009999999999999998,0.009999999999999998,0.009999999999999998,0.009999999999999997,0.009999999999999995]]",10.0,10.0,9.999999999999993,1.0,0.9999999999999993,0.9999999999999993,0.0031242024755538536,0.8085828202334991,0.09879595694286697,2,6.5380617717675955,1.741203176380735,3.754910317449346,3.644948983353374e-05,0.00013686456544170092,128,0.0001
18,MNISTMLP,MNIST MLP hidden=128 target=1e-04,1.0,0.01,Adam,0,5,1024,128,2.2608883192298492,0.458984375,full_layer_input_activation,,,,,,,,,,,1,13.031769345465522,2.2911742156899897,5.6878125007796445,4.6030686754483524e-07,2.6181391554162343e-06,128,0.0001
18,MNISTMLP,MNIST MLP hidden=128 target=1e-04,1.0,0.01,Adam,0,5,1024,128,2.2608883192298492,0.458984375,full_layer_input_activation,,,,,,,,,,,2,5.152600363422402,1.499263102791312,3.4367552658565037,3.7010129497894565e-05,0.0001271947574419203,128,0.0001
19,MNISTMLP,MNIST MLP hidden=128 target=1e-04,1.0,0.01,Muon,0,5,1024,128,2.2809506986734016,0.3896484375,full_layer_input_activation,,,,,,,,,,,1,15.253885523693299,2.2911742156899897,6.657671607525303,4.1634451673209397e-07,2.7718850679961055e-06,128,0.0001
19,MNISTMLP,MNIST MLP hidden=128 target=1e-04,1.0,0.01,Muon,0,5,1024,128,2.2809506986734016,0.3896484375,full_layer_input_activation,,,,,,,,,,,2,6.141769235774764,1.7382512054588721,3.5333035964461934,3.410423368242004e-05,0.00012050061152413613,128,0.0001
20,MNISTMLP,MNIST MLP hidden=128 target=1e-04,1.0,0.01,Adam,1,0,1024,128,2.302740940608939,0.8828125,full_layer_input_activation,"[[0.05181305493376307,0.03565072732654135,0.03317397121641149,0.03154848628580252,0.028310100896033946,0.022398704083114822,0.019924341617084958,0.01853626952731325,0.016723053316336767,0.01480239541175794,0.013297603945764352,0.013104632001304479,0.012774738497628675,0.011880777965430028,0.011740344819074974,0.011503976322793066,0.011192572807570755,0.010925999984018381,0.010548175610391832,0.01026699835065264,0.010198835292815081,0.00992848009422053,0.009817635197091756,0.009560092568953722,0.009498574419434688,0.009132911289934681,0.008846106496648187,0.008762017401878408,0.008690615848136598,0.00858650980123819,0.00838793398081205,0.00827525352014299,0.008132794536271908,0.007914242153553363,0.007806800639050055,0.007584527135759713,0.007506211846390883,0.0074731811246765405,0.007351341726551118,0.007278065905964082,0.007202897195963051,0.007137291200747522,0.007083495531182504,0.006988809046298826,0.006851359378360568,0.006847970537987015,0.006815187668293452,0.006750450824292247,0.006622884849073061,0.006491176899057056,0.006419717840377172,0.006403334838355862,0.006290343744598483,0.006234881058069182,0.0062116987400754374,0.006144999882970811,0.006079608841620084,0.005959535598863301,0.005941412666554778,0.005871511164507002,0.005799921368614399,0.005770800670263122,0.00565731475859654,0.005580876602987371,0.005521113014832196,0.005495900317779178,0.0054485407479365,0.005364441092223343,0.005342735397734977,0.005257887707567782,0.005210951291435039,0.005184321377214404,0.005110463741053096,0.005052854957607739,0.005034948964606747,0.004969382739459366,0.004932023443058669,0.004889785377097477,0.004806085837353918,0.004767598428085619,0.004726630179228379,0.004715015768254405,0.004645476960214298,0.0046148572388543755,0.00455790185963803,0.004510581346336093,0.004445957671917921,0.0044140513711151365,0.004369359761834195,0.004280225631812924,0.004235229353572456,0.0041755142764564575,0.004100346785538018,0.0040422749998097985,0.004015525937300405,0.003944067674332923,0.003897007625946259,0.0038911205065001162,0.0038309011606713268,0.0037852396913851233,0.0037666462491409403,0.003695727862081364,0.0036783651616754016,0.003634849272433678,0.0035978775587139186,0.0035840000972842574,0.0035669658973570616,0.0035360097836574676,0.003487217500671771,0.003395060999049605,0.003389543847262438,0.0032982722275999425,0.003255586297137874,0.00323989244494742,0.0031730522605886513,0.0031441286110938135,0.003115470125450758,0.0030695130322075503,0.0030190949453307615,0.002986093153770752,0.0029141682039918256,0.0029025432963811224,0.002810794297969246,0.002783613070901687,0.0027021712605653212,0.002615319649047023,0.0025171455528876464,0.002424332056546826]]",128.0,69.75484825614426,5.033764638791414,0.544959752001127,0.03932628624055792,0.07216365262966538,0.00775209834127419,0.6248898450178637,0.0666858392642938,1,16.458152240240597,2.3177586117928044,7.100891420056072,2.9279581419538364e-07,2.079111284848332e-06,128,0.0001
20,MNISTMLP,MNIST MLP hidden=128 target=1e-04,1.0,0.01,Adam,1,0,1024,128,2.302740940608939,0.8828125,full_layer_input_activation,"[[0.008614765417060398,0.00683109904890639,0.005897452131761485,0.0054409670809380676,0.005308531664582643,0.004520790154923388,0.004003298947489815,0.003653731673320274,0.0035550931263056865,0.0032399586426369842]]",10.0,9.105355326277772,3.8589980825802295,0.9105355326277772,0.38589980825802295,0.42381630856769326,0.0012050921087973128,0.6695928335176689,0.07120975724451618,2,6.309646235474953,1.7323460271792825,3.6422551479214147,3.1065038790595303e-05,0.0001131467974554242,128,0.0001
21,MNISTMLP,MNIST MLP hidden=128 target=1e-04,1.0,0.01,Muon,1,0,1024,128,2.302740940608939,0.8828125,full_layer_input_activation,"[[0.010000000000000007,0.010000000000000005,0.010000000000000005,0.010000000000000005,0.010000000000000004,0.010000000000000004,0.010000000000000004,0.010000000000000004,0.010000000000000004,0.010000000000000004,0.010000000000000004,0.010000000000000004,0.010000000000000004,0.010000000000000004,0.010000000000000004,0.010000000000000002,0.010000000000000002,0.010000000000000002,0.010000000000000002,0.010000000000000002,0.010000000000000002,0.010000000000000002,0.010000000000000002,0.010000000000000002,0.010000000000000002,0.010000000000000002,0.010000000000000002,0.010000000000000002,0.010000000000000002,0.010000000000000002,0.010000000000000002,0.010000000000000002,0.010000000000000002,0.010000000000000002,0.010000000000000002,0.010000000000000002,0.01,0.01,0.01,0.01,0.01,0.01,0.01,0.01,0.01,0.01,0.01,0.01,0.01,0.01,0.01,0.01,0.01,0.009999999999999998,0.009999999999999998,0.009999999999999998,0.009999999999999998,0.009999999999999998,0.009999999999999998,0.009999999999999998,0.009999999999999998,0.009999999999999998,0.009999999999999998,0.009999999999999998,0.009999999999999998,0.009999999999999998,0.009999999999999998,0.009999999999999998,0.009999999999999998,0.009999999999999998,0.009999999999999998,0.009999999999999998,0.009999999999999998,0.009999999999999998,0.009999999999999998,0.009999999999999998,0.009999999999999998,0.009999999999999998,0.009999999999999998,0.009999999999999998,0.009999999999999998,0.009999999999999998,0.009999999999999998,0.009999999999999998,0.009999999999999997,0.009999999999999997,0.009999999999999997,0.009999999999999997,0.009999999999999997,0.009999999999999997,0.009999999999999997,0.009999999999999997,0.009999999999999997,0.009999999999999997,0.009999999999999997,0.009999999999999997,0.009999999999999997,0.009999999999999997,0.009999999999999997,0.009999999999999997,0.009999999999999997,0.009999999999999997,0.009999999999999997,0.009999999999999997,0.009999999999999995,0.009999999999999995,0.009999999999999995,0.009999999999999995,0.009999999999999995,0.009999999999999995,0.009999999999999995,0.009999999999999995,0.009999999999999995,0.009999999999999995,0.009999999999999995,0.009999999999999995,0.009999999999999995,0.009999999999999995,0.009999999999999993,0.009999999999999993,0.009999999999999993,0.009999999999999993,0.009999999999999993,0.009999999999999993,0.009999999999999993,0.009999999999999993,0.009999999999999992,0.009999999999999992]]",128.0,128.00000000000003,127.99999999999976,1.0000000000000002,0.9999999999999981,0.9999999999999979,0.004329330010019883,0.35857957886204395,0.03826623260099361,1,16.458152240240597,2.3177586117928044,7.100891420056072,2.9279581419538364e-07,2.079111284848332e-06,128,0.0001
21,MNISTMLP,MNIST MLP hidden=128 target=1e-04,1.0,0.01,Muon,1,0,1024,128,2.302740940608939,0.8828125,full_layer_input_activation,"[[0.010000000000000007,0.010000000000000004,0.010000000000000002,0.01,0.01,0.009999999999999998,0.009999999999999997,0.009999999999999997,0.009999999999999995,0.009999999999999995]]",10.0,10.000000000000002,9.999999999999986,1.0000000000000002,0.9999999999999986,0.9999999999999984,0.002671352586713051,0.7943328166124667,0.08447558607395692,2,6.309646235474953,1.7323460271792825,3.6422551479214147,3.1065038790595303e-05,0.0001131467974554242,128,0.0001
20,MNISTMLP,MNIST MLP hidden=128 target=1e-04,1.0,0.01,Adam,1,1,1024,128,2.2979553775172588,0.80078125,full_layer_input_activation,"[[0.0533326769380724,0.043118616943319706,0.03642872735702349,0.03264447553167529,0.02707783759897479,0.024324071446898174,0.022007898747216578,0.01822049844889465,0.017138460719141,0.01659085479948195,0.013372423017746927,0.01212955148272576,0.011987792088322298,0.0112827984813755,0.01086860755004094,0.01044148195466602,0.010008149973029049,0.009666604143840858,0.009583171207469814,0.009306337965212309,0.009167299016179478,0.00886068543064936,0.008668881674610765,0.008556669152086752,0.008460225592168408,0.008233858666242414,0.00809090272847533,0.007939703912748699,0.007797745409520858,0.007641072113366268,0.007334920574621718,0.0071661860921540255,0.007019796966185085,0.006967228995584262,0.0068638975654067005,0.006814659070703472,0.006715643665386815,0.006567112194973505,0.006535903241911262,0.006326003525831158,0.00622894215408141,0.006117780708946182,0.006080942670528451,0.0060309490066536905,0.005868121040426627,0.0057763683051616325,0.005774067013199319,0.0056739864300132566,0.00556710677735083,0.005498730208917912,0.005428666900327843,0.0053216903700826,0.0052915074587591105,0.005204678944681005,0.005132580213626856,0.005083776305767558,0.005018720870776761,0.004938854514415636,0.0048894120328782445,0.004838937712150941,0.004668712670736798,0.004656418552744791,0.00465243132328754,0.004607888490054426,0.004539726505469494,0.00449233822210396,0.004394321333577939,0.00435656755246605,0.004293431904629864,0.0042556183466640005,0.004199660252023901,0.004143522156137421,0.004108301981895434,0.004044160020195655,0.0040122372302363995,0.003971671508924747,0.0039443558380540785,0.0039200701517707465,0.0038332078602184186,0.003804973273232937,0.0037958737183146525,0.003748241131989376,0.003687049461125895,0.003676113413620644,0.003628107488702878,0.003551211762642677,0.003524454137331837,0.00349769196194433,0.0034422080957729915,0.0033982362696536777,0.0033663291539600313,0.003348280509360492,0.003280411158091261,0.003239840626087876,0.003161312118628267,0.003137970067783539,0.0031188964962482932,0.0030916171305150728,0.003036347581695995,0.0030026644051526106,0.002966831818229737,0.0029020734780684397,0.0028762906079452303,0.0028322088488199255,0.00278099113099239,0.0027701449833191943,0.0027323715340629084,0.0026995208426640444,0.0026760030991431444,0.00264829953834227,0.0025996979821018445,0.002578799850666491,0.002524223542755484,0.002493509967793308,0.0024608236746023427,0.002426350884480426,0.0023811043707307696,0.0023511076340415513,0.0022972960412500497,0.0022149662419153585,0.0022033175056053495,0.002089459278134145,0.002066506804999102,0.002014267423714943,0.0019902750621596105,0.0019356268799780722,0.0019034155011024843,0.0018389782907195316]]",128.0,57.458397874927485,4.7589419741304795,0.448893733397871,0.03717923417289437,0.08282413276627557,0.00711091636251639,0.6188467636526253,0.061119104572591884,1,17.883579329842643,2.3177586117928044,7.715893811741489,2.507796391429302e-07,1.9349890657736987e-06,128,0.0001
20,MNISTMLP,MNIST MLP hidden=128 target=1e-04,1.0,0.01,Adam,1,1,1024,128,2.2979553775172588,0.80078125,full_layer_input_activation,"[[0.008210893875698427,0.006823091405757778,0.005647071988234027,0.005330522676138735,0.004667992168218991,0.004450024616426732,0.003936364894944108,0.003726718913032297,0.0031235931495726984,0.0030769748454163312]]",10.0,9.075753853187265,3.9229148954982898,0.9075753853187265,0.39229148954982895,0.432241217529343,0.000971718261221518,0.6416608496757119,0.059751041827899365,2,7.448410833863771,1.6590135919710969,4.489662333033819,2.0777870354163595e-05,9.328562188974834e-05,128,0.0001
21,MNISTMLP,MNIST MLP hidden=128 target=1e-04,1.0,0.01,Muon,1,1,1024,128,2.2993069454404247,0.7939453125,full_layer_input_activation,"[[0.010000000000000005,0.010000000000000004,0.010000000000000004,0.010000000000000004,0.010000000000000004,0.010000000000000004,0.010000000000000004,0.010000000000000002,0.010000000000000002,0.010000000000000002,0.010000000000000002,0.010000000000000002,0.010000000000000002,0.010000000000000002,0.010000000000000002,0.010000000000000002,0.010000000000000002,0.010000000000000002,0.010000000000000002,0.010000000000000002,0.010000000000000002,0.010000000000000002,0.010000000000000002,0.010000000000000002,0.010000000000000002,0.010000000000000002,0.01,0.01,0.01,0.01,0.01,0.01,0.01,0.01,0.01,0.01,0.01,0.01,0.01,0.01,0.01,0.01,0.01,0.01,0.01,0.01,0.01,0.01,0.01,0.01,0.01,0.01,0.01,0.01,0.01,0.01,0.01,0.01,0.01,0.009999999999999998,0.009999999999999998,0.009999999999999998,0.009999999999999998,0.009999999999999998,0.009999999999999998,0.009999999999999998,0.009999999999999998,0.009999999999999998,0.009999999999999998,0.009999999999999998,0.009999999999999998,0.009999999999999998,0.009999999999999998,0.009999999999999998,0.009999999999999998,0.009999999999999998,0.009999999999999998,0.009999999999999998,0.009999999999999998,0.009999999999999998,0.009999999999999998,0.009999999999999998,0.009999999999999997,0.009999999999999997,0.009999999999999997,0.009999999999999997,0.009999999999999997,0.009999999999999997,0.009999999999999997,0.009999999999999997,0.009999999999999997,0.009999999999999997,0.009999999999999997,0.009999999999999997,0.009999999999999997,0.009999999999999997,0.009999999999999997,0.009999999999999997,0.009999999999999997,0.009999999999999997,0.009999999999999997,0.009999999999999997,0.009999999999999997,0.009999999999999997,0.009999999999999997,0.009999999999999997,0.009999999999999995,0.009999999999999995,0.009999999999999995,0.009999999999999995,0.009999999999999995,0.009999999999999995,0.009999999999999995,0.009999999999999995,0.009999999999999995,0.009999999999999995,0.009999999999999995,0.009999999999999995,0.009999999999999995,0.009999999999999995,0.009999999999999995,0.009999999999999995,0.009999999999999995,0.009999999999999995,0.009999999999999993,0.009999999999999993,0.009999999999999993,0.009999999999999992]]",128.0,128.00000000000003,127.99999999999979,1.0000000000000002,0.9999999999999983,0.9999999999999981,0.004162789263675262,0.37969482613475275,0.03679420646244164,1,18.453524607168056,2.3177586117928044,7.961797450897663,2.4143158116676075e-07,1.9222293474997078e-06,128,0.0001
21,MNISTMLP,MNIST MLP hidden=128 target=1e-04,1.0,0.01,Muon,1,1,1024,128,2.2993069454404247,0.7939453125,full_layer_input_activation,"[[0.010000000000000005,0.010000000000000004,0.010000000000000002,0.01,0.01,0.009999999999999998,0.009999999999999998,0.009999999999999998,0.009999999999999997,0.009999999999999997]]",10.0,10.000000000000002,9.99999999999999,1.0000000000000002,0.9999999999999989,0.9999999999999988,0.00248211946413774,0.8654278965538094,0.07849150931311882,2,7.489654441335514,1.7286865274800813,4.332569452168541,2.240048722337555e-05,9.705166665768861e-05,128,0.0001
20,MNISTMLP,MNIST MLP hidden=128 target=1e-04,1.0,0.01,Adam,1,2,1024,128,2.2937193333588253,0.7197265625,full_layer_input_activation,"[[0.053699177622373445,0.04404320771623914,0.040212173096197144,0.03322442137125544,0.030168602410055114,0.02690114322142033,0.020966333213760555,0.018477895481855817,0.01664829993141064,0.016107652133865655,0.012073311947224073,0.011721777654919982,0.010824428978317296,0.010472914069347349,0.009760888273557889,0.009641511481469611,0.009486498295802451,0.009074096290653498,0.008770258773973817,0.008738190541803042,0.008277212316793249,0.008051459814654112,0.007969201996195475,0.007691490842319243,0.007579509144685085,0.0073728294739293,0.007361438257312346,0.007119226753563957,0.006956280918366678,0.006928215353033322,0.006774954339429542,0.006612571161662569,0.006550122227573777,0.0064125531703761235,0.006211373271295631,0.006125418866650831,0.006066281479544799,0.005907606449643125,0.005863520046832249,0.005765079766995878,0.005699736207216734,0.0055520658820134745,0.005511358469602095,0.005414403374654426,0.005343027018136327,0.0052499732645278005,0.005165705331585292,0.0050892703814168815,0.00507971729791941,0.004942071413209713,0.004904003958790328,0.004885232252251815,0.004834824925998074,0.004706753830685903,0.004658153044922734,0.004562125810748291,0.004502263556720145,0.004389473819398597,0.004376864977893774,0.004340898389782015,0.004280237050207168,0.0042261022361700755,0.004093081634677754,0.004087911064200606,0.004040664699365379,0.004013734499847868,0.003940669616329849,0.003871685240318114,0.003862089930907511,0.0038217901316053575,0.003738765369065867,0.0036951565153521384,0.003630382144876471,0.00357890522848958,0.0035535022151199545,0.003504939051066061,0.0035004864073394375,0.0034578140960643895,0.0034162291279885167,0.0033343400676535337,0.0033002773191901104,0.003279256475795688,0.003209516057255252,0.003178293623474246,0.003135291007880813,0.0030744929111240515,0.0030547131973808453,0.0030056540947573473,0.0029847243796613182,0.0029446942578790058,0.00289971819725504,0.00285003580307751,0.002830479623372975,0.0028001358663048044,0.002747318289923481,0.0027332429356670624,0.002653954592005323,0.002625823340915793,0.0025628809750318335,0.002520366734455554,0.002484719487118973,0.00247415280660741,0.002445315218739369,0.002426025164374762,0.0023975465130830448,0.0023767686124545238,0.002314997687884334,0.0023066403001699787,0.00227749326621773,0.0022675357986603867,0.0022441451941427664,0.0022148261204380944,0.002154874603217795,0.0021324197559361973,0.0020684402858089103,0.0020534520968109263,0.0020342946803410212,0.002000055450293702,0.001969220074761764,0.001930440579093344,0.0018954207676726538,0.0018289694842269825,0.0017925834383571628,0.0017270357268643296,0.0017024266669817619,0.0016872853855482341,0.0016376849426020996,0.001604118862752312]]",128.0,50.85461529858262,4.7012134891732895,0.39730168202017674,0.036728230384166324,0.09244418547994242,0.00724911878924141,0.6147991759620884,0.06226049868873189,1,16.95618529029698,2.3177586117928044,7.315768434220696,2.6367150115283664e-07,1.9289596451375083e-06,128,0.0001
20,MNISTMLP,MNIST MLP hidden=128 target=1e-04,1.0,0.01,Adam,1,2,1024,128,2.2937193333588253,0.7197265625,full_layer_input_activation,"[[0.007999021405119062,0.006770006424763257,0.006275300698720485,0.005272325223013292,0.0046380601210146335,0.004484018836145533,0.0038561263950113323,0.0035580124568166506,0.003391883989954254,0.002884836965334908]]",10.0,9.07519843971375,4.1567746044441005,0.907519843971375,0.41567746044441006,0.4580367726455151,0.0011110470796017043,0.681627607577838,0.06812670197195697,2,7.250308958048055,1.591603787857762,4.555347890825702,1.8513542718443584e-05,8.433562777417353e-05,128,0.0001
21,MNISTMLP,MNIST MLP hidden=128 target=1e-04,1.0,0.01,Muon,1,2,1024,128,2.2969597317820094,0.7060546875,full_layer_input_activation,"[[0.010000000000000009,0.010000000000000007,0.010000000000000007,0.010000000000000007,0.010000000000000007,0.010000000000000005,0.010000000000000005,0.010000000000000005,0.010000000000000005,0.010000000000000005,0.010000000000000004,0.010000000000000004,0.010000000000000004,0.010000000000000004,0.010000000000000004,0.010000000000000004,0.010000000000000004,0.010000000000000004,0.010000000000000004,0.010000000000000004,0.010000000000000004,0.010000000000000004,0.010000000000000004,0.010000000000000004,0.010000000000000004,0.010000000000000002,0.010000000000000002,0.010000000000000002,0.010000000000000002,0.010000000000000002,0.010000000000000002,0.010000000000000002,0.010000000000000002,0.010000000000000002,0.010000000000000002,0.010000000000000002,0.010000000000000002,0.010000000000000002,0.010000000000000002,0.010000000000000002,0.010000000000000002,0.010000000000000002,0.010000000000000002,0.010000000000000002,0.010000000000000002,0.010000000000000002,0.010000000000000002,0.010000000000000002,0.010000000000000002,0.010000000000000002,0.010000000000000002,0.010000000000000002,0.010000000000000002,0.010000000000000002,0.010000000000000002,0.010000000000000002,0.010000000000000002,0.010000000000000002,0.010000000000000002,0.010000000000000002,0.010000000000000002,0.010000000000000002,0.010000000000000002,0.010000000000000002,0.010000000000000002,0.010000000000000002,0.010000000000000002,0.010000000000000002,0.010000000000000002,0.010000000000000002,0.010000000000000002,0.010000000000000002,0.010000000000000002,0.010000000000000002,0.010000000000000002,0.010000000000000002,0.010000000000000002,0.010000000000000002,0.010000000000000002,0.010000000000000002,0.010000000000000002,0.009999999999999998,0.009999999999999998,0.009999999999999998,0.009999999999999998,0.009999999999999998,0.009999999999999998,0.009999999999999998,0.009999999999999998,0.009999999999999998,0.009999999999999998,0.009999999999999998,0.009999999999999998,0.009999999999999998,0.009999999999999998,0.009999999999999998,0.009999999999999998,0.009999999999999998,0.009999999999999998,0.009999999999999998,0.009999999999999998,0.009999999999999998,0.009999999999999998,0.009999999999999998,0.009999999999999998,0.009999999999999998,0.009999999999999998,0.009999999999999997,0.009999999999999997,0.009999999999999997,0.009999999999999997,0.009999999999999997,0.009999999999999997,0.009999999999999997,0.009999999999999997,0.009999999999999997,0.009999999999999997,0.009999999999999997,0.009999999999999995,0.009999999999999995,0.009999999999999995,0.009999999999999995,0.009999999999999995,0.009999999999999995,0.009999999999999995,0.009999999999999995,0.009999999999999993,0.009999999999999992]]",128.0,128.00000000000003,127.99999999999979,1.0000000000000002,0.9999999999999983,0.9999999999999981,0.004235903222049697,0.38348490649651634,0.03744044865951611,1,18.823766209362173,2.3177586117928044,8.121538676886564,2.450699676513419e-07,1.9903452208237124e-06,128,0.0001
21,MNISTMLP,MNIST MLP hidden=128 target=1e-04,1.0,0.01,Muon,1,2,1024,128,2.2969597317820094,0.7060546875,full_layer_input_activation,"[[0.010000000000000005,0.010000000000000004,0.010000000000000004,0.010000000000000004,0.010000000000000004,0.010000000000000002,0.010000000000000002,0.010000000000000002,0.010000000000000002,0.009999999999999998]]",10.0,9.999999999999996,9.999999999999995,0.9999999999999997,0.9999999999999994,0.9999999999999998,0.0023471514038555675,0.8719825289669961,0.07422344449445312,2,7.603535308236777,1.7293432352528297,4.396776275084074,1.9149751820790396e-05,8.419717447939927e-05,128,0.0001
20,MNISTMLP,MNIST MLP hidden=128 target=1e-04,1.0,0.01,Adam,1,3,1024,128,2.286249856164907,0.63671875,full_layer_input_activation,"[[0.05180980913233216,0.044352674655632474,0.04145748930301825,0.034977492070720026,0.03173216012830963,0.02830321025235371,0.022824056333842012,0.018291682416413612,0.017279494066154182,0.016329384893760276,0.011527338314366017,0.01080786601599091,0.010611400308332321,0.010282400485155375,0.009482639361699631,0.009372316600208873,0.008956714776580912,0.008670753855721362,0.008511531236381658,0.00817508895448681,0.008113738216968439,0.007965714885139084,0.007617292982921582,0.007454440917720111,0.007333509577465737,0.007012290451608062,0.006896987920464895,0.006730360378519213,0.006625769823178906,0.0065404777589090374,0.006413353759574009,0.0063259428881871456,0.006243335802167116,0.006174979027262524,0.006007638595035405,0.005877044967878716,0.00579710281304136,0.005697385682049902,0.005582367060688448,0.005415919706653105,0.005321603082915356,0.005243707133236455,0.005203476787487335,0.005157837359502408,0.005066101893070447,0.0048759085096387435,0.004823804865715085,0.004816024159395709,0.004706320876088446,0.004663665332818988,0.004625200589245474,0.004596639988341287,0.0044799501138841485,0.004467597668641729,0.004366750007845729,0.004265310668395903,0.004250482256493828,0.004192629300536607,0.004121470970761425,0.004097586200086437,0.00401780523573434,0.003976036117651083,0.003912439784411431,0.0038401999057503045,0.003798023399637966,0.0037587068036002533,0.003680128088694415,0.003629697741506909,0.0035612840736247483,0.0035509343238112135,0.0035250183756257774,0.003400923487213479,0.0033634792065267588,0.003347590095279018,0.0033071360718601407,0.0032516773998840886,0.003213790465764218,0.0031928280023804643,0.0031311717960807815,0.00309759656631035,0.0030805752656944863,0.0030423620342791536,0.0029958384786003445,0.0029863443360638228,0.002970447877887955,0.0029265846914382117,0.0028680222343746863,0.002836347158856606,0.002806293100561178,0.002744437861359142,0.002729277023330086,0.0026951999205552094,0.0026895059899953323,0.0026326805650761496,0.002605121160136284,0.002561710734816783,0.0025079564768846325,0.0024853047556444787,0.002482461328318655,0.0024137128745710763,0.0023872506236290478,0.002323070221414524,0.002314402753575112,0.0022718988776174787,0.0022522509703576513,0.002246043116039515,0.0022062183296842597,0.002168739546743016,0.002133417001131397,0.0021019701751701,0.0020957725484173515,0.0020466660843328783,0.0020117181496040657,0.001980422946380957,0.0019308670251871186,0.0019139449974401835,0.001892982252522805,0.0018721745426677045,0.0018019957816473654,0.0017964728783390535,0.0017647707089567567,0.001748910072430841,0.0016952704850751639,0.0016399149309292403,0.0016067314956419985,0.0015696301714534233,0.001565309783962573,0.0014857711336023118]]",128.0,48.18733085838382,5.064439733252689,0.37646352233112357,0.03956593541603663,0.1050989885315791,0.007610016903859277,0.6137462857989191,0.06526914526440875,1,16.32866158948121,2.3177586117928044,7.0450225085566025,2.9076535077007224e-07,2.0484484408835148e-06,128,0.0001
20,MNISTMLP,MNIST MLP hidden=128 target=1e-04,1.0,0.01,Adam,1,3,1024,128,2.286249856164907,0.63671875,full_layer_input_activation,"[[0.007907257398973983,0.006984134297538749,0.006539989044040817,0.005354759162150463,0.005006863386928456,0.004521498775935607,0.004045969282316983,0.003386317750066889,0.003263208904946869,0.0028424810941755896]]",10.0,9.043078150516294,4.395471652439057,0.9043078150516294,0.4395471652439057,0.4860592355035777,0.001310364500180121,0.7002049286366514,0.0790430155971173,2,7.680045417101445,1.540638942381618,4.984974224544227,1.7304125329578308e-05,8.626061874623076e-05,128,0.0001
21,MNISTMLP,MNIST MLP hidden=128 target=1e-04,1.0,0.01,Muon,1,3,1024,128,2.291731063822566,0.5615234375,full_layer_input_activation,"[[0.010000000000000005,0.010000000000000005,0.010000000000000004,0.010000000000000004,0.010000000000000004,0.010000000000000004,0.010000000000000004,0.010000000000000004,0.010000000000000004,0.010000000000000004,0.010000000000000004,0.010000000000000004,0.010000000000000002,0.010000000000000002,0.010000000000000002,0.010000000000000002,0.010000000000000002,0.010000000000000002,0.010000000000000002,0.010000000000000002,0.010000000000000002,0.010000000000000002,0.010000000000000002,0.010000000000000002,0.010000000000000002,0.010000000000000002,0.010000000000000002,0.010000000000000002,0.010000000000000002,0.010000000000000002,0.01,0.01,0.01,0.01,0.01,0.01,0.01,0.01,0.01,0.01,0.01,0.01,0.01,0.01,0.01,0.01,0.01,0.01,0.01,0.01,0.01,0.01,0.01,0.01,0.01,0.01,0.01,0.01,0.01,0.009999999999999998,0.009999999999999998,0.009999999999999998,0.009999999999999998,0.009999999999999998,0.009999999999999998,0.009999999999999998,0.009999999999999998,0.009999999999999998,0.009999999999999998,0.009999999999999998,0.009999999999999998,0.009999999999999998,0.009999999999999998,0.009999999999999998,0.009999999999999998,0.009999999999999998,0.009999999999999998,0.009999999999999998,0.009999999999999998,0.009999999999999998,0.009999999999999998,0.009999999999999998,0.009999999999999998,0.009999999999999998,0.009999999999999998,0.009999999999999998,0.009999999999999998,0.009999999999999997,0.009999999999999997,0.009999999999999997,0.009999999999999997,0.009999999999999997,0.009999999999999997,0.009999999999999997,0.009999999999999997,0.009999999999999997,0.009999999999999997,0.009999999999999997,0.009999999999999997,0.009999999999999997,0.009999999999999997,0.009999999999999997,0.009999999999999997,0.009999999999999997,0.009999999999999997,0.009999999999999997,0.009999999999999997,0.009999999999999997,0.009999999999999997,0.009999999999999997,0.009999999999999997,0.009999999999999997,0.009999999999999997,0.009999999999999997,0.009999999999999997,0.009999999999999995,0.009999999999999995,0.009999999999999995,0.009999999999999995,0.009999999999999995,0.009999999999999995,0.009999999999999995,0.009999999999999995,0.009999999999999995,0.009999999999999993,0.009999999999999993,0.009999999999999992,0.00999999999999999]]",128.0,128.0,127.99999999999982,1.0,0.9999999999999986,0.9999999999999986,0.004354789786555602,0.3780140750321006,0.038491267358942385,1,18.29051403806383,2.3177586117928044,7.891466326562788,2.665710825182909e-07,2.1036367213284825e-06,128,0.0001
21,MNISTMLP,MNIST MLP hidden=128 target=1e-04,1.0,0.01,Muon,1,3,1024,128,2.291731063822566,0.5615234375,full_layer_input_activation,"[[0.010000000000000005,0.01,0.01,0.01,0.01,0.009999999999999998,0.009999999999999998,0.009999999999999997,0.009999999999999997,0.009999999999999993]]",10.0,10.0,9.999999999999988,1.0,0.9999999999999988,0.9999999999999988,0.0025243816829244284,0.8762066929429337,0.07982795801650173,2,7.67738168757993,1.7306832750576469,4.436040839028855,2.0851703049737724e-05,9.249900629193907e-05,128,0.0001
20,MNISTMLP,MNIST MLP hidden=128 target=1e-04,1.0,0.01,Adam,1,4,1024,128,2.275789773596451,0.546875,full_layer_input_activation,"[[0.05295071855700096,0.047631619237608065,0.04168250430006445,0.03470881473841167,0.03279849364099088,0.028366937573797657,0.022791350279733055,0.018004098217754935,0.01669107198424769,0.015097409011105716,0.011331616305116273,0.010602365580924507,0.010166849108772214,0.010033221134695259,0.009239121403773263,0.00866132992019377,0.008402428779067635,0.008106110863517833,0.008022457833036322,0.0077231072271050066,0.00753409564944132,0.007245608565372215,0.007174153114287102,0.007007174997894694,0.006764218012117682,0.006670627461540369,0.006402296444934168,0.006377671704978714,0.0062248558309391895,0.006130481488072858,0.0059987379903054935,0.005934967641148844,0.005846297419897541,0.005633904667257616,0.005560493309807238,0.0054626533649719195,0.005406743072862753,0.005359434632929288,0.005226400892063659,0.00510237122161477,0.005068597687883067,0.004889569945363002,0.004817987367862887,0.004737950023106429,0.004633901478905306,0.00460772787515104,0.00456818564368212,0.004487092491134113,0.004378063542379828,0.004323948591877551,0.00427226991892181,0.004157927836379755,0.0041214066714309995,0.0040496516094325604,0.0039894660827456225,0.003952949905583963,0.0038888932008625,0.0037581875492699347,0.0037327402813811337,0.0036933069216314963,0.0036565094653160297,0.0036018078500810115,0.003560428335347963,0.0034402739974059827,0.0033892912178530616,0.0033256161067824605,0.003275877191974273,0.003239470771793317,0.003201401461913268,0.0031719338120525433,0.0031121234767573086,0.0030480627209123635,0.0030224736659173737,0.0029887157358869164,0.0029590243896420658,0.0029285973872851772,0.00290248000970546,0.002876122058734173,0.002865410050695143,0.002820486501623846,0.0027585271075437462,0.0027165873265640214,0.0026877400621850055,0.0026782017280072862,0.002657671697534835,0.0026082503323689604,0.002535679322161285,0.002524560772413947,0.0024858058819495236,0.002466793909389742,0.00243633520824374,0.0023794822307900733,0.0023689433703079415,0.0022926192268565683,0.002267699295951766,0.0022350355523868552,0.0022042707207778397,0.0021905982736116947,0.002176779898264284,0.0021345924342495814,0.0021203344090194786,0.0020776116972107215,0.0020559593706248906,0.002027628380255715,0.0020006323290117293,0.001985472851153152,0.0019639141507028163,0.001897104324307442,0.0018755249858224098,0.0018619079160737528,0.00179597206240993,0.001793116114596291,0.001781847346910254,0.001738146531475727,0.001723263834395682,0.0016959025328781659,0.001667072924834675,0.0016550364873380357,0.0016037187636579785,0.0015694180835862208,0.0015675882091965396,0.0015486232917366989,0.0015326403950730978,0.00146313761695024,0.0013915132174734113,0.0013706838122518913,0.0013378438559595608,0.001273323462744749]]",128.0,43.719227177979555,4.871765806843202,0.34155646232796527,0.038060670365962515,0.1114330266408965,0.008948338805296219,0.6251783244522141,0.07656448395103575,1,13.547942116659634,2.3177586117928044,5.84527743645409,3.8561280794432e-07,2.254013845484638e-06,128,0.0001
20,MNISTMLP,MNIST MLP hidden=128 target=1e-04,1.0,0.01,Adam,1,4,1024,128,2.275789773596451,0.546875,full_layer_input_activation,"[[0.007685591146519064,0.007224006342682256,0.006682134957562054,0.005753142423378542,0.004970112106818378,0.004409277880295214,0.003764390372551055,0.003299399586274025,0.0029910278985497353,0.002771233276169686]]",10.0,8.933627562277092,4.652757940379091,0.8933627562277092,0.46527579403790914,0.5208139591609693,0.00201217064770802,0.6951334438035454,0.12137585511419577,2,6.193445382820633,1.5003336716127724,4.1280453141887,2.968613253200825e-05,0.00012254570029514137,128,0.0001
21,MNISTMLP,MNIST MLP hidden=128 target=1e-04,1.0,0.01,Muon,1,4,1024,128,2.285902622685276,0.423828125,full_layer_input_activation,"[[0.010000000000000002,0.010000000000000002,0.010000000000000002,0.010000000000000002,0.010000000000000002,0.010000000000000002,0.010000000000000002,0.010000000000000002,0.010000000000000002,0.010000000000000002,0.010000000000000002,0.010000000000000002,0.010000000000000002,0.010000000000000002,0.010000000000000002,0.010000000000000002,0.010000000000000002,0.010000000000000002,0.010000000000000002,0.010000000000000002,0.010000000000000002,0.010000000000000002,0.010000000000000002,0.010000000000000002,0.010000000000000002,0.010000000000000002,0.010000000000000002,0.010000000000000002,0.010000000000000002,0.010000000000000002,0.010000000000000002,0.010000000000000002,0.010000000000000002,0.010000000000000002,0.010000000000000002,0.010000000000000002,0.010000000000000002,0.010000000000000002,0.010000000000000002,0.010000000000000002,0.010000000000000002,0.010000000000000002,0.010000000000000002,0.010000000000000002,0.009999999999999998,0.009999999999999998,0.009999999999999998,0.009999999999999998,0.009999999999999998,0.009999999999999998,0.009999999999999998,0.009999999999999998,0.009999999999999998,0.009999999999999998,0.009999999999999998,0.009999999999999998,0.009999999999999998,0.009999999999999998,0.009999999999999998,0.009999999999999998,0.009999999999999998,0.009999999999999998,0.009999999999999998,0.009999999999999998,0.009999999999999998,0.009999999999999998,0.009999999999999998,0.009999999999999998,0.009999999999999998,0.009999999999999998,0.009999999999999998,0.009999999999999998,0.009999999999999998,0.009999999999999998,0.009999999999999998,0.009999999999999998,0.009999999999999998,0.009999999999999998,0.009999999999999998,0.009999999999999998,0.009999999999999998,0.009999999999999998,0.009999999999999998,0.009999999999999998,0.009999999999999998,0.009999999999999998,0.009999999999999998,0.009999999999999998,0.009999999999999998,0.009999999999999998,0.009999999999999998,0.009999999999999998,0.009999999999999998,0.009999999999999998,0.009999999999999998,0.009999999999999998,0.009999999999999998,0.009999999999999998,0.009999999999999997,0.009999999999999997,0.009999999999999997,0.009999999999999997,0.009999999999999997,0.009999999999999997,0.009999999999999997,0.009999999999999997,0.009999999999999997,0.009999999999999997,0.009999999999999997,0.009999999999999997,0.009999999999999997,0.009999999999999997,0.009999999999999997,0.009999999999999997,0.009999999999999997,0.009999999999999997,0.009999999999999995,0.009999999999999995,0.009999999999999995,0.009999999999999995,0.009999999999999995,0.009999999999999995,0.009999999999999995,0.009999999999999995,0.009999999999999995,0.009999999999999995,0.009999999999999995,0.009999999999999993]]",128.0,128.0,127.9999999999999,1.0,0.9999999999999992,0.9999999999999992,0.004730506311768735,0.3482080105092453,0.041812163643718,1,15.519848778599226,2.3177586117928044,6.696059158030482,3.707083109385912e-07,2.4822847804183654e-06,128,0.0001
21,MNISTMLP,MNIST MLP hidden=128 target=1e-04,1.0,0.01,Muon,1,4,1024,128,2.285902622685276,0.423828125,full_layer_input_activation,"[[0.010000000000000007,0.010000000000000005,0.01,0.01,0.01,0.009999999999999998,0.009999999999999998,0.009999999999999998,0.009999999999999997,0.009999999999999997]]",10.0,9.999999999999998,9.999999999999986,0.9999999999999998,0.9999999999999986,0.9999999999999988,0.0030535219257230416,0.8102950302678936,0.09656084170548303,2,6.565780360768462,1.734215947474894,3.786022363782648,3.317768316664115e-05,0.00012561145044739848,128,0.0001
20,MNISTMLP,MNIST MLP hidden=128 target=1e-04,1.0,0.01,Adam,1,5,1024,128,2.2676086953154098,0.482421875,full_layer_input_activation,,,,,,,,,,,1,14.63899092061669,2.3177586117928044,6.316011877221897,3.885872714281976e-07,2.4543218216777456e-06,128,0.0001
20,MNISTMLP,MNIST MLP hidden=128 target=1e-04,1.0,0.01,Adam,1,5,1024,128,2.2676086953154098,0.482421875,full_layer_input_activation,,,,,,,,,,,2,7.157733922213073,1.454426602386201,4.9213441987858015,1.861927075341e-05,9.163184010791644e-05,128,0.0001
21,MNISTMLP,MNIST MLP hidden=128 target=1e-04,1.0,0.01,Muon,1,5,1024,128,2.2833842760568612,0.3662109375,full_layer_input_activation,,,,,,,,,,,1,17.32932415140418,2.3177586117928044,7.476759686376405,3.6738836512867035e-07,2.746874517637777e-06,128,0.0001
21,MNISTMLP,MNIST MLP hidden=128 target=1e-04,1.0,0.01,Muon,1,5,1024,128,2.2833842760568612,0.3662109375,full_layer_input_activation,,,,,,,,,,,2,7.93972062250823,1.7163193138262733,4.626016009111864,2.1606620267026966e-05,9.99525712580676e-05,128,0.0001
22,MNISTMLP,MNIST MLP hidden=128 target=1e-04,1.0,0.01,Adam,2,0,1024,128,2.301854794998461,0.9150390625,full_layer_input_activation,"[[0.05318816334272644,0.04078263837930116,0.03359759890474555,0.030034882739007715,0.025173485415888392,0.022387376768486716,0.02008103804924306,0.01793277832930757,0.015022937932978904,0.013670059115090269,0.013101876064629689,0.012650577960152438,0.012294396481584364,0.012009349288098195,0.011254310363573682,0.010917580402417927,0.010728211946367886,0.010648571567946812,0.01035216015153337,0.010089414195791445,0.00990129304933718,0.00975389810603876,0.009632496870769806,0.009408441882646895,0.0091018259738881,0.008927039575664387,0.0088467731880598,0.008743137234226152,0.008561398593745393,0.008465611216386195,0.008322881662343741,0.008191111344678932,0.0078800102155063,0.007800867794227448,0.007789023904989489,0.007625935217515268,0.007576539101664182,0.007448222269872247,0.007342179457769425,0.007278850294703398,0.0071908778573390566,0.0069733891231622954,0.006970748470554719,0.006931561436988495,0.0068354385973466575,0.006729670424880216,0.006663510659730945,0.006612170907928629,0.006502344853496139,0.006382482239752016,0.006349656617663633,0.0062473094024917885,0.0062021711936200855,0.006187579003757302,0.006053339144502105,0.006001073558399396,0.00598531071746036,0.005895396808248058,0.005827892706640492,0.0057587504925301495,0.005688186814431385,0.0056778059874997054,0.005587076360721336,0.005530539547586498,0.0054532442731976835,0.005410533686335002,0.005398404932453894,0.005338664237913925,0.005296703329592311,0.005233784419163007,0.005097555571517408,0.005086401901904889,0.005013312438909116,0.004991053945030691,0.004912050231605034,0.004885458549290992,0.004825579037275246,0.004771984356829781,0.0047413079703593555,0.004697010723846505,0.0046366654766896095,0.004560886798932238,0.0045171068338013005,0.004460931936294046,0.004400734713615713,0.004363758373882978,0.004324788752744314,0.004277947726306606,0.004215371061142222,0.004190348684483362,0.004098509030409653,0.004042597726184112,0.004006878285380228,0.0039799645601346365,0.003915886828700375,0.0038971940357904675,0.003855992397613898,0.003826473715550787,0.0037921615109465377,0.003762560028799036,0.0036827534840468894,0.0036074137478084366,0.003587915760970873,0.003560837760509152,0.003511043576855912,0.0034713446499107427,0.0034172710103625597,0.00337252472567033,0.0033316391768096606,0.003279620511080143,0.003257645648418231,0.003202898046902789,0.003153437482197934,0.003088275169419627,0.003068246855818731,0.0030178668816551787,0.0029717243898097576,0.002932343373834842,0.002913666561157418,0.00280629861472147,0.002715256499170971,0.0026528920258604796,0.002600205797210409,0.0025489780679925217,0.002500275191158833,0.002369962025336476,0.0022216869665575532,0.0020039904220067904]]",128.0,67.39917179487387,4.777502589447542,0.5265560296474521,0.03732423898005892,0.07088369874911284,0.007718924171606099,0.6379601575524751,0.06639590810729158,1,16.97167197918752,2.2909517121094636,7.40813169019627,2.6944768633076403e-07,1.996103943956997e-06,128,0.0001
22,MNISTMLP,MNIST MLP hidden=128 target=1e-04,1.0,0.01,Adam,2,0,1024,128,2.301854794998461,0.9150390625,full_layer_input_activation,"[[0.008318790072020577,0.006834591968052405,0.00559256253027238,0.005238178885129591,0.005053917466939941,0.004749194879835988,0.004466950367431471,0.004104685615880349,0.0037418375400069225,0.003317789163629814]]",10.0,9.291794499087699,4.111675714309898,0.9291794499087699,0.4111675714309898,0.44250609661175755,0.0011598924525870117,0.6788413118425681,0.06876194145794803,2,6.709538133772278,1.8341566450112265,3.6581052943442627,3.339353372752987e-05,0.0001221570625255407,128,0.0001
23,MNISTMLP,MNIST MLP hidden=128 target=1e-04,1.0,0.01,Muon,2,0,1024,128,2.301854794998461,0.9150390625,full_layer_input_activation,"[[0.010000000000000005,0.010000000000000005,0.010000000000000004,0.010000000000000004,0.010000000000000004,0.010000000000000004,0.010000000000000004,0.010000000000000004,0.010000000000000002,0.010000000000000002,0.010000000000000002,0.010000000000000002,0.010000000000000002,0.010000000000000002,0.010000000000000002,0.010000000000000002,0.010000000000000002,0.010000000000000002,0.010000000000000002,0.010000000000000002,0.010000000000000002,0.010000000000000002,0.01,0.01,0.01,0.01,0.01,0.01,0.01,0.01,0.01,0.01,0.01,0.01,0.01,0.01,0.01,0.01,0.01,0.01,0.01,0.01,0.01,0.01,0.01,0.01,0.01,0.01,0.01,0.01,0.01,0.01,0.01,0.01,0.01,0.01,0.01,0.009999999999999998,0.009999999999999998,0.009999999999999998,0.009999999999999998,0.009999999999999998,0.009999999999999998,0.009999999999999998,0.009999999999999998,0.009999999999999998,0.009999999999999998,0.009999999999999998,0.009999999999999998,0.009999999999999998,0.009999999999999998,0.009999999999999998,0.009999999999999998,0.009999999999999998,0.009999999999999998,0.009999999999999998,0.009999999999999998,0.009999999999999998,0.009999999999999998,0.009999999999999998,0.009999999999999998,0.009999999999999998,0.009999999999999998,0.009999999999999998,0.009999999999999998,0.009999999999999998,0.009999999999999998,0.009999999999999998,0.009999999999999998,0.009999999999999997,0.009999999999999997,0.009999999999999997,0.009999999999999997,0.009999999999999997,0.009999999999999997,0.009999999999999997,0.009999999999999997,0.009999999999999997,0.009999999999999997,0.009999999999999997,0.009999999999999997,0.009999999999999997,0.009999999999999997,0.009999999999999997,0.009999999999999997,0.009999999999999997,0.009999999999999997,0.009999999999999997,0.009999999999999997,0.009999999999999997,0.009999999999999997,0.009999999999999997,0.009999999999999997,0.009999999999999995,0.009999999999999995,0.009999999999999995,0.009999999999999995,0.009999999999999995,0.009999999999999995,0.009999999999999995,0.009999999999999995,0.009999999999999995,0.009999999999999995,0.009999999999999995,0.009999999999999993,0.009999999999999993,0.009999999999999993,0.009999999999999993]]",128.0,128.0,127.99999999999982,1.0,0.9999999999999986,0.9999999999999986,0.0042875586438272245,0.36413072836194754,0.03789702239731541,1,16.97167197918752,2.2909517121094636,7.40813169019627,2.6944768633076403e-07,1.996103943956997e-06,128,0.0001
23,MNISTMLP,MNIST MLP hidden=128 target=1e-04,1.0,0.01,Muon,2,0,1024,128,2.301854794998461,0.9150390625,full_layer_input_activation,"[[0.010000000000000002,0.010000000000000002,0.009999999999999998,0.009999999999999998,0.009999999999999998,0.009999999999999998,0.009999999999999998,0.009999999999999997,0.009999999999999995,0.00999999999999999]]",10.0,10.0,9.999999999999991,1.0,0.9999999999999991,0.9999999999999991,0.002623772518868192,0.8191177042264612,0.08297097221780603,2,6.709538133772278,1.8341566450112265,3.6581052943442627,3.339353372752987e-05,0.0001221570625255407,128,0.0001
22,MNISTMLP,MNIST MLP hidden=128 target=1e-04,1.0,0.01,Adam,2,1,1024,128,2.2974295229704733,0.7236328125,full_layer_input_activation,"[[0.0528716165974504,0.04231477551118539,0.03657870346466688,0.035901253982580324,0.026583717673090874,0.023814596167505392,0.021142977332154367,0.02080947600009047,0.017922821613692574,0.014868812612292458,0.013622508324728898,0.012656375872552824,0.011694940245843749,0.010555380690393634,0.010436227915454418,0.010036844751395305,0.009828616950300162,0.009670246722883248,0.009541935583208599,0.009172789570214678,0.008883532397106325,0.008591671353986148,0.008287289735857597,0.008126322681675827,0.007974994302371113,0.00792586068380486,0.007812263010984956,0.007648700271351414,0.007561556300137284,0.007413835076974015,0.0073384989851599134,0.007290832281108749,0.007096756840966134,0.006985665315033547,0.00681700293453549,0.006690224334248156,0.006609820906287401,0.006543834331217409,0.006411007138863017,0.006327248721100559,0.0063025445019779195,0.006196965577999831,0.005999804644942808,0.005833848572334977,0.005813841634760366,0.005744407695274952,0.0056631328438608766,0.005560128281564587,0.005384345776652382,0.005306043343954663,0.005243333096877046,0.0052032970558166134,0.005165171304276086,0.005118055763537639,0.0050909397463927576,0.004956974335649923,0.0048784564118491735,0.004843411791512446,0.004808383688433584,0.0047509733558731195,0.004713161423992475,0.0046967651140047886,0.004582240397644663,0.004542855844452407,0.004478097458631941,0.004412626144816116,0.004357401643837451,0.004314821229074894,0.0042881085890261305,0.004229314125958627,0.004168221609590493,0.004132755285812139,0.004051553159732699,0.003939719924942465,0.0039039031947157308,0.003870965867535173,0.0038330972266915017,0.0038025222168668552,0.0037827679843983274,0.0037183496108704026,0.003674079168526276,0.003607218814511918,0.0035904591311283936,0.003577717438407435,0.0035692587244151165,0.003495747651300373,0.0034708851932607893,0.0034177753075033644,0.0033716103314038975,0.003332119938583932,0.0032984496492124687,0.0032297606066795112,0.0032036248750997413,0.0031039260655695657,0.003098598579195264,0.003072635107945761,0.0030365182176181156,0.002963296563895724,0.002954722115819934,0.002904798159264074,0.002862304295968141,0.002830866948219778,0.0027997025506404207,0.002779874089671802,0.0027349893768017354,0.002697019800550101,0.0026915699813025045,0.002666259629211778,0.002606122808446391,0.0025558051760509125,0.0025456351755092166,0.0025140915711081165,0.0024703776903839516,0.002463720812780838,0.0024165302834922796,0.002375024004291492,0.0023213536605874007,0.0022781634515291614,0.0022213090804553436,0.002186289621427257,0.002140351724134085,0.002110090055247335,0.0020982370872180047,0.0020472250997800607,0.002038312080732235,0.0018956322305942355,0.0018133219970222793,0.0017253072245795211]]",128.0,56.40350549736076,4.832604187273649,0.44065238669813095,0.03775472021307538,0.08567914608604915,0.00684922562329985,0.6233919525533546,0.058928891296568954,1,19.53735113095859,2.2909517121094636,8.528050166962698,2.2228650571984453e-07,1.8956704722176747e-06,128,0.0001
22,MNISTMLP,MNIST MLP hidden=128 target=1e-04,1.0,0.01,Adam,2,1,1024,128,2.2974295229704733,0.7236328125,full_layer_input_activation,"[[0.0079626298782856,0.006992783818085385,0.0061046992553827955,0.0054092289757382405,0.005235827855490589,0.004737141788089953,0.004321476116484204,0.0038314852570259157,0.003616282348730986,0.0034487059769372622]]",10.0,9.298553124304464,4.52673177325774,0.9298553124304464,0.45267317732577406,0.4868210906303062,0.0009693416039327732,0.6874572588643999,0.057217376777366755,2,7.84179352692073,1.712113492431961,4.580183242281389,1.9116924661027272e-05,8.755901797639291e-05,128,0.0001
23,MNISTMLP,MNIST MLP hidden=128 target=1e-04,1.0,0.01,Muon,2,1,1024,128,2.2984325947958943,0.7880859375,full_layer_input_activation,"[[0.010000000000000005,0.010000000000000005,0.010000000000000005,0.010000000000000004,0.010000000000000004,0.010000000000000004,0.010000000000000004,0.010000000000000004,0.010000000000000004,0.010000000000000004,0.010000000000000004,0.010000000000000004,0.010000000000000004,0.010000000000000004,0.010000000000000002,0.010000000000000002,0.010000000000000002,0.010000000000000002,0.010000000000000002,0.010000000000000002,0.010000000000000002,0.010000000000000002,0.010000000000000002,0.010000000000000002,0.010000000000000002,0.010000000000000002,0.010000000000000002,0.010000000000000002,0.010000000000000002,0.010000000000000002,0.010000000000000002,0.010000000000000002,0.010000000000000002,0.010000000000000002,0.01,0.01,0.01,0.01,0.01,0.01,0.01,0.01,0.01,0.01,0.01,0.01,0.01,0.01,0.01,0.01,0.01,0.01,0.01,0.01,0.01,0.01,0.01,0.01,0.01,0.01,0.01,0.01,0.01,0.009999999999999998,0.009999999999999998,0.009999999999999998,0.009999999999999998,0.009999999999999998,0.009999999999999998,0.009999999999999998,0.009999999999999998,0.009999999999999998,0.009999999999999998,0.009999999999999998,0.009999999999999998,0.009999999999999998,0.009999999999999998,0.009999999999999998,0.009999999999999998,0.009999999999999998,0.009999999999999998,0.009999999999999998,0.009999999999999998,0.009999999999999998,0.009999999999999998,0.009999999999999998,0.009999999999999998,0.009999999999999998,0.009999999999999998,0.009999999999999998,0.009999999999999998,0.009999999999999998,0.009999999999999998,0.009999999999999998,0.009999999999999997,0.009999999999999997,0.009999999999999997,0.009999999999999997,0.009999999999999997,0.009999999999999997,0.009999999999999997,0.009999999999999997,0.009999999999999997,0.009999999999999997,0.009999999999999997,0.009999999999999997,0.009999999999999997,0.009999999999999997,0.009999999999999997,0.009999999999999997,0.009999999999999997,0.009999999999999997,0.009999999999999995,0.009999999999999995,0.009999999999999995,0.009999999999999995,0.009999999999999995,0.009999999999999995,0.009999999999999995,0.009999999999999995,0.009999999999999995,0.009999999999999995,0.009999999999999995,0.009999999999999995,0.009999999999999995,0.009999999999999993,0.009999999999999992,0.00999999999999999]]",128.0,128.00000000000003,127.99999999999984,1.0000000000000002,0.9999999999999988,0.9999999999999986,0.004189003409165377,0.3971614581515067,0.03702590896292991,1,20.19036465165208,2.2909517121094636,8.813090448362695,2.1620025736475925e-07,1.9053924231149163e-06,128,0.0001
23,MNISTMLP,MNIST MLP hidden=128 target=1e-04,1.0,0.01,Muon,2,1,1024,128,2.2984325947958943,0.7880859375,full_layer_input_activation,"[[0.010000000000000007,0.010000000000000007,0.010000000000000002,0.010000000000000002,0.010000000000000002,0.010000000000000002,0.01,0.01,0.009999999999999998,0.009999999999999997]]",10.0,10.0,9.999999999999991,1.0,0.9999999999999991,0.9999999999999991,0.00231521486335283,0.8876521049847607,0.07321352240870439,2,7.879262594838771,1.823862728166481,4.320096284197742,2.168007217296901e-05,9.365999923558228e-05,128,0.0001
22,MNISTMLP,MNIST MLP hidden=128 target=1e-04,1.0,0.01,Adam,2,2,1024,128,2.2894092135995496,0.6064453125,full_layer_input_activation,"[[0.055528339840693906,0.04148003070978741,0.03928032838309106,0.037023508404793806,0.026793268139759394,0.02469005373029764,0.021367970257858273,0.020168233827208996,0.017799189491795927,0.01575001468000576,0.013385580124074484,0.011610894345466694,0.01081253509815099,0.010003662644843259,0.00975272581786464,0.009352883323906238,0.009201795036619697,0.008933004485433207,0.008675874805777228,0.008406559165143542,0.008335329929030064,0.008239742116309885,0.007996884635066457,0.007913268233515599,0.007576621535956982,0.007525545950965423,0.007358110407068548,0.007255985413464747,0.006987896152107096,0.006843223056271105,0.006708543066878178,0.006655724472600637,0.006496940752789882,0.006404041243718204,0.0062581533680065365,0.00617534191209426,0.006116002419472787,0.006004803344955767,0.005857822696245003,0.005798284892630399,0.005717532179056646,0.0055736916327929,0.005527343960821359,0.005430193573743041,0.005341963350539336,0.005232447419575295,0.005125966080205592,0.005066410043241909,0.0050032868189383095,0.004848166664011033,0.0048117063009012065,0.004729231055642613,0.0046933314795519635,0.004604853290369878,0.004531689626227363,0.004465832940043887,0.004407080016766543,0.004287851389473891,0.004250679793683579,0.004242767874397521,0.004208891515328425,0.00419388655861243,0.004136256009624517,0.004092273332067423,0.004034873617342572,0.003975238247894319,0.003950319890037424,0.0038927998869069383,0.003814062222168529,0.0037330283071993014,0.003707361535270725,0.003669939057300891,0.003614969002254265,0.0035885740124813833,0.0035291154755196954,0.003495637345790447,0.0034661556511760695,0.00341280874921865,0.003346775990826714,0.0033231231163140637,0.0032519787874225586,0.003208144307107798,0.0031764739508999785,0.003116077316340266,0.003080020108005909,0.0030468110224999047,0.003002124089470285,0.0029744294154937473,0.002954280114997232,0.0029317136928979585,0.002900397881064019,0.002824707865950086,0.002802121844090379,0.0027899915839718946,0.002745950160805423,0.002740757689503038,0.0027167893025852943,0.002640678974109006,0.0026234203061688537,0.0025879491923356643,0.002538015092267673,0.00250981465561238,0.002449306974750625,0.0024379047612460326,0.0023855473999028673,0.002377323914013794,0.0023557522292923148,0.002317686339567795,0.0022939035738768934,0.002272652133864485,0.002181632199004342,0.0021486772393042573,0.002102467669021363,0.0020736888156542644,0.0020139823989726306,0.0019931789941674445,0.0019784470836324425,0.0019472938186608012,0.0019230742579328622,0.0018810014170162188,0.0018442374698005026,0.0018242952962566942,0.00181586805174817,0.0017867135690665962,0.0017103949406399813,0.0016868896425574428,0.0015987538400256203,0.0014818490181240727]]",128.0,50.634535064177946,4.387479881959384,0.3955823051888902,0.034277186577807685,0.08664994901994001,0.008027547088852446,0.6008119314623569,0.06901771922318149,1,15.034103261466655,2.2909517121094636,6.562383302100918,3.2826384417469723e-07,2.154193169695491e-06,128,0.0001
22,MNISTMLP,MNIST MLP hidden=128 target=1e-04,1.0,0.01,Adam,2,2,1024,128,2.2894092135995496,0.6064453125,full_layer_input_activation,"[[0.008754249209888248,0.007364456955683061,0.006254764324069797,0.005682074730960371,0.004880984535308138,0.004260711498303803,0.00404770038114955,0.0034985404578349853,0.00310543537682926,0.002931676048995726]]",10.0,8.857753383639958,3.7986925871790906,0.8857753383639958,0.37986925871790905,0.4288550857822682,0.0014623817787571534,0.6147387331404879,0.08570867610334922,2,5.651304947669982,1.5884604191571656,3.5577247500246525,3.9258071297200866e-05,0.00013966941189228393,128,0.0001
23,MNISTMLP,MNIST MLP hidden=128 target=1e-04,1.0,0.01,Muon,2,2,1024,128,2.293292233933705,0.6337890625,full_layer_input_activation,"[[0.010000000000000007,0.010000000000000005,0.010000000000000005,0.010000000000000004,0.010000000000000004,0.010000000000000004,0.010000000000000004,0.010000000000000004,0.010000000000000004,0.010000000000000004,0.010000000000000004,0.010000000000000004,0.010000000000000004,0.010000000000000004,0.010000000000000004,0.010000000000000002,0.010000000000000002,0.010000000000000002,0.010000000000000002,0.010000000000000002,0.010000000000000002,0.010000000000000002,0.010000000000000002,0.010000000000000002,0.010000000000000002,0.010000000000000002,0.010000000000000002,0.010000000000000002,0.010000000000000002,0.010000000000000002,0.010000000000000002,0.010000000000000002,0.010000000000000002,0.010000000000000002,0.010000000000000002,0.010000000000000002,0.01,0.01,0.01,0.01,0.01,0.01,0.01,0.01,0.01,0.01,0.01,0.01,0.01,0.01,0.01,0.01,0.01,0.01,0.01,0.01,0.01,0.01,0.01,0.01,0.009999999999999998,0.009999999999999998,0.009999999999999998,0.009999999999999998,0.009999999999999998,0.009999999999999998,0.009999999999999998,0.009999999999999998,0.009999999999999998,0.009999999999999998,0.009999999999999998,0.009999999999999998,0.009999999999999998,0.009999999999999998,0.009999999999999998,0.009999999999999998,0.009999999999999998,0.009999999999999998,0.009999999999999998,0.009999999999999998,0.009999999999999998,0.009999999999999998,0.009999999999999998,0.009999999999999997,0.009999999999999997,0.009999999999999997,0.009999999999999997,0.009999999999999997,0.009999999999999997,0.009999999999999997,0.009999999999999997,0.009999999999999997,0.009999999999999997,0.009999999999999997,0.009999999999999997,0.009999999999999997,0.009999999999999997,0.009999999999999997,0.009999999999999997,0.009999999999999997,0.009999999999999995,0.009999999999999995,0.009999999999999995,0.009999999999999995,0.009999999999999995,0.009999999999999995,0.009999999999999995,0.009999999999999995,0.009999999999999995,0.009999999999999995,0.009999999999999995,0.009999999999999995,0.009999999999999995,0.009999999999999995,0.009999999999999995,0.009999999999999995,0.009999999999999995,0.009999999999999995,0.009999999999999995,0.009999999999999995,0.009999999999999995,0.009999999999999995,0.009999999999999993,0.009999999999999993,0.009999999999999993,0.009999999999999993,0.009999999999999993,0.00999999999999999]]",128.0,127.99999999999999,127.99999999999979,0.9999999999999999,0.9999999999999983,0.9999999999999984,0.004551608271787466,0.34419347313988374,0.04023091342857122,1,15.164050809868272,2.2909517121094636,6.61910538302246,3.398548458555497e-07,2.2495350396487374e-06,128,0.0001
23,MNISTMLP,MNIST MLP hidden=128 target=1e-04,1.0,0.01,Muon,2,2,1024,128,2.293292233933705,0.6337890625,full_layer_input_activation,"[[0.010000000000000005,0.010000000000000004,0.010000000000000002,0.01,0.009999999999999998,0.009999999999999998,0.009999999999999998,0.009999999999999998,0.009999999999999998,0.009999999999999998]]",10.0,10.000000000000002,9.99999999999999,1.0000000000000002,0.9999999999999989,0.9999999999999988,0.002952593851983939,0.7717523221778602,0.09336921577679315,2,5.956016467869195,1.8115270787216675,3.287842913213393,4.404626903194571e-05,0.00014481721349017323,128,0.0001
22,MNISTMLP,MNIST MLP hidden=128 target=1e-04,1.0,0.01,Adam,2,3,1024,128,2.2836484999570597,0.5478515625,full_layer_input_activation,"[[0.05546415305958382,0.042453835668663495,0.04018060836349376,0.03923289393417595,0.028176573772405313,0.024963186959681877,0.022225212646033058,0.02003494584052769,0.016129612185819802,0.015060652638181873,0.01250800270974868,0.01197956385959093,0.010227331852348484,0.010085573222898757,0.00926843634115496,0.00909596870460773,0.00883280944696653,0.00879990825602463,0.008619072252325995,0.008331067153068401,0.008061537350381107,0.007849626733139594,0.007612236114079313,0.007344692187671628,0.007119163425599369,0.007065266190177187,0.006999497135178306,0.006917394069734885,0.006737477088895592,0.006625297352863309,0.006487742803329878,0.0062479745199515,0.006212837302193697,0.00607366446261011,0.0058945384654104874,0.005794075362030228,0.005688321237973249,0.005589177806860631,0.005479129042357969,0.005397509817264072,0.005312791413871663,0.005291987680094404,0.005014755076653731,0.004926527877223923,0.004917219936811957,0.004867218257375366,0.004696834834959259,0.004643933492741659,0.00456334994024766,0.004531125670294527,0.00446236950319775,0.004408309417038229,0.0043805857576635346,0.004300397371842302,0.0042625694266543845,0.0041450176714479614,0.004089079890670177,0.004022933797565599,0.003990627254834319,0.003945630163250035,0.003899212362497038,0.0038364503791917933,0.0038024659492893837,0.0036923793164343422,0.0036453753658352555,0.0036233944387607272,0.003587195963507486,0.0035075373976994483,0.003474494936347671,0.0034403733353871786,0.0033756118924075412,0.0033364319786847,0.0032724320830092198,0.003255211283222498,0.0031993839124133624,0.0031638061965388246,0.003115573554729214,0.003088979470421488,0.0030485991883399607,0.003033768245676832,0.0030191211150091195,0.0029351778002409995,0.002919764956564128,0.002876718807559575,0.0028409629741714157,0.002813704244135991,0.002768362839821255,0.002717114722566205,0.002684611772254667,0.0026289829753567816,0.0026090933722735733,0.002570475400981407,0.002539973944034427,0.0025076843125634786,0.0024804772315799523,0.0024516364421530387,0.002422847308422048,0.002370008073537802,0.0023321323500068653,0.0023120800839389476,0.0023071916325149294,0.002290530157282276,0.0022180089603430274,0.0021827220193836438,0.0021662789492772378,0.002124687041691639,0.002088666553292162,0.0020623787509334687,0.00203878077754371,0.002026043561339996,0.00196397149166695,0.00195449186740102,0.0019387955114484215,0.0018612727261691304,0.001852077846325273,0.0018384191128263069,0.0017814116988462277,0.001768376893891068,0.0017035860398383086,0.0016741547158809543,0.0016383047042947804,0.0016044068445905107,0.0015747219999573546,0.0015232178323529208,0.0014779965824521623,0.0014350585457163997,0.001393999707425449,0.0013517068131927968]]",128.0,46.78015580294833,4.410442417355473,0.3654699672105338,0.03445658138558963,0.09428019940620855,0.008395763545836325,0.5979611767156101,0.0720786651166919,1,14.071359336367353,2.2909517121094636,6.142145756276426,3.6144850761288565e-07,2.2200694171469323e-06,128,0.0001
22,MNISTMLP,MNIST MLP hidden=128 target=1e-04,1.0,0.01,Adam,2,3,1024,128,2.2836484999570597,0.5478515625,full_layer_input_activation,"[[0.009157655857167045,0.007622803679493923,0.006642977788359998,0.00526600884744828,0.004936108687519453,0.004215152229247686,0.003969268995067777,0.003364294876474185,0.003100041179549634,0.0025455008857056876]]",10.0,8.634001729856832,3.566854195906315,0.8634001729856833,0.3566854195906315,0.41311715094658197,0.0015809308634012786,0.6319754933591871,0.09140835234260014,2,5.861541638465854,1.4899566125722508,3.9340351182082607,2.8446872989819426e-05,0.00011191099734515964,128,0.0001
23,MNISTMLP,MNIST MLP hidden=128 target=1e-04,1.0,0.01,Muon,2,3,1024,128,2.2906979874535542,0.4892578125,full_layer_input_activation,"[[0.010000000000000007,0.010000000000000007,0.010000000000000005,0.010000000000000005,0.010000000000000005,0.010000000000000004,0.010000000000000004,0.010000000000000004,0.010000000000000004,0.010000000000000004,0.010000000000000004,0.010000000000000002,0.010000000000000002,0.010000000000000002,0.010000000000000002,0.010000000000000002,0.010000000000000002,0.010000000000000002,0.010000000000000002,0.010000000000000002,0.010000000000000002,0.010000000000000002,0.010000000000000002,0.01,0.01,0.01,0.01,0.01,0.01,0.01,0.01,0.01,0.01,0.01,0.01,0.01,0.01,0.01,0.01,0.01,0.01,0.01,0.01,0.01,0.01,0.01,0.01,0.01,0.01,0.01,0.01,0.009999999999999998,0.009999999999999998,0.009999999999999998,0.009999999999999998,0.009999999999999998,0.009999999999999998,0.009999999999999998,0.009999999999999998,0.009999999999999998,0.009999999999999998,0.009999999999999998,0.009999999999999998,0.009999999999999998,0.009999999999999998,0.009999999999999998,0.009999999999999998,0.009999999999999998,0.009999999999999998,0.009999999999999998,0.009999999999999998,0.009999999999999998,0.009999999999999998,0.009999999999999998,0.009999999999999998,0.009999999999999998,0.009999999999999998,0.009999999999999998,0.009999999999999998,0.009999999999999998,0.009999999999999998,0.009999999999999998,0.009999999999999998,0.009999999999999998,0.009999999999999998,0.009999999999999998,0.009999999999999998,0.009999999999999998,0.009999999999999998,0.009999999999999998,0.009999999999999997,0.009999999999999997,0.009999999999999997,0.009999999999999997,0.009999999999999997,0.009999999999999997,0.009999999999999997,0.009999999999999997,0.009999999999999997,0.009999999999999997,0.009999999999999997,0.009999999999999997,0.009999999999999997,0.009999999999999997,0.009999999999999997,0.009999999999999997,0.009999999999999997,0.009999999999999997,0.009999999999999997,0.009999999999999997,0.009999999999999997,0.009999999999999997,0.009999999999999995,0.009999999999999995,0.009999999999999995,0.009999999999999995,0.009999999999999995,0.009999999999999995,0.009999999999999995,0.009999999999999995,0.009999999999999995,0.009999999999999995,0.009999999999999993,0.009999999999999993,0.009999999999999993,0.009999999999999993,0.009999999999999993,0.009999999999999992]]",128.0,128.0,127.99999999999977,1.0,0.9999999999999982,0.9999999999999982,0.004511294864233451,0.36277231106963087,0.039874589880394114,1,16.845279958886383,2.2909517121094636,7.3529615966351285,3.005405914426177e-07,2.209863427107576e-06,128,0.0001
23,MNISTMLP,MNIST MLP hidden=128 target=1e-04,1.0,0.01,Muon,2,3,1024,128,2.2906979874535542,0.4892578125,full_layer_input_activation,"[[0.010000000000000007,0.010000000000000007,0.010000000000000005,0.010000000000000005,0.010000000000000002,0.010000000000000002,0.01,0.01,0.01,0.009999999999999998]]",10.0,9.999999999999996,9.999999999999993,0.9999999999999997,0.9999999999999993,0.9999999999999997,0.0028258674180611214,0.797300520054776,0.08936177406732382,2,6.35688119279616,1.7926554684496754,3.5460696741096154,3.4809208170740294e-05,0.0001234358774740308,128,0.0001
22,MNISTMLP,MNIST MLP hidden=128 target=1e-04,1.0,0.01,Adam,2,4,1024,128,2.2750557541440544,0.525390625,full_layer_input_activation,"[[0.05616330619620011,0.04371313593362425,0.04145707685300151,0.04003597354465506,0.02830993800186279,0.02516454601126239,0.022706671653562268,0.019645429507622957,0.015189315177652218,0.01484574939700133,0.012148666717715305,0.011447318354837758,0.010085921068676437,0.009572884102248944,0.009366443671823921,0.009018265854578815,0.00849388293078259,0.00817165711623814,0.008007744471503065,0.007874668822671255,0.007382675761145249,0.007338728254878703,0.007177493537582934,0.006847599802920644,0.006656141638537571,0.006602995354672796,0.0064649474005037105,0.006316558190206079,0.006297923491645826,0.00613818879577821,0.005985051050555321,0.0058470521694327406,0.005774440425349046,0.005712471296290925,0.005620550442850741,0.0054701787427916485,0.005430956602491838,0.005312609225556719,0.0050999641774975265,0.005078303261314145,0.005043934957546775,0.004869911057604943,0.004803766902840064,0.004727133106360573,0.004598911678641227,0.0045666671335279204,0.004478511235961195,0.00443233138176557,0.0043848556902540015,0.004292443816671041,0.0042290975580642565,0.0040869372770262775,0.004068214603484747,0.004016110917035343,0.003954356992013136,0.003935328387324435,0.0038930826107058682,0.003796602017207764,0.003767522165742503,0.003711221356932296,0.0036329607206854815,0.003600562510092234,0.0035570516107888933,0.0035260434645667865,0.003460214087652569,0.0034123070143407415,0.003356743012011947,0.0033330820458262584,0.0032706699435812365,0.0032545625229198423,0.0031958772163028968,0.0031607025201942627,0.003099987741761784,0.0030620373614622673,0.002992177582255844,0.0029234006218745905,0.002901759672678312,0.002866665708085181,0.002813190036827374,0.002801667985473176,0.002744194093415126,0.0027131923843447476,0.00264888249017009,0.0026371395283397154,0.002628484419866178,0.002590777957035305,0.002577124022312722,0.0025360544134568792,0.00252419706739505,0.0024652090870235337,0.002420204450390703,0.0023821463986681444,0.0023491621207471104,0.0023298531605089037,0.002291625670848123,0.0022590324559640194,0.002217743630649372,0.0022101647272398262,0.0021769406257319958,0.002134202181604132,0.002119529296460497,0.0020805628437666466,0.0020698804218358758,0.002037623116598215,0.0019877160184551272,0.0019506404076396384,0.001945864418931657,0.0019039514854047356,0.0019011754695181487,0.0018940767496839243,0.0018883116844352712,0.001866504742176586,0.001792495877791844,0.001758160859629838,0.0017307656090346107,0.0017001487951075044,0.001675212621474865,0.0016483598501675874,0.0016006606137553606,0.0015651221905169487,0.001551647602267272,0.0015074952572632107,0.0014987281450685515,0.0014017640484994354,0.0013562315002109996,0.001345391085281367,0.0013027090459262764,0.0012302887755877262]]",128.0,43.63345131445096,4.318999547322679,0.3408863383941481,0.03374218396345843,0.0989836792005557,0.008957976997193674,0.6552008599613478,0.07674775807792958,1,15.281981879223922,2.2909517121094636,6.670582273055669,3.413197508483021e-07,2.2768014794524616e-06,128,0.0001
22,MNISTMLP,MNIST MLP hidden=128 target=1e-04,1.0,0.01,Adam,2,4,1024,128,2.2750557541440544,0.525390625,full_layer_input_activation,"[[0.009304795165433881,0.00800799795722577,0.006851807889863117,0.00524107127604498,0.005031551710336492,0.0043456071460010095,0.003737293868970636,0.0033977654639705005,0.0030452111413495487,0.002445836389879093]]",10.0,8.522893051542953,3.581595963622956,0.8522893051542952,0.3581595963622956,0.42023241896418695,0.0018870265473915945,0.7506779371394395,0.10716004738769025,2,6.8133183543852525,1.4252227460100106,4.780528779420278,1.841693980296225e-05,8.804271075691186e-05,128,0.0001
23,MNISTMLP,MNIST MLP hidden=128 target=1e-04,1.0,0.01,Muon,2,4,1024,128,2.285644638825412,0.4296875,full_layer_input_activation,"[[0.010000000000000007,0.010000000000000007,0.010000000000000005,0.010000000000000005,0.010000000000000005,0.010000000000000005,0.010000000000000005,0.010000000000000005,0.010000000000000005,0.010000000000000005,0.010000000000000005,0.010000000000000005,0.010000000000000005,0.010000000000000005,0.010000000000000004,0.010000000000000004,0.010000000000000004,0.010000000000000004,0.010000000000000004,0.010000000000000004,0.010000000000000004,0.010000000000000004,0.010000000000000004,0.010000000000000004,0.010000000000000004,0.010000000000000004,0.010000000000000004,0.010000000000000004,0.010000000000000004,0.010000000000000004,0.010000000000000004,0.010000000000000004,0.010000000000000004,0.010000000000000004,0.010000000000000004,0.010000000000000002,0.010000000000000002,0.010000000000000002,0.010000000000000002,0.010000000000000002,0.010000000000000002,0.010000000000000002,0.010000000000000002,0.010000000000000002,0.010000000000000002,0.010000000000000002,0.010000000000000002,0.010000000000000002,0.010000000000000002,0.010000000000000002,0.010000000000000002,0.010000000000000002,0.010000000000000002,0.010000000000000002,0.010000000000000002,0.010000000000000002,0.010000000000000002,0.010000000000000002,0.010000000000000002,0.010000000000000002,0.010000000000000002,0.010000000000000002,0.010000000000000002,0.01,0.01,0.01,0.01,0.01,0.01,0.01,0.01,0.01,0.01,0.01,0.01,0.01,0.01,0.01,0.01,0.01,0.01,0.01,0.01,0.01,0.01,0.01,0.01,0.01,0.01,0.01,0.01,0.01,0.01,0.01,0.01,0.009999999999999998,0.009999999999999998,0.009999999999999998,0.009999999999999998,0.009999999999999998,0.009999999999999998,0.009999999999999998,0.009999999999999998,0.009999999999999998,0.009999999999999998,0.009999999999999998,0.009999999999999998,0.009999999999999998,0.009999999999999998,0.009999999999999998,0.009999999999999998,0.009999999999999998,0.009999999999999998,0.009999999999999998,0.009999999999999997,0.009999999999999997,0.009999999999999997,0.009999999999999997,0.009999999999999997,0.009999999999999997,0.009999999999999997,0.009999999999999997,0.009999999999999997,0.009999999999999997,0.009999999999999997,0.009999999999999995,0.009999999999999995,0.009999999999999993]]",128.0,128.0,127.99999999999987,1.0,0.999999999999999,0.999999999999999,0.004654462989150259,0.3752492818286159,0.04114002928012445,1,18.023939009650316,2.2909517121094636,7.86744605500839,2.989980769347881e-07,2.352351240835693e-06,128,0.0001
23,MNISTMLP,MNIST MLP hidden=128 target=1e-04,1.0,0.01,Muon,2,4,1024,128,2.285644638825412,0.4296875,full_layer_input_activation,"[[0.010000000000000005,0.010000000000000005,0.010000000000000002,0.01,0.01,0.009999999999999998,0.009999999999999997,0.009999999999999995,0.009999999999999995,0.009999999999999993]]",10.0,9.999999999999998,9.99999999999999,0.9999999999999998,0.9999999999999989,0.9999999999999991,0.0027112586477718156,0.8629989432446091,0.08573752652787144,2,7.447671760413115,1.778437027489496,4.187762425823145,2.484082902809329e-05,0.00010402749043014596,128,0.0001
22,MNISTMLP,MNIST MLP hidden=128 target=1e-04,1.0,0.01,Adam,2,5,1024,128,2.2652553309361996,0.51171875,full_layer_input_activation,,,,,,,,,,,1,12.690042901213845,2.2909517121094636,5.539201386976901,4.4728500749892244e-07,2.4776017339120042e-06,128,0.0001
22,MNISTMLP,MNIST MLP hidden=128 target=1e-04,1.0,0.01,Adam,2,5,1024,128,2.2652553309361996,0.51171875,full_layer_input_activation,,,,,,,,,,,2,5.783933160744244,1.379286755167087,4.193423259577068,2.4428849928638178e-05,0.00010244050749546894,128,0.0001
23,MNISTMLP,MNIST MLP hidden=128 target=1e-04,1.0,0.01,Muon,2,5,1024,128,2.281470760072635,0.3955078125,full_layer_input_activation,,,,,,,,,,,1,15.483063084503682,2.2909517121094636,6.758354182091066,3.945954301437038e-07,2.6668156755457237e-06,128,0.0001
23,MNISTMLP,MNIST MLP hidden=128 target=1e-04,1.0,0.01,Muon,2,5,1024,128,2.281470760072635,0.3955078125,full_layer_input_activation,,,,,,,,,,,2,6.494667200333739,1.7621418581305202,3.685666491813558,3.209199518032991e-05,0.00011828039129158415,128,0.0001
24,MNISTMLP,MNIST MLP hidden=128 target=3e-04,1.0,0.01,Adam,0,0,1024,128,2.3027631678976137,0.935546875,full_layer_input_activation,"[[0.04560821765175779,0.042057614531960094,0.035869922383602156,0.02832291436859602,0.026788173748052643,0.024390799541053842,0.02080299056418224,0.018272102324701073,0.01728202789190847,0.014465111538581755,0.013727839543141225,0.01326932161468176,0.012504571151667535,0.012238291035240899,0.012040501147754734,0.011582706410068146,0.011338337817684344,0.010871264568114344,0.010614887109615532,0.01044496976453547,0.010312889480728742,0.009895948345070706,0.009760492983588763,0.009502148120860626,0.009380908071627704,0.009126278413225507,0.00893661395416615,0.008817668917469025,0.008671115831419945,0.008554070616853707,0.008450498459033031,0.00835268445563471,0.008274922341351017,0.008118145809964719,0.008017044244069687,0.007812055195763429,0.007719325530750736,0.007617580127525579,0.007479534196998833,0.0074096229711019595,0.007320795925043781,0.007212412391154534,0.007156458000906404,0.006945873000721411,0.006910306934521614,0.006829901211107253,0.00679374598550336,0.006687340041303893,0.006620553258303157,0.006556806135298693,0.00648907423169434,0.006414338632583266,0.006380453087478472,0.006285648629347929,0.006140929234630484,0.0060693586510649775,0.005992207892519392,0.005960464410357387,0.005885544161548102,0.005834506621618902,0.005827469919391021,0.005728137519924014,0.005692128898652842,0.00564123625586018,0.005543426678800131,0.005519461803699562,0.005510445697870732,0.0054242242171196366,0.0053682627614044225,0.005336906779021969,0.005300312490789596,0.0052124622463094955,0.0051704693672376175,0.005128591301932904,0.005054318034392482,0.004980888230267923,0.004916989020279146,0.0048867319922099705,0.004838922293785112,0.0047921908677761105,0.00474031111481785,0.004723039298635634,0.004670707293207783,0.004655212425590185,0.004624362173500053,0.004547031000114188,0.004485215006656536,0.00438106707590739,0.004350700395140951,0.004273988620702316,0.0042623396031569805,0.0041888024929721,0.004179094284630723,0.004159490995665841,0.004065091545924501,0.004049852353026785,0.004044046863261463,0.003953757378491297,0.00387934989736614,0.0038357784872070917,0.0038043926607263813,0.0037936817810949324,0.0036845209410106064,0.0036524409035859655,0.00362562826653452,0.0035837490425794896,0.003501110155910993,0.003461081571185364,0.0034187497996242956,0.0034067758255324856,0.003320274966868869,0.0032787523161426683,0.003236879539675592,0.0031821086397021943,0.0031487702284955133,0.0030951856576325715,0.003075899980296052,0.00302989589128581,0.0029543322239556254,0.0028719685452025163,0.002827918926180834,0.0027884953357571953,0.002660110843568333,0.0025880052683903325,0.0025247594220015714,0.0024147906888394998,0.0021590670913200784,0.002029917381154346]]",128.0,70.27424296390545,6.493207223724512,0.5490175231555113,0.05072818143534775,0.09239810988870531,0.006973125352169674,0.6375098854675061,0.06000048214415683,1,19.12389309826881,2.2911742156899897,8.346765150946684,2.22026573940205e-07,1.8532036699481909e-06,128,0.0003
24,MNISTMLP,MNIST MLP hidden=128 target=3e-04,1.0,0.01,Adam,0,0,1024,128,2.3027631678976137,0.935546875,full_layer_input_activation,"[[0.007873386742161377,0.006801854372682657,0.006344675333668816,0.00581022453587517,0.00521978607862516,0.004913954461845733,0.004361246956412666,0.003839750200608041,0.0037084926621870186,0.003498372496673531]]",10.0,9.347759517281261,4.733292790279713,0.9347759517281261,0.47332927902797134,0.5063558579496237,0.0010580987714441056,0.6918283409567708,0.061770759422590034,2,7.53648007662287,1.7670345559202452,4.265043969498369,2.472211785812487e-05,0.00010544091968402339,128,0.0003
25,MNISTMLP,MNIST MLP hidden=128 target=3e-04,1.0,0.01,Muon,0,0,1024,128,2.3027631678976137,0.935546875,full_layer_input_activation,"[[0.010000000000000009,0.010000000000000007,0.010000000000000007,0.010000000000000005,0.010000000000000005,0.010000000000000005,0.010000000000000004,0.010000000000000004,0.010000000000000004,0.010000000000000004,0.010000000000000004,0.010000000000000004,0.010000000000000004,0.010000000000000004,0.010000000000000004,0.010000000000000004,0.010000000000000004,0.010000000000000004,0.010000000000000004,0.010000000000000004,0.010000000000000004,0.010000000000000004,0.010000000000000002,0.010000000000000002,0.010000000000000002,0.010000000000000002,0.010000000000000002,0.010000000000000002,0.010000000000000002,0.010000000000000002,0.010000000000000002,0.010000000000000002,0.010000000000000002,0.010000000000000002,0.010000000000000002,0.010000000000000002,0.010000000000000002,0.010000000000000002,0.010000000000000002,0.010000000000000002,0.010000000000000002,0.010000000000000002,0.010000000000000002,0.010000000000000002,0.010000000000000002,0.010000000000000002,0.010000000000000002,0.010000000000000002,0.010000000000000002,0.010000000000000002,0.010000000000000002,0.010000000000000002,0.010000000000000002,0.010000000000000002,0.010000000000000002,0.010000000000000002,0.010000000000000002,0.010000000000000002,0.010000000000000002,0.010000000000000002,0.010000000000000002,0.010000000000000002,0.010000000000000002,0.010000000000000002,0.010000000000000002,0.010000000000000002,0.010000000000000002,0.010000000000000002,0.010000000000000002,0.010000000000000002,0.010000000000000002,0.009999999999999998,0.009999999999999998,0.009999999999999998,0.009999999999999998,0.009999999999999998,0.009999999999999998,0.009999999999999998,0.009999999999999998,0.009999999999999998,0.009999999999999998,0.009999999999999998,0.009999999999999998,0.009999999999999998,0.009999999999999998,0.009999999999999998,0.009999999999999998,0.009999999999999998,0.009999999999999998,0.009999999999999998,0.009999999999999998,0.009999999999999998,0.009999999999999998,0.009999999999999998,0.009999999999999998,0.009999999999999998,0.009999999999999998,0.009999999999999998,0.009999999999999998,0.009999999999999998,0.009999999999999998,0.009999999999999997,0.009999999999999997,0.009999999999999997,0.009999999999999997,0.009999999999999997,0.009999999999999997,0.009999999999999997,0.009999999999999997,0.009999999999999997,0.009999999999999997,0.009999999999999997,0.009999999999999997,0.009999999999999997,0.009999999999999997,0.009999999999999997,0.009999999999999995,0.009999999999999995,0.009999999999999995,0.009999999999999995,0.009999999999999995,0.009999999999999995,0.009999999999999995,0.009999999999999995,0.009999999999999993,0.009999999999999993,0.009999999999999993,0.009999999999999993]]",128.0,128.00000000000006,127.99999999999977,1.0000000000000004,0.9999999999999982,0.9999999999999978,0.004115816182850835,0.3865299662771623,0.036379019162639345,1,19.12389309826881,2.2911742156899897,8.346765150946684,2.22026573940205e-07,1.8532036699481909e-06,128,0.0003
25,MNISTMLP,MNIST MLP hidden=128 target=3e-04,1.0,0.01,Muon,0,0,1024,128,2.3027631678976137,0.935546875,full_layer_input_activation,"[[0.010000000000000002,0.010000000000000002,0.009999999999999998,0.009999999999999998,0.009999999999999998,0.009999999999999998,0.009999999999999998,0.009999999999999998,0.009999999999999998,0.009999999999999997]]",10.0,9.999999999999996,9.999999999999993,0.9999999999999997,0.9999999999999993,0.9999999999999997,0.0024511442447020864,0.8681290270819699,0.07751198686871703,2,7.53648007662287,1.7670345559202452,4.265043969498369,2.472211785812487e-05,0.00010544091968402339,128,0.0003
24,MNISTMLP,MNIST MLP hidden=128 target=3e-04,1.0,0.01,Adam,0,1,1024,128,2.2958417328481855,0.72265625,full_layer_input_activation,"[[0.0551194007053571,0.04606751304213852,0.036124791933829004,0.03062234686849567,0.02555538159006781,0.02446458722775741,0.0202262126603537,0.018170598167227967,0.016831678687857236,0.01591924362310483,0.013444285440222236,0.012526183507899483,0.01223651507374044,0.011395059912954418,0.010773362550254276,0.01013950053595903,0.009875111261358779,0.009486340354978653,0.009295767800232902,0.009114832149354294,0.008829483769570804,0.008592384377759126,0.008502305934674279,0.008171191523557707,0.008124382973017095,0.008002512919600044,0.007834766169675817,0.007674428991281565,0.0074509258254030035,0.007421582634862212,0.007195740457568163,0.00699578365441022,0.006905595816833059,0.006835739366320671,0.006754888080533864,0.0065677613110779595,0.006527160387242267,0.006369399128821342,0.006274925043166527,0.0062230204349510475,0.006046121929016411,0.005977576273083384,0.005953463577839757,0.005751511270999609,0.005709370121434386,0.005617362366033092,0.005509462611489677,0.005488384752755796,0.005449679036793112,0.005382882232343555,0.005268074991899626,0.005266414332010717,0.005194546819951864,0.005095162928175689,0.005029052977948595,0.004957511908583621,0.004878670138634797,0.004751579961451029,0.0047384113995675905,0.00465368573427422,0.004631009625426917,0.004588712623254064,0.004553828893848056,0.004439530131335742,0.004413181380489619,0.0043210115402034215,0.004296284929933511,0.004252847194234692,0.00419794589348993,0.00415314215529928,0.004101397769893191,0.004061598779691681,0.004022178090564732,0.003944967867484063,0.00391491078568902,0.0038868720944826227,0.0038074365838029842,0.003792449020173358,0.003745728512001803,0.003658663663306434,0.0036319863374092935,0.003507640238928115,0.0034884676058211292,0.003479109606924962,0.003424562962203661,0.003407104046101628,0.003381573694872097,0.0033616030056612045,0.0033109061634086718,0.0032967413166216115,0.0031935668920700655,0.0031700599117638673,0.0031415213529220197,0.0031164763070666507,0.003087246001757078,0.0030626168552531897,0.002967486757723077,0.002922301502277714,0.0028877290168959997,0.002883488815583056,0.002828629292949074,0.002789593246752354,0.002740078604754137,0.0027125916886039663,0.0026841592040409224,0.002660537068768971,0.0026155608261813467,0.0025594248925215266,0.002540204028165264,0.002526403928012467,0.002495992347461589,0.0024398539193819344,0.0024019906977055232,0.002332627162107951,0.0023271929222036672,0.0023056610932110414,0.002245916609926391,0.0021935864382046344,0.002164566651033633,0.002131963664733046,0.002058891207032763,0.0020281976726093704,0.001979232402780041,0.0019332367749264627,0.0018622038569210304,0.0018068603820379306,0.0017641258839805793,0.0016709794804251334]]",128.0,55.24790540857162,4.443944534808486,0.43162426100446577,0.034718316678191294,0.08043643468371228,0.008607394896355628,0.6391446212580567,0.07407692164003651,1,15.179217155787533,2.2911742156899897,6.625082043888267,3.366951804511163e-07,2.2306331942704104e-06,128,0.0003
24,MNISTMLP,MNIST MLP hidden=128 target=3e-04,1.0,0.01,Adam,0,1,1024,128,2.2958417328481855,0.72265625,full_layer_input_activation,"[[0.008067665339522202,0.007264576276825725,0.006904741770017908,0.0059200977452059655,0.0052724039342446245,0.004612230732538668,0.004242085556010301,0.0035953581839039766,0.003103124824519093,0.0028465389516665524]]",10.0,9.004838552823081,4.583223309490725,0.9004838552823081,0.4583223309490725,0.5089734016445916,0.0013039222462563496,0.631015300420682,0.07549502117479999,2,6.1028022535841835,1.784165338539038,3.42053627080406,4.3044990327980574e-05,0.0001472369506932675,128,0.0003
25,MNISTMLP,MNIST MLP hidden=128 target=3e-04,1.0,0.01,Muon,0,1,1024,128,2.2978287030608624,0.814453125,full_layer_input_activation,"[[0.010000000000000009,0.010000000000000009,0.010000000000000007,0.010000000000000007,0.010000000000000005,0.010000000000000005,0.010000000000000005,0.010000000000000005,0.010000000000000005,0.010000000000000005,0.010000000000000005,0.010000000000000005,0.010000000000000005,0.010000000000000004,0.010000000000000004,0.010000000000000004,0.010000000000000004,0.010000000000000004,0.010000000000000004,0.010000000000000004,0.010000000000000004,0.010000000000000004,0.010000000000000004,0.010000000000000004,0.010000000000000004,0.010000000000000002,0.010000000000000002,0.010000000000000002,0.010000000000000002,0.010000000000000002,0.010000000000000002,0.010000000000000002,0.010000000000000002,0.010000000000000002,0.010000000000000002,0.010000000000000002,0.010000000000000002,0.010000000000000002,0.010000000000000002,0.010000000000000002,0.010000000000000002,0.010000000000000002,0.010000000000000002,0.010000000000000002,0.010000000000000002,0.010000000000000002,0.010000000000000002,0.010000000000000002,0.010000000000000002,0.010000000000000002,0.010000000000000002,0.010000000000000002,0.010000000000000002,0.010000000000000002,0.010000000000000002,0.010000000000000002,0.010000000000000002,0.010000000000000002,0.010000000000000002,0.010000000000000002,0.010000000000000002,0.010000000000000002,0.010000000000000002,0.010000000000000002,0.010000000000000002,0.010000000000000002,0.010000000000000002,0.010000000000000002,0.010000000000000002,0.010000000000000002,0.010000000000000002,0.010000000000000002,0.010000000000000002,0.010000000000000002,0.010000000000000002,0.010000000000000002,0.010000000000000002,0.010000000000000002,0.010000000000000002,0.010000000000000002,0.010000000000000002,0.010000000000000002,0.010000000000000002,0.010000000000000002,0.010000000000000002,0.010000000000000002,0.010000000000000002,0.010000000000000002,0.010000000000000002,0.010000000000000002,0.010000000000000002,0.010000000000000002,0.010000000000000002,0.010000000000000002,0.010000000000000002,0.010000000000000002,0.010000000000000002,0.009999999999999998,0.009999999999999998,0.009999999999999998,0.009999999999999998,0.009999999999999998,0.009999999999999998,0.009999999999999998,0.009999999999999998,0.009999999999999998,0.009999999999999998,0.009999999999999998,0.009999999999999998,0.009999999999999998,0.009999999999999998,0.009999999999999998,0.009999999999999998,0.009999999999999997,0.009999999999999997,0.009999999999999997,0.009999999999999997,0.009999999999999997,0.009999999999999997,0.009999999999999997,0.009999999999999997,0.009999999999999997,0.009999999999999997,0.009999999999999995,0.009999999999999995,0.009999999999999995,0.009999999999999995,0.009999999999999993]]",128.0,128.0000000000001,127.99999999999982,1.0000000000000009,0.9999999999999986,0.9999999999999977,0.00441595468858791,0.3537577826098457,0.03903189382141306,1,16.01850480090048,2.2911742156899897,6.9913953688923165,3.051381896211844e-07,2.133341725789734e-06,128,0.0003
25,MNISTMLP,MNIST MLP hidden=128 target=3e-04,1.0,0.01,Muon,0,1,1024,128,2.2978287030608624,0.814453125,full_layer_input_activation,"[[0.010000000000000002,0.010000000000000002,0.010000000000000002,0.009999999999999998,0.009999999999999998,0.009999999999999998,0.009999999999999998,0.009999999999999998,0.009999999999999997,0.009999999999999995]]",10.0,10.0,9.999999999999993,1.0,0.9999999999999993,0.9999999999999993,0.0028572372734541,0.7832325979591975,0.09035377599644316,2,6.134533025059133,1.7746418084607312,3.4567725136488443,4.142044664051073e-05,0.0001431810614499761,128,0.0003
24,MNISTMLP,MNIST MLP hidden=128 target=3e-04,1.0,0.01,Adam,0,2,1024,128,2.290260535189421,0.5263671875,full_layer_input_activation,"[[0.05762933349140892,0.04705100761543793,0.034716331932879624,0.03199690016294352,0.026702641286023714,0.024078936399275976,0.021043769059423147,0.01977239385119655,0.016716902888163788,0.015901773113727303,0.013429000699732288,0.012295776139724594,0.011625254635613529,0.011045904026505201,0.010548603582428335,0.010183164383013246,0.009981303688509089,0.009411631551577837,0.009174697879915204,0.008440047938301474,0.00838662472632024,0.008200322409536538,0.007864972972486221,0.00757157452310535,0.007427063451017116,0.007374649129983119,0.007256601175906088,0.007132618800278623,0.006926135034414081,0.006843784577763743,0.00672594622375131,0.006518855076574389,0.006319649126039913,0.0062235244479498745,0.006116152179488167,0.005975956514477532,0.005817522108211584,0.005736919554755993,0.005597973264807449,0.0055374424802518635,0.005520259726808849,0.005448021485023777,0.005420314231371254,0.005339646880164461,0.005169839146802648,0.005056897908223587,0.005026292096961359,0.004984806156864146,0.004952890987699838,0.004810185225915932,0.004746406013941761,0.004734475893226061,0.004580066503781349,0.0045255836996063335,0.004501926691963441,0.004428181222448342,0.004413563743058398,0.004314891908986444,0.0042416916509934914,0.0041412502226405535,0.00409001374795767,0.004056447710298247,0.004005006087134428,0.0039717171041154685,0.003945489153396848,0.003872907929084299,0.0038557395293817172,0.0038214745901747693,0.003781012373489616,0.003756067682450348,0.0036727668128336763,0.003663392936768915,0.0036199801768714685,0.003544305419717151,0.0034441765933825165,0.003398394843801965,0.003351232032583553,0.0033311909712522565,0.0033002907659790475,0.0032705010292017034,0.0032085240357113973,0.003196944196392378,0.0031534268841744433,0.0031167128227361485,0.003058606279690741,0.002993953626554066,0.0029826992187425676,0.0029562313372782163,0.002892969480177698,0.002867441252536504,0.002836787621432446,0.002812076038427586,0.002774138117601214,0.0027279699817119884,0.002721028600505939,0.0026707755982789913,0.0026190063212673093,0.0025923750034566226,0.0025505886017898063,0.0025343655383598595,0.002490862656988862,0.0024380783749285723,0.0024244429042319816,0.0023768104467999872,0.002365468296675884,0.0023430837245865866,0.002282946550143107,0.002276565965784,0.0022243511706355767,0.0021854462610000924,0.0021757931356375603,0.0021359654325968716,0.002088504073838331,0.0020323769430260173,0.0020058233498862405,0.002003219499119674,0.0019617768488873763,0.001904821584209579,0.001891971849198058,0.0018394109545771015,0.0017816084422801993,0.0017741128033059608,0.0017524625976994435,0.0017170760263206073,0.001659825431428058,0.0015550575941023332,0.001538092287387094,0.00149701075327381]]",128.0,49.880613403715614,4.072760593107439,0.38969229221652824,0.03181844213365187,0.08165017058118333,0.007639040174995986,0.6232755629620264,0.06568266361033562,1,16.619738510664796,2.2911742156899897,7.253808286097416,2.7836244162924534e-07,2.0191877856285282e-06,128,0.0003
24,MNISTMLP,MNIST MLP hidden=128 target=3e-04,1.0,0.01,Adam,0,2,1024,128,2.290260535189421,0.5263671875,full_layer_input_activation,"[[0.007742619278569193,0.007299932722706063,0.006874137540116258,0.006244263361229614,0.005084254760899199,0.004488458524049495,0.003998934117386593,0.003607716775220554,0.00295808437964399,0.0028061930570438373]]",10.0,8.971460465821414,4.85602525474447,0.8971460465821414,0.485602525474447,0.5412747760796001,0.0012246331681696303,0.6279024022284857,0.07177573439806548,2,6.227025270190477,1.7283958933551042,3.602777172828607,3.043754802724372e-05,0.0001096597032294281,128,0.0003
25,MNISTMLP,MNIST MLP hidden=128 target=3e-04,1.0,0.01,Muon,0,2,1024,128,2.2944455954771548,0.607421875,full_layer_input_activation,"[[0.01000000000000001,0.010000000000000007,0.010000000000000007,0.010000000000000005,0.010000000000000005,0.010000000000000004,0.010000000000000004,0.010000000000000004,0.010000000000000004,0.010000000000000004,0.010000000000000004,0.010000000000000004,0.010000000000000004,0.010000000000000004,0.010000000000000004,0.010000000000000004,0.010000000000000004,0.010000000000000004,0.010000000000000004,0.010000000000000004,0.010000000000000004,0.010000000000000004,0.010000000000000004,0.010000000000000004,0.010000000000000004,0.010000000000000004,0.010000000000000004,0.010000000000000004,0.010000000000000004,0.010000000000000004,0.010000000000000004,0.010000000000000004,0.010000000000000004,0.010000000000000004,0.010000000000000004,0.010000000000000004,0.010000000000000004,0.010000000000000004,0.010000000000000004,0.010000000000000004,0.010000000000000004,0.010000000000000004,0.010000000000000004,0.010000000000000004,0.010000000000000004,0.010000000000000004,0.010000000000000004,0.010000000000000004,0.010000000000000004,0.010000000000000004,0.010000000000000004,0.010000000000000004,0.010000000000000004,0.010000000000000004,0.010000000000000004,0.010000000000000004,0.01,0.01,0.01,0.01,0.01,0.01,0.01,0.01,0.01,0.01,0.01,0.01,0.01,0.01,0.01,0.01,0.01,0.01,0.01,0.01,0.01,0.01,0.01,0.01,0.01,0.01,0.01,0.01,0.01,0.01,0.01,0.01,0.01,0.01,0.01,0.01,0.01,0.01,0.01,0.01,0.01,0.01,0.01,0.01,0.01,0.01,0.01,0.01,0.01,0.01,0.01,0.01,0.01,0.01,0.01,0.01,0.01,0.01,0.009999999999999997,0.009999999999999997,0.009999999999999997,0.009999999999999997,0.009999999999999997,0.009999999999999997,0.009999999999999997,0.009999999999999997,0.009999999999999997,0.009999999999999997,0.009999999999999997,0.009999999999999997,0.009999999999999997,0.009999999999999993]]",128.0,128.00000000000003,127.99999999999976,1.0000000000000002,0.9999999999999981,0.9999999999999979,0.004243024833066978,0.3684412551261876,0.03750339540255731,1,17.375866685306896,2.2911742156899897,7.583826042697558,2.5970122322854957e-07,1.9695289000410864e-06,128,0.0003
25,MNISTMLP,MNIST MLP hidden=128 target=3e-04,1.0,0.01,Muon,0,2,1024,128,2.2944455954771548,0.607421875,full_layer_input_activation,"[[0.010000000000000007,0.010000000000000007,0.010000000000000005,0.01,0.01,0.009999999999999998,0.009999999999999998,0.009999999999999998,0.009999999999999997,0.009999999999999997]]",10.0,10.0,9.999999999999988,1.0,0.9999999999999988,0.9999999999999988,0.002495557272858914,0.8096594516380589,0.07891645013632467,2,6.555484276268422,1.7619077099729463,3.720674039373538,2.790874941545213e-05,0.00010383935942145415,128,0.0003
24,MNISTMLP,MNIST MLP hidden=128 target=3e-04,1.0,0.01,Adam,0,3,1024,128,2.280650025543926,0.451171875,full_layer_input_activation,"[[0.056245899698205495,0.05082269677925862,0.037339742240689304,0.031212916647742197,0.027067880216312276,0.024449784575908372,0.021289892266431243,0.01986879882144928,0.01726688496124315,0.015462219402861258,0.013117055149002058,0.012337101870279076,0.011149693413618038,0.010279722080259608,0.009976766174587912,0.009835799553769462,0.00915426418379341,0.009050439381398238,0.008490184073512382,0.00825088608144066,0.007805763575192875,0.007615323362797717,0.007470486570773537,0.007409845619191672,0.007055438280249115,0.006931257455672563,0.006737829927444228,0.0066843949352111826,0.006528522266158002,0.0063453572068252004,0.006206378530235318,0.006056741099328371,0.005897438005912985,0.0058598726245430305,0.005757504077200638,0.005637528732959648,0.0055620259485295795,0.005412172235587505,0.005315841667556916,0.005299118364034513,0.005164188283716849,0.005131252724267912,0.0050060703433486165,0.00479593981794158,0.004726349359515129,0.004711850990831009,0.004655462829795077,0.004582208971429882,0.0045284961963498105,0.0044003144419918865,0.00437680412794786,0.004345115641716084,0.004290402835329528,0.004212734362017967,0.0041328880730620845,0.004080773193786772,0.003985428795879733,0.003894298357018655,0.0038549765135702106,0.0038175459292755514,0.0037787753147619893,0.003734545509523469,0.0036808893171466645,0.0036572001576301886,0.0035695484440189,0.0035270610705151082,0.0035054012983478855,0.0034714040071126017,0.0034163892810286723,0.003403194112372533,0.0033411597838422617,0.003302113171643612,0.003207957428372696,0.003160183377835492,0.0031185401254808036,0.0030998867050436958,0.0030444662269729734,0.002979851710591168,0.002964442819862592,0.0029278753225650185,0.002874999597200633,0.002864894351350187,0.002793219224809405,0.0027586585652036514,0.002734735002481442,0.0026729817430778987,0.0026448910871116173,0.0026273914724156944,0.002578843551009807,0.002575597883574974,0.0025729746731429394,0.002523913608923701,0.002493480353758446,0.002480982580515334,0.0024429359401647796,0.002406502350366619,0.0023629386596463837,0.002354192310348123,0.002304777610743355,0.0022774134638755173,0.0022316496487446544,0.002214966952244452,0.0021942685290336733,0.0021693590794564987,0.0021480917370565026,0.002115480655078389,0.0020942388653372385,0.0020614792374139086,0.0020427533628049705,0.0019949532966767004,0.001979541916973177,0.0019523620095148254,0.0019067071073004178,0.001871207228892609,0.0018567312025960507,0.001809311141659384,0.0017857358521172985,0.0017644295912302298,0.0017021485080134025,0.0016912081955260036,0.001640980660313028,0.0016222817348154226,0.001595029937992797,0.0015363737644117617,0.0015015215304421282,0.001439956078477114,0.0013990688115044514,0.0013160377018882907]]",128.0,45.87248738208978,4.28773588278755,0.3583788076725764,0.033497936584277736,0.09347075180539767,0.008855112658028222,0.6186513270990468,0.07603073867828768,1,14.101172718408566,2.2911742156899897,6.15456154396447,3.78578412679826e-07,2.3299841400543683e-06,128,0.0003
24,MNISTMLP,MNIST MLP hidden=128 target=3e-04,1.0,0.01,Adam,0,3,1024,128,2.280650025543926,0.451171875,full_layer_input_activation,"[[0.007894009998871658,0.007860200372890275,0.007125483506181617,0.00620820201432806,0.004995566991821047,0.004457094882200565,0.0037194297262025584,0.003469673270439006,0.002782397881264717,0.0025265559520589054]]",10.0,8.734614920342276,4.785845200143354,0.8734614920342276,0.4785845200143354,0.5479171370219735,0.0016966282097237854,0.6999439684720327,0.09824482604424795,2,6.659503531935073,1.6456004586011272,4.046853230459176,3.123903150585804e-05,0.0001264197755658976,128,0.0003
25,MNISTMLP,MNIST MLP hidden=128 target=3e-04,1.0,0.01,Muon,0,3,1024,128,2.2891892389179023,0.4931640625,full_layer_input_activation,"[[0.010000000000000012,0.010000000000000007,0.010000000000000007,0.010000000000000007,0.010000000000000007,0.010000000000000007,0.010000000000000007,0.010000000000000005,0.010000000000000005,0.010000000000000005,0.010000000000000005,0.010000000000000005,0.010000000000000005,0.010000000000000005,0.010000000000000005,0.010000000000000005,0.010000000000000005,0.010000000000000005,0.010000000000000005,0.010000000000000005,0.010000000000000005,0.010000000000000005,0.010000000000000005,0.010000000000000004,0.010000000000000004,0.010000000000000004,0.010000000000000004,0.010000000000000004,0.010000000000000004,0.010000000000000004,0.010000000000000004,0.010000000000000004,0.010000000000000004,0.010000000000000004,0.010000000000000004,0.010000000000000004,0.010000000000000004,0.010000000000000004,0.010000000000000004,0.010000000000000004,0.010000000000000004,0.010000000000000004,0.010000000000000004,0.010000000000000004,0.010000000000000004,0.010000000000000004,0.010000000000000002,0.010000000000000002,0.010000000000000002,0.010000000000000002,0.010000000000000002,0.010000000000000002,0.010000000000000002,0.010000000000000002,0.010000000000000002,0.010000000000000002,0.010000000000000002,0.010000000000000002,0.010000000000000002,0.010000000000000002,0.010000000000000002,0.010000000000000002,0.010000000000000002,0.010000000000000002,0.010000000000000002,0.010000000000000002,0.010000000000000002,0.010000000000000002,0.010000000000000002,0.010000000000000002,0.010000000000000002,0.010000000000000002,0.010000000000000002,0.01,0.01,0.01,0.01,0.01,0.01,0.01,0.01,0.01,0.01,0.01,0.01,0.01,0.01,0.01,0.01,0.01,0.01,0.01,0.01,0.01,0.01,0.01,0.01,0.01,0.01,0.01,0.01,0.01,0.01,0.01,0.009999999999999998,0.009999999999999998,0.009999999999999998,0.009999999999999998,0.009999999999999998,0.009999999999999998,0.009999999999999998,0.009999999999999998,0.009999999999999998,0.009999999999999998,0.009999999999999998,0.009999999999999998,0.009999999999999998,0.009999999999999998,0.009999999999999997,0.009999999999999997,0.009999999999999997,0.009999999999999997,0.009999999999999997,0.009999999999999997,0.009999999999999997,0.009999999999999995,0.009999999999999995,0.009999999999999992]]",128.0,128.00000000000003,127.99999999999974,1.0000000000000002,0.999999999999998,0.9999999999999978,0.004526798609265706,0.35537397829102585,0.04001162492097034,1,16.16520504913781,2.2911742156899897,7.055423781586875,3.1773894827739586e-07,2.241782932012741e-06,128,0.0003
25,MNISTMLP,MNIST MLP hidden=128 target=3e-04,1.0,0.01,Muon,0,3,1024,128,2.2891892389179023,0.4931640625,full_layer_input_activation,"[[0.010000000000000012,0.01000000000000001,0.010000000000000007,0.010000000000000007,0.010000000000000007,0.010000000000000004,0.010000000000000004,0.010000000000000002,0.009999999999999998,0.009999999999999997]]",10.0,9.999999999999998,9.999999999999984,0.9999999999999998,0.9999999999999984,0.9999999999999986,0.002765416390593054,0.8364496384376637,0.08745014473035884,2,6.996479976424991,1.7498783614159787,3.9982664685124347,2.95388400796254e-05,0.0001181041538091174,128,0.0003
24,MNISTMLP,MNIST MLP hidden=128 target=3e-04,1.0,0.01,Adam,0,4,1024,128,2.2696632145875157,0.462890625,full_layer_input_activation,"[[0.05795210253417947,0.05050516289494472,0.039245208897056766,0.030884201521959437,0.028042306805999187,0.024897693075378778,0.02172898835741012,0.02103240550223682,0.017218981707176003,0.015532887995140831,0.012092539432713656,0.011549457130675405,0.010308096865126168,0.009901956596776462,0.009247131463628142,0.009086346034576446,0.008527542563473638,0.008374330585857638,0.008255650040907449,0.007856076863213645,0.0073541161035562555,0.007311756594967154,0.007073202866361737,0.006856733873898745,0.006550254843176364,0.00643609294551385,0.00635733599742978,0.0062185675138674255,0.006098182223824299,0.005978031317632852,0.005855527135140537,0.005811973491019755,0.005601340355635841,0.005407036762727318,0.005387966430444358,0.005308702240030207,0.005167740380761873,0.00508598109501209,0.004997570735405482,0.004884689426382674,0.0047981565756751565,0.0047398437756802445,0.004628436657949772,0.004570392664969824,0.004531565427644286,0.004419717999665146,0.004379952608424137,0.004289485951067701,0.004208848243691546,0.004114859588143239,0.004028789276964422,0.003965143601350602,0.0038487611407308194,0.0038196367028725513,0.003760750064618656,0.0037506047758723705,0.00370539134931106,0.003609642319267406,0.0035609703438937656,0.003540931805369778,0.003510435729754732,0.003455387357056256,0.00336530635426156,0.0033580937678768592,0.003304725447435905,0.0031874307468360394,0.003175151077393114,0.003149513596169837,0.003095428868647258,0.002995571216566665,0.002984622037838328,0.0029571502218915737,0.0029481224466572976,0.0028896975867399614,0.002838411979278327,0.002829955101159913,0.002788455314127141,0.0027564195602367706,0.0027445365868173813,0.002648446137677877,0.0026214104712709084,0.002605484900480324,0.0025777504447656295,0.0025200245746394194,0.0024981444924518452,0.002463252610363612,0.0024612367994343363,0.0024177679770760203,0.0023762096623271734,0.0023394102842278293,0.0023114753734831944,0.002288234817004215,0.0022555672152599535,0.0022176313657958024,0.0021836587580079873,0.002161998365555195,0.002137761028069818,0.0021115591949045763,0.00208952596144255,0.0020461295907744435,0.0020389366305929436,0.001991591212034035,0.0019715476719772656,0.0019304081782887798,0.0019171775763009897,0.0019029519850122607,0.0018858708094212052,0.0018400448518794688,0.0018177526993250512,0.0018018624988996763,0.0017586848960541041,0.0017510241165312385,0.0017249285109409295,0.0016867245901226542,0.0016519363603709274,0.0016295855058673636,0.0015868059597120676,0.0015372394765817126,0.0015224865296298673,0.0014721530799999029,0.0014347622357564177,0.001423661889381875,0.0013827849566142307,0.0013565407678004058,0.0013153885436968452,0.0013003647780696949,0.0012280037068419622,0.0011764214200491554]]",128.0,42.148036053433856,4.058589270644997,0.329281531667452,0.031707728676914036,0.09629367464476053,0.010123460283981513,0.6256020452667835,0.08671060869210073,1,12.729810692733096,2.2911742156899897,5.556020404541564,4.81523485508873e-07,2.6753543107532722e-06,128,0.0003
24,MNISTMLP,MNIST MLP hidden=128 target=3e-04,1.0,0.01,Adam,0,4,1024,128,2.2696632145875157,0.462890625,full_layer_input_activation,"[[0.00829359208212907,0.008010151989762605,0.006680789155315102,0.006357401046999116,0.0048554031928226184,0.004515858739014829,0.0036366065059151987,0.003341732076609215,0.0027002110197890767,0.002546495012792655]]",10.0,8.645225874755239,4.363411763856837,0.8645225874755239,0.43634117638568365,0.5047192319865642,0.0021616858434514614,0.6727790146522732,0.12477765182790192,2,6.142153417155119,1.565261708904035,3.9240424666465086,3.566181962911652e-05,0.00013993849466254128,128,0.0003
25,MNISTMLP,MNIST MLP hidden=128 target=3e-04,1.0,0.01,Muon,0,4,1024,128,2.283888828009547,0.4599609375,full_layer_input_activation,"[[0.010000000000000007,0.010000000000000005,0.010000000000000005,0.010000000000000005,0.010000000000000004,0.010000000000000004,0.010000000000000004,0.010000000000000004,0.010000000000000004,0.010000000000000004,0.010000000000000004,0.010000000000000004,0.010000000000000004,0.010000000000000002,0.010000000000000002,0.010000000000000002,0.010000000000000002,0.010000000000000002,0.010000000000000002,0.010000000000000002,0.010000000000000002,0.010000000000000002,0.010000000000000002,0.010000000000000002,0.010000000000000002,0.010000000000000002,0.010000000000000002,0.010000000000000002,0.010000000000000002,0.010000000000000002,0.010000000000000002,0.010000000000000002,0.010000000000000002,0.010000000000000002,0.010000000000000002,0.010000000000000002,0.010000000000000002,0.010000000000000002,0.01,0.01,0.01,0.01,0.01,0.01,0.01,0.01,0.01,0.01,0.01,0.01,0.01,0.01,0.01,0.01,0.01,0.01,0.01,0.01,0.01,0.01,0.01,0.01,0.01,0.01,0.01,0.01,0.01,0.01,0.01,0.009999999999999998,0.009999999999999998,0.009999999999999998,0.009999999999999998,0.009999999999999998,0.009999999999999998,0.009999999999999998,0.009999999999999998,0.009999999999999998,0.009999999999999998,0.009999999999999998,0.009999999999999998,0.009999999999999998,0.009999999999999998,0.009999999999999998,0.009999999999999998,0.009999999999999998,0.009999999999999998,0.009999999999999998,0.009999999999999998,0.009999999999999998,0.009999999999999998,0.009999999999999998,0.009999999999999998,0.009999999999999998,0.009999999999999998,0.009999999999999998,0.009999999999999998,0.009999999999999997,0.009999999999999997,0.009999999999999997,0.009999999999999997,0.009999999999999997,0.009999999999999997,0.009999999999999997,0.009999999999999997,0.009999999999999997,0.009999999999999997,0.009999999999999997,0.009999999999999997,0.009999999999999997,0.009999999999999997,0.009999999999999997,0.009999999999999997,0.009999999999999997,0.009999999999999997,0.009999999999999997,0.009999999999999995,0.009999999999999995,0.009999999999999995,0.009999999999999995,0.009999999999999995,0.009999999999999995,0.009999999999999995,0.009999999999999995,0.009999999999999995,0.009999999999999993,0.009999999999999993,0.009999999999999993]]",128.0,128.00000000000003,127.99999999999982,1.0000000000000002,0.9999999999999986,0.9999999999999983,0.00492648341135672,0.33368442569997964,0.043544372844667084,1,14.252197882204863,2.2911742156899897,6.220477598170246,4.268364800940952e-07,2.6551267625071594e-06,128,0.0003
25,MNISTMLP,MNIST MLP hidden=128 target=3e-04,1.0,0.01,Muon,0,4,1024,128,2.283888828009547,0.4599609375,full_layer_input_activation,"[[0.010000000000000002,0.010000000000000002,0.010000000000000002,0.01,0.01,0.009999999999999998,0.009999999999999998,0.009999999999999998,0.009999999999999997,0.009999999999999995]]",10.0,10.0,9.999999999999993,1.0,0.9999999999999993,0.9999999999999993,0.0031242024755538536,0.8085828202334991,0.09879595694286697,2,6.5380617717675955,1.741203176380735,3.754910317449346,3.644948983353374e-05,0.00013686456544170092,128,0.0003
24,MNISTMLP,MNIST MLP hidden=128 target=3e-04,1.0,0.01,Adam,0,5,1024,128,2.2608883192298492,0.458984375,full_layer_input_activation,,,,,,,,,,,1,13.031769345465522,2.2911742156899897,5.6878125007796445,4.6030686754483524e-07,2.6181391554162343e-06,128,0.0003
24,MNISTMLP,MNIST MLP hidden=128 target=3e-04,1.0,0.01,Adam,0,5,1024,128,2.2608883192298492,0.458984375,full_layer_input_activation,,,,,,,,,,,2,5.152600363422402,1.499263102791312,3.4367552658565037,3.7010129497894565e-05,0.0001271947574419203,128,0.0003
25,MNISTMLP,MNIST MLP hidden=128 target=3e-04,1.0,0.01,Muon,0,5,1024,128,2.2809506986734016,0.3896484375,full_layer_input_activation,,,,,,,,,,,1,15.253885523693299,2.2911742156899897,6.657671607525303,4.1634451673209397e-07,2.7718850679961055e-06,128,0.0003
25,MNISTMLP,MNIST MLP hidden=128 target=3e-04,1.0,0.01,Muon,0,5,1024,128,2.2809506986734016,0.3896484375,full_layer_input_activation,,,,,,,,,,,2,6.141769235774764,1.7382512054588721,3.5333035964461934,3.410423368242004e-05,0.00012050061152413613,128,0.0003
26,MNISTMLP,MNIST MLP hidden=128 target=3e-04,1.0,0.01,Adam,1,0,1024,128,2.302740940608939,0.8828125,full_layer_input_activation,"[[0.05181305493376307,0.03565072732654135,0.03317397121641149,0.03154848628580252,0.028310100896033946,0.022398704083114822,0.019924341617084958,0.01853626952731325,0.016723053316336767,0.01480239541175794,0.013297603945764352,0.013104632001304479,0.012774738497628675,0.011880777965430028,0.011740344819074974,0.011503976322793066,0.011192572807570755,0.010925999984018381,0.010548175610391832,0.01026699835065264,0.010198835292815081,0.00992848009422053,0.009817635197091756,0.009560092568953722,0.009498574419434688,0.009132911289934681,0.008846106496648187,0.008762017401878408,0.008690615848136598,0.00858650980123819,0.00838793398081205,0.00827525352014299,0.008132794536271908,0.007914242153553363,0.007806800639050055,0.007584527135759713,0.007506211846390883,0.0074731811246765405,0.007351341726551118,0.007278065905964082,0.007202897195963051,0.007137291200747522,0.007083495531182504,0.006988809046298826,0.006851359378360568,0.006847970537987015,0.006815187668293452,0.006750450824292247,0.006622884849073061,0.006491176899057056,0.006419717840377172,0.006403334838355862,0.006290343744598483,0.006234881058069182,0.0062116987400754374,0.006144999882970811,0.006079608841620084,0.005959535598863301,0.005941412666554778,0.005871511164507002,0.005799921368614399,0.005770800670263122,0.00565731475859654,0.005580876602987371,0.005521113014832196,0.005495900317779178,0.0054485407479365,0.005364441092223343,0.005342735397734977,0.005257887707567782,0.005210951291435039,0.005184321377214404,0.005110463741053096,0.005052854957607739,0.005034948964606747,0.004969382739459366,0.004932023443058669,0.004889785377097477,0.004806085837353918,0.004767598428085619,0.004726630179228379,0.004715015768254405,0.004645476960214298,0.0046148572388543755,0.00455790185963803,0.004510581346336093,0.004445957671917921,0.0044140513711151365,0.004369359761834195,0.004280225631812924,0.004235229353572456,0.0041755142764564575,0.004100346785538018,0.0040422749998097985,0.004015525937300405,0.003944067674332923,0.003897007625946259,0.0038911205065001162,0.0038309011606713268,0.0037852396913851233,0.0037666462491409403,0.003695727862081364,0.0036783651616754016,0.003634849272433678,0.0035978775587139186,0.0035840000972842574,0.0035669658973570616,0.0035360097836574676,0.003487217500671771,0.003395060999049605,0.003389543847262438,0.0032982722275999425,0.003255586297137874,0.00323989244494742,0.0031730522605886513,0.0031441286110938135,0.003115470125450758,0.0030695130322075503,0.0030190949453307615,0.002986093153770752,0.0029141682039918256,0.0029025432963811224,0.002810794297969246,0.002783613070901687,0.0027021712605653212,0.002615319649047023,0.0025171455528876464,0.002424332056546826]]",128.0,69.75484825614426,5.033764638791414,0.544959752001127,0.03932628624055792,0.07216365262966538,0.00775209834127419,0.6248898450178637,0.0666858392642938,1,16.458152240240597,2.3177586117928044,7.100891420056072,2.9279581419538364e-07,2.079111284848332e-06,128,0.0003
26,MNISTMLP,MNIST MLP hidden=128 target=3e-04,1.0,0.01,Adam,1,0,1024,128,2.302740940608939,0.8828125,full_layer_input_activation,"[[0.008614765417060398,0.00683109904890639,0.005897452131761485,0.0054409670809380676,0.005308531664582643,0.004520790154923388,0.004003298947489815,0.003653731673320274,0.0035550931263056865,0.0032399586426369842]]",10.0,9.105355326277772,3.8589980825802295,0.9105355326277772,0.38589980825802295,0.42381630856769326,0.0012050921087973128,0.6695928335176689,0.07120975724451618,2,6.309646235474953,1.7323460271792825,3.6422551479214147,3.1065038790595303e-05,0.0001131467974554242,128,0.0003
27,MNISTMLP,MNIST MLP hidden=128 target=3e-04,1.0,0.01,Muon,1,0,1024,128,2.302740940608939,0.8828125,full_layer_input_activation,"[[0.010000000000000007,0.010000000000000005,0.010000000000000005,0.010000000000000005,0.010000000000000004,0.010000000000000004,0.010000000000000004,0.010000000000000004,0.010000000000000004,0.010000000000000004,0.010000000000000004,0.010000000000000004,0.010000000000000004,0.010000000000000004,0.010000000000000004,0.010000000000000002,0.010000000000000002,0.010000000000000002,0.010000000000000002,0.010000000000000002,0.010000000000000002,0.010000000000000002,0.010000000000000002,0.010000000000000002,0.010000000000000002,0.010000000000000002,0.010000000000000002,0.010000000000000002,0.010000000000000002,0.010000000000000002,0.010000000000000002,0.010000000000000002,0.010000000000000002,0.010000000000000002,0.010000000000000002,0.010000000000000002,0.01,0.01,0.01,0.01,0.01,0.01,0.01,0.01,0.01,0.01,0.01,0.01,0.01,0.01,0.01,0.01,0.01,0.009999999999999998,0.009999999999999998,0.009999999999999998,0.009999999999999998,0.009999999999999998,0.009999999999999998,0.009999999999999998,0.009999999999999998,0.009999999999999998,0.009999999999999998,0.009999999999999998,0.009999999999999998,0.009999999999999998,0.009999999999999998,0.009999999999999998,0.009999999999999998,0.009999999999999998,0.009999999999999998,0.009999999999999998,0.009999999999999998,0.009999999999999998,0.009999999999999998,0.009999999999999998,0.009999999999999998,0.009999999999999998,0.009999999999999998,0.009999999999999998,0.009999999999999998,0.009999999999999998,0.009999999999999998,0.009999999999999998,0.009999999999999997,0.009999999999999997,0.009999999999999997,0.009999999999999997,0.009999999999999997,0.009999999999999997,0.009999999999999997,0.009999999999999997,0.009999999999999997,0.009999999999999997,0.009999999999999997,0.009999999999999997,0.009999999999999997,0.009999999999999997,0.009999999999999997,0.009999999999999997,0.009999999999999997,0.009999999999999997,0.009999999999999997,0.009999999999999997,0.009999999999999995,0.009999999999999995,0.009999999999999995,0.009999999999999995,0.009999999999999995,0.009999999999999995,0.009999999999999995,0.009999999999999995,0.009999999999999995,0.009999999999999995,0.009999999999999995,0.009999999999999995,0.009999999999999995,0.009999999999999995,0.009999999999999993,0.009999999999999993,0.009999999999999993,0.009999999999999993,0.009999999999999993,0.009999999999999993,0.009999999999999993,0.009999999999999993,0.009999999999999992,0.009999999999999992]]",128.0,128.00000000000003,127.99999999999976,1.0000000000000002,0.9999999999999981,0.9999999999999979,0.004329330010019883,0.35857957886204395,0.03826623260099361,1,16.458152240240597,2.3177586117928044,7.100891420056072,2.9279581419538364e-07,2.079111284848332e-06,128,0.0003
27,MNISTMLP,MNIST MLP hidden=128 target=3e-04,1.0,0.01,Muon,1,0,1024,128,2.302740940608939,0.8828125,full_layer_input_activation,"[[0.010000000000000007,0.010000000000000004,0.010000000000000002,0.01,0.01,0.009999999999999998,0.009999999999999997,0.009999999999999997,0.009999999999999995,0.009999999999999995]]",10.0,10.000000000000002,9.999999999999986,1.0000000000000002,0.9999999999999986,0.9999999999999984,0.002671352586713051,0.7943328166124667,0.08447558607395692,2,6.309646235474953,1.7323460271792825,3.6422551479214147,3.1065038790595303e-05,0.0001131467974554242,128,0.0003
26,MNISTMLP,MNIST MLP hidden=128 target=3e-04,1.0,0.01,Adam,1,1,1024,128,2.2979553775172588,0.80078125,full_layer_input_activation,"[[0.0533326769380724,0.043118616943319706,0.03642872735702349,0.03264447553167529,0.02707783759897479,0.024324071446898174,0.022007898747216578,0.01822049844889465,0.017138460719141,0.01659085479948195,0.013372423017746927,0.01212955148272576,0.011987792088322298,0.0112827984813755,0.01086860755004094,0.01044148195466602,0.010008149973029049,0.009666604143840858,0.009583171207469814,0.009306337965212309,0.009167299016179478,0.00886068543064936,0.008668881674610765,0.008556669152086752,0.008460225592168408,0.008233858666242414,0.00809090272847533,0.007939703912748699,0.007797745409520858,0.007641072113366268,0.007334920574621718,0.0071661860921540255,0.007019796966185085,0.006967228995584262,0.0068638975654067005,0.006814659070703472,0.006715643665386815,0.006567112194973505,0.006535903241911262,0.006326003525831158,0.00622894215408141,0.006117780708946182,0.006080942670528451,0.0060309490066536905,0.005868121040426627,0.0057763683051616325,0.005774067013199319,0.0056739864300132566,0.00556710677735083,0.005498730208917912,0.005428666900327843,0.0053216903700826,0.0052915074587591105,0.005204678944681005,0.005132580213626856,0.005083776305767558,0.005018720870776761,0.004938854514415636,0.0048894120328782445,0.004838937712150941,0.004668712670736798,0.004656418552744791,0.00465243132328754,0.004607888490054426,0.004539726505469494,0.00449233822210396,0.004394321333577939,0.00435656755246605,0.004293431904629864,0.0042556183466640005,0.004199660252023901,0.004143522156137421,0.004108301981895434,0.004044160020195655,0.0040122372302363995,0.003971671508924747,0.0039443558380540785,0.0039200701517707465,0.0038332078602184186,0.003804973273232937,0.0037958737183146525,0.003748241131989376,0.003687049461125895,0.003676113413620644,0.003628107488702878,0.003551211762642677,0.003524454137331837,0.00349769196194433,0.0034422080957729915,0.0033982362696536777,0.0033663291539600313,0.003348280509360492,0.003280411158091261,0.003239840626087876,0.003161312118628267,0.003137970067783539,0.0031188964962482932,0.0030916171305150728,0.003036347581695995,0.0030026644051526106,0.002966831818229737,0.0029020734780684397,0.0028762906079452303,0.0028322088488199255,0.00278099113099239,0.0027701449833191943,0.0027323715340629084,0.0026995208426640444,0.0026760030991431444,0.00264829953834227,0.0025996979821018445,0.002578799850666491,0.002524223542755484,0.002493509967793308,0.0024608236746023427,0.002426350884480426,0.0023811043707307696,0.0023511076340415513,0.0022972960412500497,0.0022149662419153585,0.0022033175056053495,0.002089459278134145,0.002066506804999102,0.002014267423714943,0.0019902750621596105,0.0019356268799780722,0.0019034155011024843,0.0018389782907195316]]",128.0,57.458397874927485,4.7589419741304795,0.448893733397871,0.03717923417289437,0.08282413276627557,0.00711091636251639,0.6188467636526253,0.061119104572591884,1,17.883579329842643,2.3177586117928044,7.715893811741489,2.507796391429302e-07,1.9349890657736987e-06,128,0.0003
26,MNISTMLP,MNIST MLP hidden=128 target=3e-04,1.0,0.01,Adam,1,1,1024,128,2.2979553775172588,0.80078125,full_layer_input_activation,"[[0.008210893875698427,0.006823091405757778,0.005647071988234027,0.005330522676138735,0.004667992168218991,0.004450024616426732,0.003936364894944108,0.003726718913032297,0.0031235931495726984,0.0030769748454163312]]",10.0,9.075753853187265,3.9229148954982898,0.9075753853187265,0.39229148954982895,0.432241217529343,0.000971718261221518,0.6416608496757119,0.059751041827899365,2,7.448410833863771,1.6590135919710969,4.489662333033819,2.0777870354163595e-05,9.328562188974834e-05,128,0.0003
27,MNISTMLP,MNIST MLP hidden=128 target=3e-04,1.0,0.01,Muon,1,1,1024,128,2.2993069454404247,0.7939453125,full_layer_input_activation,"[[0.010000000000000005,0.010000000000000004,0.010000000000000004,0.010000000000000004,0.010000000000000004,0.010000000000000004,0.010000000000000004,0.010000000000000002,0.010000000000000002,0.010000000000000002,0.010000000000000002,0.010000000000000002,0.010000000000000002,0.010000000000000002,0.010000000000000002,0.010000000000000002,0.010000000000000002,0.010000000000000002,0.010000000000000002,0.010000000000000002,0.010000000000000002,0.010000000000000002,0.010000000000000002,0.010000000000000002,0.010000000000000002,0.010000000000000002,0.01,0.01,0.01,0.01,0.01,0.01,0.01,0.01,0.01,0.01,0.01,0.01,0.01,0.01,0.01,0.01,0.01,0.01,0.01,0.01,0.01,0.01,0.01,0.01,0.01,0.01,0.01,0.01,0.01,0.01,0.01,0.01,0.01,0.009999999999999998,0.009999999999999998,0.009999999999999998,0.009999999999999998,0.009999999999999998,0.009999999999999998,0.009999999999999998,0.009999999999999998,0.009999999999999998,0.009999999999999998,0.009999999999999998,0.009999999999999998,0.009999999999999998,0.009999999999999998,0.009999999999999998,0.009999999999999998,0.009999999999999998,0.009999999999999998,0.009999999999999998,0.009999999999999998,0.009999999999999998,0.009999999999999998,0.009999999999999998,0.009999999999999997,0.009999999999999997,0.009999999999999997,0.009999999999999997,0.009999999999999997,0.009999999999999997,0.009999999999999997,0.009999999999999997,0.009999999999999997,0.009999999999999997,0.009999999999999997,0.009999999999999997,0.009999999999999997,0.009999999999999997,0.009999999999999997,0.009999999999999997,0.009999999999999997,0.009999999999999997,0.009999999999999997,0.009999999999999997,0.009999999999999997,0.009999999999999997,0.009999999999999997,0.009999999999999997,0.009999999999999995,0.009999999999999995,0.009999999999999995,0.009999999999999995,0.009999999999999995,0.009999999999999995,0.009999999999999995,0.009999999999999995,0.009999999999999995,0.009999999999999995,0.009999999999999995,0.009999999999999995,0.009999999999999995,0.009999999999999995,0.009999999999999995,0.009999999999999995,0.009999999999999995,0.009999999999999995,0.009999999999999993,0.009999999999999993,0.009999999999999993,0.009999999999999992]]",128.0,128.00000000000003,127.99999999999979,1.0000000000000002,0.9999999999999983,0.9999999999999981,0.004162789263675262,0.37969482613475275,0.03679420646244164,1,18.453524607168056,2.3177586117928044,7.961797450897663,2.4143158116676075e-07,1.9222293474997078e-06,128,0.0003
27,MNISTMLP,MNIST MLP hidden=128 target=3e-04,1.0,0.01,Muon,1,1,1024,128,2.2993069454404247,0.7939453125,full_layer_input_activation,"[[0.010000000000000005,0.010000000000000004,0.010000000000000002,0.01,0.01,0.009999999999999998,0.009999999999999998,0.009999999999999998,0.009999999999999997,0.009999999999999997]]",10.0,10.000000000000002,9.99999999999999,1.0000000000000002,0.9999999999999989,0.9999999999999988,0.00248211946413774,0.8654278965538094,0.07849150931311882,2,7.489654441335514,1.7286865274800813,4.332569452168541,2.240048722337555e-05,9.705166665768861e-05,128,0.0003
26,MNISTMLP,MNIST MLP hidden=128 target=3e-04,1.0,0.01,Adam,1,2,1024,128,2.2937193333588253,0.7197265625,full_layer_input_activation,"[[0.053699177622373445,0.04404320771623914,0.040212173096197144,0.03322442137125544,0.030168602410055114,0.02690114322142033,0.020966333213760555,0.018477895481855817,0.01664829993141064,0.016107652133865655,0.012073311947224073,0.011721777654919982,0.010824428978317296,0.010472914069347349,0.009760888273557889,0.009641511481469611,0.009486498295802451,0.009074096290653498,0.008770258773973817,0.008738190541803042,0.008277212316793249,0.008051459814654112,0.007969201996195475,0.007691490842319243,0.007579509144685085,0.0073728294739293,0.007361438257312346,0.007119226753563957,0.006956280918366678,0.006928215353033322,0.006774954339429542,0.006612571161662569,0.006550122227573777,0.0064125531703761235,0.006211373271295631,0.006125418866650831,0.006066281479544799,0.005907606449643125,0.005863520046832249,0.005765079766995878,0.005699736207216734,0.0055520658820134745,0.005511358469602095,0.005414403374654426,0.005343027018136327,0.0052499732645278005,0.005165705331585292,0.0050892703814168815,0.00507971729791941,0.004942071413209713,0.004904003958790328,0.004885232252251815,0.004834824925998074,0.004706753830685903,0.004658153044922734,0.004562125810748291,0.004502263556720145,0.004389473819398597,0.004376864977893774,0.004340898389782015,0.004280237050207168,0.0042261022361700755,0.004093081634677754,0.004087911064200606,0.004040664699365379,0.004013734499847868,0.003940669616329849,0.003871685240318114,0.003862089930907511,0.0038217901316053575,0.003738765369065867,0.0036951565153521384,0.003630382144876471,0.00357890522848958,0.0035535022151199545,0.003504939051066061,0.0035004864073394375,0.0034578140960643895,0.0034162291279885167,0.0033343400676535337,0.0033002773191901104,0.003279256475795688,0.003209516057255252,0.003178293623474246,0.003135291007880813,0.0030744929111240515,0.0030547131973808453,0.0030056540947573473,0.0029847243796613182,0.0029446942578790058,0.00289971819725504,0.00285003580307751,0.002830479623372975,0.0028001358663048044,0.002747318289923481,0.0027332429356670624,0.002653954592005323,0.002625823340915793,0.0025628809750318335,0.002520366734455554,0.002484719487118973,0.00247415280660741,0.002445315218739369,0.002426025164374762,0.0023975465130830448,0.0023767686124545238,0.002314997687884334,0.0023066403001699787,0.00227749326621773,0.0022675357986603867,0.0022441451941427664,0.0022148261204380944,0.002154874603217795,0.0021324197559361973,0.0020684402858089103,0.0020534520968109263,0.0020342946803410212,0.002000055450293702,0.001969220074761764,0.001930440579093344,0.0018954207676726538,0.0018289694842269825,0.0017925834383571628,0.0017270357268643296,0.0017024266669817619,0.0016872853855482341,0.0016376849426020996,0.001604118862752312]]",128.0,50.85461529858262,4.7012134891732895,0.39730168202017674,0.036728230384166324,0.09244418547994242,0.00724911878924141,0.6147991759620884,0.06226049868873189,1,16.95618529029698,2.3177586117928044,7.315768434220696,2.6367150115283664e-07,1.9289596451375083e-06,128,0.0003
26,MNISTMLP,MNIST MLP hidden=128 target=3e-04,1.0,0.01,Adam,1,2,1024,128,2.2937193333588253,0.7197265625,full_layer_input_activation,"[[0.007999021405119062,0.006770006424763257,0.006275300698720485,0.005272325223013292,0.0046380601210146335,0.004484018836145533,0.0038561263950113323,0.0035580124568166506,0.003391883989954254,0.002884836965334908]]",10.0,9.07519843971375,4.1567746044441005,0.907519843971375,0.41567746044441006,0.4580367726455151,0.0011110470796017043,0.681627607577838,0.06812670197195697,2,7.250308958048055,1.591603787857762,4.555347890825702,1.8513542718443584e-05,8.433562777417353e-05,128,0.0003
27,MNISTMLP,MNIST MLP hidden=128 target=3e-04,1.0,0.01,Muon,1,2,1024,128,2.2969597317820094,0.7060546875,full_layer_input_activation,"[[0.010000000000000009,0.010000000000000007,0.010000000000000007,0.010000000000000007,0.010000000000000007,0.010000000000000005,0.010000000000000005,0.010000000000000005,0.010000000000000005,0.010000000000000005,0.010000000000000004,0.010000000000000004,0.010000000000000004,0.010000000000000004,0.010000000000000004,0.010000000000000004,0.010000000000000004,0.010000000000000004,0.010000000000000004,0.010000000000000004,0.010000000000000004,0.010000000000000004,0.010000000000000004,0.010000000000000004,0.010000000000000004,0.010000000000000002,0.010000000000000002,0.010000000000000002,0.010000000000000002,0.010000000000000002,0.010000000000000002,0.010000000000000002,0.010000000000000002,0.010000000000000002,0.010000000000000002,0.010000000000000002,0.010000000000000002,0.010000000000000002,0.010000000000000002,0.010000000000000002,0.010000000000000002,0.010000000000000002,0.010000000000000002,0.010000000000000002,0.010000000000000002,0.010000000000000002,0.010000000000000002,0.010000000000000002,0.010000000000000002,0.010000000000000002,0.010000000000000002,0.010000000000000002,0.010000000000000002,0.010000000000000002,0.010000000000000002,0.010000000000000002,0.010000000000000002,0.010000000000000002,0.010000000000000002,0.010000000000000002,0.010000000000000002,0.010000000000000002,0.010000000000000002,0.010000000000000002,0.010000000000000002,0.010000000000000002,0.010000000000000002,0.010000000000000002,0.010000000000000002,0.010000000000000002,0.010000000000000002,0.010000000000000002,0.010000000000000002,0.010000000000000002,0.010000000000000002,0.010000000000000002,0.010000000000000002,0.010000000000000002,0.010000000000000002,0.010000000000000002,0.010000000000000002,0.009999999999999998,0.009999999999999998,0.009999999999999998,0.009999999999999998,0.009999999999999998,0.009999999999999998,0.009999999999999998,0.009999999999999998,0.009999999999999998,0.009999999999999998,0.009999999999999998,0.009999999999999998,0.009999999999999998,0.009999999999999998,0.009999999999999998,0.009999999999999998,0.009999999999999998,0.009999999999999998,0.009999999999999998,0.009999999999999998,0.009999999999999998,0.009999999999999998,0.009999999999999998,0.009999999999999998,0.009999999999999998,0.009999999999999998,0.009999999999999997,0.009999999999999997,0.009999999999999997,0.009999999999999997,0.009999999999999997,0.009999999999999997,0.009999999999999997,0.009999999999999997,0.009999999999999997,0.009999999999999997,0.009999999999999997,0.009999999999999995,0.009999999999999995,0.009999999999999995,0.009999999999999995,0.009999999999999995,0.009999999999999995,0.009999999999999995,0.009999999999999995,0.009999999999999993,0.009999999999999992]]",128.0,128.00000000000003,127.99999999999979,1.0000000000000002,0.9999999999999983,0.9999999999999981,0.004235903222049697,0.38348490649651634,0.03744044865951611,1,18.823766209362173,2.3177586117928044,8.121538676886564,2.450699676513419e-07,1.9903452208237124e-06,128,0.0003
27,MNISTMLP,MNIST MLP hidden=128 target=3e-04,1.0,0.01,Muon,1,2,1024,128,2.2969597317820094,0.7060546875,full_layer_input_activation,"[[0.010000000000000005,0.010000000000000004,0.010000000000000004,0.010000000000000004,0.010000000000000004,0.010000000000000002,0.010000000000000002,0.010000000000000002,0.010000000000000002,0.009999999999999998]]",10.0,9.999999999999996,9.999999999999995,0.9999999999999997,0.9999999999999994,0.9999999999999998,0.0023471514038555675,0.8719825289669961,0.07422344449445312,2,7.603535308236777,1.7293432352528297,4.396776275084074,1.9149751820790396e-05,8.419717447939927e-05,128,0.0003
26,MNISTMLP,MNIST MLP hidden=128 target=3e-04,1.0,0.01,Adam,1,3,1024,128,2.286249856164907,0.63671875,full_layer_input_activation,"[[0.05180980913233216,0.044352674655632474,0.04145748930301825,0.034977492070720026,0.03173216012830963,0.02830321025235371,0.022824056333842012,0.018291682416413612,0.017279494066154182,0.016329384893760276,0.011527338314366017,0.01080786601599091,0.010611400308332321,0.010282400485155375,0.009482639361699631,0.009372316600208873,0.008956714776580912,0.008670753855721362,0.008511531236381658,0.00817508895448681,0.008113738216968439,0.007965714885139084,0.007617292982921582,0.007454440917720111,0.007333509577465737,0.007012290451608062,0.006896987920464895,0.006730360378519213,0.006625769823178906,0.0065404777589090374,0.006413353759574009,0.0063259428881871456,0.006243335802167116,0.006174979027262524,0.006007638595035405,0.005877044967878716,0.00579710281304136,0.005697385682049902,0.005582367060688448,0.005415919706653105,0.005321603082915356,0.005243707133236455,0.005203476787487335,0.005157837359502408,0.005066101893070447,0.0048759085096387435,0.004823804865715085,0.004816024159395709,0.004706320876088446,0.004663665332818988,0.004625200589245474,0.004596639988341287,0.0044799501138841485,0.004467597668641729,0.004366750007845729,0.004265310668395903,0.004250482256493828,0.004192629300536607,0.004121470970761425,0.004097586200086437,0.00401780523573434,0.003976036117651083,0.003912439784411431,0.0038401999057503045,0.003798023399637966,0.0037587068036002533,0.003680128088694415,0.003629697741506909,0.0035612840736247483,0.0035509343238112135,0.0035250183756257774,0.003400923487213479,0.0033634792065267588,0.003347590095279018,0.0033071360718601407,0.0032516773998840886,0.003213790465764218,0.0031928280023804643,0.0031311717960807815,0.00309759656631035,0.0030805752656944863,0.0030423620342791536,0.0029958384786003445,0.0029863443360638228,0.002970447877887955,0.0029265846914382117,0.0028680222343746863,0.002836347158856606,0.002806293100561178,0.002744437861359142,0.002729277023330086,0.0026951999205552094,0.0026895059899953323,0.0026326805650761496,0.002605121160136284,0.002561710734816783,0.0025079564768846325,0.0024853047556444787,0.002482461328318655,0.0024137128745710763,0.0023872506236290478,0.002323070221414524,0.002314402753575112,0.0022718988776174787,0.0022522509703576513,0.002246043116039515,0.0022062183296842597,0.002168739546743016,0.002133417001131397,0.0021019701751701,0.0020957725484173515,0.0020466660843328783,0.0020117181496040657,0.001980422946380957,0.0019308670251871186,0.0019139449974401835,0.001892982252522805,0.0018721745426677045,0.0018019957816473654,0.0017964728783390535,0.0017647707089567567,0.001748910072430841,0.0016952704850751639,0.0016399149309292403,0.0016067314956419985,0.0015696301714534233,0.001565309783962573,0.0014857711336023118]]",128.0,48.18733085838382,5.064439733252689,0.37646352233112357,0.03956593541603663,0.1050989885315791,0.007610016903859277,0.6137462857989191,0.06526914526440875,1,16.32866158948121,2.3177586117928044,7.0450225085566025,2.9076535077007224e-07,2.0484484408835148e-06,128,0.0003
26,MNISTMLP,MNIST MLP hidden=128 target=3e-04,1.0,0.01,Adam,1,3,1024,128,2.286249856164907,0.63671875,full_layer_input_activation,"[[0.007907257398973983,0.006984134297538749,0.006539989044040817,0.005354759162150463,0.005006863386928456,0.004521498775935607,0.004045969282316983,0.003386317750066889,0.003263208904946869,0.0028424810941755896]]",10.0,9.043078150516294,4.395471652439057,0.9043078150516294,0.4395471652439057,0.4860592355035777,0.001310364500180121,0.7002049286366514,0.0790430155971173,2,7.680045417101445,1.540638942381618,4.984974224544227,1.7304125329578308e-05,8.626061874623076e-05,128,0.0003
27,MNISTMLP,MNIST MLP hidden=128 target=3e-04,1.0,0.01,Muon,1,3,1024,128,2.291731063822566,0.5615234375,full_layer_input_activation,"[[0.010000000000000005,0.010000000000000005,0.010000000000000004,0.010000000000000004,0.010000000000000004,0.010000000000000004,0.010000000000000004,0.010000000000000004,0.010000000000000004,0.010000000000000004,0.010000000000000004,0.010000000000000004,0.010000000000000002,0.010000000000000002,0.010000000000000002,0.010000000000000002,0.010000000000000002,0.010000000000000002,0.010000000000000002,0.010000000000000002,0.010000000000000002,0.010000000000000002,0.010000000000000002,0.010000000000000002,0.010000000000000002,0.010000000000000002,0.010000000000000002,0.010000000000000002,0.010000000000000002,0.010000000000000002,0.01,0.01,0.01,0.01,0.01,0.01,0.01,0.01,0.01,0.01,0.01,0.01,0.01,0.01,0.01,0.01,0.01,0.01,0.01,0.01,0.01,0.01,0.01,0.01,0.01,0.01,0.01,0.01,0.01,0.009999999999999998,0.009999999999999998,0.009999999999999998,0.009999999999999998,0.009999999999999998,0.009999999999999998,0.009999999999999998,0.009999999999999998,0.009999999999999998,0.009999999999999998,0.009999999999999998,0.009999999999999998,0.009999999999999998,0.009999999999999998,0.009999999999999998,0.009999999999999998,0.009999999999999998,0.009999999999999998,0.009999999999999998,0.009999999999999998,0.009999999999999998,0.009999999999999998,0.009999999999999998,0.009999999999999998,0.009999999999999998,0.009999999999999998,0.009999999999999998,0.009999999999999998,0.009999999999999997,0.009999999999999997,0.009999999999999997,0.009999999999999997,0.009999999999999997,0.009999999999999997,0.009999999999999997,0.009999999999999997,0.009999999999999997,0.009999999999999997,0.009999999999999997,0.009999999999999997,0.009999999999999997,0.009999999999999997,0.009999999999999997,0.009999999999999997,0.009999999999999997,0.009999999999999997,0.009999999999999997,0.009999999999999997,0.009999999999999997,0.009999999999999997,0.009999999999999997,0.009999999999999997,0.009999999999999997,0.009999999999999997,0.009999999999999997,0.009999999999999997,0.009999999999999995,0.009999999999999995,0.009999999999999995,0.009999999999999995,0.009999999999999995,0.009999999999999995,0.009999999999999995,0.009999999999999995,0.009999999999999995,0.009999999999999993,0.009999999999999993,0.009999999999999992,0.00999999999999999]]",128.0,128.0,127.99999999999982,1.0,0.9999999999999986,0.9999999999999986,0.004354789786555602,0.3780140750321006,0.038491267358942385,1,18.29051403806383,2.3177586117928044,7.891466326562788,2.665710825182909e-07,2.1036367213284825e-06,128,0.0003
27,MNISTMLP,MNIST MLP hidden=128 target=3e-04,1.0,0.01,Muon,1,3,1024,128,2.291731063822566,0.5615234375,full_layer_input_activation,"[[0.010000000000000005,0.01,0.01,0.01,0.01,0.009999999999999998,0.009999999999999998,0.009999999999999997,0.009999999999999997,0.009999999999999993]]",10.0,10.0,9.999999999999988,1.0,0.9999999999999988,0.9999999999999988,0.0025243816829244284,0.8762066929429337,0.07982795801650173,2,7.67738168757993,1.7306832750576469,4.436040839028855,2.0851703049737724e-05,9.249900629193907e-05,128,0.0003
26,MNISTMLP,MNIST MLP hidden=128 target=3e-04,1.0,0.01,Adam,1,4,1024,128,2.275789773596451,0.546875,full_layer_input_activation,"[[0.05295071855700096,0.047631619237608065,0.04168250430006445,0.03470881473841167,0.03279849364099088,0.028366937573797657,0.022791350279733055,0.018004098217754935,0.01669107198424769,0.015097409011105716,0.011331616305116273,0.010602365580924507,0.010166849108772214,0.010033221134695259,0.009239121403773263,0.00866132992019377,0.008402428779067635,0.008106110863517833,0.008022457833036322,0.0077231072271050066,0.00753409564944132,0.007245608565372215,0.007174153114287102,0.007007174997894694,0.006764218012117682,0.006670627461540369,0.006402296444934168,0.006377671704978714,0.0062248558309391895,0.006130481488072858,0.0059987379903054935,0.005934967641148844,0.005846297419897541,0.005633904667257616,0.005560493309807238,0.0054626533649719195,0.005406743072862753,0.005359434632929288,0.005226400892063659,0.00510237122161477,0.005068597687883067,0.004889569945363002,0.004817987367862887,0.004737950023106429,0.004633901478905306,0.00460772787515104,0.00456818564368212,0.004487092491134113,0.004378063542379828,0.004323948591877551,0.00427226991892181,0.004157927836379755,0.0041214066714309995,0.0040496516094325604,0.0039894660827456225,0.003952949905583963,0.0038888932008625,0.0037581875492699347,0.0037327402813811337,0.0036933069216314963,0.0036565094653160297,0.0036018078500810115,0.003560428335347963,0.0034402739974059827,0.0033892912178530616,0.0033256161067824605,0.003275877191974273,0.003239470771793317,0.003201401461913268,0.0031719338120525433,0.0031121234767573086,0.0030480627209123635,0.0030224736659173737,0.0029887157358869164,0.0029590243896420658,0.0029285973872851772,0.00290248000970546,0.002876122058734173,0.002865410050695143,0.002820486501623846,0.0027585271075437462,0.0027165873265640214,0.0026877400621850055,0.0026782017280072862,0.002657671697534835,0.0026082503323689604,0.002535679322161285,0.002524560772413947,0.0024858058819495236,0.002466793909389742,0.00243633520824374,0.0023794822307900733,0.0023689433703079415,0.0022926192268565683,0.002267699295951766,0.0022350355523868552,0.0022042707207778397,0.0021905982736116947,0.002176779898264284,0.0021345924342495814,0.0021203344090194786,0.0020776116972107215,0.0020559593706248906,0.002027628380255715,0.0020006323290117293,0.001985472851153152,0.0019639141507028163,0.001897104324307442,0.0018755249858224098,0.0018619079160737528,0.00179597206240993,0.001793116114596291,0.001781847346910254,0.001738146531475727,0.001723263834395682,0.0016959025328781659,0.001667072924834675,0.0016550364873380357,0.0016037187636579785,0.0015694180835862208,0.0015675882091965396,0.0015486232917366989,0.0015326403950730978,0.00146313761695024,0.0013915132174734113,0.0013706838122518913,0.0013378438559595608,0.001273323462744749]]",128.0,43.719227177979555,4.871765806843202,0.34155646232796527,0.038060670365962515,0.1114330266408965,0.008948338805296219,0.6251783244522141,0.07656448395103575,1,13.547942116659634,2.3177586117928044,5.84527743645409,3.8561280794432e-07,2.254013845484638e-06,128,0.0003
26,MNISTMLP,MNIST MLP hidden=128 target=3e-04,1.0,0.01,Adam,1,4,1024,128,2.275789773596451,0.546875,full_layer_input_activation,"[[0.007685591146519064,0.007224006342682256,0.006682134957562054,0.005753142423378542,0.004970112106818378,0.004409277880295214,0.003764390372551055,0.003299399586274025,0.0029910278985497353,0.002771233276169686]]",10.0,8.933627562277092,4.652757940379091,0.8933627562277092,0.46527579403790914,0.5208139591609693,0.00201217064770802,0.6951334438035454,0.12137585511419577,2,6.193445382820633,1.5003336716127724,4.1280453141887,2.968613253200825e-05,0.00012254570029514137,128,0.0003
27,MNISTMLP,MNIST MLP hidden=128 target=3e-04,1.0,0.01,Muon,1,4,1024,128,2.285902622685276,0.423828125,full_layer_input_activation,"[[0.010000000000000002,0.010000000000000002,0.010000000000000002,0.010000000000000002,0.010000000000000002,0.010000000000000002,0.010000000000000002,0.010000000000000002,0.010000000000000002,0.010000000000000002,0.010000000000000002,0.010000000000000002,0.010000000000000002,0.010000000000000002,0.010000000000000002,0.010000000000000002,0.010000000000000002,0.010000000000000002,0.010000000000000002,0.010000000000000002,0.010000000000000002,0.010000000000000002,0.010000000000000002,0.010000000000000002,0.010000000000000002,0.010000000000000002,0.010000000000000002,0.010000000000000002,0.010000000000000002,0.010000000000000002,0.010000000000000002,0.010000000000000002,0.010000000000000002,0.010000000000000002,0.010000000000000002,0.010000000000000002,0.010000000000000002,0.010000000000000002,0.010000000000000002,0.010000000000000002,0.010000000000000002,0.010000000000000002,0.010000000000000002,0.010000000000000002,0.009999999999999998,0.009999999999999998,0.009999999999999998,0.009999999999999998,0.009999999999999998,0.009999999999999998,0.009999999999999998,0.009999999999999998,0.009999999999999998,0.009999999999999998,0.009999999999999998,0.009999999999999998,0.009999999999999998,0.009999999999999998,0.009999999999999998,0.009999999999999998,0.009999999999999998,0.009999999999999998,0.009999999999999998,0.009999999999999998,0.009999999999999998,0.009999999999999998,0.009999999999999998,0.009999999999999998,0.009999999999999998,0.009999999999999998,0.009999999999999998,0.009999999999999998,0.009999999999999998,0.009999999999999998,0.009999999999999998,0.009999999999999998,0.009999999999999998,0.009999999999999998,0.009999999999999998,0.009999999999999998,0.009999999999999998,0.009999999999999998,0.009999999999999998,0.009999999999999998,0.009999999999999998,0.009999999999999998,0.009999999999999998,0.009999999999999998,0.009999999999999998,0.009999999999999998,0.009999999999999998,0.009999999999999998,0.009999999999999998,0.009999999999999998,0.009999999999999998,0.009999999999999998,0.009999999999999998,0.009999999999999998,0.009999999999999997,0.009999999999999997,0.009999999999999997,0.009999999999999997,0.009999999999999997,0.009999999999999997,0.009999999999999997,0.009999999999999997,0.009999999999999997,0.009999999999999997,0.009999999999999997,0.009999999999999997,0.009999999999999997,0.009999999999999997,0.009999999999999997,0.009999999999999997,0.009999999999999997,0.009999999999999997,0.009999999999999995,0.009999999999999995,0.009999999999999995,0.009999999999999995,0.009999999999999995,0.009999999999999995,0.009999999999999995,0.009999999999999995,0.009999999999999995,0.009999999999999995,0.009999999999999995,0.009999999999999993]]",128.0,128.0,127.9999999999999,1.0,0.9999999999999992,0.9999999999999992,0.004730506311768735,0.3482080105092453,0.041812163643718,1,15.519848778599226,2.3177586117928044,6.696059158030482,3.707083109385912e-07,2.4822847804183654e-06,128,0.0003
27,MNISTMLP,MNIST MLP hidden=128 target=3e-04,1.0,0.01,Muon,1,4,1024,128,2.285902622685276,0.423828125,full_layer_input_activation,"[[0.010000000000000007,0.010000000000000005,0.01,0.01,0.01,0.009999999999999998,0.009999999999999998,0.009999999999999998,0.009999999999999997,0.009999999999999997]]",10.0,9.999999999999998,9.999999999999986,0.9999999999999998,0.9999999999999986,0.9999999999999988,0.0030535219257230416,0.8102950302678936,0.09656084170548303,2,6.565780360768462,1.734215947474894,3.786022363782648,3.317768316664115e-05,0.00012561145044739848,128,0.0003
26,MNISTMLP,MNIST MLP hidden=128 target=3e-04,1.0,0.01,Adam,1,5,1024,128,2.2676086953154098,0.482421875,full_layer_input_activation,,,,,,,,,,,1,14.63899092061669,2.3177586117928044,6.316011877221897,3.885872714281976e-07,2.4543218216777456e-06,128,0.0003
26,MNISTMLP,MNIST MLP hidden=128 target=3e-04,1.0,0.01,Adam,1,5,1024,128,2.2676086953154098,0.482421875,full_layer_input_activation,,,,,,,,,,,2,7.157733922213073,1.454426602386201,4.9213441987858015,1.861927075341e-05,9.163184010791644e-05,128,0.0003
27,MNISTMLP,MNIST MLP hidden=128 target=3e-04,1.0,0.01,Muon,1,5,1024,128,2.2833842760568612,0.3662109375,full_layer_input_activation,,,,,,,,,,,1,17.32932415140418,2.3177586117928044,7.476759686376405,3.6738836512867035e-07,2.746874517637777e-06,128,0.0003
27,MNISTMLP,MNIST MLP hidden=128 target=3e-04,1.0,0.01,Muon,1,5,1024,128,2.2833842760568612,0.3662109375,full_layer_input_activation,,,,,,,,,,,2,7.93972062250823,1.7163193138262733,4.626016009111864,2.1606620267026966e-05,9.99525712580676e-05,128,0.0003
28,MNISTMLP,MNIST MLP hidden=128 target=3e-04,1.0,0.01,Adam,2,0,1024,128,2.301854794998461,0.9150390625,full_layer_input_activation,"[[0.05318816334272644,0.04078263837930116,0.03359759890474555,0.030034882739007715,0.025173485415888392,0.022387376768486716,0.02008103804924306,0.01793277832930757,0.015022937932978904,0.013670059115090269,0.013101876064629689,0.012650577960152438,0.012294396481584364,0.012009349288098195,0.011254310363573682,0.010917580402417927,0.010728211946367886,0.010648571567946812,0.01035216015153337,0.010089414195791445,0.00990129304933718,0.00975389810603876,0.009632496870769806,0.009408441882646895,0.0091018259738881,0.008927039575664387,0.0088467731880598,0.008743137234226152,0.008561398593745393,0.008465611216386195,0.008322881662343741,0.008191111344678932,0.0078800102155063,0.007800867794227448,0.007789023904989489,0.007625935217515268,0.007576539101664182,0.007448222269872247,0.007342179457769425,0.007278850294703398,0.0071908778573390566,0.0069733891231622954,0.006970748470554719,0.006931561436988495,0.0068354385973466575,0.006729670424880216,0.006663510659730945,0.006612170907928629,0.006502344853496139,0.006382482239752016,0.006349656617663633,0.0062473094024917885,0.0062021711936200855,0.006187579003757302,0.006053339144502105,0.006001073558399396,0.00598531071746036,0.005895396808248058,0.005827892706640492,0.0057587504925301495,0.005688186814431385,0.0056778059874997054,0.005587076360721336,0.005530539547586498,0.0054532442731976835,0.005410533686335002,0.005398404932453894,0.005338664237913925,0.005296703329592311,0.005233784419163007,0.005097555571517408,0.005086401901904889,0.005013312438909116,0.004991053945030691,0.004912050231605034,0.004885458549290992,0.004825579037275246,0.004771984356829781,0.0047413079703593555,0.004697010723846505,0.0046366654766896095,0.004560886798932238,0.0045171068338013005,0.004460931936294046,0.004400734713615713,0.004363758373882978,0.004324788752744314,0.004277947726306606,0.004215371061142222,0.004190348684483362,0.004098509030409653,0.004042597726184112,0.004006878285380228,0.0039799645601346365,0.003915886828700375,0.0038971940357904675,0.003855992397613898,0.003826473715550787,0.0037921615109465377,0.003762560028799036,0.0036827534840468894,0.0036074137478084366,0.003587915760970873,0.003560837760509152,0.003511043576855912,0.0034713446499107427,0.0034172710103625597,0.00337252472567033,0.0033316391768096606,0.003279620511080143,0.003257645648418231,0.003202898046902789,0.003153437482197934,0.003088275169419627,0.003068246855818731,0.0030178668816551787,0.0029717243898097576,0.002932343373834842,0.002913666561157418,0.00280629861472147,0.002715256499170971,0.0026528920258604796,0.002600205797210409,0.0025489780679925217,0.002500275191158833,0.002369962025336476,0.0022216869665575532,0.0020039904220067904]]",128.0,67.39917179487387,4.777502589447542,0.5265560296474521,0.03732423898005892,0.07088369874911284,0.007718924171606099,0.6379601575524751,0.06639590810729158,1,16.97167197918752,2.2909517121094636,7.40813169019627,2.6944768633076403e-07,1.996103943956997e-06,128,0.0003
28,MNISTMLP,MNIST MLP hidden=128 target=3e-04,1.0,0.01,Adam,2,0,1024,128,2.301854794998461,0.9150390625,full_layer_input_activation,"[[0.008318790072020577,0.006834591968052405,0.00559256253027238,0.005238178885129591,0.005053917466939941,0.004749194879835988,0.004466950367431471,0.004104685615880349,0.0037418375400069225,0.003317789163629814]]",10.0,9.291794499087699,4.111675714309898,0.9291794499087699,0.4111675714309898,0.44250609661175755,0.0011598924525870117,0.6788413118425681,0.06876194145794803,2,6.709538133772278,1.8341566450112265,3.6581052943442627,3.339353372752987e-05,0.0001221570625255407,128,0.0003
29,MNISTMLP,MNIST MLP hidden=128 target=3e-04,1.0,0.01,Muon,2,0,1024,128,2.301854794998461,0.9150390625,full_layer_input_activation,"[[0.010000000000000005,0.010000000000000005,0.010000000000000004,0.010000000000000004,0.010000000000000004,0.010000000000000004,0.010000000000000004,0.010000000000000004,0.010000000000000002,0.010000000000000002,0.010000000000000002,0.010000000000000002,0.010000000000000002,0.010000000000000002,0.010000000000000002,0.010000000000000002,0.010000000000000002,0.010000000000000002,0.010000000000000002,0.010000000000000002,0.010000000000000002,0.010000000000000002,0.01,0.01,0.01,0.01,0.01,0.01,0.01,0.01,0.01,0.01,0.01,0.01,0.01,0.01,0.01,0.01,0.01,0.01,0.01,0.01,0.01,0.01,0.01,0.01,0.01,0.01,0.01,0.01,0.01,0.01,0.01,0.01,0.01,0.01,0.01,0.009999999999999998,0.009999999999999998,0.009999999999999998,0.009999999999999998,0.009999999999999998,0.009999999999999998,0.009999999999999998,0.009999999999999998,0.009999999999999998,0.009999999999999998,0.009999999999999998,0.009999999999999998,0.009999999999999998,0.009999999999999998,0.009999999999999998,0.009999999999999998,0.009999999999999998,0.009999999999999998,0.009999999999999998,0.009999999999999998,0.009999999999999998,0.009999999999999998,0.009999999999999998,0.009999999999999998,0.009999999999999998,0.009999999999999998,0.009999999999999998,0.009999999999999998,0.009999999999999998,0.009999999999999998,0.009999999999999998,0.009999999999999998,0.009999999999999997,0.009999999999999997,0.009999999999999997,0.009999999999999997,0.009999999999999997,0.009999999999999997,0.009999999999999997,0.009999999999999997,0.009999999999999997,0.009999999999999997,0.009999999999999997,0.009999999999999997,0.009999999999999997,0.009999999999999997,0.009999999999999997,0.009999999999999997,0.009999999999999997,0.009999999999999997,0.009999999999999997,0.009999999999999997,0.009999999999999997,0.009999999999999997,0.009999999999999997,0.009999999999999997,0.009999999999999995,0.009999999999999995,0.009999999999999995,0.009999999999999995,0.009999999999999995,0.009999999999999995,0.009999999999999995,0.009999999999999995,0.009999999999999995,0.009999999999999995,0.009999999999999995,0.009999999999999993,0.009999999999999993,0.009999999999999993,0.009999999999999993]]",128.0,128.0,127.99999999999982,1.0,0.9999999999999986,0.9999999999999986,0.0042875586438272245,0.36413072836194754,0.03789702239731541,1,16.97167197918752,2.2909517121094636,7.40813169019627,2.6944768633076403e-07,1.996103943956997e-06,128,0.0003
29,MNISTMLP,MNIST MLP hidden=128 target=3e-04,1.0,0.01,Muon,2,0,1024,128,2.301854794998461,0.9150390625,full_layer_input_activation,"[[0.010000000000000002,0.010000000000000002,0.009999999999999998,0.009999999999999998,0.009999999999999998,0.009999999999999998,0.009999999999999998,0.009999999999999997,0.009999999999999995,0.00999999999999999]]",10.0,10.0,9.999999999999991,1.0,0.9999999999999991,0.9999999999999991,0.002623772518868192,0.8191177042264612,0.08297097221780603,2,6.709538133772278,1.8341566450112265,3.6581052943442627,3.339353372752987e-05,0.0001221570625255407,128,0.0003
28,MNISTMLP,MNIST MLP hidden=128 target=3e-04,1.0,0.01,Adam,2,1,1024,128,2.2974295229704733,0.7236328125,full_layer_input_activation,"[[0.0528716165974504,0.04231477551118539,0.03657870346466688,0.035901253982580324,0.026583717673090874,0.023814596167505392,0.021142977332154367,0.02080947600009047,0.017922821613692574,0.014868812612292458,0.013622508324728898,0.012656375872552824,0.011694940245843749,0.010555380690393634,0.010436227915454418,0.010036844751395305,0.009828616950300162,0.009670246722883248,0.009541935583208599,0.009172789570214678,0.008883532397106325,0.008591671353986148,0.008287289735857597,0.008126322681675827,0.007974994302371113,0.00792586068380486,0.007812263010984956,0.007648700271351414,0.007561556300137284,0.007413835076974015,0.0073384989851599134,0.007290832281108749,0.007096756840966134,0.006985665315033547,0.00681700293453549,0.006690224334248156,0.006609820906287401,0.006543834331217409,0.006411007138863017,0.006327248721100559,0.0063025445019779195,0.006196965577999831,0.005999804644942808,0.005833848572334977,0.005813841634760366,0.005744407695274952,0.0056631328438608766,0.005560128281564587,0.005384345776652382,0.005306043343954663,0.005243333096877046,0.0052032970558166134,0.005165171304276086,0.005118055763537639,0.0050909397463927576,0.004956974335649923,0.0048784564118491735,0.004843411791512446,0.004808383688433584,0.0047509733558731195,0.004713161423992475,0.0046967651140047886,0.004582240397644663,0.004542855844452407,0.004478097458631941,0.004412626144816116,0.004357401643837451,0.004314821229074894,0.0042881085890261305,0.004229314125958627,0.004168221609590493,0.004132755285812139,0.004051553159732699,0.003939719924942465,0.0039039031947157308,0.003870965867535173,0.0038330972266915017,0.0038025222168668552,0.0037827679843983274,0.0037183496108704026,0.003674079168526276,0.003607218814511918,0.0035904591311283936,0.003577717438407435,0.0035692587244151165,0.003495747651300373,0.0034708851932607893,0.0034177753075033644,0.0033716103314038975,0.003332119938583932,0.0032984496492124687,0.0032297606066795112,0.0032036248750997413,0.0031039260655695657,0.003098598579195264,0.003072635107945761,0.0030365182176181156,0.002963296563895724,0.002954722115819934,0.002904798159264074,0.002862304295968141,0.002830866948219778,0.0027997025506404207,0.002779874089671802,0.0027349893768017354,0.002697019800550101,0.0026915699813025045,0.002666259629211778,0.002606122808446391,0.0025558051760509125,0.0025456351755092166,0.0025140915711081165,0.0024703776903839516,0.002463720812780838,0.0024165302834922796,0.002375024004291492,0.0023213536605874007,0.0022781634515291614,0.0022213090804553436,0.002186289621427257,0.002140351724134085,0.002110090055247335,0.0020982370872180047,0.0020472250997800607,0.002038312080732235,0.0018956322305942355,0.0018133219970222793,0.0017253072245795211]]",128.0,56.40350549736076,4.832604187273649,0.44065238669813095,0.03775472021307538,0.08567914608604915,0.00684922562329985,0.6233919525533546,0.058928891296568954,1,19.53735113095859,2.2909517121094636,8.528050166962698,2.2228650571984453e-07,1.8956704722176747e-06,128,0.0003
28,MNISTMLP,MNIST MLP hidden=128 target=3e-04,1.0,0.01,Adam,2,1,1024,128,2.2974295229704733,0.7236328125,full_layer_input_activation,"[[0.0079626298782856,0.006992783818085385,0.0061046992553827955,0.0054092289757382405,0.005235827855490589,0.004737141788089953,0.004321476116484204,0.0038314852570259157,0.003616282348730986,0.0034487059769372622]]",10.0,9.298553124304464,4.52673177325774,0.9298553124304464,0.45267317732577406,0.4868210906303062,0.0009693416039327732,0.6874572588643999,0.057217376777366755,2,7.84179352692073,1.712113492431961,4.580183242281389,1.9116924661027272e-05,8.755901797639291e-05,128,0.0003
29,MNISTMLP,MNIST MLP hidden=128 target=3e-04,1.0,0.01,Muon,2,1,1024,128,2.2984325947958943,0.7880859375,full_layer_input_activation,"[[0.010000000000000005,0.010000000000000005,0.010000000000000005,0.010000000000000004,0.010000000000000004,0.010000000000000004,0.010000000000000004,0.010000000000000004,0.010000000000000004,0.010000000000000004,0.010000000000000004,0.010000000000000004,0.010000000000000004,0.010000000000000004,0.010000000000000002,0.010000000000000002,0.010000000000000002,0.010000000000000002,0.010000000000000002,0.010000000000000002,0.010000000000000002,0.010000000000000002,0.010000000000000002,0.010000000000000002,0.010000000000000002,0.010000000000000002,0.010000000000000002,0.010000000000000002,0.010000000000000002,0.010000000000000002,0.010000000000000002,0.010000000000000002,0.010000000000000002,0.010000000000000002,0.01,0.01,0.01,0.01,0.01,0.01,0.01,0.01,0.01,0.01,0.01,0.01,0.01,0.01,0.01,0.01,0.01,0.01,0.01,0.01,0.01,0.01,0.01,0.01,0.01,0.01,0.01,0.01,0.01,0.009999999999999998,0.009999999999999998,0.009999999999999998,0.009999999999999998,0.009999999999999998,0.009999999999999998,0.009999999999999998,0.009999999999999998,0.009999999999999998,0.009999999999999998,0.009999999999999998,0.009999999999999998,0.009999999999999998,0.009999999999999998,0.009999999999999998,0.009999999999999998,0.009999999999999998,0.009999999999999998,0.009999999999999998,0.009999999999999998,0.009999999999999998,0.009999999999999998,0.009999999999999998,0.009999999999999998,0.009999999999999998,0.009999999999999998,0.009999999999999998,0.009999999999999998,0.009999999999999998,0.009999999999999998,0.009999999999999998,0.009999999999999997,0.009999999999999997,0.009999999999999997,0.009999999999999997,0.009999999999999997,0.009999999999999997,0.009999999999999997,0.009999999999999997,0.009999999999999997,0.009999999999999997,0.009999999999999997,0.009999999999999997,0.009999999999999997,0.009999999999999997,0.009999999999999997,0.009999999999999997,0.009999999999999997,0.009999999999999997,0.009999999999999995,0.009999999999999995,0.009999999999999995,0.009999999999999995,0.009999999999999995,0.009999999999999995,0.009999999999999995,0.009999999999999995,0.009999999999999995,0.009999999999999995,0.009999999999999995,0.009999999999999995,0.009999999999999995,0.009999999999999993,0.009999999999999992,0.00999999999999999]]",128.0,128.00000000000003,127.99999999999984,1.0000000000000002,0.9999999999999988,0.9999999999999986,0.004189003409165377,0.3971614581515067,0.03702590896292991,1,20.19036465165208,2.2909517121094636,8.813090448362695,2.1620025736475925e-07,1.9053924231149163e-06,128,0.0003
29,MNISTMLP,MNIST MLP hidden=128 target=3e-04,1.0,0.01,Muon,2,1,1024,128,2.2984325947958943,0.7880859375,full_layer_input_activation,"[[0.010000000000000007,0.010000000000000007,0.010000000000000002,0.010000000000000002,0.010000000000000002,0.010000000000000002,0.01,0.01,0.009999999999999998,0.009999999999999997]]",10.0,10.0,9.999999999999991,1.0,0.9999999999999991,0.9999999999999991,0.00231521486335283,0.8876521049847607,0.07321352240870439,2,7.879262594838771,1.823862728166481,4.320096284197742,2.168007217296901e-05,9.365999923558228e-05,128,0.0003
28,MNISTMLP,MNIST MLP hidden=128 target=3e-04,1.0,0.01,Adam,2,2,1024,128,2.2894092135995496,0.6064453125,full_layer_input_activation,"[[0.055528339840693906,0.04148003070978741,0.03928032838309106,0.037023508404793806,0.026793268139759394,0.02469005373029764,0.021367970257858273,0.020168233827208996,0.017799189491795927,0.01575001468000576,0.013385580124074484,0.011610894345466694,0.01081253509815099,0.010003662644843259,0.00975272581786464,0.009352883323906238,0.009201795036619697,0.008933004485433207,0.008675874805777228,0.008406559165143542,0.008335329929030064,0.008239742116309885,0.007996884635066457,0.007913268233515599,0.007576621535956982,0.007525545950965423,0.007358110407068548,0.007255985413464747,0.006987896152107096,0.006843223056271105,0.006708543066878178,0.006655724472600637,0.006496940752789882,0.006404041243718204,0.0062581533680065365,0.00617534191209426,0.006116002419472787,0.006004803344955767,0.005857822696245003,0.005798284892630399,0.005717532179056646,0.0055736916327929,0.005527343960821359,0.005430193573743041,0.005341963350539336,0.005232447419575295,0.005125966080205592,0.005066410043241909,0.0050032868189383095,0.004848166664011033,0.0048117063009012065,0.004729231055642613,0.0046933314795519635,0.004604853290369878,0.004531689626227363,0.004465832940043887,0.004407080016766543,0.004287851389473891,0.004250679793683579,0.004242767874397521,0.004208891515328425,0.00419388655861243,0.004136256009624517,0.004092273332067423,0.004034873617342572,0.003975238247894319,0.003950319890037424,0.0038927998869069383,0.003814062222168529,0.0037330283071993014,0.003707361535270725,0.003669939057300891,0.003614969002254265,0.0035885740124813833,0.0035291154755196954,0.003495637345790447,0.0034661556511760695,0.00341280874921865,0.003346775990826714,0.0033231231163140637,0.0032519787874225586,0.003208144307107798,0.0031764739508999785,0.003116077316340266,0.003080020108005909,0.0030468110224999047,0.003002124089470285,0.0029744294154937473,0.002954280114997232,0.0029317136928979585,0.002900397881064019,0.002824707865950086,0.002802121844090379,0.0027899915839718946,0.002745950160805423,0.002740757689503038,0.0027167893025852943,0.002640678974109006,0.0026234203061688537,0.0025879491923356643,0.002538015092267673,0.00250981465561238,0.002449306974750625,0.0024379047612460326,0.0023855473999028673,0.002377323914013794,0.0023557522292923148,0.002317686339567795,0.0022939035738768934,0.002272652133864485,0.002181632199004342,0.0021486772393042573,0.002102467669021363,0.0020736888156542644,0.0020139823989726306,0.0019931789941674445,0.0019784470836324425,0.0019472938186608012,0.0019230742579328622,0.0018810014170162188,0.0018442374698005026,0.0018242952962566942,0.00181586805174817,0.0017867135690665962,0.0017103949406399813,0.0016868896425574428,0.0015987538400256203,0.0014818490181240727]]",128.0,50.634535064177946,4.387479881959384,0.3955823051888902,0.034277186577807685,0.08664994901994001,0.008027547088852446,0.6008119314623569,0.06901771922318149,1,15.034103261466655,2.2909517121094636,6.562383302100918,3.2826384417469723e-07,2.154193169695491e-06,128,0.0003
28,MNISTMLP,MNIST MLP hidden=128 target=3e-04,1.0,0.01,Adam,2,2,1024,128,2.2894092135995496,0.6064453125,full_layer_input_activation,"[[0.008754249209888248,0.007364456955683061,0.006254764324069797,0.005682074730960371,0.004880984535308138,0.004260711498303803,0.00404770038114955,0.0034985404578349853,0.00310543537682926,0.002931676048995726]]",10.0,8.857753383639958,3.7986925871790906,0.8857753383639958,0.37986925871790905,0.4288550857822682,0.0014623817787571534,0.6147387331404879,0.08570867610334922,2,5.651304947669982,1.5884604191571656,3.5577247500246525,3.9258071297200866e-05,0.00013966941189228393,128,0.0003
29,MNISTMLP,MNIST MLP hidden=128 target=3e-04,1.0,0.01,Muon,2,2,1024,128,2.293292233933705,0.6337890625,full_layer_input_activation,"[[0.010000000000000007,0.010000000000000005,0.010000000000000005,0.010000000000000004,0.010000000000000004,0.010000000000000004,0.010000000000000004,0.010000000000000004,0.010000000000000004,0.010000000000000004,0.010000000000000004,0.010000000000000004,0.010000000000000004,0.010000000000000004,0.010000000000000004,0.010000000000000002,0.010000000000000002,0.010000000000000002,0.010000000000000002,0.010000000000000002,0.010000000000000002,0.010000000000000002,0.010000000000000002,0.010000000000000002,0.010000000000000002,0.010000000000000002,0.010000000000000002,0.010000000000000002,0.010000000000000002,0.010000000000000002,0.010000000000000002,0.010000000000000002,0.010000000000000002,0.010000000000000002,0.010000000000000002,0.010000000000000002,0.01,0.01,0.01,0.01,0.01,0.01,0.01,0.01,0.01,0.01,0.01,0.01,0.01,0.01,0.01,0.01,0.01,0.01,0.01,0.01,0.01,0.01,0.01,0.01,0.009999999999999998,0.009999999999999998,0.009999999999999998,0.009999999999999998,0.009999999999999998,0.009999999999999998,0.009999999999999998,0.009999999999999998,0.009999999999999998,0.009999999999999998,0.009999999999999998,0.009999999999999998,0.009999999999999998,0.009999999999999998,0.009999999999999998,0.009999999999999998,0.009999999999999998,0.009999999999999998,0.009999999999999998,0.009999999999999998,0.009999999999999998,0.009999999999999998,0.009999999999999998,0.009999999999999997,0.009999999999999997,0.009999999999999997,0.009999999999999997,0.009999999999999997,0.009999999999999997,0.009999999999999997,0.009999999999999997,0.009999999999999997,0.009999999999999997,0.009999999999999997,0.009999999999999997,0.009999999999999997,0.009999999999999997,0.009999999999999997,0.009999999999999997,0.009999999999999997,0.009999999999999995,0.009999999999999995,0.009999999999999995,0.009999999999999995,0.009999999999999995,0.009999999999999995,0.009999999999999995,0.009999999999999995,0.009999999999999995,0.009999999999999995,0.009999999999999995,0.009999999999999995,0.009999999999999995,0.009999999999999995,0.009999999999999995,0.009999999999999995,0.009999999999999995,0.009999999999999995,0.009999999999999995,0.009999999999999995,0.009999999999999995,0.009999999999999995,0.009999999999999993,0.009999999999999993,0.009999999999999993,0.009999999999999993,0.009999999999999993,0.00999999999999999]]",128.0,127.99999999999999,127.99999999999979,0.9999999999999999,0.9999999999999983,0.9999999999999984,0.004551608271787466,0.34419347313988374,0.04023091342857122,1,15.164050809868272,2.2909517121094636,6.61910538302246,3.398548458555497e-07,2.2495350396487374e-06,128,0.0003
29,MNISTMLP,MNIST MLP hidden=128 target=3e-04,1.0,0.01,Muon,2,2,1024,128,2.293292233933705,0.6337890625,full_layer_input_activation,"[[0.010000000000000005,0.010000000000000004,0.010000000000000002,0.01,0.009999999999999998,0.009999999999999998,0.009999999999999998,0.009999999999999998,0.009999999999999998,0.009999999999999998]]",10.0,10.000000000000002,9.99999999999999,1.0000000000000002,0.9999999999999989,0.9999999999999988,0.002952593851983939,0.7717523221778602,0.09336921577679315,2,5.956016467869195,1.8115270787216675,3.287842913213393,4.404626903194571e-05,0.00014481721349017323,128,0.0003
28,MNISTMLP,MNIST MLP hidden=128 target=3e-04,1.0,0.01,Adam,2,3,1024,128,2.2836484999570597,0.5478515625,full_layer_input_activation,"[[0.05546415305958382,0.042453835668663495,0.04018060836349376,0.03923289393417595,0.028176573772405313,0.024963186959681877,0.022225212646033058,0.02003494584052769,0.016129612185819802,0.015060652638181873,0.01250800270974868,0.01197956385959093,0.010227331852348484,0.010085573222898757,0.00926843634115496,0.00909596870460773,0.00883280944696653,0.00879990825602463,0.008619072252325995,0.008331067153068401,0.008061537350381107,0.007849626733139594,0.007612236114079313,0.007344692187671628,0.007119163425599369,0.007065266190177187,0.006999497135178306,0.006917394069734885,0.006737477088895592,0.006625297352863309,0.006487742803329878,0.0062479745199515,0.006212837302193697,0.00607366446261011,0.0058945384654104874,0.005794075362030228,0.005688321237973249,0.005589177806860631,0.005479129042357969,0.005397509817264072,0.005312791413871663,0.005291987680094404,0.005014755076653731,0.004926527877223923,0.004917219936811957,0.004867218257375366,0.004696834834959259,0.004643933492741659,0.00456334994024766,0.004531125670294527,0.00446236950319775,0.004408309417038229,0.0043805857576635346,0.004300397371842302,0.0042625694266543845,0.0041450176714479614,0.004089079890670177,0.004022933797565599,0.003990627254834319,0.003945630163250035,0.003899212362497038,0.0038364503791917933,0.0038024659492893837,0.0036923793164343422,0.0036453753658352555,0.0036233944387607272,0.003587195963507486,0.0035075373976994483,0.003474494936347671,0.0034403733353871786,0.0033756118924075412,0.0033364319786847,0.0032724320830092198,0.003255211283222498,0.0031993839124133624,0.0031638061965388246,0.003115573554729214,0.003088979470421488,0.0030485991883399607,0.003033768245676832,0.0030191211150091195,0.0029351778002409995,0.002919764956564128,0.002876718807559575,0.0028409629741714157,0.002813704244135991,0.002768362839821255,0.002717114722566205,0.002684611772254667,0.0026289829753567816,0.0026090933722735733,0.002570475400981407,0.002539973944034427,0.0025076843125634786,0.0024804772315799523,0.0024516364421530387,0.002422847308422048,0.002370008073537802,0.0023321323500068653,0.0023120800839389476,0.0023071916325149294,0.002290530157282276,0.0022180089603430274,0.0021827220193836438,0.0021662789492772378,0.002124687041691639,0.002088666553292162,0.0020623787509334687,0.00203878077754371,0.002026043561339996,0.00196397149166695,0.00195449186740102,0.0019387955114484215,0.0018612727261691304,0.001852077846325273,0.0018384191128263069,0.0017814116988462277,0.001768376893891068,0.0017035860398383086,0.0016741547158809543,0.0016383047042947804,0.0016044068445905107,0.0015747219999573546,0.0015232178323529208,0.0014779965824521623,0.0014350585457163997,0.001393999707425449,0.0013517068131927968]]",128.0,46.78015580294833,4.410442417355473,0.3654699672105338,0.03445658138558963,0.09428019940620855,0.008395763545836325,0.5979611767156101,0.0720786651166919,1,14.071359336367353,2.2909517121094636,6.142145756276426,3.6144850761288565e-07,2.2200694171469323e-06,128,0.0003
28,MNISTMLP,MNIST MLP hidden=128 target=3e-04,1.0,0.01,Adam,2,3,1024,128,2.2836484999570597,0.5478515625,full_layer_input_activation,"[[0.009157655857167045,0.007622803679493923,0.006642977788359998,0.00526600884744828,0.004936108687519453,0.004215152229247686,0.003969268995067777,0.003364294876474185,0.003100041179549634,0.0025455008857056876]]",10.0,8.634001729856832,3.566854195906315,0.8634001729856833,0.3566854195906315,0.41311715094658197,0.0015809308634012786,0.6319754933591871,0.09140835234260014,2,5.861541638465854,1.4899566125722508,3.9340351182082607,2.8446872989819426e-05,0.00011191099734515964,128,0.0003
29,MNISTMLP,MNIST MLP hidden=128 target=3e-04,1.0,0.01,Muon,2,3,1024,128,2.2906979874535542,0.4892578125,full_layer_input_activation,"[[0.010000000000000007,0.010000000000000007,0.010000000000000005,0.010000000000000005,0.010000000000000005,0.010000000000000004,0.010000000000000004,0.010000000000000004,0.010000000000000004,0.010000000000000004,0.010000000000000004,0.010000000000000002,0.010000000000000002,0.010000000000000002,0.010000000000000002,0.010000000000000002,0.010000000000000002,0.010000000000000002,0.010000000000000002,0.010000000000000002,0.010000000000000002,0.010000000000000002,0.010000000000000002,0.01,0.01,0.01,0.01,0.01,0.01,0.01,0.01,0.01,0.01,0.01,0.01,0.01,0.01,0.01,0.01,0.01,0.01,0.01,0.01,0.01,0.01,0.01,0.01,0.01,0.01,0.01,0.01,0.009999999999999998,0.009999999999999998,0.009999999999999998,0.009999999999999998,0.009999999999999998,0.009999999999999998,0.009999999999999998,0.009999999999999998,0.009999999999999998,0.009999999999999998,0.009999999999999998,0.009999999999999998,0.009999999999999998,0.009999999999999998,0.009999999999999998,0.009999999999999998,0.009999999999999998,0.009999999999999998,0.009999999999999998,0.009999999999999998,0.009999999999999998,0.009999999999999998,0.009999999999999998,0.009999999999999998,0.009999999999999998,0.009999999999999998,0.009999999999999998,0.009999999999999998,0.009999999999999998,0.009999999999999998,0.009999999999999998,0.009999999999999998,0.009999999999999998,0.009999999999999998,0.009999999999999998,0.009999999999999998,0.009999999999999998,0.009999999999999998,0.009999999999999998,0.009999999999999997,0.009999999999999997,0.009999999999999997,0.009999999999999997,0.009999999999999997,0.009999999999999997,0.009999999999999997,0.009999999999999997,0.009999999999999997,0.009999999999999997,0.009999999999999997,0.009999999999999997,0.009999999999999997,0.009999999999999997,0.009999999999999997,0.009999999999999997,0.009999999999999997,0.009999999999999997,0.009999999999999997,0.009999999999999997,0.009999999999999997,0.009999999999999997,0.009999999999999995,0.009999999999999995,0.009999999999999995,0.009999999999999995,0.009999999999999995,0.009999999999999995,0.009999999999999995,0.009999999999999995,0.009999999999999995,0.009999999999999995,0.009999999999999993,0.009999999999999993,0.009999999999999993,0.009999999999999993,0.009999999999999993,0.009999999999999992]]",128.0,128.0,127.99999999999977,1.0,0.9999999999999982,0.9999999999999982,0.004511294864233451,0.36277231106963087,0.039874589880394114,1,16.845279958886383,2.2909517121094636,7.3529615966351285,3.005405914426177e-07,2.209863427107576e-06,128,0.0003
29,MNISTMLP,MNIST MLP hidden=128 target=3e-04,1.0,0.01,Muon,2,3,1024,128,2.2906979874535542,0.4892578125,full_layer_input_activation,"[[0.010000000000000007,0.010000000000000007,0.010000000000000005,0.010000000000000005,0.010000000000000002,0.010000000000000002,0.01,0.01,0.01,0.009999999999999998]]",10.0,9.999999999999996,9.999999999999993,0.9999999999999997,0.9999999999999993,0.9999999999999997,0.0028258674180611214,0.797300520054776,0.08936177406732382,2,6.35688119279616,1.7926554684496754,3.5460696741096154,3.4809208170740294e-05,0.0001234358774740308,128,0.0003
28,MNISTMLP,MNIST MLP hidden=128 target=3e-04,1.0,0.01,Adam,2,4,1024,128,2.2750557541440544,0.525390625,full_layer_input_activation,"[[0.05616330619620011,0.04371313593362425,0.04145707685300151,0.04003597354465506,0.02830993800186279,0.02516454601126239,0.022706671653562268,0.019645429507622957,0.015189315177652218,0.01484574939700133,0.012148666717715305,0.011447318354837758,0.010085921068676437,0.009572884102248944,0.009366443671823921,0.009018265854578815,0.00849388293078259,0.00817165711623814,0.008007744471503065,0.007874668822671255,0.007382675761145249,0.007338728254878703,0.007177493537582934,0.006847599802920644,0.006656141638537571,0.006602995354672796,0.0064649474005037105,0.006316558190206079,0.006297923491645826,0.00613818879577821,0.005985051050555321,0.0058470521694327406,0.005774440425349046,0.005712471296290925,0.005620550442850741,0.0054701787427916485,0.005430956602491838,0.005312609225556719,0.0050999641774975265,0.005078303261314145,0.005043934957546775,0.004869911057604943,0.004803766902840064,0.004727133106360573,0.004598911678641227,0.0045666671335279204,0.004478511235961195,0.00443233138176557,0.0043848556902540015,0.004292443816671041,0.0042290975580642565,0.0040869372770262775,0.004068214603484747,0.004016110917035343,0.003954356992013136,0.003935328387324435,0.0038930826107058682,0.003796602017207764,0.003767522165742503,0.003711221356932296,0.0036329607206854815,0.003600562510092234,0.0035570516107888933,0.0035260434645667865,0.003460214087652569,0.0034123070143407415,0.003356743012011947,0.0033330820458262584,0.0032706699435812365,0.0032545625229198423,0.0031958772163028968,0.0031607025201942627,0.003099987741761784,0.0030620373614622673,0.002992177582255844,0.0029234006218745905,0.002901759672678312,0.002866665708085181,0.002813190036827374,0.002801667985473176,0.002744194093415126,0.0027131923843447476,0.00264888249017009,0.0026371395283397154,0.002628484419866178,0.002590777957035305,0.002577124022312722,0.0025360544134568792,0.00252419706739505,0.0024652090870235337,0.002420204450390703,0.0023821463986681444,0.0023491621207471104,0.0023298531605089037,0.002291625670848123,0.0022590324559640194,0.002217743630649372,0.0022101647272398262,0.0021769406257319958,0.002134202181604132,0.002119529296460497,0.0020805628437666466,0.0020698804218358758,0.002037623116598215,0.0019877160184551272,0.0019506404076396384,0.001945864418931657,0.0019039514854047356,0.0019011754695181487,0.0018940767496839243,0.0018883116844352712,0.001866504742176586,0.001792495877791844,0.001758160859629838,0.0017307656090346107,0.0017001487951075044,0.001675212621474865,0.0016483598501675874,0.0016006606137553606,0.0015651221905169487,0.001551647602267272,0.0015074952572632107,0.0014987281450685515,0.0014017640484994354,0.0013562315002109996,0.001345391085281367,0.0013027090459262764,0.0012302887755877262]]",128.0,43.63345131445096,4.318999547322679,0.3408863383941481,0.03374218396345843,0.0989836792005557,0.008957976997193674,0.6552008599613478,0.07674775807792958,1,15.281981879223922,2.2909517121094636,6.670582273055669,3.413197508483021e-07,2.2768014794524616e-06,128,0.0003
28,MNISTMLP,MNIST MLP hidden=128 target=3e-04,1.0,0.01,Adam,2,4,1024,128,2.2750557541440544,0.525390625,full_layer_input_activation,"[[0.009304795165433881,0.00800799795722577,0.006851807889863117,0.00524107127604498,0.005031551710336492,0.0043456071460010095,0.003737293868970636,0.0033977654639705005,0.0030452111413495487,0.002445836389879093]]",10.0,8.522893051542953,3.581595963622956,0.8522893051542952,0.3581595963622956,0.42023241896418695,0.0018870265473915945,0.7506779371394395,0.10716004738769025,2,6.8133183543852525,1.4252227460100106,4.780528779420278,1.841693980296225e-05,8.804271075691186e-05,128,0.0003
29,MNISTMLP,MNIST MLP hidden=128 target=3e-04,1.0,0.01,Muon,2,4,1024,128,2.285644638825412,0.4296875,full_layer_input_activation,"[[0.010000000000000007,0.010000000000000007,0.010000000000000005,0.010000000000000005,0.010000000000000005,0.010000000000000005,0.010000000000000005,0.010000000000000005,0.010000000000000005,0.010000000000000005,0.010000000000000005,0.010000000000000005,0.010000000000000005,0.010000000000000005,0.010000000000000004,0.010000000000000004,0.010000000000000004,0.010000000000000004,0.010000000000000004,0.010000000000000004,0.010000000000000004,0.010000000000000004,0.010000000000000004,0.010000000000000004,0.010000000000000004,0.010000000000000004,0.010000000000000004,0.010000000000000004,0.010000000000000004,0.010000000000000004,0.010000000000000004,0.010000000000000004,0.010000000000000004,0.010000000000000004,0.010000000000000004,0.010000000000000002,0.010000000000000002,0.010000000000000002,0.010000000000000002,0.010000000000000002,0.010000000000000002,0.010000000000000002,0.010000000000000002,0.010000000000000002,0.010000000000000002,0.010000000000000002,0.010000000000000002,0.010000000000000002,0.010000000000000002,0.010000000000000002,0.010000000000000002,0.010000000000000002,0.010000000000000002,0.010000000000000002,0.010000000000000002,0.010000000000000002,0.010000000000000002,0.010000000000000002,0.010000000000000002,0.010000000000000002,0.010000000000000002,0.010000000000000002,0.010000000000000002,0.01,0.01,0.01,0.01,0.01,0.01,0.01,0.01,0.01,0.01,0.01,0.01,0.01,0.01,0.01,0.01,0.01,0.01,0.01,0.01,0.01,0.01,0.01,0.01,0.01,0.01,0.01,0.01,0.01,0.01,0.01,0.01,0.009999999999999998,0.009999999999999998,0.009999999999999998,0.009999999999999998,0.009999999999999998,0.009999999999999998,0.009999999999999998,0.009999999999999998,0.009999999999999998,0.009999999999999998,0.009999999999999998,0.009999999999999998,0.009999999999999998,0.009999999999999998,0.009999999999999998,0.009999999999999998,0.009999999999999998,0.009999999999999998,0.009999999999999998,0.009999999999999997,0.009999999999999997,0.009999999999999997,0.009999999999999997,0.009999999999999997,0.009999999999999997,0.009999999999999997,0.009999999999999997,0.009999999999999997,0.009999999999999997,0.009999999999999997,0.009999999999999995,0.009999999999999995,0.009999999999999993]]",128.0,128.0,127.99999999999987,1.0,0.999999999999999,0.999999999999999,0.004654462989150259,0.3752492818286159,0.04114002928012445,1,18.023939009650316,2.2909517121094636,7.86744605500839,2.989980769347881e-07,2.352351240835693e-06,128,0.0003
29,MNISTMLP,MNIST MLP hidden=128 target=3e-04,1.0,0.01,Muon,2,4,1024,128,2.285644638825412,0.4296875,full_layer_input_activation,"[[0.010000000000000005,0.010000000000000005,0.010000000000000002,0.01,0.01,0.009999999999999998,0.009999999999999997,0.009999999999999995,0.009999999999999995,0.009999999999999993]]",10.0,9.999999999999998,9.99999999999999,0.9999999999999998,0.9999999999999989,0.9999999999999991,0.0027112586477718156,0.8629989432446091,0.08573752652787144,2,7.447671760413115,1.778437027489496,4.187762425823145,2.484082902809329e-05,0.00010402749043014596,128,0.0003
28,MNISTMLP,MNIST MLP hidden=128 target=3e-04,1.0,0.01,Adam,2,5,1024,128,2.2652553309361996,0.51171875,full_layer_input_activation,,,,,,,,,,,1,12.690042901213845,2.2909517121094636,5.539201386976901,4.4728500749892244e-07,2.4776017339120042e-06,128,0.0003
28,MNISTMLP,MNIST MLP hidden=128 target=3e-04,1.0,0.01,Adam,2,5,1024,128,2.2652553309361996,0.51171875,full_layer_input_activation,,,,,,,,,,,2,5.783933160744244,1.379286755167087,4.193423259577068,2.4428849928638178e-05,0.00010244050749546894,128,0.0003
29,MNISTMLP,MNIST MLP hidden=128 target=3e-04,1.0,0.01,Muon,2,5,1024,128,2.281470760072635,0.3955078125,full_layer_input_activation,,,,,,,,,,,1,15.483063084503682,2.2909517121094636,6.758354182091066,3.945954301437038e-07,2.6668156755457237e-06,128,0.0003
29,MNISTMLP,MNIST MLP hidden=128 target=3e-04,1.0,0.01,Muon,2,5,1024,128,2.281470760072635,0.3955078125,full_layer_input_activation,,,,,,,,,,,2,6.494667200333739,1.7621418581305202,3.685666491813558,3.209199518032991e-05,0.00011828039129158415,128,0.0003
30,MNISTMLP,MNIST MLP hidden=128 target=1e-03,1.0,0.01,Adam,0,0,1024,128,2.3027631678976137,0.935546875,full_layer_input_activation,"[[0.04560821765175779,0.042057614531960094,0.035869922383602156,0.02832291436859602,0.026788173748052643,0.024390799541053842,0.02080299056418224,0.018272102324701073,0.01728202789190847,0.014465111538581755,0.013727839543141225,0.01326932161468176,0.012504571151667535,0.012238291035240899,0.012040501147754734,0.011582706410068146,0.011338337817684344,0.010871264568114344,0.010614887109615532,0.01044496976453547,0.010312889480728742,0.009895948345070706,0.009760492983588763,0.009502148120860626,0.009380908071627704,0.009126278413225507,0.00893661395416615,0.008817668917469025,0.008671115831419945,0.008554070616853707,0.008450498459033031,0.00835268445563471,0.008274922341351017,0.008118145809964719,0.008017044244069687,0.007812055195763429,0.007719325530750736,0.007617580127525579,0.007479534196998833,0.0074096229711019595,0.007320795925043781,0.007212412391154534,0.007156458000906404,0.006945873000721411,0.006910306934521614,0.006829901211107253,0.00679374598550336,0.006687340041303893,0.006620553258303157,0.006556806135298693,0.00648907423169434,0.006414338632583266,0.006380453087478472,0.006285648629347929,0.006140929234630484,0.0060693586510649775,0.005992207892519392,0.005960464410357387,0.005885544161548102,0.005834506621618902,0.005827469919391021,0.005728137519924014,0.005692128898652842,0.00564123625586018,0.005543426678800131,0.005519461803699562,0.005510445697870732,0.0054242242171196366,0.0053682627614044225,0.005336906779021969,0.005300312490789596,0.0052124622463094955,0.0051704693672376175,0.005128591301932904,0.005054318034392482,0.004980888230267923,0.004916989020279146,0.0048867319922099705,0.004838922293785112,0.0047921908677761105,0.00474031111481785,0.004723039298635634,0.004670707293207783,0.004655212425590185,0.004624362173500053,0.004547031000114188,0.004485215006656536,0.00438106707590739,0.004350700395140951,0.004273988620702316,0.0042623396031569805,0.0041888024929721,0.004179094284630723,0.004159490995665841,0.004065091545924501,0.004049852353026785,0.004044046863261463,0.003953757378491297,0.00387934989736614,0.0038357784872070917,0.0038043926607263813,0.0037936817810949324,0.0036845209410106064,0.0036524409035859655,0.00362562826653452,0.0035837490425794896,0.003501110155910993,0.003461081571185364,0.0034187497996242956,0.0034067758255324856,0.003320274966868869,0.0032787523161426683,0.003236879539675592,0.0031821086397021943,0.0031487702284955133,0.0030951856576325715,0.003075899980296052,0.00302989589128581,0.0029543322239556254,0.0028719685452025163,0.002827918926180834,0.0027884953357571953,0.002660110843568333,0.0025880052683903325,0.0025247594220015714,0.0024147906888394998,0.0021590670913200784,0.002029917381154346]]",128.0,70.27424296390545,6.493207223724512,0.5490175231555113,0.05072818143534775,0.09239810988870531,0.006973125352169674,0.6375098854675061,0.06000048214415683,1,19.12389309826881,2.2911742156899897,8.346765150946684,2.22026573940205e-07,1.8532036699481909e-06,128,0.001
30,MNISTMLP,MNIST MLP hidden=128 target=1e-03,1.0,0.01,Adam,0,0,1024,128,2.3027631678976137,0.935546875,full_layer_input_activation,"[[0.007873386742161377,0.006801854372682657,0.006344675333668816,0.00581022453587517,0.00521978607862516,0.004913954461845733,0.004361246956412666,0.003839750200608041,0.0037084926621870186,0.003498372496673531]]",10.0,9.347759517281261,4.733292790279713,0.9347759517281261,0.47332927902797134,0.5063558579496237,0.0010580987714441056,0.6918283409567708,0.061770759422590034,2,7.53648007662287,1.7670345559202452,4.265043969498369,2.472211785812487e-05,0.00010544091968402339,128,0.001
31,MNISTMLP,MNIST MLP hidden=128 target=1e-03,1.0,0.01,Muon,0,0,1024,128,2.3027631678976137,0.935546875,full_layer_input_activation,"[[0.010000000000000009,0.010000000000000007,0.010000000000000007,0.010000000000000005,0.010000000000000005,0.010000000000000005,0.010000000000000004,0.010000000000000004,0.010000000000000004,0.010000000000000004,0.010000000000000004,0.010000000000000004,0.010000000000000004,0.010000000000000004,0.010000000000000004,0.010000000000000004,0.010000000000000004,0.010000000000000004,0.010000000000000004,0.010000000000000004,0.010000000000000004,0.010000000000000004,0.010000000000000002,0.010000000000000002,0.010000000000000002,0.010000000000000002,0.010000000000000002,0.010000000000000002,0.010000000000000002,0.010000000000000002,0.010000000000000002,0.010000000000000002,0.010000000000000002,0.010000000000000002,0.010000000000000002,0.010000000000000002,0.010000000000000002,0.010000000000000002,0.010000000000000002,0.010000000000000002,0.010000000000000002,0.010000000000000002,0.010000000000000002,0.010000000000000002,0.010000000000000002,0.010000000000000002,0.010000000000000002,0.010000000000000002,0.010000000000000002,0.010000000000000002,0.010000000000000002,0.010000000000000002,0.010000000000000002,0.010000000000000002,0.010000000000000002,0.010000000000000002,0.010000000000000002,0.010000000000000002,0.010000000000000002,0.010000000000000002,0.010000000000000002,0.010000000000000002,0.010000000000000002,0.010000000000000002,0.010000000000000002,0.010000000000000002,0.010000000000000002,0.010000000000000002,0.010000000000000002,0.010000000000000002,0.010000000000000002,0.009999999999999998,0.009999999999999998,0.009999999999999998,0.009999999999999998,0.009999999999999998,0.009999999999999998,0.009999999999999998,0.009999999999999998,0.009999999999999998,0.009999999999999998,0.009999999999999998,0.009999999999999998,0.009999999999999998,0.009999999999999998,0.009999999999999998,0.009999999999999998,0.009999999999999998,0.009999999999999998,0.009999999999999998,0.009999999999999998,0.009999999999999998,0.009999999999999998,0.009999999999999998,0.009999999999999998,0.009999999999999998,0.009999999999999998,0.009999999999999998,0.009999999999999998,0.009999999999999998,0.009999999999999998,0.009999999999999997,0.009999999999999997,0.009999999999999997,0.009999999999999997,0.009999999999999997,0.009999999999999997,0.009999999999999997,0.009999999999999997,0.009999999999999997,0.009999999999999997,0.009999999999999997,0.009999999999999997,0.009999999999999997,0.009999999999999997,0.009999999999999997,0.009999999999999995,0.009999999999999995,0.009999999999999995,0.009999999999999995,0.009999999999999995,0.009999999999999995,0.009999999999999995,0.009999999999999995,0.009999999999999993,0.009999999999999993,0.009999999999999993,0.009999999999999993]]",128.0,128.00000000000006,127.99999999999977,1.0000000000000004,0.9999999999999982,0.9999999999999978,0.004115816182850835,0.3865299662771623,0.036379019162639345,1,19.12389309826881,2.2911742156899897,8.346765150946684,2.22026573940205e-07,1.8532036699481909e-06,128,0.001
31,MNISTMLP,MNIST MLP hidden=128 target=1e-03,1.0,0.01,Muon,0,0,1024,128,2.3027631678976137,0.935546875,full_layer_input_activation,"[[0.010000000000000002,0.010000000000000002,0.009999999999999998,0.009999999999999998,0.009999999999999998,0.009999999999999998,0.009999999999999998,0.009999999999999998,0.009999999999999998,0.009999999999999997]]",10.0,9.999999999999996,9.999999999999993,0.9999999999999997,0.9999999999999993,0.9999999999999997,0.0024511442447020864,0.8681290270819699,0.07751198686871703,2,7.53648007662287,1.7670345559202452,4.265043969498369,2.472211785812487e-05,0.00010544091968402339,128,0.001
30,MNISTMLP,MNIST MLP hidden=128 target=1e-03,1.0,0.01,Adam,0,1,1024,128,2.2958417328481855,0.72265625,full_layer_input_activation,"[[0.0551194007053571,0.04606751304213852,0.036124791933829004,0.03062234686849567,0.02555538159006781,0.02446458722775741,0.0202262126603537,0.018170598167227967,0.016831678687857236,0.01591924362310483,0.013444285440222236,0.012526183507899483,0.01223651507374044,0.011395059912954418,0.010773362550254276,0.01013950053595903,0.009875111261358779,0.009486340354978653,0.009295767800232902,0.009114832149354294,0.008829483769570804,0.008592384377759126,0.008502305934674279,0.008171191523557707,0.008124382973017095,0.008002512919600044,0.007834766169675817,0.007674428991281565,0.0074509258254030035,0.007421582634862212,0.007195740457568163,0.00699578365441022,0.006905595816833059,0.006835739366320671,0.006754888080533864,0.0065677613110779595,0.006527160387242267,0.006369399128821342,0.006274925043166527,0.0062230204349510475,0.006046121929016411,0.005977576273083384,0.005953463577839757,0.005751511270999609,0.005709370121434386,0.005617362366033092,0.005509462611489677,0.005488384752755796,0.005449679036793112,0.005382882232343555,0.005268074991899626,0.005266414332010717,0.005194546819951864,0.005095162928175689,0.005029052977948595,0.004957511908583621,0.004878670138634797,0.004751579961451029,0.0047384113995675905,0.00465368573427422,0.004631009625426917,0.004588712623254064,0.004553828893848056,0.004439530131335742,0.004413181380489619,0.0043210115402034215,0.004296284929933511,0.004252847194234692,0.00419794589348993,0.00415314215529928,0.004101397769893191,0.004061598779691681,0.004022178090564732,0.003944967867484063,0.00391491078568902,0.0038868720944826227,0.0038074365838029842,0.003792449020173358,0.003745728512001803,0.003658663663306434,0.0036319863374092935,0.003507640238928115,0.0034884676058211292,0.003479109606924962,0.003424562962203661,0.003407104046101628,0.003381573694872097,0.0033616030056612045,0.0033109061634086718,0.0032967413166216115,0.0031935668920700655,0.0031700599117638673,0.0031415213529220197,0.0031164763070666507,0.003087246001757078,0.0030626168552531897,0.002967486757723077,0.002922301502277714,0.0028877290168959997,0.002883488815583056,0.002828629292949074,0.002789593246752354,0.002740078604754137,0.0027125916886039663,0.0026841592040409224,0.002660537068768971,0.0026155608261813467,0.0025594248925215266,0.002540204028165264,0.002526403928012467,0.002495992347461589,0.0024398539193819344,0.0024019906977055232,0.002332627162107951,0.0023271929222036672,0.0023056610932110414,0.002245916609926391,0.0021935864382046344,0.002164566651033633,0.002131963664733046,0.002058891207032763,0.0020281976726093704,0.001979232402780041,0.0019332367749264627,0.0018622038569210304,0.0018068603820379306,0.0017641258839805793,0.0016709794804251334]]",128.0,55.24790540857162,4.443944534808486,0.43162426100446577,0.034718316678191294,0.08043643468371228,0.008607394896355628,0.6391446212580567,0.07407692164003651,1,15.179217155787533,2.2911742156899897,6.625082043888267,3.366951804511163e-07,2.2306331942704104e-06,128,0.001
30,MNISTMLP,MNIST MLP hidden=128 target=1e-03,1.0,0.01,Adam,0,1,1024,128,2.2958417328481855,0.72265625,full_layer_input_activation,"[[0.008067665339522202,0.007264576276825725,0.006904741770017908,0.0059200977452059655,0.0052724039342446245,0.004612230732538668,0.004242085556010301,0.0035953581839039766,0.003103124824519093,0.0028465389516665524]]",10.0,9.004838552823081,4.583223309490725,0.9004838552823081,0.4583223309490725,0.5089734016445916,0.0013039222462563496,0.631015300420682,0.07549502117479999,2,6.1028022535841835,1.784165338539038,3.42053627080406,4.3044990327980574e-05,0.0001472369506932675,128,0.001
31,MNISTMLP,MNIST MLP hidden=128 target=1e-03,1.0,0.01,Muon,0,1,1024,128,2.2978287030608624,0.814453125,full_layer_input_activation,"[[0.010000000000000009,0.010000000000000009,0.010000000000000007,0.010000000000000007,0.010000000000000005,0.010000000000000005,0.010000000000000005,0.010000000000000005,0.010000000000000005,0.010000000000000005,0.010000000000000005,0.010000000000000005,0.010000000000000005,0.010000000000000004,0.010000000000000004,0.010000000000000004,0.010000000000000004,0.010000000000000004,0.010000000000000004,0.010000000000000004,0.010000000000000004,0.010000000000000004,0.010000000000000004,0.010000000000000004,0.010000000000000004,0.010000000000000002,0.010000000000000002,0.010000000000000002,0.010000000000000002,0.010000000000000002,0.010000000000000002,0.010000000000000002,0.010000000000000002,0.010000000000000002,0.010000000000000002,0.010000000000000002,0.010000000000000002,0.010000000000000002,0.010000000000000002,0.010000000000000002,0.010000000000000002,0.010000000000000002,0.010000000000000002,0.010000000000000002,0.010000000000000002,0.010000000000000002,0.010000000000000002,0.010000000000000002,0.010000000000000002,0.010000000000000002,0.010000000000000002,0.010000000000000002,0.010000000000000002,0.010000000000000002,0.010000000000000002,0.010000000000000002,0.010000000000000002,0.010000000000000002,0.010000000000000002,0.010000000000000002,0.010000000000000002,0.010000000000000002,0.010000000000000002,0.010000000000000002,0.010000000000000002,0.010000000000000002,0.010000000000000002,0.010000000000000002,0.010000000000000002,0.010000000000000002,0.010000000000000002,0.010000000000000002,0.010000000000000002,0.010000000000000002,0.010000000000000002,0.010000000000000002,0.010000000000000002,0.010000000000000002,0.010000000000000002,0.010000000000000002,0.010000000000000002,0.010000000000000002,0.010000000000000002,0.010000000000000002,0.010000000000000002,0.010000000000000002,0.010000000000000002,0.010000000000000002,0.010000000000000002,0.010000000000000002,0.010000000000000002,0.010000000000000002,0.010000000000000002,0.010000000000000002,0.010000000000000002,0.010000000000000002,0.010000000000000002,0.009999999999999998,0.009999999999999998,0.009999999999999998,0.009999999999999998,0.009999999999999998,0.009999999999999998,0.009999999999999998,0.009999999999999998,0.009999999999999998,0.009999999999999998,0.009999999999999998,0.009999999999999998,0.009999999999999998,0.009999999999999998,0.009999999999999998,0.009999999999999998,0.009999999999999997,0.009999999999999997,0.009999999999999997,0.009999999999999997,0.009999999999999997,0.009999999999999997,0.009999999999999997,0.009999999999999997,0.009999999999999997,0.009999999999999997,0.009999999999999995,0.009999999999999995,0.009999999999999995,0.009999999999999995,0.009999999999999993]]",128.0,128.0000000000001,127.99999999999982,1.0000000000000009,0.9999999999999986,0.9999999999999977,0.00441595468858791,0.3537577826098457,0.03903189382141306,1,16.01850480090048,2.2911742156899897,6.9913953688923165,3.051381896211844e-07,2.133341725789734e-06,128,0.001
31,MNISTMLP,MNIST MLP hidden=128 target=1e-03,1.0,0.01,Muon,0,1,1024,128,2.2978287030608624,0.814453125,full_layer_input_activation,"[[0.010000000000000002,0.010000000000000002,0.010000000000000002,0.009999999999999998,0.009999999999999998,0.009999999999999998,0.009999999999999998,0.009999999999999998,0.009999999999999997,0.009999999999999995]]",10.0,10.0,9.999999999999993,1.0,0.9999999999999993,0.9999999999999993,0.0028572372734541,0.7832325979591975,0.09035377599644316,2,6.134533025059133,1.7746418084607312,3.4567725136488443,4.142044664051073e-05,0.0001431810614499761,128,0.001
30,MNISTMLP,MNIST MLP hidden=128 target=1e-03,1.0,0.01,Adam,0,2,1024,128,2.290260535189421,0.5263671875,full_layer_input_activation,"[[0.05762933349140892,0.04705100761543793,0.034716331932879624,0.03199690016294352,0.026702641286023714,0.024078936399275976,0.021043769059423147,0.01977239385119655,0.016716902888163788,0.015901773113727303,0.013429000699732288,0.012295776139724594,0.011625254635613529,0.011045904026505201,0.010548603582428335,0.010183164383013246,0.009981303688509089,0.009411631551577837,0.009174697879915204,0.008440047938301474,0.00838662472632024,0.008200322409536538,0.007864972972486221,0.00757157452310535,0.007427063451017116,0.007374649129983119,0.007256601175906088,0.007132618800278623,0.006926135034414081,0.006843784577763743,0.00672594622375131,0.006518855076574389,0.006319649126039913,0.0062235244479498745,0.006116152179488167,0.005975956514477532,0.005817522108211584,0.005736919554755993,0.005597973264807449,0.0055374424802518635,0.005520259726808849,0.005448021485023777,0.005420314231371254,0.005339646880164461,0.005169839146802648,0.005056897908223587,0.005026292096961359,0.004984806156864146,0.004952890987699838,0.004810185225915932,0.004746406013941761,0.004734475893226061,0.004580066503781349,0.0045255836996063335,0.004501926691963441,0.004428181222448342,0.004413563743058398,0.004314891908986444,0.0042416916509934914,0.0041412502226405535,0.00409001374795767,0.004056447710298247,0.004005006087134428,0.0039717171041154685,0.003945489153396848,0.003872907929084299,0.0038557395293817172,0.0038214745901747693,0.003781012373489616,0.003756067682450348,0.0036727668128336763,0.003663392936768915,0.0036199801768714685,0.003544305419717151,0.0034441765933825165,0.003398394843801965,0.003351232032583553,0.0033311909712522565,0.0033002907659790475,0.0032705010292017034,0.0032085240357113973,0.003196944196392378,0.0031534268841744433,0.0031167128227361485,0.003058606279690741,0.002993953626554066,0.0029826992187425676,0.0029562313372782163,0.002892969480177698,0.002867441252536504,0.002836787621432446,0.002812076038427586,0.002774138117601214,0.0027279699817119884,0.002721028600505939,0.0026707755982789913,0.0026190063212673093,0.0025923750034566226,0.0025505886017898063,0.0025343655383598595,0.002490862656988862,0.0024380783749285723,0.0024244429042319816,0.0023768104467999872,0.002365468296675884,0.0023430837245865866,0.002282946550143107,0.002276565965784,0.0022243511706355767,0.0021854462610000924,0.0021757931356375603,0.0021359654325968716,0.002088504073838331,0.0020323769430260173,0.0020058233498862405,0.002003219499119674,0.0019617768488873763,0.001904821584209579,0.001891971849198058,0.0018394109545771015,0.0017816084422801993,0.0017741128033059608,0.0017524625976994435,0.0017170760263206073,0.001659825431428058,0.0015550575941023332,0.001538092287387094,0.00149701075327381]]",128.0,49.880613403715614,4.072760593107439,0.38969229221652824,0.03181844213365187,0.08165017058118333,0.007639040174995986,0.6232755629620264,0.06568266361033562,1,16.619738510664796,2.2911742156899897,7.253808286097416,2.7836244162924534e-07,2.0191877856285282e-06,128,0.001
30,MNISTMLP,MNIST MLP hidden=128 target=1e-03,1.0,0.01,Adam,0,2,1024,128,2.290260535189421,0.5263671875,full_layer_input_activation,"[[0.007742619278569193,0.007299932722706063,0.006874137540116258,0.006244263361229614,0.005084254760899199,0.004488458524049495,0.003998934117386593,0.003607716775220554,0.00295808437964399,0.0028061930570438373]]",10.0,8.971460465821414,4.85602525474447,0.8971460465821414,0.485602525474447,0.5412747760796001,0.0012246331681696303,0.6279024022284857,0.07177573439806548,2,6.227025270190477,1.7283958933551042,3.602777172828607,3.043754802724372e-05,0.0001096597032294281,128,0.001
31,MNISTMLP,MNIST MLP hidden=128 target=1e-03,1.0,0.01,Muon,0,2,1024,128,2.2944455954771548,0.607421875,full_layer_input_activation,"[[0.01000000000000001,0.010000000000000007,0.010000000000000007,0.010000000000000005,0.010000000000000005,0.010000000000000004,0.010000000000000004,0.010000000000000004,0.010000000000000004,0.010000000000000004,0.010000000000000004,0.010000000000000004,0.010000000000000004,0.010000000000000004,0.010000000000000004,0.010000000000000004,0.010000000000000004,0.010000000000000004,0.010000000000000004,0.010000000000000004,0.010000000000000004,0.010000000000000004,0.010000000000000004,0.010000000000000004,0.010000000000000004,0.010000000000000004,0.010000000000000004,0.010000000000000004,0.010000000000000004,0.010000000000000004,0.010000000000000004,0.010000000000000004,0.010000000000000004,0.010000000000000004,0.010000000000000004,0.010000000000000004,0.010000000000000004,0.010000000000000004,0.010000000000000004,0.010000000000000004,0.010000000000000004,0.010000000000000004,0.010000000000000004,0.010000000000000004,0.010000000000000004,0.010000000000000004,0.010000000000000004,0.010000000000000004,0.010000000000000004,0.010000000000000004,0.010000000000000004,0.010000000000000004,0.010000000000000004,0.010000000000000004,0.010000000000000004,0.010000000000000004,0.01,0.01,0.01,0.01,0.01,0.01,0.01,0.01,0.01,0.01,0.01,0.01,0.01,0.01,0.01,0.01,0.01,0.01,0.01,0.01,0.01,0.01,0.01,0.01,0.01,0.01,0.01,0.01,0.01,0.01,0.01,0.01,0.01,0.01,0.01,0.01,0.01,0.01,0.01,0.01,0.01,0.01,0.01,0.01,0.01,0.01,0.01,0.01,0.01,0.01,0.01,0.01,0.01,0.01,0.01,0.01,0.01,0.01,0.009999999999999997,0.009999999999999997,0.009999999999999997,0.009999999999999997,0.009999999999999997,0.009999999999999997,0.009999999999999997,0.009999999999999997,0.009999999999999997,0.009999999999999997,0.009999999999999997,0.009999999999999997,0.009999999999999997,0.009999999999999993]]",128.0,128.00000000000003,127.99999999999976,1.0000000000000002,0.9999999999999981,0.9999999999999979,0.004243024833066978,0.3684412551261876,0.03750339540255731,1,17.375866685306896,2.2911742156899897,7.583826042697558,2.5970122322854957e-07,1.9695289000410864e-06,128,0.001
31,MNISTMLP,MNIST MLP hidden=128 target=1e-03,1.0,0.01,Muon,0,2,1024,128,2.2944455954771548,0.607421875,full_layer_input_activation,"[[0.010000000000000007,0.010000000000000007,0.010000000000000005,0.01,0.01,0.009999999999999998,0.009999999999999998,0.009999999999999998,0.009999999999999997,0.009999999999999997]]",10.0,10.0,9.999999999999988,1.0,0.9999999999999988,0.9999999999999988,0.002495557272858914,0.8096594516380589,0.07891645013632467,2,6.555484276268422,1.7619077099729463,3.720674039373538,2.790874941545213e-05,0.00010383935942145415,128,0.001
30,MNISTMLP,MNIST MLP hidden=128 target=1e-03,1.0,0.01,Adam,0,3,1024,128,2.280650025543926,0.451171875,full_layer_input_activation,"[[0.056245899698205495,0.05082269677925862,0.037339742240689304,0.031212916647742197,0.027067880216312276,0.024449784575908372,0.021289892266431243,0.01986879882144928,0.01726688496124315,0.015462219402861258,0.013117055149002058,0.012337101870279076,0.011149693413618038,0.010279722080259608,0.009976766174587912,0.009835799553769462,0.00915426418379341,0.009050439381398238,0.008490184073512382,0.00825088608144066,0.007805763575192875,0.007615323362797717,0.007470486570773537,0.007409845619191672,0.007055438280249115,0.006931257455672563,0.006737829927444228,0.0066843949352111826,0.006528522266158002,0.0063453572068252004,0.006206378530235318,0.006056741099328371,0.005897438005912985,0.0058598726245430305,0.005757504077200638,0.005637528732959648,0.0055620259485295795,0.005412172235587505,0.005315841667556916,0.005299118364034513,0.005164188283716849,0.005131252724267912,0.0050060703433486165,0.00479593981794158,0.004726349359515129,0.004711850990831009,0.004655462829795077,0.004582208971429882,0.0045284961963498105,0.0044003144419918865,0.00437680412794786,0.004345115641716084,0.004290402835329528,0.004212734362017967,0.0041328880730620845,0.004080773193786772,0.003985428795879733,0.003894298357018655,0.0038549765135702106,0.0038175459292755514,0.0037787753147619893,0.003734545509523469,0.0036808893171466645,0.0036572001576301886,0.0035695484440189,0.0035270610705151082,0.0035054012983478855,0.0034714040071126017,0.0034163892810286723,0.003403194112372533,0.0033411597838422617,0.003302113171643612,0.003207957428372696,0.003160183377835492,0.0031185401254808036,0.0030998867050436958,0.0030444662269729734,0.002979851710591168,0.002964442819862592,0.0029278753225650185,0.002874999597200633,0.002864894351350187,0.002793219224809405,0.0027586585652036514,0.002734735002481442,0.0026729817430778987,0.0026448910871116173,0.0026273914724156944,0.002578843551009807,0.002575597883574974,0.0025729746731429394,0.002523913608923701,0.002493480353758446,0.002480982580515334,0.0024429359401647796,0.002406502350366619,0.0023629386596463837,0.002354192310348123,0.002304777610743355,0.0022774134638755173,0.0022316496487446544,0.002214966952244452,0.0021942685290336733,0.0021693590794564987,0.0021480917370565026,0.002115480655078389,0.0020942388653372385,0.0020614792374139086,0.0020427533628049705,0.0019949532966767004,0.001979541916973177,0.0019523620095148254,0.0019067071073004178,0.001871207228892609,0.0018567312025960507,0.001809311141659384,0.0017857358521172985,0.0017644295912302298,0.0017021485080134025,0.0016912081955260036,0.001640980660313028,0.0016222817348154226,0.001595029937992797,0.0015363737644117617,0.0015015215304421282,0.001439956078477114,0.0013990688115044514,0.0013160377018882907]]",128.0,45.87248738208978,4.28773588278755,0.3583788076725764,0.033497936584277736,0.09347075180539767,0.008855112658028222,0.6186513270990468,0.07603073867828768,1,14.101172718408566,2.2911742156899897,6.15456154396447,3.78578412679826e-07,2.3299841400543683e-06,128,0.001
30,MNISTMLP,MNIST MLP hidden=128 target=1e-03,1.0,0.01,Adam,0,3,1024,128,2.280650025543926,0.451171875,full_layer_input_activation,"[[0.007894009998871658,0.007860200372890275,0.007125483506181617,0.00620820201432806,0.004995566991821047,0.004457094882200565,0.0037194297262025584,0.003469673270439006,0.002782397881264717,0.0025265559520589054]]",10.0,8.734614920342276,4.785845200143354,0.8734614920342276,0.4785845200143354,0.5479171370219735,0.0016966282097237854,0.6999439684720327,0.09824482604424795,2,6.659503531935073,1.6456004586011272,4.046853230459176,3.123903150585804e-05,0.0001264197755658976,128,0.001
31,MNISTMLP,MNIST MLP hidden=128 target=1e-03,1.0,0.01,Muon,0,3,1024,128,2.2891892389179023,0.4931640625,full_layer_input_activation,"[[0.010000000000000012,0.010000000000000007,0.010000000000000007,0.010000000000000007,0.010000000000000007,0.010000000000000007,0.010000000000000007,0.010000000000000005,0.010000000000000005,0.010000000000000005,0.010000000000000005,0.010000000000000005,0.010000000000000005,0.010000000000000005,0.010000000000000005,0.010000000000000005,0.010000000000000005,0.010000000000000005,0.010000000000000005,0.010000000000000005,0.010000000000000005,0.010000000000000005,0.010000000000000005,0.010000000000000004,0.010000000000000004,0.010000000000000004,0.010000000000000004,0.010000000000000004,0.010000000000000004,0.010000000000000004,0.010000000000000004,0.010000000000000004,0.010000000000000004,0.010000000000000004,0.010000000000000004,0.010000000000000004,0.010000000000000004,0.010000000000000004,0.010000000000000004,0.010000000000000004,0.010000000000000004,0.010000000000000004,0.010000000000000004,0.010000000000000004,0.010000000000000004,0.010000000000000004,0.010000000000000002,0.010000000000000002,0.010000000000000002,0.010000000000000002,0.010000000000000002,0.010000000000000002,0.010000000000000002,0.010000000000000002,0.010000000000000002,0.010000000000000002,0.010000000000000002,0.010000000000000002,0.010000000000000002,0.010000000000000002,0.010000000000000002,0.010000000000000002,0.010000000000000002,0.010000000000000002,0.010000000000000002,0.010000000000000002,0.010000000000000002,0.010000000000000002,0.010000000000000002,0.010000000000000002,0.010000000000000002,0.010000000000000002,0.010000000000000002,0.01,0.01,0.01,0.01,0.01,0.01,0.01,0.01,0.01,0.01,0.01,0.01,0.01,0.01,0.01,0.01,0.01,0.01,0.01,0.01,0.01,0.01,0.01,0.01,0.01,0.01,0.01,0.01,0.01,0.01,0.01,0.009999999999999998,0.009999999999999998,0.009999999999999998,0.009999999999999998,0.009999999999999998,0.009999999999999998,0.009999999999999998,0.009999999999999998,0.009999999999999998,0.009999999999999998,0.009999999999999998,0.009999999999999998,0.009999999999999998,0.009999999999999998,0.009999999999999997,0.009999999999999997,0.009999999999999997,0.009999999999999997,0.009999999999999997,0.009999999999999997,0.009999999999999997,0.009999999999999995,0.009999999999999995,0.009999999999999992]]",128.0,128.00000000000003,127.99999999999974,1.0000000000000002,0.999999999999998,0.9999999999999978,0.004526798609265706,0.35537397829102585,0.04001162492097034,1,16.16520504913781,2.2911742156899897,7.055423781586875,3.1773894827739586e-07,2.241782932012741e-06,128,0.001
31,MNISTMLP,MNIST MLP hidden=128 target=1e-03,1.0,0.01,Muon,0,3,1024,128,2.2891892389179023,0.4931640625,full_layer_input_activation,"[[0.010000000000000012,0.01000000000000001,0.010000000000000007,0.010000000000000007,0.010000000000000007,0.010000000000000004,0.010000000000000004,0.010000000000000002,0.009999999999999998,0.009999999999999997]]",10.0,9.999999999999998,9.999999999999984,0.9999999999999998,0.9999999999999984,0.9999999999999986,0.002765416390593054,0.8364496384376637,0.08745014473035884,2,6.996479976424991,1.7498783614159787,3.9982664685124347,2.95388400796254e-05,0.0001181041538091174,128,0.001
30,MNISTMLP,MNIST MLP hidden=128 target=1e-03,1.0,0.01,Adam,0,4,1024,128,2.2696632145875157,0.462890625,full_layer_input_activation,"[[0.05795210253417947,0.05050516289494472,0.039245208897056766,0.030884201521959437,0.028042306805999187,0.024897693075378778,0.02172898835741012,0.02103240550223682,0.017218981707176003,0.015532887995140831,0.012092539432713656,0.011549457130675405,0.010308096865126168,0.009901956596776462,0.009247131463628142,0.009086346034576446,0.008527542563473638,0.008374330585857638,0.008255650040907449,0.007856076863213645,0.0073541161035562555,0.007311756594967154,0.007073202866361737,0.006856733873898745,0.006550254843176364,0.00643609294551385,0.00635733599742978,0.0062185675138674255,0.006098182223824299,0.005978031317632852,0.005855527135140537,0.005811973491019755,0.005601340355635841,0.005407036762727318,0.005387966430444358,0.005308702240030207,0.005167740380761873,0.00508598109501209,0.004997570735405482,0.004884689426382674,0.0047981565756751565,0.0047398437756802445,0.004628436657949772,0.004570392664969824,0.004531565427644286,0.004419717999665146,0.004379952608424137,0.004289485951067701,0.004208848243691546,0.004114859588143239,0.004028789276964422,0.003965143601350602,0.0038487611407308194,0.0038196367028725513,0.003760750064618656,0.0037506047758723705,0.00370539134931106,0.003609642319267406,0.0035609703438937656,0.003540931805369778,0.003510435729754732,0.003455387357056256,0.00336530635426156,0.0033580937678768592,0.003304725447435905,0.0031874307468360394,0.003175151077393114,0.003149513596169837,0.003095428868647258,0.002995571216566665,0.002984622037838328,0.0029571502218915737,0.0029481224466572976,0.0028896975867399614,0.002838411979278327,0.002829955101159913,0.002788455314127141,0.0027564195602367706,0.0027445365868173813,0.002648446137677877,0.0026214104712709084,0.002605484900480324,0.0025777504447656295,0.0025200245746394194,0.0024981444924518452,0.002463252610363612,0.0024612367994343363,0.0024177679770760203,0.0023762096623271734,0.0023394102842278293,0.0023114753734831944,0.002288234817004215,0.0022555672152599535,0.0022176313657958024,0.0021836587580079873,0.002161998365555195,0.002137761028069818,0.0021115591949045763,0.00208952596144255,0.0020461295907744435,0.0020389366305929436,0.001991591212034035,0.0019715476719772656,0.0019304081782887798,0.0019171775763009897,0.0019029519850122607,0.0018858708094212052,0.0018400448518794688,0.0018177526993250512,0.0018018624988996763,0.0017586848960541041,0.0017510241165312385,0.0017249285109409295,0.0016867245901226542,0.0016519363603709274,0.0016295855058673636,0.0015868059597120676,0.0015372394765817126,0.0015224865296298673,0.0014721530799999029,0.0014347622357564177,0.001423661889381875,0.0013827849566142307,0.0013565407678004058,0.0013153885436968452,0.0013003647780696949,0.0012280037068419622,0.0011764214200491554]]",128.0,42.148036053433856,4.058589270644997,0.329281531667452,0.031707728676914036,0.09629367464476053,0.010123460283981513,0.6256020452667835,0.08671060869210073,1,12.729810692733096,2.2911742156899897,5.556020404541564,4.81523485508873e-07,2.6753543107532722e-06,128,0.001
30,MNISTMLP,MNIST MLP hidden=128 target=1e-03,1.0,0.01,Adam,0,4,1024,128,2.2696632145875157,0.462890625,full_layer_input_activation,"[[0.00829359208212907,0.008010151989762605,0.006680789155315102,0.006357401046999116,0.0048554031928226184,0.004515858739014829,0.0036366065059151987,0.003341732076609215,0.0027002110197890767,0.002546495012792655]]",10.0,8.645225874755239,4.363411763856837,0.8645225874755239,0.43634117638568365,0.5047192319865642,0.0021616858434514614,0.6727790146522732,0.12477765182790192,2,6.142153417155119,1.565261708904035,3.9240424666465086,3.566181962911652e-05,0.00013993849466254128,128,0.001
31,MNISTMLP,MNIST MLP hidden=128 target=1e-03,1.0,0.01,Muon,0,4,1024,128,2.283888828009547,0.4599609375,full_layer_input_activation,"[[0.010000000000000007,0.010000000000000005,0.010000000000000005,0.010000000000000005,0.010000000000000004,0.010000000000000004,0.010000000000000004,0.010000000000000004,0.010000000000000004,0.010000000000000004,0.010000000000000004,0.010000000000000004,0.010000000000000004,0.010000000000000002,0.010000000000000002,0.010000000000000002,0.010000000000000002,0.010000000000000002,0.010000000000000002,0.010000000000000002,0.010000000000000002,0.010000000000000002,0.010000000000000002,0.010000000000000002,0.010000000000000002,0.010000000000000002,0.010000000000000002,0.010000000000000002,0.010000000000000002,0.010000000000000002,0.010000000000000002,0.010000000000000002,0.010000000000000002,0.010000000000000002,0.010000000000000002,0.010000000000000002,0.010000000000000002,0.010000000000000002,0.01,0.01,0.01,0.01,0.01,0.01,0.01,0.01,0.01,0.01,0.01,0.01,0.01,0.01,0.01,0.01,0.01,0.01,0.01,0.01,0.01,0.01,0.01,0.01,0.01,0.01,0.01,0.01,0.01,0.01,0.01,0.009999999999999998,0.009999999999999998,0.009999999999999998,0.009999999999999998,0.009999999999999998,0.009999999999999998,0.009999999999999998,0.009999999999999998,0.009999999999999998,0.009999999999999998,0.009999999999999998,0.009999999999999998,0.009999999999999998,0.009999999999999998,0.009999999999999998,0.009999999999999998,0.009999999999999998,0.009999999999999998,0.009999999999999998,0.009999999999999998,0.009999999999999998,0.009999999999999998,0.009999999999999998,0.009999999999999998,0.009999999999999998,0.009999999999999998,0.009999999999999998,0.009999999999999998,0.009999999999999997,0.009999999999999997,0.009999999999999997,0.009999999999999997,0.009999999999999997,0.009999999999999997,0.009999999999999997,0.009999999999999997,0.009999999999999997,0.009999999999999997,0.009999999999999997,0.009999999999999997,0.009999999999999997,0.009999999999999997,0.009999999999999997,0.009999999999999997,0.009999999999999997,0.009999999999999997,0.009999999999999997,0.009999999999999995,0.009999999999999995,0.009999999999999995,0.009999999999999995,0.009999999999999995,0.009999999999999995,0.009999999999999995,0.009999999999999995,0.009999999999999995,0.009999999999999993,0.009999999999999993,0.009999999999999993]]",128.0,128.00000000000003,127.99999999999982,1.0000000000000002,0.9999999999999986,0.9999999999999983,0.00492648341135672,0.33368442569997964,0.043544372844667084,1,14.252197882204863,2.2911742156899897,6.220477598170246,4.268364800940952e-07,2.6551267625071594e-06,128,0.001
31,MNISTMLP,MNIST MLP hidden=128 target=1e-03,1.0,0.01,Muon,0,4,1024,128,2.283888828009547,0.4599609375,full_layer_input_activation,"[[0.010000000000000002,0.010000000000000002,0.010000000000000002,0.01,0.01,0.009999999999999998,0.009999999999999998,0.009999999999999998,0.009999999999999997,0.009999999999999995]]",10.0,10.0,9.999999999999993,1.0,0.9999999999999993,0.9999999999999993,0.0031242024755538536,0.8085828202334991,0.09879595694286697,2,6.5380617717675955,1.741203176380735,3.754910317449346,3.644948983353374e-05,0.00013686456544170092,128,0.001
30,MNISTMLP,MNIST MLP hidden=128 target=1e-03,1.0,0.01,Adam,0,5,1024,128,2.2608883192298492,0.458984375,full_layer_input_activation,,,,,,,,,,,1,13.031769345465522,2.2911742156899897,5.6878125007796445,4.6030686754483524e-07,2.6181391554162343e-06,128,0.001
30,MNISTMLP,MNIST MLP hidden=128 target=1e-03,1.0,0.01,Adam,0,5,1024,128,2.2608883192298492,0.458984375,full_layer_input_activation,,,,,,,,,,,2,5.152600363422402,1.499263102791312,3.4367552658565037,3.7010129497894565e-05,0.0001271947574419203,128,0.001
31,MNISTMLP,MNIST MLP hidden=128 target=1e-03,1.0,0.01,Muon,0,5,1024,128,2.2809506986734016,0.3896484375,full_layer_input_activation,,,,,,,,,,,1,15.253885523693299,2.2911742156899897,6.657671607525303,4.1634451673209397e-07,2.7718850679961055e-06,128,0.001
31,MNISTMLP,MNIST MLP hidden=128 target=1e-03,1.0,0.01,Muon,0,5,1024,128,2.2809506986734016,0.3896484375,full_layer_input_activation,,,,,,,,,,,2,6.141769235774764,1.7382512054588721,3.5333035964461934,3.410423368242004e-05,0.00012050061152413613,128,0.001
32,MNISTMLP,MNIST MLP hidden=128 target=1e-03,1.0,0.01,Adam,1,0,1024,128,2.302740940608939,0.8828125,full_layer_input_activation,"[[0.05181305493376307,0.03565072732654135,0.03317397121641149,0.03154848628580252,0.028310100896033946,0.022398704083114822,0.019924341617084958,0.01853626952731325,0.016723053316336767,0.01480239541175794,0.013297603945764352,0.013104632001304479,0.012774738497628675,0.011880777965430028,0.011740344819074974,0.011503976322793066,0.011192572807570755,0.010925999984018381,0.010548175610391832,0.01026699835065264,0.010198835292815081,0.00992848009422053,0.009817635197091756,0.009560092568953722,0.009498574419434688,0.009132911289934681,0.008846106496648187,0.008762017401878408,0.008690615848136598,0.00858650980123819,0.00838793398081205,0.00827525352014299,0.008132794536271908,0.007914242153553363,0.007806800639050055,0.007584527135759713,0.007506211846390883,0.0074731811246765405,0.007351341726551118,0.007278065905964082,0.007202897195963051,0.007137291200747522,0.007083495531182504,0.006988809046298826,0.006851359378360568,0.006847970537987015,0.006815187668293452,0.006750450824292247,0.006622884849073061,0.006491176899057056,0.006419717840377172,0.006403334838355862,0.006290343744598483,0.006234881058069182,0.0062116987400754374,0.006144999882970811,0.006079608841620084,0.005959535598863301,0.005941412666554778,0.005871511164507002,0.005799921368614399,0.005770800670263122,0.00565731475859654,0.005580876602987371,0.005521113014832196,0.005495900317779178,0.0054485407479365,0.005364441092223343,0.005342735397734977,0.005257887707567782,0.005210951291435039,0.005184321377214404,0.005110463741053096,0.005052854957607739,0.005034948964606747,0.004969382739459366,0.004932023443058669,0.004889785377097477,0.004806085837353918,0.004767598428085619,0.004726630179228379,0.004715015768254405,0.004645476960214298,0.0046148572388543755,0.00455790185963803,0.004510581346336093,0.004445957671917921,0.0044140513711151365,0.004369359761834195,0.004280225631812924,0.004235229353572456,0.0041755142764564575,0.004100346785538018,0.0040422749998097985,0.004015525937300405,0.003944067674332923,0.003897007625946259,0.0038911205065001162,0.0038309011606713268,0.0037852396913851233,0.0037666462491409403,0.003695727862081364,0.0036783651616754016,0.003634849272433678,0.0035978775587139186,0.0035840000972842574,0.0035669658973570616,0.0035360097836574676,0.003487217500671771,0.003395060999049605,0.003389543847262438,0.0032982722275999425,0.003255586297137874,0.00323989244494742,0.0031730522605886513,0.0031441286110938135,0.003115470125450758,0.0030695130322075503,0.0030190949453307615,0.002986093153770752,0.0029141682039918256,0.0029025432963811224,0.002810794297969246,0.002783613070901687,0.0027021712605653212,0.002615319649047023,0.0025171455528876464,0.002424332056546826]]",128.0,69.75484825614426,5.033764638791414,0.544959752001127,0.03932628624055792,0.07216365262966538,0.00775209834127419,0.6248898450178637,0.0666858392642938,1,16.458152240240597,2.3177586117928044,7.100891420056072,2.9279581419538364e-07,2.079111284848332e-06,128,0.001
32,MNISTMLP,MNIST MLP hidden=128 target=1e-03,1.0,0.01,Adam,1,0,1024,128,2.302740940608939,0.8828125,full_layer_input_activation,"[[0.008614765417060398,0.00683109904890639,0.005897452131761485,0.0054409670809380676,0.005308531664582643,0.004520790154923388,0.004003298947489815,0.003653731673320274,0.0035550931263056865,0.0032399586426369842]]",10.0,9.105355326277772,3.8589980825802295,0.9105355326277772,0.38589980825802295,0.42381630856769326,0.0012050921087973128,0.6695928335176689,0.07120975724451618,2,6.309646235474953,1.7323460271792825,3.6422551479214147,3.1065038790595303e-05,0.0001131467974554242,128,0.001
33,MNISTMLP,MNIST MLP hidden=128 target=1e-03,1.0,0.01,Muon,1,0,1024,128,2.302740940608939,0.8828125,full_layer_input_activation,"[[0.010000000000000007,0.010000000000000005,0.010000000000000005,0.010000000000000005,0.010000000000000004,0.010000000000000004,0.010000000000000004,0.010000000000000004,0.010000000000000004,0.010000000000000004,0.010000000000000004,0.010000000000000004,0.010000000000000004,0.010000000000000004,0.010000000000000004,0.010000000000000002,0.010000000000000002,0.010000000000000002,0.010000000000000002,0.010000000000000002,0.010000000000000002,0.010000000000000002,0.010000000000000002,0.010000000000000002,0.010000000000000002,0.010000000000000002,0.010000000000000002,0.010000000000000002,0.010000000000000002,0.010000000000000002,0.010000000000000002,0.010000000000000002,0.010000000000000002,0.010000000000000002,0.010000000000000002,0.010000000000000002,0.01,0.01,0.01,0.01,0.01,0.01,0.01,0.01,0.01,0.01,0.01,0.01,0.01,0.01,0.01,0.01,0.01,0.009999999999999998,0.009999999999999998,0.009999999999999998,0.009999999999999998,0.009999999999999998,0.009999999999999998,0.009999999999999998,0.009999999999999998,0.009999999999999998,0.009999999999999998,0.009999999999999998,0.009999999999999998,0.009999999999999998,0.009999999999999998,0.009999999999999998,0.009999999999999998,0.009999999999999998,0.009999999999999998,0.009999999999999998,0.009999999999999998,0.009999999999999998,0.009999999999999998,0.009999999999999998,0.009999999999999998,0.009999999999999998,0.009999999999999998,0.009999999999999998,0.009999999999999998,0.009999999999999998,0.009999999999999998,0.009999999999999998,0.009999999999999997,0.009999999999999997,0.009999999999999997,0.009999999999999997,0.009999999999999997,0.009999999999999997,0.009999999999999997,0.009999999999999997,0.009999999999999997,0.009999999999999997,0.009999999999999997,0.009999999999999997,0.009999999999999997,0.009999999999999997,0.009999999999999997,0.009999999999999997,0.009999999999999997,0.009999999999999997,0.009999999999999997,0.009999999999999997,0.009999999999999995,0.009999999999999995,0.009999999999999995,0.009999999999999995,0.009999999999999995,0.009999999999999995,0.009999999999999995,0.009999999999999995,0.009999999999999995,0.009999999999999995,0.009999999999999995,0.009999999999999995,0.009999999999999995,0.009999999999999995,0.009999999999999993,0.009999999999999993,0.009999999999999993,0.009999999999999993,0.009999999999999993,0.009999999999999993,0.009999999999999993,0.009999999999999993,0.009999999999999992,0.009999999999999992]]",128.0,128.00000000000003,127.99999999999976,1.0000000000000002,0.9999999999999981,0.9999999999999979,0.004329330010019883,0.35857957886204395,0.03826623260099361,1,16.458152240240597,2.3177586117928044,7.100891420056072,2.9279581419538364e-07,2.079111284848332e-06,128,0.001
33,MNISTMLP,MNIST MLP hidden=128 target=1e-03,1.0,0.01,Muon,1,0,1024,128,2.302740940608939,0.8828125,full_layer_input_activation,"[[0.010000000000000007,0.010000000000000004,0.010000000000000002,0.01,0.01,0.009999999999999998,0.009999999999999997,0.009999999999999997,0.009999999999999995,0.009999999999999995]]",10.0,10.000000000000002,9.999999999999986,1.0000000000000002,0.9999999999999986,0.9999999999999984,0.002671352586713051,0.7943328166124667,0.08447558607395692,2,6.309646235474953,1.7323460271792825,3.6422551479214147,3.1065038790595303e-05,0.0001131467974554242,128,0.001
32,MNISTMLP,MNIST MLP hidden=128 target=1e-03,1.0,0.01,Adam,1,1,1024,128,2.2979553775172588,0.80078125,full_layer_input_activation,"[[0.0533326769380724,0.043118616943319706,0.03642872735702349,0.03264447553167529,0.02707783759897479,0.024324071446898174,0.022007898747216578,0.01822049844889465,0.017138460719141,0.01659085479948195,0.013372423017746927,0.01212955148272576,0.011987792088322298,0.0112827984813755,0.01086860755004094,0.01044148195466602,0.010008149973029049,0.009666604143840858,0.009583171207469814,0.009306337965212309,0.009167299016179478,0.00886068543064936,0.008668881674610765,0.008556669152086752,0.008460225592168408,0.008233858666242414,0.00809090272847533,0.007939703912748699,0.007797745409520858,0.007641072113366268,0.007334920574621718,0.0071661860921540255,0.007019796966185085,0.006967228995584262,0.0068638975654067005,0.006814659070703472,0.006715643665386815,0.006567112194973505,0.006535903241911262,0.006326003525831158,0.00622894215408141,0.006117780708946182,0.006080942670528451,0.0060309490066536905,0.005868121040426627,0.0057763683051616325,0.005774067013199319,0.0056739864300132566,0.00556710677735083,0.005498730208917912,0.005428666900327843,0.0053216903700826,0.0052915074587591105,0.005204678944681005,0.005132580213626856,0.005083776305767558,0.005018720870776761,0.004938854514415636,0.0048894120328782445,0.004838937712150941,0.004668712670736798,0.004656418552744791,0.00465243132328754,0.004607888490054426,0.004539726505469494,0.00449233822210396,0.004394321333577939,0.00435656755246605,0.004293431904629864,0.0042556183466640005,0.004199660252023901,0.004143522156137421,0.004108301981895434,0.004044160020195655,0.0040122372302363995,0.003971671508924747,0.0039443558380540785,0.0039200701517707465,0.0038332078602184186,0.003804973273232937,0.0037958737183146525,0.003748241131989376,0.003687049461125895,0.003676113413620644,0.003628107488702878,0.003551211762642677,0.003524454137331837,0.00349769196194433,0.0034422080957729915,0.0033982362696536777,0.0033663291539600313,0.003348280509360492,0.003280411158091261,0.003239840626087876,0.003161312118628267,0.003137970067783539,0.0031188964962482932,0.0030916171305150728,0.003036347581695995,0.0030026644051526106,0.002966831818229737,0.0029020734780684397,0.0028762906079452303,0.0028322088488199255,0.00278099113099239,0.0027701449833191943,0.0027323715340629084,0.0026995208426640444,0.0026760030991431444,0.00264829953834227,0.0025996979821018445,0.002578799850666491,0.002524223542755484,0.002493509967793308,0.0024608236746023427,0.002426350884480426,0.0023811043707307696,0.0023511076340415513,0.0022972960412500497,0.0022149662419153585,0.0022033175056053495,0.002089459278134145,0.002066506804999102,0.002014267423714943,0.0019902750621596105,0.0019356268799780722,0.0019034155011024843,0.0018389782907195316]]",128.0,57.458397874927485,4.7589419741304795,0.448893733397871,0.03717923417289437,0.08282413276627557,0.00711091636251639,0.6188467636526253,0.061119104572591884,1,17.883579329842643,2.3177586117928044,7.715893811741489,2.507796391429302e-07,1.9349890657736987e-06,128,0.001
32,MNISTMLP,MNIST MLP hidden=128 target=1e-03,1.0,0.01,Adam,1,1,1024,128,2.2979553775172588,0.80078125,full_layer_input_activation,"[[0.008210893875698427,0.006823091405757778,0.005647071988234027,0.005330522676138735,0.004667992168218991,0.004450024616426732,0.003936364894944108,0.003726718913032297,0.0031235931495726984,0.0030769748454163312]]",10.0,9.075753853187265,3.9229148954982898,0.9075753853187265,0.39229148954982895,0.432241217529343,0.000971718261221518,0.6416608496757119,0.059751041827899365,2,7.448410833863771,1.6590135919710969,4.489662333033819,2.0777870354163595e-05,9.328562188974834e-05,128,0.001
33,MNISTMLP,MNIST MLP hidden=128 target=1e-03,1.0,0.01,Muon,1,1,1024,128,2.2993069454404247,0.7939453125,full_layer_input_activation,"[[0.010000000000000005,0.010000000000000004,0.010000000000000004,0.010000000000000004,0.010000000000000004,0.010000000000000004,0.010000000000000004,0.010000000000000002,0.010000000000000002,0.010000000000000002,0.010000000000000002,0.010000000000000002,0.010000000000000002,0.010000000000000002,0.010000000000000002,0.010000000000000002,0.010000000000000002,0.010000000000000002,0.010000000000000002,0.010000000000000002,0.010000000000000002,0.010000000000000002,0.010000000000000002,0.010000000000000002,0.010000000000000002,0.010000000000000002,0.01,0.01,0.01,0.01,0.01,0.01,0.01,0.01,0.01,0.01,0.01,0.01,0.01,0.01,0.01,0.01,0.01,0.01,0.01,0.01,0.01,0.01,0.01,0.01,0.01,0.01,0.01,0.01,0.01,0.01,0.01,0.01,0.01,0.009999999999999998,0.009999999999999998,0.009999999999999998,0.009999999999999998,0.009999999999999998,0.009999999999999998,0.009999999999999998,0.009999999999999998,0.009999999999999998,0.009999999999999998,0.009999999999999998,0.009999999999999998,0.009999999999999998,0.009999999999999998,0.009999999999999998,0.009999999999999998,0.009999999999999998,0.009999999999999998,0.009999999999999998,0.009999999999999998,0.009999999999999998,0.009999999999999998,0.009999999999999998,0.009999999999999997,0.009999999999999997,0.009999999999999997,0.009999999999999997,0.009999999999999997,0.009999999999999997,0.009999999999999997,0.009999999999999997,0.009999999999999997,0.009999999999999997,0.009999999999999997,0.009999999999999997,0.009999999999999997,0.009999999999999997,0.009999999999999997,0.009999999999999997,0.009999999999999997,0.009999999999999997,0.009999999999999997,0.009999999999999997,0.009999999999999997,0.009999999999999997,0.009999999999999997,0.009999999999999997,0.009999999999999995,0.009999999999999995,0.009999999999999995,0.009999999999999995,0.009999999999999995,0.009999999999999995,0.009999999999999995,0.009999999999999995,0.009999999999999995,0.009999999999999995,0.009999999999999995,0.009999999999999995,0.009999999999999995,0.009999999999999995,0.009999999999999995,0.009999999999999995,0.009999999999999995,0.009999999999999995,0.009999999999999993,0.009999999999999993,0.009999999999999993,0.009999999999999992]]",128.0,128.00000000000003,127.99999999999979,1.0000000000000002,0.9999999999999983,0.9999999999999981,0.004162789263675262,0.37969482613475275,0.03679420646244164,1,18.453524607168056,2.3177586117928044,7.961797450897663,2.4143158116676075e-07,1.9222293474997078e-06,128,0.001
33,MNISTMLP,MNIST MLP hidden=128 target=1e-03,1.0,0.01,Muon,1,1,1024,128,2.2993069454404247,0.7939453125,full_layer_input_activation,"[[0.010000000000000005,0.010000000000000004,0.010000000000000002,0.01,0.01,0.009999999999999998,0.009999999999999998,0.009999999999999998,0.009999999999999997,0.009999999999999997]]",10.0,10.000000000000002,9.99999999999999,1.0000000000000002,0.9999999999999989,0.9999999999999988,0.00248211946413774,0.8654278965538094,0.07849150931311882,2,7.489654441335514,1.7286865274800813,4.332569452168541,2.240048722337555e-05,9.705166665768861e-05,128,0.001
32,MNISTMLP,MNIST MLP hidden=128 target=1e-03,1.0,0.01,Adam,1,2,1024,128,2.2937193333588253,0.7197265625,full_layer_input_activation,"[[0.053699177622373445,0.04404320771623914,0.040212173096197144,0.03322442137125544,0.030168602410055114,0.02690114322142033,0.020966333213760555,0.018477895481855817,0.01664829993141064,0.016107652133865655,0.012073311947224073,0.011721777654919982,0.010824428978317296,0.010472914069347349,0.009760888273557889,0.009641511481469611,0.009486498295802451,0.009074096290653498,0.008770258773973817,0.008738190541803042,0.008277212316793249,0.008051459814654112,0.007969201996195475,0.007691490842319243,0.007579509144685085,0.0073728294739293,0.007361438257312346,0.007119226753563957,0.006956280918366678,0.006928215353033322,0.006774954339429542,0.006612571161662569,0.006550122227573777,0.0064125531703761235,0.006211373271295631,0.006125418866650831,0.006066281479544799,0.005907606449643125,0.005863520046832249,0.005765079766995878,0.005699736207216734,0.0055520658820134745,0.005511358469602095,0.005414403374654426,0.005343027018136327,0.0052499732645278005,0.005165705331585292,0.0050892703814168815,0.00507971729791941,0.004942071413209713,0.004904003958790328,0.004885232252251815,0.004834824925998074,0.004706753830685903,0.004658153044922734,0.004562125810748291,0.004502263556720145,0.004389473819398597,0.004376864977893774,0.004340898389782015,0.004280237050207168,0.0042261022361700755,0.004093081634677754,0.004087911064200606,0.004040664699365379,0.004013734499847868,0.003940669616329849,0.003871685240318114,0.003862089930907511,0.0038217901316053575,0.003738765369065867,0.0036951565153521384,0.003630382144876471,0.00357890522848958,0.0035535022151199545,0.003504939051066061,0.0035004864073394375,0.0034578140960643895,0.0034162291279885167,0.0033343400676535337,0.0033002773191901104,0.003279256475795688,0.003209516057255252,0.003178293623474246,0.003135291007880813,0.0030744929111240515,0.0030547131973808453,0.0030056540947573473,0.0029847243796613182,0.0029446942578790058,0.00289971819725504,0.00285003580307751,0.002830479623372975,0.0028001358663048044,0.002747318289923481,0.0027332429356670624,0.002653954592005323,0.002625823340915793,0.0025628809750318335,0.002520366734455554,0.002484719487118973,0.00247415280660741,0.002445315218739369,0.002426025164374762,0.0023975465130830448,0.0023767686124545238,0.002314997687884334,0.0023066403001699787,0.00227749326621773,0.0022675357986603867,0.0022441451941427664,0.0022148261204380944,0.002154874603217795,0.0021324197559361973,0.0020684402858089103,0.0020534520968109263,0.0020342946803410212,0.002000055450293702,0.001969220074761764,0.001930440579093344,0.0018954207676726538,0.0018289694842269825,0.0017925834383571628,0.0017270357268643296,0.0017024266669817619,0.0016872853855482341,0.0016376849426020996,0.001604118862752312]]",128.0,50.85461529858262,4.7012134891732895,0.39730168202017674,0.036728230384166324,0.09244418547994242,0.00724911878924141,0.6147991759620884,0.06226049868873189,1,16.95618529029698,2.3177586117928044,7.315768434220696,2.6367150115283664e-07,1.9289596451375083e-06,128,0.001
32,MNISTMLP,MNIST MLP hidden=128 target=1e-03,1.0,0.01,Adam,1,2,1024,128,2.2937193333588253,0.7197265625,full_layer_input_activation,"[[0.007999021405119062,0.006770006424763257,0.006275300698720485,0.005272325223013292,0.0046380601210146335,0.004484018836145533,0.0038561263950113323,0.0035580124568166506,0.003391883989954254,0.002884836965334908]]",10.0,9.07519843971375,4.1567746044441005,0.907519843971375,0.41567746044441006,0.4580367726455151,0.0011110470796017043,0.681627607577838,0.06812670197195697,2,7.250308958048055,1.591603787857762,4.555347890825702,1.8513542718443584e-05,8.433562777417353e-05,128,0.001
33,MNISTMLP,MNIST MLP hidden=128 target=1e-03,1.0,0.01,Muon,1,2,1024,128,2.2969597317820094,0.7060546875,full_layer_input_activation,"[[0.010000000000000009,0.010000000000000007,0.010000000000000007,0.010000000000000007,0.010000000000000007,0.010000000000000005,0.010000000000000005,0.010000000000000005,0.010000000000000005,0.010000000000000005,0.010000000000000004,0.010000000000000004,0.010000000000000004,0.010000000000000004,0.010000000000000004,0.010000000000000004,0.010000000000000004,0.010000000000000004,0.010000000000000004,0.010000000000000004,0.010000000000000004,0.010000000000000004,0.010000000000000004,0.010000000000000004,0.010000000000000004,0.010000000000000002,0.010000000000000002,0.010000000000000002,0.010000000000000002,0.010000000000000002,0.010000000000000002,0.010000000000000002,0.010000000000000002,0.010000000000000002,0.010000000000000002,0.010000000000000002,0.010000000000000002,0.010000000000000002,0.010000000000000002,0.010000000000000002,0.010000000000000002,0.010000000000000002,0.010000000000000002,0.010000000000000002,0.010000000000000002,0.010000000000000002,0.010000000000000002,0.010000000000000002,0.010000000000000002,0.010000000000000002,0.010000000000000002,0.010000000000000002,0.010000000000000002,0.010000000000000002,0.010000000000000002,0.010000000000000002,0.010000000000000002,0.010000000000000002,0.010000000000000002,0.010000000000000002,0.010000000000000002,0.010000000000000002,0.010000000000000002,0.010000000000000002,0.010000000000000002,0.010000000000000002,0.010000000000000002,0.010000000000000002,0.010000000000000002,0.010000000000000002,0.010000000000000002,0.010000000000000002,0.010000000000000002,0.010000000000000002,0.010000000000000002,0.010000000000000002,0.010000000000000002,0.010000000000000002,0.010000000000000002,0.010000000000000002,0.010000000000000002,0.009999999999999998,0.009999999999999998,0.009999999999999998,0.009999999999999998,0.009999999999999998,0.009999999999999998,0.009999999999999998,0.009999999999999998,0.009999999999999998,0.009999999999999998,0.009999999999999998,0.009999999999999998,0.009999999999999998,0.009999999999999998,0.009999999999999998,0.009999999999999998,0.009999999999999998,0.009999999999999998,0.009999999999999998,0.009999999999999998,0.009999999999999998,0.009999999999999998,0.009999999999999998,0.009999999999999998,0.009999999999999998,0.009999999999999998,0.009999999999999997,0.009999999999999997,0.009999999999999997,0.009999999999999997,0.009999999999999997,0.009999999999999997,0.009999999999999997,0.009999999999999997,0.009999999999999997,0.009999999999999997,0.009999999999999997,0.009999999999999995,0.009999999999999995,0.009999999999999995,0.009999999999999995,0.009999999999999995,0.009999999999999995,0.009999999999999995,0.009999999999999995,0.009999999999999993,0.009999999999999992]]",128.0,128.00000000000003,127.99999999999979,1.0000000000000002,0.9999999999999983,0.9999999999999981,0.004235903222049697,0.38348490649651634,0.03744044865951611,1,18.823766209362173,2.3177586117928044,8.121538676886564,2.450699676513419e-07,1.9903452208237124e-06,128,0.001
33,MNISTMLP,MNIST MLP hidden=128 target=1e-03,1.0,0.01,Muon,1,2,1024,128,2.2969597317820094,0.7060546875,full_layer_input_activation,"[[0.010000000000000005,0.010000000000000004,0.010000000000000004,0.010000000000000004,0.010000000000000004,0.010000000000000002,0.010000000000000002,0.010000000000000002,0.010000000000000002,0.009999999999999998]]",10.0,9.999999999999996,9.999999999999995,0.9999999999999997,0.9999999999999994,0.9999999999999998,0.0023471514038555675,0.8719825289669961,0.07422344449445312,2,7.603535308236777,1.7293432352528297,4.396776275084074,1.9149751820790396e-05,8.419717447939927e-05,128,0.001
32,MNISTMLP,MNIST MLP hidden=128 target=1e-03,1.0,0.01,Adam,1,3,1024,128,2.286249856164907,0.63671875,full_layer_input_activation,"[[0.05180980913233216,0.044352674655632474,0.04145748930301825,0.034977492070720026,0.03173216012830963,0.02830321025235371,0.022824056333842012,0.018291682416413612,0.017279494066154182,0.016329384893760276,0.011527338314366017,0.01080786601599091,0.010611400308332321,0.010282400485155375,0.009482639361699631,0.009372316600208873,0.008956714776580912,0.008670753855721362,0.008511531236381658,0.00817508895448681,0.008113738216968439,0.007965714885139084,0.007617292982921582,0.007454440917720111,0.007333509577465737,0.007012290451608062,0.006896987920464895,0.006730360378519213,0.006625769823178906,0.0065404777589090374,0.006413353759574009,0.0063259428881871456,0.006243335802167116,0.006174979027262524,0.006007638595035405,0.005877044967878716,0.00579710281304136,0.005697385682049902,0.005582367060688448,0.005415919706653105,0.005321603082915356,0.005243707133236455,0.005203476787487335,0.005157837359502408,0.005066101893070447,0.0048759085096387435,0.004823804865715085,0.004816024159395709,0.004706320876088446,0.004663665332818988,0.004625200589245474,0.004596639988341287,0.0044799501138841485,0.004467597668641729,0.004366750007845729,0.004265310668395903,0.004250482256493828,0.004192629300536607,0.004121470970761425,0.004097586200086437,0.00401780523573434,0.003976036117651083,0.003912439784411431,0.0038401999057503045,0.003798023399637966,0.0037587068036002533,0.003680128088694415,0.003629697741506909,0.0035612840736247483,0.0035509343238112135,0.0035250183756257774,0.003400923487213479,0.0033634792065267588,0.003347590095279018,0.0033071360718601407,0.0032516773998840886,0.003213790465764218,0.0031928280023804643,0.0031311717960807815,0.00309759656631035,0.0030805752656944863,0.0030423620342791536,0.0029958384786003445,0.0029863443360638228,0.002970447877887955,0.0029265846914382117,0.0028680222343746863,0.002836347158856606,0.002806293100561178,0.002744437861359142,0.002729277023330086,0.0026951999205552094,0.0026895059899953323,0.0026326805650761496,0.002605121160136284,0.002561710734816783,0.0025079564768846325,0.0024853047556444787,0.002482461328318655,0.0024137128745710763,0.0023872506236290478,0.002323070221414524,0.002314402753575112,0.0022718988776174787,0.0022522509703576513,0.002246043116039515,0.0022062183296842597,0.002168739546743016,0.002133417001131397,0.0021019701751701,0.0020957725484173515,0.0020466660843328783,0.0020117181496040657,0.001980422946380957,0.0019308670251871186,0.0019139449974401835,0.001892982252522805,0.0018721745426677045,0.0018019957816473654,0.0017964728783390535,0.0017647707089567567,0.001748910072430841,0.0016952704850751639,0.0016399149309292403,0.0016067314956419985,0.0015696301714534233,0.001565309783962573,0.0014857711336023118]]",128.0,48.18733085838382,5.064439733252689,0.37646352233112357,0.03956593541603663,0.1050989885315791,0.007610016903859277,0.6137462857989191,0.06526914526440875,1,16.32866158948121,2.3177586117928044,7.0450225085566025,2.9076535077007224e-07,2.0484484408835148e-06,128,0.001
32,MNISTMLP,MNIST MLP hidden=128 target=1e-03,1.0,0.01,Adam,1,3,1024,128,2.286249856164907,0.63671875,full_layer_input_activation,"[[0.007907257398973983,0.006984134297538749,0.006539989044040817,0.005354759162150463,0.005006863386928456,0.004521498775935607,0.004045969282316983,0.003386317750066889,0.003263208904946869,0.0028424810941755896]]",10.0,9.043078150516294,4.395471652439057,0.9043078150516294,0.4395471652439057,0.4860592355035777,0.001310364500180121,0.7002049286366514,0.0790430155971173,2,7.680045417101445,1.540638942381618,4.984974224544227,1.7304125329578308e-05,8.626061874623076e-05,128,0.001
33,MNISTMLP,MNIST MLP hidden=128 target=1e-03,1.0,0.01,Muon,1,3,1024,128,2.291731063822566,0.5615234375,full_layer_input_activation,"[[0.010000000000000005,0.010000000000000005,0.010000000000000004,0.010000000000000004,0.010000000000000004,0.010000000000000004,0.010000000000000004,0.010000000000000004,0.010000000000000004,0.010000000000000004,0.010000000000000004,0.010000000000000004,0.010000000000000002,0.010000000000000002,0.010000000000000002,0.010000000000000002,0.010000000000000002,0.010000000000000002,0.010000000000000002,0.010000000000000002,0.010000000000000002,0.010000000000000002,0.010000000000000002,0.010000000000000002,0.010000000000000002,0.010000000000000002,0.010000000000000002,0.010000000000000002,0.010000000000000002,0.010000000000000002,0.01,0.01,0.01,0.01,0.01,0.01,0.01,0.01,0.01,0.01,0.01,0.01,0.01,0.01,0.01,0.01,0.01,0.01,0.01,0.01,0.01,0.01,0.01,0.01,0.01,0.01,0.01,0.01,0.01,0.009999999999999998,0.009999999999999998,0.009999999999999998,0.009999999999999998,0.009999999999999998,0.009999999999999998,0.009999999999999998,0.009999999999999998,0.009999999999999998,0.009999999999999998,0.009999999999999998,0.009999999999999998,0.009999999999999998,0.009999999999999998,0.009999999999999998,0.009999999999999998,0.009999999999999998,0.009999999999999998,0.009999999999999998,0.009999999999999998,0.009999999999999998,0.009999999999999998,0.009999999999999998,0.009999999999999998,0.009999999999999998,0.009999999999999998,0.009999999999999998,0.009999999999999998,0.009999999999999997,0.009999999999999997,0.009999999999999997,0.009999999999999997,0.009999999999999997,0.009999999999999997,0.009999999999999997,0.009999999999999997,0.009999999999999997,0.009999999999999997,0.009999999999999997,0.009999999999999997,0.009999999999999997,0.009999999999999997,0.009999999999999997,0.009999999999999997,0.009999999999999997,0.009999999999999997,0.009999999999999997,0.009999999999999997,0.009999999999999997,0.009999999999999997,0.009999999999999997,0.009999999999999997,0.009999999999999997,0.009999999999999997,0.009999999999999997,0.009999999999999997,0.009999999999999995,0.009999999999999995,0.009999999999999995,0.009999999999999995,0.009999999999999995,0.009999999999999995,0.009999999999999995,0.009999999999999995,0.009999999999999995,0.009999999999999993,0.009999999999999993,0.009999999999999992,0.00999999999999999]]",128.0,128.0,127.99999999999982,1.0,0.9999999999999986,0.9999999999999986,0.004354789786555602,0.3780140750321006,0.038491267358942385,1,18.29051403806383,2.3177586117928044,7.891466326562788,2.665710825182909e-07,2.1036367213284825e-06,128,0.001
33,MNISTMLP,MNIST MLP hidden=128 target=1e-03,1.0,0.01,Muon,1,3,1024,128,2.291731063822566,0.5615234375,full_layer_input_activation,"[[0.010000000000000005,0.01,0.01,0.01,0.01,0.009999999999999998,0.009999999999999998,0.009999999999999997,0.009999999999999997,0.009999999999999993]]",10.0,10.0,9.999999999999988,1.0,0.9999999999999988,0.9999999999999988,0.0025243816829244284,0.8762066929429337,0.07982795801650173,2,7.67738168757993,1.7306832750576469,4.436040839028855,2.0851703049737724e-05,9.249900629193907e-05,128,0.001
32,MNISTMLP,MNIST MLP hidden=128 target=1e-03,1.0,0.01,Adam,1,4,1024,128,2.275789773596451,0.546875,full_layer_input_activation,"[[0.05295071855700096,0.047631619237608065,0.04168250430006445,0.03470881473841167,0.03279849364099088,0.028366937573797657,0.022791350279733055,0.018004098217754935,0.01669107198424769,0.015097409011105716,0.011331616305116273,0.010602365580924507,0.010166849108772214,0.010033221134695259,0.009239121403773263,0.00866132992019377,0.008402428779067635,0.008106110863517833,0.008022457833036322,0.0077231072271050066,0.00753409564944132,0.007245608565372215,0.007174153114287102,0.007007174997894694,0.006764218012117682,0.006670627461540369,0.006402296444934168,0.006377671704978714,0.0062248558309391895,0.006130481488072858,0.0059987379903054935,0.005934967641148844,0.005846297419897541,0.005633904667257616,0.005560493309807238,0.0054626533649719195,0.005406743072862753,0.005359434632929288,0.005226400892063659,0.00510237122161477,0.005068597687883067,0.004889569945363002,0.004817987367862887,0.004737950023106429,0.004633901478905306,0.00460772787515104,0.00456818564368212,0.004487092491134113,0.004378063542379828,0.004323948591877551,0.00427226991892181,0.004157927836379755,0.0041214066714309995,0.0040496516094325604,0.0039894660827456225,0.003952949905583963,0.0038888932008625,0.0037581875492699347,0.0037327402813811337,0.0036933069216314963,0.0036565094653160297,0.0036018078500810115,0.003560428335347963,0.0034402739974059827,0.0033892912178530616,0.0033256161067824605,0.003275877191974273,0.003239470771793317,0.003201401461913268,0.0031719338120525433,0.0031121234767573086,0.0030480627209123635,0.0030224736659173737,0.0029887157358869164,0.0029590243896420658,0.0029285973872851772,0.00290248000970546,0.002876122058734173,0.002865410050695143,0.002820486501623846,0.0027585271075437462,0.0027165873265640214,0.0026877400621850055,0.0026782017280072862,0.002657671697534835,0.0026082503323689604,0.002535679322161285,0.002524560772413947,0.0024858058819495236,0.002466793909389742,0.00243633520824374,0.0023794822307900733,0.0023689433703079415,0.0022926192268565683,0.002267699295951766,0.0022350355523868552,0.0022042707207778397,0.0021905982736116947,0.002176779898264284,0.0021345924342495814,0.0021203344090194786,0.0020776116972107215,0.0020559593706248906,0.002027628380255715,0.0020006323290117293,0.001985472851153152,0.0019639141507028163,0.001897104324307442,0.0018755249858224098,0.0018619079160737528,0.00179597206240993,0.001793116114596291,0.001781847346910254,0.001738146531475727,0.001723263834395682,0.0016959025328781659,0.001667072924834675,0.0016550364873380357,0.0016037187636579785,0.0015694180835862208,0.0015675882091965396,0.0015486232917366989,0.0015326403950730978,0.00146313761695024,0.0013915132174734113,0.0013706838122518913,0.0013378438559595608,0.001273323462744749]]",128.0,43.719227177979555,4.871765806843202,0.34155646232796527,0.038060670365962515,0.1114330266408965,0.008948338805296219,0.6251783244522141,0.07656448395103575,1,13.547942116659634,2.3177586117928044,5.84527743645409,3.8561280794432e-07,2.254013845484638e-06,128,0.001
32,MNISTMLP,MNIST MLP hidden=128 target=1e-03,1.0,0.01,Adam,1,4,1024,128,2.275789773596451,0.546875,full_layer_input_activation,"[[0.007685591146519064,0.007224006342682256,0.006682134957562054,0.005753142423378542,0.004970112106818378,0.004409277880295214,0.003764390372551055,0.003299399586274025,0.0029910278985497353,0.002771233276169686]]",10.0,8.933627562277092,4.652757940379091,0.8933627562277092,0.46527579403790914,0.5208139591609693,0.00201217064770802,0.6951334438035454,0.12137585511419577,2,6.193445382820633,1.5003336716127724,4.1280453141887,2.968613253200825e-05,0.00012254570029514137,128,0.001
33,MNISTMLP,MNIST MLP hidden=128 target=1e-03,1.0,0.01,Muon,1,4,1024,128,2.285902622685276,0.423828125,full_layer_input_activation,"[[0.010000000000000002,0.010000000000000002,0.010000000000000002,0.010000000000000002,0.010000000000000002,0.010000000000000002,0.010000000000000002,0.010000000000000002,0.010000000000000002,0.010000000000000002,0.010000000000000002,0.010000000000000002,0.010000000000000002,0.010000000000000002,0.010000000000000002,0.010000000000000002,0.010000000000000002,0.010000000000000002,0.010000000000000002,0.010000000000000002,0.010000000000000002,0.010000000000000002,0.010000000000000002,0.010000000000000002,0.010000000000000002,0.010000000000000002,0.010000000000000002,0.010000000000000002,0.010000000000000002,0.010000000000000002,0.010000000000000002,0.010000000000000002,0.010000000000000002,0.010000000000000002,0.010000000000000002,0.010000000000000002,0.010000000000000002,0.010000000000000002,0.010000000000000002,0.010000000000000002,0.010000000000000002,0.010000000000000002,0.010000000000000002,0.010000000000000002,0.009999999999999998,0.009999999999999998,0.009999999999999998,0.009999999999999998,0.009999999999999998,0.009999999999999998,0.009999999999999998,0.009999999999999998,0.009999999999999998,0.009999999999999998,0.009999999999999998,0.009999999999999998,0.009999999999999998,0.009999999999999998,0.009999999999999998,0.009999999999999998,0.009999999999999998,0.009999999999999998,0.009999999999999998,0.009999999999999998,0.009999999999999998,0.009999999999999998,0.009999999999999998,0.009999999999999998,0.009999999999999998,0.009999999999999998,0.009999999999999998,0.009999999999999998,0.009999999999999998,0.009999999999999998,0.009999999999999998,0.009999999999999998,0.009999999999999998,0.009999999999999998,0.009999999999999998,0.009999999999999998,0.009999999999999998,0.009999999999999998,0.009999999999999998,0.009999999999999998,0.009999999999999998,0.009999999999999998,0.009999999999999998,0.009999999999999998,0.009999999999999998,0.009999999999999998,0.009999999999999998,0.009999999999999998,0.009999999999999998,0.009999999999999998,0.009999999999999998,0.009999999999999998,0.009999999999999998,0.009999999999999998,0.009999999999999997,0.009999999999999997,0.009999999999999997,0.009999999999999997,0.009999999999999997,0.009999999999999997,0.009999999999999997,0.009999999999999997,0.009999999999999997,0.009999999999999997,0.009999999999999997,0.009999999999999997,0.009999999999999997,0.009999999999999997,0.009999999999999997,0.009999999999999997,0.009999999999999997,0.009999999999999997,0.009999999999999995,0.009999999999999995,0.009999999999999995,0.009999999999999995,0.009999999999999995,0.009999999999999995,0.009999999999999995,0.009999999999999995,0.009999999999999995,0.009999999999999995,0.009999999999999995,0.009999999999999993]]",128.0,128.0,127.9999999999999,1.0,0.9999999999999992,0.9999999999999992,0.004730506311768735,0.3482080105092453,0.041812163643718,1,15.519848778599226,2.3177586117928044,6.696059158030482,3.707083109385912e-07,2.4822847804183654e-06,128,0.001
33,MNISTMLP,MNIST MLP hidden=128 target=1e-03,1.0,0.01,Muon,1,4,1024,128,2.285902622685276,0.423828125,full_layer_input_activation,"[[0.010000000000000007,0.010000000000000005,0.01,0.01,0.01,0.009999999999999998,0.009999999999999998,0.009999999999999998,0.009999999999999997,0.009999999999999997]]",10.0,9.999999999999998,9.999999999999986,0.9999999999999998,0.9999999999999986,0.9999999999999988,0.0030535219257230416,0.8102950302678936,0.09656084170548303,2,6.565780360768462,1.734215947474894,3.786022363782648,3.317768316664115e-05,0.00012561145044739848,128,0.001
32,MNISTMLP,MNIST MLP hidden=128 target=1e-03,1.0,0.01,Adam,1,5,1024,128,2.2676086953154098,0.482421875,full_layer_input_activation,,,,,,,,,,,1,14.63899092061669,2.3177586117928044,6.316011877221897,3.885872714281976e-07,2.4543218216777456e-06,128,0.001
32,MNISTMLP,MNIST MLP hidden=128 target=1e-03,1.0,0.01,Adam,1,5,1024,128,2.2676086953154098,0.482421875,full_layer_input_activation,,,,,,,,,,,2,7.157733922213073,1.454426602386201,4.9213441987858015,1.861927075341e-05,9.163184010791644e-05,128,0.001
33,MNISTMLP,MNIST MLP hidden=128 target=1e-03,1.0,0.01,Muon,1,5,1024,128,2.2833842760568612,0.3662109375,full_layer_input_activation,,,,,,,,,,,1,17.32932415140418,2.3177586117928044,7.476759686376405,3.6738836512867035e-07,2.746874517637777e-06,128,0.001
33,MNISTMLP,MNIST MLP hidden=128 target=1e-03,1.0,0.01,Muon,1,5,1024,128,2.2833842760568612,0.3662109375,full_layer_input_activation,,,,,,,,,,,2,7.93972062250823,1.7163193138262733,4.626016009111864,2.1606620267026966e-05,9.99525712580676e-05,128,0.001
34,MNISTMLP,MNIST MLP hidden=128 target=1e-03,1.0,0.01,Adam,2,0,1024,128,2.301854794998461,0.9150390625,full_layer_input_activation,"[[0.05318816334272644,0.04078263837930116,0.03359759890474555,0.030034882739007715,0.025173485415888392,0.022387376768486716,0.02008103804924306,0.01793277832930757,0.015022937932978904,0.013670059115090269,0.013101876064629689,0.012650577960152438,0.012294396481584364,0.012009349288098195,0.011254310363573682,0.010917580402417927,0.010728211946367886,0.010648571567946812,0.01035216015153337,0.010089414195791445,0.00990129304933718,0.00975389810603876,0.009632496870769806,0.009408441882646895,0.0091018259738881,0.008927039575664387,0.0088467731880598,0.008743137234226152,0.008561398593745393,0.008465611216386195,0.008322881662343741,0.008191111344678932,0.0078800102155063,0.007800867794227448,0.007789023904989489,0.007625935217515268,0.007576539101664182,0.007448222269872247,0.007342179457769425,0.007278850294703398,0.0071908778573390566,0.0069733891231622954,0.006970748470554719,0.006931561436988495,0.0068354385973466575,0.006729670424880216,0.006663510659730945,0.006612170907928629,0.006502344853496139,0.006382482239752016,0.006349656617663633,0.0062473094024917885,0.0062021711936200855,0.006187579003757302,0.006053339144502105,0.006001073558399396,0.00598531071746036,0.005895396808248058,0.005827892706640492,0.0057587504925301495,0.005688186814431385,0.0056778059874997054,0.005587076360721336,0.005530539547586498,0.0054532442731976835,0.005410533686335002,0.005398404932453894,0.005338664237913925,0.005296703329592311,0.005233784419163007,0.005097555571517408,0.005086401901904889,0.005013312438909116,0.004991053945030691,0.004912050231605034,0.004885458549290992,0.004825579037275246,0.004771984356829781,0.0047413079703593555,0.004697010723846505,0.0046366654766896095,0.004560886798932238,0.0045171068338013005,0.004460931936294046,0.004400734713615713,0.004363758373882978,0.004324788752744314,0.004277947726306606,0.004215371061142222,0.004190348684483362,0.004098509030409653,0.004042597726184112,0.004006878285380228,0.0039799645601346365,0.003915886828700375,0.0038971940357904675,0.003855992397613898,0.003826473715550787,0.0037921615109465377,0.003762560028799036,0.0036827534840468894,0.0036074137478084366,0.003587915760970873,0.003560837760509152,0.003511043576855912,0.0034713446499107427,0.0034172710103625597,0.00337252472567033,0.0033316391768096606,0.003279620511080143,0.003257645648418231,0.003202898046902789,0.003153437482197934,0.003088275169419627,0.003068246855818731,0.0030178668816551787,0.0029717243898097576,0.002932343373834842,0.002913666561157418,0.00280629861472147,0.002715256499170971,0.0026528920258604796,0.002600205797210409,0.0025489780679925217,0.002500275191158833,0.002369962025336476,0.0022216869665575532,0.0020039904220067904]]",128.0,67.39917179487387,4.777502589447542,0.5265560296474521,0.03732423898005892,0.07088369874911284,0.007718924171606099,0.6379601575524751,0.06639590810729158,1,16.97167197918752,2.2909517121094636,7.40813169019627,2.6944768633076403e-07,1.996103943956997e-06,128,0.001
34,MNISTMLP,MNIST MLP hidden=128 target=1e-03,1.0,0.01,Adam,2,0,1024,128,2.301854794998461,0.9150390625,full_layer_input_activation,"[[0.008318790072020577,0.006834591968052405,0.00559256253027238,0.005238178885129591,0.005053917466939941,0.004749194879835988,0.004466950367431471,0.004104685615880349,0.0037418375400069225,0.003317789163629814]]",10.0,9.291794499087699,4.111675714309898,0.9291794499087699,0.4111675714309898,0.44250609661175755,0.0011598924525870117,0.6788413118425681,0.06876194145794803,2,6.709538133772278,1.8341566450112265,3.6581052943442627,3.339353372752987e-05,0.0001221570625255407,128,0.001
35,MNISTMLP,MNIST MLP hidden=128 target=1e-03,1.0,0.01,Muon,2,0,1024,128,2.301854794998461,0.9150390625,full_layer_input_activation,"[[0.010000000000000005,0.010000000000000005,0.010000000000000004,0.010000000000000004,0.010000000000000004,0.010000000000000004,0.010000000000000004,0.010000000000000004,0.010000000000000002,0.010000000000000002,0.010000000000000002,0.010000000000000002,0.010000000000000002,0.010000000000000002,0.010000000000000002,0.010000000000000002,0.010000000000000002,0.010000000000000002,0.010000000000000002,0.010000000000000002,0.010000000000000002,0.010000000000000002,0.01,0.01,0.01,0.01,0.01,0.01,0.01,0.01,0.01,0.01,0.01,0.01,0.01,0.01,0.01,0.01,0.01,0.01,0.01,0.01,0.01,0.01,0.01,0.01,0.01,0.01,0.01,0.01,0.01,0.01,0.01,0.01,0.01,0.01,0.01,0.009999999999999998,0.009999999999999998,0.009999999999999998,0.009999999999999998,0.009999999999999998,0.009999999999999998,0.009999999999999998,0.009999999999999998,0.009999999999999998,0.009999999999999998,0.009999999999999998,0.009999999999999998,0.009999999999999998,0.009999999999999998,0.009999999999999998,0.009999999999999998,0.009999999999999998,0.009999999999999998,0.009999999999999998,0.009999999999999998,0.009999999999999998,0.009999999999999998,0.009999999999999998,0.009999999999999998,0.009999999999999998,0.009999999999999998,0.009999999999999998,0.009999999999999998,0.009999999999999998,0.009999999999999998,0.009999999999999998,0.009999999999999998,0.009999999999999997,0.009999999999999997,0.009999999999999997,0.009999999999999997,0.009999999999999997,0.009999999999999997,0.009999999999999997,0.009999999999999997,0.009999999999999997,0.009999999999999997,0.009999999999999997,0.009999999999999997,0.009999999999999997,0.009999999999999997,0.009999999999999997,0.009999999999999997,0.009999999999999997,0.009999999999999997,0.009999999999999997,0.009999999999999997,0.009999999999999997,0.009999999999999997,0.009999999999999997,0.009999999999999997,0.009999999999999995,0.009999999999999995,0.009999999999999995,0.009999999999999995,0.009999999999999995,0.009999999999999995,0.009999999999999995,0.009999999999999995,0.009999999999999995,0.009999999999999995,0.009999999999999995,0.009999999999999993,0.009999999999999993,0.009999999999999993,0.009999999999999993]]",128.0,128.0,127.99999999999982,1.0,0.9999999999999986,0.9999999999999986,0.0042875586438272245,0.36413072836194754,0.03789702239731541,1,16.97167197918752,2.2909517121094636,7.40813169019627,2.6944768633076403e-07,1.996103943956997e-06,128,0.001
35,MNISTMLP,MNIST MLP hidden=128 target=1e-03,1.0,0.01,Muon,2,0,1024,128,2.301854794998461,0.9150390625,full_layer_input_activation,"[[0.010000000000000002,0.010000000000000002,0.009999999999999998,0.009999999999999998,0.009999999999999998,0.009999999999999998,0.009999999999999998,0.009999999999999997,0.009999999999999995,0.00999999999999999]]",10.0,10.0,9.999999999999991,1.0,0.9999999999999991,0.9999999999999991,0.002623772518868192,0.8191177042264612,0.08297097221780603,2,6.709538133772278,1.8341566450112265,3.6581052943442627,3.339353372752987e-05,0.0001221570625255407,128,0.001
34,MNISTMLP,MNIST MLP hidden=128 target=1e-03,1.0,0.01,Adam,2,1,1024,128,2.2974295229704733,0.7236328125,full_layer_input_activation,"[[0.0528716165974504,0.04231477551118539,0.03657870346466688,0.035901253982580324,0.026583717673090874,0.023814596167505392,0.021142977332154367,0.02080947600009047,0.017922821613692574,0.014868812612292458,0.013622508324728898,0.012656375872552824,0.011694940245843749,0.010555380690393634,0.010436227915454418,0.010036844751395305,0.009828616950300162,0.009670246722883248,0.009541935583208599,0.009172789570214678,0.008883532397106325,0.008591671353986148,0.008287289735857597,0.008126322681675827,0.007974994302371113,0.00792586068380486,0.007812263010984956,0.007648700271351414,0.007561556300137284,0.007413835076974015,0.0073384989851599134,0.007290832281108749,0.007096756840966134,0.006985665315033547,0.00681700293453549,0.006690224334248156,0.006609820906287401,0.006543834331217409,0.006411007138863017,0.006327248721100559,0.0063025445019779195,0.006196965577999831,0.005999804644942808,0.005833848572334977,0.005813841634760366,0.005744407695274952,0.0056631328438608766,0.005560128281564587,0.005384345776652382,0.005306043343954663,0.005243333096877046,0.0052032970558166134,0.005165171304276086,0.005118055763537639,0.0050909397463927576,0.004956974335649923,0.0048784564118491735,0.004843411791512446,0.004808383688433584,0.0047509733558731195,0.004713161423992475,0.0046967651140047886,0.004582240397644663,0.004542855844452407,0.004478097458631941,0.004412626144816116,0.004357401643837451,0.004314821229074894,0.0042881085890261305,0.004229314125958627,0.004168221609590493,0.004132755285812139,0.004051553159732699,0.003939719924942465,0.0039039031947157308,0.003870965867535173,0.0038330972266915017,0.0038025222168668552,0.0037827679843983274,0.0037183496108704026,0.003674079168526276,0.003607218814511918,0.0035904591311283936,0.003577717438407435,0.0035692587244151165,0.003495747651300373,0.0034708851932607893,0.0034177753075033644,0.0033716103314038975,0.003332119938583932,0.0032984496492124687,0.0032297606066795112,0.0032036248750997413,0.0031039260655695657,0.003098598579195264,0.003072635107945761,0.0030365182176181156,0.002963296563895724,0.002954722115819934,0.002904798159264074,0.002862304295968141,0.002830866948219778,0.0027997025506404207,0.002779874089671802,0.0027349893768017354,0.002697019800550101,0.0026915699813025045,0.002666259629211778,0.002606122808446391,0.0025558051760509125,0.0025456351755092166,0.0025140915711081165,0.0024703776903839516,0.002463720812780838,0.0024165302834922796,0.002375024004291492,0.0023213536605874007,0.0022781634515291614,0.0022213090804553436,0.002186289621427257,0.002140351724134085,0.002110090055247335,0.0020982370872180047,0.0020472250997800607,0.002038312080732235,0.0018956322305942355,0.0018133219970222793,0.0017253072245795211]]",128.0,56.40350549736076,4.832604187273649,0.44065238669813095,0.03775472021307538,0.08567914608604915,0.00684922562329985,0.6233919525533546,0.058928891296568954,1,19.53735113095859,2.2909517121094636,8.528050166962698,2.2228650571984453e-07,1.8956704722176747e-06,128,0.001
34,MNISTMLP,MNIST MLP hidden=128 target=1e-03,1.0,0.01,Adam,2,1,1024,128,2.2974295229704733,0.7236328125,full_layer_input_activation,"[[0.0079626298782856,0.006992783818085385,0.0061046992553827955,0.0054092289757382405,0.005235827855490589,0.004737141788089953,0.004321476116484204,0.0038314852570259157,0.003616282348730986,0.0034487059769372622]]",10.0,9.298553124304464,4.52673177325774,0.9298553124304464,0.45267317732577406,0.4868210906303062,0.0009693416039327732,0.6874572588643999,0.057217376777366755,2,7.84179352692073,1.712113492431961,4.580183242281389,1.9116924661027272e-05,8.755901797639291e-05,128,0.001
35,MNISTMLP,MNIST MLP hidden=128 target=1e-03,1.0,0.01,Muon,2,1,1024,128,2.2984325947958943,0.7880859375,full_layer_input_activation,"[[0.010000000000000005,0.010000000000000005,0.010000000000000005,0.010000000000000004,0.010000000000000004,0.010000000000000004,0.010000000000000004,0.010000000000000004,0.010000000000000004,0.010000000000000004,0.010000000000000004,0.010000000000000004,0.010000000000000004,0.010000000000000004,0.010000000000000002,0.010000000000000002,0.010000000000000002,0.010000000000000002,0.010000000000000002,0.010000000000000002,0.010000000000000002,0.010000000000000002,0.010000000000000002,0.010000000000000002,0.010000000000000002,0.010000000000000002,0.010000000000000002,0.010000000000000002,0.010000000000000002,0.010000000000000002,0.010000000000000002,0.010000000000000002,0.010000000000000002,0.010000000000000002,0.01,0.01,0.01,0.01,0.01,0.01,0.01,0.01,0.01,0.01,0.01,0.01,0.01,0.01,0.01,0.01,0.01,0.01,0.01,0.01,0.01,0.01,0.01,0.01,0.01,0.01,0.01,0.01,0.01,0.009999999999999998,0.009999999999999998,0.009999999999999998,0.009999999999999998,0.009999999999999998,0.009999999999999998,0.009999999999999998,0.009999999999999998,0.009999999999999998,0.009999999999999998,0.009999999999999998,0.009999999999999998,0.009999999999999998,0.009999999999999998,0.009999999999999998,0.009999999999999998,0.009999999999999998,0.009999999999999998,0.009999999999999998,0.009999999999999998,0.009999999999999998,0.009999999999999998,0.009999999999999998,0.009999999999999998,0.009999999999999998,0.009999999999999998,0.009999999999999998,0.009999999999999998,0.009999999999999998,0.009999999999999998,0.009999999999999998,0.009999999999999997,0.009999999999999997,0.009999999999999997,0.009999999999999997,0.009999999999999997,0.009999999999999997,0.009999999999999997,0.009999999999999997,0.009999999999999997,0.009999999999999997,0.009999999999999997,0.009999999999999997,0.009999999999999997,0.009999999999999997,0.009999999999999997,0.009999999999999997,0.009999999999999997,0.009999999999999997,0.009999999999999995,0.009999999999999995,0.009999999999999995,0.009999999999999995,0.009999999999999995,0.009999999999999995,0.009999999999999995,0.009999999999999995,0.009999999999999995,0.009999999999999995,0.009999999999999995,0.009999999999999995,0.009999999999999995,0.009999999999999993,0.009999999999999992,0.00999999999999999]]",128.0,128.00000000000003,127.99999999999984,1.0000000000000002,0.9999999999999988,0.9999999999999986,0.004189003409165377,0.3971614581515067,0.03702590896292991,1,20.19036465165208,2.2909517121094636,8.813090448362695,2.1620025736475925e-07,1.9053924231149163e-06,128,0.001
35,MNISTMLP,MNIST MLP hidden=128 target=1e-03,1.0,0.01,Muon,2,1,1024,128,2.2984325947958943,0.7880859375,full_layer_input_activation,"[[0.010000000000000007,0.010000000000000007,0.010000000000000002,0.010000000000000002,0.010000000000000002,0.010000000000000002,0.01,0.01,0.009999999999999998,0.009999999999999997]]",10.0,10.0,9.999999999999991,1.0,0.9999999999999991,0.9999999999999991,0.00231521486335283,0.8876521049847607,0.07321352240870439,2,7.879262594838771,1.823862728166481,4.320096284197742,2.168007217296901e-05,9.365999923558228e-05,128,0.001
34,MNISTMLP,MNIST MLP hidden=128 target=1e-03,1.0,0.01,Adam,2,2,1024,128,2.2894092135995496,0.6064453125,full_layer_input_activation,"[[0.055528339840693906,0.04148003070978741,0.03928032838309106,0.037023508404793806,0.026793268139759394,0.02469005373029764,0.021367970257858273,0.020168233827208996,0.017799189491795927,0.01575001468000576,0.013385580124074484,0.011610894345466694,0.01081253509815099,0.010003662644843259,0.00975272581786464,0.009352883323906238,0.009201795036619697,0.008933004485433207,0.008675874805777228,0.008406559165143542,0.008335329929030064,0.008239742116309885,0.007996884635066457,0.007913268233515599,0.007576621535956982,0.007525545950965423,0.007358110407068548,0.007255985413464747,0.006987896152107096,0.006843223056271105,0.006708543066878178,0.006655724472600637,0.006496940752789882,0.006404041243718204,0.0062581533680065365,0.00617534191209426,0.006116002419472787,0.006004803344955767,0.005857822696245003,0.005798284892630399,0.005717532179056646,0.0055736916327929,0.005527343960821359,0.005430193573743041,0.005341963350539336,0.005232447419575295,0.005125966080205592,0.005066410043241909,0.0050032868189383095,0.004848166664011033,0.0048117063009012065,0.004729231055642613,0.0046933314795519635,0.004604853290369878,0.004531689626227363,0.004465832940043887,0.004407080016766543,0.004287851389473891,0.004250679793683579,0.004242767874397521,0.004208891515328425,0.00419388655861243,0.004136256009624517,0.004092273332067423,0.004034873617342572,0.003975238247894319,0.003950319890037424,0.0038927998869069383,0.003814062222168529,0.0037330283071993014,0.003707361535270725,0.003669939057300891,0.003614969002254265,0.0035885740124813833,0.0035291154755196954,0.003495637345790447,0.0034661556511760695,0.00341280874921865,0.003346775990826714,0.0033231231163140637,0.0032519787874225586,0.003208144307107798,0.0031764739508999785,0.003116077316340266,0.003080020108005909,0.0030468110224999047,0.003002124089470285,0.0029744294154937473,0.002954280114997232,0.0029317136928979585,0.002900397881064019,0.002824707865950086,0.002802121844090379,0.0027899915839718946,0.002745950160805423,0.002740757689503038,0.0027167893025852943,0.002640678974109006,0.0026234203061688537,0.0025879491923356643,0.002538015092267673,0.00250981465561238,0.002449306974750625,0.0024379047612460326,0.0023855473999028673,0.002377323914013794,0.0023557522292923148,0.002317686339567795,0.0022939035738768934,0.002272652133864485,0.002181632199004342,0.0021486772393042573,0.002102467669021363,0.0020736888156542644,0.0020139823989726306,0.0019931789941674445,0.0019784470836324425,0.0019472938186608012,0.0019230742579328622,0.0018810014170162188,0.0018442374698005026,0.0018242952962566942,0.00181586805174817,0.0017867135690665962,0.0017103949406399813,0.0016868896425574428,0.0015987538400256203,0.0014818490181240727]]",128.0,50.634535064177946,4.387479881959384,0.3955823051888902,0.034277186577807685,0.08664994901994001,0.008027547088852446,0.6008119314623569,0.06901771922318149,1,15.034103261466655,2.2909517121094636,6.562383302100918,3.2826384417469723e-07,2.154193169695491e-06,128,0.001
34,MNISTMLP,MNIST MLP hidden=128 target=1e-03,1.0,0.01,Adam,2,2,1024,128,2.2894092135995496,0.6064453125,full_layer_input_activation,"[[0.008754249209888248,0.007364456955683061,0.006254764324069797,0.005682074730960371,0.004880984535308138,0.004260711498303803,0.00404770038114955,0.0034985404578349853,0.00310543537682926,0.002931676048995726]]",10.0,8.857753383639958,3.7986925871790906,0.8857753383639958,0.37986925871790905,0.4288550857822682,0.0014623817787571534,0.6147387331404879,0.08570867610334922,2,5.651304947669982,1.5884604191571656,3.5577247500246525,3.9258071297200866e-05,0.00013966941189228393,128,0.001
35,MNISTMLP,MNIST MLP hidden=128 target=1e-03,1.0,0.01,Muon,2,2,1024,128,2.293292233933705,0.6337890625,full_layer_input_activation,"[[0.010000000000000007,0.010000000000000005,0.010000000000000005,0.010000000000000004,0.010000000000000004,0.010000000000000004,0.010000000000000004,0.010000000000000004,0.010000000000000004,0.010000000000000004,0.010000000000000004,0.010000000000000004,0.010000000000000004,0.010000000000000004,0.010000000000000004,0.010000000000000002,0.010000000000000002,0.010000000000000002,0.010000000000000002,0.010000000000000002,0.010000000000000002,0.010000000000000002,0.010000000000000002,0.010000000000000002,0.010000000000000002,0.010000000000000002,0.010000000000000002,0.010000000000000002,0.010000000000000002,0.010000000000000002,0.010000000000000002,0.010000000000000002,0.010000000000000002,0.010000000000000002,0.010000000000000002,0.010000000000000002,0.01,0.01,0.01,0.01,0.01,0.01,0.01,0.01,0.01,0.01,0.01,0.01,0.01,0.01,0.01,0.01,0.01,0.01,0.01,0.01,0.01,0.01,0.01,0.01,0.009999999999999998,0.009999999999999998,0.009999999999999998,0.009999999999999998,0.009999999999999998,0.009999999999999998,0.009999999999999998,0.009999999999999998,0.009999999999999998,0.009999999999999998,0.009999999999999998,0.009999999999999998,0.009999999999999998,0.009999999999999998,0.009999999999999998,0.009999999999999998,0.009999999999999998,0.009999999999999998,0.009999999999999998,0.009999999999999998,0.009999999999999998,0.009999999999999998,0.009999999999999998,0.009999999999999997,0.009999999999999997,0.009999999999999997,0.009999999999999997,0.009999999999999997,0.009999999999999997,0.009999999999999997,0.009999999999999997,0.009999999999999997,0.009999999999999997,0.009999999999999997,0.009999999999999997,0.009999999999999997,0.009999999999999997,0.009999999999999997,0.009999999999999997,0.009999999999999997,0.009999999999999995,0.009999999999999995,0.009999999999999995,0.009999999999999995,0.009999999999999995,0.009999999999999995,0.009999999999999995,0.009999999999999995,0.009999999999999995,0.009999999999999995,0.009999999999999995,0.009999999999999995,0.009999999999999995,0.009999999999999995,0.009999999999999995,0.009999999999999995,0.009999999999999995,0.009999999999999995,0.009999999999999995,0.009999999999999995,0.009999999999999995,0.009999999999999995,0.009999999999999993,0.009999999999999993,0.009999999999999993,0.009999999999999993,0.009999999999999993,0.00999999999999999]]",128.0,127.99999999999999,127.99999999999979,0.9999999999999999,0.9999999999999983,0.9999999999999984,0.004551608271787466,0.34419347313988374,0.04023091342857122,1,15.164050809868272,2.2909517121094636,6.61910538302246,3.398548458555497e-07,2.2495350396487374e-06,128,0.001
35,MNISTMLP,MNIST MLP hidden=128 target=1e-03,1.0,0.01,Muon,2,2,1024,128,2.293292233933705,0.6337890625,full_layer_input_activation,"[[0.010000000000000005,0.010000000000000004,0.010000000000000002,0.01,0.009999999999999998,0.009999999999999998,0.009999999999999998,0.009999999999999998,0.009999999999999998,0.009999999999999998]]",10.0,10.000000000000002,9.99999999999999,1.0000000000000002,0.9999999999999989,0.9999999999999988,0.002952593851983939,0.7717523221778602,0.09336921577679315,2,5.956016467869195,1.8115270787216675,3.287842913213393,4.404626903194571e-05,0.00014481721349017323,128,0.001
34,MNISTMLP,MNIST MLP hidden=128 target=1e-03,1.0,0.01,Adam,2,3,1024,128,2.2836484999570597,0.5478515625,full_layer_input_activation,"[[0.05546415305958382,0.042453835668663495,0.04018060836349376,0.03923289393417595,0.028176573772405313,0.024963186959681877,0.022225212646033058,0.02003494584052769,0.016129612185819802,0.015060652638181873,0.01250800270974868,0.01197956385959093,0.010227331852348484,0.010085573222898757,0.00926843634115496,0.00909596870460773,0.00883280944696653,0.00879990825602463,0.008619072252325995,0.008331067153068401,0.008061537350381107,0.007849626733139594,0.007612236114079313,0.007344692187671628,0.007119163425599369,0.007065266190177187,0.006999497135178306,0.006917394069734885,0.006737477088895592,0.006625297352863309,0.006487742803329878,0.0062479745199515,0.006212837302193697,0.00607366446261011,0.0058945384654104874,0.005794075362030228,0.005688321237973249,0.005589177806860631,0.005479129042357969,0.005397509817264072,0.005312791413871663,0.005291987680094404,0.005014755076653731,0.004926527877223923,0.004917219936811957,0.004867218257375366,0.004696834834959259,0.004643933492741659,0.00456334994024766,0.004531125670294527,0.00446236950319775,0.004408309417038229,0.0043805857576635346,0.004300397371842302,0.0042625694266543845,0.0041450176714479614,0.004089079890670177,0.004022933797565599,0.003990627254834319,0.003945630163250035,0.003899212362497038,0.0038364503791917933,0.0038024659492893837,0.0036923793164343422,0.0036453753658352555,0.0036233944387607272,0.003587195963507486,0.0035075373976994483,0.003474494936347671,0.0034403733353871786,0.0033756118924075412,0.0033364319786847,0.0032724320830092198,0.003255211283222498,0.0031993839124133624,0.0031638061965388246,0.003115573554729214,0.003088979470421488,0.0030485991883399607,0.003033768245676832,0.0030191211150091195,0.0029351778002409995,0.002919764956564128,0.002876718807559575,0.0028409629741714157,0.002813704244135991,0.002768362839821255,0.002717114722566205,0.002684611772254667,0.0026289829753567816,0.0026090933722735733,0.002570475400981407,0.002539973944034427,0.0025076843125634786,0.0024804772315799523,0.0024516364421530387,0.002422847308422048,0.002370008073537802,0.0023321323500068653,0.0023120800839389476,0.0023071916325149294,0.002290530157282276,0.0022180089603430274,0.0021827220193836438,0.0021662789492772378,0.002124687041691639,0.002088666553292162,0.0020623787509334687,0.00203878077754371,0.002026043561339996,0.00196397149166695,0.00195449186740102,0.0019387955114484215,0.0018612727261691304,0.001852077846325273,0.0018384191128263069,0.0017814116988462277,0.001768376893891068,0.0017035860398383086,0.0016741547158809543,0.0016383047042947804,0.0016044068445905107,0.0015747219999573546,0.0015232178323529208,0.0014779965824521623,0.0014350585457163997,0.001393999707425449,0.0013517068131927968]]",128.0,46.78015580294833,4.410442417355473,0.3654699672105338,0.03445658138558963,0.09428019940620855,0.008395763545836325,0.5979611767156101,0.0720786651166919,1,14.071359336367353,2.2909517121094636,6.142145756276426,3.6144850761288565e-07,2.2200694171469323e-06,128,0.001
34,MNISTMLP,MNIST MLP hidden=128 target=1e-03,1.0,0.01,Adam,2,3,1024,128,2.2836484999570597,0.5478515625,full_layer_input_activation,"[[0.009157655857167045,0.007622803679493923,0.006642977788359998,0.00526600884744828,0.004936108687519453,0.004215152229247686,0.003969268995067777,0.003364294876474185,0.003100041179549634,0.0025455008857056876]]",10.0,8.634001729856832,3.566854195906315,0.8634001729856833,0.3566854195906315,0.41311715094658197,0.0015809308634012786,0.6319754933591871,0.09140835234260014,2,5.861541638465854,1.4899566125722508,3.9340351182082607,2.8446872989819426e-05,0.00011191099734515964,128,0.001
35,MNISTMLP,MNIST MLP hidden=128 target=1e-03,1.0,0.01,Muon,2,3,1024,128,2.2906979874535542,0.4892578125,full_layer_input_activation,"[[0.010000000000000007,0.010000000000000007,0.010000000000000005,0.010000000000000005,0.010000000000000005,0.010000000000000004,0.010000000000000004,0.010000000000000004,0.010000000000000004,0.010000000000000004,0.010000000000000004,0.010000000000000002,0.010000000000000002,0.010000000000000002,0.010000000000000002,0.010000000000000002,0.010000000000000002,0.010000000000000002,0.010000000000000002,0.010000000000000002,0.010000000000000002,0.010000000000000002,0.010000000000000002,0.01,0.01,0.01,0.01,0.01,0.01,0.01,0.01,0.01,0.01,0.01,0.01,0.01,0.01,0.01,0.01,0.01,0.01,0.01,0.01,0.01,0.01,0.01,0.01,0.01,0.01,0.01,0.01,0.009999999999999998,0.009999999999999998,0.009999999999999998,0.009999999999999998,0.009999999999999998,0.009999999999999998,0.009999999999999998,0.009999999999999998,0.009999999999999998,0.009999999999999998,0.009999999999999998,0.009999999999999998,0.009999999999999998,0.009999999999999998,0.009999999999999998,0.009999999999999998,0.009999999999999998,0.009999999999999998,0.009999999999999998,0.009999999999999998,0.009999999999999998,0.009999999999999998,0.009999999999999998,0.009999999999999998,0.009999999999999998,0.009999999999999998,0.009999999999999998,0.009999999999999998,0.009999999999999998,0.009999999999999998,0.009999999999999998,0.009999999999999998,0.009999999999999998,0.009999999999999998,0.009999999999999998,0.009999999999999998,0.009999999999999998,0.009999999999999998,0.009999999999999998,0.009999999999999997,0.009999999999999997,0.009999999999999997,0.009999999999999997,0.009999999999999997,0.009999999999999997,0.009999999999999997,0.009999999999999997,0.009999999999999997,0.009999999999999997,0.009999999999999997,0.009999999999999997,0.009999999999999997,0.009999999999999997,0.009999999999999997,0.009999999999999997,0.009999999999999997,0.009999999999999997,0.009999999999999997,0.009999999999999997,0.009999999999999997,0.009999999999999997,0.009999999999999995,0.009999999999999995,0.009999999999999995,0.009999999999999995,0.009999999999999995,0.009999999999999995,0.009999999999999995,0.009999999999999995,0.009999999999999995,0.009999999999999995,0.009999999999999993,0.009999999999999993,0.009999999999999993,0.009999999999999993,0.009999999999999993,0.009999999999999992]]",128.0,128.0,127.99999999999977,1.0,0.9999999999999982,0.9999999999999982,0.004511294864233451,0.36277231106963087,0.039874589880394114,1,16.845279958886383,2.2909517121094636,7.3529615966351285,3.005405914426177e-07,2.209863427107576e-06,128,0.001
35,MNISTMLP,MNIST MLP hidden=128 target=1e-03,1.0,0.01,Muon,2,3,1024,128,2.2906979874535542,0.4892578125,full_layer_input_activation,"[[0.010000000000000007,0.010000000000000007,0.010000000000000005,0.010000000000000005,0.010000000000000002,0.010000000000000002,0.01,0.01,0.01,0.009999999999999998]]",10.0,9.999999999999996,9.999999999999993,0.9999999999999997,0.9999999999999993,0.9999999999999997,0.0028258674180611214,0.797300520054776,0.08936177406732382,2,6.35688119279616,1.7926554684496754,3.5460696741096154,3.4809208170740294e-05,0.0001234358774740308,128,0.001
34,MNISTMLP,MNIST MLP hidden=128 target=1e-03,1.0,0.01,Adam,2,4,1024,128,2.2750557541440544,0.525390625,full_layer_input_activation,"[[0.05616330619620011,0.04371313593362425,0.04145707685300151,0.04003597354465506,0.02830993800186279,0.02516454601126239,0.022706671653562268,0.019645429507622957,0.015189315177652218,0.01484574939700133,0.012148666717715305,0.011447318354837758,0.010085921068676437,0.009572884102248944,0.009366443671823921,0.009018265854578815,0.00849388293078259,0.00817165711623814,0.008007744471503065,0.007874668822671255,0.007382675761145249,0.007338728254878703,0.007177493537582934,0.006847599802920644,0.006656141638537571,0.006602995354672796,0.0064649474005037105,0.006316558190206079,0.006297923491645826,0.00613818879577821,0.005985051050555321,0.0058470521694327406,0.005774440425349046,0.005712471296290925,0.005620550442850741,0.0054701787427916485,0.005430956602491838,0.005312609225556719,0.0050999641774975265,0.005078303261314145,0.005043934957546775,0.004869911057604943,0.004803766902840064,0.004727133106360573,0.004598911678641227,0.0045666671335279204,0.004478511235961195,0.00443233138176557,0.0043848556902540015,0.004292443816671041,0.0042290975580642565,0.0040869372770262775,0.004068214603484747,0.004016110917035343,0.003954356992013136,0.003935328387324435,0.0038930826107058682,0.003796602017207764,0.003767522165742503,0.003711221356932296,0.0036329607206854815,0.003600562510092234,0.0035570516107888933,0.0035260434645667865,0.003460214087652569,0.0034123070143407415,0.003356743012011947,0.0033330820458262584,0.0032706699435812365,0.0032545625229198423,0.0031958772163028968,0.0031607025201942627,0.003099987741761784,0.0030620373614622673,0.002992177582255844,0.0029234006218745905,0.002901759672678312,0.002866665708085181,0.002813190036827374,0.002801667985473176,0.002744194093415126,0.0027131923843447476,0.00264888249017009,0.0026371395283397154,0.002628484419866178,0.002590777957035305,0.002577124022312722,0.0025360544134568792,0.00252419706739505,0.0024652090870235337,0.002420204450390703,0.0023821463986681444,0.0023491621207471104,0.0023298531605089037,0.002291625670848123,0.0022590324559640194,0.002217743630649372,0.0022101647272398262,0.0021769406257319958,0.002134202181604132,0.002119529296460497,0.0020805628437666466,0.0020698804218358758,0.002037623116598215,0.0019877160184551272,0.0019506404076396384,0.001945864418931657,0.0019039514854047356,0.0019011754695181487,0.0018940767496839243,0.0018883116844352712,0.001866504742176586,0.001792495877791844,0.001758160859629838,0.0017307656090346107,0.0017001487951075044,0.001675212621474865,0.0016483598501675874,0.0016006606137553606,0.0015651221905169487,0.001551647602267272,0.0015074952572632107,0.0014987281450685515,0.0014017640484994354,0.0013562315002109996,0.001345391085281367,0.0013027090459262764,0.0012302887755877262]]",128.0,43.63345131445096,4.318999547322679,0.3408863383941481,0.03374218396345843,0.0989836792005557,0.008957976997193674,0.6552008599613478,0.07674775807792958,1,15.281981879223922,2.2909517121094636,6.670582273055669,3.413197508483021e-07,2.2768014794524616e-06,128,0.001
34,MNISTMLP,MNIST MLP hidden=128 target=1e-03,1.0,0.01,Adam,2,4,1024,128,2.2750557541440544,0.525390625,full_layer_input_activation,"[[0.009304795165433881,0.00800799795722577,0.006851807889863117,0.00524107127604498,0.005031551710336492,0.0043456071460010095,0.003737293868970636,0.0033977654639705005,0.0030452111413495487,0.002445836389879093]]",10.0,8.522893051542953,3.581595963622956,0.8522893051542952,0.3581595963622956,0.42023241896418695,0.0018870265473915945,0.7506779371394395,0.10716004738769025,2,6.8133183543852525,1.4252227460100106,4.780528779420278,1.841693980296225e-05,8.804271075691186e-05,128,0.001
35,MNISTMLP,MNIST MLP hidden=128 target=1e-03,1.0,0.01,Muon,2,4,1024,128,2.285644638825412,0.4296875,full_layer_input_activation,"[[0.010000000000000007,0.010000000000000007,0.010000000000000005,0.010000000000000005,0.010000000000000005,0.010000000000000005,0.010000000000000005,0.010000000000000005,0.010000000000000005,0.010000000000000005,0.010000000000000005,0.010000000000000005,0.010000000000000005,0.010000000000000005,0.010000000000000004,0.010000000000000004,0.010000000000000004,0.010000000000000004,0.010000000000000004,0.010000000000000004,0.010000000000000004,0.010000000000000004,0.010000000000000004,0.010000000000000004,0.010000000000000004,0.010000000000000004,0.010000000000000004,0.010000000000000004,0.010000000000000004,0.010000000000000004,0.010000000000000004,0.010000000000000004,0.010000000000000004,0.010000000000000004,0.010000000000000004,0.010000000000000002,0.010000000000000002,0.010000000000000002,0.010000000000000002,0.010000000000000002,0.010000000000000002,0.010000000000000002,0.010000000000000002,0.010000000000000002,0.010000000000000002,0.010000000000000002,0.010000000000000002,0.010000000000000002,0.010000000000000002,0.010000000000000002,0.010000000000000002,0.010000000000000002,0.010000000000000002,0.010000000000000002,0.010000000000000002,0.010000000000000002,0.010000000000000002,0.010000000000000002,0.010000000000000002,0.010000000000000002,0.010000000000000002,0.010000000000000002,0.010000000000000002,0.01,0.01,0.01,0.01,0.01,0.01,0.01,0.01,0.01,0.01,0.01,0.01,0.01,0.01,0.01,0.01,0.01,0.01,0.01,0.01,0.01,0.01,0.01,0.01,0.01,0.01,0.01,0.01,0.01,0.01,0.01,0.01,0.009999999999999998,0.009999999999999998,0.009999999999999998,0.009999999999999998,0.009999999999999998,0.009999999999999998,0.009999999999999998,0.009999999999999998,0.009999999999999998,0.009999999999999998,0.009999999999999998,0.009999999999999998,0.009999999999999998,0.009999999999999998,0.009999999999999998,0.009999999999999998,0.009999999999999998,0.009999999999999998,0.009999999999999998,0.009999999999999997,0.009999999999999997,0.009999999999999997,0.009999999999999997,0.009999999999999997,0.009999999999999997,0.009999999999999997,0.009999999999999997,0.009999999999999997,0.009999999999999997,0.009999999999999997,0.009999999999999995,0.009999999999999995,0.009999999999999993]]",128.0,128.0,127.99999999999987,1.0,0.999999999999999,0.999999999999999,0.004654462989150259,0.3752492818286159,0.04114002928012445,1,18.023939009650316,2.2909517121094636,7.86744605500839,2.989980769347881e-07,2.352351240835693e-06,128,0.001
35,MNISTMLP,MNIST MLP hidden=128 target=1e-03,1.0,0.01,Muon,2,4,1024,128,2.285644638825412,0.4296875,full_layer_input_activation,"[[0.010000000000000005,0.010000000000000005,0.010000000000000002,0.01,0.01,0.009999999999999998,0.009999999999999997,0.009999999999999995,0.009999999999999995,0.009999999999999993]]",10.0,9.999999999999998,9.99999999999999,0.9999999999999998,0.9999999999999989,0.9999999999999991,0.0027112586477718156,0.8629989432446091,0.08573752652787144,2,7.447671760413115,1.778437027489496,4.187762425823145,2.484082902809329e-05,0.00010402749043014596,128,0.001
34,MNISTMLP,MNIST MLP hidden=128 target=1e-03,1.0,0.01,Adam,2,5,1024,128,2.2652553309361996,0.51171875,full_layer_input_activation,,,,,,,,,,,1,12.690042901213845,2.2909517121094636,5.539201386976901,4.4728500749892244e-07,2.4776017339120042e-06,128,0.001
34,MNISTMLP,MNIST MLP hidden=128 target=1e-03,1.0,0.01,Adam,2,5,1024,128,2.2652553309361996,0.51171875,full_layer_input_activation,,,,,,,,,,,2,5.783933160744244,1.379286755167087,4.193423259577068,2.4428849928638178e-05,0.00010244050749546894,128,0.001
35,MNISTMLP,MNIST MLP hidden=128 target=1e-03,1.0,0.01,Muon,2,5,1024,128,2.281470760072635,0.3955078125,full_layer_input_activation,,,,,,,,,,,1,15.483063084503682,2.2909517121094636,6.758354182091066,3.945954301437038e-07,2.6668156755457237e-06,128,0.001
35,MNISTMLP,MNIST MLP hidden=128 target=1e-03,1.0,0.01,Muon,2,5,1024,128,2.281470760072635,0.3955078125,full_layer_input_activation,,,,,,,,,,,2,6.494667200333739,1.7621418581305202,3.685666491813558,3.209199518032991e-05,0.00011828039129158415,128,0.001
