seed,trajectory_step,direction,head_classes,tail_classes,warmup_steps,hidden_dim,momentum_beta,trajectory_steps,trajectory_lr,newton_schulz_steps,head_gradient_fro_norm,momentum_fro_norm,gradient_momentum_cosine,direction_cosine_to_polar_grad,head_loss_before,head_loss_after,actual_head_loss_decrease,matched_first_order_head_gain,tail_loss_before,tail_loss_after,tail_loss_increase,tail_accuracy_before,tail_accuracy_after,tail_accuracy_drop,tail_margin_before,tail_margin_after,tail_margin_drop,tail_output_drift_fro,tail_output_drift_rms,tail_output_jvp_fro,tail_output_linearization_residual_fro,tail_output_linearization_relative_error,update_fro_norm,update_op_norm,step_size,alignment,state_source
0,0,frobenius_grad,"0,1,2,3,4","5,6,7,8,9",80,32,0.9,6,0.001,5,0.5036348234553122,0.0503634823455312,1.0000000000000002,0.30113486853956306,0.12245400290366898,0.12010049103983345,0.0023535118638355335,0.002347386176884874,12.431107949501623,12.434798168562912,0.0036902190612888575,0.19,0.19,0.0,-11.462027261065277,-11.469462682973871,0.007435421908594364,0.5897587344358136,0.013187406205227247,0.5897826329150262,3.287153362916035e-05,5.573499759850739e-05,0.004660889334021913,0.004253414670320708,0.004660889334021913,0.5036348234553122,muon_ns_trajectory
0,0,polar_grad,"0,1,2,3,4","5,6,7,8,9",80,32,0.9,6,0.001,5,0.5036348234553122,0.0503634823455312,1.0000000000000002,1.0000000000000002,0.12245400290366898,0.12007320897175082,0.00238079393191816,0.002347386176884874,12.431107949501623,12.437236042362981,0.00612809286135807,0.19,0.19,0.0,-11.462027261065277,-11.473143288916852,0.011116027851574728,0.4975081415708576,0.011124620239120267,0.4975166718073546,0.00024652702747466395,0.0004955151082256047,0.015477747085969109,0.0023882682252310415,0.00238826822523104,0.9828821369751252,muon_ns_trajectory
0,0,polar_momentum,"0,1,2,3,4","5,6,7,8,9",80,32,0.9,6,0.001,5,0.5036348234553122,0.0503634823455312,1.0000000000000002,0.7237215379896194,0.12245400290366898,0.12007320897175082,0.00238079393191816,0.002347386176884874,12.431107949501623,12.437236042364818,0.006128092863194823,0.19,0.19,0.0,-11.462027261065277,-11.473143288918687,0.011116027853409705,0.4975310577266728,0.011125132659942126,0.49754029814808826,0.00024925352695672376,0.0005009715351389201,0.015477747085969114,0.0023882682252310415,0.00238826822523104,0.982882136975125,muon_ns_trajectory
0,0,ns_momentum,"0,1,2,3,4","5,6,7,8,9",80,32,0.9,6,0.001,5,0.5036348234553122,0.0503634823455312,1.0000000000000002,0.5325044590834199,0.12245400290366898,0.12007858534759973,0.002375417556069251,0.002347386176884874,12.431107949501623,12.435933650284124,0.004825700782500775,0.19,0.19,0.0,-11.462027261065277,-11.471248545020647,0.009221283955369586,0.5130104918651945,0.011471263329811772,0.5130639890224117,0.0009332498817410934,0.0018189736596390263,0.007037978675249229,0.002614083590627738,0.0026140835906277382,0.897976707899069,muon_ns_trajectory
0,1,frobenius_grad,"0,1,2,3,4","5,6,7,8,9",80,32,0.9,6,0.001,5,0.5679673131601428,0.09496907751600348,0.9446210165683926,0.2922178803100695,0.12851630387026652,0.12593274877794955,0.0025835550923169748,0.0027397215190429532,12.432940077492827,12.44116362976657,0.008223552273744161,0.19,0.19,0.0,-11.465550509001577,-11.481806773724236,0.016256264722658287,0.7005784189964106,0.015665409684453045,0.7005694707878629,0.00027645366037771564,0.00039461277133132116,0.004823730971064645,0.004318892419173742,0.004823730971064646,0.5679673131601427,muon_ns_trajectory
0,1,polar_grad,"0,1,2,3,4","5,6,7,8,9",80,32,0.9,6,0.001,5,0.5679673131601428,0.09496907751600348,0.9446210165683926,1.0,0.12851630387026652,0.12592274505288864,0.0025935588173778834,0.0027397215190429532,12.432940077492827,12.443304907704038,0.01036483021121093,0.19,0.19,0.0,-11.465550509001577,-11.482611925464498,0.01706141646292103,0.5530901562139552,0.012367471869803817,0.5530130666040942,0.0003068135437830136,0.0005548034256533462,0.01650730942934166,0.0025471331438082488,0.002547133143808247,1.0756098579702689,muon_ns_trajectory
0,1,polar_momentum,"0,1,2,3,4","5,6,7,8,9",80,32,0.9,6,0.001,5,0.5679673131601428,0.09496907751600348,0.9446210165683926,0.5959505302416687,0.12851630387026652,0.1259144925025187,0.002601811367747814,0.0027397215190429532,12.432940077492827,12.442658197962675,0.009718120469848657,0.19,0.19,0.0,-11.465550509001577,-11.481789211649549,0.016238702647971337,0.5625643825697014,0.012579322011460505,0.5625563852562863,0.0008208667932523583,0.001459172475445981,0.017056130463086044,0.002631818067844666,0.002631818067844665,1.0409995859959484,muon_ns_trajectory
0,1,ns_momentum,"0,1,2,3,4","5,6,7,8,9",80,32,0.9,6,0.001,5,0.5679673131601428,0.09496907751600348,0.9446210165683926,0.4800142538799118,0.12851630387026652,0.12591150603796109,0.002604797832305439,0.0027397215190429532,12.432940077492827,12.440807217762217,0.00786714026938995,0.19,0.19,0.0,-11.465550509001577,-11.480014686297912,0.014464177296334313,0.572492885142947,0.01280133007814609,0.5725114892236945,0.001498841594190494,0.002618011380387965,0.007389385898444329,0.002813452299211666,0.002813452299211666,0.9737934848977634,muon_ns_trajectory
0,2,frobenius_grad,"0,1,2,3,4","5,6,7,8,9",80,32,0.9,6,0.001,5,0.310748013643498,0.11158836109645241,0.881321116973537,0.3246123539106663,0.08138764290243553,0.07984645029826343,0.001541192604172098,0.0016487648545529126,12.435714903015441,12.44626759632546,0.010552693310019734,0.19,0.19,0.0,-11.47064980350263,-11.488807711167578,0.01815790766494807,0.7198334320773458,0.016095964866019236,0.7197665099239999,0.0008322845104515359,0.0011563256958696463,0.005305793704748949,0.004625451057860002,0.005305793704748948,0.31074801364349813,muon_ns_trajectory
0,2,polar_grad,"0,1,2,3,4","5,6,7,8,9",80,32,0.9,6,0.001,5,0.310748013643498,0.11158836109645241,0.881321116973537,1.0,0.08138764290243553,0.07982685033228201,0.001560792570153513,0.0016487648545529126,12.435714903015441,12.44561486327266,0.00989996025721851,0.19,0.19,0.0,-11.47064980350263,-11.486731250279004,0.01608144677637391,0.5538247745843885,0.012383898435941905,0.5537469062787945,0.0003016484121743325,0.0005447405823021642,0.016345014725499665,0.0025220905273243234,0.0025220905273243208,0.6537294505055229,muon_ns_trajectory
0,2,polar_momentum,"0,1,2,3,4","5,6,7,8,9",80,32,0.9,6,0.001,5,0.310748013643498,0.11158836109645241,0.881321116973537,0.5073821465599976,0.08138764290243553,0.07979519391560239,0.0015924489868331393,0.0016487648545529126,12.435714903015441,12.446805525847324,0.011090622831883223,0.19,0.19,0.0,-11.47064980350263,-11.48911023730509,0.018460433802459875,0.6007527440334588,0.013433239733283442,0.6007401249802128,0.0014334860811936695,0.0023861999916201465,0.018015453485387033,0.0027798448238814636,0.002779844823881462,0.5931139898128426,muon_ns_trajectory
0,2,ns_momentum,"0,1,2,3,4","5,6,7,8,9",80,32,0.9,6,0.001,5,0.310748013643498,0.11158836109645241,0.881321116973537,0.44020310024966436,0.08138764290243553,0.0797924921377226,0.0015951507647129215,0.0016487648545529126,12.435714903015441,12.446286795174178,0.010571892158736773,0.19,0.19,0.0,-11.47064980350263,-11.48906026352238,0.018410460019749664,0.6455320903320589,0.014434536356400176,0.6455262335528636,0.002379809861142761,0.0036866199039575867,0.008435113982223345,0.003099899651362064,0.0030998996513620617,0.5318768476355238,muon_ns_trajectory
0,3,frobenius_grad,"0,1,2,3,4","5,6,7,8,9",80,32,0.9,6,0.001,5,0.44618359349551784,0.12213360903492207,0.6258785724056725,0.32699184889424276,0.11583574831179445,0.113604089670749,0.0022316586410454503,0.002384353118606215,12.43909713924327,12.434034379826569,-0.005062759416700757,0.19,0.19,0.0,-11.476536435479195,-11.47216658536588,-0.0043698501133153655,0.744353228721025,0.016644244186916592,0.7443189561619502,7.245541375100307e-05,9.734457674518516e-05,0.005343883444764465,0.004652349520887365,0.005343883444764464,0.44618359349551784,muon_ns_trajectory
0,3,polar_grad,"0,1,2,3,4","5,6,7,8,9",80,32,0.9,6,0.001,5,0.44618359349551784,0.12213360903492207,0.6258785724056725,0.9999999999999998,0.11583574831179445,0.11356159666896835,0.0022741516428261,0.002384353118606215,12.43909713924327,12.435104835549257,-0.003992303694012378,0.19,0.19,0.0,-11.476536435479195,-11.474060460195185,-0.0024759752840104454,0.5462582948068037,0.012214706804611336,0.5463244779755506,0.0002968455191810065,0.0005433502088008056,0.016342558577026815,0.002521711535386957,0.002521711535386956,0.9455296869395242,muon_ns_trajectory
0,3,polar_momentum,"0,1,2,3,4","5,6,7,8,9",80,32,0.9,6,0.001,5,0.44618359349551784,0.12213360903492207,0.6258785724056725,0.38347106125033714,0.11583574831179445,0.11350506040593014,0.002330687905864312,0.002384353118606215,12.43909713924327,12.447947106596613,0.008849967353343757,0.19,0.19,0.0,-11.476536435479195,-11.493035258401074,0.016498822921878542,0.7708889702823498,0.017237601406561498,0.7709026561775634,0.0006003912707796706,0.0007788159321653465,0.023099381049726628,0.0035643118780236834,0.0035643118780236812,0.668951876323538,muon_ns_trajectory
0,3,ns_momentum,"0,1,2,3,4","5,6,7,8,9",80,32,0.9,6,0.001,5,0.44618359349551784,0.12213360903492207,0.6258785724056725,0.3404074592141142,0.11583574831179445,0.11349983236916958,0.002335915942624875,0.002384353118606215,12.43909713924327,12.447335689331448,0.008238550088178087,0.19,0.19,0.0,-11.476536435479195,-11.493033475963284,0.016497040484088288,0.8244365107051379,0.018434960810694227,0.8243902636457707,0.0003860449423948432,0.00046827935677891684,0.011405471353151522,0.003937627993322856,0.003937627993322855,0.6055303148620004,muon_ns_trajectory
0,4,frobenius_grad,"0,1,2,3,4","5,6,7,8,9",80,32,0.9,6,0.001,5,0.45433353443571267,0.14579149365854405,0.8482211331619853,0.3122375445608568,0.2126122439756117,0.20855658063835572,0.004055663337255988,0.00417083696260238,12.441155901401684,12.450217597652536,0.009061696250851625,0.19,0.19,0.0,-11.480677036562025,-11.502788530512884,0.02211149395085954,1.375647406738453,0.030760411145384865,1.375735475086428,0.00020878823702837957,0.0001517648129377945,0.009180121312820564,0.008207951774878465,0.009180121312820562,0.4543335344357126,muon_ns_trajectory
0,4,polar_grad,"0,1,2,3,4","5,6,7,8,9",80,32,0.9,6,0.001,5,0.45433353443571267,0.14579149365854405,0.8482211331619853,1.0,0.2126122439756117,0.20852868135623873,0.004083562619372982,0.00417083696260238,12.441155901401684,12.451165620214008,0.010009718812323598,0.19,0.19,0.0,-11.480677036562025,-11.501342328773084,0.02066529221105995,0.9594779351218613,0.021454578858436147,0.959430558521007,0.0009694041630810458,0.0010103953376004757,0.029401080916556174,0.004536685277931153,0.004536685277931149,0.919357792547689,muon_ns_trajectory
0,4,polar_momentum,"0,1,2,3,4","5,6,7,8,9",80,32,0.9,6,0.001,5,0.45433353443571267,0.14579149365854405,0.8482211331619853,0.46213889005522496,0.2126122439756117,0.20861412846859947,0.003998115507012234,0.00417083696260238,12.441155901401684,12.454209115196965,0.013053213795281238,0.19,0.19,0.0,-11.480677036562025,-11.506115282954347,0.02543824639232284,1.1228876013783131,0.025108530077735964,1.1229925176505877,0.0013261371251334485,0.0011808957800608143,0.03431364989841151,0.0052947111287512914,0.005294711128751287,0.7877364526940749,muon_ns_trajectory
0,4,ns_momentum,"0,1,2,3,4","5,6,7,8,9",80,32,0.9,6,0.001,5,0.45433353443571267,0.14579149365854405,0.8482211331619853,0.44970137280056194,0.2126122439756117,0.20860507122337527,0.004007172752236443,0.00417083696260238,12.441155901401684,12.453274485490963,0.012118584089279238,0.19,0.19,0.0,-11.480677036562025,-11.50583831230717,0.025161275745144707,1.1887997301343098,0.026582370082137204,1.1888537292093537,0.0007563046289753118,0.0006361628940494569,0.016801345513308964,0.005726029728188842,0.005726029728188844,0.7283994601127622,muon_ns_trajectory
0,5,frobenius_grad,"0,1,2,3,4","5,6,7,8,9",80,32,0.9,6,0.001,5,0.37140264349671026,0.14780235901148886,0.5472580627479834,0.3380227167585964,0.09378603541718236,0.09204357675110503,0.0017424586660773345,0.001878848244002123,12.44321379182876,12.444308718456899,0.0010949266281379266,0.19,0.19,0.0,-11.484927519696193,-11.488686674461649,0.003759154765456074,0.6475912681086178,0.014480580971261618,0.6476200596083178,4.1338123717460934e-05,6.383082658443645e-05,0.005058790713800519,0.0043888670549676045,0.00505879071380052,0.37140264349671026,muon_ns_trajectory
0,5,polar_grad,"0,1,2,3,4","5,6,7,8,9",80,32,0.9,6,0.001,5,0.37140264349671026,0.14780235901148886,0.5472580627479834,0.9999999999999998,0.09378603541718236,0.09199557462762759,0.0017904607895547764,0.001878848244002123,12.44321379182876,12.445582536304885,0.0023687444761240073,0.19,0.19,0.0,-11.484927519696193,-11.4918455913627,0.006918071666508041,0.48530317761631264,0.010851708948467289,0.48531029095221956,0.0002482639392099365,0.0005115571291983564,0.01496583058769191,0.0023092777946460063,0.0023092777946460046,0.8136085872207232,muon_ns_trajectory
0,5,polar_momentum,"0,1,2,3,4","5,6,7,8,9",80,32,0.9,6,0.001,5,0.37140264349671026,0.14780235901148886,0.5472580627479834,0.3358858297249125,0.09378603541718236,0.0919628825209177,0.0018231528962646681,0.001878848244002123,12.44321379182876,12.450332764416284,0.0071189725875235865,0.19,0.19,0.0,-11.484927519696193,-11.499535963840962,0.014608444144769805,0.703207352809943,0.015724194431607105,0.7032621833914893,0.000517384855770055,0.0007356927017957387,0.02150587487930554,0.003318428537742448,0.0033184285377424443,0.5661861398046919,muon_ns_trajectory
0,5,ns_momentum,"0,1,2,3,4","5,6,7,8,9",80,32,0.9,6,0.001,5,0.37140264349671026,0.14780235901148886,0.5472580627479834,0.4010545285400242,0.09378603541718236,0.09196524387776658,0.001820791539415778,0.001878848244002123,12.44321379182876,12.450775923712788,0.007562131884027323,0.19,0.19,0.0,-11.484927519696193,-11.500804042526351,0.01587652283015828,0.7439049872344154,0.016634221202572658,0.7439420216595096,0.0002636007964392308,0.0003543297579174479,0.010771625082808338,0.0035824349514305587,0.003582434951430557,0.5244612308317982,muon_ns_trajectory
1,0,frobenius_grad,"0,1,2,3,4","5,6,7,8,9",80,32,0.9,6,0.001,5,0.49981406712697996,0.04998140671269798,0.9999999999999999,0.35212493191691974,0.17550142014951647,0.1719310953723619,0.0035703247771545765,0.0036556785910374233,10.53344960455768,10.538459934345296,0.0050103297876162856,0.2,0.2,0.0,-9.405020229033603,-9.418980763839915,0.013960534806312097,0.9296475535018813,0.020787551247465782,0.9296045795301096,0.0007513703489799104,0.0008082687688131961,0.007314077036788726,0.0062151888999404156,0.007314077036788727,0.49981406712697996,muon_ns_trajectory
1,0,polar_grad,"0,1,2,3,4","5,6,7,8,9",80,32,0.9,6,0.001,5,0.49981406712697996,0.04998140671269798,0.9999999999999999,1.0,0.17550142014951647,0.171918235090254,0.0035831850592624725,0.0036556785910374233,10.53344960455768,10.539668331221543,0.006218726663863805,0.2,0.2,0.0,-9.405020229033603,-9.417887299994248,0.012867070960645322,0.6553134994841597,0.014653255314198551,0.6551602741719151,0.0019512905776873954,0.0029783408039410117,0.020771255806772596,0.003205074353904568,0.0032050743539045663,1.1405908841346881,muon_ns_trajectory
1,0,polar_momentum,"0,1,2,3,4","5,6,7,8,9",80,32,0.9,6,0.001,5,0.49981406712697996,0.04998140671269798,0.9999999999999999,0.6818061164303251,0.17550142014951647,0.171918235090254,0.0035831850592624725,0.0036556785910374233,10.53344960455768,10.53966833122158,0.0062187266639011085,0.2,0.2,0.0,-9.405020229033603,-9.417887299994284,0.012867070960680849,0.6553240365451951,0.014653490930046136,0.6551705940351055,0.0019511891832343267,0.0029781391304777908,0.020771255806772592,0.003205074353904568,0.0032050743539045663,1.1405908841346881,muon_ns_trajectory
1,0,ns_momentum,"0,1,2,3,4","5,6,7,8,9",80,32,0.9,6,0.001,5,0.49981406712697996,0.04998140671269798,0.9999999999999999,0.5449775925621898,0.17550142014951647,0.17191206822192426,0.003589351927592216,0.0036556785910374233,10.53344960455768,10.538826390159384,0.005376785601704626,0.2,0.2,0.0,-9.405020229033603,-9.41693224480126,0.011912015767656214,0.6647833633236064,0.014865007907025246,0.6646795987754264,0.001806501228633801,0.0027178526796399526,0.010129953337470566,0.0033932166956604348,0.0033932166956604348,1.0773489932760998,muon_ns_trajectory
1,1,frobenius_grad,"0,1,2,3,4","5,6,7,8,9",80,32,0.9,6,0.001,5,0.4960582238245957,0.08472227009308674,0.9059740213218623,0.32423037557092427,0.13085452875984008,0.1282688014821205,0.0025857272777195794,0.0026941505944634092,10.535010258757898,10.540390866589973,0.005380607832075057,0.2,0.2,0.0,-9.408474368881985,-9.420414570551626,0.011940201669641937,0.6754293070354171,0.015103058445267692,0.6754086836115423,3.999652897260533e-05,5.9218262872689275e-05,0.0054311176895558335,0.004553230688434325,0.005431117689555834,0.4960582238245957,muon_ns_trajectory
1,1,polar_grad,"0,1,2,3,4","5,6,7,8,9",80,32,0.9,6,0.001,5,0.4960582238245957,0.08472227009308674,0.9059740213218623,1.0,0.13085452875984008,0.12826722319420675,0.00258730556563333,0.0026941505944634092,10.535010258757898,10.540909088618372,0.005898829860473853,0.2,0.2,0.0,-9.408474368881985,-9.418806439442497,0.010332070560512108,0.5208646903630063,0.011646888547310616,0.5207869256556672,0.00032715431185220814,0.0006281922524078789,0.01675079850243025,0.0025847043234649815,0.0025847043234649802,1.0423438263343439,muon_ns_trajectory
1,1,polar_momentum,"0,1,2,3,4","5,6,7,8,9",80,32,0.9,6,0.001,5,0.4960582238245957,0.08472227009308674,0.9059740213218623,0.43480759676250375,0.13085452875984008,0.12825749692113758,0.002597031838702496,0.0026941505944634092,10.535010258757898,10.542392666513509,0.007382407755610387,0.2,0.2,0.0,-9.408474368881985,-9.421906123521751,0.013431754639766424,0.565061615330456,0.012635161833547369,0.5649198003473731,0.0023603684021636364,0.0041782362747990595,0.018459231092046082,0.0028483211952271166,0.002848321195227114,0.9458731687205622,muon_ns_trajectory
1,1,ns_momentum,"0,1,2,3,4","5,6,7,8,9",80,32,0.9,6,0.001,5,0.4960582238245957,0.08472227009308674,0.9059740213218623,0.4440476198081662,0.13085452875984008,0.12825556260442436,0.002598966155415716,0.0026941505944634092,10.535010258757898,10.540712453195276,0.005702194437377628,0.2,0.2,0.0,-9.408474368881985,-9.420103863259358,0.011629494377373817,0.5702216890651729,0.012750544589944752,0.5701468547381139,0.0015551931858750674,0.002727706332063194,0.008655148483179205,0.002964619019560952,0.002964619019560952,0.9087678978941456,muon_ns_trajectory
1,2,frobenius_grad,"0,1,2,3,4","5,6,7,8,9",80,32,0.9,6,0.001,5,0.7547354897989609,0.11080723464145441,0.7270362667770353,0.28886151398851734,0.1960780940211999,0.19225516464010137,0.0038229293810985443,0.0038847080601371554,10.536915162596571,10.531258738925384,-0.005656423671187127,0.2,0.2,0.0,-9.412342009814296,-9.405300785125577,-0.007041224688718373,0.6439309392563738,0.014398733529925399,0.6439284602777147,1.5079634854890979e-05,2.3418183517447585e-05,0.0051471119519925146,0.0046175666741964305,0.0051471119519925146,0.7547354897989608,muon_ns_trajectory
1,2,polar_grad,"0,1,2,3,4","5,6,7,8,9",80,32,0.9,6,0.001,5,0.7547354897989609,0.11080723464145441,0.7270362667770353,1.0000000000000002,0.1960780940211999,0.1922102582311421,0.003867835790057811,0.0038847080601371554,10.536915162596571,10.530178809586825,-0.0067363530097459545,0.2,0.2,0.0,-9.412342009814296,-9.404611563024552,-0.007730446789743439,0.5304039786918404,0.011860193518913046,0.5303989590030823,0.00035059415054980117,0.0006610008270166378,0.017818614466574872,0.002749471903875498,0.002749471903875496,1.4128924375119079,muon_ns_trajectory
1,2,polar_momentum,"0,1,2,3,4","5,6,7,8,9",80,32,0.9,6,0.001,5,0.7547354897989609,0.11080723464145441,0.7270362667770353,0.2979227210511655,0.1960780940211999,0.1922449754194201,0.003833118601779817,0.0038847080601371554,10.536915162596571,10.540595312417725,0.003680149821153833,0.2,0.2,0.0,-9.412342009814296,-9.420061998734033,0.00771998891973702,0.7123655146364498,0.01592897715553723,0.7123690219213459,0.0006450767503561986,0.0009055373416103189,0.02423296215518452,0.0037392272400495687,0.0037392272400495656,1.0389066539014786,muon_ns_trajectory
1,2,ns_momentum,"0,1,2,3,4","5,6,7,8,9",80,32,0.9,6,0.001,5,0.7547354897989609,0.11080723464145441,0.7270362667770353,0.3673534969002283,0.1960780940211999,0.19225077767517626,0.0038273163460236514,0.0038847080601371554,10.536915162596571,10.536528440185673,-0.0003867224108979883,0.2,0.2,0.0,-9.412342009814296,-9.416713544778975,0.004371534964679569,0.7298613857658389,0.016320196727246137,0.7298877277567375,0.0005737036473066503,0.0007860162946839662,0.011643746082074354,0.003934892407034807,0.003934892407034807,0.9872463229724067,muon_ns_trajectory
1,3,frobenius_grad,"0,1,2,3,4","5,6,7,8,9",80,32,0.9,6,0.001,5,0.41011674412436583,0.11601091662940514,0.5459572769137345,0.33955901939252425,0.18415032940403914,0.1807159329824176,0.0034343964216215495,0.0035680734958135276,10.536791583559785,10.533469399277385,-0.0033221842823998315,0.2,0.2,0.0,-9.413384810494717,-9.416054129388204,0.0026693188934867607,1.0476476579876735,0.023426113797288893,1.0476530643359565,0.00017857519033501586,0.00017045260154725344,0.008700140988955885,0.00739785627612628,0.008700140988955886,0.4101167441243657,muon_ns_trajectory
1,3,polar_grad,"0,1,2,3,4","5,6,7,8,9",80,32,0.9,6,0.001,5,0.41011674412436583,0.11601091662940514,0.5459572769137345,1.0,0.18415032940403914,0.1807215907521371,0.003428738651902047,0.0035680734958135276,10.536791583559785,10.534740334194584,-0.0020512493652002917,0.2,0.2,0.0,-9.413384810494717,-9.416765287666106,0.003380477171388563,0.7719809201786244,0.01726201814852243,0.7720361720571242,0.0007454228724752851,0.0009655284291784842,0.025621881593722817,0.003953542162243496,0.003953542162243492,0.9025004285748592,muon_ns_trajectory
1,3,polar_momentum,"0,1,2,3,4","5,6,7,8,9",80,32,0.9,6,0.001,5,0.41011674412436583,0.11601091662940514,0.5459572769137345,0.303723937823377,0.18415032940403914,0.18072019742745613,0.003430131976583012,0.0035680734958135276,10.536791583559785,10.54164438389845,0.004852800338666086,0.2,0.2,0.0,-9.413384810494717,-9.426287730987529,0.012902920492811276,1.1387181799304507,0.02546251257539324,1.1389625709250388,0.0021059065485528284,0.0018489690550958669,0.03924133481487072,0.006055069418918627,0.006055069418918622,0.5892704524023032,muon_ns_trajectory
1,3,ns_momentum,"0,1,2,3,4","5,6,7,8,9",80,32,0.9,6,0.001,5,0.41011674412436583,0.11601091662940514,0.5459572769137345,0.3711925254920748,0.18415032940403914,0.18071809365468486,0.0034322357493542788,0.0035680734958135276,10.536791583559785,10.535725837213663,-0.0010657463461214434,0.2,0.2,0.0,-9.413384810494717,-9.421450363100446,0.008065552605728499,1.222935916320244,0.0273456784101806,1.2231372439503738,0.0027578071854460757,0.002254699706910378,0.020841864717286142,0.006630454102077578,0.006630454102077575,0.5381341067869716,muon_ns_trajectory
1,4,frobenius_grad,"0,1,2,3,4","5,6,7,8,9",80,32,0.9,6,0.001,5,0.40137145506737115,0.13767958825402793,0.8745143927001834,0.3546310294295855,0.1607972573631151,0.15787406726999278,0.0029231900931223076,0.0031542241873897033,10.53658899109673,10.53434250617513,-0.00224648492159929,0.2,0.2,0.0,-9.414463551576052,-9.414880026901603,0.0004164753255508913,0.8734549529847093,0.019531046501576936,0.8733373624895673,0.0001511934227006398,0.0001731214410312669,0.007858616121219329,0.0065489193077421315,0.00785861612121933,0.4013714550673712,muon_ns_trajectory
1,4,polar_grad,"0,1,2,3,4","5,6,7,8,9",80,32,0.9,6,0.001,5,0.40137145506737115,0.13767958825402793,0.8745143927001834,1.0,0.1607972573631151,0.15776388418777437,0.00303337317534072,0.0031542241873897033,10.53658899109673,10.537843540587495,0.0012545494907652,0.2,0.2,0.0,-9.414463551576052,-9.419256474323863,0.004792922747810735,0.6316035883963973,0.014123085584871417,0.6316271731055103,0.0013506058302379523,0.002138295956453951,0.022159978876805295,0.003419358975780253,0.0034193589757802517,0.9224606745683822,muon_ns_trajectory
1,4,polar_momentum,"0,1,2,3,4","5,6,7,8,9",80,32,0.9,6,0.001,5,0.40137145506737115,0.13767958825402793,0.8745143927001834,0.4399289590276974,0.1607972573631151,0.15774413134135118,0.0030531260217639133,0.0031542241873897033,10.53658899109673,10.539030122333752,0.002441131237022276,0.2,0.2,0.0,-9.414463551576052,-9.421986744651461,0.0075231930754089404,0.7092150398741044,0.015858530398237213,0.7093075774027537,0.0008213425998545638,0.0011579498457665498,0.02448422845427542,0.0037779984717318704,0.0037779984717318683,0.834892923062454,muon_ns_trajectory
1,4,ns_momentum,"0,1,2,3,4","5,6,7,8,9",80,32,0.9,6,0.001,5,0.40137145506737115,0.13767958825402793,0.8745143927001834,0.48431031282603004,0.1607972573631151,0.15775164178444123,0.0030456155786738603,0.0031542241873897033,10.53658899109673,10.535715653578546,-0.0008733375181844139,0.2,0.2,0.0,-9.414463551576052,-9.418807162490047,0.004343610913995377,0.7335652797766298,0.01640301831514196,0.7336199451418087,0.0016207761358475123,0.002209285811516774,0.012770081635555416,0.0040177230541585465,0.0040177230541585465,0.7850775538460576,muon_ns_trajectory
1,5,frobenius_grad,"0,1,2,3,4","5,6,7,8,9",80,32,0.9,6,0.001,5,0.42642548315734513,0.14613007968650138,0.6273346816638479,0.3260713247830114,0.1645141404268624,0.16114463560296927,0.0033695048238931435,0.0033129877162050253,10.5363487361383,10.54279766197013,0.006448925831829655,0.2,0.2,0.0,-9.41544204211334,-9.431797356478796,0.01635531436545712,0.9658864316099299,0.021597877196245053,0.9659160990260209,7.107203041654378e-05,7.357992116314149e-05,0.007769206689231982,0.0068680475527198425,0.007769206689231982,0.4264254831573451,muon_ns_trajectory
1,5,polar_grad,"0,1,2,3,4","5,6,7,8,9",80,32,0.9,6,0.001,5,0.42642548315734513,0.14613007968650138,0.6273346816638479,1.0,0.1645141404268624,0.16117049564759003,0.0033436447792723756,0.0033129877162050253,10.5363487361383,10.541997701974202,0.00564896583590091,0.2,0.2,0.0,-9.41544204211334,-9.428776957787305,0.013334915673965497,0.677598397525055,0.015151560783109485,0.6774863992724066,0.0015932037459642136,0.002351639453832949,0.02382670936919125,0.003676541074239374,0.0036765410742393718,0.901115382449641,muon_ns_trajectory
1,5,polar_momentum,"0,1,2,3,4","5,6,7,8,9",80,32,0.9,6,0.001,5,0.42642548315734513,0.14613007968650138,0.6273346816638479,0.39285117883052595,0.1645141404268624,0.16119170959402618,0.0033224308328362318,0.0033129877162050253,10.5363487361383,10.541918837714247,0.005570101575946396,0.2,0.2,0.0,-9.41544204211334,-9.429680730224856,0.01423868811151685,0.9710012701635923,0.02171224846324431,0.9710924744235048,0.0028618350368874654,0.002947026274285991,0.03413947559714,0.005267835450587792,0.0052678354505877895,0.6289087324918927,muon_ns_trajectory
1,5,ns_momentum,"0,1,2,3,4","5,6,7,8,9",80,32,0.9,6,0.001,5,0.42642548315734513,0.14613007968650138,0.6273346816638479,0.38113445214463076,0.1645141404268624,0.1611953098718549,0.003318830555007507,0.0033129877162050253,10.5363487361383,10.539049312575067,0.0027005764367658003,0.2,0.2,0.0,-9.41544204211334,-9.427354130579985,0.011912088466646154,1.004828936901275,0.02246865808670097,1.0048687861379733,0.003935378265382996,0.003916310586686538,0.01811335764762783,0.0055843102855089735,0.005584310285508973,0.5932671264349467,muon_ns_trajectory
2,0,frobenius_grad,"0,1,2,3,4","5,6,7,8,9",80,32,0.9,6,0.001,5,0.5175480482453063,0.051754804824530626,1.0,0.317744775122437,0.1733174521000877,0.16995009192601598,0.003367360174071715,0.003510259002054862,11.725707451088237,11.724978368922793,-0.0007290821654439839,0.2,0.195,0.0050000000000000044,-10.66165616108613,-10.668232013380752,0.006575852294622209,0.8765358009651109,0.019599936356702135,0.8766140243964988,0.00010253823212032837,0.00011697078676207625,0.006782479450856854,0.006016488285871469,0.006782479450856853,0.5175480482453064,muon_ns_trajectory
2,0,polar_grad,"0,1,2,3,4","5,6,7,8,9",80,32,0.9,6,0.001,5,0.5175480482453063,0.051754804824530626,1.0,1.0,0.1733174521000877,0.1699406733406783,0.0033767787594093934,0.003510259002054862,11.725707451088237,11.724182628881861,-0.001524822206375731,0.2,0.195,0.0050000000000000044,-10.66165616108613,-10.666325180019017,0.00466901893288707,0.6360723948491083,0.014223011134936939,0.6361965999988805,0.00048528368423378463,0.0007627888678352551,0.021345683648907685,0.003293710494257508,0.0032937104942575056,1.0657460660780305,muon_ns_trajectory
2,0,polar_momentum,"0,1,2,3,4","5,6,7,8,9",80,32,0.9,6,0.001,5,0.5175480482453063,0.051754804824530626,1.0,0.7379315920766525,0.1733174521000877,0.1699406733406783,0.0033767787594093934,0.003510259002054862,11.725707451088237,11.724182585370825,-0.0015248657174122826,0.2,0.195,0.0050000000000000044,-10.66165616108613,-10.66632501938261,0.004668858296479783,0.6360217688894898,0.014221879104065594,0.636146307640928,0.00048692582265427904,0.0007654305570993327,0.021345683648907685,0.0032937104942575074,0.0032937104942575056,1.0657460660780305,muon_ns_trajectory
2,0,ns_momentum,"0,1,2,3,4","5,6,7,8,9",80,32,0.9,6,0.001,5,0.5175480482453063,0.051754804824530626,1.0,0.5457583535041398,0.1733174521000877,0.16994418613665724,0.0033732659634304607,0.003510259002054862,11.725707451088237,11.724880057255087,-0.0008273938331502251,0.2,0.195,0.0050000000000000044,-10.66165616108613,-10.666985529070807,0.005329367984677091,0.6673987610101034,0.01492348997717728,0.6675497244387323,0.0004271198411958544,0.0006398322485339524,0.009973775040508035,0.003558224400852815,0.0035582244008528136,0.9865198499604309,muon_ns_trajectory
2,1,frobenius_grad,"0,1,2,3,4","5,6,7,8,9",80,32,0.9,6,0.001,5,0.568579929599608,0.09362223258025294,0.9231638481454472,0.30803560607422914,0.13094546411253358,0.12829271944948697,0.0026527446630466023,0.002700171530247428,11.725452354042929,11.720872175885308,-0.004580178157620907,0.2,0.195,0.0050000000000000044,-10.663154326212602,-10.660278280023762,-0.0028760461888399647,0.5915014062559262,0.013226373531749703,0.5915162892119653,2.2797807308232856e-05,3.854130093121314e-05,0.0047489744003958775,0.004004899745652038,0.004748974400395877,0.5685799295996079,muon_ns_trajectory
2,1,polar_grad,"0,1,2,3,4","5,6,7,8,9",80,32,0.9,6,0.001,5,0.568579929599608,0.09362223258025294,0.9231638481454472,1.0,0.13094546411253358,0.12828743839500842,0.0026580257175251587,0.002700171530247428,11.725452354042929,11.72223371481027,-0.0032186392326583046,0.2,0.195,0.0050000000000000044,-10.663154326212602,-10.662556546989016,-0.0005977792235860591,0.48266498423325366,0.010792717151044195,0.4827392802278904,0.00024162199161849085,0.000500522749059133,0.015416965788206588,0.002378889467371242,0.002378889467371241,1.1350554816786906,muon_ns_trajectory
2,1,polar_momentum,"0,1,2,3,4","5,6,7,8,9",80,32,0.9,6,0.001,5,0.568579929599608,0.09362223258025294,0.9231638481454472,0.5368875505813878,0.13094546411253358,0.12828743654474573,0.0026580275677878518,0.002700171530247428,11.725452354042929,11.72251412928444,-0.0029382247584894827,0.2,0.195,0.0050000000000000044,-10.663154326212602,-10.664277822296276,0.0011234960836734587,0.5189568993384042,0.011604229043131877,0.5190408158283737,0.0003061120493378233,0.0005897648893936744,0.016656887180565634,0.002570213491901903,0.0025702134919019025,1.0505631297769584,muon_ns_trajectory
2,1,ns_momentum,"0,1,2,3,4","5,6,7,8,9",80,32,0.9,6,0.001,5,0.568579929599608,0.09362223258025294,0.9231638481454472,0.42668574859909875,0.13094546411253358,0.12828613372477365,0.002659330387759923,0.002700171530247428,11.725452354042929,11.72223032795276,-0.0032220260901691944,0.2,0.195,0.0050000000000000044,-10.663154326212602,-10.663741518795232,0.0005871925826301805,0.5193114975192914,0.01161215809950349,0.5193853797988673,0.0002181002668061553,0.00041991991936818655,0.007327486429210456,0.0026887715607862217,0.0026887715607862217,1.004239843067171,muon_ns_trajectory
2,2,frobenius_grad,"0,1,2,3,4","5,6,7,8,9",80,32,0.9,6,0.001,5,0.41937517258407125,0.11457579612346709,0.8102580286444758,0.3171869447999393,0.09813194697146702,0.09619081755536874,0.0019411294160982806,0.0019393283971522962,11.72424074804304,11.728511757601115,0.004271009558074468,0.2,0.195,0.0050000000000000044,-10.663348348706485,-10.673276026064165,0.009927677357680409,0.5816591974029942,0.01300629505131063,0.5816648404703296,4.246963035402163e-05,7.301392038700675e-05,0.004624328105077618,0.003985654878387624,0.004624328105077617,0.41937517258407114,muon_ns_trajectory
2,2,polar_grad,"0,1,2,3,4","5,6,7,8,9",80,32,0.9,6,0.001,5,0.41937517258407125,0.11457579612346709,0.8102580286444758,1.0,0.09813194697146702,0.09618411194042559,0.0019478350310414283,0.0019393283971522962,11.72424074804304,11.727491644439494,0.0032508963964534843,0.2,0.195,0.0050000000000000044,-10.663348348706485,-10.670934477133665,0.007586128427179872,0.4227664930962066,0.009453346171723134,0.42279484941259554,0.0002169880856174983,0.0005132231055297098,0.014579188017950554,0.0022496175508969624,0.0022496175508969606,0.8620702645118736,muon_ns_trajectory
2,2,polar_momentum,"0,1,2,3,4","5,6,7,8,9",80,32,0.9,6,0.001,5,0.41937517258407125,0.11457579612346709,0.8102580286444758,0.3844285596881214,0.09813194697146702,0.09618526124807823,0.001946685723388783,0.0019393283971522962,11.72424074804304,11.723512824830078,-0.0007279232129633328,0.2,0.195,0.0050000000000000044,-10.663348348706485,-10.66755206177461,0.00420371306812406,0.5217055336312376,0.0116656903743725,0.5218190742296893,0.00032353826853167986,0.0006200200117431274,0.01742041860245708,0.0026880289481010728,0.002688028948101071,0.7214685684550808,muon_ns_trajectory
2,2,ns_momentum,"0,1,2,3,4","5,6,7,8,9",80,32,0.9,6,0.001,5,0.41937517258407125,0.11457579612346709,0.8102580286444758,0.38941883439736136,0.09813194697146702,0.09618125265930633,0.001950694312160689,0.0019393283971522962,11.72424074804304,11.723761880273225,-0.0004788677698162047,0.2,0.195,0.0050000000000000044,-10.663348348706485,-10.667857890945077,0.004509542238592346,0.5335438891425658,0.01193040405102389,0.5336546321077335,0.00022254718544676428,0.0004170247423277997,0.008332476210088226,0.002880371875753131,0.0028803718757531315,0.6732909779731895,muon_ns_trajectory
2,3,frobenius_grad,"0,1,2,3,4","5,6,7,8,9",80,32,0.9,6,0.001,5,0.7383558640641815,0.14719781564230686,0.7584128297045375,0.2778293148793753,0.1692934373113369,0.16607082244082907,0.0032226148705078173,0.0033995626114265392,11.724055717495153,11.718046037506303,-0.006009679988849825,0.195,0.195,0.0,-10.664914047752966,-10.658602073460957,-0.006311974292009026,0.6314821719077999,0.014120370629650486,0.6314612572256023,3.983266812723271e-05,6.308014572777136e-05,0.004604233238853282,0.004201429815786172,0.004604233238853282,0.7383558640641814,muon_ns_trajectory
2,3,polar_grad,"0,1,2,3,4","5,6,7,8,9",80,32,0.9,6,0.001,5,0.7383558640641815,0.14719781564230686,0.7584128297045375,1.0,0.1692934373113369,0.16605961384416584,0.0032338234671710486,0.0033995626114265392,11.724055717495153,11.71801674185776,-0.006038975637393307,0.195,0.19,0.0050000000000000044,-10.664914047752966,-10.660214271619015,-0.004699776133950451,0.5468590920994596,0.012228141040482102,0.5469698180932371,0.00030907626449770724,0.000565070053728306,0.016572164967013272,0.0025571405705345687,0.002557140570534568,1.329439081526857,muon_ns_trajectory
2,3,polar_momentum,"0,1,2,3,4","5,6,7,8,9",80,32,0.9,6,0.001,5,0.7383558640641815,0.14719781564230686,0.7584128297045375,0.35620109106391973,0.1692934373113369,0.16603650740480883,0.0032569299065280666,0.0033995626114265392,11.724055717495153,11.720935997864226,-0.0031197196309271646,0.195,0.19,0.0050000000000000044,-10.664914047752966,-10.665908085158248,0.0009940374052828105,0.6477705343970184,0.014484589487330989,0.6479483312437448,0.000468260215734776,0.0007226814132477889,0.020552438385034358,0.00317131009270029,0.0031713100927002885,1.0719742037373265,muon_ns_trajectory
2,3,ns_momentum,"0,1,2,3,4","5,6,7,8,9",80,32,0.9,6,0.001,5,0.7383558640641815,0.14719781564230686,0.7584128297045375,0.37174828572624397,0.1692934373113369,0.16604262031824224,0.0032508169930946518,0.0033995626114265392,11.724055717495153,11.719667747295823,-0.004387970199330127,0.195,0.19,0.0050000000000000044,-10.664914047752966,-10.664730546145197,-0.00018350160776847702,0.6474882306128993,0.014478276982815029,0.6476055955335469,0.0004970646352810502,0.0007675422181482704,0.009278436834614675,0.003382813889103916,0.0033828138891039165,1.00495112142485,muon_ns_trajectory
2,4,frobenius_grad,"0,1,2,3,4","5,6,7,8,9",80,32,0.9,6,0.001,5,0.3743472696198727,0.1605133356034654,0.8001184558632198,0.3025474629395652,0.06981098611874237,0.06842373348485159,0.0013872526338907787,0.0013815270822779,11.722738954552039,11.724055239862366,0.0013162853103274585,0.195,0.19,0.0050000000000000044,-10.664855383857764,-10.670339659616523,0.005484275758758983,0.4619493750429736,0.010329502047596336,0.46197963578377216,3.184390103258088e-05,6.892923100074763e-05,0.0036904959496051855,0.0032717297688143604,0.0036904959496051855,0.3743472696198726,muon_ns_trajectory
2,4,polar_grad,"0,1,2,3,4","5,6,7,8,9",80,32,0.9,6,0.001,5,0.3743472696198727,0.1605133356034654,0.8001184558632198,1.0,0.06981098611874237,0.06842565612185283,0.0013853299968895338,0.0013815270822779,11.722738954552039,11.723703447458053,0.0009644929060144136,0.195,0.19,0.0050000000000000044,-10.664855383857764,-10.669066144508445,0.004210760650680712,0.3432872031026654,0.007676135219433365,0.34334759686652655,0.00014313414535260295,0.0004168782500849864,0.012198072704851513,0.0018822034814397449,0.0018822034814397438,0.7339945419828551,muon_ns_trajectory
2,4,polar_momentum,"0,1,2,3,4","5,6,7,8,9",80,32,0.9,6,0.001,5,0.3743472696198727,0.1605133356034654,0.8001184558632198,0.4681849312659825,0.06981098611874237,0.06843945017806839,0.0013715359406739763,0.0013815270822779,11.722738954552039,11.721485813036194,-0.001253141515844547,0.195,0.19,0.0050000000000000044,-10.664855383857764,-10.666859213969623,0.002003830111858562,0.45311705471840785,0.010132005361148517,0.45320917218117773,0.00025581286172935753,0.0005644476710349811,0.01468388767908506,0.002265773059349912,0.002265773059349911,0.609737624241275,muon_ns_trajectory
2,4,ns_momentum,"0,1,2,3,4","5,6,7,8,9",80,32,0.9,6,0.001,5,0.3743472696198727,0.1605133356034654,0.8001184558632198,0.39610866819035984,0.06981098611874237,0.06843810394391064,0.0013728821748317244,0.0013815270822779,11.722738954552039,11.720587963804144,-0.00215099074789471,0.195,0.19,0.0050000000000000044,-10.664855383857764,-10.666195785993077,0.0013404021353125017,0.4638544602926798,0.010372101048809092,0.46393026308598523,0.00038692926634063785,0.0008340246306995585,0.006985752965206792,0.0024599249304579547,0.0024599249304579542,0.5616135131492435,muon_ns_trajectory
2,5,frobenius_grad,"0,1,2,3,4","5,6,7,8,9",80,32,0.9,6,0.001,5,0.34983804645087824,0.17310697982285472,0.8521073287636364,0.34934757980448755,0.12560930583395627,0.12311426342546432,0.0024950424084919515,0.0026281761909438556,11.721851563860731,11.724551491332102,0.0026999274713706,0.195,0.19,0.0050000000000000044,-10.665400828322399,-10.674611447621015,0.009210619298615441,0.9173803833781659,0.020513248984583957,0.9174207182116441,0.00012384252924560766,0.00013498989807753377,0.007512551072151284,0.006264504411331451,0.007512551072151283,0.34983804645087824,muon_ns_trajectory
2,5,polar_grad,"0,1,2,3,4","5,6,7,8,9",80,32,0.9,6,0.001,5,0.34983804645087824,0.17310697982285472,0.8521073287636364,1.0,0.12560930583395627,0.12311476019053584,0.002494545643420429,0.0026281761909438556,11.721851563860731,11.726905549652129,0.005053985791397153,0.195,0.19,0.0050000000000000044,-10.665400828322399,-10.675096340053571,0.00969551173117189,0.6740482635703138,0.015072177374589171,0.6740744715345167,0.0009951684689349666,0.001476347957028377,0.02150451729579944,0.0033182190580596034,0.0033182190580596017,0.7920442095467732,muon_ns_trajectory
2,5,polar_momentum,"0,1,2,3,4","5,6,7,8,9",80,32,0.9,6,0.001,5,0.34983804645087824,0.17310697982285472,0.8521073287636364,0.4011354292495567,0.12560930583395627,0.12307247705456707,0.002536828779389197,0.0026281761909438556,11.721851563860731,11.722129272145779,0.0002777082850471402,0.195,0.19,0.0050000000000000044,-10.665400828322399,-10.671477731234495,0.006076902912095505,0.7931842814215243,0.01773613971942852,0.7934171185620531,0.002336437444054858,0.0029447782123598397,0.025556884018268063,0.003943512818611413,0.00394351281861141,0.6664555972888377,muon_ns_trajectory
2,5,ns_momentum,"0,1,2,3,4","5,6,7,8,9",80,32,0.9,6,0.001,5,0.34983804645087824,0.17310697982285472,0.8521073287636364,0.3948450320529108,0.12560930583395627,0.1230717639123767,0.002537541921579567,0.0026281761909438556,11.721851563860731,11.720299272524795,-0.0015522913359369284,0.195,0.19,0.0050000000000000044,-10.665400828322399,-10.670352046814244,0.004951218491845211,0.8310340016508577,0.018582485193049898,0.8312086111855189,0.001992934555857959,0.0023976346359255323,0.01275423101086991,0.004396904145925845,0.004396904145925844,0.597733337757457,muon_ns_trajectory
3,0,frobenius_grad,"0,1,2,3,4","5,6,7,8,9",80,32,0.9,6,0.001,5,0.45944018679082166,0.04594401867908216,1.0,0.3018545046208942,0.10913059357426479,0.10697694078820617,0.002153652786058613,0.0022449636818673143,11.37232270136952,11.370084889771036,-0.0022378115984835745,0.195,0.195,0.0,-10.353060375527303,-10.350099811158302,-0.002960564369001162,0.5858009410867132,0.013098907255532411,0.5858220586893033,3.2219528750688034e-05,5.4998831595339415e-05,0.004886302388017753,0.00439120632002729,0.004886302388017752,0.4594401867908217,muon_ns_trajectory
3,0,polar_grad,"0,1,2,3,4","5,6,7,8,9",80,32,0.9,6,0.001,5,0.45944018679082166,0.04594401867908216,1.0,0.9999999999999998,0.10913059357426479,0.1069424526200448,0.002188140954219986,0.0022449636818673143,11.37232270136952,11.371476939741662,-0.0008457616278576552,0.195,0.195,0.0,-10.353060375527303,-10.354184430323567,0.0011240547962643177,0.4781268785523956,0.01069124202312943,0.4781434632598965,0.0002639415467927363,0.0005520132911432693,0.01618760798072094,0.0024978021392983375,0.002497802139298336,0.8987756261982998,muon_ns_trajectory
3,0,polar_momentum,"0,1,2,3,4","5,6,7,8,9",80,32,0.9,6,0.001,5,0.45944018679082166,0.04594401867908216,1.0,0.7849522418460839,0.10913059357426479,0.10694245262004483,0.002188140954219958,0.0022449636818673143,11.37232270136952,11.37147693974186,-0.0008457616276587032,0.195,0.195,0.0,-10.353060375527303,-10.354184430323764,0.0011240547964614933,0.47807953927237506,0.010690183484648109,0.47809522634729185,0.00026653309134481263,0.0005574895473882039,0.01618760798072094,0.0024978021392983375,0.002497802139298335,0.8987756261983,muon_ns_trajectory
3,0,ns_momentum,"0,1,2,3,4","5,6,7,8,9",80,32,0.9,6,0.001,5,0.45944018679082166,0.04594401867908216,1.0,0.5445331377661508,0.10913059357426479,0.10695269137100029,0.002177902203264498,0.0022449636818673143,11.37232270136952,11.370790817497264,-0.0015318838722553352,0.195,0.195,0.0,-10.353060375527303,-10.352041240852106,-0.0010191346751966535,0.47029158731586856,0.0105160395848456,0.4703090287962716,0.00012174292180161541,0.00025885729243431556,0.00738064510063893,0.0027073786001212165,0.002707378600121216,0.8292019748426769,muon_ns_trajectory
3,1,frobenius_grad,"0,1,2,3,4","5,6,7,8,9",80,32,0.9,6,0.001,5,0.45402091462199123,0.05483142572581046,0.6744519794531209,0.28555833886451676,0.08848931851335812,0.08674643433029638,0.0017428841830617325,0.0017947670783589737,11.371743904322589,11.377625987956801,0.005882083634212165,0.195,0.195,0.0,-10.352677847699665,-10.36410002627726,0.011422178577594977,0.512188876221236,0.011452891445499096,0.5121900893706621,1.287394741825845e-05,2.5135096686616716e-05,0.00395304934322962,0.0035655902762033007,0.00395304934322962,0.4540209146219911,muon_ns_trajectory
3,1,polar_grad,"0,1,2,3,4","5,6,7,8,9",80,32,0.9,6,0.001,5,0.45402091462199123,0.05483142572581046,0.6744519794531209,1.0,0.08848931851335812,0.08673867128546321,0.0017506472278949053,0.0017947670783589737,11.371743904322589,11.375377920985402,0.0036340166628132664,0.195,0.195,0.0,-10.352677847699665,-10.361750902918814,0.00907305521914914,0.4082018753962607,0.009127671419289378,0.40818193946194364,0.00022495219053824894,0.0005511076527167663,0.013843228528882662,0.002136056536297398,0.0021360565362973957,0.8402245202133051,muon_ns_trajectory
3,1,polar_momentum,"0,1,2,3,4","5,6,7,8,9",80,32,0.9,6,0.001,5,0.45402091462199123,0.05483142572581046,0.6744519794531209,0.40424978313691085,0.08848931851335812,0.08674389606478447,0.001745422448573647,0.0017947670783589737,11.371743904322589,11.37546968663748,0.0037257823148912905,0.195,0.195,0.0,-10.352677847699665,-10.3626446985823,0.009966850882635825,0.533563004324508,0.011930831479486141,0.5335862901058923,0.0003517567515747097,0.0006592312398148426,0.01808991065203606,0.0027913338141240967,0.002791333814124094,0.6429783028018675,muon_ns_trajectory
3,1,ns_momentum,"0,1,2,3,4","5,6,7,8,9",80,32,0.9,6,0.001,5,0.45402091462199123,0.05483142572581046,0.6744519794531209,0.40102423292365463,0.08848931851335812,0.08674808258000073,0.0017412359333573851,0.0017947670783589737,11.371743904322589,11.37537574679859,0.0036318424760004575,0.195,0.195,0.0,-10.352677847699665,-10.362220512874588,0.00954266517492286,0.5353762054216102,0.011971375888586119,0.5353782695436483,0.00023200182658716627,0.0004333418814045676,0.00870237959320889,0.0029266403679517063,0.0029266403679517054,0.6132516649509259,muon_ns_trajectory
3,2,frobenius_grad,"0,1,2,3,4","5,6,7,8,9",80,32,0.9,6,0.001,5,0.3981692093121203,0.07489085454571051,0.7979370801249781,0.3410432510128169,0.19124571511269822,0.18765848524275788,0.0035872298699403393,0.003808335507919827,11.372966483612732,11.361066500562908,-0.011899983049824314,0.195,0.195,0.0,-10.355919834923474,-10.342653661467297,-0.0132661734561772,1.2073791246580121,0.026997817973495083,1.2076181526874727,0.00040442608113414557,0.00033489566236986635,0.009564615793619835,0.00785426896417313,0.009564615793619833,0.3981692093121203,muon_ns_trajectory
3,2,polar_grad,"0,1,2,3,4","5,6,7,8,9",80,32,0.9,6,0.001,5,0.3981692093121203,0.07489085454571051,0.7979370801249781,1.0,0.19124571511269822,0.18756682452224827,0.003678890590449957,0.003808335507919827,11.372966483612732,11.364946097579729,-0.008020386033003035,0.195,0.195,0.0,-10.355919834923474,-10.350337669292026,-0.005582165631448532,0.8820881648428335,0.019724090987366168,0.882221483313427,0.0008944682887665659,0.0010138817810320631,0.02804516953558003,0.004327463609594809,0.004327463609594806,0.8800387135494394,muon_ns_trajectory
3,2,polar_momentum,"0,1,2,3,4","5,6,7,8,9",80,32,0.9,6,0.001,5,0.3981692093121203,0.07489085454571051,0.7979370801249781,0.49330977572895274,0.19124571511269822,0.1876304888629336,0.003615226249764625,0.003808335507919827,11.372966483612732,11.374744944277115,0.0017784606643829193,0.195,0.195,0.0,-10.355919834923474,-10.36630462148888,0.01038478656540498,1.0722302716807297,0.023975797750111803,1.0723029727109321,0.001339524095635355,0.0012492030048642413,0.03469952782056349,0.005354253384815759,0.005354253384815753,0.7112729327902132,muon_ns_trajectory
3,2,ns_momentum,"0,1,2,3,4","5,6,7,8,9",80,32,0.9,6,0.001,5,0.3981692093121203,0.07489085454571051,0.7979370801249781,0.4230101449611754,0.19124571511269822,0.18765083399275762,0.0035948811199406072,0.003808335507919827,11.372966483612732,11.375093897659326,0.0021274140465941116,0.195,0.195,0.0,-10.355919834923474,-10.366083768323545,0.01016393340007049,1.1107679143189708,0.02483752563642881,1.1107871907485642,0.0011624529123001877,0.0010465127091687162,0.01712461352359866,0.005715827188362743,0.0057158271883627435,0.6662789798252624,muon_ns_trajectory
3,3,frobenius_grad,"0,1,2,3,4","5,6,7,8,9",80,32,0.9,6,0.001,5,0.27593910970082863,0.08463084393295774,0.7238494028548382,0.3502559368756349,0.07367107425010323,0.07226145418270265,0.0014096200674005854,0.0014211953962111272,11.373298780310568,11.376902410425089,0.003603630114520584,0.195,0.195,0.0,-10.357697334316153,-10.367781491723099,0.010084157406945238,0.6384186009679024,0.014275473898645427,0.6384111488299666,5.0984409318174486e-05,7.986140187497507e-05,0.005150394946740163,0.0042145025321919825,0.005150394946740164,0.2759391097008286,muon_ns_trajectory
3,3,polar_grad,"0,1,2,3,4","5,6,7,8,9",80,32,0.9,6,0.001,5,0.27593910970082863,0.08463084393295774,0.7238494028548382,1.0,0.07367107425010323,0.07225309499145438,0.001417979258648852,0.0014211953962111272,11.373298780310568,11.376866207414698,0.003567427104130161,0.195,0.195,0.0,-10.357697334316153,-10.366621044160624,0.008923709844470551,0.44383979881084035,0.009924559612608701,0.4438374663853823,0.0002355561522947571,0.0005307261557099477,0.014704661376143674,0.0022689785103971534,0.0022689785103971525,0.6263591257910887,muon_ns_trajectory
3,3,polar_momentum,"0,1,2,3,4","5,6,7,8,9",80,32,0.9,6,0.001,5,0.27593910970082863,0.08463084393295774,0.7238494028548382,0.39858512955652825,0.07367107425010323,0.07221856847298387,0.0014525057771193617,0.0014211953962111272,11.373298780310568,11.375575082362342,0.002276302051773982,0.195,0.195,0.0,-10.357697334316153,-10.365654807740407,0.007957473424253791,0.6054075178486837,0.013537323639990738,0.605426554540895,0.0004405011450483401,0.0007275880810718311,0.019883846891166197,0.0030681441854402717,0.0030681441854402704,0.4632101069289185,muon_ns_trajectory
3,3,ns_momentum,"0,1,2,3,4","5,6,7,8,9",80,32,0.9,6,0.001,5,0.27593910970082863,0.08463084393295774,0.7238494028548382,0.3374553322150383,0.07367107425010323,0.07222128171055014,0.001449792539553088,0.0014211953962111272,11.373298780310568,11.375407781848848,0.0021090015382796423,0.195,0.195,0.0,-10.357697334316153,-10.365381440459059,0.007684106142905378,0.6357413584106262,0.01421560893514218,0.6357353975285793,0.0003733523927080185,0.0005872763954302772,0.01008408303052296,0.003287501177652307,0.0032875011776523073,0.4323026272574725,muon_ns_trajectory
3,4,frobenius_grad,"0,1,2,3,4","5,6,7,8,9",80,32,0.9,6,0.001,5,0.397535363081642,0.0999023516901663,0.7250833279773656,0.37432754341413305,0.1150949177535128,0.11287647130254774,0.002218446450965056,0.0022319824490775802,11.373921251943148,11.376466488771975,0.002545236828826347,0.195,0.195,0.0,-10.360034821372443,-10.367850257151362,0.007815435778919522,0.6330025823490171,0.014154368040653106,0.6329758962264755,8.81368725670986e-05,0.00013924206765618082,0.005614550695001182,0.004377773149363684,0.005614550695001182,0.397535363081642,muon_ns_trajectory
3,4,polar_grad,"0,1,2,3,4","5,6,7,8,9",80,32,0.9,6,0.001,5,0.397535363081642,0.0999023516901663,0.7250833279773656,1.0000000000000002,0.1150949177535128,0.11283885995394176,0.00225605779957104,0.0022319824490775802,11.373921251943148,11.375945383963302,0.002024132020153502,0.195,0.195,0.0,-10.360034821372443,-10.36640620361738,0.006371382244937607,0.4768822454397477,0.01066341118066015,0.47693247522998855,0.0002578187589304258,0.0005405770676574274,0.014999031713756604,0.0023144008396203015,0.0023144008396203,0.9643888866907596,muon_ns_trajectory
3,4,polar_momentum,"0,1,2,3,4","5,6,7,8,9",80,32,0.9,6,0.001,5,0.397535363081642,0.0999023516901663,0.7250833279773656,0.4195375020501001,0.1150949177535128,0.11285478284935445,0.00224013490415835,0.0022319824490775802,11.373921251943148,11.377163161813748,0.0032419098705993576,0.195,0.195,0.0,-10.360034821372443,-10.369820175217624,0.009785353845181533,0.5976746584593482,0.013364411647440717,0.5977071823747464,0.0004258575212368737,0.0007124851997677224,0.02000529061140591,0.0030868833583051194,0.0030868833583051164,0.7230537049845227,muon_ns_trajectory
3,4,ns_momentum,"0,1,2,3,4","5,6,7,8,9",80,32,0.9,6,0.001,5,0.397535363081642,0.0999023516901663,0.7250833279773656,0.4167212640972796,0.1150949177535128,0.11285728676078785,0.0022376309927249483,0.0022319824490775802,11.373921251943148,11.376990065912212,0.003068813969063555,0.195,0.195,0.0,-10.360034821372443,-10.369821649614329,0.009786828241885814,0.6287228811991987,0.014058671013709332,0.6287260345812681,0.00027111337795022197,0.00043121067529958997,0.010238098414668512,0.0033244201862755534,0.003324420186275553,0.6713899940482965,muon_ns_trajectory
3,5,frobenius_grad,"0,1,2,3,4","5,6,7,8,9",80,32,0.9,6,0.001,5,0.47393992603930063,0.1180932808970265,0.7243301942857733,0.34800233917160117,0.22941227780290654,0.2249923502207615,0.0044199275821450446,0.004457805096102171,11.374825502008271,11.376990927530422,0.002165425522150599,0.195,0.195,0.0,-10.362979292419482,-10.369953100232246,0.006973807812764576,1.1949584926194767,0.026720084197878323,1.1949089374177497,0.0002352791478516367,0.00019690132066472378,0.009405844182312073,0.0077855891481332035,0.009405844182312073,0.4739399260393007,muon_ns_trajectory
3,5,polar_grad,"0,1,2,3,4","5,6,7,8,9",80,32,0.9,6,0.001,5,0.47393992603930063,0.1180932808970265,0.7243301942857733,1.0,0.22941227780290654,0.2249445886572506,0.004467689145655956,0.004457805096102171,11.374825502008271,11.377176720660788,0.0023512186525174172,0.195,0.195,0.0,-10.362979292419482,-10.37127274427657,0.00829345185708874,0.8274683975441309,0.018502755861414973,0.8275980881581476,0.0007786548576540306,0.0009408611121697464,0.027028106203832215,0.004170527330382512,0.00417052733038251,1.068882839737514,muon_ns_trajectory
3,5,polar_momentum,"0,1,2,3,4","5,6,7,8,9",80,32,0.9,6,0.001,5,0.47393992603930063,0.1180932808970265,0.7243301942857733,0.430285824120467,0.22941227780290654,0.22505026350211713,0.0043620143007894185,0.004457805096102171,11.374825502008271,11.38183295579733,0.007007453789059426,0.195,0.195,0.0,-10.362979292419482,-10.380880025634378,0.017900733214895936,1.083730871402848,0.024232958977718523,1.0839936669237957,0.00125740130210539,0.0011599710777588747,0.036478310795384834,0.005628725556686224,0.0056287255566862225,0.7919741424960497,muon_ns_trajectory
3,5,ns_momentum,"0,1,2,3,4","5,6,7,8,9",80,32,0.9,6,0.001,5,0.47393992603930063,0.1180932808970265,0.7243301942857733,0.4005638250423801,0.22941227780290654,0.22505705550568555,0.00435522229722099,0.004457805096102171,11.374825502008271,11.380739172350967,0.00591367034269652,0.195,0.195,0.0,-10.362979292419482,-10.380054600332796,0.017075307913314575,1.1186780449144798,0.0250144015336534,1.1189347875369675,0.0007425585772312804,0.0006636298964891622,0.018771078658553236,0.005940148387580499,0.005940148387580498,0.7504534912667215,muon_ns_trajectory
4,0,frobenius_grad,"0,1,2,3,4","5,6,7,8,9",80,32,0.9,6,0.001,5,0.9104279026261493,0.0910427902626149,1.0000000000000002,0.2814955785627569,0.2424517743205079,0.2378540489779181,0.004597725342589815,0.004704752465256499,10.934794569161618,10.939958097997728,0.005163528836110487,0.2,0.2,0.0,-9.865803665958131,-9.873722868390729,0.007919202432598027,0.7265181079919186,0.016245438763544628,0.7264725056312654,5.423811283792484e-05,7.465955341392424e-05,0.005167627718444849,0.004763759320889473,0.005167627718444851,0.9104279026261493,muon_ns_trajectory
4,0,polar_grad,"0,1,2,3,4","5,6,7,8,9",80,32,0.9,6,0.001,5,0.9104279026261493,0.0910427902626149,1.0000000000000002,1.0,0.2424517743205079,0.2378170864207475,0.0046346878997604035,0.004704752465256499,10.934794569161618,10.938730101951794,0.003935532790176666,0.2,0.2,0.0,-9.865803665958131,-9.873527927506771,0.007724261548640143,0.5722416950809522,0.012795713297607167,0.5722462417434789,0.000385787203830981,0.0006741629314254509,0.01835775803239757,0.002832663562192447,0.002832663562192446,1.6608934883940398,muon_ns_trajectory
4,0,polar_momentum,"0,1,2,3,4","5,6,7,8,9",80,32,0.9,6,0.001,5,0.9104279026261493,0.0910427902626149,1.0000000000000002,0.7651445838283187,0.2424517743205079,0.23781708642074753,0.004634687899760376,0.004704752465256499,10.934794569161618,10.938730101951526,0.003935532789908436,0.2,0.2,0.0,-9.865803665958131,-9.873527927506501,0.007724261548370137,0.5721428035294973,0.012793502015292616,0.5721469668281725,0.0003858648417718269,0.0006744156032338281,0.01835775803239758,0.002832663562192448,0.0028326635621924463,1.6608934883940396,muon_ns_trajectory
4,0,ns_momentum,"0,1,2,3,4","5,6,7,8,9",80,32,0.9,6,0.001,5,0.9104279026261493,0.0910427902626149,1.0000000000000002,0.5135394028836052,0.2424517743205079,0.23782396439102266,0.004627809929485249,0.004704752465256499,10.934794569161618,10.939466667429938,0.004672098268320823,0.2,0.2,0.0,-9.865803665958131,-9.873521282204544,0.007717616246413428,0.6153496152408845,0.013759635696069578,0.6153318122040821,0.00021638456813802352,0.0003516550970490975,0.007846776317023794,0.003158954745675359,0.0031589547456753585,1.4893383552573374,muon_ns_trajectory
4,1,frobenius_grad,"0,1,2,3,4","5,6,7,8,9",80,32,0.9,6,0.001,5,0.5797115712732572,0.12317945101446583,0.8276258287545172,0.33829497927882185,0.24055396700939705,0.2358566318233333,0.004697335186063745,0.0048239041783992645,10.936246631122055,10.938945457569858,0.002698826447803171,0.2,0.2,0.0,-9.868229026462224,-9.876902651761437,0.008673625299213228,1.115887319056629,0.024951999006406187,1.1158826804537636,0.00014305855279885844,0.0001282021446382562,0.008321214233837386,0.0070487697434242,0.008321214233837387,0.5797115712732571,muon_ns_trajectory
4,1,polar_grad,"0,1,2,3,4","5,6,7,8,9",80,32,0.9,6,0.001,5,0.5797115712732572,0.12317945101446583,0.8276258287545172,1.0000000000000002,0.24055396700939705,0.2358960645378775,0.004657902471519537,0.0048239041783992645,10.936246631122055,10.938591660792495,0.0023450296704403684,0.2,0.2,0.0,-9.868229026462224,-9.875955953358382,0.0077269268961579485,0.7825184786722531,0.01749764511960877,0.782521739241675,0.0006598872886943006,0.0008432830113241113,0.024597510289914953,0.003795478238460907,0.003795478238460904,1.2709608316330105,muon_ns_trajectory
4,1,polar_momentum,"0,1,2,3,4","5,6,7,8,9",80,32,0.9,6,0.001,5,0.5797115712732572,0.12317945101446583,0.8276258287545172,0.4258941598262648,0.24055396700939705,0.23595509772665949,0.004598869282737561,0.0048239041783992645,10.936246631122055,10.941475693551231,0.005229062429176423,0.2,0.2,0.0,-9.868229026462224,-9.879051989084418,0.01082296262219451,0.8912573206715122,0.019929119544658303,0.891233384793388,0.0008651407608895204,0.0009707230178435061,0.028052653514524344,0.00432861841261696,0.0043286184126169564,1.1144212121675268,muon_ns_trajectory
4,1,ns_momentum,"0,1,2,3,4","5,6,7,8,9",80,32,0.9,6,0.001,5,0.5797115712732572,0.12317945101446583,0.8276258287545172,0.4478927456534236,0.24055396700939705,0.23594801377725672,0.004605953232140331,0.0048239041783992645,10.936246631122055,10.94139229657905,0.005145665456995019,0.2,0.2,0.0,-9.868229026462224,-9.878961116869611,0.010732090407387318,0.9672869850966178,0.02162919452426863,0.9672649602467033,0.0006344682626976058,0.0006559405010761303,0.012917508514763141,0.004810539940512851,0.004810539940512851,1.0027781159810907,muon_ns_trajectory
4,2,frobenius_grad,"0,1,2,3,4","5,6,7,8,9",80,32,0.9,6,0.001,5,0.4945563979226794,0.15178977293658583,0.8789108491503563,0.32033823900775515,0.11942377897678681,0.11698120393006192,0.0024425750467248902,0.002518930845347666,10.937266339553245,10.943685756038473,0.0064194164852278135,0.2,0.2,0.0,-9.870413977744198,-9.880508858936976,0.010094881192777905,0.694920644863202,0.01553889800882109,0.694904136439472,5.0904850721801346e-05,7.325449375308948e-05,0.005093313636074896,0.004343418978298625,0.005093313636074896,0.49455639792267947,muon_ns_trajectory
4,2,polar_grad,"0,1,2,3,4","5,6,7,8,9",80,32,0.9,6,0.001,5,0.4945563979226794,0.15178977293658583,0.8789108491503563,1.0,0.11942377897678681,0.11698961761730739,0.0024341613594794226,0.002518930845347666,10.937266339553245,10.942393376572827,0.005127037019581948,0.2,0.2,0.0,-9.870413977744198,-9.878684699633032,0.008270721888834487,0.5021022714378568,0.011227348105920985,0.5020933847457273,0.0002883797514336992,0.0005743548116646506,0.015899799074413936,0.00245339226090624,0.0024533922609062384,1.0267134552781294,muon_ns_trajectory
4,2,polar_momentum,"0,1,2,3,4","5,6,7,8,9",80,32,0.9,6,0.001,5,0.4945563979226794,0.15178977293658583,0.8789108491503563,0.41366830876286753,0.11942377897678681,0.11697395867185252,0.0024498203049342915,0.002518930845347666,10.937266339553245,10.941745661182594,0.004479321629348831,0.2,0.2,0.0,-9.870413977744198,-9.878614543181984,0.008200565437785912,0.5875087298667448,0.013137094573566025,0.5875293474981552,0.0003815718872447386,0.0006494516212161414,0.01841752681109225,0.0028418860849681814,0.0028418860849681793,0.8863588370664304,muon_ns_trajectory
4,2,ns_momentum,"0,1,2,3,4","5,6,7,8,9",80,32,0.9,6,0.001,5,0.4945563979226794,0.15178977293658583,0.8789108491503563,0.39603462666000316,0.11942377897678681,0.11697436789917906,0.002449411077607752,0.002518930845347666,10.937266339553245,10.942087465511957,0.004821125958711647,0.2,0.2,0.0,-9.870413977744198,-9.879259042696788,0.008845064952589965,0.6364111134707003,0.01423058511356818,0.6364098878022361,0.0002777236408165741,0.00043639114686866166,0.008255573110154164,0.0031579710603632984,0.0031579710603632976,0.7976421560550604,muon_ns_trajectory
4,3,frobenius_grad,"0,1,2,3,4","5,6,7,8,9",80,32,0.9,6,0.001,5,0.6120530591244736,0.18933188395723738,0.9030865108423336,0.3049817612252525,0.14955015098885147,0.1465989564796335,0.0029511945092179637,0.0030531373819436313,10.938763122686451,10.944859711404053,0.006096588717602103,0.2,0.2,0.0,-9.873207940051635,-9.883286381866812,0.010078441815176475,0.6641147247283613,0.01485005669351177,0.664077609582924,5.0396546284344356e-05,7.588954296470868e-05,0.0049883540919002465,0.004416570278003144,0.004988354091900247,0.6120530591244735,muon_ns_trajectory
4,3,polar_grad,"0,1,2,3,4","5,6,7,8,9",80,32,0.9,6,0.001,5,0.6120530591244736,0.18933188395723738,0.9030865108423336,1.0,0.14955015098885147,0.14658301078614253,0.00296714020270894,0.0030531373819436313,10.938763122686451,10.941768853799907,0.003005731113455923,0.2,0.2,0.0,-9.873207940051635,-9.879485417493017,0.006277477441381407,0.5094813277000174,0.011392348820040856,0.5095168055100026,0.0003090084663503364,0.0006064735510363261,0.016356237408623155,0.0025238222249258403,0.0025238222249258364,1.2097275916624235,muon_ns_trajectory
4,3,polar_momentum,"0,1,2,3,4","5,6,7,8,9",80,32,0.9,6,0.001,5,0.6120530591244736,0.18933188395723738,0.9030865108423336,0.39829866671495245,0.14955015098885147,0.14656446276834545,0.0029856882205060165,0.0030531373819436313,10.938763122686451,10.942724593909169,0.00396147122271806,0.2,0.2,0.0,-9.873207940051635,-9.881017429203242,0.007809489151606286,0.5719078696206491,0.012788248733388586,0.5719413548805181,0.00036832397901460603,0.0006439890661369487,0.017973474844935052,0.002773367379032872,0.0027733673790328694,1.100877368438769,muon_ns_trajectory
4,3,ns_momentum,"0,1,2,3,4","5,6,7,8,9",80,32,0.9,6,0.001,5,0.6120530591244736,0.18933188395723738,0.9030865108423336,0.4229192324697885,0.14955015098885147,0.14657190428552816,0.002978246703323306,0.0030531373819436313,10.938763122686451,10.944012969986154,0.005249847299703347,0.2,0.2,0.0,-9.873207940051635,-9.882539844064695,0.0093319040130595,0.6052850531168862,0.013534585245339289,0.6052800928302434,0.00026062246737150447,0.0004305815943043059,0.007829862945967034,0.0030087506804322246,0.0030087506804322246,1.0147525355956148,muon_ns_trajectory
4,4,frobenius_grad,"0,1,2,3,4","5,6,7,8,9",80,32,0.9,6,0.001,5,0.39974041928815046,0.2078704122733772,0.9490623764649433,0.32298746166705294,0.10495577196159851,0.10288115336459662,0.0020746185970018927,0.00207462100850879,10.940479449762337,10.947522758887569,0.007043309125231545,0.2,0.2,0.0,-9.87627696999612,-9.887261626862076,0.010984656865955955,0.6745322377634088,0.015082999366540324,0.6744744565210959,9.06515555186015e-05,0.00013440324484069788,0.005189920529435659,0.004443659863496681,0.005189920529435658,0.3997404192881505,muon_ns_trajectory
4,4,polar_grad,"0,1,2,3,4","5,6,7,8,9",80,32,0.9,6,0.001,5,0.39974041928815046,0.2078704122733772,0.9490623764649433,0.9999999999999998,0.10495577196159851,0.10285602258306545,0.002099749378533064,0.00207462100850879,10.940479449762337,10.944587373405888,0.004107923643550393,0.2,0.2,0.0,-9.87627696999612,-9.88391131868563,0.007634348689510517,0.499465171620038,0.011168380761360038,0.49944319040512963,0.0002836005548521983,0.0005678334599419648,0.016068489168739365,0.0024794217075660738,0.0024794217075660725,0.8367358413367061,muon_ns_trajectory
4,4,polar_momentum,"0,1,2,3,4","5,6,7,8,9",80,32,0.9,6,0.001,5,0.39974041928815046,0.2078704122733772,0.9490623764649433,0.4326986116127611,0.10495577196159851,0.10285393710125491,0.002101834860343599,0.00207462100850879,10.940479449762337,10.944483833359538,0.004004383597200345,0.2,0.2,0.0,-9.87627696999612,-9.884056821881073,0.007779851884953004,0.5397597082462302,0.012069393991540242,0.5397794007036553,0.00033329922699907883,0.0006174730391055877,0.017007267195428437,0.0026242783019550012,0.0026242783019549995,0.7905491604923407,muon_ns_trajectory
4,4,ns_momentum,"0,1,2,3,4","5,6,7,8,9",80,32,0.9,6,0.001,5,0.39974041928815046,0.2078704122733772,0.9490623764649433,0.4473807069503172,0.10495577196159851,0.10286123772551342,0.002094534236085091,0.00207462100850879,10.940479449762337,10.945838599268939,0.005359149506601213,0.2,0.2,0.0,-9.87627696999612,-9.885660264201572,0.009383294205452586,0.5783167584622365,0.01293155584448888,0.5783016823131916,0.00025207350965220977,0.00043588583149874703,0.007504288885703359,0.0028820849906844304,0.0028820849906844304,0.7198333897905329,muon_ns_trajectory
4,5,frobenius_grad,"0,1,2,3,4","5,6,7,8,9",80,32,0.9,6,0.001,5,0.5429515031979896,0.23943320032797824,0.97215051038943,0.3037765986595567,0.13894728652823884,0.13624812389817495,0.002699162630063895,0.0028331060257623763,10.942312145795109,10.949753910998693,0.007441765203584083,0.2,0.2,0.0,-9.879442140907434,-9.891171410127528,0.011729269220094096,0.6953203173351441,0.015547834956981076,0.6952540109620309,9.52034165771137e-05,0.00013693328636159847,0.00521797252438819,0.0045958248982913615,0.005217972524388191,0.5429515031979895,muon_ns_trajectory
4,5,polar_grad,"0,1,2,3,4","5,6,7,8,9",80,32,0.9,6,0.001,5,0.5429515031979896,0.23943320032797824,0.97215051038943,1.0,0.13894728652823884,0.13618576165768115,0.0027615248705576967,0.0028331060257623763,10.942312145795109,10.946586111323581,0.004273965528472701,0.2,0.2,0.0,-9.879442140907434,-9.888565835850425,0.009123694942990923,0.5402482954938611,0.012080319134526675,0.5402227591051165,0.0004543949825164371,0.0008411252115130176,0.017177006219086632,0.0026504696019247565,0.0026504696019247543,1.0689071942968116,muon_ns_trajectory
4,5,polar_momentum,"0,1,2,3,4","5,6,7,8,9",80,32,0.9,6,0.001,5,0.5429515031979896,0.23943320032797824,0.97215051038943,0.4976785230522987,0.13894728652823884,0.13618351721911368,0.002763769309125169,0.0028331060257623763,10.942312145795109,10.946605922754518,0.004293776959409357,0.2,0.2,0.0,-9.879442140907434,-9.887901934301158,0.008459793393724269,0.5691772772967058,0.01272719083283681,0.5691847463610866,0.0005302887290104764,0.0009316636336457006,0.01792982011367488,0.0027666313077577315,0.00276663130775773,1.0240273135846647,muon_ns_trajectory
4,5,ns_momentum,"0,1,2,3,4","5,6,7,8,9",80,32,0.9,6,0.001,5,0.5429515031979896,0.23943320032797824,0.97215051038943,0.45279396943115957,0.13894728652823884,0.13619860003654796,0.0027486864916908826,0.0028331060257623763,10.942312145795109,10.94812612411128,0.005813978316171031,0.2,0.2,0.0,-9.879442140907434,-9.889694444580416,0.010252303672981355,0.5964448603451568,0.013336912525621386,0.5964163055734366,0.0002754197994233376,0.00046179119660139003,0.00765965501626697,0.002979521186262863,0.0029795211862628625,0.9508595001184968,muon_ns_trajectory
5,0,frobenius_grad,"0,1,2,3,4","5,6,7,8,9",80,32,0.9,6,0.001,5,0.35161523053499805,0.0351615230534998,1.0,0.36834381850783593,0.15761058194338348,0.15447130341170928,0.0031392785316742,0.003344928426489905,12.176572461421912,12.180924930525185,0.004352469103272583,0.19,0.19,0.0,-11.177556862982529,-11.195238816007526,0.0176819530249972,1.261615360789969,0.02821057708184291,1.2618753916082195,0.00031472514770433966,0.0002494106389563811,0.009513036228267043,0.00797269124273601,0.009513036228267043,0.3516152305349981,muon_ns_trajectory
5,0,polar_grad,"0,1,2,3,4","5,6,7,8,9",80,32,0.9,6,0.001,5,0.35161523053499805,0.0351615230534998,1.0,1.0,0.15761058194338348,0.15445701762048708,0.0031535643228964017,0.003344928426489905,12.176572461421912,12.180385944169183,0.003813482747270669,0.19,0.19,0.0,-11.177556862982529,-11.191110066972561,0.013553203990031903,0.8124376584125216,0.018166658316911517,0.8125880724537698,0.0006950827734022098,0.000855393768337345,0.02582651248717689,0.003985117394609195,0.0039851173946091915,0.8393550541358474,muon_ns_trajectory
5,0,polar_momentum,"0,1,2,3,4","5,6,7,8,9",80,32,0.9,6,0.001,5,0.35161523053499805,0.0351615230534998,1.0,0.8023112331766946,0.15761058194338348,0.15445701762048714,0.003153564322896346,0.003344928426489905,12.176572461421912,12.180385944170064,0.003813482748151742,0.19,0.19,0.0,-11.177556862982529,-11.191110066973438,0.013553203990909424,0.8121117972944824,0.01815937184079992,0.8122642616794331,0.0006993890628987461,0.0008610363595865872,0.02582651248717689,0.003985117394609193,0.0039851173946091915,0.8393550541358474,muon_ns_trajectory
5,0,ns_momentum,"0,1,2,3,4","5,6,7,8,9",80,32,0.9,6,0.001,5,0.35161523053499805,0.0351615230534998,1.0,0.5472151531580467,0.15761058194338348,0.15445628308310624,0.003154298860277238,0.003344928426489905,12.176572461421912,12.179383561093973,0.00281109967206028,0.19,0.19,0.0,-11.177556862982529,-11.1896702289537,0.012113365971170964,0.8282514853049547,0.018520266236070476,0.8284226515097847,0.0006805128380650879,0.0008214560971079993,0.01289166388200979,0.0041114245643911985,0.004111424564391198,0.8135692079723729,muon_ns_trajectory
5,1,frobenius_grad,"0,1,2,3,4","5,6,7,8,9",80,32,0.9,6,0.001,5,0.336522808054687,0.05126400645297417,0.7996532728041319,0.3196563695253863,0.06451496443234608,0.06324740500423275,0.0012675594281133379,0.0013430848709193826,12.177230262474934,12.182537013078704,0.005306750603770283,0.19,0.19,0.0,-11.180503133671323,-11.190181211528438,0.009678077857115497,0.5468696346642551,0.012228376779397495,0.5468895275271244,3.910995813700641e-05,7.151345229419601e-05,0.003991066396608468,0.003482271378943215,0.003991066396608468,0.336522808054687,muon_ns_trajectory
5,1,polar_grad,"0,1,2,3,4","5,6,7,8,9",80,32,0.9,6,0.001,5,0.336522808054687,0.05126400645297417,0.7996532728041319,1.0,0.06451496443234608,0.06323520387827564,0.001279760554070447,0.0013430848709193826,12.177230262474934,12.181006687627722,0.0037764251527878656,0.19,0.19,0.0,-11.180503133671323,-11.188968266568672,0.008465132897349292,0.39779177581731756,0.00889489451617879,0.39778069275664374,0.0001726982125574595,0.0004341543360504771,0.012485489973293044,0.0019265529287972275,0.001926552928797226,0.6971440290290334,muon_ns_trajectory
5,1,polar_momentum,"0,1,2,3,4","5,6,7,8,9",80,32,0.9,6,0.001,5,0.336522808054687,0.05126400645297417,0.7996532728041319,0.4328749714385608,0.06451496443234608,0.06325962871086487,0.0012553357214812183,0.0013430848709193826,12.177230262474934,12.180568920425467,0.003338657950532564,0.19,0.19,0.0,-11.180503133671323,-11.18990388090916,0.009400747237837237,0.4946053223709705,0.011059711228546872,0.4946403375020339,0.00026681899747971275,0.0005394202155593823,0.016046201622304586,0.0024759826644887525,0.002475982664488751,0.5424451835557206,muon_ns_trajectory
5,1,ns_momentum,"0,1,2,3,4","5,6,7,8,9",80,32,0.9,6,0.001,5,0.336522808054687,0.05126400645297417,0.7996532728041319,0.3726045381720015,0.06451496443234608,0.06326235071291109,0.0012526137194349973,0.0013430848709193826,12.177230262474934,12.180743978846976,0.0035137163720424525,0.19,0.19,0.0,-11.180503133671323,-11.190027816059988,0.00952468238866544,0.510536247259824,0.011415937538506076,0.510587436362705,0.00015919118065675124,0.0003117804499671765,0.008266720006448413,0.002621532290934358,0.0026215322909343584,0.5123281813327139,muon_ns_trajectory
5,2,frobenius_grad,"0,1,2,3,4","5,6,7,8,9",80,32,0.9,6,0.001,5,0.4316961076390178,0.08283516706854353,0.9223534359222764,0.30169924185917507,0.07486948446219065,0.07336927620779746,0.00150020825439319,0.0014880132066107232,12.178555654010902,12.186638992741141,0.008083338730239475,0.19,0.19,0.0,-11.184136651238092,-11.198797821057319,0.014661169819227382,0.4869123427097359,0.010887690973826435,0.48689570439297497,2.6332235013743774e-05,5.4081879910139745e-05,0.0034468997525801013,0.00306121036474315,0.0034468997525801013,0.4316961076390178,muon_ns_trajectory
5,2,polar_grad,"0,1,2,3,4","5,6,7,8,9",80,32,0.9,6,0.001,5,0.4316961076390178,0.08283516706854353,0.9223534359222764,1.0,0.07486948446219065,0.07336069862116483,0.001508785841025817,0.0014880132066107232,12.178555654010902,12.186791147707545,0.008235493696643559,0.19,0.19,0.0,-11.184136651238092,-11.19778274429867,0.01364609306057929,0.36607147667862333,0.00818560706477131,0.3660500247492075,0.00014379938911183117,0.0003928408124281721,0.011424953312242726,0.0017629085692395519,0.0017629085692395506,0.8440671470855653,muon_ns_trajectory
5,2,polar_momentum,"0,1,2,3,4","5,6,7,8,9",80,32,0.9,6,0.001,5,0.4316961076390178,0.08283516706854353,0.9223534359222764,0.5083183939749703,0.07486948446219065,0.07335289482868353,0.0015165896335071205,0.0014880132066107232,12.178555654010902,12.184044267162305,0.005488613151403143,0.19,0.19,0.0,-11.184136651238092,-11.19510207196478,0.010965420726687825,0.379717055427511,0.0084907314815197,0.37972292907187,0.00016926564633735743,0.0004457609308742075,0.012439050374748422,0.0019193871431708977,0.0019193871431708962,0.7752543367319176,muon_ns_trajectory
5,2,ns_momentum,"0,1,2,3,4","5,6,7,8,9",80,32,0.9,6,0.001,5,0.4316961076390178,0.08283516706854353,0.9223534359222764,0.46472969452736335,0.07486948446219065,0.07335702803236613,0.0015124564298245186,0.0014880132066107232,12.178555654010902,12.184187353587717,0.005631699576815308,0.19,0.19,0.0,-11.184136651238092,-11.195365813806056,0.011229162567964579,0.390052853700261,0.008721846956915644,0.3900657150424234,6.0834975222204336e-05,0.0001559608365364486,0.006109511932166483,0.002031122431942696,0.0020311224319426954,0.7326063575534894,muon_ns_trajectory
5,3,frobenius_grad,"0,1,2,3,4","5,6,7,8,9",80,32,0.9,6,0.001,5,0.1322550296809749,0.08380314703001646,0.7398156835953772,0.38486659773250914,0.04789715679539523,0.046987670735312285,0.0009094860600829466,0.0009551328920052567,12.181316638269397,12.190129164906262,0.008812526636864604,0.19,0.19,0.0,-11.18965494754031,-11.206706362588141,0.017051415047831142,0.7562402454730905,0.01691004596198957,0.7561397637926617,0.00011830222151333295,0.00015645549563476227,0.007221902216567674,0.005583360281486205,0.0072219022165676775,0.1322550296809749,muon_ns_trajectory
5,3,polar_grad,"0,1,2,3,4","5,6,7,8,9",80,32,0.9,6,0.001,5,0.1322550296809749,0.08380314703001646,0.7398156835953772,1.0,0.04789715679539523,0.04698012799263625,0.0009170288027589846,0.0009551328920052567,12.181316638269397,12.190698750390858,0.009382112121461006,0.19,0.19,0.0,-11.18965494754031,-11.2069972203274,0.017342272787089996,0.5643643273203617,0.012619569999642704,0.5642401699805366,0.00035838091019062447,0.0006351566748659294,0.018764689529089926,0.002895454455337166,0.0028954544553371642,0.329873222576397,muon_ns_trajectory
5,3,polar_momentum,"0,1,2,3,4","5,6,7,8,9",80,32,0.9,6,0.001,5,0.1322550296809749,0.08380314703001646,0.7398156835953772,0.39558511405720076,0.04789715679539523,0.04698362386903671,0.0009135329263585193,0.0009551328920052567,12.181316638269397,12.191306766391682,0.009990128122284503,0.19,0.19,0.0,-11.18965494754031,-11.209597944310085,0.019942996769774624,0.6747565751798967,0.015088015703671959,0.674781131837241,0.0005366666914851568,0.0007953196468667743,0.022141320279638978,0.003416479891731898,0.0034164798917318963,0.2795663730721028,muon_ns_trajectory
5,3,ns_momentum,"0,1,2,3,4","5,6,7,8,9",80,32,0.9,6,0.001,5,0.1322550296809749,0.08380314703001646,0.7398156835953772,0.4098566674510132,0.04789715679539523,0.04699122758867695,0.0009059292067182811,0.0009551328920052567,12.181316638269397,12.192538102992366,0.011221464722968477,0.19,0.19,0.0,-11.18965494754031,-11.21156867461247,0.021913727072160327,0.7360553877512697,0.016458698822168043,0.7360764501839127,0.00022662011072437557,0.0003078757792994917,0.012031894012044393,0.0038335399030282446,0.0038335399030282446,0.24915167603988275,muon_ns_trajectory
5,4,frobenius_grad,"0,1,2,3,4","5,6,7,8,9",80,32,0.9,6,0.001,5,0.455303075102188,0.1165005460893082,0.9385566263966832,0.3078777229647022,0.09021441782475957,0.08845252260468868,0.0017618952200708915,0.0019199098460909514,12.184212104162812,12.195233131499972,0.011021027337159595,0.19,0.19,0.0,-11.195336141312135,-11.214359255739918,0.019023114427783483,0.6119220167875024,0.013682992264656219,0.6118749840317123,6.354993431941189e-05,0.00010386097810483166,0.004216773290318866,0.0037343527614246944,0.004216773290318866,0.45530307510218804,muon_ns_trajectory
5,4,polar_grad,"0,1,2,3,4","5,6,7,8,9",80,32,0.9,6,0.001,5,0.455303075102188,0.1165005460893082,0.9385566263966832,0.9999999999999998,0.09021441782475957,0.08843258806680099,0.0017818297579585834,0.0019199098460909514,12.184212104162812,12.193808719273584,0.009596615110771367,0.19,0.19,0.0,-11.195336141312135,-11.21158077471704,0.016244633404905784,0.45238233174497383,0.010115576456016226,0.4523738049499668,0.00020624458513605315,0.0004559162862201185,0.013696259832356613,0.0021133787740838655,0.0021133787740838647,0.9084551570379139,muon_ns_trajectory
5,4,polar_momentum,"0,1,2,3,4","5,6,7,8,9",80,32,0.9,6,0.001,5,0.455303075102188,0.1165005460893082,0.9385566263966832,0.3543749473500092,0.09021441782475957,0.08843678909921704,0.0017776287255425322,0.0019199098460909514,12.184212104162812,12.19381221832484,0.009600114162028106,0.19,0.19,0.0,-11.195336141312135,-11.212367981182659,0.01703183987052448,0.48216336348564404,0.0107815005701384,0.48215310614599555,0.0002452442038735138,0.000508643832731535,0.015493975500454274,0.002390772323950676,0.0023907723239506742,0.8030500549372105,muon_ns_trajectory
5,4,ns_momentum,"0,1,2,3,4","5,6,7,8,9",80,32,0.9,6,0.001,5,0.455303075102188,0.1165005460893082,0.9385566263966832,0.4045896497949762,0.09021441782475957,0.08844168873220362,0.0017727290925559497,0.0019199098460909514,12.184212104162812,12.193040808388043,0.00882870422523041,0.19,0.19,0.0,-11.195336141312135,-11.21160222634295,0.016266085030816058,0.4874291464666764,0.010899247057141901,0.4874100451954004,0.00015079532069941186,0.00030938082254533495,0.007307955153721473,0.0024929647428328983,0.002492964742832898,0.7701311667606051,muon_ns_trajectory
5,5,frobenius_grad,"0,1,2,3,4","5,6,7,8,9",80,32,0.9,6,0.001,5,0.3916043941191537,0.14045244087480702,0.9333152645435516,0.31437101027297093,0.09095953414114791,0.08917054177535606,0.0017889923657918444,0.0018367941195196586,12.187734069144513,12.198074926288475,0.010340857143962268,0.19,0.19,0.0,-11.201854037614666,-11.22043887092113,0.018584833306464432,0.6601818583964585,0.014762115128866217,0.6601724413669418,4.266928713504229e-05,6.463354793588777e-05,0.0046904328631225106,0.0041337827056823415,0.004690432863122511,0.3916043941191537,muon_ns_trajectory
5,5,polar_grad,"0,1,2,3,4","5,6,7,8,9",80,32,0.9,6,0.001,5,0.3916043941191537,0.14045244087480702,0.9333152645435516,1.0,0.09095953414114791,0.08915841658792677,0.0018011175532211404,0.0018367941195196586,12.187734069144513,12.196539945805144,0.008805876660630929,0.19,0.19,0.0,-11.201854037614666,-11.217839190519292,0.015985152904626432,0.4788936408629681,0.010708387349619682,0.47889449676223195,0.000253763472088199,0.0005298943166060038,0.01492005531632758,0.002302214516929066,0.002302214516929064,0.7978379538539996,muon_ns_trajectory
5,5,polar_momentum,"0,1,2,3,4","5,6,7,8,9",80,32,0.9,6,0.001,5,0.3916043941191537,0.14045244087480702,0.9333152645435516,0.5141941091090608,0.09095953414114791,0.08915644165600975,0.001803092485138158,0.0018367941195196586,12.187734069144513,12.197317430950074,0.009583361805560742,0.19,0.19,0.0,-11.201854037614666,-11.219038227733439,0.01718419011877259,0.4952396880804506,0.011073896077036797,0.4952394865750102,0.00027948703893965383,0.0005643472431338974,0.015776342262395306,0.0024343424612361247,0.0024343424612361234,0.7545339855703628,muon_ns_trajectory
5,5,ns_momentum,"0,1,2,3,4","5,6,7,8,9",80,32,0.9,6,0.001,5,0.3916043941191537,0.14045244087480702,0.9333152645435516,0.4894530528341159,0.09095953414114791,0.08916040483132133,0.0017991293098265776,0.0018367941195196586,12.187734069144513,12.19734139235233,0.009607323207816876,0.19,0.19,0.0,-11.201854037614666,-11.219341824076757,0.017487786462091037,0.5186166841371269,0.011596621599961526,0.5185995671782107,0.00018765266034713492,0.00036184499992582964,0.007608366364354332,0.0026180357031205235,0.002618035703120523,0.7015924638958602,muon_ns_trajectory
6,0,frobenius_grad,"0,1,2,3,4","5,6,7,8,9",80,32,0.9,6,0.001,5,1.0822998414168188,0.10822998414168186,1.0,0.24572979504372058,0.1903303847984943,0.18657759888781508,0.003752785910679207,0.003766695972531508,11.464374371250493,11.464175661956595,-0.00019870929389753655,0.19,0.19,0.0,-10.452985597780057,-10.45348735238257,0.000501754602513671,0.5166512583086744,0.011552673342389984,0.5166499225509427,1.1592486050063301e-05,2.2437796937674485e-05,0.0034802702803694375,0.003288455766090589,0.003480270280369436,1.0822998414168188,muon_ns_trajectory
6,0,polar_grad,"0,1,2,3,4","5,6,7,8,9",80,32,0.9,6,0.001,5,1.0822998414168188,0.10822998414168186,1.0,1.0,0.1903303847984943,0.186576860065175,0.0037535247333193023,0.003766695972531508,11.464374371250493,11.463732847535724,-0.000641523714769221,0.19,0.19,0.0,-10.452985597780057,-10.454817248211544,0.0018316504314874749,0.4544266625983005,0.01016128908358161,0.45444996007240773,0.00022801405179188352,0.00050173632264277,0.014162996716577335,0.0021853978388699925,0.0021853978388699908,1.7235744931820576,muon_ns_trajectory
6,0,polar_momentum,"0,1,2,3,4","5,6,7,8,9",80,32,0.9,6,0.001,5,1.0822998414168188,0.10822998414168186,1.0,0.7089550537012614,0.1903303847984943,0.186576860065175,0.0037535247333193023,0.003766695972531508,11.464374371250493,11.46373284753675,-0.0006415237137424867,0.19,0.19,0.0,-10.452985597780057,-10.45481724821257,0.0018316504325142091,0.45439212672506585,0.010160516837979462,0.45441545102696235,0.0002287970952477875,0.0005034976137600832,0.014162996716577335,0.0021853978388699916,0.0021853978388699908,1.7235744931820576,muon_ns_trajectory
6,0,ns_momentum,"0,1,2,3,4","5,6,7,8,9",80,32,0.9,6,0.001,5,1.0822998414168188,0.10822998414168186,1.0,0.4724956943239539,0.1903303847984943,0.1865747361253576,0.0037556486731366856,0.003766695972531508,11.464374371250493,11.46406769435762,-0.0003066768928725594,0.19,0.19,0.0,-10.452985597780057,-10.45402387727896,0.0010382794989034494,0.479522339125518,0.01072244547014366,0.4795284742761769,0.00019724661259635595,0.00041133451541973474,0.004987054824943505,0.0024262282072247568,0.002426228207224756,1.5524903887091674,muon_ns_trajectory
6,1,frobenius_grad,"0,1,2,3,4","5,6,7,8,9",80,32,0.9,6,0.001,5,0.988744269469045,0.1904810843748348,0.9708941760219185,0.2816304714774811,0.25605003619940603,0.2510405468215228,0.005009489377883203,0.005089244582415145,11.464232220874198,11.463791770539471,-0.0004404503347270605,0.19,0.19,0.0,-10.45337431363819,-10.455619588372493,0.0022452747343031376,0.7340891008398599,0.016414731310196246,0.7341299195812125,0.0004732307020945123,0.0006446143788342923,0.00514717985182161,0.00477691230015663,0.00514717985182161,0.9887442694690451,muon_ns_trajectory
6,1,polar_grad,"0,1,2,3,4","5,6,7,8,9",80,32,0.9,6,0.001,5,0.988744269469045,0.1904810843748348,0.9708941760219185,0.9999999999999998,0.25605003619940603,0.25104150065371716,0.005008535545688864,0.005089244582415145,11.464232220874198,11.462081629215676,-0.0021505916585216056,0.19,0.19,0.0,-10.45337431363819,-10.453461410383676,8.709674548690316e-05,0.570754263900156,0.01276245332528604,0.5707580470541123,0.002507112518071045,0.004392601262498453,0.018276359886835514,0.002820103555651521,0.0028201035556515196,1.804630391042287,muon_ns_trajectory
6,1,polar_momentum,"0,1,2,3,4","5,6,7,8,9",80,32,0.9,6,0.001,5,0.988744269469045,0.1904810843748348,0.9708941760219185,0.5072177647714967,0.25605003619940603,0.25105460705940397,0.004995429140002061,0.005089244582415145,11.464232220874198,11.462129560501642,-0.002102660372555576,0.19,0.19,0.0,-10.45337431363819,-10.453951407285196,0.0005770936470064214,0.5922756275717658,0.013243685646668163,0.5923076315565293,0.0014819765114223455,0.0025020385226640577,0.018769056673741038,0.0028961283203866013,0.0028961283203865996,1.7572579732018885,muon_ns_trajectory
6,1,ns_momentum,"0,1,2,3,4","5,6,7,8,9",80,32,0.9,6,0.001,5,0.988744269469045,0.1904810843748348,0.9708941760219185,0.4661305193265091,0.25605003619940603,0.25105759405865347,0.004992442140752562,0.005089244582415145,11.464232220874198,11.463323254840425,-0.0009089660337728844,0.19,0.19,0.0,-10.45337431363819,-10.454780997545443,0.0014066839072537363,0.6354119338825518,0.014208242778759877,0.635418033122023,0.0018749581944172565,0.002950747534194072,0.007590924333933517,0.0032477816958786567,0.0032477816958786563,1.5669909676728746,muon_ns_trajectory
6,2,frobenius_grad,"0,1,2,3,4","5,6,7,8,9",80,32,0.9,6,0.001,5,0.623754231516539,0.23109882207884433,0.96803027644641,0.3144004661240672,0.165229760113317,0.16205149118072107,0.003178268932595929,0.0032595808257331093,11.463923374977856,11.461751935940878,-0.002171439036978029,0.19,0.19,0.0,-10.453746273182851,-10.452776045569998,-0.0009702276128535914,0.7190500222492483,0.016078447289720552,0.7190979094202978,5.508746646758572e-05,7.660635046484086e-05,0.005225745431510842,0.0046148641576514386,0.005225745431510841,0.623754231516539,muon_ns_trajectory
6,2,polar_grad,"0,1,2,3,4","5,6,7,8,9",80,32,0.9,6,0.001,5,0.623754231516539,0.23109882207884433,0.96803027644641,1.0000000000000002,0.165229760113317,0.1620356572703577,0.00319410284295929,0.0032595808257331093,11.463923374977856,11.460928455420042,-0.0029949195578140575,0.19,0.19,0.0,-10.453746273182851,-10.451888933819978,-0.0018573393628731338,0.5188576840250226,0.01160201052128057,0.5188645203946137,0.0003112454033668347,0.0005998587128873684,0.016621303065907932,0.002564722743804785,0.002564722743804783,1.2709291223025143,muon_ns_trajectory
6,2,polar_momentum,"0,1,2,3,4","5,6,7,8,9",80,32,0.9,6,0.001,5,0.623754231516539,0.23109882207884433,0.96803027644641,0.46370830717525957,0.165229760113317,0.16205538920173812,0.0031743709115788776,0.0032595808257331093,11.463923374977856,11.461367739979561,-0.00255563499829492,0.19,0.19,0.0,-10.453746273182851,-10.453255264603479,-0.0004910085793721208,0.5558754054269074,0.012429751935548197,0.5559509233422452,0.0003622784429458787,0.0006516374516799911,0.01756133887810543,0.0027097734187111933,0.0027097734187111924,1.2028979261607096,muon_ns_trajectory
6,2,ns_momentum,"0,1,2,3,4","5,6,7,8,9",80,32,0.9,6,0.001,5,0.623754231516539,0.23109882207884433,0.96803027644641,0.4353214940849304,0.165229760113317,0.16206066867441676,0.0031690914389002345,0.0032595808257331093,11.463923374977856,11.462425988550638,-0.0014973864272178616,0.19,0.19,0.0,-10.453746273182851,-10.454088054281174,0.0003417810983226133,0.5991000661106886,0.013396284731481174,0.5991613812419644,0.00018633993784335389,0.0003110012488740536,0.007387093716537779,0.0030346599169958333,0.0030346599169958324,1.0741173360077652,muon_ns_trajectory
6,3,frobenius_grad,"0,1,2,3,4","5,6,7,8,9",80,32,0.9,6,0.001,5,0.9064629934777002,0.2974650112763992,0.9909987824443461,0.2839463775054859,0.18519389872857203,0.18154021691557892,0.0036536818129931092,0.0037234961082566443,11.463404292470031,11.463791335159103,0.0003870426890717482,0.19,0.19,0.0,-10.453828919540351,-10.456034333960476,0.002205414420124896,0.5856746310643834,0.013096082877570707,0.585683861459757,2.6736736281540907e-05,4.5650457594823136e-05,0.0041077199345681235,0.0038144490410627055,0.004107719934568124,0.9064629934777,muon_ns_trajectory
6,3,polar_grad,"0,1,2,3,4","5,6,7,8,9",80,32,0.9,6,0.001,5,0.9064629934777002,0.2974650112763992,0.9909987824443461,1.0,0.18519389872857203,0.18150940136559993,0.0036844973629721056,0.0037234961082566443,11.463404292470031,11.463617082815512,0.0002127903454809399,0.19,0.19,0.0,-10.453828919540351,-10.456711022030948,0.0028821024905969495,0.449350691553869,0.010047786920509916,0.44936277485002213,0.0002460813768522409,0.0005476229688459892,0.014466534035951079,0.002232234664087874,0.0022322346640878724,1.6680576501028963,muon_ns_trajectory
6,3,polar_momentum,"0,1,2,3,4","5,6,7,8,9",80,32,0.9,6,0.001,5,0.9064629934777002,0.2974650112763992,0.9909987824443461,0.4338370412171795,0.18519389872857203,0.18151718251534743,0.003676716213224601,0.0037234961082566443,11.463404292470031,11.461885713860854,-0.0015185786091773679,0.19,0.19,0.0,-10.453828919540351,-10.454376998122312,0.0005480785819607092,0.46843012237598397,0.01047441596341246,0.4684674926912944,0.0002606806332052592,0.0005564540491543556,0.014893211064755538,0.002298072358984276,0.0022980723589842737,1.620269306882223,muon_ns_trajectory
6,3,ns_momentum,"0,1,2,3,4","5,6,7,8,9",80,32,0.9,6,0.001,5,0.9064629934777002,0.2974650112763992,0.9909987824443461,0.4585931168879289,0.18519389872857203,0.18152172316732756,0.0036721755612444673,0.0037234961082566443,11.463404292470031,11.462730384059192,-0.0006739084108389193,0.19,0.19,0.0,-10.453828919540351,-10.45491542100509,0.001086501464738987,0.5019610327383733,0.011224189912589997,0.5019906185930629,0.00014480265540417443,0.00028845689548943193,0.006211764214844703,0.002552994701997671,0.0025529947019976703,1.4584817216201345,muon_ns_trajectory
6,4,frobenius_grad,"0,1,2,3,4","5,6,7,8,9",80,32,0.9,6,0.001,5,0.8596529023707075,0.35202091975555905,0.9853344957192949,0.27593633439589393,0.1974309197093019,0.19357613848159871,0.003854781227703191,0.003927719470469313,11.463120112034035,11.463040048682364,-8.006335167110024e-05,0.19,0.19,0.0,-10.454224074997441,-10.455595815037963,0.0013717400405219848,0.6681761144593074,0.014940872128726912,0.6681804187037851,2.44325036627422e-05,3.6565728325501126e-05,0.004568959704129011,0.004264110513649882,0.004568959704129011,0.8596529023707075,muon_ns_trajectory
6,4,polar_grad,"0,1,2,3,4","5,6,7,8,9",80,32,0.9,6,0.001,5,0.8596529023707075,0.35202091975555905,0.9853344957192949,1.0,0.1974309197093019,0.19358397198165592,0.0038469477276459885,0.003927719470469313,11.463120112034035,11.463235388093054,0.00011527605901839877,0.19,0.19,0.0,-10.454224074997441,-10.45607554022125,0.0018514652238081908,0.5188301729571063,0.011601395355100626,0.5188589888852639,0.0006782033049608624,0.0013071052434071534,0.016558021306370588,0.002554958156316677,0.0025549581563166757,1.5372930710269097,muon_ns_trajectory
6,4,polar_momentum,"0,1,2,3,4","5,6,7,8,9",80,32,0.9,6,0.001,5,0.8596529023707075,0.35202091975555905,0.9853344957192949,0.4228313715122493,0.1974309197093019,0.19359193403165292,0.0038389856776489817,0.003927719470469313,11.463120112034035,11.461821040812978,-0.001299071221056991,0.19,0.19,0.0,-10.454224074997441,-10.455320633168252,0.0010965581708113348,0.5409121592461804,0.012095163579306506,0.5409671750340272,0.00034834706284449484,0.0006439338261560575,0.017255452656316502,0.0026625741499819162,0.0026625741499819145,1.475158718301232,muon_ns_trajectory
6,4,ns_momentum,"0,1,2,3,4","5,6,7,8,9",80,32,0.9,6,0.001,5,0.8596529023707075,0.35202091975555905,0.9853344957192949,0.4440585744804375,0.1974309197093019,0.19359015390515397,0.0038407658041479387,0.003927719470469313,11.463120112034035,11.462632356981064,-0.0004877550529709396,0.19,0.19,0.0,-10.454224074997441,-10.455779376397082,0.001555301399640996,0.5803676241092578,0.01297741459448346,0.5804019962963803,0.00019291040467969242,0.0003323737787097193,0.00711730691297807,0.0029625428927532766,0.002962542892753276,1.3257932838970774,muon_ns_trajectory
6,5,frobenius_grad,"0,1,2,3,4","5,6,7,8,9",80,32,0.9,6,0.001,5,0.7956405010667411,0.3909077635104446,0.9447103224227954,0.272468954614379,0.1758040301443019,0.17226209057741348,0.003541939566888419,0.0034880309554580846,11.462929761337277,11.4632212607923,0.0002914994550238248,0.19,0.19,0.0,-10.454712435781031,-10.456424696634658,0.0017122608536261907,0.6352470940050611,0.014204556847045158,0.6352438324677926,3.0550097586659826e-05,4.809192317220765e-05,0.004383928358073236,0.00401944698912088,0.004383928358073235,0.7956405010667412,muon_ns_trajectory
6,5,polar_grad,"0,1,2,3,4","5,6,7,8,9",80,32,0.9,6,0.001,5,0.7956405010667411,0.3909077635104446,0.9447103224227954,1.0,0.1758040301443019,0.17227450050296403,0.003529529641337875,0.0034880309554580846,11.462929761337277,11.462739919943147,-0.00018984139413014134,0.19,0.19,0.0,-10.454712435781031,-10.457515663329346,0.002803227548314524,0.511293200087951,0.011432863518300604,0.5113140258482499,0.0003005093506700926,0.0005877197484883372,0.01608964354958436,0.0024826858993968314,0.00248268589939683,1.4049425085571654,muon_ns_trajectory
6,5,polar_momentum,"0,1,2,3,4","5,6,7,8,9",80,32,0.9,6,0.001,5,0.7956405010667411,0.3909077635104446,0.9447103224227954,0.3188516639983478,0.1758040301443019,0.17226649611192954,0.0035375340323723636,0.0034880309554580846,11.462929761337277,11.462097616161056,-0.0008321451762203225,0.19,0.19,0.0,-10.454712435781031,-10.456803141743771,0.0020907059627397473,0.5835064482107506,0.013047600835086987,0.5835617219603629,0.00040290974971925056,0.0006904321077910201,0.018519593381450285,0.002857635298693566,0.002857635298693564,1.220600458376449,muon_ns_trajectory
6,5,ns_momentum,"0,1,2,3,4","5,6,7,8,9",80,32,0.9,6,0.001,5,0.7956405010667411,0.3909077635104446,0.9447103224227954,0.3707881573572915,0.1758040301443019,0.17226332304207767,0.003540707102224233,0.0034880309554580846,11.462929761337277,11.46282696589285,-0.00010279544442681754,0.19,0.19,0.0,-10.454712435781031,-10.456775342288188,0.002062906507156015,0.5991022083613259,0.01339633263366167,0.5991232682006183,0.00021940235912729837,0.0003662057055240772,0.007159174305574987,0.003046294170765596,0.003046294170765595,1.1450079210772584,muon_ns_trajectory
7,0,frobenius_grad,"0,1,2,3,4","5,6,7,8,9",80,32,0.9,6,0.001,5,0.6402061163416062,0.0640206116341606,0.9999999999999998,0.2981334039406186,0.1484022926280939,0.14552378402578522,0.002878508602308677,0.003008199317785294,12.198531688275327,12.203324619202292,0.00479293092696409,0.19,0.19,0.0,-11.235379752294689,-11.24866047834651,0.01328072605182129,0.6614206884489847,0.014789816210966401,0.6613912410199101,3.206950762366942e-05,4.848795332429269e-05,0.00469879815421844,0.004368966838873713,0.00469879815421844,0.6402061163416061,muon_ns_trajectory
7,0,polar_grad,"0,1,2,3,4","5,6,7,8,9",80,32,0.9,6,0.001,5,0.6402061163416062,0.0640206116341606,0.9999999999999998,1.0,0.1484022926280939,0.1454983889679244,0.002903903660169488,0.003008199317785294,12.198531688275327,12.202730410267186,0.004198721991858889,0.19,0.19,0.0,-11.235379752294689,-11.246316637823757,0.010936885529067908,0.4738615065699045,0.010595865406107694,0.47382495713922945,0.0005993824118158891,0.0012649870016022936,0.015760723528834536,0.002431932438325534,0.002431932438325532,1.236958424657776,muon_ns_trajectory
7,0,polar_momentum,"0,1,2,3,4","5,6,7,8,9",80,32,0.9,6,0.001,5,0.6402061163416062,0.0640206116341606,0.9999999999999998,0.8027979545103673,0.1484022926280939,0.14549838896792433,0.002903903660169571,0.003008199317785294,12.198531688275327,12.202730410266117,0.004198721990789522,0.19,0.19,0.0,-11.235379752294689,-11.246316637822686,0.010936885527996765,0.47403986798578135,0.010599853688612333,0.47400277251715295,0.000598898444145284,0.0012634914369063345,0.015760723528834543,0.0024319324383255342,0.0024319324383255325,1.2369584246577758,muon_ns_trajectory
7,0,ns_momentum,"0,1,2,3,4","5,6,7,8,9",80,32,0.9,6,0.001,5,0.6402061163416062,0.0640206116341606,0.9999999999999998,0.5697612446975725,0.1484022926280939,0.1454967008635791,0.0029055917645147977,0.003008199317785294,12.198531688275327,12.203524134822615,0.004992446547287699,0.19,0.19,0.0,-11.235379752294689,-11.24728288679731,0.011903134502620816,0.4948878697932094,0.011066029180976815,0.4948312823833861,0.0004504713763676769,0.0009103534727997654,0.007763341938200166,0.002626272007689927,0.0026262720076899275,1.1454256485912555,muon_ns_trajectory
7,1,frobenius_grad,"0,1,2,3,4","5,6,7,8,9",80,32,0.9,6,0.001,5,0.49033527257526244,0.1039114591817573,0.9697447350455404,0.33635600825501755,0.1265059762293992,0.12401198602895884,0.0024939902004403464,0.0025847354472097743,12.200409444962533,12.204449561167058,0.004040116204524935,0.19,0.19,0.0,-11.23989236529359,-11.252763294226952,0.012870928933361725,0.7229348533751624,0.016165314754507068,0.7229366193477045,0.0001401256401355919,0.0001938283888040217,0.005271363476738335,0.0046253258708244815,0.005271363476738335,0.4903352725752624,muon_ns_trajectory
7,1,polar_grad,"0,1,2,3,4","5,6,7,8,9",80,32,0.9,6,0.001,5,0.49033527257526244,0.1039114591817573,0.9697447350455404,1.0000000000000002,0.1265059762293992,0.12398218920333577,0.002523787026063415,0.0025847354472097743,12.200409444962533,12.203651467487452,0.0032420225249190082,0.19,0.19,0.0,-11.23989236529359,-11.249238253752656,0.009345888459066032,0.4729016176500369,0.010574401637350973,0.47289221525007347,0.0005993915168119975,0.001267501340649114,0.015671976558663727,0.0024182384835291907,0.002418238483529189,1.0688505144610878,muon_ns_trajectory
7,1,polar_momentum,"0,1,2,3,4","5,6,7,8,9",80,32,0.9,6,0.001,5,0.49033527257526244,0.1039114591817573,0.9697447350455404,0.5824974340836895,0.1265059762293992,0.1239894328563656,0.0025165433730335862,0.0025847354472097743,12.200409444962533,12.204995633255917,0.004586188293384197,0.19,0.19,0.0,-11.23989236529359,-11.25111901585547,0.011226650561880547,0.4871939250299075,0.010893987345918102,0.48715882028678614,0.0010930398035851367,0.002243703199177783,0.01617634728012399,0.002496064575473308,0.0024960645754733063,1.035524269927854,muon_ns_trajectory
7,1,ns_momentum,"0,1,2,3,4","5,6,7,8,9",80,32,0.9,6,0.001,5,0.49033527257526244,0.1039114591817573,0.9697447350455404,0.528297824920889,0.1265059762293992,0.12400018435396055,0.0025057918754386316,0.0025847354472097743,12.200409444962533,12.20453535849558,0.004125913533046699,0.19,0.19,0.0,-11.23989236529359,-11.251117125549868,0.011224760256277833,0.5102587986201642,0.011409733598320627,0.5102301732135619,0.0007682053154571505,0.0015056054223896527,0.008049824070504677,0.0026751047346875037,0.0026751047346875037,0.9662184114491181,muon_ns_trajectory
7,2,frobenius_grad,"0,1,2,3,4","5,6,7,8,9",80,32,0.9,6,0.001,5,0.5641397612768226,0.1456945996537762,0.9528531879255024,0.3033940154011454,0.19432634849239902,0.19060540459508898,0.003720943897310036,0.003889638153097906,12.201927493818827,12.20483928674598,0.00291179292715249,0.19,0.19,0.0,-11.244057165836288,-11.259156418308457,0.0150992524721687,0.9801624358130588,0.02191709835469773,0.9801744414680866,9.710246599750485e-05,9.906651498897137e-05,0.006894812987998672,0.00628663809637974,0.006894812987998673,0.5641397612768224,muon_ns_trajectory
7,2,polar_grad,"0,1,2,3,4","5,6,7,8,9",80,32,0.9,6,0.001,5,0.5641397612768226,0.1456945996537762,0.9528531879255024,1.0,0.19432634849239902,0.19057482838861844,0.0037515201037805757,0.003889638153097906,12.201927493818827,12.20271505335247,0.0007875595336432895,0.19,0.19,0.0,-11.244057165836288,-11.253222386529751,0.009165220693462928,0.7193364900696102,0.0160848529049175,0.7194858912757984,0.0005394343449304038,0.0007497497191694396,0.02272560643255405,0.0035066372024631564,0.0035066372024631543,1.1092217211309232,muon_ns_trajectory
7,2,polar_momentum,"0,1,2,3,4","5,6,7,8,9",80,32,0.9,6,0.001,5,0.5641397612768226,0.1456945996537762,0.9528531879255024,0.431488741036279,0.19432634849239902,0.19054712047543465,0.00377922801696437,0.003889638153097906,12.201927493818827,12.205983131627322,0.0040556378084950495,0.19,0.19,0.0,-11.244057165836288,-11.258089267796235,0.01403210195994653,0.733684437359977,0.01640568275970595,0.7337891799075904,0.0006214796019170299,0.0008469457153828513,0.024480082547718673,0.003777358744461536,0.003777358744461533,1.0297243169717465,muon_ns_trajectory
7,2,ns_momentum,"0,1,2,3,4","5,6,7,8,9",80,32,0.9,6,0.001,5,0.5641397612768226,0.1456945996537762,0.9528531879255024,0.4717021253533253,0.19432634849239902,0.19056466536490824,0.0037616831274907836,0.003889638153097906,12.201927493818827,12.205401099721719,0.0034736059028919186,0.19,0.19,0.0,-11.244057165836288,-11.25795485741771,0.013897691581421512,0.7537282675941861,0.016853876429037518,0.7538156891829256,0.00039153281989494517,0.000519401261493157,0.011781242450645697,0.003972206211745308,0.003972206211745306,0.9792135518032128,muon_ns_trajectory
7,3,frobenius_grad,"0,1,2,3,4","5,6,7,8,9",80,32,0.9,6,0.001,5,0.41582689727069616,0.16403575971913534,0.8388042515310362,0.28921912468961714,0.05981826141721324,0.058646191380483444,0.001172070036729797,0.0012368935873174824,12.202758908013136,12.20611182843465,0.0033529204215145825,0.19,0.19,0.0,-11.247508982212405,-11.25446318016288,0.006954197950474139,0.41373133198564604,0.009251313827414377,0.41371182731454437,2.256834658120884e-05,5.455088564352347e-05,0.002974539635208557,0.002692758716133506,0.002974539635208557,0.41582689727069605,muon_ns_trajectory
7,3,polar_grad,"0,1,2,3,4","5,6,7,8,9",80,32,0.9,6,0.001,5,0.41582689727069616,0.16403575971913534,0.8388042515310362,1.0,0.05981826141721324,0.058643267099978885,0.0011749943172343555,0.0012368935873174824,12.202758908013136,12.206398899167294,0.0036399911541575847,0.19,0.19,0.0,-11.247508982212405,-11.254694385457645,0.007185403245239641,0.3139955370013127,0.0070211536536648545,0.3139661124777888,0.00010758292632806165,0.00034265776481107494,0.010284726635559665,0.0015869677733112116,0.0015869677733112105,0.7794068714682858,muon_ns_trajectory
7,3,polar_momentum,"0,1,2,3,4","5,6,7,8,9",80,32,0.9,6,0.001,5,0.41582689727069616,0.16403575971913534,0.8388042515310362,0.4021664895687208,0.05981826141721324,0.058633551575139074,0.0011847098420741664,0.0012368935873174824,12.202758908013136,12.205066818960212,0.002307910947076053,0.19,0.19,0.0,-11.247508982212405,-11.254790498960373,0.007281516747967842,0.36299595704437154,0.00811683635508808,0.3630160353876004,0.00015234097150348022,0.0004196535597685715,0.012218850200740136,0.0018854095186591842,0.0018854095186591822,0.6560344450775368,muon_ns_trajectory
7,3,ns_momentum,"0,1,2,3,4","5,6,7,8,9",80,32,0.9,6,0.001,5,0.41582689727069616,0.16403575971913534,0.8388042515310362,0.40575534599994484,0.05981826141721324,0.05863284146463918,0.0011854199525740614,0.0012368935873174824,12.202758908013136,12.205091244673394,0.0023323366602578943,0.19,0.19,0.0,-11.247508982212405,-11.255109821620895,0.007600839408489435,0.37904327841229574,0.008475665369442718,0.37904896229985774,7.947033978166352e-05,0.0002096571886108903,0.005973487562770394,0.0020169537841980213,0.002016953784198021,0.6132483535359213,muon_ns_trajectory
7,4,frobenius_grad,"0,1,2,3,4","5,6,7,8,9",80,32,0.9,6,0.001,5,0.518090661599867,0.1953683154548912,0.9414136930458857,0.2843698396281804,0.10323915226620867,0.10126128212395466,0.001977870142254007,0.0019773349811218364,12.203900058320777,12.206931669041431,0.0030316107206544984,0.19,0.19,0.0,-11.251247889523905,-11.260533262132588,0.009285372608683673,0.535334485386826,0.01197044300024811,0.5353399101101979,9.969538598667577e-06,1.8622819652312828e-05,0.0038165810111608915,0.0034635987592149965,0.0038165810111608924,0.518090661599867,muon_ns_trajectory
7,4,polar_grad,"0,1,2,3,4","5,6,7,8,9",80,32,0.9,6,0.001,5,0.518090661599867,0.1953683154548912,0.9414136930458857,1.0,0.10323915226620867,0.10122792848882231,0.002011223777386356,0.0019773349811218364,12.203900058320777,12.205224713045524,0.0013246547247476315,0.19,0.19,0.0,-11.251247889523905,-11.257668958820554,0.006421069296649762,0.397436769737207,0.008886956338903263,0.39746649406002166,0.00019799775201342445,0.0004981495420932883,0.013421187760808785,0.0020709342319630247,0.0020709342319630234,0.9548033687422004,muon_ns_trajectory
7,4,polar_momentum,"0,1,2,3,4","5,6,7,8,9",80,32,0.9,6,0.001,5,0.518090661599867,0.1953683154548912,0.9414136930458857,0.39389054305704074,0.10323915226620867,0.10125223408692774,0.0019869181792809276,0.0019773349811218364,12.203900058320777,12.2066731787811,0.0027731204603238524,0.19,0.19,0.0,-11.251247889523905,-11.260241644016194,0.008993754492289341,0.4425991588768353,0.009896818060328336,0.44262431096036886,0.00023338971735920405,0.0005272862596562189,0.014943042155042592,0.00230576146314783,0.002305761463147828,0.8575626805829153,muon_ns_trajectory
7,4,ns_momentum,"0,1,2,3,4","5,6,7,8,9",80,32,0.9,6,0.001,5,0.518090661599867,0.1953683154548912,0.9414136930458857,0.3971422038868605,0.10323915226620867,0.10125475638835275,0.001984395877855913,0.0019773349811218364,12.203900058320777,12.20653150416336,0.0026314458425833465,0.19,0.19,0.0,-11.251247889523905,-11.260223371832627,0.008975482308722249,0.4492446226799284,0.010045415148385634,0.4492629846666903,0.0003262002769563877,0.0007260786846225418,0.006923517153233188,0.002401346526371585,0.0024013465263715843,0.8234275892324353,muon_ns_trajectory
7,5,frobenius_grad,"0,1,2,3,4","5,6,7,8,9",80,32,0.9,6,0.001,5,0.5304841208260057,0.21846484337132355,0.84666279831842,0.29917588968932524,0.19669633751179863,0.19289135914410885,0.003804978367689782,0.0038341425305780815,12.204975032960062,12.206084460476308,0.0011094275162459866,0.19,0.19,0.0,-11.254952661916764,-11.263540694292242,0.008588032375477894,1.0219723660003524,0.022851996815030824,1.0221514959377085,0.00030648569107319417,0.0002998437044716431,0.0072276292165126795,0.006564982381163739,0.0072276292165126795,0.5304841208260057,muon_ns_trajectory
7,5,polar_grad,"0,1,2,3,4","5,6,7,8,9",80,32,0.9,6,0.001,5,0.5304841208260057,0.21846484337132355,0.84666279831842,1.0,0.19669633751179863,0.19285126131813624,0.0038450761936623945,0.0038341425305780815,12.204975032960062,12.204872115783479,-0.00010291717658361677,0.19,0.19,0.0,-11.254952661916764,-11.260529323301487,0.00557666138472257,0.7382081490482937,0.01650683602816282,0.7383027352576219,0.0007742069228308334,0.001048630711845708,0.024158461512450435,0.00372773154130137,0.0037277315413013676,1.028545775922363,muon_ns_trajectory
7,5,polar_momentum,"0,1,2,3,4","5,6,7,8,9",80,32,0.9,6,0.001,5,0.5304841208260057,0.21846484337132355,0.84666279831842,0.43593833909290386,0.19669633751179863,0.1927846287304345,0.003911708781364126,0.0038341425305780815,12.204975032960062,12.208636770872271,0.0036617379122088067,0.19,0.19,0.0,-11.254952661916764,-11.26940755469636,0.014454892779594886,0.8175729430771529,0.018281486772850807,0.8176393829374646,0.0030157871457994166,0.0036884073941801216,0.027499919976658713,0.004243329776087893,0.004243329776087891,0.9035693035654051,muon_ns_trajectory
7,5,ns_momentum,"0,1,2,3,4","5,6,7,8,9",80,32,0.9,6,0.001,5,0.5304841208260057,0.21846484337132355,0.84666279831842,0.46494600371444267,0.19669633751179863,0.19279002333591544,0.003906314175883191,0.0038341425305780815,12.204975032960062,12.20827665772806,0.0033016247679977795,0.19,0.19,0.0,-11.254952661916764,-11.269873224326535,0.014920562409770355,0.8699446611897599,0.01945255399083327,0.8700726539870102,0.0019235925751511695,0.0022108413203616073,0.013365694890746729,0.004612623605012843,0.004612623605012841,0.8312281380191671,muon_ns_trajectory
8,0,frobenius_grad,"0,1,2,3,4","5,6,7,8,9",80,32,0.9,6,0.001,5,0.3611170355020456,0.03611170355020455,1.0000000000000002,0.3251967699511705,0.08716967416759815,0.08543542381380426,0.0017342503537938897,0.0017158775166016005,11.68852313087508,11.687531631625077,-0.0009914992500021924,0.19,0.19,0.0,-10.713790814248428,-10.71377775328835,-1.3060960078803419e-05,0.5865391374581294,0.013115413828204706,0.5865431192135558,7.277335422475648e-05,0.0001240716186771262,0.004751582860709101,0.003907804643694706,0.004751582860709102,0.36111703550204566,muon_ns_trajectory
8,0,polar_grad,"0,1,2,3,4","5,6,7,8,9",80,32,0.9,6,0.001,5,0.3611170355020456,0.03611170355020455,1.0000000000000002,1.0,0.08716967416759815,0.08543977322835616,0.0017299009392419823,0.0017158775166016005,11.68852313087508,11.68886567870841,0.00034254783333054206,0.19,0.19,0.0,-10.713790814248428,-10.716430598102967,0.0026397838545388908,0.44543778018963137,0.009960291562506243,0.44541333742724376,0.0008382413368205071,0.001881940360525082,0.014611408537122214,0.002254589284942668,0.0022545892849426667,0.7610599092531545,muon_ns_trajectory
8,0,polar_momentum,"0,1,2,3,4","5,6,7,8,9",80,32,0.9,6,0.001,5,0.3611170355020456,0.03611170355020455,1.0000000000000002,0.818831361364167,0.08716967416759815,0.08543977322835614,0.00172990093924201,0.0017158775166016005,11.68852313087508,11.688865678708101,0.00034254783302145597,0.19,0.19,0.0,-10.713790814248428,-10.716430598102656,0.0026397838542280283,0.4454453054114402,0.009960459831581354,0.4454210130920414,0.0008383578450686021,0.00188216949902937,0.014611408537122209,0.002254589284942669,0.002254589284942667,0.7610599092531544,muon_ns_trajectory
8,0,ns_momentum,"0,1,2,3,4","5,6,7,8,9",80,32,0.9,6,0.001,5,0.3611170355020456,0.03611170355020455,1.0000000000000002,0.5259799807124192,0.08716967416759815,0.08543518025847385,0.0017344939091242934,0.0017158775166016005,11.68852313087508,11.688476112269736,-4.70186053433963e-05,0.19,0.19,0.0,-10.713790814248428,-10.715105885401766,0.0013150711533373993,0.4670034992059982,0.010442515699548814,0.46700678569034,0.0005942355198235345,0.0012724344442771257,0.006465701670369124,0.0024311990499445582,0.002431199049944558,0.7057741802921197,muon_ns_trajectory
8,1,frobenius_grad,"0,1,2,3,4","5,6,7,8,9",80,32,0.9,6,0.001,5,0.47056297362083066,0.07417407926399701,0.9540289841519156,0.3135787271008651,0.25372924254216866,0.2486313332323856,0.005097909309783072,0.005132164918841811,11.688488889381004,11.693065698946636,0.004576809565632445,0.19,0.19,0.0,-10.714318106567653,-10.730988237245361,0.016670130677708173,1.4873050821303158,0.03325715266924293,1.4876200809572264,0.0003966317557517965,0.0002666216736578194,0.01090643592153342,0.00960303856359799,0.01090643592153342,0.47056297362083066,muon_ns_trajectory
8,1,polar_grad,"0,1,2,3,4","5,6,7,8,9",80,32,0.9,6,0.001,5,0.47056297362083066,0.07417407926399701,0.9540289841519156,1.0,0.25372924254216866,0.24867113315673,0.005058109385438658,0.005132164918841811,11.688488889381004,11.692266294579804,0.00377740519880021,0.19,0.19,0.0,-10.714318106567653,-10.727214245177352,0.012896138609699292,1.0845699789905128,0.024251721993783046,1.0846383623919287,0.001360606222533295,0.0012544330624013524,0.034780535090396233,0.005366753077922229,0.005366753077922225,0.9562886244859178,muon_ns_trajectory
8,1,polar_momentum,"0,1,2,3,4","5,6,7,8,9",80,32,0.9,6,0.001,5,0.47056297362083066,0.07417407926399701,0.9540289841519156,0.5309026121947287,0.25372924254216866,0.24862801756331346,0.005101224978855207,0.005132164918841811,11.688488889381004,11.689137939429337,0.0006490500483327111,0.19,0.19,0.0,-10.714318106567653,-10.723396077575622,0.0090779710079687,1.1601423176346473,0.02594157085805223,1.160125976667607,0.001926131692421217,0.0016602780483839486,0.03714900304260961,0.00573221561722661,0.005732215617226607,0.8953195869706108,muon_ns_trajectory
8,1,ns_momentum,"0,1,2,3,4","5,6,7,8,9",80,32,0.9,6,0.001,5,0.47056297362083066,0.07417407926399701,0.9540289841519156,0.4764153606267564,0.25372924254216866,0.24863516919060125,0.005094073351567419,0.005132164918841811,11.688488889381004,11.690725744673452,0.0022368552924483254,0.19,0.19,0.0,-10.714318106567653,-10.725073910080297,0.01075580351264449,1.2233379121822792,0.027354667310922443,1.2235673706013346,0.001399064551646238,0.0011434307462437918,0.017110322322117667,0.006232889444464408,0.00623288944446441,0.8234006016904116,muon_ns_trajectory
8,2,frobenius_grad,"0,1,2,3,4","5,6,7,8,9",80,32,0.9,6,0.001,5,0.431907923740767,0.10563933562873229,0.9390011257914485,0.3453055134327106,0.12137280731168024,0.11895561735672881,0.0024171899549514236,0.0024514408523715167,11.688796800206175,11.689143263164853,0.0003464629586780177,0.19,0.19,0.0,-10.715877628541534,-10.722283083916455,0.0064054553749208765,0.7050328297727894,0.01576501333740995,0.7049792522547317,0.0015211386705046407,0.0021577070043403267,0.005675841348636343,0.004752024024550061,0.005675841348636342,0.4319079237407669,muon_ns_trajectory
8,2,polar_grad,"0,1,2,3,4","5,6,7,8,9",80,32,0.9,6,0.001,5,0.431907923740767,0.10563933562873229,0.9390011257914485,1.0,0.12137280731168024,0.11894730090305025,0.002425506408629985,0.0024514408523715167,11.688796800206175,11.689997246003436,0.001200445797261196,0.19,0.19,0.0,-10.715877628541534,-10.722247358693071,0.0063697301515368565,0.5091251802040493,0.011384385119930836,0.5090882645074055,0.0022672897634026415,0.0044536280277379285,0.01643715819134289,0.0025363085727810484,0.002536308572781047,0.9665388820113187,muon_ns_trajectory
8,2,polar_momentum,"0,1,2,3,4","5,6,7,8,9",80,32,0.9,6,0.001,5,0.431907923740767,0.10563933562873229,0.9390011257914485,0.43978208876455505,0.12137280731168024,0.11893828177041323,0.0024345255412670103,0.0024514408523715167,11.688796800206175,11.689664584437283,0.0008677842311080042,0.19,0.19,0.0,-10.715877628541534,-10.721637064991327,0.005759436449793043,0.550102287291347,0.012300661089615705,0.5501074739642505,0.0008653698707649248,0.0015730923714393345,0.01763623602052253,0.002721330298688741,0.0027213302986887388,0.9008244436747472,muon_ns_trajectory
8,2,ns_momentum,"0,1,2,3,4","5,6,7,8,9",80,32,0.9,6,0.001,5,0.431907923740767,0.10563933562873229,0.9390011257914485,0.44614643623372513,0.12137280731168024,0.11894952802929874,0.0024232792823814936,0.0024514408523715167,11.688796800206175,11.689819256753454,0.0010224565472789493,0.19,0.19,0.0,-10.715877628541534,-10.72191104602023,0.0060334174786955685,0.5855445372294177,0.013093173890986342,0.5855743545650587,0.0009850149435170683,0.0016821347038817951,0.008318414972141178,0.002970757791422955,0.0029707577914229546,0.8251904141930427,muon_ns_trajectory
8,3,frobenius_grad,"0,1,2,3,4","5,6,7,8,9",80,32,0.9,6,0.001,5,0.511194352405215,0.13570751534718795,0.8641985297629926,0.3351858344736937,0.14813021541285368,0.1452308372614133,0.0028993781514403683,0.0028828884831198073,11.689120972553816,11.696510783668248,0.007389811114432376,0.19,0.19,0.0,-10.717792248870241,-10.733208188365193,0.015415939494952013,0.7774384065586694,0.017384051253843024,0.7774548050986382,0.0001866281406064571,0.00024005014745876965,0.0056395155180325425,0.004922000507829254,0.005639515518032544,0.511194352405215,muon_ns_trajectory
8,3,polar_grad,"0,1,2,3,4","5,6,7,8,9",80,32,0.9,6,0.001,5,0.511194352405215,0.13570751534718795,0.8641985297629926,1.0,0.14813021541285368,0.14524832606489782,0.002881889347955857,0.0028828884831198073,11.689120972553816,11.696023227870462,0.006902255316646233,0.19,0.19,0.0,-10.717792248870241,-10.730306603823864,0.012514354953623297,0.5262199817111983,0.011766636502249352,0.5262030121234185,0.0007104835055801875,0.001350207979070912,0.016825041329349942,0.002596160240369346,0.002596160240369344,1.1104431992648003,muon_ns_trajectory
8,3,polar_momentum,"0,1,2,3,4","5,6,7,8,9",80,32,0.9,6,0.001,5,0.511194352405215,0.13570751534718795,0.8641985297629926,0.43195814848720593,0.14813021541285368,0.14528275434065693,0.002847461072196744,0.0028828884831198073,11.689120972553816,11.69136882052873,0.0022478479749139524,0.19,0.19,0.0,-10.717792248870241,-10.725809766491825,0.008017517621583536,0.578945659153375,0.012945618491453701,0.5789688823286034,0.0012797930220688515,0.0022104694416762863,0.01903210043592592,0.002936716854078361,0.002936716854078359,0.9816705615034702,muon_ns_trajectory
8,3,ns_momentum,"0,1,2,3,4","5,6,7,8,9",80,32,0.9,6,0.001,5,0.511194352405215,0.13570751534718795,0.8641985297629926,0.45016981752819984,0.14813021541285368,0.14528409567417236,0.0028461197386813186,0.0028828884831198073,11.689120972553816,11.691642370498032,0.0025213979442160195,0.19,0.19,0.0,-10.717792248870241,-10.726706496183796,0.008914247313555279,0.6168320559961706,0.013792784079083945,0.6168847018360261,0.0017545793586134146,0.0028442581788643527,0.009461520598059565,0.003201846477136141,0.00320184647713614,0.9003831082177239,muon_ns_trajectory
8,4,frobenius_grad,"0,1,2,3,4","5,6,7,8,9",80,32,0.9,6,0.001,5,0.3563967905609019,0.15363301004097968,0.9091429618297971,0.3106177669745358,0.1444407459552854,0.14169301636987638,0.0027477295854090034,0.002909980423333775,11.689882846934745,11.687072276991596,-0.0028105699431488773,0.19,0.19,0.0,-10.72056541406289,-10.724957373026657,0.004391958963767095,1.1093151526243619,0.02480504089738628,1.109416959273777,0.00019358934000938762,0.00017449646716786353,0.008165001763214564,0.0073136009056682634,0.008165001763214564,0.35639679056090184,muon_ns_trajectory
8,4,polar_grad,"0,1,2,3,4","5,6,7,8,9",80,32,0.9,6,0.001,5,0.3563967905609019,0.15363301004097968,0.9091429618297971,1.0,0.1444407459552854,0.14169280191029035,0.0027479440449950376,0.002909980423333775,11.689882846934745,11.689946836402711,6.398946796615235e-05,0.19,0.19,0.0,-10.72056541406289,-10.72825730919666,0.007691895133770998,0.824954864525025,0.018446551554470853,0.8250278627633287,0.0008101438972432645,0.0009819594389573556,0.026286332049653572,0.00405606909347745,0.004056069093477447,0.7174385732267989,muon_ns_trajectory
8,4,polar_momentum,"0,1,2,3,4","5,6,7,8,9",80,32,0.9,6,0.001,5,0.3563967905609019,0.15363301004097968,0.9091429618297971,0.35404142617037704,0.1444407459552854,0.14170766735450263,0.0027330786007827568,0.002909980423333775,11.689882846934745,11.692046920487963,0.0021640735532173494,0.19,0.19,0.0,-10.72056541406289,-10.731946020409932,0.011380606347042743,0.9287958154593019,0.020768505805843492,0.9289568776548567,0.0011090482107991434,0.0011938640398453432,0.03041345540633075,0.004692898053119533,0.00469289805311953,0.6200817470133219,muon_ns_trajectory
8,4,ns_momentum,"0,1,2,3,4","5,6,7,8,9",80,32,0.9,6,0.001,5,0.3563967905609019,0.15363301004097968,0.9091429618297971,0.40440557377422753,0.1444407459552854,0.14170333562841883,0.0027374103268665573,0.002909980423333775,11.689882846934745,11.693099123330855,0.003216276396109663,0.19,0.19,0.0,-10.72056541406289,-10.733662859003825,0.013097444940935787,0.9644623437583073,0.021566033623823453,0.9646920588297314,0.0005021330451396404,0.0005205112248449297,0.014528062686038668,0.004996139865381119,0.0049961398653811185,0.58244574846621,muon_ns_trajectory
8,5,frobenius_grad,"0,1,2,3,4","5,6,7,8,9",80,32,0.9,6,0.001,5,0.5616784995442123,0.1819652799887258,0.8388783680354793,0.30841634631142967,0.15125459106660208,0.14829457556387576,0.0029600155027263153,0.0030494677833980566,11.690483351828757,11.686021088777037,-0.004462263051719262,0.19,0.19,0.0,-10.723188452766694,-10.717265664310721,-0.005922788455972494,0.6871954577577534,0.01536615757375422,0.6872862152763517,9.670539792868319e-05,0.00014070615091530506,0.0054292051162232865,0.004891638366320462,0.005429205116223286,0.5616784995442125,muon_ns_trajectory
8,5,polar_grad,"0,1,2,3,4","5,6,7,8,9",80,32,0.9,6,0.001,5,0.5616784995442123,0.1819652799887258,0.8388783680354793,1.0,0.15125459106660208,0.1483127407848557,0.002941850281746372,0.0030494677833980566,11.690483351828757,11.686063406279288,-0.004419945549468451,0.19,0.19,0.0,-10.723188452766694,-10.72030978005348,-0.002878672713213959,0.5307184267657169,0.011867224791598869,0.5308285524294574,0.00036802473813516367,0.0006933024541555177,0.01760349339830723,0.002716278002394377,0.0027162780023943746,1.1226640942900463,muon_ns_trajectory
8,5,polar_momentum,"0,1,2,3,4","5,6,7,8,9",80,32,0.9,6,0.001,5,0.5616784995442123,0.1819652799887258,0.8388783680354793,0.36093065257856727,0.15125459106660208,0.148341221875043,0.002913369191559073,0.0030494677833980566,11.690483351828757,11.689896834047266,-0.0005865177814907696,0.19,0.19,0.0,-10.723188452766694,-10.727580752914063,0.004392300147369355,0.630674457189676,0.014102309579488964,0.6307386937355568,0.0004807035082754458,0.0007621278241683161,0.020763668401995197,0.0032039035919298967,0.003203903591929895,0.9517976106020054,muon_ns_trajectory
8,5,ns_momentum,"0,1,2,3,4","5,6,7,8,9",80,32,0.9,6,0.001,5,0.5616784995442123,0.1819652799887258,0.8388783680354793,0.4306643352920139,0.15125459106660208,0.14834258731209576,0.002912003754506315,0.0030494677833980566,11.690483351828757,11.69042813250579,-5.5219322966593154e-05,0.19,0.19,0.0,-10.723188452766694,-10.728382433638863,0.00519398087216949,0.658008583311752,0.014713519220634116,0.6581351485959352,0.0002510509251947161,0.0003814580116717787,0.009935470206442575,0.0034354005952452558,0.0034354005952452553,0.887660026495499,muon_ns_trajectory
9,0,frobenius_grad,"0,1,2,3,4","5,6,7,8,9",80,32,0.9,6,0.001,5,0.587206907806395,0.05872069078063949,1.0000000000000002,0.3172432808293062,0.16513102470510688,0.16201116035837357,0.0031198643467333087,0.003360855458674671,11.775788464259584,11.776477276667794,0.000688812408210282,0.195,0.195,0.0,-10.648470990167068,-10.65413524608555,0.005664255918482297,0.7559730585317607,0.01690407148035444,0.7559688415626674,0.0002442673907136565,0.00032311833144965343,0.00572346035783142,0.004998143554108292,0.005723460357831419,0.5872069078063951,muon_ns_trajectory
9,0,polar_grad,"0,1,2,3,4","5,6,7,8,9",80,32,0.9,6,0.001,5,0.587206907806395,0.05872069078063949,1.0000000000000002,0.9999999999999998,0.16513102470510688,0.16197932128109271,0.003151703424014163,0.003360855458674671,11.775788464259584,11.777245601016205,0.001457136756620514,0.195,0.195,0.0,-10.648470990167068,-10.654847747377476,0.006376757210407646,0.5519866581538162,0.012342796903048717,0.5520224572592759,0.001982744144910576,0.0035917816727142923,0.018041234294607317,0.0027838228891088907,0.0027838228891088872,1.2072806326233254,muon_ns_trajectory
9,0,polar_momentum,"0,1,2,3,4","5,6,7,8,9",80,32,0.9,6,0.001,5,0.587206907806395,0.05872069078063949,1.0000000000000002,0.7447546504337168,0.16513102470510688,0.1619793212810927,0.0031517034240141906,0.003360855458674671,11.775788464259584,11.777245601016146,0.0014571367565618942,0.195,0.195,0.0,-10.648470990167068,-10.654847747377413,0.006376757210345474,0.5519731548323709,0.012342494959601977,0.5520101217591439,0.0019831137692186258,0.0035925315334777667,0.018041234294607324,0.0027838228891088907,0.0027838228891088877,1.2072806326233252,muon_ns_trajectory
9,0,ns_momentum,"0,1,2,3,4","5,6,7,8,9",80,32,0.9,6,0.001,5,0.587206907806395,0.05872069078063949,1.0000000000000002,0.5265795744830174,0.16513102470510688,0.1619935887215615,0.003137435983545378,0.003360855458674671,11.775788464259584,11.777847880086131,0.0020594158265474505,0.195,0.195,0.0,-10.648470990167068,-10.655872545265629,0.007401555098560664,0.5801837058277283,0.012973302056685423,0.5801826047279124,0.0010338337681287898,0.0017819110047493163,0.008006972831973606,0.0030017900200136915,0.0030017900200136898,1.119617107215029,muon_ns_trajectory
9,1,frobenius_grad,"0,1,2,3,4","5,6,7,8,9",80,32,0.9,6,0.001,5,0.634906480626552,0.10475585944209774,0.918045685389379,0.3122157718275295,0.11387406479140026,0.11162187883144002,0.00225218595996024,0.002400262955080073,11.77645456979298,11.782342300175936,0.005887730382955425,0.195,0.195,0.0,-10.650911201210588,-10.660726704619169,0.009815503408580284,0.505159853548582,0.01129571772038468,0.5051436466950807,0.00010523262914122109,0.0002083221868268741,0.0037804984329525095,0.0032968665800798937,0.00378049843295251,0.634906480626552,muon_ns_trajectory
9,1,polar_grad,"0,1,2,3,4","5,6,7,8,9",80,32,0.9,6,0.001,5,0.634906480626552,0.10475585944209774,0.918045685389379,0.9999999999999998,0.11387406479140026,0.11161349936335531,0.0022605654280449528,0.002400262955080073,11.77645456979298,11.781264745677685,0.004810175884705004,0.195,0.195,0.0,-10.650911201210588,-10.660127801470649,0.009216600260060659,0.3721660370932602,0.008321885578572389,0.37215771756038346,0.0003037727026812985,0.0008162472208627803,0.012108608129639552,0.001868398797781604,0.0018683987977816032,1.2846630804568946,muon_ns_trajectory
9,1,polar_momentum,"0,1,2,3,4","5,6,7,8,9",80,32,0.9,6,0.001,5,0.634906480626552,0.10475585944209774,0.918045685389379,0.4545704485713115,0.11387406479140026,0.1116158484622165,0.002258216329183757,0.002400262955080073,11.77645456979298,11.780017320637363,0.003562750844382734,0.195,0.195,0.0,-10.650911201210588,-10.659064786137842,0.008153584927253377,0.3954113007033597,0.008841665474443226,0.3954175285585436,0.00020312045725522966,0.0005136860219517472,0.013371960836932241,0.0020633383527005437,0.0020633383527005424,1.1632910094161515,muon_ns_trajectory
9,1,ns_momentum,"0,1,2,3,4","5,6,7,8,9",80,32,0.9,6,0.001,5,0.634906480626552,0.10475585944209774,0.918045685389379,0.42201967005673374,0.11387406479140026,0.11161659070351504,0.0022574740878852223,0.002400262955080073,11.77645456979298,11.780588457707578,0.004133887914598233,0.195,0.195,0.0,-10.650911201210588,-10.659633833521621,0.008722632311032541,0.4059443400819905,0.009077191395046232,0.4059362117949906,7.584071260486854e-05,0.00018682913817792205,0.006278393976075876,0.0021634652685772393,0.0021634652685772384,1.1094529641599284,muon_ns_trajectory
9,2,frobenius_grad,"0,1,2,3,4","5,6,7,8,9",80,32,0.9,6,0.001,5,0.8625227969740157,0.17164956047992877,0.9460973819368631,0.29795997439057126,0.21353564417765605,0.20942960136297448,0.004106042814681576,0.004131275139360082,11.7783508783049,11.784023494640003,0.0056726163351026315,0.195,0.195,0.0,-10.654903355480052,-10.666223879439503,0.011320523959451378,0.6693656047154073,0.014967469939439043,0.6693026920610095,0.0008978594926926592,0.0013414849564221025,0.0047897576201508104,0.0043437541855360536,0.00478975762015081,0.8625227969740158,muon_ns_trajectory
9,2,polar_grad,"0,1,2,3,4","5,6,7,8,9",80,32,0.9,6,0.001,5,0.8625227969740157,0.17164956047992877,0.9460973819368631,1.0,0.21353564417765605,0.2094412348391678,0.0040944093384882585,0.004131275139360082,11.7783508783049,11.781907781091082,0.0035569027861814817,0.195,0.195,0.0,-10.654903355480052,-10.664187792700886,0.009284437220834718,0.4995263440006961,0.011169748617375016,0.49947062541444126,0.0023388747125952505,0.004682707237596892,0.01607517127073018,0.002480452778288046,0.002480452778288044,1.6655326702939295,muon_ns_trajectory
9,2,polar_momentum,"0,1,2,3,4","5,6,7,8,9",80,32,0.9,6,0.001,5,0.8625227969740157,0.17164956047992877,0.9460973819368631,0.4887290861056207,0.21353564417765605,0.20940844907506542,0.004127195102590631,0.004131275139360082,11.7783508783049,11.782705044641002,0.004354166336101528,0.195,0.195,0.0,-10.654903355480052,-10.66579036523447,0.010887009754418031,0.5146123351135993,0.0115070816337391,0.5146210026626304,0.000459085941587022,0.0008920855138280947,0.017361769377998514,0.0026789791762944367,0.002678979176294435,1.5421079700494214,muon_ns_trajectory
9,2,ns_momentum,"0,1,2,3,4","5,6,7,8,9",80,32,0.9,6,0.001,5,0.8625227969740157,0.17164956047992877,0.9460973819368631,0.45114708090209643,0.21353564417765605,0.2094112635466102,0.004124380631045865,0.004131275139360082,11.7783508783049,11.783632278351918,0.005281400047017826,0.195,0.195,0.0,-10.654903355480052,-10.666703807130235,0.011800451650183064,0.5394069347797475,0.012061505737023108,0.5393644602889637,0.0012933390740306296,0.002397894502240146,0.008074383719416529,0.002892541453193876,0.002892541453193876,1.428250971061599,muon_ns_trajectory
9,3,frobenius_grad,"0,1,2,3,4","5,6,7,8,9",80,32,0.9,6,0.001,5,0.671317288136378,0.2147938435622597,0.9285205645276369,0.32025009873606525,0.1883491888883381,0.18468291414037857,0.003666274747959525,0.0037968119101996225,11.780150272124882,11.783077990604903,0.0029277184800218237,0.195,0.195,0.0,-10.65897713804417,-10.667104435828914,0.008127297784744414,0.7973248136480735,0.017828724834644434,0.7972714372026426,8.000154938180884e-05,0.00010034418097618971,0.005655763641570779,0.00504001447622657,0.005655763641570779,0.6713172881363781,muon_ns_trajectory
9,3,polar_grad,"0,1,2,3,4","5,6,7,8,9",80,32,0.9,6,0.001,5,0.671317288136378,0.2147938435622597,0.9285205645276369,1.0,0.1883491888883381,0.18467558298915862,0.0036736058991794773,0.0037968119101996225,11.780150272124882,11.782534121724336,0.0023838495994539244,0.195,0.195,0.0,-10.65897713804417,-10.666921667858565,0.007944529814395196,0.5673004865121839,0.012685224515099463,0.5672328167451856,0.0003563840368853471,0.0006282852937358229,0.017660458697413204,0.0027250679388780208,0.002725067938878019,1.393290734528574,muon_ns_trajectory
9,3,polar_momentum,"0,1,2,3,4","5,6,7,8,9",80,32,0.9,6,0.001,5,0.671317288136378,0.2147938435622597,0.9285205645276369,0.4710757729711849,0.1883491888883381,0.1846803956911944,0.003668793197143694,0.0037968119101996225,11.780150272124882,11.784906954459846,0.0047566823349640686,0.195,0.195,0.0,-10.65897713804417,-10.670852435208927,0.01187529716475666,0.5882994956821115,0.013154776634740453,0.5883007503478843,0.00044966711476130463,0.0007643490417025638,0.019470197687741497,0.003004316727642689,0.0030043167276426874,1.263785497469423,muon_ns_trajectory
9,3,ns_momentum,"0,1,2,3,4","5,6,7,8,9",80,32,0.9,6,0.001,5,0.671317288136378,0.2147938435622597,0.9285205645276369,0.470021227830811,0.1883491888883381,0.1846904485762395,0.0036587403120985906,0.0037968119101996225,11.780150272124882,11.785171524393395,0.00502125226851291,0.195,0.195,0.0,-10.65897713804417,-10.671240916434952,0.012263778390781965,0.6249051484167829,0.013973303913495222,0.6248620832521715,0.0004096146503417356,0.0006555280938312752,0.009088003048494886,0.0032797985178602412,0.003279798517860241,1.1576357174149479,muon_ns_trajectory
9,4,frobenius_grad,"0,1,2,3,4","5,6,7,8,9",80,32,0.9,6,0.001,5,0.5383176071175659,0.23808161393180935,0.866480274546047,0.3439407657618597,0.19196269471132318,0.1880926333725058,0.003870061338817371,0.003936955539582804,11.781649246531108,11.786436748317273,0.004787501786164938,0.195,0.195,0.0,-10.66269744267954,-10.673173209608457,0.010475766928916386,0.9637761183175535,0.021550689156489312,0.9637519527380746,0.00010092753751761624,0.00010472356214778639,0.007313443750545934,0.006310605045565337,0.007313443750545935,0.5383176071175658,muon_ns_trajectory
9,4,polar_grad,"0,1,2,3,4","5,6,7,8,9",80,32,0.9,6,0.001,5,0.5383176071175659,0.23808161393180935,0.866480274546047,0.9999999999999998,0.19196269471132318,0.18812804708939498,0.0038346476219282,0.003936955539582804,11.781649246531108,11.784803233696236,0.003153987165127603,0.195,0.195,0.0,-10.66269744267954,-10.671899474679185,0.009202031999643978,0.6774459774822497,0.015148152567341009,0.6773503286324424,0.002378230339343829,0.003511078741403184,0.021263672348772023,0.0032810558759118285,0.0032810558759118276,1.1999050575414834,muon_ns_trajectory
9,4,polar_momentum,"0,1,2,3,4","5,6,7,8,9",80,32,0.9,6,0.001,5,0.5383176071175659,0.23808161393180935,0.866480274546047,0.4478809703376708,0.19196269471132318,0.18811391739405853,0.0038487773172646567,0.003936955539582804,11.781649246531108,11.787614614699846,0.005965368168737939,0.195,0.195,0.0,-10.66269744267954,-10.677489942631974,0.014792499952433147,0.7383420089225461,0.016509829225945693,0.738318696718359,0.0010708598712800927,0.0014504032960831084,0.023960468826475623,0.0036971806065874656,0.0036971806065874625,1.0648534541612928,muon_ns_trajectory
9,4,ns_momentum,"0,1,2,3,4","5,6,7,8,9",80,32,0.9,6,0.001,5,0.5383176071175659,0.23808161393180935,0.866480274546047,0.4449689259331989,0.19196269471132318,0.18810537149752762,0.0038573232137955604,0.003936955539582804,11.781649246531108,11.787845996822252,0.006196750291143971,0.195,0.195,0.0,-10.66269744267954,-10.67789850254234,0.015201059862798516,0.8102393840378069,0.018117503407560943,0.8101584505363175,0.0015992066164578179,0.0019739430174420297,0.011807879604569188,0.004192381969866049,0.004192381969866048,0.939073674078556,muon_ns_trajectory
9,5,frobenius_grad,"0,1,2,3,4","5,6,7,8,9",80,32,0.9,6,0.001,5,0.3682775481055072,0.24425314654636743,0.8394816774544066,0.33283912181486586,0.09454374413481184,0.0926307640684147,0.0019129800663971464,0.0019289335407456402,11.78308253277241,11.78898873754472,0.00590620477231063,0.195,0.195,0.0,-10.666251297817952,-10.677607886348051,0.011356588530098577,0.6871187790352663,0.015364442985395119,0.6871051492097541,0.0001421505557660669,0.00020688326368905187,0.005237716908533949,0.004538081428453545,0.00523771690853395,0.36827754810550717,muon_ns_trajectory
9,5,polar_grad,"0,1,2,3,4","5,6,7,8,9",80,32,0.9,6,0.001,5,0.3682775481055072,0.24425314654636743,0.8394816774544066,1.0,0.09454374413481184,0.09262167480492364,0.0019220693298881986,0.0019289335407456402,11.78308253277241,11.787691185598,0.004608652825590198,0.195,0.195,0.0,-10.666251297817952,-10.675562114452603,0.00931081663465072,0.47814257389014553,0.010691592981550813,0.4780846733406194,0.0018486731266729726,0.003866832027379917,0.015736482177859227,0.0024281919166624353,0.002428191916662433,0.7943908912261651,muon_ns_trajectory
9,5,polar_momentum,"0,1,2,3,4","5,6,7,8,9",80,32,0.9,6,0.001,5,0.3682775481055072,0.24425314654636743,0.8394816774544066,0.369909230474842,0.09454374413481184,0.09262823520460109,0.001915508930210752,0.0019289335407456402,11.78308253277241,11.788078358192644,0.004995825420234468,0.195,0.195,0.0,-10.666251297817952,-10.678219324150923,0.011968026332970894,0.5730228071437911,0.012813179494312687,0.572993028280211,0.001182474581891734,0.002063680574684877,0.018590412645582092,0.002868562948390954,0.0028685629483909524,0.6724389791855976,muon_ns_trajectory
9,5,ns_momentum,"0,1,2,3,4","5,6,7,8,9",80,32,0.9,6,0.001,5,0.3682775481055072,0.24425314654636743,0.8394816774544066,0.3867534284922739,0.09454374413481184,0.09262637634665105,0.0019173677881607898,0.0019289335407456402,11.78308253277241,11.788083105110365,0.005000572337955589,0.195,0.195,0.0,-10.666251297817952,-10.678122404477733,0.01187110665978075,0.612695164046047,0.013700280362923463,0.6126454896057769,0.001563398743345357,0.002551881585468568,0.008978549481102863,0.0031623429752333874,0.003162342975233388,0.6099697458031985,muon_ns_trajectory
10,0,frobenius_grad,"0,1,2,3,4","5,6,7,8,9",80,32,0.9,6,0.001,5,0.6425061369695869,0.06425061369695868,1.0,0.2904275374793417,0.12557312277469634,0.12303276615604264,0.002540356618653705,0.0025881681034719724,11.757396146541543,11.761974863069735,0.004578716528191862,0.185,0.185,0.0,-10.906409487102014,-10.9161906640407,0.009781176938686187,0.5468396839263743,0.01222770706053872,0.5468494148796972,1.989388477745567e-05,3.637909127475647e-05,0.004028238727304925,0.0036468085743523453,0.004028238727304925,0.6425061369695869,muon_ns_trajectory
10,0,polar_grad,"0,1,2,3,4","5,6,7,8,9",80,32,0.9,6,0.001,5,0.6425061369695869,0.06425061369695868,1.0,1.0,0.12557312277469634,0.12304065729576573,0.002532465478930615,0.0025881681034719724,11.757396146541543,11.761413126896612,0.004016980355068256,0.185,0.185,0.0,-10.906409487102014,-10.914747527014907,0.008338039912892725,0.41431575004571153,0.009264381812510226,0.41432736265356457,0.00021177025504927428,0.0005111181981633777,0.013870030239785567,0.0021401921300744317,0.0021401921300744295,1.2093157745524294,muon_ns_trajectory
10,0,polar_momentum,"0,1,2,3,4","5,6,7,8,9",80,32,0.9,6,0.001,5,0.6425061369695869,0.06425061369695868,1.0,0.7002778667244826,0.12557312277469634,0.12304065729576576,0.0025324654789305873,0.0025881681034719724,11.757396146541543,11.76141312689641,0.004016980354867528,0.185,0.185,0.0,-10.906409487102014,-10.914747527014706,0.008338039912691997,0.41426316779819405,0.009263206037711635,0.41427502200937993,0.00021124487459047868,0.0005099145817816062,0.013870030239785568,0.002140192130074431,0.0021401921300744295,1.2093157745524294,muon_ns_trajectory
10,0,ns_momentum,"0,1,2,3,4","5,6,7,8,9",80,32,0.9,6,0.001,5,0.6425061369695869,0.06425061369695868,1.0,0.5166406072052886,0.12557312277469634,0.12303719146602553,0.0025359313086708163,0.0025881681034719724,11.757396146541543,11.76116175118042,0.003765604638877207,0.185,0.185,0.0,-10.906409487102014,-10.914567485215203,0.00815799811318918,0.4299039157548039,0.009612943794210842,0.4299150627773518,0.00010376625244239935,0.00024136454250298908,0.006146366258051342,0.0022818302131801223,0.002281830213180122,1.1342509572019892,muon_ns_trajectory
10,1,frobenius_grad,"0,1,2,3,4","5,6,7,8,9",80,32,0.9,6,0.001,5,0.9737152891253708,0.14983486232562854,0.9797324416906341,0.2974731993319316,0.18544144386414815,0.1817964189978529,0.0036450248662952545,0.0036932742951646565,11.759030717989335,11.76297463222536,0.003943914236025137,0.185,0.185,0.0,-10.909960991155318,-10.918210552803949,0.008249561648630888,0.504080606601336,0.011271585024999167,0.504094585885814,2.4961333438162617e-05,4.9517162328374586e-05,0.003792971453166868,0.00342648617406632,0.0037929714531668695,0.9737152891253709,muon_ns_trajectory
10,1,polar_grad,"0,1,2,3,4","5,6,7,8,9",80,32,0.9,6,0.001,5,0.9737152891253708,0.14983486232562854,0.9797324416906341,1.0,0.18544144386414815,0.18180300118059167,0.003638442683556481,0.0036932742951646565,11.759030717989335,11.763099699324387,0.004068981335052513,0.185,0.185,0.0,-10.909960991155318,-10.917459799972383,0.007498808817064884,0.38899131765041484,0.008698110289235415,0.3889929283736064,0.00018490957346989391,0.0004753545886888165,0.0127506325332338,0.0019674653140136105,0.0019674653140136097,1.8771737772750938,muon_ns_trajectory
10,1,polar_momentum,"0,1,2,3,4","5,6,7,8,9",80,32,0.9,6,0.001,5,0.9737152891253708,0.14983486232562854,0.9797324416906341,0.5459874421145996,0.18544144386414815,0.1817897181436615,0.003651725720486665,0.0036932742951646565,11.759030717989335,11.762633297120392,0.003602579131056771,0.185,0.185,0.0,-10.909960991155318,-10.917372015183837,0.007411024028519009,0.39307723963566316,0.008789474282333171,0.39309789671770257,0.00018806537459062673,0.00047841867423087,0.013003438494385195,0.002006474120709658,0.002006474120709656,1.8406787593444802,muon_ns_trajectory
10,1,ns_momentum,"0,1,2,3,4","5,6,7,8,9",80,32,0.9,6,0.001,5,0.9737152891253708,0.14983486232562854,0.9797324416906341,0.4837833494656621,0.18544144386414815,0.18178824706867971,0.0036531967954684386,0.0036932742951646565,11.759030717989335,11.763201851816461,0.0041711338271266385,0.185,0.185,0.0,-10.909960991155318,-10.918184565437775,0.008223574282457236,0.4032934779281308,0.009017916315296116,0.4033068290575138,0.00012561289847320907,0.0003114574051888816,0.0058453468146167946,0.0021162193837621418,0.0021162193837621413,1.7452227890469851,muon_ns_trajectory
10,2,frobenius_grad,"0,1,2,3,4","5,6,7,8,9",80,32,0.9,6,0.001,5,0.435982793563246,0.16249559400906388,0.7142842804690088,0.33695817717448656,0.10774029735565403,0.10563543124299067,0.0021048661126633617,0.002210624613798271,11.760987519239936,11.766740786301757,0.005753267061820111,0.185,0.185,0.0,-10.913821896756286,-10.925851648534085,0.012029751777799191,0.6144575844057357,0.013739689280215392,0.614464195011533,3.734938103521928e-05,6.0783657271549006e-05,0.005070440041293936,0.004343134221704201,0.005070440041293935,0.43598279356324615,muon_ns_trajectory
10,2,polar_grad,"0,1,2,3,4","5,6,7,8,9",80,32,0.9,6,0.001,5,0.435982793563246,0.16249559400906388,0.7142842804690088,1.0,0.10774029735565403,0.10561650350428693,0.0021237938513671006,0.002210624613798271,11.760987519239936,11.767476624778297,0.006489105538360462,0.185,0.185,0.0,-10.913821896756286,-10.924737724080932,0.010915827324646799,0.4552489490199125,0.010179675966938601,0.4552529908570437,0.00023933191903552063,0.0005257119092945717,0.015047683614065608,0.0023219079908200027,0.002321907990820001,0.9520724432399109,muon_ns_trajectory
10,2,polar_momentum,"0,1,2,3,4","5,6,7,8,9",80,32,0.9,6,0.001,5,0.435982793563246,0.16249559400906388,0.7142842804690088,0.3542426722600779,0.10774029735565403,0.10564468746200212,0.0020956098936519146,0.002210624613798271,11.760987519239936,11.767170012004994,0.006182492765058001,0.185,0.185,0.0,-10.913821896756286,-10.926224378078613,0.012402481322327574,0.5982557166350838,0.01337740450323899,0.5983092727971602,0.00043545990915571617,0.0007278174164339695,0.019930598164994217,0.00307535806360693,0.003075358063606928,0.7188186117116859,muon_ns_trajectory
10,2,ns_momentum,"0,1,2,3,4","5,6,7,8,9",80,32,0.9,6,0.001,5,0.435982793563246,0.16249559400906388,0.7142842804690088,0.38668297674828195,0.10774029735565403,0.10565390008454399,0.002086397271110041,0.002210624613798271,11.760987519239936,11.768478390116238,0.007490870876301514,0.185,0.185,0.0,-10.913821896756286,-10.928383944126745,0.014562047370459297,0.6403020367396894,0.014317588802815131,0.6403310087383213,0.00032319420825312114,0.0005047299035071378,0.00969821889009851,0.003381728154131127,0.003381728154131127,0.65369672340391,muon_ns_trajectory
10,3,frobenius_grad,"0,1,2,3,4","5,6,7,8,9",80,32,0.9,6,0.001,5,0.6030305356728028,0.1942127796475184,0.8524505225888214,0.3194162341294946,0.24537267627754164,0.24055989267925806,0.0048127835982835765,0.004877733384114863,11.763172519508018,11.761737708627972,-0.0014348108800454895,0.185,0.185,0.0,-10.918091459619236,-10.924499060724202,0.006407601104966076,1.0784932381685868,0.024115841938188314,1.078413257949912,0.00014660224544946578,0.00013594254741281647,0.008088700481266276,0.007219421339430516,0.008088700481266278,0.603030535672803,muon_ns_trajectory
10,3,polar_grad,"0,1,2,3,4","5,6,7,8,9",80,32,0.9,6,0.001,5,0.6030305356728028,0.1942127796475184,0.8524505225888214,1.0,0.24537267627754164,0.24053079634555993,0.004841879931981707,0.004877733384114863,11.763172519508018,11.762138687290367,-0.001033832217650854,0.185,0.185,0.0,-10.918091459619236,-10.923484163475042,0.005392703855806147,0.7944539025449543,0.01776452931080512,0.7946013301547316,0.00071742585722355,0.0009028752281145146,0.025323385654803753,0.003907483238918203,0.0039074832389182,1.2483056448030418,muon_ns_trajectory
10,3,polar_momentum,"0,1,2,3,4","5,6,7,8,9",80,32,0.9,6,0.001,5,0.6030305356728028,0.1942127796475184,0.8524505225888214,0.48426095922051166,0.24537267627754164,0.24053670059542187,0.00483597568211977,0.004877733384114863,11.763172519508018,11.768649109292392,0.005476589784374042,0.185,0.185,0.0,-10.918091459619236,-10.93252147757596,0.014430017956724939,0.8846795723694139,0.019782036621234532,0.8849642126194158,0.0009877733603282889,0.0011161732262647854,0.029668014564170894,0.004577874033975705,0.0045778740339757,1.065501878800878,muon_ns_trajectory
10,3,ns_momentum,"0,1,2,3,4","5,6,7,8,9",80,32,0.9,6,0.001,5,0.6030305356728028,0.1942127796475184,0.8524505225888214,0.4408686905239944,0.24537267627754164,0.24055372577957543,0.004818950497966212,0.004877733384114863,11.763172519508018,11.770562987277119,0.007390467769100795,0.185,0.185,0.0,-10.918091459619236,-10.935366257717815,0.01727479809857968,0.913708488541979,0.02043114291998453,0.9138612637212716,0.0006151783954849442,0.0006731638815501585,0.014175453805165262,0.004896066515988753,0.004896066515988753,0.9962555386422917,muon_ns_trajectory
10,4,frobenius_grad,"0,1,2,3,4","5,6,7,8,9",80,32,0.9,6,0.001,5,0.4311153559264909,0.20633103861369387,0.7801374997398123,0.3205652344568015,0.18535199334302274,0.18197773093345032,0.0033742624095724205,0.003706008571706346,11.764639401352051,11.773300417083993,0.008661015731942001,0.185,0.185,0.0,-10.92160056885688,-10.938139513705256,0.016538944848376147,1.1270753136999592,0.025202170171950086,1.1272043032526138,0.00016101761170180288,0.00014284687455253423,0.008596326994063867,0.0075452394833080616,0.008596326994063867,0.4311153559264909,muon_ns_trajectory
10,4,polar_grad,"0,1,2,3,4","5,6,7,8,9",80,32,0.9,6,0.001,5,0.4311153559264909,0.20633103861369387,0.7801374997398123,1.0000000000000002,0.18535199334302274,0.18188168553483844,0.003470307808184303,0.003706008571706346,11.764639401352051,11.771615326709387,0.006975925357336266,0.185,0.185,0.0,-10.92160056885688,-10.934568220150538,0.012967651293658733,0.7872095888523024,0.017602541532134093,0.7874000276279419,0.0007436253431191048,0.000944406041436512,0.026816154935298472,0.0041378225396190415,0.004137822539619038,0.8956422215360527,muon_ns_trajectory
10,4,polar_momentum,"0,1,2,3,4","5,6,7,8,9",80,32,0.9,6,0.001,5,0.4311153559264909,0.20633103861369387,0.7801374997398123,0.38934237389442233,0.18535199334302274,0.18199099693758441,0.003360996405438327,0.003706008571706346,11.764639401352051,11.770727315411664,0.006087914059612842,0.185,0.185,0.0,-10.92160056885688,-10.93752348478484,0.0159229159279608,0.983317601811385,0.021987650011223277,0.9836804076491465,0.0012422321934028135,0.0012628412477702674,0.033163168473335725,0.005117187990792939,0.005117187990792933,0.724227559818861,muon_ns_trajectory
10,4,ns_momentum,"0,1,2,3,4","5,6,7,8,9",80,32,0.9,6,0.001,5,0.4311153559264909,0.20633103861369387,0.7801374997398123,0.4182344085928145,0.18535199334302274,0.18202369878372704,0.0033282945592957025,0.003706008571706346,11.764639401352051,11.772809999273354,0.008170597921303369,0.185,0.185,0.0,-10.92160056885688,-10.940630767743864,0.019030198886984095,1.028628724315808,0.023000837511790384,1.0288432372595713,0.0005999410219876154,0.0005831218987118188,0.016271147544528502,0.0055271818404536216,0.005527181840453621,0.670505997212169,muon_ns_trajectory
10,5,frobenius_grad,"0,1,2,3,4","5,6,7,8,9",80,32,0.9,6,0.001,5,0.3136510644882592,0.21252194411857658,0.8750390212202138,0.35505777522888937,0.13025021084284213,0.12779598498740996,0.002454225855432174,0.0026277413141940053,11.766070652217238,11.777249109195495,0.011178456978257145,0.185,0.185,0.0,-10.924988755386048,-10.946925281744798,0.02193652635875054,1.087855620463675,0.02432519117061989,1.0878744121734834,9.569286440852165e-05,8.79631539612511e-05,0.008377912947565873,0.007189758246686151,0.008377912947565873,0.3136510644882592,muon_ns_trajectory
10,5,polar_grad,"0,1,2,3,4","5,6,7,8,9",80,32,0.9,6,0.001,5,0.3136510644882592,0.21252194411857658,0.8750390212202138,1.0,0.13025021084284213,0.12774394624667365,0.0025062645961684837,0.0026277413141940053,11.766070652217238,11.774740886526159,0.00867023430892111,0.185,0.185,0.0,-10.924988755386048,-10.940717980246315,0.01572922486026762,0.7000382083529944,0.015653330207244565,0.7000184987514996,0.0005893621808647348,0.0008419237233242792,0.023595914614642697,0.0036409286704588545,0.003640928670458852,0.7217228218488667,muon_ns_trajectory
10,5,polar_momentum,"0,1,2,3,4","5,6,7,8,9",80,32,0.9,6,0.001,5,0.3136510644882592,0.21252194411857658,0.8750390212202138,0.3993467732425285,0.13025021084284213,0.127800472386279,0.0024497384565631275,0.0026277413141940053,11.766070652217238,11.771351027790608,0.005280375573370577,0.185,0.185,0.0,-10.924988755386048,-10.938252915596536,0.01326416021048793,0.7896564515970809,0.01765725504642345,0.7898865832223582,0.000802098404738689,0.001015460221474471,0.026803562459199595,0.004135879478372666,0.004135879478372664,0.6353524874056382,muon_ns_trajectory
10,5,ns_momentum,"0,1,2,3,4","5,6,7,8,9",80,32,0.9,6,0.001,5,0.3136510644882592,0.21252194411857658,0.8750390212202138,0.4442453155898485,0.13025021084284213,0.1278228030524501,0.002427407790392022,0.0026277413141940053,11.766070652217238,11.773456430731539,0.007385778514301222,0.185,0.185,0.0,-10.924988755386048,-10.94158591682966,0.01659716144361134,0.8518329473846142,0.019047563758259993,0.8519755216953026,0.0003709667380154745,0.00043541947927952995,0.01381848561750891,0.0046057500593648095,0.0046057500593648095,0.5705349357486419,muon_ns_trajectory
11,0,frobenius_grad,"0,1,2,3,4","5,6,7,8,9",80,32,0.9,6,0.001,5,0.8556921126117313,0.08556921126117312,1.0,0.28162390533586695,0.17519302729998731,0.17168230653752972,0.003510720762457592,0.003539038344919063,12.336867973568351,12.345229381707325,0.008361408138974014,0.2,0.2,0.0,-11.442906104689582,-11.456329379087684,0.01342327439810198,0.5977917107262535,0.013367029015697937,0.5977701692125511,2.618005354400169e-05,4.379618604670244e-05,0.004135878188846757,0.0038093195991147927,0.004135878188846757,0.8556921126117315,muon_ns_trajectory
11,0,polar_grad,"0,1,2,3,4","5,6,7,8,9",80,32,0.9,6,0.001,5,0.8556921126117313,0.08556921126117312,1.0,1.0,0.17519302729998731,0.17169699964349588,0.0034960276564914294,0.003539038344919063,12.336867973568351,12.34412616940738,0.007258195839028758,0.2,0.2,0.0,-11.442906104689582,-11.455158943473414,0.012252838783831876,0.44953530014233833,0.010051914894040394,0.4495207333828765,0.00024247735946800804,0.000539413071435527,0.014685820736397633,0.0022660713365689118,0.00226607133656891,1.5617506332689288,muon_ns_trajectory
11,0,polar_momentum,"0,1,2,3,4","5,6,7,8,9",80,32,0.9,6,0.001,5,0.8556921126117313,0.08556921126117312,1.0,0.7686696645175569,0.17519302729998731,0.17169699964349594,0.003496027656491374,0.003539038344919063,12.336867973568351,12.344126169407367,0.007258195839016324,0.2,0.2,0.0,-11.442906104689582,-11.4551589434734,0.012252838783817666,0.4495317814007665,0.010051836212586897,0.44951720675924883,0.00024272824510269294,0.0005399754257520395,0.014685820736397629,0.0022660713365689105,0.002266071336568909,1.5617506332689293,muon_ns_trajectory
11,0,ns_momentum,"0,1,2,3,4","5,6,7,8,9",80,32,0.9,6,0.001,5,0.8556921126117313,0.08556921126117312,1.0,0.5133359528202585,0.17519302729998731,0.17169532691263106,0.0034977003873562507,0.003539038344919063,12.336867973568351,12.344728259490516,0.007860285922165033,0.2,0.2,0.0,-11.442906104689582,-11.455319118198354,0.012413013508771442,0.46757114972900604,0.010455208751117898,0.46754114477090114,8.497538840172348e-05,0.00018174954087380287,0.006386756768852529,0.0024438254613180933,0.002443825461318093,1.4481551162046817,muon_ns_trajectory
11,1,frobenius_grad,"0,1,2,3,4","5,6,7,8,9",80,32,0.9,6,0.001,5,0.660318653135547,0.13697694393359783,0.9503756648822893,0.31986388093005785,0.14684434523743872,0.14391297740647643,0.0029313678309622893,0.0029860156935052422,12.340064565431048,12.34787860446902,0.00781403903797262,0.2,0.2,0.0,-11.447963525658901,-11.461628986360234,0.013665460701332677,0.6474220303622146,0.01447679670020845,0.647413060890077,2.1233019132444867e-05,3.279671111863772e-05,0.004522082905466989,0.004045689078546306,0.004522082905466988,0.6603186531355469,muon_ns_trajectory
11,1,polar_grad,"0,1,2,3,4","5,6,7,8,9",80,32,0.9,6,0.001,5,0.660318653135547,0.13697694393359783,0.9503756648822893,1.0,0.14684434523743872,0.14392294854056492,0.0029213966968738014,0.0029860156935052422,12.340064565431048,12.34638073159689,0.006316166165841963,0.2,0.2,0.0,-11.447963525658901,-11.45913424153975,0.011170715880849613,0.44780888562153504,0.010013311091781808,0.44776760631494206,0.00022529430432004626,0.0005031500741515971,0.014137522787250228,0.0021814671262381236,0.002181467126238122,1.368810768491635,muon_ns_trajectory
11,1,polar_momentum,"0,1,2,3,4","5,6,7,8,9",80,32,0.9,6,0.001,5,0.660318653135547,0.13697694393359783,0.9503756648822893,0.6038343658397214,0.14684434523743872,0.14389962433930212,0.0029447208981366046,0.0029860156935052422,12.340064565431048,12.346764892653184,0.006700327222135982,0.2,0.2,0.0,-11.447963525658901,-11.459882563083038,0.011919037424137358,0.4640163503365487,0.01037572102023881,0.463999691169986,0.0002458553305344461,0.0005298609788177147,0.014851838327226627,0.0022916884069864633,0.0022916884069864615,1.3029763053310601,muon_ns_trajectory
11,1,ns_momentum,"0,1,2,3,4","5,6,7,8,9",80,32,0.9,6,0.001,5,0.660318653135547,0.13697694393359783,0.9503756648822893,0.4947808873874631,0.14684434523743872,0.14389476291561146,0.0029495823218272654,0.0029860156935052422,12.340064565431048,12.348088525166263,0.008023959735215414,0.2,0.2,0.0,-11.447963525658901,-11.461276044923325,0.013312519264424338,0.4983505226448175,0.011143456452563595,0.4983290475774205,0.00010196473485509346,0.0002046132677811686,0.007086912758036485,0.002539688565809096,0.0025396885658090958,1.1757408895346013,muon_ns_trajectory
11,2,frobenius_grad,"0,1,2,3,4","5,6,7,8,9",80,32,0.9,6,0.001,5,0.6004944959680889,0.15607719507997786,0.6811661065814558,0.31247852624297917,0.19909027192418213,0.19522534894318072,0.003864922981001412,0.003996798966231312,12.343203894096902,12.345432028117632,0.0022281340207293,0.2,0.2,0.0,-11.453119820334791,-11.461243530630481,0.008123710295690145,0.9119568279145818,0.02039197459762082,0.9120684492447938,0.0001315121959995328,0.0001441911471758801,0.006655846128594169,0.005891395194031005,0.006655846128594169,0.600494495968089,muon_ns_trajectory
11,2,polar_grad,"0,1,2,3,4","5,6,7,8,9",80,32,0.9,6,0.001,5,0.6004944959680889,0.15607719507997786,0.6811661065814558,1.0000000000000002,0.19909027192418213,0.19524571344002667,0.0038445584841554636,0.003996798966231312,12.343203894096902,12.346037633352452,0.002833739255549972,0.2,0.2,0.0,-11.453119820334791,-11.4615877684416,0.00846794810680862,0.6746518736864037,0.015085674507104007,0.6747063682245319,0.0006573036685195311,0.0009742070024464191,0.02130017127454921,0.0032866877824292645,0.0032866877824292615,1.2160567814193755,muon_ns_trajectory
11,2,polar_momentum,"0,1,2,3,4","5,6,7,8,9",80,32,0.9,6,0.001,5,0.6004944959680889,0.15607719507997786,0.6811661065814558,0.43900374054454133,0.19909027192418213,0.19524551888617847,0.003844753038003662,0.003996798966231312,12.343203894096902,12.352457610119945,0.009253716023042813,0.2,0.195,0.0050000000000000044,-11.453119820334791,-11.472213391395695,0.01909357106090326,0.8611184385465535,0.019255193652685697,0.8611915351779232,0.0011633179674702396,0.0013508237365917638,0.02801856220251772,0.004323358008969737,0.004323358008969734,0.9244663425834954,muon_ns_trajectory
11,2,ns_momentum,"0,1,2,3,4","5,6,7,8,9",80,32,0.9,6,0.001,5,0.6004944959680889,0.15607719507997786,0.6811661065814558,0.4010851607070627,0.19909027192418213,0.19522407004893796,0.0038662018752441685,0.003996798966231312,12.343203894096902,12.354148148927207,0.0109442548303047,0.2,0.2,0.0,-11.453119820334791,-11.474342516532976,0.021222696198185176,0.9278369798108673,0.020747065588951993,0.9279227909765476,0.00032742785031847344,0.00035286109308069457,0.013683405573534476,0.004796898400438266,0.004796898400438266,0.8332048404164965,muon_ns_trajectory
11,3,frobenius_grad,"0,1,2,3,4","5,6,7,8,9",80,32,0.9,6,0.001,5,0.4726184334162498,0.16936780727722286,0.6988115463996278,0.35992624619545965,0.19205081721300035,0.18822506623737778,0.0038257509756225716,0.0038946705908604537,12.345439979560613,12.353347648316344,0.007907668755731123,0.2,0.2,0.0,-11.45739766362383,-11.47131306737912,0.013915403755289546,1.1452857351421535,0.025609367574386758,1.1451626254300085,0.00025463515419434454,0.00022235719935299937,0.008240623546374238,0.006784666586955689,0.008240623546374238,0.4726184334162499,muon_ns_trajectory
11,3,polar_grad,"0,1,2,3,4","5,6,7,8,9",80,32,0.9,6,0.001,5,0.4726184334162498,0.16936780727722286,0.6988115463996278,1.0,0.19205081721300035,0.1882364216658249,0.003814395547175442,0.0038946705908604537,12.345439979560613,12.35218693704739,0.006746957486777561,0.2,0.2,0.0,-11.45739766362383,-11.469578140940516,0.012180477316686478,0.7743523236650275,0.017315044342499208,0.7742303061831395,0.0005708317899024273,0.0007372893896604978,0.0228953115630782,0.0035328232726087876,0.0035328232726087845,1.102424404033227,muon_ns_trajectory
11,3,polar_momentum,"0,1,2,3,4","5,6,7,8,9",80,32,0.9,6,0.001,5,0.4726184334162498,0.16936780727722286,0.6988115463996278,0.42289500913745315,0.19205081721300035,0.18828967617925818,0.0037611410337421713,0.0038946705908604537,12.345439979560613,12.355968133886698,0.010528154326085115,0.2,0.195,0.0050000000000000044,-11.45739766362383,-11.477394864677647,0.019997201053817193,0.8870808332467974,0.019835730446769943,0.8870761855454732,0.0012344149804713192,0.0013915546382436853,0.02805890694809608,0.004329583338365843,0.00432958333836584,0.8995485908190093,muon_ns_trajectory
11,3,ns_momentum,"0,1,2,3,4","5,6,7,8,9",80,32,0.9,6,0.001,5,0.4726184334162498,0.16936780727722286,0.6988115463996278,0.4430441466999385,0.19205081721300035,0.18829144938290768,0.0037593678300926747,0.0038946705908604537,12.345439979560613,12.35813147900086,0.012691499440247611,0.2,0.195,0.0050000000000000044,-11.45739766362383,-11.480821371216184,0.023423707592353793,0.9710857384443704,0.021714137231421935,0.971102057361936,0.0004383464897282455,0.0004513907538400683,0.014384828580915214,0.004876748651905622,0.004876748651905622,0.7986203244939813,muon_ns_trajectory
11,4,frobenius_grad,"0,1,2,3,4","5,6,7,8,9",80,32,0.9,6,0.001,5,0.4398051938375022,0.1781693250014034,0.6663734039889612,0.3423037232860842,0.10322690488851095,0.10115570143983763,0.0020712034486733283,0.0020654610556862306,12.347995515547161,12.34938657909884,0.0013910635516793945,0.2,0.2,0.0,-11.4621278716149,-11.465578327158953,0.0034504555440530993,0.6012620268757829,0.013444627643835557,0.6012451109239181,5.017672249132156e-05,8.345468691498592e-05,0.004696308921829991,0.003954684850788175,0.004696308921829992,0.43980519383750216,muon_ns_trajectory
11,4,polar_grad,"0,1,2,3,4","5,6,7,8,9",80,32,0.9,6,0.001,5,0.4398051938375022,0.1781693250014034,0.6663734039889612,0.9999999999999998,0.10322690488851095,0.1011543937826591,0.002072511105851854,0.0020654610556862306,12.347995515547161,12.348355123185808,0.0003596076386465086,0.2,0.2,0.0,-11.4621278716149,-11.465636605564983,0.0035087339500829984,0.4320489342570696,0.009660907866051453,0.43205234844227425,0.00019289273515636423,0.00044645686072954257,0.013719713232289309,0.0021169977122614835,0.0021169977122614822,0.9756557806951063,muon_ns_trajectory
11,4,polar_momentum,"0,1,2,3,4","5,6,7,8,9",80,32,0.9,6,0.001,5,0.4398051938375022,0.1781693250014034,0.6663734039889612,0.4119375696046421,0.10322690488851095,0.10117793480018042,0.0020489700883305345,0.0020654610556862306,12.347995515547161,12.354477871594991,0.0064823560478295406,0.2,0.2,0.0,-11.4621278716149,-11.474697295442088,0.01256942382718762,0.587790835241485,0.013143402641513403,0.5877850749017772,0.0006739507454544946,0.0011465938388570281,0.018496030496697215,0.0028539994666413964,0.0028539994666413942,0.7237075829298871,muon_ns_trajectory
11,4,ns_momentum,"0,1,2,3,4","5,6,7,8,9",80,32,0.9,6,0.001,5,0.4398051938375022,0.1781693250014034,0.6663734039889612,0.3672745983700074,0.10322690488851095,0.10118280789380646,0.0020440969947044946,0.0020654610556862306,12.347995515547161,12.356070171837692,0.008074656290530058,0.2,0.195,0.0050000000000000044,-11.4621278716149,-11.476939699196798,0.01481182758189803,0.6364027802252828,0.014230398776535912,0.6363882366052793,0.00026271285683120794,0.0004128185307645087,0.0096956913286444,0.003155735891154213,0.0031557358911542136,0.6545101133069745,muon_ns_trajectory
11,5,frobenius_grad,"0,1,2,3,4","5,6,7,8,9",80,32,0.9,6,0.001,5,0.6089823744546273,0.18488113274023124,0.540758901963095,0.3281686633698861,0.11427428109271147,0.11212110960289917,0.0021531714898122972,0.0022575857116951484,12.35052866190246,12.346172278313523,-0.004356383588937973,0.2,0.2,0.0,-11.466794649447234,-11.461476130267096,-0.005318519180137926,0.4975960766654189,0.011126586527610737,0.4975852512596248,5.6987385604472305e-05,0.0001145278833329769,0.0037071445847951254,0.003034860969551104,0.0037071445847951245,0.6089823744546273,muon_ns_trajectory
11,5,polar_grad,"0,1,2,3,4","5,6,7,8,9",80,32,0.9,6,0.001,5,0.6089823744546273,0.18488113274023124,0.540758901963095,1.0,0.11427428109271147,0.11209641294148878,0.0021778681512226866,0.0022575857116951484,12.35052866190246,12.346369519746863,-0.004159142155597095,0.2,0.2,0.0,-11.466794649447234,-11.462342321536488,-0.004452327910746234,0.37984876961955055,0.008493676700389724,0.3798372703996947,0.0009230355376280902,0.002430081536382144,0.01129646123650972,0.0017430818115103657,0.0017430818115103646,1.295169106112679,muon_ns_trajectory
11,5,polar_momentum,"0,1,2,3,4","5,6,7,8,9",80,32,0.9,6,0.001,5,0.6089823744546273,0.18488113274023124,0.540758901963095,0.2779262367070668,0.11427428109271147,0.11214366084958466,0.00213062024312681,0.0022575857116951484,12.35052866190246,12.354855964892403,0.004327302989942439,0.2,0.195,0.0050000000000000044,-11.466794649447234,-11.476204142019396,0.009409492572162392,0.5644148259114606,0.012620699182467351,0.5644632388090647,0.0008461928336623287,0.0014991106160388273,0.01804997158658475,0.0027851710825306047,0.0027851710825306025,0.8105734422762674,muon_ns_trajectory
11,5,ns_momentum,"0,1,2,3,4","5,6,7,8,9",80,32,0.9,6,0.001,5,0.6089823744546273,0.18488113274023124,0.540758901963095,0.31163615454238985,0.11427428109271147,0.11214539327623364,0.0021288878164778258,0.0022575857116951484,12.35052866190246,12.355646603052733,0.005117941150272642,0.2,0.195,0.0050000000000000044,-11.466794649447234,-11.477123240399242,0.010328590952008554,0.5866311233579901,0.013117470695455309,0.5866602483959826,0.0002249526525299208,0.00038344621634919904,0.009435072927914314,0.002938430081513128,0.0029384300815131275,0.7682965560074234,muon_ns_trajectory
12,0,frobenius_grad,"0,1,2,3,4","5,6,7,8,9",80,32,0.9,6,0.001,5,0.4714040239081197,0.04714040239081196,1.0,0.31572863537809737,0.10421533624727444,0.1021730869755587,0.002042249271715743,0.002065363562760154,11.692237031888524,11.69365826310634,0.001421231217815233,0.19,0.19,0.0,-10.682582505466309,-10.683772634812524,0.0011901293462148743,0.6182953736640415,0.013825504856864304,0.6182574413053297,0.00010478193110963148,0.0001694794499980541,0.004381302360632182,0.003668348407682013,0.004381302360632182,0.47140402390811964,muon_ns_trajectory
12,0,polar_grad,"0,1,2,3,4","5,6,7,8,9",80,32,0.9,6,0.001,5,0.4714040239081197,0.04714040239081196,1.0,1.0,0.10421533624727444,0.10217024118720773,0.0020450950600667123,0.002065363562760154,11.692237031888524,11.694568776365724,0.0023317444771997486,0.19,0.19,0.0,-10.682582505466309,-10.686369485122272,0.0037869796559633073,0.45951227060911687,0.010275006735772644,0.4594947117783972,0.00021967090535101775,0.0004780705843181924,0.013876797571387219,0.002141236352010871,0.0021412363520108687,0.9645658970905004,muon_ns_trajectory
12,0,polar_momentum,"0,1,2,3,4","5,6,7,8,9",80,32,0.9,6,0.001,5,0.4714040239081197,0.04714040239081196,1.0,0.7148000892003139,0.10421533624727444,0.10217024118720776,0.0020450950600666845,0.002065363562760154,11.692237031888524,11.694568776365658,0.0023317444771340234,0.19,0.19,0.0,-10.682582505466309,-10.686369485122214,0.0037869796559046875,0.4595264540362079,0.010275323886843934,0.4595089069131997,0.00021962173155443333,0.0004779488019715784,0.013876797571387224,0.0021412363520108705,0.002141236352010869,0.9645658970905002,muon_ns_trajectory
12,0,ns_momentum,"0,1,2,3,4","5,6,7,8,9",80,32,0.9,6,0.001,5,0.4714040239081197,0.04714040239081196,1.0,0.5049908536837052,0.10421533624727444,0.1021681422525417,0.0020471939947327433,0.002065363562760154,11.692237031888524,11.693766318776042,0.0015292868875178556,0.19,0.19,0.0,-10.682582505466309,-10.684956194899112,0.0023736894328028058,0.48585860279551146,0.010864128633038332,0.48584273344853124,0.00021859917946248202,0.0004499381474965289,0.005828634172679681,0.002327753101551974,0.002327753101551974,0.8872777621402897,muon_ns_trajectory
12,1,frobenius_grad,"0,1,2,3,4","5,6,7,8,9",80,32,0.9,6,0.001,5,0.40248336144933305,0.07921565917621957,0.9558473049015513,0.3415736715574164,0.12501274500834514,0.1224725704373956,0.002540174570949544,0.0026204622477294733,11.69287851732368,11.698329585913596,0.00545106858991673,0.19,0.19,0.0,-10.683603287086084,-10.692593449277952,0.008990162191867768,0.8583514077693967,0.019193320963550115,0.8583120651427563,0.0001580522649524526,0.00018414312389534573,0.00651073435257858,0.005363276822859673,0.006510734352578579,0.402483361449333,muon_ns_trajectory
12,1,polar_grad,"0,1,2,3,4","5,6,7,8,9",80,32,0.9,6,0.001,5,0.40248336144933305,0.07921565917621957,0.9558473049015513,1.0,0.12501274500834514,0.12248308478464039,0.002529660223704752,0.0026204622477294733,11.69287851732368,11.698417417524848,0.0055389002011683175,0.19,0.19,0.0,-10.683603287086084,-10.691608089061322,0.008004801975237896,0.607635098951928,0.013587133867713224,0.6075746879104585,0.0009356794221965916,0.0015400237054221844,0.01906099589846217,0.002941175520746409,0.002941175520746406,0.8909574519593639,muon_ns_trajectory
12,1,polar_momentum,"0,1,2,3,4","5,6,7,8,9",80,32,0.9,6,0.001,5,0.40248336144933305,0.07921565917621957,0.9558473049015513,0.5914924084544998,0.12501274500834514,0.12248367583743705,0.002529069170908088,0.0026204622477294733,11.69287851732368,11.69803422376657,0.005155706442890207,0.19,0.19,0.0,-10.683603287086084,-10.691278249106276,0.007674962020191245,0.648766933112244,0.014506869639930371,0.6486930611362937,0.0004483218887239555,0.0006911155916153091,0.019969799371385315,0.0030814069410756337,0.0030814069410756324,0.8504109641600092,muon_ns_trajectory
12,1,ns_momentum,"0,1,2,3,4","5,6,7,8,9",80,32,0.9,6,0.001,5,0.40248336144933305,0.07921565917621957,0.9558473049015513,0.47224032780732544,0.12501274500834514,0.12248714424183055,0.0025256007665145908,0.0026204622477294733,11.69287851732368,11.696489436753923,0.003610919430244053,0.19,0.19,0.0,-10.683603287086084,-10.68948057967111,0.005877292585026339,0.6982493909549136,0.01561333103423013,0.698210712660707,0.00041438252249363476,0.0005934920719198453,0.008877353456886825,0.0033973913705557125,0.003397391370555712,0.7713159780295915,muon_ns_trajectory
12,2,frobenius_grad,"0,1,2,3,4","5,6,7,8,9",80,32,0.9,6,0.001,5,0.4842640524608882,0.11326118698088591,0.9198426871943688,0.3026032098879196,0.09425306328030923,0.09235618003154156,0.0018968832487676751,0.0019503107359475928,11.693912173006815,11.693585408033226,-0.00032676497358963275,0.19,0.19,0.0,-10.685334908951745,-10.683418347188812,-0.0019165617629326448,0.5253393819226923,0.011746945692368645,0.5253225496497018,3.254643608916373e-05,6.195514757717236e-05,0.004027370452208221,0.0036192412569650326,0.00402737045220822,0.4842640524608882,muon_ns_trajectory
12,2,polar_grad,"0,1,2,3,4","5,6,7,8,9",80,32,0.9,6,0.001,5,0.4842640524608882,0.11326118698088591,0.9198426871943688,1.0000000000000002,0.09425306328030923,0.09236692395133006,0.0018861393289791722,0.0019503107359475928,11.693912173006815,11.695190150850813,0.0012779778439977463,0.19,0.19,0.0,-10.685334908951745,-10.686744147126383,0.0014092381746380056,0.40784507646921403,0.009119693152737628,0.4078215090519688,0.0004814695072335002,0.0011805888030592972,0.013309080408300719,0.0020536356919156483,0.002053635691915647,0.94968681330637,muon_ns_trajectory
12,2,polar_momentum,"0,1,2,3,4","5,6,7,8,9",80,32,0.9,6,0.001,5,0.4842640524608882,0.11326118698088591,0.9198426871943688,0.41501117320897896,0.09425306328030923,0.09237458899243216,0.0018784742878770744,0.0019503107359475928,11.693912173006815,11.696482406808336,0.0025702338015207715,0.19,0.19,0.0,-10.685334908951745,-10.689043152203304,0.0037082432515589403,0.460113269096201,0.010288445470487587,0.4600814846494497,0.0002340675550337782,0.0005087523902686967,0.014320364643919009,0.002209680237235404,0.0022096802372354027,0.8826212512936646,muon_ns_trajectory
12,2,ns_momentum,"0,1,2,3,4","5,6,7,8,9",80,32,0.9,6,0.001,5,0.4842640524608882,0.11326118698088591,0.9198426871943688,0.4466214887023994,0.09425306328030923,0.09237475312328025,0.0018783101570289812,0.0019503107359475928,11.693912173006815,11.69587337959078,0.0019612065839655912,0.19,0.19,0.0,-10.685334908951745,-10.688252108855622,0.0029171999038766216,0.48240698443680113,0.010786948100213703,0.4823935444138205,0.00020627021347460143,0.0004275973753447515,0.006279619552816915,0.002388103401061571,0.0023881034010615706,0.8166776761343885,muon_ns_trajectory
12,3,frobenius_grad,"0,1,2,3,4","5,6,7,8,9",80,32,0.9,6,0.001,5,0.5837084506197254,0.14989889899760062,0.8849464757685936,0.2671845866251395,0.09284380294748477,0.09101826492046117,0.0018255380270236071,0.0019076152003021747,11.694715493253463,11.69154221224101,-0.0031732810124527333,0.19,0.19,0.0,-10.686557227231113,-10.680798234954084,-0.005758992277028696,0.4464287486506992,0.009982450290931309,0.4463921245120117,4.3466589735680923e-05,9.737311065511709e-05,0.0032680959103416323,0.002977737741489889,0.0032680959103416314,0.5837084506197254,muon_ns_trajectory
12,3,polar_grad,"0,1,2,3,4","5,6,7,8,9",80,32,0.9,6,0.001,5,0.5837084506197254,0.14989889899760062,0.8849464757685936,1.0,0.09284380294748477,0.09100069155456476,0.0018431113929200105,0.0019076152003021747,11.694715493253463,11.693418163384486,-0.0012973298689775703,0.19,0.19,0.0,-10.686557227231113,-10.68486315914122,-0.0016940680898933635,0.40241233292311507,0.008998213314003616,0.4024242277962102,0.00017105779215174634,0.0004250683242619551,0.012231603445474103,0.0018873773870445223,0.0018873773870445203,1.0107227168220687,muon_ns_trajectory
12,3,polar_momentum,"0,1,2,3,4","5,6,7,8,9",80,32,0.9,6,0.001,5,0.5837084506197254,0.14989889899760062,0.8849464757685936,0.40116117651660976,0.09284380294748477,0.09099906972555652,0.0018447332219282547,0.0019076152003021747,11.694715493253463,11.695979727357088,0.0012642341036244176,0.19,0.19,0.0,-10.686557227231113,-10.688441711794772,0.0018844845636589724,0.44187451889774443,0.00988061461780372,0.44186375691412355,0.000209535395074821,0.00047420815080686585,0.013542452279371302,0.0020896457534087614,0.00208964575340876,0.9128892766586654,muon_ns_trajectory
12,3,ns_momentum,"0,1,2,3,4","5,6,7,8,9",80,32,0.9,6,0.001,5,0.5837084506197254,0.14989889899760062,0.8849464757685936,0.41733915672497074,0.09284380294748477,0.09100882264530312,0.0018349803021816546,0.0019076152003021747,11.694715493253463,11.695378661077271,0.0006631678238075978,0.19,0.19,0.0,-10.686557227231113,-10.687388350489991,0.0008311232588784634,0.46209620047687466,0.010332785164106625,0.46210189850236594,0.00020685372040989058,0.00044763659504599827,0.005746661212033744,0.0022593239193811707,0.0022593239193811703,0.8443301042130653,muon_ns_trajectory
12,4,frobenius_grad,"0,1,2,3,4","5,6,7,8,9",80,32,0.9,6,0.001,5,0.3623238798923033,0.15942690171147733,0.7382847934342753,0.33641957671033507,0.09641914098874839,0.0945633569447852,0.0018557840439631934,0.0019749117821249436,11.69499443134632,11.688544093711592,-0.006450337634728243,0.19,0.19,0.0,-10.686924717425686,-10.678913686013468,-0.008011031412218372,0.7125711447297668,0.015933575184205996,0.7125154198028116,0.00010241534304914431,0.00014373772160255523,0.0054506807078571915,0.0046120802661437565,0.005450680707857192,0.3623238798923032,muon_ns_trajectory
12,4,polar_grad,"0,1,2,3,4","5,6,7,8,9",80,32,0.9,6,0.001,5,0.3623238798923033,0.15942690171147733,0.7382847934342753,1.0,0.09641914098874839,0.09453426535296287,0.0018848756357855156,0.0019749117821249436,11.69499443134632,11.690043272446003,-0.004951158900317054,0.19,0.19,0.0,-10.686924717425686,-10.681301225753245,-0.005623491672441361,0.5181233737088702,0.011585590843445612,0.5181309568693332,0.0003018266490588158,0.0005825296579122045,0.01620203188279484,0.0025000277957078648,0.002500027795707863,0.7899559298962766,muon_ns_trajectory
12,4,polar_momentum,"0,1,2,3,4","5,6,7,8,9",80,32,0.9,6,0.001,5,0.3623238798923033,0.15942690171147733,0.7382847934342753,0.370787070047217,0.09641914098874839,0.09445736307590169,0.001961777912846699,0.0019749117821249436,11.69499443134632,11.696029983605202,0.0010355522588820776,0.19,0.19,0.0,-10.686924717425686,-10.688646352850418,0.0017216354247313603,0.7026765966662664,0.01571232636343974,0.7026420391874542,0.0009161387239700492,0.001303848436153188,0.0216133582383324,0.003335013580105469,0.0033350135801054662,0.5921750345803657,muon_ns_trajectory
12,4,ns_momentum,"0,1,2,3,4","5,6,7,8,9",80,32,0.9,6,0.001,5,0.3623238798923033,0.15942690171147733,0.7382847934342753,0.38495313675973575,0.09641914098874839,0.09446147024788687,0.0019576707408615196,0.0019749117821249436,11.69499443134632,11.694360570024724,-0.0006338613215959299,0.19,0.19,0.0,-10.686924717425686,-10.68647361135951,-0.0004511060661762656,0.7679377034443501,0.017171609073866407,0.767970363982551,0.0005901707828518855,0.0007684811947577898,0.00980885828664803,0.0037590906609284757,0.0037590906609284757,0.5253695535071641,muon_ns_trajectory
12,5,frobenius_grad,"0,1,2,3,4","5,6,7,8,9",80,32,0.9,6,0.001,5,0.38134325216020387,0.16018280238791544,0.5340981760410448,0.3324675569956391,0.1183283099826218,0.11589132862202989,0.0024369813605919083,0.0023625372912215756,11.694796940879478,11.69663616992689,0.0018392290474125161,0.19,0.19,0.0,-10.686767462284992,-10.694819519767156,0.008052057482164088,0.8099606779527062,0.01811127135004066,0.8099077317096087,8.29167505546912e-05,0.0001023780207402945,0.006195303779045404,0.005477135030236607,0.006195303779045404,0.38134325216020387,muon_ns_trajectory
12,5,polar_grad,"0,1,2,3,4","5,6,7,8,9",80,32,0.9,6,0.001,5,0.38134325216020387,0.16018280238791544,0.5340981760410448,1.0,0.1183283099826218,0.11593689320048416,0.0023914167821376398,0.0023625372912215756,11.694796940879478,11.698540586802032,0.003743645922554606,0.19,0.19,0.0,-10.686767462284992,-10.695465851355268,0.008698389070275425,0.5694126886229537,0.01273245479011846,0.5694107462876186,0.0003844075383383731,0.0006750970908866596,0.0186343107731461,0.0028753365765311436,0.002875336576531142,0.821655909956734,muon_ns_trajectory
12,5,polar_momentum,"0,1,2,3,4","5,6,7,8,9",80,32,0.9,6,0.001,5,0.38134325216020387,0.16018280238791544,0.5340981760410448,0.3890886506609919,0.1183283099826218,0.11598111614376207,0.002347193838859729,0.0023625372912215756,11.694796940879478,11.696755980725346,0.0019590398458682046,0.19,0.19,0.0,-10.686767462284992,-10.690640963591441,0.0038735013064492563,0.8133814223058013,0.018187761519112357,0.8133214567277014,0.002558395627146201,0.003145614327500458,0.02519916017246577,0.0038883148308427955,0.0038883148308427947,0.6075992798940857,muon_ns_trajectory
12,5,ns_momentum,"0,1,2,3,4","5,6,7,8,9",80,32,0.9,6,0.001,5,0.38134325216020387,0.16018280238791544,0.5340981760410448,0.3961557096034861,0.1183283099826218,0.11599774802383435,0.002330561958787447,0.0023625372912215756,11.694796940879478,11.695074444817056,0.00027750393757841607,0.19,0.19,0.0,-10.686767462284992,-10.688849591296853,0.002082129011860445,0.9082959365558748,0.020310114578257724,0.9083157618582202,0.0011850142063697486,0.0013046280336977336,0.012496891385247686,0.004448621154871567,0.004448621154871565,0.5310718105618917,muon_ns_trajectory
13,0,frobenius_grad,"0,1,2,3,4","5,6,7,8,9",80,32,0.9,6,0.001,5,0.6115355974564473,0.061153559745644716,0.9999999999999998,0.31066777663548145,0.16617484998110962,0.16287608992367428,0.003298760057435346,0.0034099105741242446,11.798497151250212,11.800850108558228,0.0023529573080161015,0.175,0.175,0.0,-10.978011469887065,-10.979775378673748,0.0017639087866836434,0.7300508908466177,0.01632443418967316,0.730017010858266,7.0461327672132e-05,9.652011750971675e-05,0.005575980512511528,0.0050270157440004196,0.005575980512511529,0.6115355974564471,muon_ns_trajectory
13,0,polar_grad,"0,1,2,3,4","5,6,7,8,9",80,32,0.9,6,0.001,5,0.6115355974564473,0.061153559745644716,0.9999999999999998,1.0,0.16617484998110962,0.16284806014110617,0.0033267898400034523,0.0034099105741242446,11.798497151250212,11.804035035708655,0.005537884458442832,0.175,0.175,0.0,-10.978011469887065,-10.985394763364624,0.007383293477559505,0.5696531737854073,0.01273783220182672,0.5695837509753094,0.000367957431693828,0.0006460111108573011,0.017948370999075466,0.0027694937715198042,0.002769493771519803,1.2312396616270427,muon_ns_trajectory
13,0,polar_momentum,"0,1,2,3,4","5,6,7,8,9",80,32,0.9,6,0.001,5,0.6115355974564473,0.061153559745644716,0.9999999999999998,0.5710286349046291,0.16617484998110962,0.16284806014110617,0.0033267898400034523,0.0034099105741242446,11.798497151250212,11.804035035708724,0.00553788445851211,0.175,0.175,0.0,-10.978011469887065,-10.985394763364694,0.007383293477628783,0.569825474819068,0.012741684970065302,0.5697565510020379,0.00036687733913184423,0.000643919474882057,0.017948370999075463,0.0027694937715198047,0.0027694937715198025,1.231239661627043,muon_ns_trajectory
13,0,ns_momentum,"0,1,2,3,4","5,6,7,8,9",80,32,0.9,6,0.001,5,0.6115355974564473,0.061153559745644716,0.9999999999999998,0.5124085137407622,0.16617484998110962,0.1628463059485538,0.0033285440325558358,0.0034099105741242446,11.798497151250212,11.803726909280472,0.005229758030260712,0.175,0.175,0.0,-10.978011469887065,-10.984822366702945,0.006810896815879985,0.5819409783972003,0.013012595865888764,0.5819097177181809,0.000332948094552294,0.0005721645203965143,0.008290132861062454,0.0029315058320178496,0.002931505832017849,1.163194197630879,muon_ns_trajectory
13,1,frobenius_grad,"0,1,2,3,4","5,6,7,8,9",80,32,0.9,6,0.001,5,0.508695748906928,0.10273131517057198,0.9675114451141115,0.3435768003006406,0.2072166219784749,0.20311567732446606,0.004100944654008842,0.004260664732583888,11.800264876756641,11.811006652710113,0.010741775953471588,0.175,0.175,0.0,-10.98029785783177,-10.995187782583452,0.014889924751681605,1.1463550980362365,0.025633279255624607,1.1462894859636426,0.00014619894415205054,0.00012754103212344006,0.008375664120919214,0.007162343356889524,0.008375664120919215,0.508695748906928,muon_ns_trajectory
13,1,polar_grad,"0,1,2,3,4","5,6,7,8,9",80,32,0.9,6,0.001,5,0.508695748906928,0.10273131517057198,0.9675114451141115,1.0,0.2072166219784749,0.20305579051970035,0.00416083145877455,0.004260664732583888,11.800264876756641,11.809150519621427,0.008885642864786547,0.175,0.175,0.0,-10.98029785783177,-10.992649530042641,0.012351672210870746,0.7842694766322025,0.017536798624277886,0.7841130659271128,0.0006826705627836067,0.0008706277097633064,0.024377851221590766,0.0037615841083689307,0.003761584108368929,1.1326783104768503,muon_ns_trajectory
13,1,polar_momentum,"0,1,2,3,4","5,6,7,8,9",80,32,0.9,6,0.001,5,0.508695748906928,0.10273131517057198,0.9675114451141115,0.5067505759864592,0.2072166219784749,0.20305443744308932,0.004162184535385582,0.004260664732583888,11.800264876756641,11.808845772769521,0.008580896012880146,0.175,0.175,0.0,-10.98029785783177,-10.992159282261955,0.011861424430184897,0.803312459963738,0.01796261267651497,0.8031525366800958,0.0007211218801947183,0.0008978641631084693,0.025014336582121443,0.003859795931700645,0.0038597959317006425,1.103857511634461,muon_ns_trajectory
13,1,ns_momentum,"0,1,2,3,4","5,6,7,8,9",80,32,0.9,6,0.001,5,0.508695748906928,0.10273131517057198,0.9675114451141115,0.49842136542693577,0.2072166219784749,0.20305926640503455,0.004157355573440352,0.004260664732583888,11.800264876756641,11.809601708153766,0.009336831397124712,0.175,0.175,0.0,-10.98029785783177,-10.99277819334118,0.012480335509410523,0.8413312882429523,0.018812739521087123,0.8412231479249068,0.0006138998136078709,0.0007297704718685078,0.011796786574551903,0.004118113042203788,0.004118113042203788,1.0346157788577397,muon_ns_trajectory
13,2,frobenius_grad,"0,1,2,3,4","5,6,7,8,9",80,32,0.9,6,0.001,5,0.9599478170362833,0.169367397678992,0.90266638773924,0.25334960363686154,0.20474304184672573,0.20081365404413296,0.003929387802592776,0.004001118520669117,11.802501865039996,11.798594582146652,-0.003907282893344188,0.175,0.175,0.0,-10.983279558116676,-10.976911689315799,-0.006367868800877474,0.5688646637347928,0.012720200581085568,0.5687985999035435,7.303409421355741e-05,0.00012840062233968662,0.004168058356569903,0.003962697235929999,0.004168058356569903,0.9599478170362834,muon_ns_trajectory
13,2,polar_grad,"0,1,2,3,4","5,6,7,8,9",80,32,0.9,6,0.001,5,0.9599478170362833,0.169367397678992,0.90266638773924,0.9999999999999998,0.20474304184672573,0.2007877649758623,0.0039552768708634445,0.004001118520669117,11.802501865039996,11.799800491070396,-0.0027013739696002403,0.175,0.175,0.0,-10.983279558116676,-10.980773808358427,-0.0025057497582494648,0.5209437583282327,0.011648656560761507,0.5209101365787118,0.0011775539905417233,0.0022605703130981207,0.01645180531856756,0.0025385686735791375,0.002538568673579136,1.576131684878915,muon_ns_trajectory
13,2,polar_momentum,"0,1,2,3,4","5,6,7,8,9",80,32,0.9,6,0.001,5,0.9599478170362833,0.169367397678992,0.90266638773924,0.4009518916554717,0.20474304184672573,0.2007957423415931,0.003947299505132645,0.004001118520669117,11.802501865039996,11.805475925192045,0.0029740601520487076,0.175,0.175,0.0,-10.983279558116676,-10.98766867600523,0.004389117888553784,0.5865046212870137,0.013114642023155324,0.586464659411796,0.0003968137235509407,0.0006766200097187976,0.018493279076693687,0.002853574913317699,0.0028535749133176973,1.4021424501581536,muon_ns_trajectory
13,2,ns_momentum,"0,1,2,3,4","5,6,7,8,9",80,32,0.9,6,0.001,5,0.9599478170362833,0.169367397678992,0.90266638773924,0.4154007561394236,0.20474304184672573,0.20080513453615165,0.003937907310574085,0.004001118520669117,11.802501865039996,11.805294592190704,0.0027927271507071083,0.175,0.175,0.0,-10.983279558116676,-10.987321617133766,0.004042059017089983,0.5962225113011035,0.013331940649849034,0.5962009500386107,0.00035966416732660005,0.0006032599701548744,0.008042522334096585,0.0029937450170894678,0.0029937450170894678,1.3364927533337565,muon_ns_trajectory
13,3,frobenius_grad,"0,1,2,3,4","5,6,7,8,9",80,32,0.9,6,0.001,5,0.8245426791631482,0.20932946532582863,0.7932287031667126,0.30379961427471475,0.25094983948251776,0.24595703831933077,0.004992801163186983,0.005139180504410285,11.803420452365886,11.803568457933984,0.00014800556809824172,0.175,0.175,0.0,-10.984626841479836,-10.988724734346826,0.004097892866990804,0.8800526004424571,0.019678574383647954,0.8799657253620866,9.418963960948006e-05,0.00010703785033300369,0.0062327647000955545,0.005632462768697824,0.006232764700095555,0.8245426791631483,muon_ns_trajectory
13,3,polar_grad,"0,1,2,3,4","5,6,7,8,9",80,32,0.9,6,0.001,5,0.8245426791631482,0.20932946532582863,0.7932287031667126,1.0,0.25094983948251776,0.24593280641821605,0.005017033064301707,0.005139180504410285,11.803420452365886,11.80211140146487,-0.0013090509010158513,0.175,0.175,0.0,-10.984626841479836,-10.986647691861396,0.002020850381560635,0.6480467467316136,0.014490765782894773,0.6479895296560999,0.0017515017705679306,0.0027029785056827773,0.02051603888627553,0.0031656935281048617,0.00316569352810486,1.6233979880822045,muon_ns_trajectory
13,3,polar_momentum,"0,1,2,3,4","5,6,7,8,9",80,32,0.9,6,0.001,5,0.8245426791631482,0.20932946532582863,0.7932287031667126,0.3421099289024227,0.25094983948251776,0.24592662927736408,0.005023210205153672,0.005139180504410285,11.803420452365886,11.805119946324268,0.0016994939583820923,0.175,0.175,0.0,-10.984626841479836,-10.988982260947196,0.004355419467360733,0.755310845904441,0.016889263955851986,0.7552971181166948,0.0011987646560546448,0.0015871431616788368,0.023819747420933315,0.003675466822300912,0.003675466822300909,1.398238850430723,muon_ns_trajectory
13,3,ns_momentum,"0,1,2,3,4","5,6,7,8,9",80,32,0.9,6,0.001,5,0.8245426791631482,0.20932946532582863,0.7932287031667126,0.4483625689982814,0.25094983948251776,0.24593731453639692,0.005012524946120839,0.005139180504410285,11.803420452365886,11.80578227601925,0.002361823653364681,0.175,0.175,0.0,-10.984626841479836,-10.990043920996682,0.005417079516846002,0.7984608857879189,0.017854128179964828,0.798377385959747,0.0019209230195024996,0.0024060338547707183,0.01112232999383721,0.004015333568925443,0.004015333568925443,1.2798888102802377,muon_ns_trajectory
13,4,frobenius_grad,"0,1,2,3,4","5,6,7,8,9",80,32,0.9,6,0.001,5,0.534102405641597,0.2369057801023166,0.927977269562353,0.31977674080489815,0.19212100658525166,0.1883752770708088,0.0037457295144428526,0.0037798094604051496,11.803987305560952,11.802281287782593,-0.0017060177783587704,0.175,0.175,0.0,-10.985928836114185,-10.98774655690981,0.001817720795624922,0.9905423864500141,0.02214920110697098,0.9904302202933428,0.0013711396325501023,0.0013843879199727993,0.007076937719208747,0.006261874383675631,0.007076937719208748,0.5341024056415971,muon_ns_trajectory
13,4,polar_grad,"0,1,2,3,4","5,6,7,8,9",80,32,0.9,6,0.001,5,0.534102405641597,0.2369057801023166,0.927977269562353,1.0,0.19212100658525166,0.18835074786217096,0.003770258723080705,0.0037798094604051496,11.803987305560952,11.805504652354907,0.0015173467939550989,0.175,0.175,0.0,-10.985928836114185,-10.991834979994215,0.005906143880029191,0.7083007400721709,0.01583808603314784,0.70821310349588,0.0036109366398849917,0.005098658330466768,0.022130870748746926,0.0034148674941097217,0.0034148674941097204,1.1068685584213487,muon_ns_trajectory
13,4,polar_momentum,"0,1,2,3,4","5,6,7,8,9",80,32,0.9,6,0.001,5,0.534102405641597,0.2369057801023166,0.927977269562353,0.3120336033462772,0.19212100658525166,0.18837415080862888,0.0037468557766227872,0.0037798094604051496,11.803987305560952,11.804894283625078,0.0009069780641262071,0.175,0.175,0.0,-10.985928836114185,-10.99005304471662,0.00412420860243401,0.7653396464353428,0.017113514753050812,0.7653034860599776,0.0028216466257701325,0.0036869642921618646,0.024084716622062116,0.0037163524576718653,0.0037163524576718622,1.017075076558546,muon_ns_trajectory
13,4,ns_momentum,"0,1,2,3,4","5,6,7,8,9",80,32,0.9,6,0.001,5,0.534102405641597,0.2369057801023166,0.927977269562353,0.44479246781924675,0.19212100658525166,0.18838186138040597,0.0037391452048456952,0.0037798094604051496,11.803987305560952,11.805812708636598,0.0018254030756459372,0.175,0.175,0.0,-10.985928836114185,-10.991244272133017,0.005315436018831221,0.8092083809706433,0.018094449478129063,0.8090792959712084,0.003374897834807518,0.004171281914656256,0.011282889138681628,0.004056369124835905,0.004056369124835905,0.9318208831791304,muon_ns_trajectory
13,5,frobenius_grad,"0,1,2,3,4","5,6,7,8,9",80,32,0.9,6,0.001,5,0.41867292119319033,0.2522809770652986,0.9438189982181946,0.33087107771994334,0.11708777244492027,0.11477566218356713,0.0023121102613531397,0.002365567073034702,11.804414288434906,11.807306848388594,0.0028925599536879787,0.175,0.175,0.0,-10.987201674610107,-10.99088090232136,0.0036792277112525085,0.7555752946735103,0.016895177210094037,0.755473816301123,0.0011180354020941664,0.001479912841411476,0.005650155415575937,0.004951212518982965,0.005650155415575938,0.4186729211931903,muon_ns_trajectory
13,5,polar_grad,"0,1,2,3,4","5,6,7,8,9",80,32,0.9,6,0.001,5,0.41867292119319033,0.2522809770652986,0.9438189982181946,1.0,0.11708777244492027,0.11476929412333203,0.002318478321588241,0.002365567073034702,11.804414288434906,11.8097791443844,0.00536485594949454,0.175,0.175,0.0,-10.987201674610107,-10.995042527071318,0.007840852461210801,0.5418505437114111,0.012116146493839366,0.5418268105559154,0.001526596356041957,0.0028174987400045154,0.01707660716225658,0.002634977691122843,0.002634977691122842,0.8977560155458711,muon_ns_trajectory
13,5,polar_momentum,"0,1,2,3,4","5,6,7,8,9",80,32,0.9,6,0.001,5,0.41867292119319033,0.2522809770652986,0.9438189982181946,0.3817909663440002,0.11708777244492027,0.11477498637474576,0.002312786070174516,0.002365567073034702,11.804414288434906,11.806412977558253,0.0019986891233472193,0.175,0.175,0.0,-10.987201674610107,-10.991983255350291,0.00478158074018431,0.5940166870265825,0.01328261691960656,0.5939738014368912,0.0026819505234652328,0.004515267368657145,0.01868204562936934,0.0028827022247563503,0.0028827022247563485,0.8206075024743994,muon_ns_trajectory
13,5,ns_momentum,"0,1,2,3,4","5,6,7,8,9",80,32,0.9,6,0.001,5,0.41867292119319033,0.2522809770652986,0.9438189982181946,0.44859980823863704,0.11708777244492027,0.11477294762782894,0.002314824817091332,0.002365567073034702,11.804414288434906,11.806971194986026,0.002556906551120619,0.175,0.175,0.0,-10.987201674610107,-10.992669236642628,0.0054675620325213,0.6370260150504464,0.014244334730886021,0.6369171208061509,0.003224054875190176,0.0050619692419469975,0.008901782196335889,0.003183860268130669,0.003183860268130668,0.742987089198984,muon_ns_trajectory
14,0,frobenius_grad,"0,1,2,3,4","5,6,7,8,9",80,32,0.9,6,0.001,5,0.5649820424326925,0.056498204243269234,1.0000000000000002,0.2531777408824333,0.11259690637271906,0.11042540500984539,0.002171501362873668,0.002230447849812703,11.872463839575502,11.881657328099037,0.009193488523534299,0.17,0.175,-0.004999999999999977,-11.114137358697672,-11.129689437614703,0.015552078917030698,0.6105471787607639,0.013652249951797842,0.6105221578634777,2.817757383493542e-05,4.61532369824919e-05,0.003947820784194961,0.0037463911797185434,0.003947820784194961,0.5649820424326925,muon_ns_trajectory
14,0,polar_grad,"0,1,2,3,4","5,6,7,8,9",80,32,0.9,6,0.001,5,0.5649820424326925,0.056498204243269234,1.0000000000000002,1.0,0.11259690637271906,0.11039367078464281,0.002203235588076252,0.002230447849812703,11.872463839575502,11.881333279736454,0.008869440160951925,0.17,0.17,0.0,-11.114137358697672,-11.1283875073431,0.014250148645427174,0.49592095083958576,0.011089129575436452,0.4958751279072144,0.0002792222762028598,0.000563089900034483,0.015593080064760475,0.002406064490219655,0.002406064490219653,0.9270108340317521,muon_ns_trajectory
14,0,polar_momentum,"0,1,2,3,4","5,6,7,8,9",80,32,0.9,6,0.001,5,0.5649820424326925,0.056498204243269234,1.0000000000000002,0.5724171361096821,0.11259690637271906,0.11039367078464281,0.002203235588076252,0.002230447849812703,11.872463839575502,11.881333279737218,0.008869440161715758,0.17,0.17,0.0,-11.114137358697672,-11.128387507343867,0.01425014864619456,0.4959235336697619,0.011089187329274934,0.495877796772465,0.0002795859422594849,0.0005638202478095097,0.015593080064760468,0.0024060644902196547,0.002406064490219653,0.927010834031752,muon_ns_trajectory
14,0,ns_momentum,"0,1,2,3,4","5,6,7,8,9",80,32,0.9,6,0.001,5,0.5649820424326925,0.056498204243269234,1.0000000000000002,0.4840194612439349,0.11259690637271906,0.11040116820435056,0.0021957381683685023,0.002230447849812703,11.872463839575502,11.881418383121606,0.008954543546103366,0.17,0.175,-0.004999999999999977,-11.114137358697672,-11.128551432684539,0.014414073986866782,0.5322111293413491,0.011900602635891887,0.5321889232353857,0.00033352864912556307,0.0006267109940919313,0.006111658483976827,0.0026682064152537604,0.0026682064152537604,0.8359352698732552,muon_ns_trajectory
14,1,frobenius_grad,"0,1,2,3,4","5,6,7,8,9",80,32,0.9,6,0.001,5,0.5078820549562519,0.06519869400909296,0.6409449094813809,0.31554658263380886,0.13248531292125773,0.12984534909142856,0.0026399638298291728,0.0026762176664381614,11.875791407615825,11.872977422209496,-0.0028139854063287117,0.17,0.175,-0.004999999999999977,-11.119516556006488,-11.114845522405481,-0.0046710336010065134,0.7071550093873319,0.01581246671619576,0.7071346411836983,5.296816291487888e-05,7.490534309875351e-05,0.005269368429779797,0.004494878549145311,0.005269368429779798,0.5078820549562518,muon_ns_trajectory
14,1,polar_grad,"0,1,2,3,4","5,6,7,8,9",80,32,0.9,6,0.001,5,0.5078820549562519,0.06519869400909296,0.6409449094813809,1.0,0.13248531292125773,0.12984699034012165,0.002638322581136082,0.0026762176664381614,11.875791407615825,11.87400280487989,-0.0017886027359352852,0.17,0.17,0.0,-11.119516556006488,-11.117843138950995,-0.0016734170554926209,0.5626838873157434,0.012581994218818343,0.5626282451007398,0.001685836962250112,0.002996360344383811,0.016699177616811296,0.0025767390478859667,0.002576739047885965,1.0386064000674853,muon_ns_trajectory
14,1,polar_momentum,"0,1,2,3,4","5,6,7,8,9",80,32,0.9,6,0.001,5,0.5078820549562519,0.06519869400909296,0.6409449094813809,0.42846982819089197,0.13248531292125773,0.12980426295890068,0.002681049962357046,0.0026762176664381614,11.875791407615825,11.885290138954945,0.009498731339119715,0.17,0.175,-0.004999999999999977,-11.119516556006488,-11.135653856844538,0.016137300838050095,0.7097400265354585,0.015870269456857895,0.7098480806828228,0.002585219699767351,0.0036419337744500986,0.02134285571861221,0.0032932741351394553,0.0032932741351394544,0.8126313075133165,muon_ns_trajectory
14,1,ns_momentum,"0,1,2,3,4","5,6,7,8,9",80,32,0.9,6,0.001,5,0.5078820549562519,0.06519869400909296,0.6409449094813809,0.40218482775474407,0.13248531292125773,0.1298035037981532,0.002681809123104534,0.0026762176664381614,11.875791407615825,11.88516825799034,0.0093768503745153,0.17,0.175,-0.004999999999999977,-11.119516556006488,-11.134716313738625,0.015199757732137442,0.7423092523780366,0.016598539486443367,0.7425286633529656,0.004172480069133916,0.005619284850624684,0.01010059473923098,0.0034903856160191436,0.003490385616019143,0.7667398278733577,muon_ns_trajectory
14,2,frobenius_grad,"0,1,2,3,4","5,6,7,8,9",80,32,0.9,6,0.001,5,0.5180783198270349,0.09001642376214478,0.7873609671924964,0.33476590652820193,0.16377229870816515,0.16060279068913533,0.003169508019029821,0.003276160374599124,11.87844400002186,11.871198707130509,-0.00724529289135134,0.17,0.175,-0.004999999999999977,-11.123817759970052,-11.111775923581808,-0.012041836388243965,0.8879276519624311,0.0198546658888977,0.8879107133309321,5.400777610080729e-05,6.0825683585009434e-05,0.006323677809356893,0.005334167578145649,0.006323677809356892,0.518078319827035,muon_ns_trajectory
14,2,polar_grad,"0,1,2,3,4","5,6,7,8,9",80,32,0.9,6,0.001,5,0.5180783198270349,0.09001642376214478,0.7873609671924964,1.0,0.16377229870816515,0.1605613188363534,0.0032109798718117366,0.003276160374599124,11.87844400002186,11.87434455746129,-0.0040994425605695994,0.17,0.175,-0.004999999999999977,-11.123817759970052,-11.117997495209341,-0.005820264760711069,0.6426704030932289,0.01437054708443651,0.6425933184511006,0.0022314856349676393,0.0034726250194234607,0.01888985014913448,0.0029147671582933727,0.002914767158293371,1.1239869933615394,muon_ns_trajectory
14,2,polar_momentum,"0,1,2,3,4","5,6,7,8,9",80,32,0.9,6,0.001,5,0.5180783198270349,0.09001642376214478,0.7873609671924964,0.5095608846646764,0.16377229870816515,0.16056088974851296,0.00321140895965219,0.003276160374599124,11.87844400002186,11.882172881959201,0.003728881937341555,0.17,0.175,-0.004999999999999977,-11.123817759970052,-11.130503552222137,0.006685792252085321,0.7621152454711365,0.017041414955623998,0.7622343104858152,0.004365103816391966,0.0057267217656600065,0.02220059777243184,0.003425626607447191,0.0034256266074471882,0.9563682064696923,muon_ns_trajectory
14,2,ns_momentum,"0,1,2,3,4","5,6,7,8,9",80,32,0.9,6,0.001,5,0.5180783198270349,0.09001642376214478,0.7873609671924964,0.43785991364342075,0.16377229870816515,0.1605592401428732,0.003213058565291943,0.003276160374599124,11.87844400002186,11.882173700341792,0.0037297003199316947,0.17,0.175,-0.004999999999999977,-11.123817759970052,-11.130259822266371,0.006442062296319051,0.7881699232375695,0.017624015261799963,0.7883468266711292,0.005180874602472332,0.006571821471457019,0.01063043399706333,0.0035980750394572557,0.0035980750394572552,0.9105314199042692,muon_ns_trajectory
14,3,frobenius_grad,"0,1,2,3,4","5,6,7,8,9",80,32,0.9,6,0.001,5,0.5947437544040749,0.11915387947739049,0.7882094011812248,0.31441938407880493,0.19109084748406666,0.18733452748702137,0.0037563199970452876,0.0039003955912224014,11.879451390395046,11.889063224712956,0.00961183431791035,0.175,0.175,0.0,-11.125593879815778,-11.141797958225188,0.016204078409410627,0.9069714521184685,0.02028049820588591,0.906956605782622,7.585019181407248e-05,8.363155561188132e-05,0.006558111055963159,0.005800595052041926,0.006558111055963157,0.5947437544040751,muon_ns_trajectory
14,3,polar_grad,"0,1,2,3,4","5,6,7,8,9",80,32,0.9,6,0.001,5,0.5947437544040749,0.11915387947739049,0.7882094011812248,1.0000000000000002,0.19109084748406666,0.18732192714192067,0.003768920342145987,0.0039003955912224014,11.879451390395046,11.890376590920457,0.010925200525411682,0.175,0.175,0.0,-11.125593879815778,-11.143255711109411,0.017661831293633412,0.6502844433370375,0.014540802200122266,0.6502198859536316,0.0005087851744580851,0.0007824817195676596,0.020857845883698618,0.003218435492847728,0.0032184354928477257,1.2118918026756118,muon_ns_trajectory
14,3,polar_momentum,"0,1,2,3,4","5,6,7,8,9",80,32,0.9,6,0.001,5,0.5947437544040749,0.11915387947739049,0.7882094011812248,0.42184418196919704,0.19109084748406666,0.1873076568840027,0.0037831906000639626,0.0039003955912224014,11.879451390395046,11.889817085231924,0.010365694836877992,0.175,0.175,0.0,-11.125593879815778,-11.14221871546561,0.016624835649832193,0.880733960654513,0.019693810061161166,0.8806265065867164,0.0010151546578599418,0.001152764140378482,0.02669993972272378,0.004119890143002207,0.004119890143002205,0.9467232027648543,muon_ns_trajectory
14,3,ns_momentum,"0,1,2,3,4","5,6,7,8,9",80,32,0.9,6,0.001,5,0.5947437544040749,0.11915387947739049,0.7882094011812248,0.39785877626664246,0.19109084748406666,0.18731600940855242,0.0037748380755142363,0.0039003955912224014,11.879451390395046,11.889319855057517,0.009868464662471155,0.175,0.175,0.0,-11.125593879815778,-11.141434417444248,0.015840537628470486,0.9275112654607607,0.020739782394671145,0.9273993432929916,0.0005829373878159723,0.0006285721378086052,0.013431769670650599,0.00440950657061751,0.00440950657061751,0.8845424150657717,muon_ns_trajectory
14,4,frobenius_grad,"0,1,2,3,4","5,6,7,8,9",80,32,0.9,6,0.001,5,0.3288726919536036,0.13121457547961105,0.7877506145757032,0.32506063797453394,0.12764957154096823,0.12507404530275143,0.002575526238216802,0.0025945163381498565,11.881650876611921,11.899067754171359,0.017416877559437438,0.175,0.17,0.004999999999999977,-11.129185432892596,-11.160578606433036,0.031393173540440245,1.1220679147341561,0.025090201327170117,1.1220346480529855,5.588364392057773e-05,4.980563124102274e-05,0.007889120628221342,0.007056010448918272,0.00788912062822134,0.3288726919536036,muon_ns_trajectory
14,4,polar_grad,"0,1,2,3,4","5,6,7,8,9",80,32,0.9,6,0.001,5,0.3288726919536036,0.13121457547961105,0.7877506145757032,1.0,0.12764957154096823,0.1250559087072919,0.002593662833676319,0.0025945163381498565,11.881650876611921,11.896624557610282,0.01497368099836116,0.175,0.17,0.004999999999999977,-11.129185432892596,-11.15429694921787,0.025111516325273087,0.7625046529419041,0.01705012237137983,0.7623761177316789,0.0008023074146313475,0.0010523774236507793,0.024269689118248127,0.003744894333484217,0.0037448943334842145,0.6928142978432031,muon_ns_trajectory
14,4,polar_momentum,"0,1,2,3,4","5,6,7,8,9",80,32,0.9,6,0.001,5,0.3288726919536036,0.13121457547961105,0.7877506145757032,0.43587574997943146,0.12764957154096823,0.1250675062270591,0.002582065313909143,0.0025945163381498565,11.881650876611921,11.895472134025143,0.013821257413221488,0.175,0.17,0.004999999999999977,-11.129185432892596,-11.151483600891634,0.022298167999037943,0.9345815447503717,0.020897878645785926,0.9345443017113183,0.002872662964122631,0.003073864940230516,0.02854861951487782,0.004405147627938803,0.0044051476279388,0.58897375463529,muon_ns_trajectory
14,4,ns_momentum,"0,1,2,3,4","5,6,7,8,9",80,32,0.9,6,0.001,5,0.3288726919536036,0.13121457547961105,0.7877506145757032,0.43478526680656804,0.12764957154096823,0.12506553786160698,0.0025840336793612473,0.0025945163381498565,11.881650876611921,11.895151330887437,0.013500454275515494,0.175,0.17,0.004999999999999977,-11.129185432892596,-11.151092155059805,0.021906722167209125,0.9687705267828634,0.021662367524847622,0.9687277583669284,0.0023839107317182987,0.002460867577220118,0.014243014387704341,0.004632921230889125,0.004632921230889125,0.5600173646060309,muon_ns_trajectory
14,5,frobenius_grad,"0,1,2,3,4","5,6,7,8,9",80,32,0.9,6,0.001,5,0.5848658764489381,0.1664502738418649,0.8823933519269173,0.31026699431732635,0.2332604600239576,0.228756203573247,0.004504256450710592,0.004615732027443572,11.884518808916411,11.896426554370205,0.011907745453793694,0.175,0.17,0.004999999999999977,-11.133889990346052,-11.155237320032274,0.021347329686221883,1.0835166209324034,0.024228168191557264,1.0834225641751405,0.00011036156945627458,0.0001018638277487768,0.007891949613248721,0.007189463025860554,0.007891949613248723,0.584865876448938,muon_ns_trajectory
14,5,polar_grad,"0,1,2,3,4","5,6,7,8,9",80,32,0.9,6,0.001,5,0.5848658764489381,0.1664502738418649,0.8823933519269173,1.0,0.2332604600239576,0.22868399322061084,0.0045764668033467515,0.004615732027443572,11.884518808916411,11.897963446546079,0.013444637629667966,0.175,0.17,0.004999999999999977,-11.133889990346052,-11.156712069047225,0.022822078701173254,0.7744390757132871,0.017316984177270154,0.7743990029455009,0.0019434667896107702,0.002509645263253966,0.025435994668440993,0.003924859186958356,0.0039248591869583535,1.1760248731421683,muon_ns_trajectory
14,5,polar_momentum,"0,1,2,3,4","5,6,7,8,9",80,32,0.9,6,0.001,5,0.5848658764489381,0.1664502738418649,0.8823933519269173,0.36137536398665765,0.2332604600239576,0.22868842244818494,0.004572037575772653,0.004615732027443572,11.884518808916411,11.899669485262702,0.015150676346291192,0.175,0.17,0.004999999999999977,-11.133889990346052,-11.158553539914243,0.02466354956819039,0.9297750781045263,0.020790402784268972,0.9298132200473188,0.00418376456242918,0.004499575261165103,0.028968544481249216,0.004469943456982627,0.004469943456982624,1.0326153052860674,muon_ns_trajectory
14,5,ns_momentum,"0,1,2,3,4","5,6,7,8,9",80,32,0.9,6,0.001,5,0.5848658764489381,0.1664502738418649,0.8823933519269173,0.4525849490588344,0.2332604600239576,0.2286925765390372,0.0045678834849203764,0.004615732027443572,11.884518808916411,11.899480013311585,0.014961204395174121,0.175,0.17,0.004999999999999977,-11.133889990346052,-11.158313786537773,0.02442379619172108,0.952756963112955,0.021304293355568264,0.9527525420458032,0.0036474327005121725,0.003828310646834069,0.01440668007458688,0.004680670434380299,0.004680670434380297,0.9861262595076676,muon_ns_trajectory
15,0,frobenius_grad,"0,1,2,3,4","5,6,7,8,9",80,32,0.9,6,0.001,5,1.0926400928333144,0.10926400928333142,0.9999999999999999,0.2869560962821535,0.2539387503233133,0.24892852102134297,0.0050102293019703426,0.005131013023622062,10.927135648976414,10.919090746460599,-0.008044902515814911,0.195,0.195,0.0,-9.951316310031515,-9.94011707605585,-0.011199233975665024,0.5603602249729048,0.012530035549264903,0.5603637773287615,1.3685701482238936e-05,2.4422887481197114e-05,0.004695977254794744,0.004188824646604709,0.004695977254794744,1.0926400928333144,muon_ns_trajectory
15,0,polar_grad,"0,1,2,3,4","5,6,7,8,9",80,32,0.9,6,0.001,5,1.0926400928333144,0.10926400928333142,0.9999999999999999,1.0,0.2539387503233133,0.2489708754340074,0.004967874889305918,0.005131013023622062,10.927135648976414,10.918532545618987,-0.008603103357426534,0.195,0.195,0.0,-9.951316310031515,-9.942527911962237,-0.008788398069278003,0.44926900392445374,0.010045960329586984,0.44928691047848585,0.00022183948379592602,0.0004937590626881813,0.01636479348456623,0.002525142456106385,0.0025251424561063833,2.0319697255947187,muon_ns_trajectory
15,0,polar_momentum,"0,1,2,3,4","5,6,7,8,9",80,32,0.9,6,0.001,5,1.0926400928333144,0.10926400928333142,0.9999999999999999,0.8060705855185035,0.2539387503233133,0.24897087543400742,0.00496787488930589,0.005131013023622062,10.927135648976414,10.918532545618731,-0.008603103357682329,0.195,0.195,0.0,-9.951316310031515,-9.942527911961982,-0.008788398069533798,0.44924871703693076,0.01004550670099145,0.4492677049459948,0.0002135914637509529,0.0004754213610271144,0.016364793484566223,0.0025251424561063864,0.0025251424561063833,2.0319697255947187,muon_ns_trajectory
15,0,ns_momentum,"0,1,2,3,4","5,6,7,8,9",80,32,0.9,6,0.001,5,1.0926400928333144,0.10926400928333142,0.9999999999999999,0.4656323969467124,0.2539387503233133,0.24895532569034112,0.004983424632972189,0.005131013023622062,10.927135648976414,10.918752765090623,-0.008382883885790449,0.195,0.195,0.0,-9.951316310031515,-9.940397210932241,-0.010919099099274021,0.4486352444002089,0.010031789035810985,0.44864983246681717,6.19489191419785e-05,0.000138078551821504,0.006500951199009127,0.0026665180188412433,0.0026665180188412433,1.924237146483557,muon_ns_trajectory
15,1,frobenius_grad,"0,1,2,3,4","5,6,7,8,9",80,32,0.9,6,0.001,5,0.47486874009590896,0.13781411542226632,0.8845361256793358,0.27780102443533217,0.07725967770433902,0.07573377597197264,0.001525901732366372,0.0015875791447745292,10.92398397711179,10.919573300038314,-0.004410677073476421,0.195,0.195,0.0,-9.94721971050189,-9.94120786884713,-0.006011841654760985,0.41128399671892485,0.009196589747213164,0.411236662452692,5.4771341321663954e-05,0.0001331869123608714,0.003343195731211717,0.002998003107975496,0.0033431957312117172,0.4748687400959089,muon_ns_trajectory
15,1,polar_grad,"0,1,2,3,4","5,6,7,8,9",80,32,0.9,6,0.001,5,0.47486874009590896,0.13781411542226632,0.8845361256793358,1.0,0.07725967770433902,0.07575518885737864,0.001504488846960375,0.0015875791447745292,10.92398397711179,10.922210431294536,-0.0017735458172545293,0.195,0.195,0.0,-9.94721971050189,-9.945531139473452,-0.0016885710284384459,0.3599692645919364,0.008049157454381776,0.3599614765011905,0.0001549664107199112,0.00043050832057412873,0.012034497489731044,0.0018569632777758872,0.0018569632777758864,0.8549329778217247,muon_ns_trajectory
15,1,polar_momentum,"0,1,2,3,4","5,6,7,8,9",80,32,0.9,6,0.001,5,0.47486874009590896,0.13781411542226632,0.8845361256793358,0.3840616899548796,0.07725967770433902,0.0757017717811714,0.0015579059231676101,0.0015875791447745292,10.92398397711179,10.918847630407335,-0.005136346704455619,0.195,0.195,0.0,-9.94721971050189,-9.942015066594674,-0.005204643907216422,0.38578057299622576,0.008626315856183802,0.3857873174655332,0.00018850642514326007,0.0004886278439158423,0.013901092150580467,0.002144985086966308,0.0021449850869663064,0.7401352831873871,muon_ns_trajectory
15,1,ns_momentum,"0,1,2,3,4","5,6,7,8,9",80,32,0.9,6,0.001,5,0.47486874009590896,0.13781411542226632,0.8845361256793358,0.3451894773919598,0.07725967770433902,0.07569196880050025,0.0015677089038387687,0.0015875791447745292,10.92398397711179,10.917940669788374,-0.0060433073234165136,0.195,0.195,0.0,-9.94721971050189,-9.939380283947447,-0.007839426554443918,0.40284398988479553,0.009007865457096406,0.4028305214538942,0.00010851438532168892,0.0002693797503973613,0.005837397645166773,0.002396822439785488,0.002396822439785487,0.6623682749384705,muon_ns_trajectory
15,2,frobenius_grad,"0,1,2,3,4","5,6,7,8,9",80,32,0.9,6,0.001,5,0.33776743491228817,0.13897882676355067,0.5402214091491282,0.3577075469728486,0.0908026870269719,0.08903607370287554,0.001766613324096361,0.0018421431996197704,10.921456530435508,10.928478281080018,0.00702175064451005,0.195,0.195,0.0,-9.943945887055856,-9.956343228743792,0.012397341687936603,0.6697469735863605,0.014975997606638572,0.669737459111001,0.00014555642254218763,0.00021733355445788702,0.005453880419520433,0.0042590278717599,0.005453880419520433,0.3377674349122881,muon_ns_trajectory
15,2,polar_grad,"0,1,2,3,4","5,6,7,8,9",80,32,0.9,6,0.001,5,0.33776743491228817,0.13897882676355067,0.5402214091491282,1.0,0.0908026870269719,0.08903163382519498,0.0017710532017769232,0.0018421431996197704,10.921456530435508,10.926852274630162,0.005395744194654384,0.195,0.195,0.0,-9.943945887055856,-9.953302951933315,0.009357064877459464,0.47360910444307613,0.010590221522975155,0.4735446091926857,0.0014150272091684399,0.0029881603162600127,0.015246758044874022,0.0023526258423855395,0.002352625842385537,0.783015797255656,muon_ns_trajectory
15,2,polar_momentum,"0,1,2,3,4","5,6,7,8,9",80,32,0.9,6,0.001,5,0.33776743491228817,0.13897882676355067,0.5402214091491282,0.34134137833279826,0.0908026870269719,0.08904731309962735,0.0017553739273445529,0.0018421431996197704,10.921456530435508,10.916105057171581,-0.00535147326392682,0.195,0.195,0.0,-9.943945887055856,-9.93897871236992,-0.00496717468593566,0.6858056227213404,0.015335079917564913,0.6858683269845378,0.0010827534173970296,0.0015786607644610467,0.023650291265296275,0.0036493191698144167,0.003649319169814415,0.5047909250736904,muon_ns_trajectory
15,2,ns_momentum,"0,1,2,3,4","5,6,7,8,9",80,32,0.9,6,0.001,5,0.33776743491228817,0.13897882676355067,0.5402214091491282,0.3038441367186381,0.0908026870269719,0.08905299849932531,0.0017496885276465923,0.0018421431996197704,10.921456530435508,10.914859862657593,-0.006596667777914789,0.195,0.195,0.0,-9.943945887055856,-9.937294461801665,-0.006651425254190713,0.7661419115690361,0.017131453946799984,0.766144411574011,0.0006297288802937801,0.0008219454071328784,0.011153395023663144,0.004321545946253738,0.004321545946253736,0.4262694930310039,muon_ns_trajectory
15,3,frobenius_grad,"0,1,2,3,4","5,6,7,8,9",80,32,0.9,6,0.001,5,0.3647247449651852,0.15720150330096416,0.9067115211375071,0.34293060735673253,0.11711328870188194,0.11486899628247067,0.0022442924194112646,0.002381789925733645,10.919915483219365,10.910286636926513,-0.009628846292851989,0.195,0.195,0.0,-9.942403990666344,-9.931981653350109,-0.010422337316235541,0.7436714031535405,0.016628998103739683,0.7436619399995023,4.9954228731246816e-05,6.717330287372277e-05,0.006530376560989847,0.005597690125818091,0.006530376560989846,0.36472474496518525,muon_ns_trajectory
15,3,polar_grad,"0,1,2,3,4","5,6,7,8,9",80,32,0.9,6,0.001,5,0.3647247449651852,0.15720150330096416,0.9067115211375071,1.0,0.11711328870188194,0.11487240934152801,0.0022408793603539284,0.002381789925733645,10.919915483219365,10.91606733732068,-0.0038481458986847628,0.195,0.195,0.0,-9.942403990666344,-9.94047797175482,-0.0019260189115239967,0.5446639844743035,0.012179056941804326,0.5446893979523212,0.000715706458290904,0.00131397170751165,0.019042851296725,0.0029383757479146356,0.002938375747914634,0.8105804465014395,muon_ns_trajectory
15,3,polar_momentum,"0,1,2,3,4","5,6,7,8,9",80,32,0.9,6,0.001,5,0.3647247449651852,0.15720150330096416,0.9067115211375071,0.41903193612132966,0.11711328870188194,0.11485039394268594,0.002262894759195999,0.002381789925733645,10.919915483219365,10.915195306637683,-0.004720176581681557,0.195,0.195,0.0,-9.942403990666344,-9.93918169005672,-0.003222300609623474,0.6239726183769289,0.013952451907893472,0.624029672933162,0.0005946487879905512,0.000952917487393652,0.021722284340472527,0.0033518212425640024,0.003351821242564,0.71059574880899,muon_ns_trajectory
15,3,ns_momentum,"0,1,2,3,4","5,6,7,8,9",80,32,0.9,6,0.001,5,0.3647247449651852,0.15720150330096416,0.9067115211375071,0.41205548754754806,0.11711328870188194,0.11486777860348209,0.00224551009839985,0.002381789925733645,10.919915483219365,10.91408656121621,-0.005828922003153991,0.195,0.195,0.0,-9.942403990666344,-9.936966232520117,-0.005437758146227267,0.6561860848103277,0.014672766915253354,0.6561810249767462,0.0004903393509196271,0.0007472623136839469,0.009926335568847578,0.0037466759177384804,0.0037466759177384795,0.6357074852557065,muon_ns_trajectory
15,4,frobenius_grad,"0,1,2,3,4","5,6,7,8,9",80,32,0.9,6,0.001,5,0.43810864103737035,0.16719076008465936,0.6727287400515456,0.31006122976610007,0.11478381919525842,0.11250993269130452,0.0022738865039538952,0.0023242268634275365,10.918347167235416,10.91974137992456,0.00139421268914397,0.195,0.195,0.0,-9.940949810296786,-9.943850784776819,0.002900974480033014,0.6244239090533092,0.013962543074193458,0.6244299689886025,4.239555174575539e-05,6.789480622530662e-05,0.005305138145470365,0.004795425714007138,0.005305138145470364,0.43810864103737035,muon_ns_trajectory
15,4,polar_grad,"0,1,2,3,4","5,6,7,8,9",80,32,0.9,6,0.001,5,0.43810864103737035,0.16719076008465936,0.6727287400515456,1.0,0.11478381919525842,0.11252636805194641,0.0022574511433120087,0.0023242268634275365,10.918347167235416,10.922935932418705,0.004588765183289212,0.195,0.195,0.0,-9.940949810296786,-9.947156249989,0.006206439692213905,0.49391666051008554,0.011044312281202374,0.4938333724779981,0.0005853141103443557,0.0011852461639182423,0.017109969374347077,0.002640125592210553,0.002640125592210552,0.8803470828376325,muon_ns_trajectory
15,4,polar_momentum,"0,1,2,3,4","5,6,7,8,9",80,32,0.9,6,0.001,5,0.43810864103737035,0.16719076008465936,0.6727287400515456,0.3577708738706362,0.11478381919525842,0.11255271272373835,0.0022311064715200696,0.0023242268634275365,10.918347167235416,10.916980620874297,-0.001366546361118992,0.195,0.195,0.0,-9.940949810296786,-9.94144984098697,0.0005000306901834506,0.6188043438112616,0.01383688577534132,0.6188219665125687,0.001298748413908873,0.0020987432318023483,0.021357377374307464,0.0032955148752602326,0.00329551487526023,0.7052697230638366,muon_ns_trajectory
15,4,ns_momentum,"0,1,2,3,4","5,6,7,8,9",80,32,0.9,6,0.001,5,0.43810864103737035,0.16719076008465936,0.6727287400515456,0.37358632340061765,0.11478381919525842,0.11256033037872577,0.0022234888165326427,0.0023242268634275365,10.918347167235416,10.91518869886252,-0.003158468372895129,0.195,0.195,0.0,-9.940949810296786,-9.938660362692918,-0.0022894476038679556,0.635716673194734,0.014215056956934436,0.6356946031233335,0.0008331444155644836,0.001310604827335371,0.009775077829897373,0.003589745749774331,0.0035897457497743304,0.6474628080759338,muon_ns_trajectory
15,5,frobenius_grad,"0,1,2,3,4","5,6,7,8,9",80,32,0.9,6,0.001,5,0.7002349488359538,0.2144069157554592,0.9402153759234878,0.2872422319019212,0.1571256596889969,0.15393656508931616,0.003189094599680725,0.0032680276662457076,10.917455037944997,10.911532652312605,-0.00592238563239178,0.195,0.195,0.0,-9.940287838748821,-9.932228454057803,-0.008059384691017968,0.5651106226221381,0.01263625766990331,0.5650163160165537,0.0003219519375329121,0.0005698099831925556,0.00466704449939033,0.004219601296101097,0.004667044499390329,0.700234948835954,muon_ns_trajectory
15,5,polar_grad,"0,1,2,3,4","5,6,7,8,9",80,32,0.9,6,0.001,5,0.7002349488359538,0.2144069157554592,0.9402153759234878,1.0,0.1571256596889969,0.15397422948666217,0.003151430202334715,0.0032680276662457076,10.917455037944997,10.91460048488468,-0.002854553060316789,0.195,0.195,0.0,-9.940287838748821,-9.938378158283408,-0.0019096804654132882,0.4972675445917363,0.011119240327115308,0.4971378269737057,0.002758683385211859,0.005549131921835772,0.016247765756756453,0.0025070846856668854,0.002507084685666883,1.3035170630370685,muon_ns_trajectory
15,5,polar_momentum,"0,1,2,3,4","5,6,7,8,9",80,32,0.9,6,0.001,5,0.7002349488359538,0.2144069157554592,0.9402153759234878,0.48643330912628147,0.1571256596889969,0.15395905139379507,0.0031666082952018226,0.0032680276662457076,10.917455037944997,10.914845747264915,-0.00260929068008231,0.195,0.195,0.0,-9.940287838748821,-9.939050792351502,-0.0012370463973194745,0.5191893265495845,0.011609426273572074,0.5192002613079778,0.0011596255285294637,0.002233484100351021,0.01765966370910444,0.0027249452695187982,0.0027249452695187974,1.199300295239623,muon_ns_trajectory
15,5,ns_momentum,"0,1,2,3,4","5,6,7,8,9",80,32,0.9,6,0.001,5,0.7002349488359538,0.2144069157554592,0.9402153759234878,0.4124949568866216,0.1571256596889969,0.15395429460322396,0.003171365085772926,0.0032680276662457076,10.917455037944997,10.914425414827253,-0.003029623117743796,0.195,0.195,0.0,-9.940287838748821,-9.937681623753583,-0.002606214995237721,0.5338053994704406,0.011936251599723356,0.5337774028144674,0.0009103684218287362,0.001705520722736863,0.007809006957658314,0.002973458886852872,0.0029734588868528707,1.099066034070715,muon_ns_trajectory
16,0,frobenius_grad,"0,1,2,3,4","5,6,7,8,9",80,32,0.9,6,0.001,5,0.5638569234885777,0.056385692348857756,0.9999999999999998,0.3040113241734146,0.15684233063417274,0.1537846300624483,0.003057700571724442,0.0029572344340834094,11.731373274577695,11.723594784184089,-0.007778490393606674,0.195,0.195,0.0,-10.830356084949031,-10.821658271522601,-0.008697813426429946,0.7151024887564245,0.01599017775738644,0.7150703610498841,6.243201929981563e-05,8.730891769608712e-05,0.005244653937717081,0.0045746430965053625,0.005244653937717083,0.5638569234885777,muon_ns_trajectory
16,0,polar_grad,"0,1,2,3,4","5,6,7,8,9",80,32,0.9,6,0.001,5,0.5638569234885777,0.056385692348857756,0.9999999999999998,1.0000000000000002,0.15684233063417274,0.15378778324746217,0.003054547386710571,0.0029572344340834094,11.731373274577695,11.722311815745657,-0.009061458832038127,0.195,0.195,0.0,-10.830356084949031,-10.821575732531635,-0.008780352417396386,0.5967986468108706,0.013344823431489943,0.5968700865093391,0.00031535671591671467,0.000528350679728327,0.017251508482379496,0.0026619655507306014,0.0026619655507306,1.1109213766015005,muon_ns_trajectory
16,0,polar_momentum,"0,1,2,3,4","5,6,7,8,9",80,32,0.9,6,0.001,5,0.5638569234885777,0.056385692348857756,0.9999999999999998,0.6884009012931664,0.15684233063417274,0.1537877832474622,0.0030545473867105433,0.0029572344340834094,11.731373274577695,11.722311815745604,-0.009061458832091418,0.195,0.195,0.0,-10.830356084949031,-10.821575732531583,-0.0087803524174479,0.5967841283438743,0.013344498788698617,0.5968557621846674,0.00031446724418252036,0.0005268730974992649,0.017251508482379493,0.002661965550730603,0.002661965550730601,1.1109213766015,muon_ns_trajectory
16,0,ns_momentum,"0,1,2,3,4","5,6,7,8,9",80,32,0.9,6,0.001,5,0.5638569234885777,0.056385692348857756,0.9999999999999998,0.4841249352983964,0.15684233063417274,0.15378851654397357,0.0030538140901991695,0.0029572344340834094,11.731373274577695,11.724277322145147,-0.007095952432548458,0.195,0.195,0.0,-10.830356084949031,-10.823112469637321,-0.007243615311709917,0.5856580964931581,0.013095713153318325,0.5856516764173137,0.0002082797982856551,0.00035563767111501036,0.007250630974228432,0.0028102340146731,0.002810234014673099,1.0523089602655067,muon_ns_trajectory
16,1,frobenius_grad,"0,1,2,3,4","5,6,7,8,9",80,32,0.9,6,0.001,5,0.4981529833964146,0.08968899540197359,0.8897286978723751,0.35335258050493723,0.22773780531483573,0.22321461577152044,0.0045231895433152924,0.004598758164036848,11.728830679693324,11.728308783045907,-0.000521896647416753,0.195,0.195,0.0,-10.827777582716994,-10.831824687915251,0.004047105198257128,1.1833767038956788,0.02646110752900378,1.1833351320122263,9.22571582290835e-05,7.79636771809546e-05,0.009231618232380032,0.007787537630776347,0.00923161823238003,0.4981529833964146,muon_ns_trajectory
16,1,polar_grad,"0,1,2,3,4","5,6,7,8,9",80,32,0.9,6,0.001,5,0.4981529833964146,0.08968899540197359,0.8897286978723751,1.0,0.22773780531483573,0.2231858278096305,0.004551977505205224,0.004598758164036848,11.728830679693324,11.732834338493562,0.004003658800238341,0.195,0.195,0.0,-10.827777582716994,-10.836406748355753,0.008629165638758707,0.7821577947806859,0.017489579982609436,0.7822158715440298,0.0007601483145233019,0.0009717884054472477,0.026125798258465078,0.00403129819171495,0.004031298191714947,1.1407635816889297,muon_ns_trajectory
16,1,polar_momentum,"0,1,2,3,4","5,6,7,8,9",80,32,0.9,6,0.001,5,0.4981529833964146,0.08968899540197359,0.8897286978723751,0.640110723376974,0.22773780531483573,0.22316365656704712,0.004574148747788609,0.004598758164036848,11.728830679693324,11.72542827139121,-0.0034024083021133578,0.195,0.195,0.0,-10.827777582716994,-10.827516067073185,-0.0002615156438086075,0.866697703449571,0.01937994980856195,0.8667535544937635,0.0008790200224914033,0.0010141521980891145,0.02810953043625759,0.004337394712175932,0.004337394712175927,1.0602581662967454,muon_ns_trajectory
16,1,ns_momentum,"0,1,2,3,4","5,6,7,8,9",80,32,0.9,6,0.001,5,0.4981529833964146,0.08968899540197359,0.8897286978723751,0.4935308919497678,0.22773780531483573,0.22317166381935746,0.004566141495478265,0.004598758164036848,11.728830679693324,11.724505510860599,-0.004325168832725268,0.195,0.195,0.0,-10.827777582716994,-10.825803016710124,-0.001974566006870404,0.9227654291698099,0.02063366226910461,0.9227208492424346,0.00045910771749016206,0.0004975586255226543,0.014009352526439775,0.004745475645924048,0.004745475645924046,0.9690826604466476,muon_ns_trajectory
16,2,frobenius_grad,"0,1,2,3,4","5,6,7,8,9",80,32,0.9,6,0.001,5,0.35677261544010275,0.09945684187016819,0.655064952042549,0.32929627094272734,0.11872901430757593,0.11650081653493058,0.0022281977726453517,0.002345361585059375,11.727887966255649,11.731420398680754,0.0035324324251053696,0.195,0.195,0.0,-10.827361304221148,-10.832810245518804,0.005448941297656162,0.8501669414682419,0.019010310733460736,0.8500551110580924,0.00016433838197466531,0.00019332673827477816,0.006573827372278042,0.00572890520818721,0.006573827372278041,0.3567726154401028,muon_ns_trajectory
16,2,polar_grad,"0,1,2,3,4","5,6,7,8,9",80,32,0.9,6,0.001,5,0.35677261544010275,0.09945684187016819,0.655064952042549,1.0,0.11872901430757593,0.11648932875171977,0.002239685555856158,0.002345361585059375,11.727887966255649,11.735323774868004,0.007435808612354933,0.195,0.195,0.0,-10.827361304221148,-10.839220193627664,0.011858889406516582,0.6684984607936785,0.01494808001188643,0.6685263281935246,0.00043475648347024947,0.0006503206607360367,0.019963260906229303,0.0030803980339984493,0.003080398033998448,0.7613826392477683,muon_ns_trajectory
16,2,polar_momentum,"0,1,2,3,4","5,6,7,8,9",80,32,0.9,6,0.001,5,0.35677261544010275,0.09945684187016819,0.655064952042549,0.2716215131144969,0.11872901430757593,0.11646379846311648,0.002265215844459448,0.002345361585059375,11.727887966255649,11.732203735516341,0.004315769260692548,0.195,0.195,0.0,-10.827361304221148,-10.83639495223953,0.009033648018382578,0.9045848501376301,0.02022713216324202,0.9047080860162526,0.0009103456734150392,0.0010062313883184254,0.028433867887237643,0.004387441067380317,0.004387441067380315,0.5345625272317927,muon_ns_trajectory
16,2,ns_momentum,"0,1,2,3,4","5,6,7,8,9",80,32,0.9,6,0.001,5,0.35677261544010275,0.09945684187016819,0.655064952042549,0.3547933312931599,0.11872901430757593,0.11646053536942827,0.002268478938147661,0.002345361585059375,11.727887966255649,11.72972943259532,0.001841466339671527,0.195,0.195,0.0,-10.827361304221148,-10.833414182200247,0.006052877979099591,0.9570404714087486,0.021400075512884056,0.9570296906739457,0.0005281600674049994,0.0005518742757427579,0.014472063306436132,0.004820080619760105,0.004820080619760104,0.48658140186379367,muon_ns_trajectory
16,3,frobenius_grad,"0,1,2,3,4","5,6,7,8,9",80,32,0.9,6,0.001,5,0.33530458931218915,0.1123606753106314,0.7613746589501708,0.34402993462518866,0.1620443371348331,0.15901627839681481,0.0030280587380182855,0.0032113791615810696,11.728241326863644,11.725274967882585,-0.002966358981058903,0.195,0.195,0.0,-10.82860738561185,-10.831581574030146,0.0029741884182961087,1.3541048206267312,0.030278704275815325,1.3539254946134796,0.0003200400211480673,0.00023637934466950322,0.009577498381899802,0.008089705961544773,0.009577498381899802,0.3353045893121892,muon_ns_trajectory
16,3,polar_grad,"0,1,2,3,4","5,6,7,8,9",80,32,0.9,6,0.001,5,0.33530458931218915,0.1123606753106314,0.7613746589501708,1.0,0.1620443371348331,0.15894922797515137,0.003095109159681725,0.0032113791615810696,11.728241326863644,11.730972626010871,0.0027312991472268067,0.195,0.195,0.0,-10.82860738561185,-10.837052163819731,0.008444778207881143,0.9724539734604936,0.021744731896474398,0.9725356239167631,0.0008671907865771439,0.0008916802276965894,0.027839142522101252,0.004295672951232347,0.004295672951232343,0.7475846504235824,muon_ns_trajectory
16,3,polar_momentum,"0,1,2,3,4","5,6,7,8,9",80,32,0.9,6,0.001,5,0.33530458931218915,0.1123606753106314,0.7613746589501708,0.3776331833814174,0.1620443371348331,0.15901668170387526,0.003027655430957843,0.0032113791615810696,11.728241326863644,11.731261857622217,0.0030205307585724483,0.195,0.195,0.0,-10.82860738561185,-10.837133589748742,0.00852620413689209,1.0622148925224173,0.023751847063927575,1.0624201638118065,0.001174458887332272,0.0011054561343400028,0.03243552346883087,0.005004909929014657,0.005004909929014654,0.6416457453038146,muon_ns_trajectory
16,3,ns_momentum,"0,1,2,3,4","5,6,7,8,9",80,32,0.9,6,0.001,5,0.33530458931218915,0.1123606753106314,0.7613746589501708,0.43941865723447326,0.1620443371348331,0.15904112693365696,0.0030032102011761375,0.0032113791615810696,11.728241326863644,11.72910176816809,0.0008604413044448478,0.195,0.195,0.0,-10.82860738561185,-10.834403895418314,0.005796509806463845,1.1045439214398036,0.024698352924735895,1.1045732540006838,0.0008100928267361317,0.0007333989156464132,0.016306788861095756,0.0053532999022789535,0.005353299902278953,0.5998877739343453,muon_ns_trajectory
16,4,frobenius_grad,"0,1,2,3,4","5,6,7,8,9",80,32,0.9,6,0.001,5,0.4970485468031348,0.1293878451382376,0.6985939719728668,0.25554987749059527,0.1193402037053739,0.11712094533577883,0.0022192583695950785,0.0024445419010524294,11.728366313730234,11.72711048424409,-0.001255829486144222,0.195,0.195,0.0,-10.829639573964725,-10.82725099024215,-0.0023885837225741113,0.6909630497439609,0.01545040349168065,0.6908655045390005,0.0001029532475836922,0.00014902068044689922,0.004918114974432537,0.004631515874186003,0.004918114974432538,0.4970485468031348,muon_ns_trajectory
16,4,polar_grad,"0,1,2,3,4","5,6,7,8,9",80,32,0.9,6,0.001,5,0.4970485468031348,0.1293878451382376,0.6985939719728668,1.0,0.1193402037053739,0.11705886147331362,0.0022813422320602794,0.0024445419010524294,11.728366313730234,11.731440575545216,0.003074261814981938,0.195,0.195,0.0,-10.829639573964725,-10.83463239083887,0.004992816874144879,0.6316440544293309,0.014123990432875608,0.6316422541161795,0.002024969777719434,0.0032058808044006766,0.01924522532636915,0.0029696027386340554,0.0029696027386340532,0.8231881891976098,muon_ns_trajectory
16,4,polar_momentum,"0,1,2,3,4","5,6,7,8,9",80,32,0.9,6,0.001,5,0.4970485468031348,0.1293878451382376,0.6985939719728668,0.322850262481165,0.1193402037053739,0.11708093168635404,0.0022592720190198617,0.0024445419010524294,11.728366313730234,11.73253946483433,0.004173151104096107,0.195,0.195,0.0,-10.829639573964725,-10.838114197869904,0.008474623905179612,0.8686736949825792,0.01942413432246965,0.8687793777939244,0.0011134168819520863,0.001281587604875435,0.02678553557663586,0.004133097870003707,0.004133097870003705,0.5914551210591676,muon_ns_trajectory
16,4,ns_momentum,"0,1,2,3,4","5,6,7,8,9",80,32,0.9,6,0.001,5,0.4970485468031348,0.1293878451382376,0.6985939719728668,0.320023597704689,0.1193402037053739,0.11709704261097809,0.002243161094395818,0.0024445419010524294,11.728366313730234,11.729957775996734,0.0015914622665000877,0.195,0.195,0.0,-10.829639573964725,-10.834998071039163,0.005358497074437807,0.8942986768176487,0.019997126335523776,0.8943353889772088,0.0005583267551284479,0.0006242923650454765,0.013142539070814665,0.004404910226786714,0.004404910226786715,0.5549583930648386,muon_ns_trajectory
16,5,frobenius_grad,"0,1,2,3,4","5,6,7,8,9",80,32,0.9,6,0.001,5,0.8266543741375179,0.19181204956530273,0.9480519300595118,0.2940571103706325,0.31346125448927464,0.30730765538281485,0.006153599106459795,0.006226615909114761,11.728700725362186,11.720519141290822,-0.008181584071364156,0.195,0.195,0.0,-10.830783484669627,-10.821862066840517,-0.008921417829110823,1.0677995878860949,0.02387672464859568,1.0676636914854605,0.0001711228563507332,0.00016027786438316242,0.0075323086696435166,0.00696413275865143,0.007532308669643518,0.8266543741375177,muon_ns_trajectory
16,5,polar_grad,"0,1,2,3,4","5,6,7,8,9",80,32,0.9,6,0.001,5,0.8266543741375179,0.19181204956530273,0.9480519300595118,1.0,0.31346125448927464,0.3072312008713875,0.0062300536178871435,0.006226615909114761,11.728700725362186,11.718632611000453,-0.010068114361732938,0.195,0.195,0.0,-10.830783484669627,-10.821634171027412,-0.009149313642215162,0.8549211857233795,0.019116618866821988,0.854880679129849,0.003913757894943737,0.004578133522595697,0.025615121702548597,0.003952499088389934,0.0039524990883899325,1.5753617571740415,muon_ns_trajectory
16,5,polar_momentum,"0,1,2,3,4","5,6,7,8,9",80,32,0.9,6,0.001,5,0.8266543741375179,0.19181204956530273,0.9480519300595118,0.43520642336382165,0.31346125448927464,0.3072429819359564,0.006218272553318249,0.006226615909114761,11.728700725362186,11.727083787477998,-0.0016169378841883741,0.195,0.195,0.0,-10.830783484669627,-10.832757754634548,0.001974269964920339,0.9270502404550951,0.0207294735621512,0.9270730894434182,0.002721305874260165,0.0029353736024135277,0.02852092766396525,0.004400874682576343,0.004400874682576339,1.4148587174651395,muon_ns_trajectory
16,5,ns_momentum,"0,1,2,3,4","5,6,7,8,9",80,32,0.9,6,0.001,5,0.8266543741375179,0.19181204956530273,0.9480519300595118,0.4234018944642036,0.31346125448927464,0.3072331265924791,0.0062281278967955545,0.006226615909114761,11.728700725362186,11.7256850552472,-0.0030156701149870457,0.195,0.195,0.0,-10.830783484669627,-10.830656415485985,-0.00012706918364280284,0.9446123236308711,0.021122173680226584,0.9445580019441457,0.0016283729239575362,0.0017239522830847038,0.013168482545517795,0.004681926241455981,0.004681926241455981,1.329926100497135,muon_ns_trajectory
17,0,frobenius_grad,"0,1,2,3,4","5,6,7,8,9",80,32,0.9,6,0.001,5,0.5557632653831469,0.05557632653831468,0.9999999999999999,0.30414924453519004,0.1370806973540525,0.13438406773613693,0.0026966296179155858,0.00272370446490213,12.522970439816433,12.520495901489605,-0.0024745383268278687,0.185,0.185,0.0,-11.696485415094276,-11.694987648276864,-0.001497766817411872,0.72591238361235,0.0162318943546612,0.7258742163559777,4.69721481421291e-05,6.471114014482832e-05,0.004900835723686037,0.004488287456571936,0.004900835723686038,0.5557632653831468,muon_ns_trajectory
17,0,polar_grad,"0,1,2,3,4","5,6,7,8,9",80,32,0.9,6,0.001,5,0.5557632653831469,0.05557632653831468,0.9999999999999999,1.0000000000000002,0.1370806973540525,0.13440138816546765,0.0026793091885848608,0.00272370446490213,12.522970439816433,12.520564708172163,-0.0024057316442700483,0.185,0.185,0.0,-11.696485415094276,-11.695398192027891,-0.0010872230663849791,0.5347885674397507,0.011958235903850138,0.5347783940149111,0.0002870961615685263,0.0005368507119614882,0.016113259564973243,0.002486329929684094,0.0024863299296840917,1.0954718568859438,muon_ns_trajectory
17,0,polar_momentum,"0,1,2,3,4","5,6,7,8,9",80,32,0.9,6,0.001,5,0.5557632653831469,0.05557632653831468,0.9999999999999999,0.8031072977715757,0.1370806973540525,0.13440138816546765,0.0026793091885848608,0.00272370446490213,12.522970439816433,12.520564708172149,-0.002405731644284259,0.185,0.185,0.0,-11.696485415094276,-11.695398192027879,-0.0010872230663974136,0.5347842619203521,0.011958139629509595,0.5347743503516661,0.00028678692361366496,0.0005362765125609983,0.016113259564973247,0.002486329929684094,0.0024863299296840917,1.0954718568859438,muon_ns_trajectory
17,0,ns_momentum,"0,1,2,3,4","5,6,7,8,9",80,32,0.9,6,0.001,5,0.5557632653831469,0.05557632653831468,0.9999999999999999,0.5305631170942227,0.1370806973540525,0.13439784965591434,0.0026828476981381744,0.00272370446490213,12.522970439816433,12.520411590945127,-0.0025588488713061963,0.185,0.185,0.0,-11.696485415094276,-11.694418741795243,-0.002066673299033539,0.5534792538554398,0.01237617235756626,0.5534356091505194,0.00018104283962415416,0.0003271253902545968,0.007475072863525614,0.0026953414425634325,0.002695341442563433,1.0105229793490365,muon_ns_trajectory
17,1,frobenius_grad,"0,1,2,3,4","5,6,7,8,9",80,32,0.9,6,0.001,5,0.2617658152861066,0.06836991488079769,0.7984030485533417,0.36501043765658986,0.12729976308115654,0.12489681127832071,0.002402951802835826,0.0025697109596034304,12.522004279691373,12.531778649440971,0.009774369749598222,0.185,0.185,0.0,-11.695689228554542,-11.708433221197078,0.012743992642535673,1.2455078609442096,0.027850402435816067,1.2452974594679227,0.0003631478328116044,0.00029161533258629336,0.00981683172340426,0.007898372153483218,0.009816831723404262,0.2617658152861065,muon_ns_trajectory
17,1,polar_grad,"0,1,2,3,4","5,6,7,8,9",80,32,0.9,6,0.001,5,0.2617658152861066,0.06836991488079769,0.7984030485533417,1.0,0.12729976308115654,0.12484395218947522,0.002455810891681315,0.0025697109596034304,12.522004279691373,12.536257402114927,0.014253122423554032,0.185,0.185,0.0,-11.695689228554542,-11.71485931565382,0.01917008709927792,0.9133363509872882,0.02042282167129184,0.9130912637603807,0.0007749143716909529,0.0008486713239371337,0.02689466029089326,0.004149936178977284,0.004149936178977282,0.6192169828107368,muon_ns_trajectory
17,1,polar_momentum,"0,1,2,3,4","5,6,7,8,9",80,32,0.9,6,0.001,5,0.2617658152861066,0.06836991488079769,0.7984030485533417,0.5030427263314033,0.12729976308115654,0.12495969630639069,0.0023400667747658505,0.0025697109596034304,12.522004279691373,12.529304045711497,0.007299766020123499,0.185,0.185,0.0,-11.695689228554542,-11.70693212812926,0.011242899574718024,1.0527343323133953,0.02353985529300606,1.0525741589073194,0.0010994838382474505,0.0010445666264397259,0.03182478228515323,0.004910670518413386,0.004910670518413383,0.5232912593031579,muon_ns_trajectory
17,1,ns_momentum,"0,1,2,3,4","5,6,7,8,9",80,32,0.9,6,0.001,5,0.2617658152861066,0.06836991488079769,0.7984030485533417,0.45714347024133223,0.12729976308115654,0.1249708318483671,0.002328931232789433,0.0025697109596034304,12.522004279691373,12.52397737976676,0.001973100075387535,0.185,0.185,0.0,-11.695689228554542,-11.700558696012642,0.004869467458100019,1.0893237932239124,0.024358020511565933,1.089059798326867,0.0008480094043163654,0.0007786619298767344,0.015511542557554332,0.005344807960122776,0.005344807960122773,0.480786396588214,muon_ns_trajectory
17,2,frobenius_grad,"0,1,2,3,4","5,6,7,8,9",80,32,0.9,6,0.001,5,0.33725574698756994,0.08913975640287286,0.8809879879870501,0.35604261583154245,0.16677765831736088,0.163597169289625,0.0031804890277358777,0.0031922476973894965,12.52233753289446,12.54048732801785,0.018149795123390433,0.185,0.185,0.0,-11.696505169231413,-11.724676730450547,0.02817156121913378,1.2691927774020373,0.028380013268227137,1.2692041773986573,0.00017602076731098725,0.0001386859344189655,0.009465361897916455,0.007925856317293287,0.009465361897916455,0.33725574698756994,muon_ns_trajectory
17,2,polar_grad,"0,1,2,3,4","5,6,7,8,9",80,32,0.9,6,0.001,5,0.33725574698756994,0.08913975640287286,0.8809879879870501,1.0,0.16677765831736088,0.16360608625555376,0.0031715720618071264,0.0031922476973894965,12.52233753289446,12.535155498539558,0.012817965645098184,0.185,0.185,0.0,-11.696505169231413,-11.7158462707824,0.019341101550987005,0.8556568717715545,0.019133069306960168,0.8555609911464307,0.0007930929347084568,0.0009269858524589016,0.026584912808288327,0.0041021411047690165,0.004102141104769013,0.7781906121362562,muon_ns_trajectory
17,2,polar_momentum,"0,1,2,3,4","5,6,7,8,9",80,32,0.9,6,0.001,5,0.33725574698756994,0.08913975640287286,0.8809879879870501,0.42246826669457893,0.16677765831736088,0.16365747962380509,0.0031201786935557974,0.0031922476973894965,12.52233753289446,12.533679623232462,0.01134209033800282,0.185,0.185,0.0,-11.696505169231413,-11.713736440383427,0.017231271152013505,0.9982251104209725,0.02232099203748528,0.9981395171126757,0.0010153476198057469,0.0010172401777487471,0.0303512839789538,0.004683304793603346,0.004683304793603343,0.6816228791578127,muon_ns_trajectory
17,2,ns_momentum,"0,1,2,3,4","5,6,7,8,9",80,32,0.9,6,0.001,5,0.33725574698756994,0.08913975640287286,0.8809879879870501,0.4572327335230673,0.16677765831736088,0.1636666094063149,0.003111048911045994,0.0031922476973894965,12.52233753289446,12.530718497623784,0.008380964729324702,0.185,0.185,0.0,-11.696505169231413,-11.710780638929682,0.014275469698269205,1.0424478631839154,0.02330984285078634,1.042332741203583,0.0008133873741757595,0.0007803528969420457,0.015201443825732066,0.005059124251637115,0.005059124251637112,0.630988198472591,muon_ns_trajectory
17,3,frobenius_grad,"0,1,2,3,4","5,6,7,8,9",80,32,0.9,6,0.001,5,0.6121212895715842,0.11954590526823401,0.7927379311432617,0.2569972378060285,0.11210561804940637,0.10990722635079457,0.0021983916986118013,0.002242906024623906,12.523961661168283,12.518539568407762,-0.005422092760520414,0.185,0.185,0.0,-11.699242865933856,-11.690693108725506,-0.008549757208349718,0.5452536623032703,0.01219224253890827,0.545208284127827,5.0556740272507216e-05,9.27292224720744e-05,0.0036641529429464665,0.003457296317048818,0.003664152942946466,0.6121212895715842,muon_ns_trajectory
17,3,polar_grad,"0,1,2,3,4","5,6,7,8,9",80,32,0.9,6,0.001,5,0.6121212895715842,0.11954590526823401,0.7927379311432617,1.0,0.11210561804940637,0.1099173092178088,0.0021883088315975685,0.002242906024623906,12.523961661168283,12.521351448193553,-0.002610212974730075,0.185,0.185,0.0,-11.699242865933856,-11.696365974439459,-0.0028768914943970714,0.48555859421407976,0.010857420237219181,0.485568071239333,0.00023448656670609774,0.0004829118317182783,0.014257557685160904,0.002199988913098097,0.0021999889130980958,1.0195078762762368,muon_ns_trajectory
17,3,polar_momentum,"0,1,2,3,4","5,6,7,8,9",80,32,0.9,6,0.001,5,0.6121212895715842,0.11954590526823401,0.7927379311432617,0.362740652924139,0.11210561804940637,0.1099147162824692,0.0021909017669371755,0.002242906024623906,12.523961661168283,12.524619275943985,0.0006576147757026973,0.185,0.185,0.0,-11.699242865933856,-11.701709453838708,0.002466587904851991,0.550795313007288,0.012316157615725704,0.5508018266541654,0.00030116861447810586,0.0005467821635733283,0.01627412553224074,0.0025111520873283607,0.002511152087328358,0.8931780898265537,muon_ns_trajectory
17,3,ns_momentum,"0,1,2,3,4","5,6,7,8,9",80,32,0.9,6,0.001,5,0.6121212895715842,0.11954590526823401,0.7927379311432617,0.38885611686098503,0.11210561804940637,0.10991073575635615,0.002194882293050218,0.002242906024623906,12.523961661168283,12.52447339117256,0.0005117300042769557,0.185,0.185,0.0,-11.699242865933856,-11.701172776847685,0.0019299109138284365,0.5603703134377866,0.012530261134197553,0.5603517568025693,0.0002514168389213972,0.00044867681035928256,0.007635234741976518,0.0026494236316527897,0.0026494236316527892,0.8465637574255026,muon_ns_trajectory
17,4,frobenius_grad,"0,1,2,3,4","5,6,7,8,9",80,32,0.9,6,0.001,5,0.49085225883330197,0.13126946161422653,0.6258459036381944,0.2999615742922207,0.12291010135498424,0.12052539109516804,0.0023847102598162084,0.0025282950550716576,12.524139846726218,12.53179679618247,0.007656949456251283,0.185,0.185,0.0,-11.699963822465433,-11.714380201546705,0.014416379081271913,0.7461885396768407,0.01668528298748715,0.7461531955881374,4.811565213957225e-05,6.44849508439701e-05,0.0051508269740494165,0.004750407434265727,0.0051508269740494165,0.49085225883330197,muon_ns_trajectory
17,4,polar_grad,"0,1,2,3,4","5,6,7,8,9",80,32,0.9,6,0.001,5,0.49085225883330197,0.13126946161422653,0.6258459036381944,1.0000000000000002,0.12291010135498424,0.12048052305133805,0.002429578303646193,0.0025282950550716576,12.524139846726218,12.531483559769079,0.0073437130428608555,0.185,0.185,0.0,-11.699963822465433,-11.713147465480057,0.01318364301462438,0.5438138329296738,0.012160046975354642,0.5438008188030299,0.0003228404274161822,0.0005936740369880139,0.017171622686016148,0.0026496389047373486,0.002649638904737347,0.9542036277287687,muon_ns_trajectory
17,4,polar_momentum,"0,1,2,3,4","5,6,7,8,9",80,32,0.9,6,0.001,5,0.49085225883330197,0.13126946161422653,0.6258459036381944,0.39694308063163636,0.12291010135498424,0.12050967799220973,0.0024004233627745175,0.0025282950550716576,12.524139846726218,12.528446599579842,0.004306752853624474,0.185,0.185,0.0,-11.699963822465433,-11.708721744762732,0.008757922297299103,0.7891103436724919,0.01764504370199913,0.7890885849616633,0.0006211933937452633,0.0007872289697048945,0.023516405351673902,0.003628660124829751,0.0036286601248297482,0.6967571963467595,muon_ns_trajectory
17,4,ns_momentum,"0,1,2,3,4","5,6,7,8,9",80,32,0.9,6,0.001,5,0.49085225883330197,0.13126946161422653,0.6258459036381944,0.4023825227056285,0.12291010135498424,0.12051411554263551,0.002395985812348733,0.0025282950550716576,12.524139846726218,12.528032712481595,0.003892865755377173,0.185,0.185,0.0,-11.699963822465433,-11.707999814126675,0.008035991661241582,0.8247831006845454,0.018442710798236974,0.8247477884226163,0.0005467310356679915,0.0006629069436047232,0.01178198636260006,0.003900366092793341,0.0039003660927933404,0.6482199349807594,muon_ns_trajectory
17,5,frobenius_grad,"0,1,2,3,4","5,6,7,8,9",80,32,0.9,6,0.001,5,0.5085175537905131,0.16266680133250738,0.9120485744131229,0.2919895981416764,0.10990881344081023,0.10773582249862404,0.00217299094218619,0.0021520005247354997,12.525112427635706,12.526981705765877,0.0018692781301705708,0.185,0.185,0.0,-11.701968203710159,-11.706364086139228,0.004395882429069076,0.6187074453912064,0.013834719060799758,0.6186470775103996,6.270299207525049e-05,0.00010135502834278958,0.0042319100072247045,0.0038262203259767326,0.004231910007224705,0.5085175537905131,muon_ns_trajectory
17,5,polar_grad,"0,1,2,3,4","5,6,7,8,9",80,32,0.9,6,0.001,5,0.5085175537905131,0.16266680133250738,0.9120485744131229,1.0,0.10990881344081023,0.10773063046099801,0.002178182979812218,0.0021520005247354997,12.525112427635706,12.52661566831045,0.0015032406747437221,0.185,0.185,0.0,-11.701968203710159,-11.706330256664664,0.004362052954505202,0.493265277188049,0.011029746907327545,0.49322855587099595,0.00023893849316254274,0.0004844376715792529,0.014493358784552782,0.002236373812659009,0.0022363738126590076,0.9622722787013904,muon_ns_trajectory
17,5,polar_momentum,"0,1,2,3,4","5,6,7,8,9",80,32,0.9,6,0.001,5,0.5085175537905131,0.16266680133250738,0.9120485744131229,0.39599364943299314,0.10990881344081023,0.10773527090109394,0.002173542539716286,0.0021520005247354997,12.525112427635706,12.528502307270118,0.003389879634411841,0.185,0.185,0.0,-11.701968203710159,-11.70866863767691,0.006700433966750907,0.5458103462308632,0.012204690369949063,0.5457873682783274,0.00029628697701469575,0.000542861550550951,0.016114555254144968,0.0024865298588638,0.0024865298588637986,0.8654633754202494,muon_ns_trajectory
17,5,ns_momentum,"0,1,2,3,4","5,6,7,8,9",80,32,0.9,6,0.001,5,0.5085175537905131,0.16266680133250738,0.9120485744131229,0.4365271928169257,0.10990881344081023,0.10773557106367639,0.002173242377133844,0.0021520005247354997,12.525112427635706,12.527749492971248,0.002637065335541422,0.185,0.185,0.0,-11.701968203710159,-11.70753512143594,0.0055669177257815505,0.54992854925759,0.012296776189078136,0.549893631949177,0.00023071913575015826,0.00041957048117167886,0.007463241396969146,0.0026002281522403345,0.002600228152240333,0.8276198851555989,muon_ns_trajectory
18,0,frobenius_grad,"0,1,2,3,4","5,6,7,8,9",80,32,0.9,6,0.001,5,0.39434162644514703,0.03943416264451469,1.0,0.3236387845054782,0.09333677058947264,0.09151921031635964,0.0018175602731130003,0.0018654049264089328,12.644009652980168,12.641499679836652,-0.0025099731435158645,0.19,0.19,0.0,-11.804734173963972,-11.80219731098091,-0.0025368629830619938,0.69757413712384,0.01559823189954666,0.6975080319539092,9.179123185267125e-05,0.00013159881699933849,0.004730428646919453,0.004097276975641924,0.004730428646919452,0.39434162644514703,muon_ns_trajectory
18,0,polar_grad,"0,1,2,3,4","5,6,7,8,9",80,32,0.9,6,0.001,5,0.39434162644514703,0.03943416264451469,1.0,1.0,0.09333677058947264,0.09148713950935518,0.0018496310801174587,0.0018654049264089328,12.644009652980168,12.643672318813874,-0.00033733416629466717,0.19,0.19,0.0,-11.804734173963972,-11.805997333378928,0.0012631594149556946,0.508421667507081,0.011368654097796296,0.5084095607781478,0.00024758408982474657,0.0004869776434687931,0.014616383676473051,0.0022553569656110304,0.0022553569656110287,0.8270996364886084,muon_ns_trajectory
18,0,polar_momentum,"0,1,2,3,4","5,6,7,8,9",80,32,0.9,6,0.001,5,0.39434162644514703,0.03943416264451469,1.0,0.6546180850411251,0.09333677058947264,0.09148713950935519,0.0018496310801174448,0.0018654049264089328,12.644009652980168,12.643672317163416,-0.0003373358167522156,0.19,0.19,0.0,-11.804734173963972,-11.805997330882187,0.0012631569182151026,0.5084057337088622,0.011368297807236718,0.5083938127610016,0.0002463654902060318,0.00048459576812719677,0.014616383676473055,0.00225535696561103,0.002255356965611029,0.8270996364886083,muon_ns_trajectory
18,0,ns_momentum,"0,1,2,3,4","5,6,7,8,9",80,32,0.9,6,0.001,5,0.39434162644514703,0.03943416264451469,1.0,0.5036988482038206,0.09333677058947264,0.09150135842114175,0.0018354121683308855,0.0018654049264089328,12.644009652980168,12.643784967025503,-0.00022468595466484942,0.19,0.19,0.0,-11.804734173963972,-11.80593774998419,0.0012035760202184775,0.5259453793405354,0.011760496206573507,0.5259146446103281,0.00018940214753485605,0.00036013856901663565,0.006521320788006552,0.0023977823345038415,0.002397782334503841,0.7779709190304507,muon_ns_trajectory
18,1,frobenius_grad,"0,1,2,3,4","5,6,7,8,9",80,32,0.9,6,0.001,5,0.3076251151674626,0.06138089225739759,0.9147064260310661,0.3188765232599221,0.06583453060661855,0.06456337327230396,0.0012711573343145849,0.001309455267070254,12.643903774229486,12.6480262951373,0.0041225209078135094,0.19,0.19,0.0,-11.80522687128554,-11.812975921507395,0.007749050221853793,0.6525189962834811,0.01459076832299796,0.6524902396881471,6.38374604545883e-05,9.783665190930509e-05,0.004256659168928463,0.003629382295481914,0.004256659168928463,0.3076251151674626,muon_ns_trajectory
18,1,polar_grad,"0,1,2,3,4","5,6,7,8,9",80,32,0.9,6,0.001,5,0.3076251151674626,0.06138089225739759,0.9147064260310661,1.0,0.06583453060661855,0.06456231281602734,0.0012722177905912097,0.001309455267070254,12.643903774229486,12.649563025406302,0.0056592511768158715,0.19,0.19,0.0,-11.80522687128554,-11.81455894944949,0.009332078163948765,0.46815188567684224,0.010468194401681298,0.4680859433114259,0.00020295604274121902,0.0004335871342459621,0.013348926178108077,0.002059784027678742,0.0020597840276787406,0.6357245465904188,muon_ns_trajectory
18,1,polar_momentum,"0,1,2,3,4","5,6,7,8,9",80,32,0.9,6,0.001,5,0.3076251151674626,0.06138089225739759,0.9147064260310661,0.4427734382824535,0.06583453060661855,0.06457295611280452,0.0012615744938140327,0.001309455267070254,12.643903774229486,12.647839404105868,0.003935629876382407,0.19,0.19,0.0,-11.80522687128554,-11.812453352231081,0.007226480945540459,0.5342083923951488,0.011945262795464349,0.534156310623647,0.0002619168482062539,0.0004903374592737777,0.01523906106952479,0.0023514381733045764,0.002351438173304575,0.5568742065754685,muon_ns_trajectory
18,1,ns_momentum,"0,1,2,3,4","5,6,7,8,9",80,32,0.9,6,0.001,5,0.3076251151674626,0.06138089225739759,0.9147064260310661,0.37735514183739116,0.06583453060661855,0.06458203250343479,0.0012524981031837579,0.001309455267070254,12.643903774229486,12.646238664852149,0.0023348906226630106,0.19,0.19,0.0,-11.80522687128554,-11.810310297331087,0.0050834260455463465,0.5553919113227925,0.012418940678712992,0.5553569256497656,0.0002484036282711218,0.00044728645092611467,0.006589406616857923,0.002522533521315762,0.002522533521315762,0.5191032174617992,muon_ns_trajectory
18,2,frobenius_grad,"0,1,2,3,4","5,6,7,8,9",80,32,0.9,6,0.001,5,0.5886364306027799,0.10964848392933393,0.9633835931484359,0.293348789698218,0.11870107380248583,0.11629609254207897,0.0024049812604068632,0.0025091370022411914,12.644815077439288,12.643254363385577,-0.0015607140537117203,0.19,0.19,0.0,-11.80720314229354,-11.804272669347483,-0.002930472946056639,0.6523849550307549,0.014587771069469117,0.6523350864225026,6.675850613559142e-05,0.0001023377517553202,0.004262626082574886,0.0038384876786534887,0.004262626082574886,0.5886364306027798,muon_ns_trajectory
18,2,polar_grad,"0,1,2,3,4","5,6,7,8,9",80,32,0.9,6,0.001,5,0.5886364306027799,0.10964848392933393,0.9633835931484359,1.0,0.11870107380248583,0.11630805979319697,0.00239301400928886,0.0025091370022411914,12.644815077439288,12.644102104177565,-0.0007129732617237039,0.19,0.19,0.0,-11.80720314229354,-11.807897796048582,0.000694653755042296,0.5132783879384959,0.011477253668119858,0.5132651175531646,0.00024169005858928945,0.000470887364684889,0.014530914161807369,0.0022421687331784807,0.0022421687331784794,1.119066984171285,muon_ns_trajectory
18,2,polar_momentum,"0,1,2,3,4","5,6,7,8,9",80,32,0.9,6,0.001,5,0.5886364306027799,0.10964848392933393,0.9633835931484359,0.46052474006374894,0.11870107380248583,0.11630601985435288,0.0023950539481329552,0.0025091370022411914,12.644815077439288,12.64750967125535,0.002694593816061186,0.19,0.19,0.0,-11.80720314229354,-11.812404535342699,0.005201393049159009,0.5354021928073263,0.011971956984196308,0.5353698832559185,0.00026036908160491487,0.0004863349429023686,0.01513189897827201,0.0023349027036353286,0.002334902703635327,1.074621652685823,muon_ns_trajectory
18,2,ns_momentum,"0,1,2,3,4","5,6,7,8,9",80,32,0.9,6,0.001,5,0.5886364306027799,0.10964848392933393,0.9633835931484359,0.47383489439199705,0.11870107380248583,0.11630050384611183,0.002400569956373999,0.0025091370022411914,12.644815077439288,12.646071270839402,0.0012561934001134034,0.19,0.19,0.0,-11.80720314229354,-11.810287814273636,0.0030846719800958766,0.5637723834109675,0.01260633373143998,0.5637515144792445,0.0002649767724013735,0.0004700240542078917,0.00650296757753846,0.0025432185442959957,0.0025432185442959944,0.9865990509815832,muon_ns_trajectory
18,3,frobenius_grad,"0,1,2,3,4","5,6,7,8,9",80,32,0.9,6,0.001,5,0.4907028134493189,0.1337959125112349,0.8050365439133116,0.3167796412018958,0.10668983911340747,0.10459673354125296,0.002093105572154516,0.0021235063041010077,12.645295418847086,12.655506069152496,0.01021065030541024,0.19,0.19,0.0,-11.808390960909124,-11.823686792087155,0.01529583117803135,0.681855656399711,0.015246755985524926,0.6818419851880975,4.687662519587366e-05,6.874998344805939e-05,0.004327479374275748,0.0037303416100954606,0.004327479374275748,0.4907028134493189,muon_ns_trajectory
18,3,polar_grad,"0,1,2,3,4","5,6,7,8,9",80,32,0.9,6,0.001,5,0.4907028134493189,0.1337959125112349,0.8050365439133116,1.0,0.10668983911340747,0.10459595266844687,0.0020938864449605993,0.0021235063041010077,12.645295418847086,12.653884624016657,0.008589205169570846,0.19,0.19,0.0,-11.808390960909124,-11.822054915878837,0.013663954969713288,0.49741253205043695,0.0111224823452507,0.49736191183967815,0.0002171834474103986,0.00043667084720473427,0.013660850671643,0.0021079150219664115,0.0021079150219664093,1.0073965420674567,muon_ns_trajectory
18,3,polar_momentum,"0,1,2,3,4","5,6,7,8,9",80,32,0.9,6,0.001,5,0.4907028134493189,0.1337959125112349,0.8050365439133116,0.41638474744624754,0.10668983911340747,0.10461111204787273,0.0020787270655347467,0.0021235063041010077,12.645295418847086,12.650913011504468,0.00561759265738182,0.19,0.19,0.0,-11.808390960909124,-11.817868323142577,0.009477362233452524,0.5510234517130773,0.012321258952270138,0.550967687590422,0.00026644525543792545,0.00048359506635168654,0.015209405408176453,0.002346862205413187,0.002346862205413186,0.9048278587481644,muon_ns_trajectory
18,3,ns_momentum,"0,1,2,3,4","5,6,7,8,9",80,32,0.9,6,0.001,5,0.4907028134493189,0.1337959125112349,0.8050365439133116,0.43190232621273944,0.10668983911340747,0.10461189047228511,0.0020779486411223597,0.0021235063041010077,12.645295418847086,12.650153869950941,0.004858451103855188,0.19,0.19,0.0,-11.808390960909124,-11.816469897420657,0.008078936511532575,0.5875524104455753,0.013138071301001638,0.5875185236914519,0.00026468702670005406,0.0004505169046194367,0.006893421677730295,0.002570103744894375,0.0025701037448943756,0.826233691273921,muon_ns_trajectory
18,4,frobenius_grad,"0,1,2,3,4","5,6,7,8,9",80,32,0.9,6,0.001,5,0.33275471781762234,0.1488015188479824,0.8834861472339762,0.35252622620752283,0.10011408486179177,0.09809545963024854,0.002018625231543225,0.001974545068777596,12.647169848377848,12.659692061950842,0.012522213572994545,0.19,0.19,0.0,-11.811526233581308,-11.830913111299388,0.019386877718080342,0.9105969135460745,0.020361565987905218,0.910487439132565,0.00015377978308530444,0.0001688983026847825,0.005933935607968789,0.00473012531157861,0.005933935607968788,0.33275471781762245,muon_ns_trajectory
18,4,polar_grad,"0,1,2,3,4","5,6,7,8,9",80,32,0.9,6,0.001,5,0.33275471781762234,0.1488015188479824,0.8834861472339762,0.9999999999999998,0.10011408486179177,0.09809696938989612,0.0020171154718956474,0.001974545068777596,12.647169848377848,12.656628512313803,0.009458663935955514,0.19,0.19,0.0,-11.811526233581308,-11.826933114490776,0.015406880909468512,0.6286296058862934,0.014056585314306539,0.6285368431820144,0.0003262572832184672,0.0005190742384595397,0.01683260752485303,0.00259732772968194,0.0025973277296819377,0.7602217641665858,muon_ns_trajectory
18,4,polar_momentum,"0,1,2,3,4","5,6,7,8,9",80,32,0.9,6,0.001,5,0.33275471781762234,0.1488015188479824,0.8834861472339762,0.47464090038291473,0.10011408486179177,0.0981304856510435,0.0019835992107482686,0.001974545068777596,12.647169848377848,12.655679640850872,0.008509792473024191,0.19,0.19,0.0,-11.811526233581308,-11.825482495130244,0.0139562615489357,0.6965696424953545,0.015575770716823393,0.6964668924821545,0.00041231239776447703,0.0005920057395621883,0.018997883265056727,0.002931437029987019,0.002931437029987017,0.6735758089220634,muon_ns_trajectory
18,4,ns_momentum,"0,1,2,3,4","5,6,7,8,9",80,32,0.9,6,0.001,5,0.33275471781762234,0.1488015188479824,0.8834861472339762,0.43741557525184094,0.10011408486179177,0.09812946831415885,0.0019846165476329197,0.001974545068777596,12.647169848377848,12.655351559193363,0.00818171081551533,0.19,0.19,0.0,-11.811526233581308,-11.824659118077898,0.013132884496590336,0.7660875827897614,0.017130239118364053,0.7660151615134022,0.00043891208069988386,0.0005729809313861794,0.008855593618192272,0.003296646959199033,0.0032966469591990334,0.598955573106724,muon_ns_trajectory
18,5,frobenius_grad,"0,1,2,3,4","5,6,7,8,9",80,32,0.9,6,0.001,5,0.392801119176872,0.16242093894498413,0.7828129163978841,0.2862193825086702,0.06711366002311439,0.06587478741902578,0.0012388726040886144,0.0012407133860561348,12.649626424123387,12.64766684588641,-0.0019595782369759007,0.19,0.19,0.0,-11.81550485744257,-11.814024054003385,-0.0014808034391844416,0.4824199395129548,0.010787237784523031,0.4823973503484576,2.5498404347728123e-05,5.285767910895336e-05,0.0031586299668801636,0.0027900538874881154,0.0031586299668801645,0.392801119176872,muon_ns_trajectory
18,5,polar_grad,"0,1,2,3,4","5,6,7,8,9",80,32,0.9,6,0.001,5,0.392801119176872,0.16242093894498413,0.7828129163978841,1.0,0.06711366002311439,0.06584957617873664,0.0012640838443777475,0.0012407133860561348,12.649626424123387,12.648581180645186,-0.0010452434782006748,0.19,0.19,0.0,-11.81550485744257,-11.815252647973484,-0.0002522094690853294,0.37524822048968076,0.008390805294507548,0.3752333879506671,0.0001325976092149904,0.0003533736961392768,0.011035695553512989,0.001702844793068817,0.0017028447930688161,0.7286121384087848,muon_ns_trajectory
18,5,polar_momentum,"0,1,2,3,4","5,6,7,8,9",80,32,0.9,6,0.001,5,0.392801119176872,0.16242093894498413,0.7828129163978841,0.30148435568921755,0.06711366002311439,0.06583057131558062,0.0012830887075337694,0.0012407133860561348,12.649626424123387,12.65530582385552,0.005679399732132495,0.19,0.19,0.0,-11.81550485744257,-11.825014475398309,0.009509617955739458,0.514975569407336,0.01151520379946465,0.5149223144999394,0.00023258588689410747,0.00045169121699451003,0.014193368435050464,0.0021900842967745022,0.002190084296774501,0.5665139866458223,muon_ns_trajectory
18,5,ns_momentum,"0,1,2,3,4","5,6,7,8,9",80,32,0.9,6,0.001,5,0.392801119176872,0.16242093894498413,0.7828129163978841,0.3201561416953498,0.06711366002311439,0.06583353866852643,0.0012801213545879653,0.0012407133860561348,12.649626424123387,12.654425753611726,0.004799329488339055,0.19,0.19,0.0,-11.81550485744257,-11.823519493648714,0.008014636206144843,0.5271324764785408,0.011787040505538263,0.5270972052969098,0.0002153343724677929,0.0004085287690844361,0.006074636643937945,0.0023048981674588425,0.0023048981674588403,0.5382942307703018,muon_ns_trajectory
19,0,frobenius_grad,"0,1,2,3,4","5,6,7,8,9",80,32,0.9,6,0.001,5,0.6914203991386962,0.06914203991386961,0.9999999999999999,0.289544230579057,0.116124471931893,0.11381891662379584,0.0023055553080971597,0.0023655512048462884,11.278054653133577,11.28036936845754,0.0023147153239637674,0.19,0.19,0.0,-10.418679566630994,-10.422238467757001,0.003558901126007541,0.4637525390771808,0.010369822021147038,0.4637139364612126,4.7100223059494466e-05,0.00010157172203823589,0.0034212921802611843,0.0029870785191918833,0.0034212921802611843,0.6914203991386962,muon_ns_trajectory
19,0,polar_grad,"0,1,2,3,4","5,6,7,8,9",80,32,0.9,6,0.001,5,0.6914203991386962,0.06914203991386961,0.9999999999999999,0.9999999999999998,0.116124471931893,0.11380482318203099,0.0023196487498620133,0.0023655512048462884,11.278054653133577,11.280495514044016,0.002440860910439824,0.19,0.19,0.0,-10.418679566630994,-10.423504610002153,0.00482504337115941,0.3988107019347092,0.008917678396804166,0.39880448281732483,0.00015651022895635526,0.00039244851976261727,0.011816129692582625,0.0018232683951520437,0.0018232683951520418,1.2974234682815449,muon_ns_trajectory
19,0,polar_momentum,"0,1,2,3,4","5,6,7,8,9",80,32,0.9,6,0.001,5,0.6914203991386962,0.06914203991386961,0.9999999999999999,0.8047424374159702,0.116124471931893,0.11380482318203106,0.002319648749861944,0.0023655512048462884,11.278054653133577,11.280495514046347,0.002440860912770404,0.19,0.19,0.0,-10.418679566630994,-10.423504610004485,0.004825043373491766,0.3987886810726886,0.008917185995360158,0.39878249663198245,0.0001565159398862694,0.00039248447764925497,0.011816129692582616,0.0018232683951520418,0.001823268395152041,1.2974234682815455,muon_ns_trajectory
19,0,ns_momentum,"0,1,2,3,4","5,6,7,8,9",80,32,0.9,6,0.001,5,0.6914203991386962,0.06914203991386961,0.9999999999999999,0.48823427663990965,0.116124471931893,0.11381844079797655,0.0023060311339164474,0.0023655512048462884,11.278054653133577,11.279977254415304,0.0019226012817270544,0.19,0.19,0.0,-10.418679566630994,-10.422154057818183,0.0034744911871893436,0.4126903497426778,0.009228036756827903,0.4126548272391601,0.00010205097866783289,0.0002473034893365921,0.004534749587817423,0.002005332713734149,0.0020053327137341476,1.1796302871065094,muon_ns_trajectory
19,1,frobenius_grad,"0,1,2,3,4","5,6,7,8,9",80,32,0.9,6,0.001,5,0.47482972654097944,0.10702190111629978,0.967784560171934,0.34063953191864754,0.10186081418213408,0.09982971397982152,0.0020311002023125635,0.0020930653500888384,11.279006535881656,11.283405399130709,0.004398863249052809,0.19,0.19,0.0,-10.420412648849119,-10.427304407667059,0.006891758817939575,0.594822609955906,0.01330063790415249,0.5947750342898203,0.0009121475388658114,0.0015336009184631358,0.004408033518323119,0.0034846865492914937,0.00440803351832312,0.47482972654097944,muon_ns_trajectory
19,1,polar_grad,"0,1,2,3,4","5,6,7,8,9",80,32,0.9,6,0.001,5,0.47482972654097944,0.10702190111629978,0.967784560171934,0.9999999999999998,0.10186081418213408,0.0998216043293431,0.002039209852790977,0.0020930653500888384,11.279006535881656,11.283942752188306,0.004936216306649754,0.19,0.19,0.0,-10.420412648849119,-10.428919883893082,0.00850723504396278,0.4408098796278136,0.009856808560012906,0.4407891140900202,0.00018663396740264837,0.0004234087490748082,0.012940463760899776,0.0019967569083698877,0.0019967569083698855,1.0482324319576675,muon_ns_trajectory
19,1,polar_momentum,"0,1,2,3,4","5,6,7,8,9",80,32,0.9,6,0.001,5,0.47482972654097944,0.10702190111629978,0.967784560171934,0.5921829090781582,0.10186081418213408,0.09982098348349722,0.002039830698636863,0.0020930653500888384,11.279006535881656,11.282820055208163,0.0038135193265063094,0.19,0.19,0.0,-10.420412648849119,-10.4275391037938,0.00712645494468056,0.45063924468696526,0.010076599844492148,0.4506304521620434,0.00019628121676041935,0.00043557024568290396,0.013271725330312031,0.0020478716782438983,0.002047871678243897,1.0220686053355141,muon_ns_trajectory
19,1,ns_momentum,"0,1,2,3,4","5,6,7,8,9",80,32,0.9,6,0.001,5,0.47482972654097944,0.10702190111629978,0.967784560171934,0.48157622742232975,0.10186081418213408,0.09981752255364307,0.002043291628491012,0.0020930653500888384,11.279006535881656,11.283003377148718,0.003996841267062123,0.19,0.19,0.0,-10.420412648849119,-10.426973885818997,0.0065612369698779816,0.487219250911294,0.010894553649841793,0.48720473465539293,0.0006549539485388781,0.0013443094903462642,0.005551835864290963,0.0022925501389691647,0.002292550138969164,0.9129856374831465,muon_ns_trajectory
19,2,frobenius_grad,"0,1,2,3,4","5,6,7,8,9",80,32,0.9,6,0.001,5,0.401473243294633,0.13347097456680826,0.9469830392051402,0.3105576342045268,0.13250681125331873,0.12987621316495296,0.002630598088365771,0.002694605740093788,11.280740423033414,11.284418151724308,0.003677728690894,0.19,0.19,0.0,-10.423276020734106,-10.428990490558599,0.005714469824493307,0.8888445287152291,0.019875167876360178,0.8887819994507785,0.00011159406836126563,0.00012555842538465565,0.006711794086153511,0.005942670109693216,0.006711794086153512,0.401473243294633,muon_ns_trajectory
19,2,polar_grad,"0,1,2,3,4","5,6,7,8,9",80,32,0.9,6,0.001,5,0.401473243294633,0.13347097456680826,0.9469830392051402,1.0000000000000002,0.13250681125331873,0.12988368793261756,0.002623123320701165,0.002694605740093788,11.280740423033414,11.283974345753906,0.003233922720491833,0.19,0.19,0.0,-10.423276020734106,-10.428463214648481,0.005187193914375499,0.6781779199954956,0.015164519299493424,0.6780977446933765,0.000523461636363393,0.000771956020293347,0.02161207243655541,0.003334815176583892,0.0033348151765838895,0.8080225132158845,muon_ns_trajectory
19,2,polar_momentum,"0,1,2,3,4","5,6,7,8,9",80,32,0.9,6,0.001,5,0.401473243294633,0.13347097456680826,0.9469830392051402,0.39254550085934714,0.13250681125331873,0.12990220302617794,0.0026046082271407867,0.002694605740093788,11.280740423033414,11.28718943764178,0.006449014608365999,0.19,0.19,0.0,-10.423276020734106,-10.435251699649625,0.011975678915518984,0.7987928383948817,0.0178615508659096,0.7987409087652112,0.00064026402297393,0.0008015916249534864,0.02389068452233307,0.003686412654683496,0.0036864126546834936,0.7309560791221676,muon_ns_trajectory
19,2,ns_momentum,"0,1,2,3,4","5,6,7,8,9",80,32,0.9,6,0.001,5,0.401473243294633,0.13347097456680826,0.9469830392051402,0.3999539721555182,0.13250681125331873,0.12991771098294552,0.002589100270373207,0.002694605740093788,11.280740423033414,11.286958195975872,0.006217772942457955,0.19,0.19,0.0,-10.423276020734106,-10.433355045868026,0.010079025133920894,0.8380187918818675,0.018738669850701044,0.8379096083942497,0.0005385769615980193,0.0006427626037492703,0.009863516361683016,0.004041519072843505,0.004041519072843504,0.6667309225879604,muon_ns_trajectory
19,3,frobenius_grad,"0,1,2,3,4","5,6,7,8,9",80,32,0.9,6,0.001,5,0.4013138971048426,0.14115695475419218,0.627209910515724,0.30588209413933826,0.08888795079060569,0.08710914668574145,0.0017788041048642372,0.001871243439253641,11.282255276679802,11.283888698132385,0.0016334214525830504,0.19,0.19,0.0,-10.425735231281319,-10.429852579887228,0.004117348605909399,0.6375375900372563,0.014255773895346985,0.637467915610112,9.55005536847686e-05,0.00014981232991681832,0.004662792524139232,0.004060572204609924,0.004662792524139231,0.40131389710484267,muon_ns_trajectory
19,3,polar_grad,"0,1,2,3,4","5,6,7,8,9",80,32,0.9,6,0.001,5,0.4013138971048426,0.14115695475419218,0.627209910515724,1.0,0.08888795079060569,0.08709844826276836,0.0017895025278373278,0.001871243439253641,11.282255276679802,11.286590938204215,0.004335661524413226,0.19,0.19,0.0,-10.425735231281319,-10.4335214583982,0.00778622711688115,0.5076909420352848,0.011352314579518028,0.5076536120757748,0.0002627863187510624,0.0005176488702139634,0.015243757687938385,0.002352162877259288,0.002352162877259286,0.7955416086805999,muon_ns_trajectory
19,3,polar_momentum,"0,1,2,3,4","5,6,7,8,9",80,32,0.9,6,0.001,5,0.4013138971048426,0.14115695475419218,0.627209910515724,0.316145630713736,0.08888795079060569,0.0870434277705822,0.0018445230200234836,0.001871243439253641,11.282255276679802,11.28859556025535,0.006340283575548611,0.19,0.19,0.0,-10.425735231281319,-10.437098813287385,0.011363582006065798,0.6787395194249718,0.015177077044497762,0.6786903834722011,0.00045638738678817494,0.0006724530034642348,0.020252447953376006,0.003125020564138833,0.00312502056413883,0.5987939601828842,muon_ns_trajectory
19,3,ns_momentum,"0,1,2,3,4","5,6,7,8,9",80,32,0.9,6,0.001,5,0.4013138971048426,0.14115695475419218,0.627209910515724,0.3450481084953845,0.08888795079060569,0.087042633758273,0.0018453170323326912,0.001871243439253641,11.282255276679802,11.288647077646704,0.0063918009669023945,0.19,0.19,0.0,-10.425735231281319,-10.436576399266958,0.010841167985638833,0.7463309613520591,0.016688467632959728,0.7462435347065307,0.0004470431636021212,0.0005990580056119701,0.008893097520596837,0.0035421559782554527,0.0035421559782554514,0.5282781025852079,muon_ns_trajectory
19,4,frobenius_grad,"0,1,2,3,4","5,6,7,8,9",80,32,0.9,6,0.001,5,0.38003174015859376,0.15835782931794412,0.8625614008926387,0.3490804863302437,0.11582341248931932,0.1135473484468396,0.0022760640424797224,0.0022967559284046745,11.284039985305169,11.288869483564296,0.004829498259127263,0.19,0.19,0.0,-10.428756255922272,-10.437250782121884,0.008494526199612551,0.8075991527789635,0.018058466041850005,0.8075293965493912,0.00014952534763865722,0.00018516396836769738,0.00604358974712533,0.004779976086198402,0.006043589747125331,0.38003174015859364,muon_ns_trajectory
19,4,polar_grad,"0,1,2,3,4","5,6,7,8,9",80,32,0.9,6,0.001,5,0.38003174015859376,0.15835782931794412,0.8625614008926387,1.0,0.11582341248931932,0.113541130860892,0.002282281628427321,0.0022967559284046745,11.284039985305169,11.29012654766721,0.006086562362041192,0.19,0.19,0.0,-10.428756255922272,-10.438742771389803,0.009986515467531376,0.5770274833575645,0.012902726776731427,0.5769874058556269,0.0003298639865909849,0.0005717004968276952,0.017312883371566813,0.002671435901735757,0.0026714359017357557,0.8597458493809886,muon_ns_trajectory
19,4,polar_momentum,"0,1,2,3,4","5,6,7,8,9",80,32,0.9,6,0.001,5,0.38003174015859376,0.15835782931794412,0.8625614008926387,0.4519546787032573,0.11582341248931932,0.11352910539029933,0.002294307099019996,0.0022967559284046745,11.284039985305169,11.290098497652513,0.006058512347344447,0.19,0.19,0.0,-10.428756255922272,-10.439383033201626,0.010626777279354016,0.6274016613442351,0.014029127639620118,0.6273497527765989,0.00038908924710050544,0.0006202110471526101,0.018728502262898395,0.0028898706389378424,0.002889870638937841,0.7947608095180471,muon_ns_trajectory
19,4,ns_momentum,"0,1,2,3,4","5,6,7,8,9",80,32,0.9,6,0.001,5,0.38003174015859376,0.15835782931794412,0.8625614008926387,0.4488205254328169,0.11582341248931932,0.11351971956975587,0.0023036929195634492,0.0022967559284046745,11.284039985305169,11.2901313050864,0.006091319781230453,0.19,0.19,0.0,-10.428756255922272,-10.439038846068756,0.010282590146484694,0.6757856112973749,0.015111025650771796,0.6757233956220359,0.0003532220980838909,0.0005227317869595635,0.00825123773109841,0.0031774068115143976,0.0031774068115143967,0.7228397446879042,muon_ns_trajectory
19,5,frobenius_grad,"0,1,2,3,4","5,6,7,8,9",80,32,0.9,6,0.001,5,0.2983950936082201,0.15900179420978078,0.6174928127043712,0.3622716006561834,0.07310004767969631,0.07166319181447471,0.0014368558652216035,0.001505920583213031,11.285939189761523,11.28137646457745,-0.004562725184072747,0.19,0.19,0.0,-10.431966426183871,-10.428343921687919,-0.003622504495952583,0.655220029861405,0.014651165269895435,0.6552258951467307,9.129551662579482e-05,0.00013933441474462817,0.005046733728102916,0.004030338687720745,0.005046733728102915,0.29839509360822014,muon_ns_trajectory
19,5,polar_grad,"0,1,2,3,4","5,6,7,8,9",80,32,0.9,6,0.001,5,0.2983950936082201,0.15900179420978078,0.6174928127043712,0.9999999999999998,0.07310004767969631,0.0716639934813084,0.0014360541983879094,0.001505920583213031,11.285939189761523,11.284370881829775,-0.0015683079317483362,0.19,0.19,0.0,-10.431966426183871,-10.43245742792863,0.0004910017447592452,0.45943978173152716,0.010273385835193605,0.45945261625356276,0.00021748605864797555,0.00047335906022559097,0.013930801417946524,0.00214956932644581,0.002149569326445809,0.7005685114157195,muon_ns_trajectory
19,5,polar_momentum,"0,1,2,3,4","5,6,7,8,9",80,32,0.9,6,0.001,5,0.2983950936082201,0.15900179420978078,0.6174928127043712,0.3830531912850823,0.07310004767969631,0.07165557775299039,0.0014444699267059241,0.001505920583213031,11.285939189761523,11.292474006791533,0.006534817030010132,0.19,0.19,0.0,-10.431966426183871,-10.44403007853446,0.012063652350589038,0.7398969845676789,0.01654459953840443,0.7398376861063751,0.0005651670875495981,0.0007639068651989937,0.02252053562552161,0.0034749940899586203,0.003474994089958618,0.4333591782399159,muon_ns_trajectory
19,5,ns_momentum,"0,1,2,3,4","5,6,7,8,9",80,32,0.9,6,0.001,5,0.2983950936082201,0.15900179420978078,0.6174928127043712,0.32318515888296573,0.07310004767969631,0.07166765162934766,0.0014323960503486582,0.001505920583213031,11.285939189761523,11.292546291520566,0.006607101759042777,0.19,0.19,0.0,-10.431966426183871,-10.444021693599547,0.01205526741567553,0.8619275642404776,0.01927328625322524,0.8618495911584327,0.0006106731664649187,0.0007085611836795075,0.011177629405072375,0.0041374013171182255,0.0041374013171182255,0.3639774021877897,muon_ns_trajectory
0,0,frobenius_grad,"0,1,2,3,4","5,6,7,8,9",80,32,0.9,6,0.001,5,0.5036348234553122,0.0503634823455312,1.0000000000000002,0.30113486853956306,0.12245400290366898,0.12010049103983345,0.0023535118638355335,0.002347386176884874,12.431107949501623,12.434798168562912,0.0036902190612888575,0.19,0.19,0.0,-11.462027261065277,-11.469462682973871,0.007435421908594364,0.5897587344358136,0.013187406205227247,0.5897826329150262,3.287153362916035e-05,5.573499759850739e-05,0.004660889334021913,0.004253414670320708,0.004660889334021913,0.5036348234553122,fro_gd_trajectory
0,0,polar_grad,"0,1,2,3,4","5,6,7,8,9",80,32,0.9,6,0.001,5,0.5036348234553122,0.0503634823455312,1.0000000000000002,1.0000000000000002,0.12245400290366898,0.12007320897175082,0.00238079393191816,0.002347386176884874,12.431107949501623,12.437236042362981,0.00612809286135807,0.19,0.19,0.0,-11.462027261065277,-11.473143288916852,0.011116027851574728,0.4975081415708576,0.011124620239120267,0.4975166718073546,0.00024652702747466395,0.0004955151082256047,0.015477747085969109,0.0023882682252310415,0.00238826822523104,0.9828821369751252,fro_gd_trajectory
0,0,polar_momentum,"0,1,2,3,4","5,6,7,8,9",80,32,0.9,6,0.001,5,0.5036348234553122,0.0503634823455312,1.0000000000000002,0.7237215379896194,0.12245400290366898,0.12007320897175082,0.00238079393191816,0.002347386176884874,12.431107949501623,12.437236042364818,0.006128092863194823,0.19,0.19,0.0,-11.462027261065277,-11.473143288918687,0.011116027853409705,0.4975310577266728,0.011125132659942126,0.49754029814808826,0.00024925352695672376,0.0005009715351389201,0.015477747085969114,0.0023882682252310415,0.00238826822523104,0.982882136975125,fro_gd_trajectory
0,0,ns_momentum,"0,1,2,3,4","5,6,7,8,9",80,32,0.9,6,0.001,5,0.5036348234553122,0.0503634823455312,1.0000000000000002,0.5325044590834199,0.12245400290366898,0.12007858534759973,0.002375417556069251,0.002347386176884874,12.431107949501623,12.435933650284124,0.004825700782500775,0.19,0.19,0.0,-11.462027261065277,-11.471248545020647,0.009221283955369586,0.5130104918651945,0.011471263329811772,0.5130639890224117,0.0009332498817410934,0.0018189736596390263,0.007037978675249229,0.002614083590627738,0.0026140835906277382,0.897976707899069,fro_gd_trajectory
0,1,frobenius_grad,"0,1,2,3,4","5,6,7,8,9",80,32,0.9,6,0.001,5,0.5697641055158456,0.09513720811154013,0.9448119031099292,0.29219333733904546,0.128902938806522,0.1263119328153132,0.002591005991208817,0.002747643462460088,12.431891677805245,12.440072534512819,0.008180856707573625,0.19,0.19,0.0,-11.46362253445189,-11.479821107372153,0.016198572920263388,0.7005088526582445,0.015663854133842192,0.7004940410119893,4.2556063803832115e-05,6.075150010177424e-05,0.004822422886700563,0.004318253618926856,0.0048224228867005635,0.5697641055158456,fro_gd_trajectory
0,1,polar_grad,"0,1,2,3,4","5,6,7,8,9",80,32,0.9,6,0.001,5,0.5697641055158456,0.09513720811154013,0.9448119031099292,1.0,0.128902938806522,0.1263017778926727,0.002601160913849321,0.002747643462460088,12.431891677805245,12.44220518269754,0.0103135048922951,0.19,0.19,0.0,-11.46362253445189,-11.480621879240793,0.016999344788903414,0.5530117032527199,0.012365717608260237,0.5529330545305927,0.00030606796374551035,0.0005535352991427576,0.01650421919478911,0.0025466563102646204,0.002546656310264619,1.078921977569319,fro_gd_trajectory
0,1,polar_momentum,"0,1,2,3,4","5,6,7,8,9",80,32,0.9,6,0.001,5,0.5697641055158456,0.09513720811154013,0.9448119031099292,0.5553739227972753,0.128902938806522,0.12629356466791164,0.002609374138610371,0.002747643462460088,12.431891677805245,12.441562994503311,0.00967131669806598,0.19,0.19,0.0,-11.46362253445189,-11.479797169352942,0.016174634901052087,0.5623778662674443,0.012575151380152918,0.5623506147528811,0.00032102261187869644,0.0005708584705998168,0.017050233138266375,0.0026309080908691754,0.002630908090869173,1.044370752439455,fro_gd_trajectory
0,1,ns_momentum,"0,1,2,3,4","5,6,7,8,9",80,32,0.9,6,0.001,5,0.5697641055158456,0.09513720811154013,0.9448119031099292,0.4802662055872056,0.128902938806522,0.12629057057248155,0.0026123682340404575,0.002747643462460088,12.431891677805245,12.439717731967965,0.007826054162720197,0.19,0.19,0.0,-11.46362253445189,-11.47802775264623,0.014405218194340819,0.572354984337522,0.01279824652239526,0.5723508319295516,0.0006460502065307354,0.0011287660827760536,0.007387062046836992,0.0028125742252821054,0.002812574225282106,0.9769141158166217,fro_gd_trajectory
0,2,frobenius_grad,"0,1,2,3,4","5,6,7,8,9",80,32,0.9,6,0.001,5,0.31159101645289144,0.11187778497709112,0.8829786144473717,0.32495663725406426,0.08174991920345244,0.0802003231896679,0.0015495960137845433,0.0016557545330935556,12.433566202303323,12.44406869747675,0.010502495173426496,0.19,0.19,0.0,-11.466955324367069,-11.48507180578328,0.018116481416210917,0.7211687250773985,0.016125822925199203,0.7210867681801206,9.705326979598856e-05,0.00013459305326172006,0.005313871214717398,0.004632204213845379,0.005313871214717399,0.3115910164528915,fro_gd_trajectory
0,2,polar_grad,"0,1,2,3,4","5,6,7,8,9",80,32,0.9,6,0.001,5,0.31159101645289144,0.11187778497709112,0.8829786144473717,1.0,0.08174991920345244,0.08018101812661779,0.0015689010768346473,0.0016557545330935556,12.433566202303323,12.443408670499698,0.00984246819637491,0.19,0.19,0.0,-11.466955324367069,-11.482948555989957,0.015993231622887905,0.5544321224714243,0.012397479147555932,0.554353393392089,0.00030239866527940595,0.0005454979961952216,0.01635255478891111,0.0025232539843676348,0.0025232539843676335,0.6561981248623742,fro_gd_trajectory
0,2,polar_momentum,"0,1,2,3,4","5,6,7,8,9",80,32,0.9,6,0.001,5,0.31159101645289144,0.11187778497709112,0.8829786144473717,0.47835334863796963,0.08174991920345244,0.08014970404329237,0.0016002151601600678,0.0016557545330935556,12.433566202303323,12.444570250960046,0.011004048656722887,0.19,0.19,0.0,-11.466955324367069,-11.485299473778293,0.018344149411223754,0.6005254303271962,0.013428156844289245,0.6004780801755724,0.00036519370082541087,0.0006081715767520319,0.018008031572819237,0.002778699597909128,0.002778699597909127,0.5958738880372143,fro_gd_trajectory
0,2,ns_momentum,"0,1,2,3,4","5,6,7,8,9",80,32,0.9,6,0.001,5,0.31159101645289144,0.11187778497709112,0.8829786144473717,0.4408012573510004,0.08174991920345244,0.08014683614019687,0.0016030830632555726,0.0016557545330935556,12.433566202303323,12.444058550061257,0.010492347757933729,0.19,0.19,0.0,-11.466955324367069,-11.485240416671422,0.018285092304353157,0.645539470763968,0.01443470138787471,0.6454950894425622,0.0009392544662675008,0.0014550915748694911,0.00843461886382283,0.0030991331607036253,0.003099133160703624,0.5342637593273452,fro_gd_trajectory
0,3,frobenius_grad,"0,1,2,3,4","5,6,7,8,9",80,32,0.9,6,0.001,5,0.44952838903764125,0.12271857139420939,0.6292094142306968,0.32668176431144164,0.11643521239687447,0.11419234522962571,0.002242867167248766,0.002396925709184196,12.435520640919695,12.430474467490612,-0.0050461734290827565,0.19,0.19,0.0,-11.47031468332635,-11.4659606260693,-0.004354057257049959,0.7429521506052413,0.01661291512782981,0.7429181575573119,7.222147122391652e-05,9.721322663774716e-05,0.005332089735902064,0.004644303902506018,0.005332089735902063,0.4495283890376412,fro_gd_trajectory
0,3,polar_grad,"0,1,2,3,4","5,6,7,8,9",80,32,0.9,6,0.001,5,0.44952838903764125,0.12271857139420939,0.6292094142306968,0.9999999999999998,0.11643521239687447,0.11414926828003544,0.0022859441168390365,0.002396925709184196,12.435520640919695,12.43151811133759,-0.004002529582104231,0.19,0.19,0.0,-11.47031468332635,-11.467834803666708,-0.002479879659642137,0.5456411637050498,0.012200907333665823,0.5457077152672077,0.0002954082728313881,0.0005413305778290864,0.016321969324307687,0.0025185345447191797,0.002518534544719178,0.9517144460893064,fro_gd_trajectory
0,3,polar_momentum,"0,1,2,3,4","5,6,7,8,9",80,32,0.9,6,0.001,5,0.44952838903764125,0.12271857139420939,0.6292094142306968,0.44007078131854116,0.11643521239687447,0.11409220260277295,0.0023430097941015277,0.002396925709184196,12.435520640919695,12.444159181016328,0.008638540096633562,0.19,0.19,0.0,-11.47031468332635,-11.486421088351245,0.016106405024894244,0.7665177050384628,0.017139856944231355,0.7665578951483544,0.0012863267993794567,0.0016780556400511795,0.022960294255868686,0.0035428503197959178,0.003542850319795915,0.6765529144122211,fro_gd_trajectory
0,3,ns_momentum,"0,1,2,3,4","5,6,7,8,9",80,32,0.9,6,0.001,5,0.44952838903764125,0.12271857139420939,0.6292094142306968,0.3415941108147906,0.11643521239687447,0.11408704844299458,0.002348163953879892,0.002396925709184196,12.435520640919695,12.443559053361353,0.008038412441658593,0.19,0.19,0.0,-11.47031468332635,-11.486402152795772,0.01608746946942219,0.8194782243855708,0.018324090158069628,0.8194877605281157,0.0019902896982392816,0.0024286997245165044,0.011329963822893424,0.0039121394306992794,0.0039121394306992794,0.6126892335112286,fro_gd_trajectory
0,4,frobenius_grad,"0,1,2,3,4","5,6,7,8,9",80,32,0.9,6,0.001,5,0.46273397827731394,0.1470635212843119,0.8501257099357206,0.31178094802394674,0.2138262524624683,0.2097448035446695,0.004081448917798797,0.004195407917654226,12.434558308880897,12.44347706678092,0.008918757900023166,0.19,0.19,0.0,-11.469404729505026,-11.490957155173579,0.021552425668552644,1.3583502177846076,0.030373634242180262,1.3584369994809544,0.00020103291403769668,0.0001479883970434473,0.009066565488173294,0.008114164704868298,0.009066565488173294,0.462733978277314,fro_gd_trajectory
0,4,polar_grad,"0,1,2,3,4","5,6,7,8,9",80,32,0.9,6,0.001,5,0.46273397827731394,0.1470635212843119,0.8501257099357206,0.9999999999999998,0.2138262524624683,0.20971845975900613,0.004107792703462176,0.004195407917654226,12.434558308880897,12.444401530045527,0.009843221164629767,0.19,0.19,0.0,-11.469404729505026,-11.489677306306826,0.020272576801799502,0.9480547451129486,0.021199148564637896,0.9480085024654912,0.0009525716197241183,0.0010048133716593888,0.02907992148217129,0.004487129301333632,0.004487129301333629,0.9349870788005372,fro_gd_trajectory
0,4,polar_momentum,"0,1,2,3,4","5,6,7,8,9",80,32,0.9,6,0.001,5,0.46273397827731394,0.1470635212843119,0.8501257099357206,0.4939458515144356,0.2138262524624683,0.20980277863619415,0.00402347382627416,0.004195407917654226,12.434558308880897,12.447184126066773,0.012625817185876187,0.19,0.19,0.0,-11.469404729505026,-11.493906191842452,0.024501462337426005,1.1088790237850006,0.02479528876006867,1.108989180517984,0.0014230321939532212,0.0012831795106319746,0.03386713390333473,0.005225812214899288,0.0052258122148992866,0.8028240865013709,fro_gd_trajectory
0,4,ns_momentum,"0,1,2,3,4","5,6,7,8,9",80,32,0.9,6,0.001,5,0.46273397827731394,0.1470635212843119,0.8501257099357206,0.45016439082938425,0.2138262524624683,0.20979351535893923,0.004032737103529083,0.004195407917654226,12.434558308880897,12.446280826271837,0.011722517390939657,0.19,0.19,0.0,-11.469404729505026,-11.493652068937521,0.02424733943249535,1.173590718519162,0.026242286243716675,1.1736773613736868,0.002036926477349163,0.0017355080232314597,0.01656534418108144,0.005648543693756338,0.005648543693756335,0.7427415180113868,fro_gd_trajectory
0,5,frobenius_grad,"0,1,2,3,4","5,6,7,8,9",80,32,0.9,6,0.001,5,0.37621389303478414,0.1497003204179228,0.5599439377400411,0.3384176851267037,0.09507568456614984,0.09330717799470105,0.001768506571448794,0.001904877855286288,12.43549963473161,12.436559720369011,0.0010600856374018974,0.19,0.19,0.0,-11.471698804918315,-11.47526927347039,0.003570468552075212,0.6489734190424811,0.01451148680569444,0.6490008451780329,4.106158479452299e-05,6.326892345303347e-05,0.005063284186344937,0.004389875982852373,0.005063284186344938,0.37621389303478403,fro_gd_trajectory
0,5,polar_grad,"0,1,2,3,4","5,6,7,8,9",80,32,0.9,6,0.001,5,0.37621389303478414,0.1497003204179228,0.5599439377400411,1.0,0.09507568456614984,0.09325936440058114,0.0018163201655687078,0.001904877855286288,12.43549963473161,12.437776218743243,0.0022765840116338865,0.19,0.19,0.0,-11.471698804918315,-11.478337659621275,0.006638854702959662,0.48567821460201777,0.010860095030408435,0.48568675205103656,0.00024831790643957966,0.0005112717309890432,0.014961641807960594,0.0023086314519012116,0.00230863145190121,0.8251112812820679,fro_gd_trajectory
0,5,polar_momentum,"0,1,2,3,4","5,6,7,8,9",80,32,0.9,6,0.001,5,0.37621389303478414,0.1497003204179228,0.5599439377400411,0.4402782948797359,0.09507568456614984,0.0932267179920363,0.001848966574113542,0.001904877855286288,12.43549963473161,12.442335451048873,0.006835816317263266,0.19,0.19,0.0,-11.471698804918315,-11.485674685281934,0.013975880363618742,0.6956425168018281,0.015555039556079278,0.6956953065203535,0.0005044632825804806,0.0007251210089423277,0.02125873639999045,0.0032802942424795902,0.003280294242479588,0.580703349906313,fro_gd_trajectory
0,5,ns_momentum,"0,1,2,3,4","5,6,7,8,9",80,32,0.9,6,0.001,5,0.37621389303478414,0.1497003204179228,0.5599439377400411,0.40306977660887205,0.09507568456614984,0.09322904116366196,0.0018466434024878853,0.001904877855286288,12.43549963473161,12.44276846369067,0.007268828959061224,0.19,0.19,0.0,-11.471698804918315,-11.486903738101937,0.015204933183621705,0.7353980233534106,0.016443999707372044,0.735451713134472,0.0009726347745861015,0.0013224998422272521,0.010626336999942936,0.003538307953882444,0.0035383079538824436,0.5383584131494665,fro_gd_trajectory
1,0,frobenius_grad,"0,1,2,3,4","5,6,7,8,9",80,32,0.9,6,0.001,5,0.49981406712697996,0.04998140671269798,0.9999999999999999,0.35212493191691974,0.17550142014951647,0.1719310953723619,0.0035703247771545765,0.0036556785910374233,10.53344960455768,10.538459934345296,0.0050103297876162856,0.2,0.2,0.0,-9.405020229033603,-9.418980763839915,0.013960534806312097,0.9296475535018813,0.020787551247465782,0.9296045795301096,0.0007513703489799104,0.0008082687688131961,0.007314077036788726,0.0062151888999404156,0.007314077036788727,0.49981406712697996,fro_gd_trajectory
1,0,polar_grad,"0,1,2,3,4","5,6,7,8,9",80,32,0.9,6,0.001,5,0.49981406712697996,0.04998140671269798,0.9999999999999999,1.0,0.17550142014951647,0.171918235090254,0.0035831850592624725,0.0036556785910374233,10.53344960455768,10.539668331221543,0.006218726663863805,0.2,0.2,0.0,-9.405020229033603,-9.417887299994248,0.012867070960645322,0.6553134994841597,0.014653255314198551,0.6551602741719151,0.0019512905776873954,0.0029783408039410117,0.020771255806772596,0.003205074353904568,0.0032050743539045663,1.1405908841346881,fro_gd_trajectory
1,0,polar_momentum,"0,1,2,3,4","5,6,7,8,9",80,32,0.9,6,0.001,5,0.49981406712697996,0.04998140671269798,0.9999999999999999,0.6818061164303251,0.17550142014951647,0.171918235090254,0.0035831850592624725,0.0036556785910374233,10.53344960455768,10.53966833122158,0.0062187266639011085,0.2,0.2,0.0,-9.405020229033603,-9.417887299994284,0.012867070960680849,0.6553240365451951,0.014653490930046136,0.6551705940351055,0.0019511891832343267,0.0029781391304777908,0.020771255806772592,0.003205074353904568,0.0032050743539045663,1.1405908841346881,fro_gd_trajectory
1,0,ns_momentum,"0,1,2,3,4","5,6,7,8,9",80,32,0.9,6,0.001,5,0.49981406712697996,0.04998140671269798,0.9999999999999999,0.5449775925621898,0.17550142014951647,0.17191206822192426,0.003589351927592216,0.0036556785910374233,10.53344960455768,10.538826390159384,0.005376785601704626,0.2,0.2,0.0,-9.405020229033603,-9.41693224480126,0.011912015767656214,0.6647833633236064,0.014865007907025246,0.6646795987754264,0.001806501228633801,0.0027178526796399526,0.010129953337470566,0.0033932166956604348,0.0033932166956604348,1.0773489932760998,fro_gd_trajectory
1,1,frobenius_grad,"0,1,2,3,4","5,6,7,8,9",80,32,0.9,6,0.001,5,0.49751106811958623,0.08488489793841425,0.9065724643399157,0.324188441518357,0.13122094017586236,0.12862759968430498,0.0025933404915573777,0.002701606360663175,10.534110704580874,10.53946968299941,0.0053589784185366085,0.2,0.2,0.0,-9.406889788928774,-9.418770168704528,0.011880379775753624,0.6753439747049022,0.015101150356350597,0.6753235059374068,3.992107384503411e-05,5.9114000170363164e-05,0.005430243734826402,0.004553259515757372,0.005430243734826403,0.4975110681195863,fro_gd_trajectory
1,1,polar_grad,"0,1,2,3,4","5,6,7,8,9",80,32,0.9,6,0.001,5,0.49751106811958623,0.08488489793841425,0.9065724643399157,1.0000000000000002,0.13122094017586236,0.1286260382650186,0.002594901910843772,0.002701606360663175,10.534110704580874,10.539982697496301,0.005871992915427171,0.2,0.2,0.0,-9.406889788928774,-9.41715815551651,0.01026836658773611,0.5207388686587835,0.011644075088473744,0.5206609658829868,0.0003222509395539111,0.0006189266349310574,0.01675026940933956,0.002584622682628647,0.002584622682628645,1.0452614142949306,fro_gd_trajectory
1,1,polar_momentum,"0,1,2,3,4","5,6,7,8,9",80,32,0.9,6,0.001,5,0.49751106811958623,0.08488489793841425,0.9065724643399157,0.4513131825463841,0.13122094017586236,0.1286162467844018,0.0026046933914605497,0.002701606360663175,10.534110704580874,10.541456408646306,0.007345704065432557,0.2,0.2,0.0,-9.406889788928774,-9.4202432659136,0.013353476984825363,0.5646898442726942,0.012626848779975148,0.5645572113135381,0.00178570503109567,0.003163018725668076,0.018447356715847317,0.0028464889392009374,0.002846488939200935,0.9491013028217032,fro_gd_trajectory
1,1,ns_momentum,"0,1,2,3,4","5,6,7,8,9",80,32,0.9,6,0.001,5,0.49751106811958623,0.08488489793841425,0.9065724643399157,0.44440400111888373,0.13122094017586236,0.12861430221688613,0.0026066379589762267,0.002701606360663175,10.534110704580874,10.539783282192975,0.0056725776121009375,0.2,0.2,0.0,-9.406889788928774,-9.418447590142145,0.011557801213371022,0.5698611385728891,0.012742482435844076,0.5697933252509231,0.0009814110383957334,0.0017223982712741394,0.008648570035852107,0.0029627749315450876,0.0029627749315450876,0.9118500132759956,fro_gd_trajectory
1,2,frobenius_grad,"0,1,2,3,4","5,6,7,8,9",80,32,0.9,6,0.001,5,0.7572033344944007,0.11120895624397828,0.7282336530857303,0.28868270326236667,0.1963677602248689,0.1925388640769338,0.003828896147935107,0.0038906055951053132,10.535082824595365,10.529446336995914,-0.005636487599451456,0.2,0.2,0.0,-9.409026987916274,-9.401998625363753,-0.007028362552521372,0.6428863227559736,0.014375375194872265,0.6428831526661101,1.4985599973710561e-05,2.330999017716293e-05,0.005138125280051949,0.004611973914682311,0.005138125280051951,0.7572033344944006,fro_gd_trajectory
1,2,polar_grad,"0,1,2,3,4","5,6,7,8,9",80,32,0.9,6,0.001,5,0.7572033344944007,0.11120895624397828,0.7282336530857303,0.9999999999999998,0.1963677602248689,0.19249452983974935,0.0038732303851195526,0.0038906055951053132,10.535082824595365,10.528423978320259,-0.006658846275106711,0.2,0.2,0.0,-9.409026987916274,-9.401372022966141,-0.007654964950132737,0.5293556022996956,0.011836751110124628,0.5292879784556559,0.002076060458720478,0.0039223646544513605,0.01779852142849796,0.002746371480789315,0.0027463714807893125,1.4166348661569794,fro_gd_trajectory
1,2,polar_momentum,"0,1,2,3,4","5,6,7,8,9",80,32,0.9,6,0.001,5,0.7572033344944007,0.11120895624397828,0.7282336530857303,0.2742224572733932,0.1963677602248689,0.19252783072463767,0.0038399295002312372,0.0038906055951053132,10.535082824595365,10.538708051404925,0.0036252268095591234,0.2,0.2,0.0,-9.409026987916274,-9.41661201488771,0.007585026971435482,0.710694698852899,0.01589161657883824,0.7105550650855682,0.0040864081917402475,0.005751008461600571,0.024184159083681604,0.003731696762628228,0.0037316967626282263,1.0425835330642375,fro_gd_trajectory
1,2,ns_momentum,"0,1,2,3,4","5,6,7,8,9",80,32,0.9,6,0.001,5,0.7572033344944007,0.11120895624397828,0.7282336530857303,0.3668799520772519,0.1963677602248689,0.19253346850298125,0.0038342917218876504,0.0038906055951053132,10.535082824595365,10.534663534747471,-0.00041928984789407764,0.2,0.2,0.0,-9.409026987916274,-9.413255747775874,0.004228759859600473,0.728390534741881,0.016287307498502688,0.7283315244455317,0.0027200180138408285,0.0037345877839237273,0.011614920578337629,0.003927036046831344,0.003927036046831344,0.9907231684935955,fro_gd_trajectory
1,3,frobenius_grad,"0,1,2,3,4","5,6,7,8,9",80,32,0.9,6,0.001,5,0.41023069953724245,0.11664427903265577,0.5507881915179668,0.34009024022519047,0.18455092337491208,0.18110846848845574,0.0034424548864563365,0.003576537269752564,10.533969011409518,10.53059613881407,-0.0033728725954471628,0.2,0.2,0.0,-9.40760630208832,-9.410359355143264,0.002753053054943777,1.0500846614844623,0.02348060685209113,1.050069948779724,0.000938963460078085,0.0008941913452234732,0.008718355973326836,0.007421341223883278,0.008718355973326838,0.41023069953724234,fro_gd_trajectory
1,3,polar_grad,"0,1,2,3,4","5,6,7,8,9",80,32,0.9,6,0.001,5,0.41023069953724245,0.11664427903265577,0.5507881915179668,1.0000000000000002,0.18455092337491208,0.18111463949466816,0.0034362838802439177,0.003576537269752564,10.533969011409518,10.531875584193545,-0.002093427215973165,0.2,0.2,0.0,-9.40760630208832,-9.410818752657333,0.003212450569012759,0.7720689156453506,0.017263985786975553,0.7720685671196783,0.0021058545836195306,0.002727548657337195,0.025635419492055944,0.003955631105307745,0.003955631105307741,0.9041635012308145,fro_gd_trajectory
1,3,polar_momentum,"0,1,2,3,4","5,6,7,8,9",80,32,0.9,6,0.001,5,0.41023069953724245,0.11664427903265577,0.5507881915179668,0.3265034788428219,0.18455092337491208,0.18111369026522567,0.0034372331096864106,0.003576537269752564,10.533969011409518,10.538654048546652,0.004685037137134529,0.2,0.2,0.0,-9.40760630208832,-9.419950736844585,0.012344434756265343,1.132777164403229,0.02532966742965076,1.1327409022791122,0.009358924827876904,0.008262193771802923,0.039011784302046486,0.006019649005804323,0.00601964900580432,0.5941438223896381,fro_gd_trajectory
1,3,ns_momentum,"0,1,2,3,4","5,6,7,8,9",80,32,0.9,6,0.001,5,0.41023069953724245,0.11664427903265577,0.5507881915179668,0.372210773136165,0.18455092337491208,0.18111171307592178,0.003439210298990303,0.003576537269752564,10.533969011409518,10.532784608835557,-0.0011844025739602415,0.2,0.2,0.0,-9.40760630208832,-9.415151716447028,0.007545414358707703,1.2166569005468404,0.02720527534916938,1.2166711778165962,0.006790345121689357,0.005581084885955069,0.020711539580539288,0.006593104268605418,0.006593104268605418,0.5424663594026669,fro_gd_trajectory
1,4,frobenius_grad,"0,1,2,3,4","5,6,7,8,9",80,32,0.9,6,0.001,5,0.41119966888599546,0.13916396144242618,0.8769624657432097,0.3523009960530427,0.16209496458187234,0.15914516113380778,0.0029498034480645585,0.003180777544934673,10.533566129314062,10.531196468201129,-0.00236966111293313,0.2,0.2,0.0,-9.407875462992266,-9.407830722607342,-4.4740384923969145e-05,0.8666912208455301,0.019379804853128867,0.8665627520354957,0.0005673069700431449,0.0006546634605636814,0.0077353601804979535,0.006493484882925838,0.0077353601804979535,0.4111996688859955,fro_gd_trajectory
1,4,polar_grad,"0,1,2,3,4","5,6,7,8,9",80,32,0.9,6,0.001,5,0.41119966888599546,0.13916396144242618,0.8769624657432097,1.0,0.16209496458187234,0.15903512647049323,0.0030598381113791095,0.003180777544934673,10.533566129314062,10.534648309085597,0.001082179771534797,0.2,0.2,0.0,-9.407875462992266,-9.41213316292072,0.0042576999284538175,0.6275562831546162,0.01403258508840828,0.6274056198633855,0.00436599017761418,0.006958799920480235,0.021956679848084547,0.0033879892546046014,0.0033879892546046,0.9388393250101644,fro_gd_trajectory
1,4,polar_momentum,"0,1,2,3,4","5,6,7,8,9",80,32,0.9,6,0.001,5,0.41119966888599546,0.13916396144242618,0.8769624657432097,0.41251930897366634,0.16209496458187234,0.15901588699079258,0.003079077591079754,0.003180777544934673,10.533566129314062,10.535846373883453,0.002280244569391243,0.2,0.2,0.0,-9.407875462992266,-9.414748072990902,0.006872609998636037,0.70260917390536,0.015710818744673564,0.7025051132512845,0.0058813131389807895,0.008371915062313657,0.02423334148505117,0.003739285771918733,0.0037392857719187305,0.8506377257447559,fro_gd_trajectory
1,4,ns_momentum,"0,1,2,3,4","5,6,7,8,9",80,32,0.9,6,0.001,5,0.41119966888599546,0.13916396144242618,0.8769624657432097,0.48493857957096803,0.16209496458187234,0.15902347822798982,0.0030714863538825188,0.003180777544934673,10.533566129314062,10.532551278532699,-0.001014850781363208,0.2,0.2,0.0,-9.407875462992266,-9.411568188211184,0.0036927252189187243,0.7268520089769649,0.016252905016547813,0.726803943771945,0.003822576756161794,0.005259433151013878,0.012624206642034983,0.003977589937344237,0.003977589937344236,0.7996745755693508,fro_gd_trajectory
1,5,frobenius_grad,"0,1,2,3,4","5,6,7,8,9",80,32,0.9,6,0.001,5,0.43135895805083496,0.14806472675566829,0.633868569947215,0.3261265158230841,0.1661181183202466,0.16271760420553505,0.003400514114711539,0.0033447752186316266,10.533239210669757,10.539515872205373,0.0062766615356153466,0.2,0.2,0.0,-9.407814980122,-9.423927414280564,0.01611243415856478,0.963700488665383,0.021548998026055623,0.9637311497886957,7.325082739866573e-05,7.600753323655301e-05,0.007754041399176065,0.006854089777777455,0.007754041399176068,0.4313589580508349,fro_gd_trajectory
1,5,polar_grad,"0,1,2,3,4","5,6,7,8,9",80,32,0.9,6,0.001,5,0.43135895805083496,0.14806472675566829,0.633868569947215,1.0,0.1661181183202466,0.16274376547406397,0.003374352846182621,0.0033447752186316266,10.533239210669757,10.538806145758874,0.005566935089117209,0.2,0.2,0.0,-9.407814980122,-9.420968434003038,0.013153453881038502,0.6755252966708014,0.015105204838766243,0.6754299123095958,0.0006292940595276984,0.0009316940929901396,0.023776175879493502,0.003668743587493736,0.0036687435874937337,0.9116950091670422,fro_gd_trajectory
1,5,polar_momentum,"0,1,2,3,4","5,6,7,8,9",80,32,0.9,6,0.001,5,0.43135895805083496,0.14806472675566829,0.633868569947215,0.3311146733774363,0.1661181183202466,0.16276717771763266,0.0033509406026139277,0.0033447752186316266,10.533239210669757,10.538525211273162,0.005286000603405228,0.2,0.2,0.0,-9.407814980122,-9.421090390776317,0.01327541065431781,0.9609406314056775,0.021487285741646638,0.9608761536009427,0.00790518570323252,0.008227059932341279,0.03374771654535487,0.005207385716519374,0.00520738571651937,0.6423137060926769,fro_gd_trajectory
1,5,ns_momentum,"0,1,2,3,4","5,6,7,8,9",80,32,0.9,6,0.001,5,0.43135895805083496,0.14806472675566829,0.633868569947215,0.3830371165113037,0.1661181183202466,0.1627708452785725,0.0033472730416740926,0.0033447752186316266,10.533239210669757,10.535639084363854,0.00239987369409711,0.2,0.2,0.0,-9.407814980122,-9.418749640997483,0.010934660875483004,0.9946905081432195,0.022241955927820474,0.9946700861420831,0.005316677578774385,0.005345166857682023,0.017877986990518995,0.005521014610132355,0.005521014610132353,0.6058261850083102,fro_gd_trajectory
2,0,frobenius_grad,"0,1,2,3,4","5,6,7,8,9",80,32,0.9,6,0.001,5,0.5175480482453063,0.051754804824530626,1.0,0.317744775122437,0.1733174521000877,0.16995009192601598,0.003367360174071715,0.003510259002054862,11.725707451088237,11.724978368922793,-0.0007290821654439839,0.2,0.195,0.0050000000000000044,-10.66165616108613,-10.668232013380752,0.006575852294622209,0.8765358009651109,0.019599936356702135,0.8766140243964988,0.00010253823212032837,0.00011697078676207625,0.006782479450856854,0.006016488285871469,0.006782479450856853,0.5175480482453064,fro_gd_trajectory
2,0,polar_grad,"0,1,2,3,4","5,6,7,8,9",80,32,0.9,6,0.001,5,0.5175480482453063,0.051754804824530626,1.0,1.0,0.1733174521000877,0.1699406733406783,0.0033767787594093934,0.003510259002054862,11.725707451088237,11.724182628881861,-0.001524822206375731,0.2,0.195,0.0050000000000000044,-10.66165616108613,-10.666325180019017,0.00466901893288707,0.6360723948491083,0.014223011134936939,0.6361965999988805,0.00048528368423378463,0.0007627888678352551,0.021345683648907685,0.003293710494257508,0.0032937104942575056,1.0657460660780305,fro_gd_trajectory
2,0,polar_momentum,"0,1,2,3,4","5,6,7,8,9",80,32,0.9,6,0.001,5,0.5175480482453063,0.051754804824530626,1.0,0.7379315920766525,0.1733174521000877,0.1699406733406783,0.0033767787594093934,0.003510259002054862,11.725707451088237,11.724182585370825,-0.0015248657174122826,0.2,0.195,0.0050000000000000044,-10.66165616108613,-10.66632501938261,0.004668858296479783,0.6360217688894898,0.014221879104065594,0.636146307640928,0.00048692582265427904,0.0007654305570993327,0.021345683648907685,0.0032937104942575074,0.0032937104942575056,1.0657460660780305,fro_gd_trajectory
2,0,ns_momentum,"0,1,2,3,4","5,6,7,8,9",80,32,0.9,6,0.001,5,0.5175480482453063,0.051754804824530626,1.0,0.5457583535041398,0.1733174521000877,0.16994418613665724,0.0033732659634304607,0.003510259002054862,11.725707451088237,11.724880057255087,-0.0008273938331502251,0.2,0.195,0.0050000000000000044,-10.66165616108613,-10.666985529070807,0.005329367984677091,0.6673987610101034,0.01492348997717728,0.6675497244387323,0.0004271198411958544,0.0006398322485339524,0.009973775040508035,0.003558224400852815,0.0035582244008528136,0.9865198499604309,fro_gd_trajectory
2,1,frobenius_grad,"0,1,2,3,4","5,6,7,8,9",80,32,0.9,6,0.001,5,0.5694587262956117,0.09374569386277648,0.9236286173006728,0.3081189351557384,0.13126609220868352,0.1286069084877101,0.0026591837209734293,0.0027065773739223522,11.72558119381315,11.720998828508067,-0.004582365305083158,0.2,0.195,0.0050000000000000044,-10.66262581424341,-10.659772465374092,-0.0028533488693192055,0.5920250184071287,0.013238081855389047,0.592040044547359,2.2943707227864258e-05,3.8753640803817154e-05,0.004752894720797273,0.004008374975853276,0.004752894720797273,0.5694587262956117,fro_gd_trajectory
2,1,polar_grad,"0,1,2,3,4","5,6,7,8,9",80,32,0.9,6,0.001,5,0.5694587262956117,0.09374569386277648,0.9236286173006728,1.0000000000000002,0.13126609220868352,0.12860165239054594,0.002664439818137576,0.0027065773739223522,11.72558119381315,11.722364090381113,-0.003217103432037405,0.2,0.195,0.0050000000000000044,-10.66262581424341,-10.662053351042303,-0.0005724632011077091,0.4825095426212584,0.010789241370934661,0.48258142522674136,0.00024368051216920982,0.0005049521167432341,0.015425519753905836,0.002380209372934094,0.0023802093729340928,1.137117349716989,fro_gd_trajectory
2,1,polar_momentum,"0,1,2,3,4","5,6,7,8,9",80,32,0.9,6,0.001,5,0.5694587262956117,0.09374569386277648,0.9236286173006728,0.5088644176611773,0.13126609220868352,0.12860131331753172,0.0026647788911517978,0.0027065773739223522,11.72558119381315,11.722633511813344,-0.0029476819998066617,0.2,0.195,0.0050000000000000044,-10.66262581424341,-10.663764676097358,0.0011388618539474038,0.5187975563679097,0.011600666025994253,0.5188816089350411,0.00030476608321270066,0.0005873518697997531,0.01665983229000101,0.0025706679321537847,0.002570667932153784,1.052869310761075,fro_gd_trajectory
2,1,ns_momentum,"0,1,2,3,4","5,6,7,8,9",80,32,0.9,6,0.001,5,0.5694587262956117,0.09374569386277648,0.9236286173006728,0.4270233770715537,0.13126609220868352,0.12860016898506188,0.0026659232236216357,0.0027065773739223522,11.72558119381315,11.72235025659767,-0.0032309372154806226,0.2,0.195,0.0050000000000000044,-10.66262581424341,-10.663227934590168,0.0006021203467572178,0.519489157178945,0.011616130690261938,0.5195631053408011,0.0002182392426031086,0.0004200437643853815,0.007329208742517967,0.002689476661324677,0.002689476661324677,1.006358379250353,fro_gd_trajectory
2,2,frobenius_grad,"0,1,2,3,4","5,6,7,8,9",80,32,0.9,6,0.001,5,0.4228864952320041,0.11506678819718864,0.812800859651523,0.3170361205817727,0.09871442902854399,0.09676184242490425,0.0019525866036397416,0.001950741275054638,11.724607873029177,11.728786022570311,0.0041781495411346015,0.2,0.195,0.0050000000000000044,-10.66199607852131,-10.67188022563171,0.009884147110399866,0.5803046228450213,0.012976005843388455,0.5803106902428157,4.1959110762018165e-05,7.23045628273046e-05,0.004612919298792982,0.003977546414399033,0.004612919298792982,0.42288649523200406,fro_gd_trajectory
2,2,polar_grad,"0,1,2,3,4","5,6,7,8,9",80,32,0.9,6,0.001,5,0.4228864952320041,0.11506678819718864,0.812800859651523,0.9999999999999998,0.09871442902854399,0.09675576441493652,0.0019586646136074692,0.001950741275054638,11.724607873029177,11.727809215312613,0.0032013422834360483,0.2,0.195,0.0050000000000000044,-10.66199607852131,-10.669566771794736,0.007570693273425633,0.4222081233304268,0.009440860644194495,0.4222387380944271,0.00022381609684377898,0.000530070021177749,0.01455013797900413,0.002245135032571,0.0022451350325709985,0.8688748100913832,fro_gd_trajectory
2,2,polar_momentum,"0,1,2,3,4","5,6,7,8,9",80,32,0.9,6,0.001,5,0.4228864952320041,0.11506678819718864,0.812800859651523,0.4056065979962826,0.09871442902854399,0.09675694287606923,0.0019574861524747633,0.001950741275054638,11.724607873029177,11.723860401594427,-0.0007474714347495137,0.2,0.195,0.0050000000000000044,-10.66199607852131,-10.666209659736046,0.004213581214735029,0.5192557966811705,0.011610912590899069,0.51937007103976,0.0003197376029557824,0.0006156257758859293,0.01734124725523528,0.002675812544003737,0.0026758125440037354,0.729027629168598,fro_gd_trajectory
2,2,ns_momentum,"0,1,2,3,4","5,6,7,8,9",80,32,0.9,6,0.001,5,0.4228864952320041,0.11506678819718864,0.812800859651523,0.39021111659378194,0.09871442902854399,0.09675300930297419,0.0019614197255698046,0.001950741275054638,11.724607873029177,11.7240907114842,-0.0005171615449768296,0.2,0.195,0.0050000000000000044,-10.66199607852131,-10.666495348566468,0.004499270045156933,0.5312570942369155,0.011879269762427544,0.531366554019394,0.00022069470131959223,0.00041533419755195435,0.008289278529080058,0.0028668587500923696,0.0028668587500923688,0.680445548631158,fro_gd_trajectory
2,3,frobenius_grad,"0,1,2,3,4","5,6,7,8,9",80,32,0.9,6,0.001,5,0.7459373675433214,0.14820097596992945,0.7599848217508516,0.27773364423429775,0.17030008984788955,0.16705662499160456,0.003243464856284989,0.003420273328816573,11.725496006056176,11.71947813764022,-0.006017868415955974,0.2,0.195,0.0050000000000000044,-10.664133157613506,-10.657827714836717,-0.006305442776788794,0.6294149525841481,0.01407414620032962,0.6293945935661902,3.926975496585907e-05,6.239290163481405e-05,0.004585201757730599,0.004183623089778112,0.0045852017577305984,0.7459373675433214,fro_gd_trajectory
2,3,polar_grad,"0,1,2,3,4","5,6,7,8,9",80,32,0.9,6,0.001,5,0.7459373675433214,0.14820097596992945,0.7599848217508516,1.0,0.17030008984788955,0.16704558953908066,0.0032545003088088886,0.003420273328816573,11.725496006056176,11.719433760184929,-0.00606224587124693,0.2,0.195,0.0050000000000000044,-10.664133157613506,-10.659422352635916,-0.004710804977589689,0.5450848668630293,0.012188468158121553,0.5451945164123164,0.0003082410173994876,0.0005653780588768302,0.016509349345744002,0.0025474479097427707,0.002547447909742769,1.3426273863091231,fro_gd_trajectory
2,3,polar_momentum,"0,1,2,3,4","5,6,7,8,9",80,32,0.9,6,0.001,5,0.7459373675433214,0.14820097596992945,0.7599848217508516,0.3652373930219115,0.17030008984788955,0.1670229408386442,0.0032771490092453615,0.003420273328816573,11.725496006056176,11.722314896710209,-0.003181109345966604,0.2,0.195,0.0050000000000000044,-10.664133157613506,-10.665098876291985,0.0009657186784792771,0.6447063394683147,0.014416072005762068,0.6448818446766337,0.0004612058630789455,0.0007151788608814228,0.020437012491901854,0.0031534994907175783,0.003153499490717575,1.0845961253154648,fro_gd_trajectory
2,3,ns_momentum,"0,1,2,3,4","5,6,7,8,9",80,32,0.9,6,0.001,5,0.7459373675433214,0.14820097596992945,0.7599848217508516,0.3724763658406897,0.17030008984788955,0.167029037221977,0.0032710526259125405,0.003420273328816573,11.725496006056176,11.721048010994629,-0.004447995061546806,0.2,0.195,0.0050000000000000044,-10.664133157613506,-10.66391322782501,-0.0002199297884963869,0.6441564982199893,0.014403777181681184,0.6442758836550309,0.00032248705019820306,0.0005005418616147901,0.009213305032044051,0.003362626769917309,0.003362626769917309,1.017143311715407,fro_gd_trajectory
2,4,frobenius_grad,"0,1,2,3,4","5,6,7,8,9",80,32,0.9,6,0.001,5,0.3821356411934658,0.16211419818117873,0.8031390775666432,0.3021719969364685,0.07103480500742085,0.06962371021406982,0.0014110947933510254,0.00140597670562331,11.72416937437273,11.725377801120894,0.0012084267481640154,0.2,0.195,0.0050000000000000044,-10.662726999346633,-10.668204517350532,0.005477518003898396,0.4609423518990578,0.010306984325549225,0.46097282742792967,3.19803687347196e-05,6.937582180962616e-05,0.0036792608541622498,0.003264342498019702,0.0036792608541622493,0.3821356411934658,fro_gd_trajectory
2,4,polar_grad,"0,1,2,3,4","5,6,7,8,9",80,32,0.9,6,0.001,5,0.3821356411934658,0.16211419818117873,0.8031390775666432,1.0,0.07103480500742085,0.06962570473232045,0.0014091002751003973,0.00140597670562331,11.72416937437273,11.725039905287385,0.0008705309146552764,0.2,0.195,0.0050000000000000044,-10.662726999346633,-10.666932656891799,0.004205657545165664,0.34305006231216956,0.007670832590155499,0.34311171729983364,0.00014378107831528714,0.00041905032986571473,0.012176048381266154,0.001878805054529876,0.0018788050545298744,0.7483355988602669,fro_gd_trajectory
2,4,polar_momentum,"0,1,2,3,4","5,6,7,8,9",80,32,0.9,6,0.001,5,0.3821356411934658,0.16211419818117873,0.8031390775666432,0.41906975757919807,0.07103480500742085,0.06963938548941226,0.0013954195180085893,0.00140597670562331,11.72416937437273,11.722849574152862,-0.0013198002198677727,0.2,0.195,0.0050000000000000044,-10.662726999346633,-10.664744354231802,0.002017354885168743,0.4509974225790719,0.010084608945640035,0.45108850576131193,0.00023206237177362266,0.0005144497561115327,0.014597765431290198,0.0022524841080089008,0.0022524841080088995,0.6241894007705714,fro_gd_trajectory
2,4,ns_momentum,"0,1,2,3,4","5,6,7,8,9",80,32,0.9,6,0.001,5,0.3821356411934658,0.16211419818117873,0.8031390775666432,0.3984503266414993,0.07103480500742085,0.06963808451993657,0.0013967204874842792,0.00140597670562331,11.72416937437273,11.72194700769026,-0.0022223666824707777,0.2,0.195,0.0050000000000000044,-10.662726999346633,-10.664071283034014,0.0013442836873807096,0.4615853768306234,0.010321362800131304,0.46166078450892184,0.00017593205234791285,0.000381085113250534,0.006936156415685515,0.0024451005281274983,0.0024451005281274983,0.5750179550695333,fro_gd_trajectory
2,5,frobenius_grad,"0,1,2,3,4","5,6,7,8,9",80,32,0.9,6,0.001,5,0.3568003726466217,0.17523931607597532,0.8551926985904299,0.3478149283724735,0.12682011654936443,0.12430267024311599,0.002517446306248436,0.002652539623769043,11.724486728512286,11.726873436018144,0.002386707505857899,0.195,0.19,0.0050000000000000044,-10.664195505662903,-10.67309105571679,0.008895550053887646,0.9131028930898507,0.020417601394006293,0.9131409219799603,0.00012040986997179976,0.00013186340363622676,0.007434240060046527,0.00622874675677605,0.007434240060046525,0.3568003726466217,fro_gd_trajectory
2,5,polar_grad,"0,1,2,3,4","5,6,7,8,9",80,32,0.9,6,0.001,5,0.3568003726466217,0.17523931607597532,0.8551926985904299,1.0000000000000002,0.12682011654936443,0.12430130125420016,0.0025188152951642617,0.002652539623769043,11.724486728512286,11.729097213026892,0.004610484514605773,0.195,0.195,0.0,-10.664195505662903,-10.673496358081092,0.00930085241818901,0.671129064204738,0.015006902092376156,0.6711507442592728,0.0004897565276591678,0.0007297265656759364,0.021374125874451345,0.003298099224939272,0.0032980992249392696,0.8042631354785532,fro_gd_trajectory
2,5,polar_momentum,"0,1,2,3,4","5,6,7,8,9",80,32,0.9,6,0.001,5,0.3568003726466217,0.17523931607597532,0.8551926985904299,0.3437121349720713,0.12682011654936443,0.12425895448056984,0.002561162068794587,0.002652539623769043,11.724486728512286,11.724567573337817,8.084482553094574e-05,0.195,0.19,0.0050000000000000044,-10.664195505662903,-10.670084884871033,0.005889379208129597,0.787001793566679,0.017597895088293507,0.7872398629225497,0.0006831569429877204,0.000867787538669051,0.025310473487242944,0.003905490848208298,0.003905490848208296,0.6791821378831131,fro_gd_trajectory
2,5,ns_momentum,"0,1,2,3,4","5,6,7,8,9",80,32,0.9,6,0.001,5,0.3568003726466217,0.17523931607597532,0.8551926985904299,0.3968683910974787,0.12682011654936443,0.12425836475001081,0.002561751799353612,0.002652539623769043,11.724486728512286,11.72274077640603,-0.0017459521062566097,0.195,0.19,0.0050000000000000044,-10.664195505662903,-10.668949802915785,0.0047542972528820115,0.8242890193794807,0.018431662804391614,0.8244673718347972,0.00057817499231828,0.0007012709199535575,0.01260949954290715,0.004354526429259347,0.004354526429259348,0.6091453724900707,fro_gd_trajectory
3,0,frobenius_grad,"0,1,2,3,4","5,6,7,8,9",80,32,0.9,6,0.001,5,0.45944018679082166,0.04594401867908216,1.0,0.3018545046208942,0.10913059357426479,0.10697694078820617,0.002153652786058613,0.0022449636818673143,11.37232270136952,11.370084889771036,-0.0022378115984835745,0.195,0.195,0.0,-10.353060375527303,-10.350099811158302,-0.002960564369001162,0.5858009410867132,0.013098907255532411,0.5858220586893033,3.2219528750688034e-05,5.4998831595339415e-05,0.004886302388017753,0.00439120632002729,0.004886302388017752,0.4594401867908217,fro_gd_trajectory
3,0,polar_grad,"0,1,2,3,4","5,6,7,8,9",80,32,0.9,6,0.001,5,0.45944018679082166,0.04594401867908216,1.0,0.9999999999999998,0.10913059357426479,0.1069424526200448,0.002188140954219986,0.0022449636818673143,11.37232270136952,11.371476939741662,-0.0008457616278576552,0.195,0.195,0.0,-10.353060375527303,-10.354184430323567,0.0011240547962643177,0.4781268785523956,0.01069124202312943,0.4781434632598965,0.0002639415467927363,0.0005520132911432693,0.01618760798072094,0.0024978021392983375,0.002497802139298336,0.8987756261982998,fro_gd_trajectory
3,0,polar_momentum,"0,1,2,3,4","5,6,7,8,9",80,32,0.9,6,0.001,5,0.45944018679082166,0.04594401867908216,1.0,0.7849522418460839,0.10913059357426479,0.10694245262004483,0.002188140954219958,0.0022449636818673143,11.37232270136952,11.37147693974186,-0.0008457616276587032,0.195,0.195,0.0,-10.353060375527303,-10.354184430323764,0.0011240547964614933,0.47807953927237506,0.010690183484648109,0.47809522634729185,0.00026653309134481263,0.0005574895473882039,0.01618760798072094,0.0024978021392983375,0.002497802139298335,0.8987756261983,fro_gd_trajectory
3,0,ns_momentum,"0,1,2,3,4","5,6,7,8,9",80,32,0.9,6,0.001,5,0.45944018679082166,0.04594401867908216,1.0,0.5445331377661508,0.10913059357426479,0.10695269137100029,0.002177902203264498,0.0022449636818673143,11.37232270136952,11.370790817497264,-0.0015318838722553352,0.195,0.195,0.0,-10.353060375527303,-10.352041240852106,-0.0010191346751966535,0.47029158731586856,0.0105160395848456,0.4703090287962716,0.00012174292180161541,0.00025885729243431556,0.00738064510063893,0.0027073786001212165,0.002707378600121216,0.8292019748426769,fro_gd_trajectory
3,1,frobenius_grad,"0,1,2,3,4","5,6,7,8,9",80,32,0.9,6,0.001,5,0.4543073578702335,0.0549247474617712,0.6754552702269658,0.28566549153314824,0.0886204424524234,0.08687489928941082,0.0017455431630125778,0.0017974108117583766,11.3718512268253,11.377726761871195,0.005875535045895219,0.195,0.195,0.0,-10.352437399538076,-10.363860573720276,0.011423174182199958,0.5125321758431307,0.011460567858411161,0.5125334739707672,1.2898624933922791e-05,2.5166404906186626e-05,0.00395637618590316,0.003567548881436163,0.00395637618590316,0.4543073578702336,fro_gd_trajectory
3,1,polar_grad,"0,1,2,3,4","5,6,7,8,9",80,32,0.9,6,0.001,5,0.4543073578702335,0.0549247474617712,0.6754552702269658,1.0,0.0886204424524234,0.08686709268364294,0.0017533497687804572,0.0017974108117583766,11.3718512268253,11.375472387293653,0.0036211604683540344,0.195,0.195,0.0,-10.352437399538076,-10.361500511478344,0.009063111940267987,0.40835445583231655,0.009131083221559954,0.4083330408959161,0.00022584705109254986,0.0005530952151141699,0.01384968189426572,0.002137052312194532,0.0021370523121945315,0.8410701046024568,fro_gd_trajectory
3,1,polar_momentum,"0,1,2,3,4","5,6,7,8,9",80,32,0.9,6,0.001,5,0.4543073578702335,0.0549247474617712,0.6754552702269658,0.45909121712661394,0.0886204424524234,0.08687208139695844,0.001748361055464956,0.0017974108117583766,11.3718512268253,11.375548733503235,0.003697506677935891,0.195,0.195,0.0,-10.352437399538076,-10.362381915986212,0.009944516448136653,0.532902524816958,0.01191606270871987,0.5329231662371813,0.00035464952157126937,0.0006654796489245319,0.018076216037481663,0.002789220689221913,0.0027892206892219116,0.6444132652191774,fro_gd_trajectory
3,1,ns_momentum,"0,1,2,3,4","5,6,7,8,9",80,32,0.9,6,0.001,5,0.4543073578702335,0.0549247474617712,0.6754552702269658,0.40139716142334547,0.0886204424524234,0.08687624029091526,0.0017442021615081404,0.0017974108117583766,11.3718512268253,11.375454220667903,0.0036029938426036523,0.195,0.195,0.0,-10.352437399538076,-10.36195611966833,0.00951872013025401,0.535027626478914,0.011963581426472181,0.5350298645389112,0.00023161778530261467,0.000432906274310917,0.008695116319990242,0.002924411568561413,0.0029244115685614124,0.6146230684768375,fro_gd_trajectory
3,2,frobenius_grad,"0,1,2,3,4","5,6,7,8,9",80,32,0.9,6,0.001,5,0.40426336086826725,0.07551214469535947,0.8013981350432539,0.3397212055044814,0.19186429128292812,0.18826355007192944,0.0036007412109986814,0.0038211720702108947,11.373320231894592,11.361516886959636,-0.011803344934955717,0.195,0.195,0.0,-10.35531911904429,-10.342107327568684,-0.013211791475606915,1.1949563109712797,0.026720035414741595,1.195194354377205,0.000393169535006816,0.00032895866146530605,0.009452184986549046,0.007789184651348813,0.009452184986549046,0.40426336086826725,fro_gd_trajectory
3,2,polar_grad,"0,1,2,3,4","5,6,7,8,9",80,32,0.9,6,0.001,5,0.40426336086826725,0.07551214469535947,0.8013981350432539,0.9999999999999998,0.19186429128292812,0.18817391749662013,0.0036903737863079877,0.0038211720702108947,11.373320231894592,11.365185363142313,-0.00813486875227909,0.195,0.195,0.0,-10.35531911904429,-10.34961330811427,-0.0057058109300207605,0.8753419771510875,0.019573241644688995,0.8754770031666905,0.0008791564887660117,0.0010042028352384039,0.02782335878183606,0.004293237467234497,0.004293237467234493,0.8900444243705715,fro_gd_trajectory
3,2,polar_momentum,"0,1,2,3,4","5,6,7,8,9",80,32,0.9,6,0.001,5,0.40426336086826725,0.07551214469535947,0.8013981350432539,0.5434431406901583,0.19186429128292812,0.18823454954124538,0.003629741741682735,0.0038211720702108947,11.373320231894592,11.374940104462292,0.0016198725676996872,0.195,0.195,0.0,-10.35531911904429,-10.365490717003059,0.01017159795876843,1.0606056751076565,0.023715863868627767,1.060704940419947,0.0012643390617032976,0.001191979987575743,0.034314210517420306,0.005294797634142403,0.0052947976341424,0.7216842520233187,fro_gd_trajectory
3,2,ns_momentum,"0,1,2,3,4","5,6,7,8,9",80,32,0.9,6,0.001,5,0.40426336086826725,0.07551214469535947,0.8013981350432539,0.4241678470758595,0.19186429128292812,0.18825447131218626,0.003609819970741862,0.0038211720702108947,11.373320231894592,11.37526866339248,0.001948431497888592,0.195,0.195,0.0,-10.35531911904429,-10.36524641710152,0.009927298057229805,1.0983184110122755,0.024559146279630007,1.0983394922665686,0.0011341320026858556,0.0010325878388888889,0.016912838947543654,0.005650900096215041,0.00565090009621504,0.6762059150134874,fro_gd_trajectory
3,3,frobenius_grad,"0,1,2,3,4","5,6,7,8,9",80,32,0.9,6,0.001,5,0.2803072290242745,0.08559148641195605,0.727940290783395,0.3494857493206866,0.07434727753073087,0.07292384168663299,0.0014234358440978756,0.0014340510174671928,11.372049177761376,11.375555417219537,0.003506239458161531,0.195,0.195,0.0,-10.353893472510363,-10.363877568830208,0.009984096319845648,0.634218571221629,0.014181558378443534,0.6342124350368967,5.0676646328230405e-05,7.990484501503376e-05,0.005115997266495771,0.004185724152894673,0.005115997266495771,0.2803072290242746,fro_gd_trajectory
3,3,polar_grad,"0,1,2,3,4","5,6,7,8,9",80,32,0.9,6,0.001,5,0.2803072290242745,0.08559148641195605,0.727940290783395,1.0,0.07434727753073087,0.07291603592724108,0.0014312416034897857,0.0014340510174671928,11.372049177761376,11.375581577817172,0.0035324000557963586,0.195,0.195,0.0,-10.353893472510363,-10.362796498162693,0.008903025652330143,0.44168514112245527,0.009876380002013978,0.4416843058379325,0.00023683592881526577,0.0005362108766032727,0.01463864342520403,0.0022587917194095346,0.0022587917194095333,0.6348752765226471,fro_gd_trajectory
3,3,polar_momentum,"0,1,2,3,4","5,6,7,8,9",80,32,0.9,6,0.001,5,0.2803072290242745,0.08559148641195605,0.727940290783395,0.33563449354494596,0.07434727753073087,0.0728816418785305,0.00146563565220037,0.0014340510174671928,11.372049177761376,11.37416421185907,0.0021150340976934245,0.195,0.195,0.0,-10.353893472510363,-10.361685530062331,0.007792057551968767,0.598412019949376,0.013380899551597646,0.5984385549272777,0.0004184823194086064,0.0006992903715227045,0.019647936593280863,0.0030317424361860127,0.0030317424361860105,0.473012153127116,fro_gd_trajectory
3,3,ns_momentum,"0,1,2,3,4","5,6,7,8,9",80,32,0.9,6,0.001,5,0.2803072290242745,0.08559148641195605,0.727940290783395,0.33743042154802594,0.07434727753073087,0.07288415963198074,0.0014631178987501298,0.0014340510174671928,11.372049177761376,11.373991635318761,0.0019424575573854241,0.195,0.195,0.0,-10.353893472510363,-10.361406981244123,0.007513508733760332,0.6280958625279842,0.014044650449989355,0.6280909015084549,0.0003636050519633029,0.0005789051411030641,0.009949595428741142,0.003246242642490919,0.003246242642490919,0.441757186815466,fro_gd_trajectory
3,4,frobenius_grad,"0,1,2,3,4","5,6,7,8,9",80,32,0.9,6,0.001,5,0.39440477310954075,0.10125711940434788,0.7354932369767545,0.37693166206033407,0.11547280283384838,0.11324445840993853,0.002228344423909845,0.002239144811277184,11.372719677147474,11.375304794499641,0.0025851173521669324,0.195,0.195,0.0,-10.355845096478879,-10.36394140947753,0.0080963129986511,0.6407165578021258,0.014326857775552272,0.6406926425965928,9.062172874744321e-05,0.00014144337350304565,0.005677276148621282,0.004390564729981067,0.005677276148621283,0.3944047731095407,fro_gd_trajectory
3,4,polar_grad,"0,1,2,3,4","5,6,7,8,9",80,32,0.9,6,0.001,5,0.39440477310954075,0.10125711940434788,0.7354932369767545,1.0,0.11547280283384838,0.11320950323037494,0.0022632996034734343,0.002239144811277184,11.372719677147474,11.374774273157078,0.002054596009603671,0.195,0.195,0.0,-10.355845096478879,-10.36235527610848,0.006510179629600543,0.477853742805365,0.01068513452215497,0.4778715833717561,0.0016382513007533407,0.003428224982942493,0.015061818149180955,0.0023240889969384586,0.002324088996938457,0.963450545235931,fro_gd_trajectory
3,4,polar_momentum,"0,1,2,3,4","5,6,7,8,9",80,32,0.9,6,0.001,5,0.39440477310954075,0.10125711940434788,0.7354932369767545,0.4048523798316303,0.11547280283384838,0.11322563028934314,0.002247172544505238,0.002239144811277184,11.372719677147474,11.375865380526047,0.003145703378573117,0.195,0.195,0.0,-10.355845096478879,-10.365637184548419,0.009792088069540128,0.6029727634655466,0.013482880876898647,0.6030099710911182,0.00042093691223764736,0.0006980596215946177,0.020191069068189894,0.0031155495965376756,0.0031155495965376734,0.7186997805348878,fro_gd_trajectory
3,4,ns_momentum,"0,1,2,3,4","5,6,7,8,9",80,32,0.9,6,0.001,5,0.39440477310954075,0.10125711940434788,0.7354932369767545,0.41534811621471396,0.11547280283384838,0.1132279218972884,0.002244880936559973,0.002239144811277184,11.372719677147474,11.3756487497447,0.002929072597225968,0.195,0.195,0.0,-10.355845096478879,-10.36559055390336,0.009745457424481074,0.6350373892088657,0.014199867705250146,0.6350415888836279,0.0002780809204543632,0.00043789402981183625,0.01032837164174585,0.0033588451881764797,0.003358845188176479,0.6666412668137345,fro_gd_trajectory
3,5,frobenius_grad,"0,1,2,3,4","5,6,7,8,9",80,32,0.9,6,0.001,5,0.48100049572318465,0.12038162746792956,0.7340143162968074,0.3465673104521587,0.230743361418891,0.226300562118074,0.0044427993008170075,0.004484709124924754,11.373161243386098,11.375113443816609,0.0019522004305105867,0.195,0.195,0.0,-10.357256798152916,-10.36417302001289,0.006916221859974314,1.183516835054361,0.026464240956969566,1.183469908625798,0.00041746629075066754,0.00035274770208176576,0.009323709985333776,0.0077588205935757645,0.009323709985333776,0.4810004957231847,fro_gd_trajectory
3,5,polar_grad,"0,1,2,3,4","5,6,7,8,9",80,32,0.9,6,0.001,5,0.48100049572318465,0.12038162746792956,0.7340143162968074,1.0,0.230743361418891,0.22625167422326112,0.004491687195629895,0.004484709124924754,11.373161243386098,11.37526555705188,0.0021043136657823425,0.195,0.195,0.0,-10.357256798152916,-10.365376300392386,0.008119502239470222,0.8203994593424865,0.018344689597938744,0.8205330717025392,0.0008039128569444777,0.000979744613189599,0.02690302779327151,0.004151227312625062,0.004151227312625057,1.0803333055950668,fro_gd_trajectory
3,5,polar_momentum,"0,1,2,3,4","5,6,7,8,9",80,32,0.9,6,0.001,5,0.48100049572318465,0.12038162746792956,0.7340143162968074,0.39082125217916425,0.230743361418891,0.2263524544397154,0.004390906979175602,0.004484709124924754,11.373161243386098,11.379653686115546,0.00649244272944749,0.195,0.195,0.0,-10.357256798152916,-10.374558382766873,0.017301584613957033,1.0660999223440135,0.023838718971684606,1.0663890775001572,0.0017650124764060247,0.0016551299273840927,0.03593667265477176,0.00554514897712239,0.005545148977122384,0.8087626037510108,fro_gd_trajectory
3,5,ns_momentum,"0,1,2,3,4","5,6,7,8,9",80,32,0.9,6,0.001,5,0.48100049572318465,0.12038162746792956,0.7340143162968074,0.40443243508826004,0.230743361418891,0.22636035307715144,0.004383008341739575,0.004484709124924754,11.373161243386098,11.378482401477818,0.005321158091719624,0.195,0.195,0.0,-10.357256798152916,-10.373639670161028,0.01638287200811206,1.1003302928387235,0.024604133324896357,1.1005815638181524,0.0007212729472297301,0.0006553561961618548,0.0184483854838537,0.005850045565985709,0.00585004556598571,0.7666109732547182,fro_gd_trajectory
4,0,frobenius_grad,"0,1,2,3,4","5,6,7,8,9",80,32,0.9,6,0.001,5,0.9104279026261493,0.0910427902626149,1.0000000000000002,0.2814955785627569,0.2424517743205079,0.2378540489779181,0.004597725342589815,0.004704752465256499,10.934794569161618,10.939958097997728,0.005163528836110487,0.2,0.2,0.0,-9.865803665958131,-9.873722868390729,0.007919202432598027,0.7265181079919186,0.016245438763544628,0.7264725056312654,5.423811283792484e-05,7.465955341392424e-05,0.005167627718444849,0.004763759320889473,0.005167627718444851,0.9104279026261493,fro_gd_trajectory
4,0,polar_grad,"0,1,2,3,4","5,6,7,8,9",80,32,0.9,6,0.001,5,0.9104279026261493,0.0910427902626149,1.0000000000000002,1.0,0.2424517743205079,0.2378170864207475,0.0046346878997604035,0.004704752465256499,10.934794569161618,10.938730101951794,0.003935532790176666,0.2,0.2,0.0,-9.865803665958131,-9.873527927506771,0.007724261548640143,0.5722416950809522,0.012795713297607167,0.5722462417434789,0.000385787203830981,0.0006741629314254509,0.01835775803239757,0.002832663562192447,0.002832663562192446,1.6608934883940398,fro_gd_trajectory
4,0,polar_momentum,"0,1,2,3,4","5,6,7,8,9",80,32,0.9,6,0.001,5,0.9104279026261493,0.0910427902626149,1.0000000000000002,0.7651445838283187,0.2424517743205079,0.23781708642074753,0.004634687899760376,0.004704752465256499,10.934794569161618,10.938730101951526,0.003935532789908436,0.2,0.2,0.0,-9.865803665958131,-9.873527927506501,0.007724261548370137,0.5721428035294973,0.012793502015292616,0.5721469668281725,0.0003858648417718269,0.0006744156032338281,0.01835775803239758,0.002832663562192448,0.0028326635621924463,1.6608934883940396,fro_gd_trajectory
4,0,ns_momentum,"0,1,2,3,4","5,6,7,8,9",80,32,0.9,6,0.001,5,0.9104279026261493,0.0910427902626149,1.0000000000000002,0.5135394028836052,0.2424517743205079,0.23782396439102266,0.004627809929485249,0.004704752465256499,10.934794569161618,10.939466667429938,0.004672098268320823,0.2,0.2,0.0,-9.865803665958131,-9.873521282204544,0.007717616246413428,0.6153496152408845,0.013759635696069578,0.6153318122040821,0.00021638456813802352,0.0003516550970490975,0.007846776317023794,0.003158954745675359,0.0031589547456753585,1.4893383552573374,fro_gd_trajectory
4,1,frobenius_grad,"0,1,2,3,4","5,6,7,8,9",80,32,0.9,6,0.001,5,0.5803311984447831,0.12333022975618074,0.8288301255681152,0.33843614537316496,0.24074604799795557,0.23604554032429434,0.004700507673661231,0.0048280231893473545,10.935767586327627,10.938477048800543,0.0027094624729162575,0.2,0.2,0.0,-9.867313525463167,-9.876010525540291,0.008697000077123818,1.1159836331097837,0.024954152654106616,1.1159789489514582,0.00014301227505937172,0.00012814961715338982,0.008319427255136153,0.007045647645691244,0.008319427255136153,0.580331198444783,fro_gd_trajectory
4,1,polar_grad,"0,1,2,3,4","5,6,7,8,9",80,32,0.9,6,0.001,5,0.5803311984447831,0.12333022975618074,0.8288301255681152,1.0,0.24074604799795557,0.23608464758515743,0.004661400412798139,0.0048280231893473545,10.935767586327627,10.938105773888324,0.002338187560697591,0.2,0.2,0.0,-9.867313525463167,-9.875053367604185,0.007739842141017306,0.7820882990192841,0.01748802601014302,0.7820912842527342,0.0006583944031373453,0.0008418383076170223,0.024581970244233285,0.00379308035735366,0.0037930803573536583,1.272850225803218,fro_gd_trajectory
4,1,polar_momentum,"0,1,2,3,4","5,6,7,8,9",80,32,0.9,6,0.001,5,0.5803311984447831,0.12333022975618074,0.8288301255681152,0.4477984129130358,0.24074604799795557,0.2361435390756133,0.004602508922342263,0.0048280231893473545,10.935767586327627,10.940958093239958,0.005190506912331472,0.2,0.2,0.0,-9.867313525463167,-9.878122803548829,0.010809278085661234,0.8900842122896692,0.01990288804379054,0.8900687661989181,0.0008793012736414263,0.0009879026284637818,0.028014126609610356,0.00432267358212506,0.004322673582125057,1.1169067239571357,fro_gd_trajectory
4,1,ns_momentum,"0,1,2,3,4","5,6,7,8,9",80,32,0.9,6,0.001,5,0.5803311984447831,0.12333022975618074,0.8288301255681152,0.44817853817339737,0.24074604799795557,0.23613656793613996,0.004609480061815607,0.0048280231893473545,10.935767586327627,10.940883413419721,0.005115827092094349,0.2,0.2,0.0,-9.867313525463167,-9.878018824842167,0.010705299378999555,0.9661140480826699,0.021602966855303492,0.9660920192394586,0.0006328411919729817,0.0006550527065436026,0.012899410888215666,0.00480427084637121,0.004804270846371208,1.0049440058097656,fro_gd_trajectory
4,2,frobenius_grad,"0,1,2,3,4","5,6,7,8,9",80,32,0.9,6,0.001,5,0.49954972364844896,0.15241277082337584,0.8802972725435703,0.3198463213258693,0.12010307050884392,0.11764674665764517,0.0024563238511987467,0.002532656483756644,10.936056331866537,10.942383606277815,0.0063272744112783386,0.2,0.2,0.0,-9.868303934326397,-9.87832417055223,0.01002023622583259,0.6919924418424044,0.015473421398756858,0.6919758966174473,5.046566314630738e-05,7.292979913461764e-05,0.005069878660445352,0.0043266173814135705,0.005069878660445352,0.49954972364844896,fro_gd_trajectory
4,2,polar_grad,"0,1,2,3,4","5,6,7,8,9",80,32,0.9,6,0.001,5,0.49954972364844896,0.15241277082337584,0.8802972725435703,1.0,0.12010307050884392,0.11765537489473976,0.002447695614104156,0.002532656483756644,10.936056331866537,10.941115846272309,0.005059514405772347,0.2,0.2,0.0,-9.868303934326397,-9.876551627336134,0.008247693009737489,0.5004552560085381,0.011190519721321518,0.5004460589051721,0.00028475261889441444,0.0005689976248736355,0.015850983182889272,0.0024458598053125986,0.0024458598053125964,1.0354871846111207,fro_gd_trajectory
4,2,polar_momentum,"0,1,2,3,4","5,6,7,8,9",80,32,0.9,6,0.001,5,0.49954972364844896,0.15241277082337584,0.8802972725435703,0.4165047145476024,0.12010307050884392,0.11763963801833062,0.002463432490513298,0.002532656483756644,10.936056331866537,10.940456558709402,0.004400226842864896,0.2,0.2,0.0,-9.868303934326397,-9.876470454211358,0.008166519884960977,0.5850808345454049,0.013082805183758331,0.5851028944612269,0.00037832844813186315,0.0006466015665163214,0.01833890313912203,0.002829754188996855,0.002829754188996853,0.8950093593304194,fro_gd_trajectory
4,2,ns_momentum,"0,1,2,3,4","5,6,7,8,9",80,32,0.9,6,0.001,5,0.49954972364844896,0.15241277082337584,0.8802972725435703,0.39624113104251846,0.12010307050884392,0.11763998839110565,0.002463082117738269,0.002532656483756644,10.936056331866537,10.94080020792739,0.00474387606085358,0.2,0.2,0.0,-9.868303934326397,-9.877099001001401,0.008795066675004293,0.6333410772938668,0.014161937017720339,0.6333398179739637,0.0002748330917551537,0.00043394254388479325,0.008209700735342244,0.00314271144065315,0.0031427114406531492,0.8058826053817663,fro_gd_trajectory
4,3,frobenius_grad,"0,1,2,3,4","5,6,7,8,9",80,32,0.9,6,0.001,5,0.6181539209838739,0.19055941380450217,0.9048773444867674,0.3049092398284111,0.15073782995267052,0.14776262704302284,0.002975202909647673,0.0030772111882200097,10.937280771501705,10.94328057205428,0.005999800552574541,0.2,0.2,0.0,-9.870279646873325,-9.880280679911513,0.010001033038188112,0.663131645562734,0.014828074375095696,0.6630949741236228,5.00641269692775e-05,7.550068832212848e-05,0.004978066277282882,0.004408070615386944,0.004978066277282881,0.6181539209838739,fro_gd_trajectory
4,3,polar_grad,"0,1,2,3,4","5,6,7,8,9",80,32,0.9,6,0.001,5,0.6181539209838739,0.19055941380450217,0.9048773444867674,1.0000000000000002,0.15073782995267052,0.14774678237992472,0.002991047572745792,0.0030772111882200097,10.937280771501705,10.940205131922431,0.002924360420726302,0.2,0.2,0.0,-9.870279646873325,-9.876538140331455,0.006258493458130232,0.5088122834670988,0.01137738853619325,0.5088484920367241,0.00030771296535037426,0.0006047241372745707,0.016326387091727065,0.0025192162210313424,0.002519216221031341,1.2214954645537457,fro_gd_trajectory
4,3,polar_momentum,"0,1,2,3,4","5,6,7,8,9",80,32,0.9,6,0.001,5,0.6181539209838739,0.19055941380450217,0.9048773444867674,0.3447960587621589,0.15073782995267052,0.14772817923561982,0.003009650717050699,0.0030772111882200097,10.937280771501705,10.941136884484825,0.0038561129831204966,0.2,0.2,0.0,-9.870279646873325,-9.87800182865719,0.007722181783865523,0.5701705635554116,0.012749401388792643,0.5702040003533455,0.00036563361595848867,0.0006412329898280473,0.017917550830902258,0.002764738116324284,0.002764738116324282,1.1130208572199818,fro_gd_trajectory
4,3,ns_momentum,"0,1,2,3,4","5,6,7,8,9",80,32,0.9,6,0.001,5,0.6181539209838739,0.19055941380450217,0.9048773444867674,0.4236093063066855,0.15073782995267052,0.14773570956885917,0.003002120383811341,0.0030772111882200097,10.937280771501705,10.942419179834216,0.005138408332511446,0.2,0.2,0.0,-9.870279646873325,-9.87948722213044,0.009207575257114797,0.6032280150520546,0.013488588475886607,0.6032232527695054,0.00025902954678177104,0.00042940908791648904,0.0077993402837578255,0.002998614426867843,0.002998614426867843,1.0262110262152857,fro_gd_trajectory
4,4,frobenius_grad,"0,1,2,3,4","5,6,7,8,9",80,32,0.9,6,0.001,5,0.4084703408211619,0.2098820588540024,0.9509742442025106,0.3221662546870186,0.10623456881073287,0.10413412646269103,0.0021004423480418394,0.0020991480365706583,10.938464680370586,10.945316968687704,0.006852288317118038,0.2,0.2,0.0,-9.87228856434642,-9.882882813471426,0.010594249125006172,0.6689927885316761,0.014959133516139695,0.6689364210235544,8.899740375446217e-05,0.0001330431427523191,0.005139046405060081,0.004403046505790017,0.005139046405060082,0.40847034082116185,fro_gd_trajectory
4,4,polar_grad,"0,1,2,3,4","5,6,7,8,9",80,32,0.9,6,0.001,5,0.4084703408211619,0.2098820588540024,0.9509742442025106,1.0000000000000002,0.10623456881073287,0.10410937267631966,0.0021251961344132125,0.0020991480365706583,10.938464680370586,10.942414672356799,0.003949991986212709,0.2,0.2,0.0,-9.87228856434642,-9.879741114333731,0.007452549987311485,0.4956692455816695,0.011083501274766505,0.4956490143074491,0.00027588553551808037,0.0005566147163705437,0.015951535365032618,0.002461375343863315,0.0024613753438633133,0.8528354043215075,fro_gd_trajectory
4,4,polar_momentum,"0,1,2,3,4","5,6,7,8,9",80,32,0.9,6,0.001,5,0.4084703408211619,0.2098820588540024,0.9509742442025106,0.43568492059279057,0.10623456881073287,0.10410741081360836,0.0021271579971245125,0.0020991480365706583,10.938464680370586,10.942312742961725,0.003848062591139012,0.2,0.2,0.0,-9.87228856434642,-9.879810022199143,0.007521457852723401,0.5351320478716143,0.011965916359796012,0.5351531315739702,0.0003269953593567667,0.000611031385343895,0.016865802513835647,0.002602449827683912,0.0026024498276839103,0.8066046131766648,fro_gd_trajectory
4,4,ns_momentum,"0,1,2,3,4","5,6,7,8,9",80,32,0.9,6,0.001,5,0.4084703408211619,0.2098820588540024,0.9509742442025106,0.44771749016881157,0.10623456881073287,0.10411463366926538,0.002119935141467494,0.0020991480365706583,10.938464680370586,10.943648650477536,0.005183970106950042,0.2,0.2,0.0,-9.87228856434642,-9.881339958435007,0.009051394088587017,0.5730300814259496,0.012813342152206622,0.5730155670015816,0.0002476289420688756,0.0004321504620976416,0.0074292811810652655,0.0028562220526093924,0.002856222052609392,0.7349386700004348,fro_gd_trajectory
4,5,frobenius_grad,"0,1,2,3,4","5,6,7,8,9",80,32,0.9,6,0.001,5,0.5553795225394837,0.24248948340830062,0.9728969827251525,0.3029912921574716,0.14094187608522676,0.13820023209371426,0.002741643991512499,0.0028730595461381033,10.93977674884856,10.947000387593045,0.007223638744484617,0.2,0.2,0.0,-9.874345619088466,-9.885540070938445,0.011194451849979359,0.6900547256690851,0.01543009274791044,0.6899897383805013,9.339759939207806e-05,0.00013536085277339745,0.005173146343244673,0.004559190164113498,0.005173146343244674,0.5553795225394837,fro_gd_trajectory
4,5,polar_grad,"0,1,2,3,4","5,6,7,8,9",80,32,0.9,6,0.001,5,0.5553795225394837,0.24248948340830062,0.9728969827251525,1.0,0.14094187608522676,0.13813870738537087,0.0028031686998558902,0.0028730595461381033,10.93977674884856,10.943877002473593,0.00410025362503319,0.2,0.2,0.0,-9.874345619088466,-9.883019514492178,0.008673895403711995,0.5366718682117039,0.012000347789331785,0.5366501720376275,0.0003144489991705911,0.0005859478214208852,0.017073580915177158,0.002634510731060677,0.0026345107310606743,1.0905476725772862,fro_gd_trajectory
4,5,polar_momentum,"0,1,2,3,4","5,6,7,8,9",80,32,0.9,6,0.001,5,0.5553795225394837,0.24248948340830062,0.9728969827251525,0.4712752713346445,0.14094187608522676,0.1381364479600829,0.002805428125143866,0.0028730595461381033,10.93977674884856,10.943883994853266,0.0041072460047058,0.2,0.2,0.0,-9.874345619088466,-9.88231689106817,0.007971271979704042,0.5653701748051613,0.012642061433152796,0.565388097126482,0.0003693484259910207,0.0006532653019548702,0.017810752602343577,0.0027482587918876626,0.0027482587918876604,1.04541084508447,fro_gd_trajectory
4,5,ns_momentum,"0,1,2,3,4","5,6,7,8,9",80,32,0.9,6,0.001,5,0.5553795225394837,0.24248948340830062,0.9728969827251525,0.452791508537773,0.14094187608522676,0.13815172366333103,0.0027901524218957308,0.0028730595461381033,10.93977674884856,10.945387622654371,0.005610873805810712,0.2,0.2,0.0,-9.874345619088466,-9.88406010987453,0.0097144907860649,0.5921066345627415,0.013239906848109165,0.5920800998934147,0.000261303291512848,0.00044133098133155863,0.00759318541299791,0.0029584685192639393,0.0029584685192639384,0.9711306804281681,fro_gd_trajectory
5,0,frobenius_grad,"0,1,2,3,4","5,6,7,8,9",80,32,0.9,6,0.001,5,0.35161523053499805,0.0351615230534998,1.0,0.36834381850783593,0.15761058194338348,0.15447130341170928,0.0031392785316742,0.003344928426489905,12.176572461421912,12.180924930525185,0.004352469103272583,0.19,0.19,0.0,-11.177556862982529,-11.195238816007526,0.0176819530249972,1.261615360789969,0.02821057708184291,1.2618753916082195,0.00031472514770433966,0.0002494106389563811,0.009513036228267043,0.00797269124273601,0.009513036228267043,0.3516152305349981,fro_gd_trajectory
5,0,polar_grad,"0,1,2,3,4","5,6,7,8,9",80,32,0.9,6,0.001,5,0.35161523053499805,0.0351615230534998,1.0,1.0,0.15761058194338348,0.15445701762048708,0.0031535643228964017,0.003344928426489905,12.176572461421912,12.180385944169183,0.003813482747270669,0.19,0.19,0.0,-11.177556862982529,-11.191110066972561,0.013553203990031903,0.8124376584125216,0.018166658316911517,0.8125880724537698,0.0006950827734022098,0.000855393768337345,0.02582651248717689,0.003985117394609195,0.0039851173946091915,0.8393550541358474,fro_gd_trajectory
5,0,polar_momentum,"0,1,2,3,4","5,6,7,8,9",80,32,0.9,6,0.001,5,0.35161523053499805,0.0351615230534998,1.0,0.8023112331766946,0.15761058194338348,0.15445701762048714,0.003153564322896346,0.003344928426489905,12.176572461421912,12.180385944170064,0.003813482748151742,0.19,0.19,0.0,-11.177556862982529,-11.191110066973438,0.013553203990909424,0.8121117972944824,0.01815937184079992,0.8122642616794331,0.0006993890628987461,0.0008610363595865872,0.02582651248717689,0.003985117394609193,0.0039851173946091915,0.8393550541358474,fro_gd_trajectory
5,0,ns_momentum,"0,1,2,3,4","5,6,7,8,9",80,32,0.9,6,0.001,5,0.35161523053499805,0.0351615230534998,1.0,0.5472151531580467,0.15761058194338348,0.15445628308310624,0.003154298860277238,0.003344928426489905,12.176572461421912,12.179383561093973,0.00281109967206028,0.19,0.19,0.0,-11.177556862982529,-11.1896702289537,0.012113365971170964,0.8282514853049547,0.018520266236070476,0.8284226515097847,0.0006805128380650879,0.0008214560971079993,0.01289166388200979,0.0041114245643911985,0.004111424564391198,0.8135692079723729,fro_gd_trajectory
5,1,frobenius_grad,"0,1,2,3,4","5,6,7,8,9",80,32,0.9,6,0.001,5,0.33619005816517655,0.051282250512599645,0.8000533725324176,0.31975502549435986,0.06452563143596685,0.06325787485579333,0.0012677565801735152,0.001343491348075276,12.177003804916247,12.182327891889656,0.005324086973409692,0.19,0.19,0.0,-11.17941473648867,-11.189144523007736,0.009729786519065087,0.5476406040193672,0.012245616178263493,0.5476603758888838,3.899474933198369e-05,7.120242955078318e-05,0.0039962256927157346,0.003486798603875461,0.0039962256927157346,0.33619005816517655,fro_gd_trajectory
5,1,polar_grad,"0,1,2,3,4","5,6,7,8,9",80,32,0.9,6,0.001,5,0.33619005816517655,0.051282250512599645,0.8000533725324176,1.0,0.06452563143596685,0.06324563340785178,0.0012799980281150702,0.001343491348075276,12.177003804916247,12.180781904248533,0.0037780993322868994,0.19,0.19,0.0,-11.17941473648867,-11.187903890281568,0.008489153792897497,0.398115950331396,0.008902143278679314,0.3981049302965168,0.0001724119710897379,0.0004330817278784312,0.012497772901418323,0.0019284482257543006,0.0019284482257542995,0.6966696487533537,fro_gd_trajectory
5,1,polar_momentum,"0,1,2,3,4","5,6,7,8,9",80,32,0.9,6,0.001,5,0.33619005816517655,0.051282250512599645,0.8000533725324176,0.4265659622087499,0.06452563143596685,0.06327017474507957,0.00125545669088728,0.001343491348075276,12.177003804916247,12.180339492170729,0.0033356872544825222,0.19,0.19,0.0,-11.17941473648867,-11.18883327071955,0.009418534230880127,0.4950811938998105,0.011070352039417298,0.495116623568078,0.0002656492815381487,0.0005365388049864624,0.016062320405045162,0.0024784698466629356,0.002478469846662933,0.5420648348351635,fro_gd_trajectory
5,1,ns_momentum,"0,1,2,3,4","5,6,7,8,9",80,32,0.9,6,0.001,5,0.33619005816517655,0.051282250512599645,0.8000533725324176,0.3725222774940674,0.06452563143596685,0.06327290586550692,0.0012527255704599255,0.001343491348075276,12.177003804916247,12.180515494962766,0.003511690046519078,0.19,0.19,0.0,-11.17941473648867,-11.188958397877634,0.009543661388963898,0.5110679085063509,0.011427825845388435,0.5111192680112332,0.00015979638077151772,0.0003126401033427794,0.008276825451455807,0.0026243548432109583,0.002624354843210958,0.5119320474328402,fro_gd_trajectory
5,2,frobenius_grad,"0,1,2,3,4","5,6,7,8,9",80,32,0.9,6,0.001,5,0.43376948814773897,0.08310345325054812,0.9234350232277336,0.30205515088745544,0.07536289383729618,0.07385232696833603,0.0015105668689601448,0.0014973363964652857,12.17832043209435,12.186384587497654,0.00806415540330363,0.19,0.19,0.0,-11.18180972669581,-11.196544383319333,0.014734656623522469,0.4877818587145705,0.010907133942769773,0.48776553969500563,2.6219312191075794e-05,5.375392490308036e-05,0.003451917291045844,0.0030654918586609037,0.0034519172910458446,0.43376948814773897,fro_gd_trajectory
5,2,polar_grad,"0,1,2,3,4","5,6,7,8,9",80,32,0.9,6,0.001,5,0.43376948814773897,0.08310345325054812,0.9234350232277336,0.9999999999999998,0.07536289383729618,0.0738441371491828,0.0015187566881133818,0.0014973363964652857,12.17832043209435,12.186498955443806,0.008178523349455347,0.19,0.19,0.0,-11.18180972669581,-11.19545521663133,0.013645489935520061,0.36605459898434073,0.008185229668054116,0.36603416922634335,0.00014489122443911464,0.00039584070729068664,0.011428102718672114,0.001763394533201998,0.0017633945332019968,0.8491216051046733,fro_gd_trajectory
5,2,polar_momentum,"0,1,2,3,4","5,6,7,8,9",80,32,0.9,6,0.001,5,0.43376948814773897,0.08310345325054812,0.9234350232277336,0.451261076373437,0.07536289383729618,0.07383649051226132,0.0015264033250348558,0.0014973363964652857,12.17832043209435,12.18377814498744,0.0054577128930883845,0.19,0.19,0.0,-11.18180972669581,-11.192803240920123,0.010993514224312051,0.379445264041954,0.008484654041381658,0.3794515336142908,0.00016963892729211528,0.0004470634910242629,0.012433589029014916,0.0019185444392289164,0.0019185444392289153,0.7804543725174706,fro_gd_trajectory
5,2,ns_momentum,"0,1,2,3,4","5,6,7,8,9",80,32,0.9,6,0.001,5,0.43376948814773897,0.08310345325054812,0.9234350232277336,0.46516262322422186,0.07536289383729618,0.07384059812929195,0.0015222957080042315,0.0014973363964652857,12.17832043209435,12.183925590061365,0.005605157967014662,0.19,0.19,0.0,-11.18180972669581,-11.193081438818513,0.011271712122702837,0.3899898564404459,0.008720438295362214,0.39000292436039075,6.070352476172437e-05,0.00015564889638014598,0.006107465927508892,0.002030479496218263,0.0020304794962182635,0.7374299515232985,fro_gd_trajectory
5,3,frobenius_grad,"0,1,2,3,4","5,6,7,8,9",80,32,0.9,6,0.001,5,0.1333434141542726,0.08413798150375881,0.7411352072073398,0.38508517827814337,0.04821595302518285,0.047297087305213176,0.000918865719969672,0.0009612492884698146,12.180643026224738,12.189298990713615,0.008655964488877288,0.19,0.19,0.0,-11.186041845975042,-11.20298638343314,0.016944537458098097,0.7573811652077564,0.016935557702825427,0.757285182617578,0.000112700664410124,0.00014882195901492608,0.007208824631996377,0.005580169798983311,0.007208824631996377,0.1333434141542726,fro_gd_trajectory
5,3,polar_grad,"0,1,2,3,4","5,6,7,8,9",80,32,0.9,6,0.001,5,0.1333434141542726,0.08413798150375881,0.7411352072073398,1.0,0.04821595302518285,0.04729161348546486,0.0009243395397179888,0.0009612492884698146,12.180643026224738,12.189887480333741,0.009244454109003541,0.19,0.19,0.0,-11.186041845975042,-11.20328439589948,0.017242549924437967,0.562315752098901,0.01257376246512062,0.5621931932381575,0.00035507803277878494,0.0006315943292261919,0.018720078150578707,0.002888570770186458,0.0028885707701864563,0.3327767830343884,fro_gd_trajectory
5,3,polar_momentum,"0,1,2,3,4","5,6,7,8,9",80,32,0.9,6,0.001,5,0.1333434141542726,0.08413798150375881,0.7411352072073398,0.3538289368235391,0.04821595302518285,0.0472956709136058,0.0009202821115770476,0.0009612492884698146,12.180643026224738,12.190507584317304,0.009864558092566256,0.19,0.19,0.0,-11.186041845975042,-11.20591604241989,0.01987419644484767,0.6723790981492915,0.015034853701118196,0.6724049559318341,0.0005305309847983379,0.0007890051673743481,0.022063521830230005,0.003404475330366238,0.003404475330366236,0.2823487307709198,fro_gd_trajectory
5,3,ns_momentum,"0,1,2,3,4","5,6,7,8,9",80,32,0.9,6,0.001,5,0.1333434141542726,0.08413798150375881,0.7411352072073398,0.4119159760129872,0.04821595302518285,0.047303115718827074,0.0009128373063557738,0.0009612492884698146,12.180643026224738,12.191736718947906,0.011093692723168402,0.19,0.19,0.0,-11.186041845975042,-11.207902298653565,0.021860452678522435,0.7337975777662766,0.01640821265610083,0.7338195320944212,0.00022380626335800988,0.00030498815249470975,0.01199981170566391,0.003821277745445784,0.0038212777454457846,0.2515517982474411,fro_gd_trajectory
5,4,frobenius_grad,"0,1,2,3,4","5,6,7,8,9",80,32,0.9,6,0.001,5,0.4600803547863316,0.11722673722136527,0.9386238812455651,0.30750351266260606,0.09108318002559006,0.08930308691438844,0.0017800931112016138,0.0019383996029856507,12.181831767748582,12.192755964321448,0.010924196572865696,0.19,0.19,0.0,-11.188381993020972,-11.207447353629105,0.01906536060813302,0.611428066471453,0.013671947199814294,0.611381424680224,6.300280459164856e-05,0.00010304991621981555,0.004213176204591204,0.0037344517666475113,0.004213176204591204,0.4600803547863315,fro_gd_trajectory
5,4,polar_grad,"0,1,2,3,4","5,6,7,8,9",80,32,0.9,6,0.001,5,0.4600803547863316,0.11722673722136527,0.9386238812455651,1.0000000000000002,0.09108318002559006,0.08928340086167066,0.0017997791639193933,0.0019383996029856507,12.181831767748582,12.191344080551765,0.00951231280318332,0.19,0.19,0.0,-11.188381993020972,-11.20467124298374,0.01628924996276737,0.4523505913517019,0.010114866719246336,0.45234255877017354,0.0002062781786216142,0.00045602204484681294,0.013701229518031285,0.0021141456132317262,0.0021141456132317245,0.9168713786098087,fro_gd_trajectory
5,4,polar_momentum,"0,1,2,3,4","5,6,7,8,9",80,32,0.9,6,0.001,5,0.4600803547863316,0.11722673722136527,0.9386238812455651,0.4031215357616751,0.09108318002559006,0.08928711960540674,0.0017960604201833208,0.0019383996029856507,12.181831767748582,12.191311337269982,0.009479569521399611,0.19,0.19,0.0,-11.188381993020972,-11.205373929281249,0.016991936260277285,0.4820164331390958,0.010778215107710003,0.48200677552947885,0.00024604749213232957,0.0005104647997158324,0.01549020546040881,0.00239019059414217,0.0023901905941421686,0.8109811860762242,fro_gd_trajectory
5,4,ns_momentum,"0,1,2,3,4","5,6,7,8,9",80,32,0.9,6,0.001,5,0.4600803547863316,0.11722673722136527,0.9386238812455651,0.40518474666034465,0.09108318002559006,0.08929197962694606,0.0017912003986439995,0.0019383996029856507,12.181831767748582,12.190559867000097,0.008728099251515076,0.19,0.19,0.0,-11.188381993020972,-11.20465671067288,0.016274717651908688,0.48724003418625506,0.010895018377997882,0.4872215126369645,0.0001501138512675522,0.00030810185382640137,0.007310358233381005,0.002492024782481133,0.0024920247824811326,0.7778412223716826,fro_gd_trajectory
5,5,frobenius_grad,"0,1,2,3,4","5,6,7,8,9",80,32,0.9,6,0.001,5,0.39948195512032436,0.14193397940056462,0.9356255307945349,0.31457374969940616,0.09241543657872472,0.09059660627839712,0.0018188303003276035,0.0018661052256076654,12.184404644421297,12.194561470674442,0.010156826253144402,0.19,0.19,0.0,-11.19286655369744,-11.211366115285312,0.018499561587871582,0.6580463781336751,0.014714364338544278,0.6580379866614402,4.191778113515434e-05,6.370115705299091e-05,0.004671312938391904,0.004118158091321833,0.0046713129383919045,0.39948195512032436,fro_gd_trajectory
5,5,polar_grad,"0,1,2,3,4","5,6,7,8,9",80,32,0.9,6,0.001,5,0.39948195512032436,0.14193397940056462,0.9356255307945349,1.0,0.09241543657872472,0.09058463451064792,0.0018308020680768006,0.0018661052256076654,12.184404644421297,12.192973225112997,0.008568580691699523,0.19,0.19,0.0,-11.19286655369744,-11.208674540714787,0.015807987017346647,0.47617788153513796,0.010647661124944105,0.47618066358846367,0.0002487510299826646,0.0005223879275317366,0.01484965907948652,0.0022913521417597654,0.002291352141759763,0.814412237908789,fro_gd_trajectory
5,5,polar_momentum,"0,1,2,3,4","5,6,7,8,9",80,32,0.9,6,0.001,5,0.39948195512032436,0.14193397940056462,0.9356255307945349,0.4614206495763099,0.09241543657872472,0.09058261448453879,0.0018328220941859347,0.0018661052256076654,12.184404644421297,12.193757240565208,0.00935259614391093,0.19,0.19,0.0,-11.19286655369744,-11.209894484135667,0.01702793043822659,0.49191577624637295,0.010999571148914656,0.4919165978911012,0.00027454788413840364,0.0005581187650821697,0.015674870374584572,0.002418685009019951,0.0024186850090199487,0.7715371032806837,fro_gd_trajectory
5,5,ns_momentum,"0,1,2,3,4","5,6,7,8,9",80,32,0.9,6,0.001,5,0.39948195512032436,0.14193397940056462,0.9356255307945349,0.4907123154192003,0.09241543657872472,0.09058656895116646,0.0018288676275582672,0.0018661052256076654,12.184404644421297,12.19380266048482,0.009398016063522974,0.19,0.19,0.0,-11.19286655369744,-11.2102450675797,0.017378513882260194,0.5151129426859717,0.011518275559357864,0.5150972671679693,0.00018414913851660705,0.0003575036216539612,0.007565401576742595,0.002600602409681665,0.0026006024096816645,0.7175665217645062,fro_gd_trajectory
6,0,frobenius_grad,"0,1,2,3,4","5,6,7,8,9",80,32,0.9,6,0.001,5,1.0822998414168188,0.10822998414168186,1.0,0.24572979504372058,0.1903303847984943,0.18657759888781508,0.003752785910679207,0.003766695972531508,11.464374371250493,11.464175661956595,-0.00019870929389753655,0.19,0.19,0.0,-10.452985597780057,-10.45348735238257,0.000501754602513671,0.5166512583086744,0.011552673342389984,0.5166499225509427,1.1592486050063301e-05,2.2437796937674485e-05,0.0034802702803694375,0.003288455766090589,0.003480270280369436,1.0822998414168188,fro_gd_trajectory
6,0,polar_grad,"0,1,2,3,4","5,6,7,8,9",80,32,0.9,6,0.001,5,1.0822998414168188,0.10822998414168186,1.0,1.0,0.1903303847984943,0.186576860065175,0.0037535247333193023,0.003766695972531508,11.464374371250493,11.463732847535724,-0.000641523714769221,0.19,0.19,0.0,-10.452985597780057,-10.454817248211544,0.0018316504314874749,0.4544266625983005,0.01016128908358161,0.45444996007240773,0.00022801405179188352,0.00050173632264277,0.014162996716577335,0.0021853978388699925,0.0021853978388699908,1.7235744931820576,fro_gd_trajectory
6,0,polar_momentum,"0,1,2,3,4","5,6,7,8,9",80,32,0.9,6,0.001,5,1.0822998414168188,0.10822998414168186,1.0,0.7089550537012614,0.1903303847984943,0.186576860065175,0.0037535247333193023,0.003766695972531508,11.464374371250493,11.46373284753675,-0.0006415237137424867,0.19,0.19,0.0,-10.452985597780057,-10.45481724821257,0.0018316504325142091,0.45439212672506585,0.010160516837979462,0.45441545102696235,0.0002287970952477875,0.0005034976137600832,0.014162996716577335,0.0021853978388699916,0.0021853978388699908,1.7235744931820576,fro_gd_trajectory
6,0,ns_momentum,"0,1,2,3,4","5,6,7,8,9",80,32,0.9,6,0.001,5,1.0822998414168188,0.10822998414168186,1.0,0.4724956943239539,0.1903303847984943,0.1865747361253576,0.0037556486731366856,0.003766695972531508,11.464374371250493,11.46406769435762,-0.0003066768928725594,0.19,0.19,0.0,-10.452985597780057,-10.45402387727896,0.0010382794989034494,0.479522339125518,0.01072244547014366,0.4795284742761769,0.00019724661259635595,0.00041133451541973474,0.004987054824943505,0.0024262282072247568,0.002426228207224756,1.5524903887091674,fro_gd_trajectory
6,1,frobenius_grad,"0,1,2,3,4","5,6,7,8,9",80,32,0.9,6,0.001,5,0.9912298485042496,0.190723490563119,0.9709742533487843,0.2816247682215941,0.25644516745275786,0.25142758616282396,0.005017581289933903,0.005097258271063917,11.464300923366837,11.463844997943152,-0.00045592542368488864,0.19,0.19,0.0,-10.45308221908125,-10.45529667315899,0.0022144540777411237,0.7334270710922906,0.01639992787500933,0.7334788947056012,0.00013129216428718756,0.00017899923942581159,0.00514235752560882,0.00477226868429957,0.005142357525608819,0.9912298485042496,fro_gd_trajectory
6,1,polar_grad,"0,1,2,3,4","5,6,7,8,9",80,32,0.9,6,0.001,5,0.9912298485042496,0.190723490563119,0.9709742533487843,1.0,0.25644516745275786,0.2514301406652968,0.005015026787461074,0.005097258271063917,11.464300923366837,11.462136543836941,-0.00216437952989601,0.19,0.19,0.0,-10.45308221908125,-10.453153008722,7.078964075013516e-05,0.5700878298685994,0.012747551407315226,0.5701082290419142,0.002215611019792677,0.0038862989638232116,0.018259606774225903,0.0028175184942535667,0.0028175184942535636,1.8091303682513424,fro_gd_trajectory
6,1,polar_momentum,"0,1,2,3,4","5,6,7,8,9",80,32,0.9,6,0.001,5,0.9912298485042496,0.190723490563119,0.9709742533487843,0.5318798501915569,0.25644516745275786,0.251443170539646,0.0050019969131118724,0.005097258271063917,11.464300923366837,11.462183731039543,-0.002117192327293793,0.19,0.19,0.0,-10.45308221908125,-10.453643338889396,0.0005611198081467705,0.5915324195771575,0.013227067010694513,0.5915776698408954,0.0011479789048416142,0.0019405379265758334,0.01874994473736453,0.0028931792845794443,0.002893179284579443,1.7618190128182336,fro_gd_trajectory
6,1,ns_momentum,"0,1,2,3,4","5,6,7,8,9",80,32,0.9,6,0.001,5,0.9912298485042496,0.190723490563119,0.9709742533487843,0.466212726349049,0.25644516745275786,0.2514460844079259,0.004999083044831987,0.005097258271063917,11.464300923366837,11.46337731906193,-0.0009236043049067888,0.19,0.19,0.0,-10.45308221908125,-10.45447300765361,0.00139078857236008,0.6347093932984547,0.014192533493729943,0.6347278669176023,0.0015251228353324842,0.0024027979781931796,0.007583121773668466,0.0032440664758084372,0.0032440664758084377,1.5712558016535882,fro_gd_trajectory
6,2,frobenius_grad,"0,1,2,3,4","5,6,7,8,9",80,32,0.9,6,0.001,5,0.6286741630440424,0.23180397138021733,0.968278322235934,0.3141621401281011,0.16593934420916362,0.16274752069588608,0.003191823513277542,0.0032739102033936796,11.464184014238576,11.461978141290764,-0.0022058729478118266,0.19,0.19,0.0,-10.45345749758868,-10.452420813381345,-0.00103668420733527,0.7167290560230195,0.016026548907167263,0.7167713213118687,0.00020777889275585366,0.0002898817050542242,0.00520764236204872,0.0045989065706590945,0.00520764236204872,0.6286741630440424,fro_gd_trajectory
6,2,polar_grad,"0,1,2,3,4","5,6,7,8,9",80,32,0.9,6,0.001,5,0.6286741630440424,0.23180397138021733,0.968278322235934,1.0,0.16593934420916362,0.16273192829562486,0.0032074159135387637,0.0032739102033936796,11.464184014238576,11.461158349532493,-0.00302566470608312,0.19,0.19,0.0,-10.45345749758868,-10.451565186441144,-0.0018923111475359633,0.5178133460468456,0.011578658414173685,0.5177908003659136,0.0009910278564106835,0.0019139541600784362,0.016576288791276,0.002557776890432963,0.002557776890432961,1.2799827129720829,fro_gd_trajectory
6,2,polar_momentum,"0,1,2,3,4","5,6,7,8,9",80,32,0.9,6,0.001,5,0.6286741630440424,0.23180397138021733,0.968278322235934,0.46541504022467167,0.16593934420916362,0.16275140037762487,0.003187943831538753,0.0032739102033936796,11.464184014238576,11.46159942165366,-0.002584592584916834,0.19,0.19,0.0,-10.45345749758868,-10.452933195860792,-0.0005243017278875328,0.5540109863127602,0.012388062256770376,0.5540386905880909,0.0012777262190951722,0.002306203954346428,0.017501293783503638,0.0027005082594653467,0.002700508259465345,1.2123311202321072,fro_gd_trajectory
6,2,ns_momentum,"0,1,2,3,4","5,6,7,8,9",80,32,0.9,6,0.001,5,0.6286741630440424,0.23180397138021733,0.968278322235934,0.43571821784616366,0.16593934420916362,0.16275662355557316,0.0031827206535904595,0.0032739102033936796,11.464184014238576,11.462653003613609,-0.0015310106249675215,0.19,0.19,0.0,-10.45345749758868,-10.453731796924712,0.000274299336032513,0.5967429371449336,0.01334357772548956,0.5967465851290532,0.0016217508033235372,0.002717654099307188,0.0073592800715248175,0.0030226321906707235,0.003022632190670723,1.0831321831013776,fro_gd_trajectory
6,3,frobenius_grad,"0,1,2,3,4","5,6,7,8,9",80,32,0.9,6,0.001,5,0.9163921124256887,0.29909384951165074,0.9911274822182856,0.2838406806799937,0.18668628210026686,0.18300334083179187,0.0036829412684749874,0.0037533196268921386,11.4637366369931,11.464052552333412,0.000315915340310724,0.19,0.19,0.0,-10.45319798531574,-10.455316904775232,0.0021189194594928296,0.5841093642186158,0.013061082446870084,0.5841142817829675,0.00017940533478076376,0.00030714081195402665,0.00409575723754006,0.0038027416975031196,0.004095757237540059,0.9163921124256889,fro_gd_trajectory
6,3,polar_grad,"0,1,2,3,4","5,6,7,8,9",80,32,0.9,6,0.001,5,0.9163921124256887,0.29909384951165074,0.9911274822182856,1.0,0.18668628210026686,0.1829727055332603,0.003713576567006549,0.0037533196268921386,11.4637366369931,11.463886828152138,0.00015019115903669444,0.19,0.19,0.0,-10.45319798531574,-10.456019374161702,0.0028213888459625025,0.448441772604006,0.010027462874930606,0.4483723333710583,0.0022707388976293693,0.005064404577679819,0.014429775280019425,0.0022265626649071815,0.0022265626649071793,1.6857013216147712,fro_gd_trajectory
6,3,polar_momentum,"0,1,2,3,4","5,6,7,8,9",80,32,0.9,6,0.001,5,0.9163921124256887,0.29909384951165074,0.9911274822182856,0.4394597905419425,0.18668628210026686,0.18298043876386516,0.0037058433364016985,0.0037533196268921386,11.4637366369931,11.462167128387204,-0.0015695086058968855,0.19,0.19,0.0,-10.45319798531574,-10.45369450581119,0.0004965204954512359,0.4672851253739969,0.010448813052107691,0.46726978605927144,0.0014452780128891868,0.0030930268894078647,0.014850328515271677,0.0022914554379439996,0.0022914554379439983,1.6379631760414217,fro_gd_trajectory
6,3,ns_momentum,"0,1,2,3,4","5,6,7,8,9",80,32,0.9,6,0.001,5,0.9163921124256887,0.29909384951165074,0.9911274822182856,0.45849078951554006,0.18668628210026686,0.18298555892374213,0.0037007231765247284,0.0037533196268921386,11.4637366369931,11.463007217080662,-0.0007294199124388001,0.19,0.19,0.0,-10.45319798531574,-10.45421362347945,0.0010156381637109746,0.5003113460096061,0.011187301795918982,0.5002891883805397,0.0014714422964630645,0.002941183480750792,0.00619028627385768,0.0025443664486304225,0.0025443664486304216,1.475149001792753,fro_gd_trajectory
6,4,frobenius_grad,"0,1,2,3,4","5,6,7,8,9",80,32,0.9,6,0.001,5,0.8703607652106231,0.3545624464621888,0.9855812491964707,0.27604867166208996,0.19919313929714616,0.19530235875821098,0.0038907805389351846,0.003963350471029954,11.463792140296473,11.463598011781466,-0.00019412851500710815,0.19,0.19,0.0,-10.453697731344718,-10.45494995876918,0.0012522274244624043,0.6658802447803175,0.014889534922029891,0.6658774436039288,0.0003763289704923181,0.0005651625146746415,0.004553686964589727,0.004248951315164205,0.004553686964589727,0.870360765210623,fro_gd_trajectory
6,4,polar_grad,"0,1,2,3,4","5,6,7,8,9",80,32,0.9,6,0.001,5,0.8703607652106231,0.3545624464621888,0.9855812491964707,1.0,0.19919313929714616,0.19531079214156105,0.0038823471555851086,0.003963350471029954,11.463792140296473,11.463800498678268,8.35838179469306e-06,0.19,0.19,0.0,-10.453697731344718,-10.455427369687412,0.0017296383426934625,0.5168641412510155,0.011557433549693233,0.516743280701976,0.0033250752578526223,0.006434675364013703,0.01649595680780481,0.0025453813962742593,0.002545381396274258,1.5570752881400072,fro_gd_trajectory
6,4,polar_momentum,"0,1,2,3,4","5,6,7,8,9",80,32,0.9,6,0.001,5,0.8703607652106231,0.3545624464621888,0.9855812491964707,0.4630129209370684,0.19919313929714616,0.19531844071135743,0.003874698585788733,0.003963350471029954,11.463792140296473,11.46240779638558,-0.0013843439108924827,0.19,0.19,0.0,-10.453697731344718,-10.454702193878484,0.0010044625337659596,0.5386382865424132,0.01204431823992846,0.5385917754281372,0.002567844776097791,0.004767701426663192,0.01717601672097165,0.0026503169190508313,0.0026503169190508304,1.4954251103107192,fro_gd_trajectory
6,4,ns_momentum,"0,1,2,3,4","5,6,7,8,9",80,32,0.9,6,0.001,5,0.8703607652106231,0.3545624464621888,0.9855812491964707,0.4448031187311966,0.19919313929714616,0.19531640602432987,0.0038767332728162907,0.003963350471029954,11.463792140296473,11.463209913978785,-0.000582226317687784,0.19,0.19,0.0,-10.453697731344718,-10.455148354134183,0.0014506227894646173,0.5776196144943078,0.012915967231464954,0.5775798383707977,0.002075200611964857,0.003592924257568369,0.007083326349068375,0.002947859235482599,0.002947859235482599,1.3444843034986733,fro_gd_trajectory
6,5,frobenius_grad,"0,1,2,3,4","5,6,7,8,9",80,32,0.9,6,0.001,5,0.8072949261456503,0.39443287120929654,0.9463143168670096,0.27219111945991026,0.1775019088519444,0.1739278529817723,0.0035740558701720937,0.003520877021963722,11.463724594402045,11.463897805169884,0.0001732107678389383,0.19,0.19,0.0,-10.453935197003952,-10.455537897390814,0.0016027003868614997,0.6321811858717931,0.014136001057057597,0.6321710210890981,0.00036272476402440573,0.0005737763230581292,0.004361326831042778,0.004001973940939247,0.004361326831042777,0.8072949261456503,fro_gd_trajectory
6,5,polar_grad,"0,1,2,3,4","5,6,7,8,9",80,32,0.9,6,0.001,5,0.8072949261456503,0.39443287120929654,0.9463143168670096,1.0,0.1775019088519444,0.17394036446017877,0.0035615443917656198,0.003520877021963722,11.463724594402045,11.46338665071607,-0.00033794368597561686,0.19,0.19,0.0,-10.453935197003952,-10.45660280373269,0.0026676067287372263,0.5092880162366948,0.011388026244312666,0.5092605058019576,0.0018287205505510419,0.0035909333822603533,0.0160230313159983,0.002472407408606046,0.0024724074086060446,1.4240683027029148,fro_gd_trajectory
6,5,polar_momentum,"0,1,2,3,4","5,6,7,8,9",80,32,0.9,6,0.001,5,0.8072949261456503,0.39443287120929654,0.9463143168670096,0.35265776803446336,0.1775019088519444,0.17393263755835855,0.003569271293585835,0.003520877021963722,11.463724594402045,11.462767765377656,-0.0009568290243890942,0.19,0.19,0.0,-10.453935197003952,-10.45592332772054,0.001988130716588543,0.579051287261372,0.012947980407751853,0.5789974763687594,0.002795114668367914,0.0048275075150547376,0.018373858931241962,0.0028351479848215395,0.0028351479848215365,1.2418671056372919,fro_gd_trajectory
6,5,ns_momentum,"0,1,2,3,4","5,6,7,8,9",80,32,0.9,6,0.001,5,0.8072949261456503,0.39443287120929654,0.9463143168670096,0.3734814845946052,0.1775019088519444,0.17392912426800325,0.003572784583941141,0.003520877021963722,11.463724594402045,11.463496875099178,-0.0002277193028668023,0.19,0.19,0.0,-10.453935197003952,-10.45589398641469,0.0019587894107377934,0.5945801818326911,0.013295217046520837,0.5945239468929482,0.0022025828339397604,0.0037047840468844295,0.007107867814517164,0.003022811978983706,0.003022811978983706,1.1647687803418953,fro_gd_trajectory
7,0,frobenius_grad,"0,1,2,3,4","5,6,7,8,9",80,32,0.9,6,0.001,5,0.6402061163416062,0.0640206116341606,0.9999999999999998,0.2981334039406186,0.1484022926280939,0.14552378402578522,0.002878508602308677,0.003008199317785294,12.198531688275327,12.203324619202292,0.00479293092696409,0.19,0.19,0.0,-11.235379752294689,-11.24866047834651,0.01328072605182129,0.6614206884489847,0.014789816210966401,0.6613912410199101,3.206950762366942e-05,4.848795332429269e-05,0.00469879815421844,0.004368966838873713,0.00469879815421844,0.6402061163416061,fro_gd_trajectory
7,0,polar_grad,"0,1,2,3,4","5,6,7,8,9",80,32,0.9,6,0.001,5,0.6402061163416062,0.0640206116341606,0.9999999999999998,1.0,0.1484022926280939,0.1454983889679244,0.002903903660169488,0.003008199317785294,12.198531688275327,12.202730410267186,0.004198721991858889,0.19,0.19,0.0,-11.235379752294689,-11.246316637823757,0.010936885529067908,0.4738615065699045,0.010595865406107694,0.47382495713922945,0.0005993824118158891,0.0012649870016022936,0.015760723528834536,0.002431932438325534,0.002431932438325532,1.236958424657776,fro_gd_trajectory
7,0,polar_momentum,"0,1,2,3,4","5,6,7,8,9",80,32,0.9,6,0.001,5,0.6402061163416062,0.0640206116341606,0.9999999999999998,0.8027979545103673,0.1484022926280939,0.14549838896792433,0.002903903660169571,0.003008199317785294,12.198531688275327,12.202730410266117,0.004198721990789522,0.19,0.19,0.0,-11.235379752294689,-11.246316637822686,0.010936885527996765,0.47403986798578135,0.010599853688612333,0.47400277251715295,0.000598898444145284,0.0012634914369063345,0.015760723528834543,0.0024319324383255342,0.0024319324383255325,1.2369584246577758,fro_gd_trajectory
7,0,ns_momentum,"0,1,2,3,4","5,6,7,8,9",80,32,0.9,6,0.001,5,0.6402061163416062,0.0640206116341606,0.9999999999999998,0.5697612446975725,0.1484022926280939,0.1454967008635791,0.0029055917645147977,0.003008199317785294,12.198531688275327,12.203524134822615,0.004992446547287699,0.19,0.19,0.0,-11.235379752294689,-11.24728288679731,0.011903134502620816,0.4948878697932094,0.011066029180976815,0.4948312823833861,0.0004504713763676769,0.0009103534727997654,0.007763341938200166,0.002626272007689927,0.0026262720076899275,1.1454256485912555,fro_gd_trajectory
7,1,frobenius_grad,"0,1,2,3,4","5,6,7,8,9",80,32,0.9,6,0.001,5,0.49289373465708847,0.10417418796146645,0.9700512525797553,0.33624842716198566,0.12689897989564766,0.1243971333310515,0.0025018465645961635,0.002592626944167102,12.199524895715902,12.203529488409835,0.004004592693933162,0.19,0.19,0.0,-11.238170999291414,-11.250995169720943,0.012824170429528436,0.7213667589497393,0.016130251097203216,0.7213690081917348,2.1251099209891662e-05,2.9459401455521458e-05,0.005260011969863688,0.0046158990922928085,0.005260011969863688,0.49289373465708847,fro_gd_trajectory
7,1,polar_grad,"0,1,2,3,4","5,6,7,8,9",80,32,0.9,6,0.001,5,0.49289373465708847,0.10417418796146645,0.9700512525797553,1.0,0.12689897989564766,0.1243672720400445,0.002531707855603166,0.002592626944167102,12.199524895715902,12.202732957256536,0.003208061540634688,0.19,0.19,0.0,-11.238170999291414,-11.247484973720962,0.0093139744295474,0.47195349139536424,0.010553200889783967,0.47194833661750535,0.0003672237661793398,0.0007781016219090089,0.015643231447235024,0.002413803016540708,0.0024138030165407063,1.0740838943364457,fro_gd_trajectory
7,1,polar_momentum,"0,1,2,3,4","5,6,7,8,9",80,32,0.9,6,0.001,5,0.49289373465708847,0.10417418796146645,0.9700512525797553,0.5565826266184304,0.12689897989564766,0.12437438349254673,0.0025245964031009316,0.002592626944167102,12.199524895715902,12.204074318173362,0.0045494224574600395,0.19,0.19,0.0,-11.238170999291414,-11.249360269291065,0.011189269999650975,0.486149679712559,0.010870637310770329,0.48612000906570696,0.0008227092730993731,0.0016923995263650436,0.01614228112175535,0.0024908080531166874,0.002490808053116686,1.0408778552498303,fro_gd_trajectory
7,1,ns_momentum,"0,1,2,3,4","5,6,7,8,9",80,32,0.9,6,0.001,5,0.49289373465708847,0.10417418796146645,0.9700512525797553,0.528464178987461,0.12689897989564766,0.12438510257389612,0.0025138773217515398,0.002592626944167102,12.199524895715902,12.203612789114533,0.004087893398631692,0.19,0.19,0.0,-11.238170999291414,-11.249356317075094,0.011185317783679594,0.5090819644943215,0.011383418787284372,0.5090572314359036,0.0004913640474259646,0.0009652432321606911,0.008031147270737893,0.002669092615324784,0.002669092615324783,0.9713514357955779,fro_gd_trajectory
7,2,frobenius_grad,"0,1,2,3,4","5,6,7,8,9",80,32,0.9,6,0.001,5,0.5699454194495077,0.14654557020928957,0.9538483221266469,0.30297651562556255,0.19502561011633038,0.1912902212225954,0.003735388893734981,0.003903684176995793,12.200259492412266,12.203124716774902,0.0028652243626350327,0.19,0.19,0.0,-11.240569892222679,-11.255537666526044,0.014967774303364934,0.9736284549400746,0.02177099410074096,0.9736398894507923,9.501865340566794e-05,9.759116736606362e-05,0.006849224581480518,0.006248020615687118,0.006849224581480518,0.5699454194495077,fro_gd_trajectory
7,2,polar_grad,"0,1,2,3,4","5,6,7,8,9",80,32,0.9,6,0.001,5,0.5699454194495077,0.14654557020928957,0.9538483221266469,1.0,0.19502561011633038,0.19126002125989253,0.0037655888564378515,0.003903684176995793,12.200259492412266,12.201042113251122,0.0007826208388550526,0.19,0.19,0.0,-11.240569892222679,-11.249679834174131,0.009109941951452427,0.7144930359009257,0.015976549977246672,0.7146397073318426,0.0005349353923722499,0.0007485385808877996,0.022606453729058066,0.003488251541156689,0.003488251541156685,1.1190948046428306,fro_gd_trajectory
7,2,polar_momentum,"0,1,2,3,4","5,6,7,8,9",80,32,0.9,6,0.001,5,0.5699454194495077,0.14654557020928957,0.9538483221266469,0.42631440064380544,0.19502561011633038,0.19123218355473595,0.0037934265615944263,0.003903684176995793,12.200259492412266,12.204229203745713,0.003969711333446924,0.19,0.19,0.0,-11.240569892222679,-11.254417814789594,0.013847922566915472,0.728866328632569,0.016297946573331255,0.7289668899618975,0.0009658876853821407,0.0013250089938002902,0.024321376680712634,0.003752869897523865,0.003752869897523863,1.0401863863096978,fro_gd_trajectory
7,2,ns_momentum,"0,1,2,3,4","5,6,7,8,9",80,32,0.9,6,0.001,5,0.5699454194495077,0.14654557020928957,0.9538483221266469,0.4725460563640361,0.19502561011633038,0.19124940350941222,0.003776206606918159,0.003903684176995793,12.200259492412266,12.203638470310295,0.0033789778980288787,0.19,0.19,0.0,-11.240569892222679,-11.254316662642443,0.013746770419764687,0.7487667900018201,0.016742934417383795,0.7488517073427676,0.0004159030182808711,0.000555387687846323,0.01170134916368481,0.003946636677860222,0.003946636677860221,0.9891166822866209,fro_gd_trajectory
7,3,frobenius_grad,"0,1,2,3,4","5,6,7,8,9",80,32,0.9,6,0.001,5,0.422235258205421,0.16542807132900827,0.8413820225969079,0.2889891674559395,0.06060422705130696,0.05941586650836698,0.001188360542939984,0.0012529601949285213,12.200638607469289,12.203933489534192,0.0032948820649032484,0.19,0.19,0.0,-11.242694314339532,-11.249602229557977,0.0069079152184450265,0.4128447088203278,0.009231488330733601,0.4128254866458653,2.2229402303941188e-05,5.3846971718125214e-05,0.0029674456847915472,0.002688129784802576,0.0029674456847915472,0.422235258205421,fro_gd_trajectory
7,3,polar_grad,"0,1,2,3,4","5,6,7,8,9",80,32,0.9,6,0.001,5,0.422235258205421,0.16542807132900827,0.8413820225969079,1.0,0.06060422705130696,0.05941296910217998,0.0011912579491269795,0.0012529601949285213,12.200638607469289,12.20422349814244,0.003584890673151264,0.19,0.19,0.0,-11.242694314339532,-11.249854578585893,0.007160264246360626,0.3131706777200128,0.007002709239416272,0.31313264212414327,0.0004571103613906766,0.0014597978616660875,0.010268363035593633,0.0015844428150190138,0.0015844428150190123,0.7907891550592102,fro_gd_trajectory
7,3,polar_momentum,"0,1,2,3,4","5,6,7,8,9",80,32,0.9,6,0.001,5,0.422235258205421,0.16542807132900827,0.8413820225969079,0.3720068623584137,0.06060422705130696,0.05940326758916647,0.001200959462140494,0.0012529601949285213,12.200638607469289,12.20287392295656,0.0022353154872707393,0.19,0.19,0.0,-11.242694314339532,-11.249903020271736,0.007208705932203685,0.36142894077744603,0.008081796806141153,0.361447329452896,0.0003009835442744413,0.0008327175766660786,0.01216663621286299,0.0018773527254148596,0.0018773527254148585,0.6674079825098618,fro_gd_trajectory
7,3,ns_momentum,"0,1,2,3,4","5,6,7,8,9",80,32,0.9,6,0.001,5,0.422235258205421,0.16542807132900827,0.8413820225969079,0.40630418313467376,0.06060422705130696,0.05940250839862235,0.0012017186526846121,0.0012529601949285213,12.200638607469289,12.202902426633957,0.0022638191646677797,0.19,0.19,0.0,-11.242694314339532,-11.250227185878643,0.0075328715391105305,0.3772692582755884,0.008435997073251407,0.37727475426578555,7.811963810503312e-05,0.00020706298850306523,0.00594241391151892,0.002007814218768766,0.0020078142187687654,0.6240418975102503,fro_gd_trajectory
7,4,frobenius_grad,"0,1,2,3,4","5,6,7,8,9",80,32,0.9,6,0.001,5,0.5280083894854759,0.19764456335217076,0.9431228302168968,0.2838799101030284,0.10464455690494452,0.10263896562322411,0.002005591281720412,0.002004575072719402,12.201736969617052,12.204659812253784,0.002922842636731815,0.19,0.19,0.0,-11.245021728671457,-11.254178253031819,0.009156524360362184,0.5327660828457456,0.011913011773493716,0.5327715565245642,9.850437754615535e-06,1.8489045884643367e-05,0.003796483375335729,0.003446800128505966,0.0037964833753357293,0.5280083894854759,fro_gd_trajectory
7,4,polar_grad,"0,1,2,3,4","5,6,7,8,9",80,32,0.9,6,0.001,5,0.5280083894854759,0.19764456335217076,0.9431228302168968,1.0000000000000002,0.10464455690494452,0.10260578602624124,0.002038770878703286,0.002004575072719402,12.201736969617052,12.202984486640524,0.0012475170234722555,0.19,0.19,0.0,-11.245021728671457,-11.251333779750352,0.006312051078895209,0.3961470061818054,0.008858116349055468,0.39617659389564414,0.00019336486772111007,0.0004880774652024087,0.013373554239741278,0.0020635842200918187,0.002063584220091817,0.971404536438164,fro_gd_trajectory
7,4,polar_momentum,"0,1,2,3,4","5,6,7,8,9",80,32,0.9,6,0.001,5,0.5280083894854759,0.19764456335217076,0.9431228302168968,0.35725719756675517,0.10464455690494452,0.1026296964814219,0.002014860423522627,0.002004575072719402,12.201736969617052,12.204393323412944,0.00265635379589213,0.19,0.19,0.0,-11.245021728671457,-11.253805139748984,0.008783411077526893,0.439663115970777,0.009831166145100309,0.43968560555503644,0.00039800425099452283,0.0009052019123803309,0.014844024629389864,0.002290482727234657,0.0022904827272346552,0.8751758085246792,fro_gd_trajectory
7,4,ns_momentum,"0,1,2,3,4","5,6,7,8,9",80,32,0.9,6,0.001,5,0.5280083894854759,0.19764456335217076,0.9431228302168968,0.3986588334973444,0.10464455690494452,0.10263222922786018,0.0020123276770843412,0.002004575072719402,12.201736969617052,12.20425011386644,0.0025131442493879774,0.19,0.19,0.0,-11.245021728671457,-11.253798583075254,0.008776854403796719,0.4463234442384597,0.009980095612690329,0.4463347953255537,0.00015746117592968712,0.00035278714000963325,0.00687373214988114,0.002385768428897163,0.002385768428897163,0.8402219798197388,fro_gd_trajectory
7,5,frobenius_grad,"0,1,2,3,4","5,6,7,8,9",80,32,0.9,6,0.001,5,0.5375569386796903,0.22165464649006483,0.8551734600593323,0.29953957217627997,0.19854272834057887,0.19469497280977754,0.003847755530801328,0.003869066081426314,12.202487309330634,12.203602668250204,0.001115358919570042,0.19,0.19,0.0,-11.247410399296191,-11.255906787456473,0.008496388160281754,1.0178541776289989,0.02275991132360589,1.0180262763730625,0.0001801204070851559,0.00017693099998054428,0.007197500028423487,0.006541025073944374,0.007197500028423487,0.5375569386796903,fro_gd_trajectory
7,5,polar_grad,"0,1,2,3,4","5,6,7,8,9",80,32,0.9,6,0.001,5,0.5375569386796903,0.22165464649006483,0.8551734600593323,1.0,0.19854272834057887,0.19465648980175185,0.003886238538827025,0.003869066081426314,12.202487309330634,12.202374085666868,-0.00011322366376553816,0.19,0.19,0.0,-11.247410399296191,-11.252962473322512,0.005552074026320852,0.7337621163502707,0.016407419714733154,0.7338453241187152,0.0006162317235887532,0.0008397297132454912,0.024028544796704642,0.0037076849568457213,0.003707684956845718,1.0435261157457913,fro_gd_trajectory
7,5,polar_momentum,"0,1,2,3,4","5,6,7,8,9",80,32,0.9,6,0.001,5,0.5375569386796903,0.22165464649006483,0.8551734600593323,0.478822877798799,0.19854272834057887,0.19459397382673896,0.003948754513839914,0.003869066081426314,12.202487309330634,12.205915761199194,0.0034284518685598897,0.19,0.19,0.0,-11.247410399296191,-11.26136728339626,0.013956884100068123,0.807738965004189,0.018061592338246904,0.8078398744317865,0.0009827180636974035,0.0012164763027928298,0.02716750892100276,0.004192037636635745,0.004192037636635742,0.9229559504936544,fro_gd_trajectory
7,5,ns_momentum,"0,1,2,3,4","5,6,7,8,9",80,32,0.9,6,0.001,5,0.5375569386796903,0.22165464649006483,0.8551734600593323,0.46703999323889517,0.19854272834057887,0.19459916498729116,0.003943563353287716,0.003869066081426314,12.202487309330634,12.205557732013208,0.003070422682574403,0.19,0.19,0.0,-11.247410399296191,-11.261764480825466,0.014354081529274865,0.8593498789177015,0.019215647457161953,0.8594713964267033,0.00041661715998667873,0.0004847365039939503,0.013194093938227475,0.004556109065460409,0.004556109065460408,0.849204008472377,fro_gd_trajectory
8,0,frobenius_grad,"0,1,2,3,4","5,6,7,8,9",80,32,0.9,6,0.001,5,0.3611170355020456,0.03611170355020455,1.0000000000000002,0.3251967699511705,0.08716967416759815,0.08543542381380426,0.0017342503537938897,0.0017158775166016005,11.68852313087508,11.687531631625077,-0.0009914992500021924,0.19,0.19,0.0,-10.713790814248428,-10.71377775328835,-1.3060960078803419e-05,0.5865391374581294,0.013115413828204706,0.5865431192135558,7.277335422475648e-05,0.0001240716186771262,0.004751582860709101,0.003907804643694706,0.004751582860709102,0.36111703550204566,fro_gd_trajectory
8,0,polar_grad,"0,1,2,3,4","5,6,7,8,9",80,32,0.9,6,0.001,5,0.3611170355020456,0.03611170355020455,1.0000000000000002,1.0,0.08716967416759815,0.08543977322835616,0.0017299009392419823,0.0017158775166016005,11.68852313087508,11.68886567870841,0.00034254783333054206,0.19,0.19,0.0,-10.713790814248428,-10.716430598102967,0.0026397838545388908,0.44543778018963137,0.009960291562506243,0.44541333742724376,0.0008382413368205071,0.001881940360525082,0.014611408537122214,0.002254589284942668,0.0022545892849426667,0.7610599092531545,fro_gd_trajectory
8,0,polar_momentum,"0,1,2,3,4","5,6,7,8,9",80,32,0.9,6,0.001,5,0.3611170355020456,0.03611170355020455,1.0000000000000002,0.818831361364167,0.08716967416759815,0.08543977322835614,0.00172990093924201,0.0017158775166016005,11.68852313087508,11.688865678708101,0.00034254783302145597,0.19,0.19,0.0,-10.713790814248428,-10.716430598102656,0.0026397838542280283,0.4454453054114402,0.009960459831581354,0.4454210130920414,0.0008383578450686021,0.00188216949902937,0.014611408537122209,0.002254589284942669,0.002254589284942667,0.7610599092531544,fro_gd_trajectory
8,0,ns_momentum,"0,1,2,3,4","5,6,7,8,9",80,32,0.9,6,0.001,5,0.3611170355020456,0.03611170355020455,1.0000000000000002,0.5259799807124192,0.08716967416759815,0.08543518025847385,0.0017344939091242934,0.0017158775166016005,11.68852313087508,11.688476112269736,-4.70186053433963e-05,0.19,0.19,0.0,-10.713790814248428,-10.715105885401766,0.0013150711533373993,0.4670034992059982,0.010442515699548814,0.46700678569034,0.0005942355198235345,0.0012724344442771257,0.006465701670369124,0.0024311990499445582,0.002431199049944558,0.7057741802921197,fro_gd_trajectory
8,1,frobenius_grad,"0,1,2,3,4","5,6,7,8,9",80,32,0.9,6,0.001,5,0.47233623496180094,0.07437678311632323,0.954522371863591,0.31334155958835047,0.2539891853863323,0.24888704284677748,0.0051021425395548214,0.005137172688454844,11.688301791591817,11.692852116214738,0.0045503246229205985,0.19,0.19,0.0,-10.713776152972256,-10.730333641322414,0.016557488350157357,1.4838926146312206,0.033180847576253066,1.4842064285842378,0.0003947514053370564,0.00026596799322153847,0.010876092724222823,0.009576637161199447,0.010876092724222823,0.4723362349618009,fro_gd_trajectory
8,1,polar_grad,"0,1,2,3,4","5,6,7,8,9",80,32,0.9,6,0.001,5,0.47233623496180094,0.07437678311632323,0.954522371863591,1.0,0.2539891853863323,0.24892581730118368,0.005063368085148623,0.005137172688454844,11.688301791591817,11.691998140239797,0.0036963486479795193,0.19,0.19,0.0,-10.713776152972256,-10.726509247233109,0.01273309426085234,1.0823126666212803,0.024201246954742517,1.0823798513608227,0.0013552544191968157,0.001252106104426206,0.03471002294911401,0.005355872818309385,0.005355872818309381,0.9591662951541908,fro_gd_trajectory
8,1,polar_momentum,"0,1,2,3,4","5,6,7,8,9",80,32,0.9,6,0.001,5,0.47233623496180094,0.07437678311632323,0.954522371863591,0.4727083982087243,0.2539891853863323,0.2488828404459092,0.005106344940423113,0.005137172688454844,11.688301791591817,11.688923081397318,0.0006212898055011351,0.19,0.19,0.0,-10.713776152972256,-10.722752256159438,0.008976103187182005,1.1569550720715795,0.025870301880652202,1.1569626703474718,0.0015707352078386462,0.0013576368953778825,0.03704503008811028,0.005716172242041911,0.005716172242041908,0.898708518730668,fro_gd_trajectory
8,1,ns_momentum,"0,1,2,3,4","5,6,7,8,9",80,32,0.9,6,0.001,5,0.47233623496180094,0.07437678311632323,0.954522371863591,0.4767726877192254,0.2539891853863323,0.2488899755659217,0.005099209820410594,0.005137172688454844,11.688301791591817,11.690489852597759,0.0021880610059419325,0.19,0.19,0.0,-10.713776152972256,-10.724404890973178,0.010628738000921345,1.219970787717313,0.027279376118998763,1.2202221992899505,0.0010508077653183642,0.0008611609966855473,0.017050169741695684,0.006214730912342916,0.006214730912342912,0.826612247724522,fro_gd_trajectory
8,2,frobenius_grad,"0,1,2,3,4","5,6,7,8,9",80,32,0.9,6,0.001,5,0.43629563137267574,0.10629936798099661,0.9403445695120445,0.345043465611017,0.12201753196215286,0.11958706574483013,0.0024304662173227215,0.0024640617350934614,11.688685658410035,11.689016615444864,0.0003309570348282165,0.19,0.19,0.0,-10.715213164742053,-10.721426308003148,0.006213143261094345,0.7022032074354713,0.015701741058441004,0.7021999379669489,0.0001674221103280491,0.00023842512833706532,0.00564768830561291,0.004725586281233164,0.00564768830561291,0.4362956313726757,fro_gd_trajectory
8,2,polar_grad,"0,1,2,3,4","5,6,7,8,9",80,32,0.9,6,0.001,5,0.43629563137267574,0.10629936798099661,0.9403445695120445,1.0,0.12201753196215286,0.11957881480784661,0.0024387171543062414,0.0024640617350934614,11.688685658410035,11.689835596300902,0.0011499378908670366,0.19,0.19,0.0,-10.715213164742053,-10.721325293788833,0.006112129046780268,0.5072090423252087,0.011341538974417352,0.5072208615048123,0.000923103384409012,0.0018199239315007038,0.016368048864834332,0.002525644772187154,0.0025256447721871533,0.9756169047318708,fro_gd_trajectory
8,2,polar_momentum,"0,1,2,3,4","5,6,7,8,9",80,32,0.9,6,0.001,5,0.43629563137267574,0.10629936798099661,0.9403445695120445,0.42165851600344145,0.12201753196215286,0.11956990942513185,0.0024476225370210075,0.0024640617350934614,11.688685658410035,11.689507503267027,0.0008218448569916603,0.19,0.19,0.0,-10.715213164742053,-10.720735185483747,0.005522020741693723,0.5472037144093104,0.012235847029595993,0.5472286477357606,0.0003382607975100693,0.000618134300734571,0.01753890360880601,0.0027063115815009905,0.002706311581500989,0.9104870820997004,fro_gd_trajectory
8,2,ns_momentum,"0,1,2,3,4","5,6,7,8,9",80,32,0.9,6,0.001,5,0.43629563137267574,0.10629936798099661,0.9403445695120445,0.4468115009172385,0.12201753196215286,0.11958106673838144,0.002436465223771417,0.0024640617350934614,11.688685658410035,11.689652650684847,0.0009669922748116733,0.19,0.19,0.0,-10.715213164742053,-10.720992609967897,0.005779445225844171,0.5822302153465768,0.013019063400692872,0.5822880227308571,0.00020074319569915816,0.00034474896934630047,0.008261290730077624,0.0029531615470266234,0.0029531615470266234,0.8343809493166366,fro_gd_trajectory
8,3,frobenius_grad,"0,1,2,3,4","5,6,7,8,9",80,32,0.9,6,0.001,5,0.5162835656259936,0.13687386947664243,0.8665659713997652,0.3349683944498931,0.14907981097100384,0.14616203627116392,0.00291777469983992,0.002901955802604734,11.688732461064314,11.695959709621029,0.007227248556715082,0.19,0.19,0.0,-10.716272388903498,-10.73129681497657,0.015024426073072306,0.7747137827509949,0.017323126813372287,0.7747296037846207,6.274614788042293e-05,8.099102909441255e-05,0.005620856435912527,0.004907898454594548,0.005620856435912527,0.5162835656259936,fro_gd_trajectory
8,3,polar_grad,"0,1,2,3,4","5,6,7,8,9",80,32,0.9,6,0.001,5,0.5162835656259936,0.13687386947664243,0.8665659713997652,1.0000000000000002,0.14907981097100384,0.14617962902547119,0.002900181945532654,0.002901955802604734,11.688732461064314,11.695484828633045,0.006752367568731543,0.19,0.19,0.0,-10.716272388903498,-10.728394428844954,0.012122039941456109,0.5243090725380788,0.011723907274150121,0.5242868556702699,0.0004953318036991133,0.0009447725006682854,0.016780259060391246,0.0025892501862501164,0.0025892501862501143,1.1207707227425157,fro_gd_trajectory
8,3,polar_momentum,"0,1,2,3,4","5,6,7,8,9",80,32,0.9,6,0.001,5,0.5162835656259936,0.13687386947664243,0.8665659713997652,0.4327167072706933,0.14907981097100384,0.14621362516926234,0.0028661858017415,0.002901955802604734,11.688732461064314,11.690896959623876,0.0021644985595621336,0.19,0.19,0.0,-10.716272388903498,-10.723970087561833,0.007697698658335028,0.5763928061118749,0.012888534962080088,0.5764366161854888,0.00038990847766698903,0.0006764117107049324,0.018940817459551985,0.0029226315850293533,0.002922631585029351,0.9929256282144745,fro_gd_trajectory
8,3,ns_momentum,"0,1,2,3,4","5,6,7,8,9",80,32,0.9,6,0.001,5,0.5162835656259936,0.13687386947664243,0.8665659713997652,0.4511913344861536,0.14907981097100384,0.14621506338298726,0.0028647475880165807,0.002901955802604734,11.688732461064314,11.691133324216217,0.002400863151903465,0.19,0.19,0.0,-10.716272388903498,-10.724828948757782,0.008556559854284274,0.6141178205370629,0.013732091929148888,0.6142021852939974,0.0002562230424635549,0.00041716400331742514,0.009407336991445454,0.003186668778368341,0.003186668778368341,0.910654983129628,fro_gd_trajectory
8,4,frobenius_grad,"0,1,2,3,4","5,6,7,8,9",80,32,0.9,6,0.001,5,0.3616837593673709,0.15534949150266514,0.9136130719804656,0.3104775301108177,0.1454667606373978,0.14269760566584763,0.0027691549715501695,0.002930678939233025,11.689989918834437,11.687306493164042,-0.002683425670394257,0.19,0.19,0.0,-10.718855598756207,-10.723322329408857,0.0044667306526502415,1.1008846161128245,0.02461652837012037,1.1009862782992694,0.00019862031552165152,0.00018040217161331657,0.008102876790373834,0.00725234166201491,0.008102876790373834,0.36168375936737096,fro_gd_trajectory
8,4,polar_grad,"0,1,2,3,4","5,6,7,8,9",80,32,0.9,6,0.001,5,0.3616837593673709,0.15534949150266514,0.9136130719804656,1.0000000000000002,0.1454667606373978,0.14269490004883878,0.002771860588559022,0.002930678939233025,11.689989918834437,11.690046868505112,5.6949670675265907e-05,0.19,0.19,0.0,-10.718855598756207,-10.726495325788052,0.007639727031845567,0.8188781710718441,0.01831067255807346,0.8188977665062519,0.0015595149419707036,0.0019044073701949675,0.026098110183631326,0.004027025829014103,0.0040270258290141,0.7277527047673584,fro_gd_trajectory
8,4,polar_momentum,"0,1,2,3,4","5,6,7,8,9",80,32,0.9,6,0.001,5,0.3616837593673709,0.15534949150266514,0.9136130719804656,0.43205121113656186,0.1454667606373978,0.14270238599878354,0.0027643746386142587,0.002930678939233025,11.689989918834437,11.69197692195527,0.0019870031208331085,0.19,0.19,0.0,-10.718855598756207,-10.729939207516791,0.01108360876058434,0.9167297424824147,0.02049870021186555,0.9168519188014339,0.0014946522587704913,0.0016302002843865933,0.030002727444824646,0.004629521352736039,0.004629521352736037,0.6330414563270133,fro_gd_trajectory
8,4,ns_momentum,"0,1,2,3,4","5,6,7,8,9",80,32,0.9,6,0.001,5,0.3616837593673709,0.15534949150266514,0.9136130719804656,0.4075189197182655,0.1454667606373978,0.1426994232795571,0.00276733735784071,0.002930678939233025,11.689989918834437,11.692969326737785,0.0029794079033482745,0.19,0.19,0.0,-10.718855598756207,-10.731580487624214,0.012724888868007156,0.9514049518266909,0.02127406146414394,0.9515968644897963,0.0013309708772528909,0.001398670936107485,0.014303839422194462,0.004925771903191359,0.004925771903191358,0.5949684631832561,fro_gd_trajectory
8,5,frobenius_grad,"0,1,2,3,4","5,6,7,8,9",80,32,0.9,6,0.001,5,0.5712487825559538,0.18473570501653513,0.8453718513256897,0.3087175530245875,0.15299190182618505,0.14999651784733678,0.0029953839788482706,0.0030863260480970306,11.689644989055216,11.685354082323734,-0.004290906731482025,0.19,0.19,0.0,-10.719375876057974,-10.713780271492876,-0.005595604565098,0.684505986218296,0.015306019161896436,0.6845954456221369,9.529970652871452e-05,0.0001392058728087351,0.005402770460687547,0.004855681826889873,0.005402770460687547,0.5712487825559538,fro_gd_trajectory
8,5,polar_grad,"0,1,2,3,4","5,6,7,8,9",80,32,0.9,6,0.001,5,0.5712487825559538,0.18473570501653513,0.8453718513256897,0.9999999999999998,0.15299190182618505,0.15001401738783623,0.0029778844383488157,0.0030863260480970306,11.689644989055216,11.685281189764217,-0.004363799290999282,0.19,0.19,0.0,-10.719375876057974,-10.71661273422117,-0.0027631418368034844,0.5282748748656025,0.011812585310046824,0.5283863281804976,0.00044912520518511497,0.0008499939934700451,0.0175006908669597,0.002700415227422871,0.002700415227422868,1.1429079560636515,fro_gd_trajectory
8,5,polar_momentum,"0,1,2,3,4","5,6,7,8,9",80,32,0.9,6,0.001,5,0.5712487825559538,0.18473570501653513,0.8453718513256897,0.32774127034800377,0.15299190182618505,0.1500429856070913,0.002948916219093739,0.0030863260480970306,11.689644989055216,11.688979062372807,-0.000665926682408724,0.19,0.19,0.0,-10.719375876057974,-10.72367758727869,0.004301711220715987,0.6242088360707104,0.013957733896101308,0.6242578113750142,0.0006860509364332147,0.0010989865467956141,0.020538844607194108,0.0031692125272408975,0.0031692125272408957,0.9738463487596947,fro_gd_trajectory
8,5,ns_momentum,"0,1,2,3,4","5,6,7,8,9",80,32,0.9,6,0.001,5,0.5712487825559538,0.18473570501653513,0.8453718513256897,0.43166342814907804,0.15299190182618505,0.1500444340819032,0.0029474677442818398,0.0030863260480970306,11.689644989055216,11.689471016065035,-0.00017397299018107049,0.19,0.19,0.0,-10.719375876057974,-10.724441349586423,0.00506547352844855,0.6506617869022902,0.014549239858750028,0.6507665546506386,0.0007026748379750089,0.0010797648295743118,0.00979403702476459,0.0033950843405555838,0.0033950843405555833,0.9090572541099151,fro_gd_trajectory
9,0,frobenius_grad,"0,1,2,3,4","5,6,7,8,9",80,32,0.9,6,0.001,5,0.587206907806395,0.05872069078063949,1.0000000000000002,0.3172432808293062,0.16513102470510688,0.16201116035837357,0.0031198643467333087,0.003360855458674671,11.775788464259584,11.776477276667794,0.000688812408210282,0.195,0.195,0.0,-10.648470990167068,-10.65413524608555,0.005664255918482297,0.7559730585317607,0.01690407148035444,0.7559688415626674,0.0002442673907136565,0.00032311833144965343,0.00572346035783142,0.004998143554108292,0.005723460357831419,0.5872069078063951,fro_gd_trajectory
9,0,polar_grad,"0,1,2,3,4","5,6,7,8,9",80,32,0.9,6,0.001,5,0.587206907806395,0.05872069078063949,1.0000000000000002,0.9999999999999998,0.16513102470510688,0.16197932128109271,0.003151703424014163,0.003360855458674671,11.775788464259584,11.777245601016205,0.001457136756620514,0.195,0.195,0.0,-10.648470990167068,-10.654847747377476,0.006376757210407646,0.5519866581538162,0.012342796903048717,0.5520224572592759,0.001982744144910576,0.0035917816727142923,0.018041234294607317,0.0027838228891088907,0.0027838228891088872,1.2072806326233254,fro_gd_trajectory
9,0,polar_momentum,"0,1,2,3,4","5,6,7,8,9",80,32,0.9,6,0.001,5,0.587206907806395,0.05872069078063949,1.0000000000000002,0.7447546504337168,0.16513102470510688,0.1619793212810927,0.0031517034240141906,0.003360855458674671,11.775788464259584,11.777245601016146,0.0014571367565618942,0.195,0.195,0.0,-10.648470990167068,-10.654847747377413,0.006376757210345474,0.5519731548323709,0.012342494959601977,0.5520101217591439,0.0019831137692186258,0.0035925315334777667,0.018041234294607324,0.0027838228891088907,0.0027838228891088877,1.2072806326233252,fro_gd_trajectory
9,0,ns_momentum,"0,1,2,3,4","5,6,7,8,9",80,32,0.9,6,0.001,5,0.587206907806395,0.05872069078063949,1.0000000000000002,0.5265795744830174,0.16513102470510688,0.1619935887215615,0.003137435983545378,0.003360855458674671,11.775788464259584,11.777847880086131,0.0020594158265474505,0.195,0.195,0.0,-10.648470990167068,-10.655872545265629,0.007401555098560664,0.5801837058277283,0.012973302056685423,0.5801826047279124,0.0010338337681287898,0.0017819110047493163,0.008006972831973606,0.0030017900200136915,0.0030017900200136898,1.119617107215029,fro_gd_trajectory
9,1,frobenius_grad,"0,1,2,3,4","5,6,7,8,9",80,32,0.9,6,0.001,5,0.6371093269348188,0.10498598033406743,0.918568754378085,0.3121968358518093,0.11420651607085396,0.11194747649344264,0.0022590395774113176,0.002407168708899051,11.775891249053348,11.781752495604351,0.005861246551003063,0.195,0.195,0.0,-10.649430190569438,-10.659218381065356,0.009788190495918059,0.5049236718777154,0.0112904365376737,0.5049080601997988,3.870882705504425e-05,7.666510025553296e-05,0.0037782663149511903,0.003295102063515505,0.0037782663149511907,0.6371093269348187,fro_gd_trajectory
9,1,polar_grad,"0,1,2,3,4","5,6,7,8,9",80,32,0.9,6,0.001,5,0.6371093269348188,0.10498598033406743,0.918568754378085,1.0,0.11420651607085396,0.11193893123706339,0.0022675848337905674,0.002407168708899051,11.775891249053348,11.780670403764963,0.004779154711615163,0.195,0.195,0.0,-10.649430190569438,-10.658608740627896,0.009178550058457802,0.371902303758194,0.008315988321920974,0.37189759456224064,0.0001670169488694905,0.0004490939207769966,0.01210219285100193,0.001867408898796879,0.001867408898796878,1.2890421109430965,fro_gd_trajectory
9,1,polar_momentum,"0,1,2,3,4","5,6,7,8,9",80,32,0.9,6,0.001,5,0.6371093269348188,0.10498598033406743,0.918568754378085,0.4446475611999801,0.11420651607085396,0.11194122804935769,0.0022652880214962673,0.002407168708899051,11.775891249053348,11.779426663842589,0.0035354147892405763,0.195,0.195,0.0,-10.649430190569438,-10.65754796392988,0.00811777336044095,0.3949223650192155,0.00883073254017951,0.39492791201520205,0.0009682965996483574,0.0024518312587920718,0.013357156107484369,0.002061053933351455,0.002061053933351453,1.1679309648073037,fro_gd_trajectory
9,1,ns_momentum,"0,1,2,3,4","5,6,7,8,9",80,32,0.9,6,0.001,5,0.6371093269348188,0.10498598033406743,0.918568754378085,0.42238461084535894,0.11420651607085396,0.1119421333876682,0.0022643826831857533,0.002407168708899051,11.775891249053348,11.77999887553873,0.004107626485382099,0.195,0.195,0.0,-10.649430190569438,-10.658117663911515,0.008687473342076757,0.40551819020108226,0.00906766239402309,0.40551033654195373,0.00014556294276959597,0.0003589623485578799,0.00627057104535304,0.002161037008303301,0.0021610370083033005,1.1138951807165007,fro_gd_trajectory
9,2,frobenius_grad,"0,1,2,3,4","5,6,7,8,9",80,32,0.9,6,0.001,5,0.8674612960358702,0.17239792074442173,0.9467852958909156,0.29768368178065796,0.21430218932246947,0.21018075443974188,0.004121434882727593,0.004146139418012371,11.777429179289657,11.783021368258835,0.005592188969178125,0.195,0.195,0.0,-10.652005906218573,-10.663239174014935,0.011233267796361801,0.6679069168775089,0.014934852687804102,0.6678594653660368,5.268897503649951e-05,7.889230859013434e-05,0.004779624678310634,0.004336824579793441,0.004779624678310634,0.8674612960358701,fro_gd_trajectory
9,2,polar_grad,"0,1,2,3,4","5,6,7,8,9",80,32,0.9,6,0.001,5,0.8674612960358702,0.17239792074442173,0.9467852958909156,1.0,0.21430218932246947,0.21019168408005737,0.004110505242412105,0.004146139418012371,11.777429179289657,11.780911589079686,0.0034824097900294504,0.195,0.195,0.0,-10.652005906218573,-10.661200457422819,0.009194551204245727,0.4985771567646359,0.011148524145542944,0.4985793906576674,0.00029236065012913583,0.0005863873549676572,0.016056052013735847,0.0024775026128850365,0.0024775026128850334,1.6735156590548346,fro_gd_trajectory
9,2,polar_momentum,"0,1,2,3,4","5,6,7,8,9",80,32,0.9,6,0.001,5,0.8674612960358702,0.17239792074442173,0.9467852958909156,0.47800251509886654,0.21430218932246947,0.2101600446060999,0.004142144716369561,0.004146139418012371,11.777429179289657,11.781693379154841,0.004264199865184892,0.195,0.195,0.0,-10.652005906218573,-10.662782384122947,0.010776477904373749,0.5133154318434902,0.011478081995017042,0.5133281056018228,0.0003438033312797559,0.0006697535699446709,0.017323828655190873,0.0026731247956652336,0.002673124795665232,1.5510459611671688,fro_gd_trajectory
9,2,ns_momentum,"0,1,2,3,4","5,6,7,8,9",80,32,0.9,6,0.001,5,0.8674612960358702,0.17239792074442173,0.9467852958909156,0.4517933192731038,0.21430218932246947,0.210163570852729,0.004138618469740479,0.004146139418012371,11.777429179289657,11.782629556517204,0.005200377227547293,0.195,0.195,0.0,-10.652005906218573,-10.663705478341699,0.01169957212312589,0.538157556554562,0.012033568790611883,0.5381333459023362,0.00016651505768791545,0.0003094308482383763,0.008054795977340915,0.002886114683483872,0.002886114683483872,1.4365816582893043,fro_gd_trajectory
9,3,frobenius_grad,"0,1,2,3,4","5,6,7,8,9",80,32,0.9,6,0.001,5,0.6778699207649523,0.21625010626061647,0.9306652448534769,0.3196800832384518,0.18937739622491298,0.18569052120639568,0.003686875018517305,0.0038172105912134247,11.778573898516708,11.781466947269628,0.00289304875292018,0.195,0.195,0.0,-10.654320756865225,-10.662418167105653,0.00809741024042765,0.793506357390578,0.017743341557035754,0.7934532989174787,7.916142566179665e-05,9.976822299409161e-05,0.0056311845005688355,0.005022742360726061,0.005631184500568836,0.6778699207649523,fro_gd_trajectory
9,3,polar_grad,"0,1,2,3,4","5,6,7,8,9",80,32,0.9,6,0.001,5,0.6778699207649523,0.21625010626061647,0.9306652448534769,1.0,0.18937739622491298,0.18568283028795682,0.0036945659369561623,0.0038172105912134247,11.778573898516708,11.780928112347015,0.0023542138303067617,0.195,0.195,0.0,-10.654320756865225,-10.662278496621843,0.007957739756617954,0.5652645237183179,0.012639699003032011,0.5651977644041802,0.0003501419254044332,0.0006195033799780605,0.01761506204428911,0.002718063083223906,0.0027180630832239045,1.4043863127289222,fro_gd_trajectory
9,3,polar_momentum,"0,1,2,3,4","5,6,7,8,9",80,32,0.9,6,0.001,5,0.6778699207649523,0.21625010626061647,0.9306652448534769,0.4729004511259364,0.18937739622491298,0.18568805016178294,0.003689346063130039,0.0038172105912134247,11.778573898516708,11.783180411981364,0.004606513464656459,0.195,0.195,0.0,-10.654320756865225,-10.666028177347465,0.011707420482240494,0.585070910763034,0.013082583281238567,0.5850705742431578,0.000432897025391225,0.000739905653179049,0.019377911412944007,0.002990076646285915,0.0029900766462859127,1.2766263352997744,fro_gd_trajectory
9,3,ns_momentum,"0,1,2,3,4","5,6,7,8,9",80,32,0.9,6,0.001,5,0.6778699207649523,0.21625010626061647,0.9306652448534769,0.4705268638439451,0.18937739622491298,0.18569788949648444,0.0036795067284285388,0.0038172105912134247,11.778573898516708,11.78347354866852,0.0048996501518114854,0.195,0.195,0.0,-10.654320756865225,-10.66643388132342,0.012113124458194235,0.6213640410756262,0.013894122346190715,0.621323809923988,0.0002639012555538571,0.00042474029055178565,0.009038729708787607,0.0032626024183280123,0.0032626024183280123,1.169989505852703,fro_gd_trajectory
9,4,frobenius_grad,"0,1,2,3,4","5,6,7,8,9",80,32,0.9,6,0.001,5,0.548486312505482,0.2404875023157594,0.8704688742185388,0.34218283635268926,0.19345374275039098,0.18955143546066114,0.003902307289729845,0.003965648271116131,11.779061420102412,11.783884806324872,0.0048233862224602575,0.195,0.195,0.0,-10.655745060483174,-10.666294149357004,0.010549088873830215,0.9525403013516405,0.021299448651304044,0.9525199787165172,0.00026501343699051786,0.00027822349442750054,0.007230168156796976,0.006248599114095792,0.007230168156796976,0.548486312505482,fro_gd_trajectory
9,4,polar_grad,"0,1,2,3,4","5,6,7,8,9",80,32,0.9,6,0.001,5,0.548486312505482,0.2404875023157594,0.8704688742185388,1.0,0.19345374275039098,0.1895863794699242,0.0038673632804667735,0.003965648271116131,11.779061420102412,11.782283933011133,0.003222512908720887,0.195,0.195,0.0,-10.655745060483174,-10.665048311338616,0.009303250855442258,0.6711554845862888,0.01500749287006754,0.6710862407393626,0.0005872452620717465,0.0008750667595639494,0.0211295465133874,0.0032603598101955174,0.0032603598101955153,1.21632227790169,fro_gd_trajectory
9,4,polar_momentum,"0,1,2,3,4","5,6,7,8,9",80,32,0.9,6,0.001,5,0.548486312505482,0.2404875023157594,0.8704688742185388,0.4583855361418373,0.19345374275039098,0.1895737845491916,0.0038799582011993794,0.003965648271116131,11.779061420102412,11.784870413142942,0.005808993040529842,0.195,0.195,0.0,-10.655745060483174,-10.670275024579178,0.014529964096004377,0.730374528944779,0.016331670957549133,0.730359080408837,0.0006546406930139741,0.0008963271773762604,0.023733476884419017,0.0036621549895137283,0.003662154989513726,1.0828728665147795,fro_gd_trajectory
9,4,ns_momentum,"0,1,2,3,4","5,6,7,8,9",80,32,0.9,6,0.001,5,0.548486312505482,0.2404875023157594,0.8704688742185388,0.4458730831124895,0.19345374275039098,0.18956525273680686,0.0038884900135841283,0.003965648271116131,11.779061420102412,11.785055103763728,0.00599368366131614,0.195,0.195,0.0,-10.655745060483174,-10.670594077287495,0.01484901680432138,0.7995230692884837,0.017877879325083248,0.7994559264726111,0.0004738686848276723,0.0005927389730144264,0.01165752485580933,0.004141811762366427,0.004141811762366427,0.9574670454966197,fro_gd_trajectory
9,5,frobenius_grad,"0,1,2,3,4","5,6,7,8,9",80,32,0.9,6,0.001,5,0.3797689573627781,0.24770669395120726,0.8480331008180712,0.32924965085405733,0.09569223298876764,0.09375905675219227,0.0019331762365753652,0.0019521889964098785,11.77970039088636,11.785511250175928,0.005810859289567816,0.195,0.195,0.0,-10.65719226732782,-10.668394000772448,0.011201733444627493,0.6760881015803331,0.015117789539124078,0.6760738533008082,2.148901870452848e-05,3.178501668066623e-05,0.005140464902572409,0.004477955339765194,0.005140464902572408,0.37976895736277816,fro_gd_trajectory
9,5,polar_grad,"0,1,2,3,4","5,6,7,8,9",80,32,0.9,6,0.001,5,0.3797689573627781,0.24770669395120726,0.8480331008180712,1.0,0.09569223298876764,0.09374904234814306,0.0019431906406245786,0.0019521889964098785,11.77970039088636,11.784357979137708,0.004657588251347988,0.195,0.195,0.0,-10.65719226732782,-10.666574893468983,0.009382626141162476,0.4728146998309417,0.010572458095831447,0.4727734611906662,0.00027449392480915786,0.0005806034969007205,0.015612666222236836,0.002409086699931142,0.0024090866999311408,0.8103440181151131,fro_gd_trajectory
9,5,polar_momentum,"0,1,2,3,4","5,6,7,8,9",80,32,0.9,6,0.001,5,0.3797689573627781,0.24770669395120726,0.8480331008180712,0.36464595741863953,0.09569223298876764,0.09375556473877245,0.0019366682499951937,0.0019521889964098785,11.77970039088636,11.784532237664141,0.004831846777781479,0.195,0.195,0.0,-10.65719226732782,-10.668849289167001,0.011657021839180715,0.5632869564938584,0.012595479255592346,0.5632700466891916,0.0003870043253103064,0.0006870671138738053,0.01830598923397946,0.002824675463173022,0.0028246754631730204,0.6911197487505136,fro_gd_trajectory
9,5,ns_momentum,"0,1,2,3,4","5,6,7,8,9",80,32,0.9,6,0.001,5,0.3797689573627781,0.24770669395120726,0.8480331008180712,0.38913797314695303,0.09569223298876764,0.093753788973814,0.001938444014953633,0.0019521889964098785,11.77970039088636,11.78448769032866,0.004787299442300608,0.195,0.195,0.0,-10.65719226732782,-10.668669988171187,0.011477720843366512,0.6002909959449881,0.01342291473214044,0.600255091751854,0.0002518355445931477,0.000419547535795426,0.008796052310757923,0.003104027625396652,0.0031040276253966512,0.6289212700419882,fro_gd_trajectory
10,0,frobenius_grad,"0,1,2,3,4","5,6,7,8,9",80,32,0.9,6,0.001,5,0.6425061369695869,0.06425061369695868,1.0,0.2904275374793417,0.12557312277469634,0.12303276615604264,0.002540356618653705,0.0025881681034719724,11.757396146541543,11.761974863069735,0.004578716528191862,0.185,0.185,0.0,-10.906409487102014,-10.9161906640407,0.009781176938686187,0.5468396839263743,0.01222770706053872,0.5468494148796972,1.989388477745567e-05,3.637909127475647e-05,0.004028238727304925,0.0036468085743523453,0.004028238727304925,0.6425061369695869,fro_gd_trajectory
10,0,polar_grad,"0,1,2,3,4","5,6,7,8,9",80,32,0.9,6,0.001,5,0.6425061369695869,0.06425061369695868,1.0,1.0,0.12557312277469634,0.12304065729576573,0.002532465478930615,0.0025881681034719724,11.757396146541543,11.761413126896612,0.004016980355068256,0.185,0.185,0.0,-10.906409487102014,-10.914747527014907,0.008338039912892725,0.41431575004571153,0.009264381812510226,0.41432736265356457,0.00021177025504927428,0.0005111181981633777,0.013870030239785567,0.0021401921300744317,0.0021401921300744295,1.2093157745524294,fro_gd_trajectory
10,0,polar_momentum,"0,1,2,3,4","5,6,7,8,9",80,32,0.9,6,0.001,5,0.6425061369695869,0.06425061369695868,1.0,0.7002778667244826,0.12557312277469634,0.12304065729576576,0.0025324654789305873,0.0025881681034719724,11.757396146541543,11.76141312689641,0.004016980354867528,0.185,0.185,0.0,-10.906409487102014,-10.914747527014706,0.008338039912691997,0.41426316779819405,0.009263206037711635,0.41427502200937993,0.00021124487459047868,0.0005099145817816062,0.013870030239785568,0.002140192130074431,0.0021401921300744295,1.2093157745524294,fro_gd_trajectory
10,0,ns_momentum,"0,1,2,3,4","5,6,7,8,9",80,32,0.9,6,0.001,5,0.6425061369695869,0.06425061369695868,1.0,0.5166406072052886,0.12557312277469634,0.12303719146602553,0.0025359313086708163,0.0025881681034719724,11.757396146541543,11.76116175118042,0.003765604638877207,0.185,0.185,0.0,-10.906409487102014,-10.914567485215203,0.00815799811318918,0.4299039157548039,0.009612943794210842,0.4299150627773518,0.00010376625244239935,0.00024136454250298908,0.006146366258051342,0.0022818302131801223,0.002281830213180122,1.1342509572019892,fro_gd_trajectory
10,1,frobenius_grad,"0,1,2,3,4","5,6,7,8,9",80,32,0.9,6,0.001,5,0.9773945777679689,0.15021116067168144,0.9798892283245816,0.29745829768404,0.18605036148558518,0.182392810549313,0.0036575509362721803,0.003705204719765587,11.75851577954374,11.76243792677932,0.003922147235579487,0.185,0.185,0.0,-10.908818182740426,-10.917033155273788,0.008214972533362896,0.5038558562133076,0.011266559453543155,0.5038699032148944,2.4967281937957677e-05,4.955104835326795e-05,0.0037908996059984215,0.0034244539613523263,0.003790899605998422,0.9773945777679689,fro_gd_trajectory
10,1,polar_grad,"0,1,2,3,4","5,6,7,8,9",80,32,0.9,6,0.001,5,0.9773945777679689,0.15021116067168144,0.9798892283245816,1.0000000000000002,0.18605036148558518,0.18239943374478926,0.003650927740795923,0.003705204719765587,11.75851577954374,11.76256012775686,0.004044348213119164,0.185,0.185,0.0,-10.908818182740426,-10.916279090158705,0.007460907418279206,0.38874391092942717,0.008692578106773227,0.3887462259848318,0.00018409194525331236,0.00047355300951653566,0.01274430612799753,0.0019664891284924364,0.0019664891284924347,1.8841724910048705,fro_gd_trajectory
10,1,polar_momentum,"0,1,2,3,4","5,6,7,8,9",80,32,0.9,6,0.001,5,0.9773945777679689,0.15021116067168144,0.9798892283245816,0.5046385284947063,0.18605036148558518,0.18238621780906664,0.0036641436765185442,0.003705204719765587,11.75851577954374,11.762094664022431,0.0035788844786903695,0.185,0.185,0.0,-10.908818182740426,-10.916183842006863,0.0073656592664370635,0.39274995015848196,0.008782155867140201,0.39277104966613946,0.0001870564916659588,0.00047624816499321746,0.012995055158315665,0.00200518054387027,0.002005180543870269,1.8478160139206428,fro_gd_trajectory
10,1,ns_momentum,"0,1,2,3,4","5,6,7,8,9",80,32,0.9,6,0.001,5,0.9773945777679689,0.15021116067168144,0.9798892283245816,0.48390284007510015,0.18605036148558518,0.1823847036788974,0.0036656578066877887,0.003705204719765587,11.75851577954374,11.762664478245416,0.004148698701675002,0.185,0.185,0.0,-10.908818182740426,-10.91699748060031,0.008179297859884471,0.40307652021422796,0.00901306499333082,0.4030899341708942,0.00012550900972648258,0.00031136726344863704,0.005839948918763597,0.002114878439041992,0.0021148784390419913,1.751970539471758,fro_gd_trajectory
10,2,frobenius_grad,"0,1,2,3,4","5,6,7,8,9",80,32,0.9,6,0.001,5,0.43929186074307186,0.16340744935740134,0.7212946373535634,0.33673076909364674,0.10828577313509742,0.10617002894266889,0.002115744192428534,0.0022219582346659477,11.759536555996801,11.765257134538036,0.005720578541234644,0.185,0.185,0.0,-10.910963992366026,-10.922937508805544,0.01197351643951805,0.6130547120101826,0.013708320099813247,0.6130611870797507,3.665922482176267e-05,5.979700818507993e-05,0.005058045534710013,0.004334018199871879,0.005058045534710014,0.4392918607430718,fro_gd_trajectory
10,2,polar_grad,"0,1,2,3,4","5,6,7,8,9",80,32,0.9,6,0.001,5,0.43929186074307186,0.16340744935740134,0.7212946373535634,1.0,0.10828577313509742,0.1061510579540838,0.002134715181013616,0.0022219582346659477,11.759536555996801,11.76596516470424,0.006428608707437888,0.185,0.185,0.0,-10.910963992366026,-10.921777467047704,0.010813474681677704,0.45419607124698375,0.01015613290421593,0.45420096093540874,0.00023873503217067873,0.0005256154273188095,0.015021037573502349,0.0023177964174978674,0.0023177964174978657,0.9586511644817458,fro_gd_trajectory
10,2,polar_momentum,"0,1,2,3,4","5,6,7,8,9",80,32,0.9,6,0.001,5,0.43929186074307186,0.16340744935740134,0.7212946373535634,0.38831878946891524,0.10828577313509742,0.10617840290272502,0.0021073702323723964,0.0022219582346659477,11.759536555996801,11.765594324458268,0.006057768461467106,0.185,0.185,0.0,-10.910963992366026,-10.923166361648983,0.012202369282956482,0.5932066018123641,0.013264502863540965,0.5932620349167178,0.0004266126068726536,0.000719096422430843,0.019761204966565207,0.0030492201256285415,0.0030492201256285384,0.7286972219520995,fro_gd_trajectory
10,2,ns_momentum,"0,1,2,3,4","5,6,7,8,9",80,32,0.9,6,0.001,5,0.43929186074307186,0.16340744935740134,0.7212946373535634,0.3877926245055589,0.10828577313509742,0.10618731208654851,0.002098461048548911,0.0022219582346659477,11.759536555996801,11.766880835159874,0.007344279163072898,0.185,0.185,0.0,-10.910963992366026,-10.925292305979058,0.01432831361303144,0.634308009595004,0.014183558281270176,0.6343369195919681,0.0003172345685086897,0.0005001042170346133,0.009600042366049982,0.003349851672132865,0.0033498516721328646,0.6633004837647685,fro_gd_trajectory
10,3,frobenius_grad,"0,1,2,3,4","5,6,7,8,9",80,32,0.9,6,0.001,5,0.6104337486805592,0.1961961956455508,0.8596277382957856,0.31969410071911614,0.24660990144908765,0.2417713215518558,0.004838579897231854,0.0049015309968223385,11.760653358956015,11.759374265832891,-0.0012790931231236868,0.185,0.185,0.0,-10.913315950293235,-10.919871943876679,0.006555993583443609,1.0710535395528689,0.023949485219819735,1.0709793354235075,0.00014579306787962823,0.00013613060780670981,0.008029587170461826,0.0071649494172249,0.008029587170461826,0.6104337486805593,fro_gd_trajectory
10,3,polar_grad,"0,1,2,3,4","5,6,7,8,9",80,32,0.9,6,0.001,5,0.6104337486805592,0.1961961956455508,0.8596277382957856,1.0,0.24660990144908765,0.24174375929958106,0.0048661421495065915,0.0049015309968223385,11.760653358956015,11.759641910478496,-0.0010114484775183286,0.185,0.185,0.0,-10.913315950293235,-10.918728321197419,0.005412370904183561,0.7880298644480477,0.017620883452057794,0.7881795853744209,0.0007062895572545078,0.0008961023228215031,0.025116469626434053,0.003875555402579908,0.003875555402579906,1.264729951624341,fro_gd_trajectory
10,3,polar_momentum,"0,1,2,3,4","5,6,7,8,9",80,32,0.9,6,0.001,5,0.6104337486805592,0.1961961956455508,0.8596277382957856,0.4652646328495734,0.24660990144908765,0.2417491668866025,0.004860734562485147,0.0049015309968223385,11.760653358956015,11.765878090603842,0.005224731647826886,0.185,0.185,0.0,-10.913315950293235,-10.927347569684516,0.014031619391280614,0.8724210885103024,0.01950792858913397,0.8726998976346514,0.0009576142562058332,0.0010973007545908187,0.029234550246284095,0.004510989037636736,0.004510989037636733,1.0865756834980487,fro_gd_trajectory
10,3,ns_momentum,"0,1,2,3,4","5,6,7,8,9",80,32,0.9,6,0.001,5,0.6104337486805592,0.1961961956455508,0.8596277382957856,0.44375042302160334,0.24660990144908765,0.24176560736845187,0.004844294080635775,0.0049015309968223385,11.760653358956015,11.767772427361193,0.007119068405177842,0.185,0.185,0.0,-10.913315950293235,-10.930170719939255,0.016854769646020173,0.9005221978478354,0.02013628849635274,0.900671291901169,0.0005980220038951526,0.0006639736486247124,0.013943588469383008,0.004822034768312869,0.0048220347683128675,1.0164860338693256,fro_gd_trajectory
10,4,frobenius_grad,"0,1,2,3,4","5,6,7,8,9",80,32,0.9,6,0.001,5,0.44684259082183925,0.2099093689620329,0.7931717863421486,0.3177623680985067,0.18631824737704972,0.18293506987654,0.0033831775005097042,0.003726819913145306,11.760478560947126,11.769182600353242,0.008704039406115527,0.185,0.185,0.0,-10.91411171460415,-10.930586915239415,0.016475200635264642,1.0991529451247406,0.02457780702968018,1.0992629063729646,0.00014459289319624396,0.00013153622519050562,0.008340341743813824,0.007337012536015948,0.008340341743813826,0.4468425908218392,fro_gd_trajectory
10,4,polar_grad,"0,1,2,3,4","5,6,7,8,9",80,32,0.9,6,0.001,5,0.44684259082183925,0.2099093689620329,0.7931717863421486,1.0000000000000002,0.18631824737704972,0.18283169068377864,0.003486556693271081,0.003726819913145306,11.760478560947126,11.767217369860907,0.006738808913780758,0.185,0.185,0.0,-10.91411171460415,-10.926849773436144,0.012738058831994081,0.7728488412812138,0.017281425454367404,0.7730201420098151,0.0007216202719653936,0.0009335077221781257,0.026247103436830864,0.0040500159871045376,0.004050015987104536,0.9201988152668279,fro_gd_trajectory
10,4,polar_momentum,"0,1,2,3,4","5,6,7,8,9",80,32,0.9,6,0.001,5,0.44684259082183925,0.2099093689620329,0.7931717863421486,0.36944410250997034,0.18631824737704972,0.1829279603417251,0.003390287035324624,0.003726819913145306,11.760478560947126,11.76612038733865,0.0056418263915247735,0.185,0.185,0.0,-10.91411171460415,-10.929181294565602,0.015069579961451751,0.9513353321780256,0.021272504721474083,0.9516723833931451,0.0011511690774732497,0.0012096274911002547,0.03204614266240141,0.004944827166171651,0.004944827166171647,0.7536805206542053,fro_gd_trajectory
10,4,ns_momentum,"0,1,2,3,4","5,6,7,8,9",80,32,0.9,6,0.001,5,0.44684259082183925,0.2099093689620329,0.7931717863421486,0.4202137903176296,0.18631824737704972,0.18295729905846367,0.003360948318586049,0.003726819913145306,11.760478560947126,11.768109711371489,0.007631150424362687,0.185,0.185,0.0,-10.91411171460415,-10.932156737300778,0.018045022696627555,0.9919278838597115,0.02218018177087831,0.9921276300051872,0.0005567704417634759,0.0005611883238858743,0.01562948995329968,0.005323374709461711,0.00532337470946171,0.7000859636127615,fro_gd_trajectory
10,5,frobenius_grad,"0,1,2,3,4","5,6,7,8,9",80,32,0.9,6,0.001,5,0.3204878912209938,0.21694740331601975,0.8919388958547935,0.35335072105238796,0.13139906874558885,0.12892597367460104,0.0024730950709878075,0.002652147238057781,11.76149256125014,11.772541911739136,0.011049350488995913,0.185,0.185,0.0,-10.916052184019499,-10.937855042480562,0.021802858461063224,1.077451293876776,0.02409254335553574,1.0774679516521637,8.705598766189819e-05,8.079682326366052e-05,0.008275343033877624,0.007132909876188895,0.008275343033877626,0.3204878912209938,fro_gd_trajectory
10,5,polar_grad,"0,1,2,3,4","5,6,7,8,9",80,32,0.9,6,0.001,5,0.3204878912209938,0.21694740331601975,0.8919388958547935,1.0,0.13139906874558885,0.12887293316650092,0.002526135579087929,0.002652147238057781,11.76149256125014,11.769936812466765,0.008444251216625176,0.185,0.185,0.0,-10.916052184019499,-10.931536396873666,0.015484212854167012,0.693668987350022,0.015510910095980901,0.6936586921252107,0.0005931874795295609,0.0008551575670625144,0.023419629679065294,0.003613727314351409,0.0036137273143514058,0.7339090660009554,fro_gd_trajectory
10,5,polar_momentum,"0,1,2,3,4","5,6,7,8,9",80,32,0.9,6,0.001,5,0.3204878912209938,0.21694740331601975,0.8919388958547935,0.4566229386537899,0.13139906874558885,0.12892532363583337,0.002473745109755482,0.002652147238057781,11.76149256125014,11.766433235304014,0.0049406740538735505,0.185,0.185,0.0,-10.916052184019499,-10.928753439880941,0.012701255861442107,0.7760540388916429,0.017353095851749795,0.7762750646807318,0.0007734897461414601,0.0009964119438250702,0.026298148158942398,0.0040578923587242365,0.004057892358724234,0.6535775234046851,fro_gd_trajectory
10,5,ns_momentum,"0,1,2,3,4","5,6,7,8,9",80,32,0.9,6,0.001,5,0.3204878912209938,0.21694740331601975,0.8919388958547935,0.4475273366267521,0.13139906874558885,0.12894727427931582,0.0024517944662730273,0.002652147238057781,11.76149256125014,11.7684831091075,0.00699054785735953,0.185,0.185,0.0,-10.916052184019499,-10.931986292361998,0.015934108342499087,0.8361575852166013,0.018697052004463942,0.8362946377282687,0.0003579000483829595,0.0004279592768347385,0.013502534494224531,0.004514374945287817,0.004514374945287816,0.5874893579289729,fro_gd_trajectory
11,0,frobenius_grad,"0,1,2,3,4","5,6,7,8,9",80,32,0.9,6,0.001,5,0.8556921126117313,0.08556921126117312,1.0,0.28162390533586695,0.17519302729998731,0.17168230653752972,0.003510720762457592,0.003539038344919063,12.336867973568351,12.345229381707325,0.008361408138974014,0.2,0.2,0.0,-11.442906104689582,-11.456329379087684,0.01342327439810198,0.5977917107262535,0.013367029015697937,0.5977701692125511,2.618005354400169e-05,4.379618604670244e-05,0.004135878188846757,0.0038093195991147927,0.004135878188846757,0.8556921126117315,fro_gd_trajectory
11,0,polar_grad,"0,1,2,3,4","5,6,7,8,9",80,32,0.9,6,0.001,5,0.8556921126117313,0.08556921126117312,1.0,1.0,0.17519302729998731,0.17169699964349588,0.0034960276564914294,0.003539038344919063,12.336867973568351,12.34412616940738,0.007258195839028758,0.2,0.2,0.0,-11.442906104689582,-11.455158943473414,0.012252838783831876,0.44953530014233833,0.010051914894040394,0.4495207333828765,0.00024247735946800804,0.000539413071435527,0.014685820736397633,0.0022660713365689118,0.00226607133656891,1.5617506332689288,fro_gd_trajectory
11,0,polar_momentum,"0,1,2,3,4","5,6,7,8,9",80,32,0.9,6,0.001,5,0.8556921126117313,0.08556921126117312,1.0,0.7686696645175569,0.17519302729998731,0.17169699964349594,0.003496027656491374,0.003539038344919063,12.336867973568351,12.344126169407367,0.007258195839016324,0.2,0.2,0.0,-11.442906104689582,-11.4551589434734,0.012252838783817666,0.4495317814007665,0.010051836212586897,0.44951720675924883,0.00024272824510269294,0.0005399754257520395,0.014685820736397629,0.0022660713365689105,0.002266071336568909,1.5617506332689293,fro_gd_trajectory
11,0,ns_momentum,"0,1,2,3,4","5,6,7,8,9",80,32,0.9,6,0.001,5,0.8556921126117313,0.08556921126117312,1.0,0.5133359528202585,0.17519302729998731,0.17169532691263106,0.0034977003873562507,0.003539038344919063,12.336867973568351,12.344728259490516,0.007860285922165033,0.2,0.2,0.0,-11.442906104689582,-11.455319118198354,0.012413013508771442,0.46757114972900604,0.010455208751117898,0.46754114477090114,8.497538840172348e-05,0.00018174954087380287,0.006386756768852529,0.0024438254613180933,0.002443825461318093,1.4481551162046817,fro_gd_trajectory
11,1,frobenius_grad,"0,1,2,3,4","5,6,7,8,9",80,32,0.9,6,0.001,5,0.6629762553937049,0.13725597924006244,0.9507785755938631,0.319666513032954,0.1472598840310518,0.1443203825961594,0.002939501434892411,0.0029941827187889044,12.33886775933639,12.346647904706956,0.007780145370565705,0.2,0.2,0.0,-11.446116536336511,-11.459696505972957,0.01357996963644581,0.6466123425297248,0.014458691529868435,0.646603420244311,2.116248217154108e-05,3.272868888250715e-05,0.004516274443359703,0.004041082245739323,0.004516274443359703,0.6629762553937049,fro_gd_trajectory
11,1,polar_grad,"0,1,2,3,4","5,6,7,8,9",80,32,0.9,6,0.001,5,0.6629762553937049,0.13725597924006244,0.9507785755938631,1.0,0.1472598840310518,0.14433029480645365,0.002929589224598156,0.0029941827187889044,12.33886775933639,12.345164036453902,0.006296277117511906,0.2,0.2,0.0,-11.446116536336511,-11.457228979674806,0.011112443338294753,0.4475156723435353,0.010006754643566677,0.44747403335510033,0.00022430566689851384,0.0005012708004902542,0.014128081169684871,0.002180010253018727,0.002180010253018726,1.3734718516313258,fro_gd_trajectory
11,1,polar_momentum,"0,1,2,3,4","5,6,7,8,9",80,32,0.9,6,0.001,5,0.6629762553937049,0.13725597924006244,0.9507785755938631,0.5531402137992755,0.1472598840310518,0.14430708978744666,0.0029527942436051446,0.0029941827187889044,12.33886775933639,12.345541011146858,0.006673251810468628,0.2,0.2,0.0,-11.446116536336511,-11.457965381675777,0.011848845339265779,0.4635025079191971,0.010364231154489598,0.4634853653360149,0.0002449678710673929,0.0005285342092512405,0.014835681349344074,0.00228919533117392,0.0022891953311739185,1.307962967604631,fro_gd_trajectory
11,1,ns_momentum,"0,1,2,3,4","5,6,7,8,9",80,32,0.9,6,0.001,5,0.6629762553937049,0.13725597924006244,0.9507785755938631,0.49490677597901067,0.1472598840310518,0.1443022301136126,0.0029576539174392125,0.0029941827187889044,12.33886775933639,12.346857813283124,0.007990053946734577,0.2,0.2,0.0,-11.446116536336511,-11.459343293458703,0.013226757122192012,0.49763989989119894,0.01112756644472911,0.4976185317214172,0.00010170970374725681,0.00020439291799566092,0.0070766460656168165,0.002536137868416408,0.0025361378684164077,1.1806072359380466,fro_gd_trajectory
11,2,frobenius_grad,"0,1,2,3,4","5,6,7,8,9",80,32,0.9,6,0.001,5,0.5997317189307373,0.15668742294531937,0.6857463812145869,0.31286592168388255,0.19930574975421497,0.19543501802348798,0.003870731730726995,0.004000787760178871,12.340572757903887,12.342926141990313,0.002353384086426047,0.2,0.2,0.0,-11.44906872139911,-11.457275387889258,0.008206666490147896,0.9147172265407666,0.02045369898735229,0.9148296339319711,0.00013221580059057821,0.0001445250521917506,0.006670962421850694,0.005901618095699959,0.006670962421850694,0.5997317189307373,fro_gd_trajectory
11,2,polar_grad,"0,1,2,3,4","5,6,7,8,9",80,32,0.9,6,0.001,5,0.5997317189307373,0.15668742294531937,0.6857463812145869,1.0,0.19930574975421497,0.195456851364643,0.0038488983895719753,0.004000787760178871,12.340572757903887,12.343456264074234,0.002883506170347161,0.2,0.2,0.0,-11.44906872139911,-11.457523284926388,0.00845456352727858,0.6749836514109401,0.015093093282558841,0.6750362289815725,0.0005079854672779459,0.0007525306723823458,0.021322112635172148,0.003290073407876113,0.00329007340787611,1.2160177796037561,fro_gd_trajectory
11,2,polar_momentum,"0,1,2,3,4","5,6,7,8,9",80,32,0.9,6,0.001,5,0.5997317189307373,0.15668742294531937,0.6857463812145869,0.4386320122226317,0.19930574975421497,0.19545685104881538,0.0038488987053995893,0.004000787760178871,12.340572757903887,12.349778343185942,0.009205585282055395,0.2,0.2,0.0,-11.44906872139911,-11.467973262993223,0.0189045415941127,0.8596348899926521,0.019222020498541242,0.8597042106392299,0.0009429513789995333,0.0010968323375994695,0.027972443593298327,0.00431624175307159,0.004316241753071586,0.9269146607304313,fro_gd_trajectory
11,2,ns_momentum,"0,1,2,3,4","5,6,7,8,9",80,32,0.9,6,0.001,5,0.5997317189307373,0.15668742294531937,0.6857463812145869,0.4016319527657339,0.19930574975421497,0.1954352429325046,0.003870506821710362,0.004000787760178871,12.340572757903887,12.35146671943976,0.01089396153587252,0.2,0.2,0.0,-11.44906872139911,-11.47007004902737,0.02100132762826057,0.9264799546877014,0.020716721584726254,0.9265646713153114,0.0003253238514075412,0.0003511075497252938,0.013658420757602596,0.004790307522860521,0.004790307522860519,0.835183908566649,fro_gd_trajectory
11,3,frobenius_grad,"0,1,2,3,4","5,6,7,8,9",80,32,0.9,6,0.001,5,0.4742305805619188,0.17080118166224445,0.7120891219291063,0.36084115577259906,0.19288036733929387,0.18903617324571304,0.0038441940935808327,0.003911355202301771,12.340907335741225,12.349316850786717,0.00840951504549281,0.2,0.2,0.0,-11.450223857544229,-11.464880498962488,0.014656641418259397,1.1461974933908854,0.02562975510861885,1.146084518770904,0.00025228941719287356,0.00022013159855211766,0.008247792029074089,0.006777118111025411,0.008247792029074087,0.4742305805619188,fro_gd_trajectory
11,3,polar_grad,"0,1,2,3,4","5,6,7,8,9",80,32,0.9,6,0.001,5,0.4742305805619188,0.17080118166224445,0.7120891219291063,1.0,0.19288036733929387,0.18904981141146265,0.003830555927831214,0.003911355202301771,12.340907335741225,12.347926514307199,0.007019178565974116,0.2,0.2,0.0,-11.450223857544229,-11.46273695027352,0.012513092729291131,0.7741823839741143,0.017311244375489632,0.7740538582535821,0.0005772435511307486,0.0007457408098618922,0.022857126736041764,0.003526931225879342,0.0035269312258793405,1.1089967316633982,fro_gd_trajectory
11,3,polar_momentum,"0,1,2,3,4","5,6,7,8,9",80,32,0.9,6,0.001,5,0.4742305805619188,0.17080118166224445,0.7120891219291063,0.43466446275047493,0.19288036733929387,0.18910323606584178,0.0037771312734520834,0.003911355202301771,12.340907335741225,12.351327381172341,0.01042004543111652,0.2,0.2,0.0,-11.450223857544229,-11.469842102169073,0.019618244624844294,0.8788049252396751,0.019650675517975343,0.8787932360526423,0.0009227242289016086,0.0010499901353887239,0.02779643207285179,0.0042890825858347675,0.004289082585834766,0.9119328257328299,fro_gd_trajectory
11,3,ns_momentum,"0,1,2,3,4","5,6,7,8,9",80,32,0.9,6,0.001,5,0.4742305805619188,0.17080118166224445,0.7120891219291063,0.44513776063851346,0.19288036733929387,0.18910507472082205,0.003775292618471815,0.003911355202301771,12.340907335741225,12.353457998620968,0.012550662879743157,0.2,0.2,0.0,-11.450223857544229,-11.47322897249453,0.02300511495030122,0.9618657336568103,0.02150797165684335,0.9618799550197809,0.000425490405597546,0.00044235291875772156,0.014223213746834393,0.004831124345424824,0.004831124345424823,0.8096159242942912,fro_gd_trajectory
11,4,frobenius_grad,"0,1,2,3,4","5,6,7,8,9",80,32,0.9,6,0.001,5,0.4384167612610327,0.18011079304331595,0.6795426156896803,0.3439264758490792,0.10356573983930084,0.10148747610910437,0.0020782637301964696,0.0020724567918856403,12.341901477552112,12.343610274783977,0.0017087972318652334,0.2,0.2,0.0,-11.451928903608112,-11.45591838924238,0.003989485634267709,0.6059136644959559,0.01354864142308958,0.6058988347046941,5.0148326750836574e-05,8.276683148809505e-05,0.0047271385927959595,0.0039801160751908515,0.0047271385927959595,0.4384167612610327,fro_gd_trajectory
11,4,polar_grad,"0,1,2,3,4","5,6,7,8,9",80,32,0.9,6,0.001,5,0.4384167612610327,0.18011079304331595,0.6795426156896803,1.0,0.10356573983930084,0.10148653553936922,0.0020792042999316224,0.0020724567918856403,12.341901477552112,12.342523476332333,0.0006219987802218441,0.2,0.2,0.0,-11.451928903608112,-11.45579603321407,0.0038671296059575866,0.43346158533504425,0.009692495704439847,0.43346287100889663,0.00019309444310672706,0.0004454693954693155,0.013744619634547442,0.002120840853565415,0.002120840853565414,0.9771863779413559,fro_gd_trajectory
11,4,polar_momentum,"0,1,2,3,4","5,6,7,8,9",80,32,0.9,6,0.001,5,0.4384167612610327,0.18011079304331595,0.6795426156896803,0.3890461027809541,0.10356573983930084,0.10151129964004074,0.002054440199260099,0.0020724567918856403,12.341901477552112,12.348343615686222,0.006442138134110209,0.2,0.2,0.0,-11.451928903608112,-11.464351587272056,0.012422683663944056,0.5827869899348702,0.013031513258968555,0.5827725091713566,0.00036956059235184374,0.0006341421164106066,0.018339889550381967,0.0028299063955587035,0.002829906395558701,0.732341110341383,fro_gd_trajectory
11,4,ns_momentum,"0,1,2,3,4","5,6,7,8,9",80,32,0.9,6,0.001,5,0.4384167612610327,0.18011079304331595,0.6795426156896803,0.3707931582432083,0.10356573983930084,0.10151653559411399,0.002049204245186856,0.0020724567918856403,12.341901477552112,12.349931520609875,0.008030043057763336,0.2,0.2,0.0,-11.451928903608112,-11.46657957574976,0.014650672141648613,0.6320333205090235,0.01413269468703088,0.632017766665337,0.0002555480915629333,0.0004043368795014427,0.009611695031227049,0.0031348392998181585,0.0031348392998181577,0.6611046352538253,fro_gd_trajectory
11,5,frobenius_grad,"0,1,2,3,4","5,6,7,8,9",80,32,0.9,6,0.001,5,0.6128711530815465,0.18719403197497633,0.545709704780478,0.32732878068695914,0.1145179808204378,0.11236420811339982,0.002153772707037982,0.0022651881899225534,12.342252342284642,12.338139950440585,-0.004112391844056873,0.2,0.2,0.0,-11.45274538780581,-11.447955836111037,-0.004789551694774019,0.4946538910895324,0.011060797258109724,0.4946411033966868,5.568907909816793e-05,0.00011258481900463297,0.0036960267725656124,0.003043845911869767,0.0036960267725656124,0.6128711530815464,fro_gd_trajectory
11,5,polar_grad,"0,1,2,3,4","5,6,7,8,9",80,32,0.9,6,0.001,5,0.6128711530815465,0.18719403197497633,0.545709704780478,1.0,0.1145179808204378,0.11233540968530957,0.002182571135128236,0.0022651881899225534,12.342252342284642,12.338208526233934,-0.00404381605070725,0.2,0.2,0.0,-11.45274538780581,-11.448584348679498,-0.0041610391263127156,0.37896194866490934,0.008473846781005235,0.37896388618927856,0.0002687541984120956,0.0007091815558326386,0.011291481197616731,0.001742313374826237,0.0017423133748262357,1.300103771601056,fro_gd_trajectory
11,5,polar_momentum,"0,1,2,3,4","5,6,7,8,9",80,32,0.9,6,0.001,5,0.6128711530815465,0.18719403197497633,0.545709704780478,0.2700566707212733,0.1145179808204378,0.11238524189117542,0.0021327389292623844,0.0022651881899225534,12.342252342284642,12.346622529874464,0.0043701875898225495,0.2,0.2,0.0,-11.45274538780581,-11.46212189311414,0.009376505308329897,0.5602696845825125,0.012528011004588644,0.5603082666514223,0.00035867716687777143,0.0006401425576341011,0.017925692993351162,0.0027659944792660838,0.0027659944792660825,0.8189416887497147,fro_gd_trajectory
11,5,ns_momentum,"0,1,2,3,4","5,6,7,8,9",80,32,0.9,6,0.001,5,0.6128711530815465,0.18719403197497633,0.545709704780478,0.31195404155075646,0.1145179808204378,0.11238791649466907,0.0021300643257687324,0.0022651881899225534,12.342252342284642,12.34741395385539,0.005161611570748903,0.2,0.2,0.0,-11.45274538780581,-11.463044947614566,0.010299559808755632,0.5830064662479751,0.013036420898524092,0.5830332327195908,0.00021623041781861275,0.00037087151415022087,0.009369616049069216,0.0029222886740343447,0.002922288674034345,0.775141829775278,fro_gd_trajectory
12,0,frobenius_grad,"0,1,2,3,4","5,6,7,8,9",80,32,0.9,6,0.001,5,0.4714040239081197,0.04714040239081196,1.0,0.31572863537809737,0.10421533624727444,0.1021730869755587,0.002042249271715743,0.002065363562760154,11.692237031888524,11.69365826310634,0.001421231217815233,0.19,0.19,0.0,-10.682582505466309,-10.683772634812524,0.0011901293462148743,0.6182953736640415,0.013825504856864304,0.6182574413053297,0.00010478193110963148,0.0001694794499980541,0.004381302360632182,0.003668348407682013,0.004381302360632182,0.47140402390811964,fro_gd_trajectory
12,0,polar_grad,"0,1,2,3,4","5,6,7,8,9",80,32,0.9,6,0.001,5,0.4714040239081197,0.04714040239081196,1.0,1.0,0.10421533624727444,0.10217024118720773,0.0020450950600667123,0.002065363562760154,11.692237031888524,11.694568776365724,0.0023317444771997486,0.19,0.19,0.0,-10.682582505466309,-10.686369485122272,0.0037869796559633073,0.45951227060911687,0.010275006735772644,0.4594947117783972,0.00021967090535101775,0.0004780705843181924,0.013876797571387219,0.002141236352010871,0.0021412363520108687,0.9645658970905004,fro_gd_trajectory
12,0,polar_momentum,"0,1,2,3,4","5,6,7,8,9",80,32,0.9,6,0.001,5,0.4714040239081197,0.04714040239081196,1.0,0.7148000892003139,0.10421533624727444,0.10217024118720776,0.0020450950600666845,0.002065363562760154,11.692237031888524,11.694568776365658,0.0023317444771340234,0.19,0.19,0.0,-10.682582505466309,-10.686369485122214,0.0037869796559046875,0.4595264540362079,0.010275323886843934,0.4595089069131997,0.00021962173155443333,0.0004779488019715784,0.013876797571387224,0.0021412363520108705,0.002141236352010869,0.9645658970905002,fro_gd_trajectory
12,0,ns_momentum,"0,1,2,3,4","5,6,7,8,9",80,32,0.9,6,0.001,5,0.4714040239081197,0.04714040239081196,1.0,0.5049908536837052,0.10421533624727444,0.1021681422525417,0.0020471939947327433,0.002065363562760154,11.692237031888524,11.693766318776042,0.0015292868875178556,0.19,0.19,0.0,-10.682582505466309,-10.684956194899112,0.0023736894328028058,0.48585860279551146,0.010864128633038332,0.48584273344853124,0.00021859917946248202,0.0004499381474965289,0.005828634172679681,0.002327753101551974,0.002327753101551974,0.8872777621402897,fro_gd_trajectory
12,1,frobenius_grad,"0,1,2,3,4","5,6,7,8,9",80,32,0.9,6,0.001,5,0.4036590316091716,0.07934573635822262,0.9562003011403062,0.3414554266770964,0.12528529550677747,0.1227397162838803,0.002545579222897165,0.002625999785979036,11.692544440423184,11.697940277327374,0.005395836904190432,0.19,0.19,0.0,-10.682854441206747,-10.691805880243523,0.00895143903677642,0.8578914446282925,0.019183035875043584,0.8578519828222831,0.00015853829723470192,0.00018480845228464722,0.00650548998126113,0.00535885498019854,0.0065054899812611285,0.40365903160917177,fro_gd_trajectory
12,1,polar_grad,"0,1,2,3,4","5,6,7,8,9",80,32,0.9,6,0.001,5,0.4036590316091716,0.07934573635822262,0.9562003011403062,1.0,0.12528529550677747,0.12275007512497127,0.0025352203818062025,0.002625999785979036,11.692544440423184,11.698046777552939,0.005502337129755119,0.19,0.19,0.0,-10.682854441206747,-10.69084512959093,0.007990688384182931,0.6072900607009923,0.013579418577873932,0.6072318069485659,0.0013641987243729378,0.002246586408620866,0.019052237782746295,0.0029398241141520925,0.002939824114152091,0.893250644940856,fro_gd_trajectory
12,1,polar_momentum,"0,1,2,3,4","5,6,7,8,9",80,32,0.9,6,0.001,5,0.4036590316091716,0.07934573635822262,0.9562003011403062,0.5468520744976297,0.12528529550677747,0.12275060240131883,0.0025346931054586463,0.002625999785979036,11.692544440423184,11.697665657041709,0.0051212166185248265,0.19,0.19,0.0,-10.682854441206747,-10.690520975851134,0.0076665346443878235,0.6484117222162015,0.014498926882831374,0.6483370438849818,0.00045310578760216765,0.0006988738216885704,0.019954870691490052,0.0030791033957572825,0.00307910339575728,0.8528456009620922,fro_gd_trajectory
12,1,ns_momentum,"0,1,2,3,4","5,6,7,8,9",80,32,0.9,6,0.001,5,0.4036590316091716,0.07934573635822262,0.9562003011403062,0.47242549498328446,0.12528529550677747,0.12275407087847377,0.0025312246283036993,0.002625999785979036,11.692544440423184,11.696118948096965,0.003574507673780758,0.19,0.19,0.0,-10.682854441206747,-10.688723305405217,0.005868864198470547,0.6977582273326046,0.015602348281754554,0.697719846258342,0.00041397662499018307,0.0005933278624797804,0.008868075132210098,0.0033945669308327628,0.0033945669308327628,0.7735890437531658,fro_gd_trajectory
12,2,frobenius_grad,"0,1,2,3,4","5,6,7,8,9",80,32,0.9,6,0.001,5,0.48743894269936233,0.1137169790503501,0.9207964022818708,0.30240689075466576,0.09476891223031052,0.09286222555256939,0.0019066866777411318,0.00196113956363952,11.693349942912835,11.692975833799114,-0.00037410911372148803,0.19,0.19,0.0,-10.684230731661483,-10.682268722425839,-0.0019620092356440466,0.5251728142930218,0.011743221126940694,0.525155674748507,3.282258991964387e-05,6.250068598299419e-05,0.004023354294958522,0.0036160047308294928,0.004023354294958522,0.4874389426993622,fro_gd_trajectory
12,2,polar_grad,"0,1,2,3,4","5,6,7,8,9",80,32,0.9,6,0.001,5,0.48743894269936233,0.1137169790503501,0.9207964022818708,1.0000000000000002,0.09476891223031052,0.09287282846140688,0.001896083768903642,0.00196113956363952,11.693349942912835,11.694567722976723,0.00121778006388773,0.19,0.19,0.0,-10.684230731661483,-10.685611641838397,0.0013809101769144405,0.40808387057318707,0.009125032751228725,0.40806178711949465,0.00041966508985278846,0.0010284351612906502,0.013304439872114413,0.0020529196416364816,0.0020529196416364795,0.9552929027831809,fro_gd_trajectory
12,2,polar_momentum,"0,1,2,3,4","5,6,7,8,9",80,32,0.9,6,0.001,5,0.48743894269936233,0.1137169790503501,0.9207964022818708,0.4761553164539375,0.09476891223031052,0.09288041162476568,0.0018885006055448378,0.00196113956363952,11.693349942912835,11.695863150877985,0.002513207965149533,0.19,0.19,0.0,-10.684230731661483,-10.687921563662176,0.0036908320006929785,0.45973935282590295,0.010280084448504787,0.45970808185892814,0.0002339168891637668,0.000508837887334662,0.01430562129805389,0.0022074052895787654,0.002207405289578764,0.8884365607431162,fro_gd_trajectory
12,2,ns_momentum,"0,1,2,3,4","5,6,7,8,9",80,32,0.9,6,0.001,5,0.48743894269936233,0.1137169790503501,0.9207964022818708,0.44730392375464784,0.09476891223031052,0.09288062694818555,0.0018882852821249657,0.00196113956363952,11.693349942912835,11.695253832830748,0.0019038899179122382,0.19,0.19,0.0,-10.684230731661483,-10.687132341095749,0.0029016094342662058,0.4820560750014937,0.010779101526700764,0.48204293524707353,0.00020613680926724184,0.0004276316365088628,0.00626890816133584,0.002385882781089803,0.0023858827810898037,0.8219764940605032,fro_gd_trajectory
12,3,frobenius_grad,"0,1,2,3,4","5,6,7,8,9",80,32,0.9,6,0.001,5,0.590167165824524,0.1509629957599463,0.8866112280981819,0.26722870160381057,0.09389520048430947,0.09204803692963184,0.0018471635546776222,0.0019290452988683581,11.693242323725753,11.690043352182144,-0.0031989715436093746,0.19,0.19,0.0,-10.683742767782725,-10.677967498228302,-0.00577526955442309,0.44654316689140466,0.009985008760572145,0.4465067558063626,4.330761613703133e-05,9.699207363351211e-05,0.0032686421925443524,0.002978440477151539,0.0032686421925443515,0.590167165824524,fro_gd_trajectory
12,3,polar_grad,"0,1,2,3,4","5,6,7,8,9",80,32,0.9,6,0.001,5,0.590167165824524,0.1509629957599463,0.8866112280981819,1.0,0.09389520048430947,0.09203047390183927,0.0018647265824701942,0.0019290452988683581,11.693242323725753,11.691920143263985,-0.0013221804617682409,0.19,0.19,0.0,-10.683742767782725,-10.682076446994824,-0.0016663207879012987,0.4025094528398632,0.0090003849813618,0.40252083214091533,0.00017212311311412182,0.00042761293172986536,0.012231628462538406,0.0018873812472613488,0.0018873812472613477,1.0220750585857872,fro_gd_trajectory
12,3,polar_momentum,"0,1,2,3,4","5,6,7,8,9",80,32,0.9,6,0.001,5,0.590167165824524,0.1509629957599463,0.8866112280981819,0.45877642211458264,0.09389520048430947,0.09202892493442616,0.0018662755498833061,0.0019290452988683581,11.693242323725753,11.694423686811556,0.0011813630858021895,0.19,0.19,0.0,-10.683742767782725,-10.685607848807072,0.001865081024346793,0.4413006258969666,0.009867781980188216,0.44128998339017605,0.00021033583050400373,0.00047663857875974216,0.01352219250611255,0.0020865196025254625,0.0020865196025254616,0.9245277621803787,fro_gd_trajectory
12,3,ns_momentum,"0,1,2,3,4","5,6,7,8,9",80,32,0.9,6,0.001,5,0.590167165824524,0.1509629957599463,0.8866112280981819,0.41847947952166675,0.09389520048430947,0.09203870333243919,0.0018564971518702789,0.0019290452988683581,11.693242323725753,11.693821052324513,0.0005787285987590707,0.19,0.19,0.0,-10.683742767782725,-10.684551375358964,0.0008086075762392397,0.4615181702580965,0.010319860015484255,0.46152425225268184,0.00020635716861363188,0.0004471209640802419,0.005733768624330446,0.002256183563129242,0.0022561835631292413,0.8550037020005788,fro_gd_trajectory
12,4,frobenius_grad,"0,1,2,3,4","5,6,7,8,9",80,32,0.9,6,0.001,5,0.36643558641290225,0.16093459540747196,0.7446678935970942,0.3364866777125561,0.09727271725078243,0.09539851131560426,0.0018742059351781748,0.0019912405313676344,11.692254234289324,11.685853632010216,-0.006400602279107659,0.19,0.19,0.0,-10.681976031250537,-10.67401745468626,-0.007958576564277564,0.709641157857486,0.015868058686009975,0.7095850188839813,0.00010241877728698595,0.0001443361606591805,0.005434080654829988,0.004598451574945722,0.005434080654829988,0.36643558641290225,fro_gd_trajectory
12,4,polar_grad,"0,1,2,3,4","5,6,7,8,9",80,32,0.9,6,0.001,5,0.36643558641290225,0.16093459540747196,0.7446678935970942,1.0,0.09727271725078243,0.0953705670834493,0.0019021501673331248,0.0019912405313676344,11.692254234289324,11.68729309392352,-0.004961140365804084,0.19,0.19,0.0,-10.681976031250537,-10.67638377902273,-0.005592252227806682,0.5163468762491061,0.011545867152626732,0.5163553507240701,0.00029938686666788645,0.0005798078130652949,0.01614946746709555,0.0024919169302766637,0.002491916930276662,0.7990798197059319,fro_gd_trajectory
12,4,polar_momentum,"0,1,2,3,4","5,6,7,8,9",80,32,0.9,6,0.001,5,0.36643558641290225,0.16093459540747196,0.7446678935970942,0.3253885033048173,0.09727271725078243,0.09529383841937658,0.0019788788314058503,0.0019912405313676344,11.692254234289324,11.693118927690243,0.0008646934009188811,0.19,0.19,0.0,-10.681976031250537,-10.683620417633646,0.0016443863831092642,0.6958118284951572,0.015558825480635967,0.6958050422164022,0.0005211019063498389,0.000748919416694556,0.021399746680271958,0.0033020526011061204,0.0033020526011061178,0.6030311360577996,fro_gd_trajectory
12,4,ns_momentum,"0,1,2,3,4","5,6,7,8,9",80,32,0.9,6,0.001,5,0.36643558641290225,0.16093459540747196,0.7446678935970942,0.3856180843646321,0.09727271725078243,0.0952973656916775,0.001975351559104929,0.0019912405313676344,11.692254234289324,11.691463233475416,-0.0007910008139084823,0.19,0.19,0.0,-10.681976031250537,-10.681449562892785,-0.0005264683577514973,0.7605167663333328,0.017005671875496564,0.7605498396548865,0.0005785019358829526,0.0007606364576257862,0.009704029429510546,0.0037221718808509276,0.0037221718808509285,0.5349673779472042,fro_gd_trajectory
12,5,frobenius_grad,"0,1,2,3,4","5,6,7,8,9",80,32,0.9,6,0.001,5,0.38531819529073347,0.16218309990539947,0.5447972176864442,0.3332427871301091,0.11951745578310838,0.11705699709375102,0.0024604586893573616,0.0023854629465740163,11.691059469272522,11.692901420635105,0.0018419513625822503,0.19,0.19,0.0,-10.68051160341225,-10.688666570033272,0.008154966621022552,0.8088896588401178,0.018087322634631166,0.8088415443089729,8.037654959919712e-05,9.937242982229128e-05,0.006190890997955903,0.005472791030036851,0.006190890997955903,0.38531819529073347,fro_gd_trajectory
12,5,polar_grad,"0,1,2,3,4","5,6,7,8,9",80,32,0.9,6,0.001,5,0.38531819529073347,0.16218309990539947,0.5447972176864442,1.0,0.11951745578310838,0.1171025785375202,0.0024148772455881845,0.0023854629465740163,11.691059469272522,11.694753365292911,0.0036938960203887206,0.19,0.19,0.0,-10.68051160341225,-10.689267459793195,0.00875585638094556,0.5677644987359187,0.012695600143846084,0.5677634316339554,0.0003738340729680184,0.0006584328122228101,0.01857771941974178,0.0028666043411219684,0.002866604341121967,0.8321563294780906,fro_gd_trajectory
12,5,polar_momentum,"0,1,2,3,4","5,6,7,8,9",80,32,0.9,6,0.001,5,0.38531819529073347,0.16218309990539947,0.5447972176864442,0.3973288957180772,0.11951745578310838,0.11714533452434173,0.002372121258766652,0.0023854629465740163,11.691059469272522,11.6927641928219,0.0017047235493770074,0.19,0.19,0.0,-10.68051160341225,-10.684158156877347,0.0036465534650975684,0.8030749674144253,0.01795730218167084,0.8030942066585094,0.0007065739014420416,0.0008798144670747077,0.024870597856543754,0.0038376165648247268,0.0038376165648247237,0.6216001276518797,fro_gd_trajectory
12,5,ns_momentum,"0,1,2,3,4","5,6,7,8,9",80,32,0.9,6,0.001,5,0.38531819529073347,0.16218309990539947,0.5447972176864442,0.39857920329339985,0.11951745578310838,0.11716193079347229,0.002355524989636093,0.0023854629465740163,11.691059469272522,11.691112387164496,5.291789197414687e-05,0.19,0.19,0.0,-10.68051160341225,-10.682330732901109,0.001819129488859872,0.8962052376742158,0.02003975833230902,0.8962556868620238,0.0007809166390610473,0.0008713101077162452,0.012313306639874809,0.004387967658270912,0.0043879676582709096,0.5436373128406362,fro_gd_trajectory
13,0,frobenius_grad,"0,1,2,3,4","5,6,7,8,9",80,32,0.9,6,0.001,5,0.6115355974564473,0.061153559745644716,0.9999999999999998,0.31066777663548145,0.16617484998110962,0.16287608992367428,0.003298760057435346,0.0034099105741242446,11.798497151250212,11.800850108558228,0.0023529573080161015,0.175,0.175,0.0,-10.978011469887065,-10.979775378673748,0.0017639087866836434,0.7300508908466177,0.01632443418967316,0.730017010858266,7.0461327672132e-05,9.652011750971675e-05,0.005575980512511528,0.0050270157440004196,0.005575980512511529,0.6115355974564471,fro_gd_trajectory
13,0,polar_grad,"0,1,2,3,4","5,6,7,8,9",80,32,0.9,6,0.001,5,0.6115355974564473,0.061153559745644716,0.9999999999999998,1.0,0.16617484998110962,0.16284806014110617,0.0033267898400034523,0.0034099105741242446,11.798497151250212,11.804035035708655,0.005537884458442832,0.175,0.175,0.0,-10.978011469887065,-10.985394763364624,0.007383293477559505,0.5696531737854073,0.01273783220182672,0.5695837509753094,0.000367957431693828,0.0006460111108573011,0.017948370999075466,0.0027694937715198042,0.002769493771519803,1.2312396616270427,fro_gd_trajectory
13,0,polar_momentum,"0,1,2,3,4","5,6,7,8,9",80,32,0.9,6,0.001,5,0.6115355974564473,0.061153559745644716,0.9999999999999998,0.5710286349046291,0.16617484998110962,0.16284806014110617,0.0033267898400034523,0.0034099105741242446,11.798497151250212,11.804035035708724,0.00553788445851211,0.175,0.175,0.0,-10.978011469887065,-10.985394763364694,0.007383293477628783,0.569825474819068,0.012741684970065302,0.5697565510020379,0.00036687733913184423,0.000643919474882057,0.017948370999075463,0.0027694937715198047,0.0027694937715198025,1.231239661627043,fro_gd_trajectory
13,0,ns_momentum,"0,1,2,3,4","5,6,7,8,9",80,32,0.9,6,0.001,5,0.6115355974564473,0.061153559745644716,0.9999999999999998,0.5124085137407622,0.16617484998110962,0.1628463059485538,0.0033285440325558358,0.0034099105741242446,11.798497151250212,11.803726909280472,0.005229758030260712,0.175,0.175,0.0,-10.978011469887065,-10.984822366702945,0.006810896815879985,0.5819409783972003,0.013012595865888764,0.5819097177181809,0.000332948094552294,0.0005721645203965143,0.008290132861062454,0.0029315058320178496,0.002931505832017849,1.163194197630879,fro_gd_trajectory
13,1,frobenius_grad,"0,1,2,3,4","5,6,7,8,9",80,32,0.9,6,0.001,5,0.5109654196052499,0.1029520439834086,0.9676636052791722,0.3434205349933076,0.20768593785394412,0.203575615475381,0.004110322378563125,0.004270068564499454,11.798903467417636,11.809567573147886,0.010664105730249673,0.175,0.175,0.0,-10.978326914426185,-10.993067857122098,0.014740942695912196,1.144046705260833,0.025581662023978886,1.143981852850936,0.00014546420394144716,0.00012715604148696365,0.008356864086415724,0.007147835982062829,0.008356864086415726,0.5109654196052499,fro_gd_trajectory
13,1,polar_grad,"0,1,2,3,4","5,6,7,8,9",80,32,0.9,6,0.001,5,0.5109654196052499,0.1029520439834086,0.9676636052791722,1.0,0.20768593785394412,0.2035158373138974,0.004170100540046712,0.004270068564499454,11.798903467417636,11.807722713511154,0.008819246093517918,0.175,0.175,0.0,-10.978326914426185,-10.990533470077194,0.0122065556510087,0.7827274640311292,0.01750231817429627,0.7825724332485336,0.0006780792971101996,0.0008664748057830596,0.024334200302199682,0.0037548486252779647,0.003754848625277961,1.1372145699171436,fro_gd_trajectory
13,1,polar_momentum,"0,1,2,3,4","5,6,7,8,9",80,32,0.9,6,0.001,5,0.5109654196052499,0.1029520439834086,0.9676636052791722,0.4714158155216183,0.20768593785394412,0.20351445638903617,0.00417148146490795,0.004270068564499454,11.798903467417636,11.807428041357932,0.00852457394029571,0.175,0.175,0.0,-10.978326914426185,-10.99005793049529,0.011731016069104427,0.8019036460928466,0.017931110640685383,0.8017448200891542,0.000717698401382528,0.0008951706121440484,0.024965120502531198,0.0038522017257478676,0.0038522017257478654,1.1084748070067552,fro_gd_trajectory
13,1,ns_momentum,"0,1,2,3,4","5,6,7,8,9",80,32,0.9,6,0.001,5,0.5109654196052499,0.1029520439834086,0.9676636052791722,0.4985290191811495,0.20768593785394412,0.20351924442963662,0.004166693424307505,0.004270068564499454,11.798903467417636,11.808181335292023,0.009277867874386558,0.175,0.175,0.0,-10.978326914426185,-10.990674453676666,0.012347539250480821,0.8395744332986662,0.018773455050266806,0.8394672189733997,0.0006112782048579991,0.00072817400256027,0.011772247834568119,0.004109623196645085,0.004109623196645085,1.0390413816978037,fro_gd_trajectory
13,2,frobenius_grad,"0,1,2,3,4","5,6,7,8,9",80,32,0.9,6,0.001,5,0.9650607713694803,0.1700603465472782,0.9032693439709824,0.253265854259146,0.20569559325701794,0.20174725105123173,0.003948342205786215,0.0040202518793182,11.800149611147804,11.796226617208147,-0.003922993939657005,0.175,0.175,0.0,-10.980049603467005,-10.973658412085378,-0.006391191381627692,0.5684080287079336,0.012709989911475915,0.5683423391719868,7.259377223459437e-05,0.00012772895353943827,0.00416580178014408,0.003961439065652754,0.004165801780144079,0.9650607713694804,fro_gd_trajectory
13,2,polar_grad,"0,1,2,3,4","5,6,7,8,9",80,32,0.9,6,0.001,5,0.9650607713694803,0.1700603465472782,0.9032693439709824,1.0,0.20569559325701794,0.20172145073095962,0.003974142526058322,0.0040202518793182,11.800149611147804,11.797437054367766,-0.0027125567800379002,0.175,0.175,0.0,-10.980049603467005,-10.977463454496556,-0.002586148970449287,0.5204693769729661,0.011638049071185163,0.5204421371950856,0.000969894644455047,0.001863597459041803,0.016448335652391413,0.002538033292464908,0.002538033292464906,1.5840028147990848,fro_gd_trajectory
13,2,polar_momentum,"0,1,2,3,4","5,6,7,8,9",80,32,0.9,6,0.001,5,0.9650607713694803,0.1700603465472782,0.9032693439709824,0.41530228323334045,0.20569559325701794,0.2017293993875768,0.003966193869441137,0.0040202518793182,11.800149611147804,11.803072551144941,0.0029229399971377745,0.175,0.175,0.0,-10.980049603467005,-10.984342002382052,0.0042923989150462916,0.5855130437498018,0.013092469675373652,0.5854739408790562,0.0003960213007590157,0.000676411490090254,0.018468805191205844,0.0028497985108003367,0.002849798510800335,1.4107144291366605,fro_gd_trajectory
13,2,ns_momentum,"0,1,2,3,4","5,6,7,8,9",80,32,0.9,6,0.001,5,0.9650607713694803,0.1700603465472782,0.9032693439709824,0.4161038258607712,0.20569559325701794,0.20173882804620213,0.00395676521081581,0.0040202518793182,11.800149611147804,11.80288796831333,0.002738357165526395,0.175,0.175,0.0,-10.980049603467005,-10.98398258456039,0.003932981093385024,0.5953431979714086,0.013312278606061849,0.5953222425289096,0.0003586238405527971,0.0006024028919688514,0.008033713994964763,0.002990002197989696,0.0029900021979896952,1.3445648575178923,fro_gd_trajectory
13,3,frobenius_grad,"0,1,2,3,4","5,6,7,8,9",80,32,0.9,6,0.001,5,0.8280816998243647,0.21052295327555823,0.7959459602174542,0.30415135570106544,0.2522399354511364,0.24722044589754816,0.005019489553588219,0.00516466923783385,11.799195849782004,11.79930895647341,0.0001131066914066281,0.175,0.175,0.0,-10.978515680270887,-10.982647268694086,0.004131588423199162,0.8801886735692298,0.01968161707126171,0.8801029249524864,9.338004282746028e-05,0.00010610127540764795,0.006236907830385904,0.005634567570442457,0.006236907830385904,0.8280816998243647,fro_gd_trajectory
13,3,polar_grad,"0,1,2,3,4","5,6,7,8,9",80,32,0.9,6,0.001,5,0.8280816998243647,0.21052295327555823,0.7959459602174542,1.0,0.2522399354511364,0.24719635208344376,0.005043583367692617,0.00516466923783385,11.799195849782004,11.79787806692473,-0.0013177828572743522,0.175,0.175,0.0,-10.978515680270887,-10.980496218320075,0.0019805380491888513,0.6478353949030956,0.014486039812337424,0.6478000714064014,0.0011045074929395872,0.0017050129224926676,0.020505934671933002,0.0031641344139830734,0.003164134413983071,1.632253426090224,fro_gd_trajectory
13,3,polar_momentum,"0,1,2,3,4","5,6,7,8,9",80,32,0.9,6,0.001,5,0.8280816998243647,0.21052295327555823,0.7959459602174542,0.43274370634304193,0.2522399354511364,0.2471902613834635,0.005049674067672871,0.00516466923783385,11.799195849782004,11.800823141106031,0.0016272913240271691,0.175,0.175,0.0,-10.978515680270887,-10.982669145486279,0.00415346521539206,0.752890676911267,0.016835147331994246,0.7528943900200146,0.0007234106659629956,0.0009608394956213777,0.023761145440143707,0.0036664243403506606,0.003666424340350658,1.4086392513256933,fro_gd_trajectory
13,3,ns_momentum,"0,1,2,3,4","5,6,7,8,9",80,32,0.9,6,0.001,5,0.8280816998243647,0.21052295327555823,0.7959459602174542,0.4488927439823092,0.2522399354511364,0.24720063153446195,0.005039303916674426,0.00516466923783385,11.799195849782004,11.801471817177877,0.002275967395872769,0.175,0.175,0.0,-10.978515680270887,-10.983720084906524,0.0052044046356378715,0.7963345049397003,0.017806580858738107,0.7962731204690233,0.0012763069846860498,0.0016028507705173765,0.011099623625916941,0.004005562949200393,0.004005562949200392,1.2893741287638094,fro_gd_trajectory
13,4,frobenius_grad,"0,1,2,3,4","5,6,7,8,9",80,32,0.9,6,0.001,5,0.5382293131073878,0.2385355015308511,0.9306627847315445,0.3203279798001399,0.1934180493501845,0.1896483671649549,0.003769682185229606,0.0038065058804485265,11.799191728404107,11.797503149140837,-0.0016885792632699292,0.175,0.175,0.0,-10.979087363839158,-10.981026009482976,0.001938645643818404,0.9887482533973849,0.0221090830723074,0.9886820956943841,0.00012516784509524124,0.00012660069969946377,0.007072275306731668,0.006255155501597906,0.007072275306731668,0.5382293131073879,fro_gd_trajectory
13,4,polar_grad,"0,1,2,3,4","5,6,7,8,9",80,32,0.9,6,0.001,5,0.5382293131073878,0.2385355015308511,0.9306627847315445,1.0,0.1934180493501845,0.18962326846730565,0.003794780882878851,0.0038065058804485265,11.799191728404107,11.800738002422477,0.0015462740183700419,0.175,0.175,0.0,-10.979087363839158,-10.984997066485958,0.005909702646800241,0.7062560649665253,0.015792365707866587,0.7062159754697716,0.002280290704098577,0.0032288857563463336,0.022078231539886813,0.00340674508784325,0.003406745087843249,1.1173439110639063,fro_gd_trajectory
13,4,polar_momentum,"0,1,2,3,4","5,6,7,8,9",80,32,0.9,6,0.001,5,0.5382293131073878,0.2385355015308511,0.9306627847315445,0.2728850903326733,0.1934180493501845,0.1896459795626885,0.003772069787496002,0.0038065058804485265,11.799191728404107,11.80003184416882,0.0008401157647135449,0.175,0.175,0.0,-10.979087363839158,-10.983021492976935,0.0039341291377770204,0.7614696335216602,0.017026978633562853,0.7614679615472951,0.0015328313127549848,0.0020129951490543176,0.023981247123868878,0.0037003867674817534,0.0037003867674817517,1.0286778435971418,fro_gd_trajectory
13,4,ns_momentum,"0,1,2,3,4","5,6,7,8,9",80,32,0.9,6,0.001,5,0.5382293131073878,0.2385355015308511,0.9306627847315445,0.4451395079345771,0.1934180493501845,0.18965372867235328,0.0037643206778312233,0.0038065058804485265,11.799191728404107,11.800933406306523,0.0017416779024159723,0.175,0.175,0.0,-10.979087363839158,-10.984199402187851,0.0051120383486935594,0.8054604210094982,0.01801064254562838,0.8053785926556717,0.002039111159256012,0.0025318666001938363,0.011238488775427461,0.004037731610349278,0.004037731610349277,0.9427337544407146,fro_gd_trajectory
13,5,frobenius_grad,"0,1,2,3,4","5,6,7,8,9",80,32,0.9,6,0.001,5,0.4314992731370168,0.25493092495838576,0.9437672241632394,0.3298432915845635,0.11906054318798609,0.11670964127019266,0.002350901917793427,0.002404925200617824,11.798929193358802,11.801588348274914,0.0026591549161114614,0.175,0.175,0.0,-10.97931858655594,-10.982606548443835,0.003287961887894042,0.7455277001973274,0.01667050616750307,0.7454557168889392,0.00011482006167579971,0.0001540266699610086,0.005573416574108972,0.0048878397194935825,0.005573416574108972,0.43149927313701686,fro_gd_trajectory
13,5,polar_grad,"0,1,2,3,4","5,6,7,8,9",80,32,0.9,6,0.001,5,0.4314992731370168,0.25493092495838576,0.9437672241632394,1.0,0.11906054318798609,0.11670349683951636,0.002357046348469727,0.002404925200617824,11.798929193358802,11.804046313450945,0.005117120092142713,0.175,0.175,0.0,-10.97931858655594,-10.98672944012486,0.007410853568918796,0.535713131621932,0.011978909787459325,0.5357095386780375,0.0003293523572393255,0.0006147965146412428,0.01689716515783704,0.002607289188716998,0.0026072891887169965,0.9223852923661482,fro_gd_trajectory
13,5,polar_momentum,"0,1,2,3,4","5,6,7,8,9",80,32,0.9,6,0.001,5,0.4314992731370168,0.25493092495838576,0.9437672241632394,0.3467908189539212,0.11906054318798609,0.11670898570937309,0.0023515574786130006,0.002404925200617824,11.798929193358802,11.80082971492801,0.00190052156920828,0.175,0.175,0.0,-10.97931858655594,-10.983866567364785,0.004547980808844443,0.5867364115199473,0.013119825010328925,0.5867432182072687,0.0006506172794925481,0.001108862035901224,0.018463106044721855,0.0028489191134059345,0.002848919113405933,0.8441535560982261,fro_gd_trajectory
13,5,ns_momentum,"0,1,2,3,4","5,6,7,8,9",80,32,0.9,6,0.001,5,0.4314992731370168,0.25493092495838576,0.9437672241632394,0.4492275160047597,0.11906054318798609,0.11670683148297734,0.002353711705008754,0.002404925200617824,11.798929193358802,11.801365033214722,0.0024358398559201078,0.175,0.175,0.0,-10.97931858655594,-10.984519249141432,0.0052006625854907895,0.6287580611782422,0.014059457661955203,0.6287161350501396,0.001118352956051618,0.0017787883811227947,0.008789951120795097,0.0031428130149663653,0.0031428130149663645,0.7652142170613871,fro_gd_trajectory
14,0,frobenius_grad,"0,1,2,3,4","5,6,7,8,9",80,32,0.9,6,0.001,5,0.5649820424326925,0.056498204243269234,1.0000000000000002,0.2531777408824333,0.11259690637271906,0.11042540500984539,0.002171501362873668,0.002230447849812703,11.872463839575502,11.881657328099037,0.009193488523534299,0.17,0.175,-0.004999999999999977,-11.114137358697672,-11.129689437614703,0.015552078917030698,0.6105471787607639,0.013652249951797842,0.6105221578634777,2.817757383493542e-05,4.61532369824919e-05,0.003947820784194961,0.0037463911797185434,0.003947820784194961,0.5649820424326925,fro_gd_trajectory
14,0,polar_grad,"0,1,2,3,4","5,6,7,8,9",80,32,0.9,6,0.001,5,0.5649820424326925,0.056498204243269234,1.0000000000000002,1.0,0.11259690637271906,0.11039367078464281,0.002203235588076252,0.002230447849812703,11.872463839575502,11.881333279736454,0.008869440160951925,0.17,0.17,0.0,-11.114137358697672,-11.1283875073431,0.014250148645427174,0.49592095083958576,0.011089129575436452,0.4958751279072144,0.0002792222762028598,0.000563089900034483,0.015593080064760475,0.002406064490219655,0.002406064490219653,0.9270108340317521,fro_gd_trajectory
14,0,polar_momentum,"0,1,2,3,4","5,6,7,8,9",80,32,0.9,6,0.001,5,0.5649820424326925,0.056498204243269234,1.0000000000000002,0.5724171361096821,0.11259690637271906,0.11039367078464281,0.002203235588076252,0.002230447849812703,11.872463839575502,11.881333279737218,0.008869440161715758,0.17,0.17,0.0,-11.114137358697672,-11.128387507343867,0.01425014864619456,0.4959235336697619,0.011089187329274934,0.495877796772465,0.0002795859422594849,0.0005638202478095097,0.015593080064760468,0.0024060644902196547,0.002406064490219653,0.927010834031752,fro_gd_trajectory
14,0,ns_momentum,"0,1,2,3,4","5,6,7,8,9",80,32,0.9,6,0.001,5,0.5649820424326925,0.056498204243269234,1.0000000000000002,0.4840194612439349,0.11259690637271906,0.11040116820435056,0.0021957381683685023,0.002230447849812703,11.872463839575502,11.881418383121606,0.008954543546103366,0.17,0.175,-0.004999999999999977,-11.114137358697672,-11.128551432684539,0.014414073986866782,0.5322111293413491,0.011900602635891887,0.5321889232353857,0.00033352864912556307,0.0006267109940919313,0.006111658483976827,0.0026682064152537604,0.0026682064152537604,0.8359352698732552,fro_gd_trajectory
14,1,frobenius_grad,"0,1,2,3,4","5,6,7,8,9",80,32,0.9,6,0.001,5,0.5084012537511277,0.06528756833256633,0.641960507864955,0.3156020882300218,0.1326386103495898,0.12999555072732,0.0026430596222697944,0.00267924037574356,11.874759987132855,11.87196364697826,-0.00279634015459429,0.17,0.17,0.0,-11.118022855250329,-11.113376179500067,-0.004646675750262119,0.7071214085391366,0.015811715378389116,0.7071012276522559,5.2625954629852054e-05,7.442492329504607e-05,0.005269932668291767,0.0044961347568387555,0.005269932668291767,0.5084012537511277,fro_gd_trajectory
14,1,polar_grad,"0,1,2,3,4","5,6,7,8,9",80,32,0.9,6,0.001,5,0.5084012537511277,0.06528756833256633,0.641960507864955,0.9999999999999998,0.1326386103495898,0.12999729226353324,0.0026413180860565544,0.00267924037574356,11.874759987132855,11.872977424541855,-0.0017825625909999587,0.17,0.17,0.0,-11.118022855250329,-11.116361982523715,-0.00166087272661386,0.5628003862973329,0.012584599215239783,0.5627383728988449,0.0019701169170466817,0.003500946464514195,0.01669802851383815,0.002576561737447759,0.0025765617374477576,1.0398510296894774,fro_gd_trajectory
14,1,polar_momentum,"0,1,2,3,4","5,6,7,8,9",80,32,0.9,6,0.001,5,0.5084012537511277,0.06528756833256633,0.641960507864955,0.4410977772562774,0.1326386103495898,0.12995467242986494,0.002683937919724849,0.00267924037574356,11.874759987132855,11.884235440863652,0.009475453730797057,0.17,0.175,-0.004999999999999977,-11.118022855250329,-11.134132650121478,0.01610979487114861,0.7092093587563897,0.015858403364583225,0.7092276240372561,0.0009604317825518751,0.0013541939851195405,0.021325961325232984,0.003290667273645465,0.0032906672736454624,0.8141936430952035,fro_gd_trajectory
14,1,ns_momentum,"0,1,2,3,4","5,6,7,8,9",80,32,0.9,6,0.001,5,0.5084012537511277,0.06528756833256633,0.641960507864955,0.4023308485338382,0.1326386103495898,0.12995392216292947,0.0026846881866603167,0.00267924037574356,11.874759987132855,11.884113670891129,0.009353683758273945,0.17,0.175,-0.004999999999999977,-11.118022855250329,-11.13319763329897,0.015174778048640647,0.7417340300053435,0.016585677123168167,0.741863811538338,0.002444561781885015,0.0032951624595570195,0.010093066706294247,0.0034875718265589112,0.0034875718265589104,0.7682251460286315,fro_gd_trajectory
14,2,frobenius_grad,"0,1,2,3,4","5,6,7,8,9",80,32,0.9,6,0.001,5,0.517191167965701,0.09020272034090293,0.7886898673334308,0.33562177507452007,0.16391745767683433,0.16074495057915714,0.0031725070976771907,0.003279273463003783,11.874212731993316,11.867054684747659,-0.007158047245656718,0.17,0.17,0.0,-11.117141060192807,-11.105151225253458,-0.011989834939349464,0.8892322465432746,0.019883837510556144,0.8892083802277427,0.00024248200842653267,0.00027269424559902205,0.006340544205157924,0.005338470513477482,0.006340544205157924,0.5171911679657009,fro_gd_trajectory
14,2,polar_grad,"0,1,2,3,4","5,6,7,8,9",80,32,0.9,6,0.001,5,0.517191167965701,0.09020272034090293,0.7886898673334308,1.0,0.16391745767683433,0.16070401811035825,0.003213439566476073,0.003279273463003783,11.874212731993316,11.870147108051832,-0.00406562394148402,0.17,0.175,-0.004999999999999977,-11.117141060192807,-11.111350506125778,-0.005790554067029774,0.6427292749963484,0.014371863500209907,0.6426128878772107,0.0025514812901035297,0.003970479488097447,0.01889193334893153,0.002915088603000699,0.002915088603000697,1.1249309745261966,fro_gd_trajectory
14,2,polar_momentum,"0,1,2,3,4","5,6,7,8,9",80,32,0.9,6,0.001,5,0.517191167965701,0.09020272034090293,0.7886898673334308,0.40588413627070563,0.16391745767683433,0.16070377163784733,0.0032136860389870014,0.003279273463003783,11.874212731993316,11.877912743962803,0.0037000119694869937,0.17,0.175,-0.004999999999999977,-11.117141060192807,-11.123765515041237,0.006624454848429551,0.7613769362027782,0.017024905858499327,0.7613308875698148,0.0013853180234787627,0.0018196004471862804,0.022179788133021665,0.003422415610374697,0.0034224156103746955,0.9581751126493836,fro_gd_trajectory
14,2,ns_momentum,"0,1,2,3,4","5,6,7,8,9",80,32,0.9,6,0.001,5,0.517191167965701,0.09020272034090293,0.7886898673334308,0.4384446665479994,0.16391745767683433,0.16070209556394213,0.003215362112892195,0.003279273463003783,11.874212731993316,11.877905811334092,0.0036930793407758955,0.17,0.175,-0.004999999999999977,-11.117141060192807,-11.123513813409872,0.006372753217064542,0.7874277839148177,0.01760742052205548,0.7874601973230695,0.0013619484616869603,0.0017295457806208291,0.01062735421992575,0.003595225451349047,0.0035952254513490467,0.9121190054363049,fro_gd_trajectory
14,3,frobenius_grad,"0,1,2,3,4","5,6,7,8,9",80,32,0.9,6,0.001,5,0.6051831871152344,0.12038875379505398,0.793697886773382,0.31397653764009675,0.1926188785823059,0.18883192255929296,0.003786956023012933,0.0039316698414310555,11.873052145668451,11.882410810240174,0.009358664571722741,0.17,0.17,0.0,-11.115249987744823,-11.131074608167001,0.015824620422177915,0.8991602730577063,0.020105834932243043,0.8991472363489185,7.382165746951948e-05,8.210185660946928e-05,0.006496660722140017,0.0057490917775306,0.006496660722140016,0.6051831871152344,fro_gd_trajectory
14,3,polar_grad,"0,1,2,3,4","5,6,7,8,9",80,32,0.9,6,0.001,5,0.6051831871152344,0.12038875379505398,0.793697886773382,1.0000000000000002,0.1926188785823059,0.18881962336295863,0.003799255219347264,0.0039316698414310555,11.873052145668451,11.883709411305336,0.010657265636885072,0.17,0.175,-0.004999999999999977,-11.115249987744823,-11.13256216452773,0.017312176782906974,0.6452526749341055,0.014428288438162342,0.6451912601051519,0.0004993741812589859,0.0007739940264807662,0.020691548390749406,0.0031927752325953676,0.003192775232595366,1.2314270673651686,fro_gd_trajectory
14,3,polar_momentum,"0,1,2,3,4","5,6,7,8,9",80,32,0.9,6,0.001,5,0.6051831871152344,0.12038875379505398,0.793697886773382,0.43205983053717756,0.1926188785823059,0.18880502728289675,0.0038138512994091434,0.0039316698414310555,11.873052145668451,11.883150937793246,0.010098792124795253,0.17,0.175,-0.004999999999999977,-11.115249987744823,-11.131606908200888,0.016356920456065183,0.8690028772992672,0.019431495062840705,0.8690472731672881,0.0032418584140169555,0.0037303591117682625,0.026348572740517464,0.0040656730405817035,0.004065673040581701,0.9670403404766968,fro_gd_trajectory
14,3,ns_momentum,"0,1,2,3,4","5,6,7,8,9",80,32,0.9,6,0.001,5,0.6051831871152344,0.12038875379505398,0.793697886773382,0.39977438125442855,0.1926188785823059,0.1888132516597676,0.003805626922538302,0.0039316698414310555,11.873052145668451,11.88265005227677,0.009597906608318496,0.17,0.175,-0.004999999999999977,-11.115249987744823,-11.130828732279392,0.015578744534568756,0.9142977668539475,0.020444319583616807,0.9144514575963122,0.005059104785544637,0.005532392937338394,0.013237269992894391,0.004348392490579438,0.004348392490579438,0.9041662752267212,fro_gd_trajectory
14,4,frobenius_grad,"0,1,2,3,4","5,6,7,8,9",80,32,0.9,6,0.001,5,0.33495709044148586,0.13304625557724262,0.7947499612766533,0.3250102770365687,0.1290204257262397,0.12641583430502015,0.0026045914212195487,0.0026208602822523457,11.874471090112026,11.89129427680187,0.016823186689844505,0.17,0.17,0.0,-11.117671835622641,-11.148197723850098,0.030525888227456832,1.1129626921375222,0.024886602360406698,1.1129339293940232,5.2638300229643155e-05,4.729687795420521e-05,0.007824465751114435,0.006994580228541689,0.007824465751114434,0.3349570904414858,fro_gd_trajectory
14,4,polar_grad,"0,1,2,3,4","5,6,7,8,9",80,32,0.9,6,0.001,5,0.33495709044148586,0.13304625557724262,0.7947499612766533,1.0,0.1290204257262397,0.12639946397042165,0.002620961755818052,0.0026208602822523457,11.874471090112026,11.888955384022383,0.014484293910356882,0.17,0.17,0.0,-11.117671835622641,-11.142164538331032,0.024492702708391434,0.7570470774500783,0.01692808727345925,0.7569019231349782,0.0006816926331351186,0.000900635356178838,0.024074517958193868,0.003714778769671856,0.0037147787696718533,0.7055225747626044,fro_gd_trajectory
14,4,polar_momentum,"0,1,2,3,4","5,6,7,8,9",80,32,0.9,6,0.001,5,0.33495709044148586,0.13304625557724262,0.7947499612766533,0.3480057002885831,0.1290204257262397,0.12641023853119124,0.0026101871950484634,0.0026208602822523457,11.874471090112026,11.887832168513196,0.013361078401169735,0.17,0.175,-0.004999999999999977,-11.117671835622641,-11.139497984307827,0.021826148685185842,0.9219440189854112,0.020615294979007357,0.921995174308638,0.0036972109984770305,0.004010011225112322,0.028160454726905485,0.004345252500817345,0.004345252500817342,0.6031548872612953,fro_gd_trajectory
14,4,ns_momentum,"0,1,2,3,4","5,6,7,8,9",80,32,0.9,6,0.001,5,0.33495709044148586,0.13304625557724262,0.7947499612766533,0.4367686186494244,0.1290204257262397,0.12640803004520784,0.0026123956810318594,0.0026208602822523457,11.874471090112026,11.88749673089028,0.0130256407782543,0.17,0.175,-0.004999999999999977,-11.117671835622641,-11.139077720695632,0.02140588507299057,0.9552758201324887,0.021360616710781065,0.9554501321864829,0.005754777649791183,0.006023106236451884,0.01403335460061948,0.004569593631931589,0.00456959363193159,0.5735434030584674,fro_gd_trajectory
14,5,frobenius_grad,"0,1,2,3,4","5,6,7,8,9",80,32,0.9,6,0.001,5,0.5929244891519172,0.16920826741609266,0.8875400199018719,0.3109837268180644,0.2352689558140537,0.23072225980606612,0.004546696007987572,0.004655547995713512,11.876565291160205,11.888214166521669,0.011648875361464306,0.17,0.17,0.0,-11.121499037689246,-11.142561256647427,0.021062218958181944,1.0772432463256782,0.024087891270867672,1.0771527867328998,0.00010752185840554305,9.982043376749403e-05,0.007851839620206143,0.007142323246108853,0.007851839620206143,0.5929244891519173,fro_gd_trajectory
14,5,polar_grad,"0,1,2,3,4","5,6,7,8,9",80,32,0.9,6,0.001,5,0.5929244891519172,0.16920826741609266,0.8875400199018719,1.0,0.2352689558140537,0.23065182034040213,0.004617135473651557,0.004655547995713512,11.876565291160205,11.889623561911478,0.013058270751272971,0.17,0.17,0.0,-11.121499037689246,-11.143952406449719,0.022453368760473325,0.7703081263551225,0.017224613341505515,0.7702124568295574,0.0007620586511662644,0.0009894135629838333,0.0252483938646723,0.003895911754481268,0.003895911754481264,1.1949829177620561,fro_gd_trajectory
14,5,polar_momentum,"0,1,2,3,4","5,6,7,8,9",80,32,0.9,6,0.001,5,0.5929244891519172,0.16920826741609266,0.8875400199018719,0.44119397073493966,0.2352689558140537,0.23065582063701684,0.004613135177036848,0.004655547995713512,11.876565291160205,11.89117639495709,0.014611103796886127,0.17,0.175,-0.004999999999999977,-11.121499037689246,-11.145551716728056,0.024052679038810254,0.9191239886950557,0.02055223718472893,0.9191651021683905,0.0033741858439873145,0.003670924664162419,0.028613789502869608,0.004415203575402922,0.00441520357540292,1.0544356372715291,fro_gd_trajectory
14,5,ns_momentum,"0,1,2,3,4","5,6,7,8,9",80,32,0.9,6,0.001,5,0.5929244891519172,0.16920826741609266,0.8875400199018719,0.4541292506109807,0.2352689558140537,0.2306597877545283,0.0046091680595253814,0.004655547995713512,11.876565291160205,11.890967730812319,0.014402439652114296,0.17,0.175,-0.004999999999999977,-11.121499037689246,-11.145276165373698,0.02377712768445228,0.9417609870458874,0.021058415855919038,0.9418696984179753,0.00534651678865995,0.0056764930410653424,0.014210097821957047,0.00462422751107555,0.004624227511075547,1.0067731279576857,fro_gd_trajectory
15,0,frobenius_grad,"0,1,2,3,4","5,6,7,8,9",80,32,0.9,6,0.001,5,1.0926400928333144,0.10926400928333142,0.9999999999999999,0.2869560962821535,0.2539387503233133,0.24892852102134297,0.0050102293019703426,0.005131013023622062,10.927135648976414,10.919090746460599,-0.008044902515814911,0.195,0.195,0.0,-9.951316310031515,-9.94011707605585,-0.011199233975665024,0.5603602249729048,0.012530035549264903,0.5603637773287615,1.3685701482238936e-05,2.4422887481197114e-05,0.004695977254794744,0.004188824646604709,0.004695977254794744,1.0926400928333144,fro_gd_trajectory
15,0,polar_grad,"0,1,2,3,4","5,6,7,8,9",80,32,0.9,6,0.001,5,1.0926400928333144,0.10926400928333142,0.9999999999999999,1.0,0.2539387503233133,0.2489708754340074,0.004967874889305918,0.005131013023622062,10.927135648976414,10.918532545618987,-0.008603103357426534,0.195,0.195,0.0,-9.951316310031515,-9.942527911962237,-0.008788398069278003,0.44926900392445374,0.010045960329586984,0.44928691047848585,0.00022183948379592602,0.0004937590626881813,0.01636479348456623,0.002525142456106385,0.0025251424561063833,2.0319697255947187,fro_gd_trajectory
15,0,polar_momentum,"0,1,2,3,4","5,6,7,8,9",80,32,0.9,6,0.001,5,1.0926400928333144,0.10926400928333142,0.9999999999999999,0.8060705855185035,0.2539387503233133,0.24897087543400742,0.00496787488930589,0.005131013023622062,10.927135648976414,10.918532545618731,-0.008603103357682329,0.195,0.195,0.0,-9.951316310031515,-9.942527911961982,-0.008788398069533798,0.44924871703693076,0.01004550670099145,0.4492677049459948,0.0002135914637509529,0.0004754213610271144,0.016364793484566223,0.0025251424561063864,0.0025251424561063833,2.0319697255947187,fro_gd_trajectory
15,0,ns_momentum,"0,1,2,3,4","5,6,7,8,9",80,32,0.9,6,0.001,5,1.0926400928333144,0.10926400928333142,0.9999999999999999,0.4656323969467124,0.2539387503233133,0.24895532569034112,0.004983424632972189,0.005131013023622062,10.927135648976414,10.918752765090623,-0.008382883885790449,0.195,0.195,0.0,-9.951316310031515,-9.940397210932241,-0.010919099099274021,0.4486352444002089,0.010031789035810985,0.44864983246681717,6.19489191419785e-05,0.000138078551821504,0.006500951199009127,0.0026665180188412433,0.0026665180188412433,1.924237146483557,fro_gd_trajectory
15,1,frobenius_grad,"0,1,2,3,4","5,6,7,8,9",80,32,0.9,6,0.001,5,0.4763469364728132,0.13800829600493425,0.8856935562109399,0.2775361104023794,0.07742441510651639,0.07589500483854819,0.0015294102679681981,0.0015905707272440958,10.925414354462733,10.920980757417023,-0.004433597045709448,0.195,0.195,0.0,-9.948931163427488,-9.942888634185447,-0.006042529242041184,0.4107795800702553,0.009185310648059091,0.4107325004428246,5.4403359369979766e-05,0.0001324544790376356,0.0033391014100389318,0.0029969242373825357,0.0033391014100389313,0.47634693647281323,fro_gd_trajectory
15,1,polar_grad,"0,1,2,3,4","5,6,7,8,9",80,32,0.9,6,0.001,5,0.4763469364728132,0.13800829600493425,0.8856935562109399,1.0,0.07742441510651639,0.07591658369532073,0.001507831411195662,0.0015905707272440958,10.925414354462733,10.923617140740118,-0.0017972137226145435,0.195,0.195,0.0,-9.948931163427488,-9.947217693783655,-0.001713469643833676,0.35967081785225896,0.008042483982405957,0.35966324076378886,0.00015473940636070646,0.0004302341435619009,0.012031232278919717,0.0018564594448093662,0.0018564594448093647,0.8567764470650355,fro_gd_trajectory
15,1,polar_momentum,"0,1,2,3,4","5,6,7,8,9",80,32,0.9,6,0.001,5,0.4763469364728132,0.13800829600493425,0.8856935562109399,0.4351403454125268,0.07742441510651639,0.07586317455610511,0.0015612405504112775,0.0015905707272440958,10.925414354462733,10.9202735973225,-0.0051407571402322105,0.195,0.195,0.0,-9.948931163427488,-9.943724933524825,-0.005206229902663395,0.3852594085093684,0.008614662263983086,0.38526615782975837,0.00018827967803762614,0.0004887002769675484,0.0138824987751362,0.002142116066848155,0.0021421160668481536,0.7425231302169423,fro_gd_trajectory
15,1,ns_momentum,"0,1,2,3,4","5,6,7,8,9",80,32,0.9,6,0.001,5,0.4763469364728132,0.13800829600493425,0.8856935562109399,0.3455360536625169,0.07742441510651639,0.07585334160236759,0.0015710735041487983,0.0015905707272440958,10.925414354462733,10.91936572486924,-0.006048629593493615,0.195,0.195,0.0,-9.948931163427488,-9.94108710930177,-0.007844054125717648,0.4021579941105541,0.00899252612526159,0.40214462194564415,0.0001077945380343649,0.00026804918467599186,0.005826150027250823,0.0023930527950871998,0.0023930527950871993,0.6646617786742719,fro_gd_trajectory
15,2,frobenius_grad,"0,1,2,3,4","5,6,7,8,9",80,32,0.9,6,0.001,5,0.3386820344381319,0.13946012044487807,0.5471519252569246,0.3577783431636289,0.09095326914061751,0.08918403011705979,0.0017692390235577171,0.001845221615855459,10.92408083360763,10.93095842146034,0.006877587852711642,0.195,0.195,0.0,-9.947117668231128,-9.959292519436598,0.01217485120547046,0.6682894426336982,0.014943406223743945,0.6682665810178483,0.00039996884645435914,0.0005985169060005361,0.0054482417968129086,0.004251249716112207,0.005448241796812908,0.33868203443813194,fro_gd_trajectory
15,2,polar_grad,"0,1,2,3,4","5,6,7,8,9",80,32,0.9,6,0.001,5,0.3386820344381319,0.13946012044487807,0.5471519252569246,1.0,0.09095326914061751,0.08917955591628868,0.0017737132243288295,0.001845221615855459,10.92408083360763,10.92938937101788,0.005308537410250835,0.195,0.195,0.0,-9.947117668231128,-9.956373334323494,0.00925566609236661,0.47318638408906893,0.010580769208504833,0.47310552228555974,0.0018175528466696424,0.0038417493794811242,0.015227980957811,0.002349728474949184,0.002349728474949182,0.7852914221909687,fro_gd_trajectory
15,2,polar_momentum,"0,1,2,3,4","5,6,7,8,9",80,32,0.9,6,0.001,5,0.3386820344381319,0.13946012044487807,0.5471519252569246,0.3580752111612737,0.09095326914061751,0.08919421563026236,0.0017590535103551436,0.001845221615855459,10.92408083360763,10.91870337876654,-0.005377454841088536,0.195,0.195,0.0,-9.947117668231128,-9.942136643064106,-0.004981025167021258,0.6813720860494571,0.01523594302377423,0.6814289433585791,0.001374296381083619,0.002016786041270985,0.023499158343911405,0.003625998853755175,0.0036259988537551743,0.5088864310987031,fro_gd_trajectory
15,2,ns_momentum,"0,1,2,3,4","5,6,7,8,9",80,32,0.9,6,0.001,5,0.3386820344381319,0.13946012044487807,0.5471519252569246,0.3046756127606526,0.09095326914061751,0.08919967004142267,0.0017535990991948414,0.001845221615855459,10.92408083360763,10.9174590918538,-0.0066217417538290135,0.195,0.195,0.0,-9.947117668231128,-9.940445286077917,-0.006672382153210421,0.7606235943173985,0.017008060621839266,0.7606189483042882,0.0007641304176658523,0.0010046165946422877,0.011069253362889121,0.004292014118277584,0.004292014118277584,0.42991974513726894,fro_gd_trajectory
15,3,frobenius_grad,"0,1,2,3,4","5,6,7,8,9",80,32,0.9,6,0.001,5,0.3724225858051647,0.15840981781040225,0.9091273126816266,0.3410371190218305,0.11794153654067904,0.11567861088611597,0.0022629256545630694,0.0023994545129280786,10.925329217507535,10.915530610196859,-0.009798607310676388,0.195,0.195,0.0,-9.949297562490692,-9.938541339129186,-0.010756223361505945,0.7354493369379139,0.01644514711400323,0.735444668799679,4.5819220677447496e-05,6.23013839399083e-05,0.006442827595272025,0.005538991839323159,0.006442827595272025,0.3724225858051647,fro_gd_trajectory
15,3,polar_grad,"0,1,2,3,4","5,6,7,8,9",80,32,0.9,6,0.001,5,0.3724225858051647,0.15840981781040225,0.9091273126816266,1.0,0.11794153654067904,0.1156767738546131,0.0022647626860659437,0.0023994545129280786,10.925329217507535,10.92101595315145,-0.004313264356085256,0.195,0.195,0.0,-9.949297562490692,-9.946910727290623,-0.00238683520006866,0.5405892687593313,0.012087943528527684,0.5406504860031188,0.0003928748351833,0.0007266706409305505,0.01889186612223172,0.002915078229695711,0.0029150782296957093,0.8231183947260812,fro_gd_trajectory
15,3,polar_momentum,"0,1,2,3,4","5,6,7,8,9",80,32,0.9,6,0.001,5,0.3724225858051647,0.15840981781040225,0.9091273126816266,0.3938534486816614,0.11794153654067904,0.11565656871332672,0.0022849678273523244,0.0023994545129280786,10.925329217507535,10.920647218797448,-0.004681998710086788,0.195,0.195,0.0,-9.949297562490692,-9.946146612110914,-0.0031509503797781946,0.6171825008349038,0.013800620263901662,0.6172296457022455,0.0007956939352244674,0.001289137585605073,0.02149862310447335,0.00331730956459267,0.003317309564592667,0.7233134159496833,fro_gd_trajectory
15,3,ns_momentum,"0,1,2,3,4","5,6,7,8,9",80,32,0.9,6,0.001,5,0.3724225858051647,0.15840981781040225,0.9091273126816266,0.41486379577623816,0.11794153654067904,0.11567353006139697,0.0022680064792820753,0.0023994545129280786,10.925329217507535,10.91940701419425,-0.005922203313284413,0.195,0.195,0.0,-9.949297562490692,-9.943786980551886,-0.005510581938805714,0.6485428907459716,0.014501859900322118,0.6485370881947067,0.0005940500477198742,0.0009159846962237661,0.00981152503995909,0.0037060274488050753,0.003706027448805074,0.6474465033176506,fro_gd_trajectory
15,4,frobenius_grad,"0,1,2,3,4","5,6,7,8,9",80,32,0.9,6,0.001,5,0.441471955141675,0.16906043010431998,0.6836250366707218,0.31076913916316357,0.11580565594384817,0.11351198971767656,0.002293666226171609,0.002344705509723532,10.923797036940284,10.924892346331252,0.0010953093909673584,0.195,0.195,0.0,-9.947616139486342,-9.950091947794254,0.00247580830791172,0.6246942687458632,0.013968588500702721,0.6247017625072844,4.3468384401635324e-05,6.958261847568977e-05,0.005311108627434964,0.00479250540865187,0.005311108627434964,0.44147195514167503,fro_gd_trajectory
15,4,polar_grad,"0,1,2,3,4","5,6,7,8,9",80,32,0.9,6,0.001,5,0.441471955141675,0.16906043010431998,0.6836250366707218,1.0,0.11580565594384817,0.1135286473959097,0.0022770085479384694,0.002344705509723532,10.923797036940284,10.928051990961787,0.00425495402150311,0.195,0.195,0.0,-9.947616139486342,-9.953375647670061,0.005759508183718509,0.49229221996974754,0.011007988686466352,0.4922161420043655,0.0004394837488325026,0.0008928674038256242,0.017090206066589085,0.002637076047617163,0.002637076047617162,0.8891307900817599,fro_gd_trajectory
15,4,polar_momentum,"0,1,2,3,4","5,6,7,8,9",80,32,0.9,6,0.001,5,0.441471955141675,0.16906043010431998,0.6836250366707218,0.3994730550464241,0.11580565594384817,0.11355349343092018,0.0022521625129279937,0.002344705509723532,10.923797036940284,10.92229880119203,-0.0014982357482544728,0.195,0.195,0.0,-9.947616139486342,-9.947967646588989,0.000351507102646309,0.6136833094068498,0.013722375964907526,0.6137027549797031,0.0011813852867332661,0.0019250121938467393,0.021196296835407576,0.0032706596084942784,0.0032706596084942758,0.716890716366223,fro_gd_trajectory
15,4,ns_momentum,"0,1,2,3,4","5,6,7,8,9",80,32,0.9,6,0.001,5,0.441471955141675,0.16906043010431998,0.6836250366707218,0.3751171689400545,0.11580565594384817,0.1135607769283539,0.0022448790154942777,0.002344705509723532,10.923797036940284,10.920452727791234,-0.0033443091490497068,0.195,0.195,0.0,-9.947616139486342,-9.945078001210122,-0.002538138276220181,0.6294460633434447,0.014074841858055801,0.6294304094522797,0.0006574466667352779,0.001044510492124741,0.009676455966443927,0.0035586047705232324,0.003558604770523233,0.6588833716925475,fro_gd_trajectory
15,5,frobenius_grad,"0,1,2,3,4","5,6,7,8,9",80,32,0.9,6,0.001,5,0.7241579410355669,0.21838838938354516,0.9417329781715554,0.2848269861717369,0.15953902632905545,0.15629748881434627,0.0032415375147091807,0.003315933151685563,10.92399368334937,10.91797064033007,-0.0060230430192991236,0.195,0.195,0.0,-9.948052054336081,-9.939750187563043,-0.008301866773038569,0.554676781338732,0.01240294988614191,0.5545976909580448,9.660004991728599e-05,0.00017418040408789543,0.004579019249507481,0.00415554464139107,0.004579019249507482,0.7241579410355665,fro_gd_trajectory
15,5,polar_grad,"0,1,2,3,4","5,6,7,8,9",80,32,0.9,6,0.001,5,0.7241579410355669,0.21838838938354516,0.9417329781715554,0.9999999999999998,0.15953902632905545,0.15633561199147242,0.0032034143375830326,0.003315933151685563,10.92399368334937,10.920958513364234,-0.003035169985135866,0.195,0.195,0.0,-9.948052054336081,-9.945890994678502,-0.0021610596575794006,0.49154978769198876,0.010991387396048767,0.491500285066377,0.0013886390955101615,0.0028253067957480964,0.0160764937025544,0.00248065683394862,0.0024806568339486197,1.3367157868456077,fro_gd_trajectory
15,5,polar_momentum,"0,1,2,3,4","5,6,7,8,9",80,32,0.9,6,0.001,5,0.7241579410355669,0.21838838938354516,0.9417329781715554,0.43872415441645096,0.15953902632905545,0.1563211139476969,0.0032179123813585453,0.003315933151685563,10.92399368334937,10.921255548324043,-0.0027381350253268266,0.195,0.195,0.0,-9.948052054336081,-9.946622576706718,-0.001429477629363518,0.5118331074819081,0.011444936214645023,0.5118573113974584,0.0006188591066596801,0.0012090461401637275,0.017430983423132335,0.0026896591353230133,0.0026896591353230115,1.2328451245504535,fro_gd_trajectory
15,5,ns_momentum,"0,1,2,3,4","5,6,7,8,9",80,32,0.9,6,0.001,5,0.7241579410355669,0.21838838938354516,0.9417329781715554,0.4133849370023688,0.15953902632905545,0.15631619253189924,0.0032228337971562104,0.003315933151685563,10.92399368334937,10.920787850058714,-0.003205833290655491,0.195,0.195,0.0,-9.948052054336081,-9.945167936670396,-0.002884117665685082,0.5257605877960444,0.011756364142022023,0.5257524942062988,0.0003584869848103956,0.0006818550339957679,0.007680195107475801,0.0029334125172550845,0.002933412517255085,1.1304012416188973,fro_gd_trajectory
16,0,frobenius_grad,"0,1,2,3,4","5,6,7,8,9",80,32,0.9,6,0.001,5,0.5638569234885777,0.056385692348857756,0.9999999999999998,0.3040113241734146,0.15684233063417274,0.1537846300624483,0.003057700571724442,0.0029572344340834094,11.731373274577695,11.723594784184089,-0.007778490393606674,0.195,0.195,0.0,-10.830356084949031,-10.821658271522601,-0.008697813426429946,0.7151024887564245,0.01599017775738644,0.7150703610498841,6.243201929981563e-05,8.730891769608712e-05,0.005244653937717081,0.0045746430965053625,0.005244653937717083,0.5638569234885777,fro_gd_trajectory
16,0,polar_grad,"0,1,2,3,4","5,6,7,8,9",80,32,0.9,6,0.001,5,0.5638569234885777,0.056385692348857756,0.9999999999999998,1.0000000000000002,0.15684233063417274,0.15378778324746217,0.003054547386710571,0.0029572344340834094,11.731373274577695,11.722311815745657,-0.009061458832038127,0.195,0.195,0.0,-10.830356084949031,-10.821575732531635,-0.008780352417396386,0.5967986468108706,0.013344823431489943,0.5968700865093391,0.00031535671591671467,0.000528350679728327,0.017251508482379496,0.0026619655507306014,0.0026619655507306,1.1109213766015005,fro_gd_trajectory
16,0,polar_momentum,"0,1,2,3,4","5,6,7,8,9",80,32,0.9,6,0.001,5,0.5638569234885777,0.056385692348857756,0.9999999999999998,0.6884009012931664,0.15684233063417274,0.1537877832474622,0.0030545473867105433,0.0029572344340834094,11.731373274577695,11.722311815745604,-0.009061458832091418,0.195,0.195,0.0,-10.830356084949031,-10.821575732531583,-0.0087803524174479,0.5967841283438743,0.013344498788698617,0.5968557621846674,0.00031446724418252036,0.0005268730974992649,0.017251508482379493,0.002661965550730603,0.002661965550730601,1.1109213766015,fro_gd_trajectory
16,0,ns_momentum,"0,1,2,3,4","5,6,7,8,9",80,32,0.9,6,0.001,5,0.5638569234885777,0.056385692348857756,0.9999999999999998,0.4841249352983964,0.15684233063417274,0.15378851654397357,0.0030538140901991695,0.0029572344340834094,11.731373274577695,11.724277322145147,-0.007095952432548458,0.195,0.195,0.0,-10.830356084949031,-10.823112469637321,-0.007243615311709917,0.5856580964931581,0.013095713153318325,0.5856516764173137,0.0002082797982856551,0.00035563767111501036,0.007250630974228432,0.0028102340146731,0.002810234014673099,1.0523089602655067,fro_gd_trajectory
16,1,frobenius_grad,"0,1,2,3,4","5,6,7,8,9",80,32,0.9,6,0.001,5,0.49960604921657237,0.0899483644957233,0.8913799723683656,0.353260665507201,0.22796623975144856,0.2234378809903433,0.0045283587611052445,0.004602826623095396,11.729872284690089,11.729191642171179,-0.0006806425189100906,0.195,0.195,0.0,-10.82869756233019,-10.832542179707817,0.003844617377627202,1.1818272064576822,0.02642645971298057,1.1817851190047959,9.317121177802389e-05,7.883938482529309e-05,0.009212912114080778,0.0077706276389921175,0.009212912114080776,0.49960604921657237,fro_gd_trajectory
16,1,polar_grad,"0,1,2,3,4","5,6,7,8,9",80,32,0.9,6,0.001,5,0.49960604921657237,0.0899483644957233,0.8913799723683656,1.0,0.22796623975144856,0.22341086271377433,0.004555377037674224,0.004602826623095396,11.729872284690089,11.733756496778264,0.003884212088175687,0.195,0.195,0.0,-10.82869756233019,-10.837185061267732,0.008487498937542526,0.7806785708859116,0.017456503530782867,0.780733680471944,0.0007618473953597086,0.0009758095678659348,0.026079643202996168,0.004024176312038413,0.00402417631203841,1.143793478761341,fro_gd_trajectory
16,1,polar_momentum,"0,1,2,3,4","5,6,7,8,9",80,32,0.9,6,0.001,5,0.49960604921657237,0.0899483644957233,0.8913799723683656,0.5565768969365228,0.22796623975144856,0.22338913823640985,0.004577101515038706,0.004602826623095396,11.729872284690089,11.726434647377584,-0.0034376373125049042,0.195,0.195,0.0,-10.82869756233019,-10.828400970678342,-0.0002965916518480327,0.8645226204284244,0.01933131347364206,0.8645772143485595,0.0008563397107609359,0.0009904722175753493,0.02803712356141938,0.00432622208882811,0.004326222088828108,1.0639367393970787,fro_gd_trajectory
16,1,ns_momentum,"0,1,2,3,4","5,6,7,8,9",80,32,0.9,6,0.001,5,0.49960604921657237,0.0899483644957233,0.8913799723683656,0.49370825903650484,0.22796623975144856,0.22339679179286762,0.004569447958580941,0.004602826623095396,11.729872284690089,11.72548260691952,-0.004389677770568312,0.195,0.195,0.0,-10.82869756233019,-10.826664276190627,-0.0020332861395626622,0.9208602184818138,0.02059106046300644,0.9208148986991412,0.00045819931027601203,0.0004976019729082598,0.013964609664647982,0.004734185156680552,0.0047341851566805515,0.9722531905200642,fro_gd_trajectory
16,2,frobenius_grad,"0,1,2,3,4","5,6,7,8,9",80,32,0.9,6,0.001,5,0.3591011559754907,0.10011305334207143,0.6618347352819116,0.328661422762727,0.11902196286816606,0.11678746641279615,0.002234496455369911,0.002351239446258566,11.729774130191359,11.732954896522974,0.003180766331615459,0.195,0.195,0.0,-10.829111851976297,-10.834109185084003,0.0049973331077062255,0.8467106174534924,0.01893302497896829,0.8466023291655443,0.00035398448677923016,0.00041812368639256617,0.0065475685809795675,0.005714098073979165,0.006547568580979567,0.35910115597549075,fro_gd_trajectory
16,2,polar_grad,"0,1,2,3,4","5,6,7,8,9",80,32,0.9,6,0.001,5,0.3591011559754907,0.10011305334207143,0.6618347352819116,1.0,0.11902196286816606,0.11677648544081481,0.0022454774273512473,0.002351239446258566,11.729774130191359,11.736983806222936,0.0072096760315769615,0.195,0.195,0.0,-10.829111851976297,-10.84069945094098,0.011587598964682755,0.6668253629643448,0.014910668407092459,0.6668532409871343,0.0005825319880751716,0.0008735535081344989,0.019921926114542823,0.00307401993717124,0.003074019937171238,0.7648744947380575,fro_gd_trajectory
16,2,polar_momentum,"0,1,2,3,4","5,6,7,8,9",80,32,0.9,6,0.001,5,0.3591011559754907,0.10011305334207143,0.6618347352819116,0.2808279969134758,0.11902196286816606,0.11675058504654084,0.0022713778216252173,0.002351239446258566,11.729774130191359,11.733850988335648,0.004076858144289375,0.195,0.195,0.0,-10.829111851976297,-10.837836320017955,0.008724468041657829,0.8974801162484157,0.020068265483858712,0.8975981163430691,0.0010150217126116857,0.001130819789091153,0.028204811927305676,0.0043520969654340345,0.00435209696543403,0.5402543796549072,fro_gd_trajectory
16,2,ns_momentum,"0,1,2,3,4","5,6,7,8,9",80,32,0.9,6,0.001,5,0.3591011559754907,0.10011305334207143,0.6618347352819116,0.35595449461549405,0.11902196286816606,0.11674714801326005,0.002274814854906007,0.002351239446258566,11.729774130191359,11.731356012487076,0.0015818822957172074,0.195,0.195,0.0,-10.829111851976297,-10.834830627363026,0.005718775386728936,0.9491303483138951,0.02122319978337923,0.9491182392508974,0.0005190037194396684,0.00054682725289243,0.01432601497716795,0.004779932916426801,0.004779932916426801,0.4918980009485604,fro_gd_trajectory
16,3,frobenius_grad,"0,1,2,3,4","5,6,7,8,9",80,32,0.9,6,0.001,5,0.3421375459700656,0.11375593767291356,0.7698666569199922,0.3422305802367703,0.16303147441105378,0.15998812204048007,0.0030433523705737098,0.0032318259374841925,11.73024294368878,11.726538907492902,-0.003704036195877336,0.195,0.195,0.0,-10.829871774802474,-10.831731365933733,0.0018595911312591085,1.3394338078360624,0.02995065045682825,1.3392592638798058,0.00031116981743611085,0.00023234471907602002,0.009445984445585963,0.00799872123755708,0.009445984445585962,0.3421375459700657,fro_gd_trajectory
16,3,polar_grad,"0,1,2,3,4","5,6,7,8,9",80,32,0.9,6,0.001,5,0.3421375459700656,0.11375593767291356,0.7698666569199922,1.0,0.16303147441105378,0.15992123095234415,0.0031102434587096384,0.0032318259374841925,11.73024294368878,11.732266444926072,0.0020235012372928907,0.195,0.195,0.0,-10.829871774802474,-10.837318882941677,0.007447108139203351,0.9659015464146237,0.021598215173552673,0.965994031650031,0.0008502756418246203,0.000880207966059842,0.027601228502288754,0.004258962020972331,0.004258962020972329,0.7588294804155968,fro_gd_trajectory
16,3,polar_momentum,"0,1,2,3,4","5,6,7,8,9",80,32,0.9,6,0.001,5,0.3421375459700656,0.11375593767291356,0.7698666569199922,0.45953851700852766,0.16303147441105378,0.15998249338231157,0.0030489810287422092,0.0032318259374841925,11.73024294368878,11.732804632007579,0.0025616883187993267,0.195,0.195,0.0,-10.829871774802474,-10.837735344017242,0.007863569214768162,1.0473145985459205,0.023418666361765806,1.0475177784424523,0.0011397581980869772,0.0010880561853390943,0.03195576369294262,0.004930881388418037,0.004930881388418035,0.6554256091163151,fro_gd_trajectory
16,3,ns_momentum,"0,1,2,3,4","5,6,7,8,9",80,32,0.9,6,0.001,5,0.3421375459700656,0.11375593767291356,0.7698666569199922,0.44360528982651787,0.16303147441105378,0.16000689306287091,0.00302458134818287,0.0032318259374841925,11.73024294368878,11.730604721827223,0.00036177813844417983,0.195,0.195,0.0,-10.829871774802474,-10.834919575070849,0.005047800268375369,1.0884261006058418,0.024337947494396876,1.0884524063963712,0.0007860802849170421,0.0007221999605105221,0.01601244556108076,0.005272918960681019,0.005272918960681019,0.6129102232716258,fro_gd_trajectory
16,4,frobenius_grad,"0,1,2,3,4","5,6,7,8,9",80,32,0.9,6,0.001,5,0.5036344957681436,0.1314936910894441,0.705576977516006,0.2550535270112058,0.12013149069065067,0.11789409294896051,0.002237397741690156,0.002461494085106225,11.729820855988605,11.72824242176941,-0.0015784342191942358,0.195,0.195,0.0,-10.830045976956393,-10.8271129508268,-0.0029330261295932303,0.6868535874112033,0.01535851312041044,0.6867594026358234,0.0001326170082942304,0.00019310548612110507,0.004887461255710757,0.00460854330280654,0.004887461255710757,0.5036344957681436,fro_gd_trajectory
16,4,polar_grad,"0,1,2,3,4","5,6,7,8,9",80,32,0.9,6,0.001,5,0.5036344957681436,0.1314936910894441,0.705576977516006,1.0,0.12013149069065067,0.11783299958874137,0.0022984911019093,0.002461494085106225,11.729820855988605,11.732554865037793,0.002734009049188302,0.195,0.195,0.0,-10.830045976956393,-10.834516713477683,0.004470736521289709,0.6281022171162193,0.014044792542901979,0.6281024599634625,0.0024802050753671557,0.003948726893238776,0.019162492332427256,0.0029568367605164268,0.0029568367605164246,0.8324754744581551,fro_gd_trajectory
16,4,polar_momentum,"0,1,2,3,4","5,6,7,8,9",80,32,0.9,6,0.001,5,0.5036344957681436,0.1314936910894441,0.705576977516006,0.3372294310051761,0.12013149069065067,0.117853382943202,0.002278107747448674,0.002461494085106225,11.729820855988605,11.733539204223447,0.00371834823484285,0.195,0.195,0.0,-10.830045976956393,-10.837845853095446,0.007799876139053197,0.858750569482655,0.01920224649079873,0.8588802552467252,0.0007856895483808388,0.00091478357265896,0.026462847194225817,0.004083305971603993,0.00408330597160399,0.6028189173732944,fro_gd_trajectory
16,4,ns_momentum,"0,1,2,3,4","5,6,7,8,9",80,32,0.9,6,0.001,5,0.5036344957681436,0.1314936910894441,0.705576977516006,0.3225445654506287,0.12013149069065067,0.11786761517184267,0.002263875518807995,0.002461494085106225,11.729820855988605,11.730831878001554,0.0010110220129497804,0.195,0.195,0.0,-10.830045976956393,-10.834553187973416,0.004507211017022783,0.8840719058126112,0.019768448783947894,0.8841070547130712,0.0005417270491614527,0.0006127391997084167,0.01294543325124418,0.004354278206895946,0.004354278206895947,0.5653047343662868,fro_gd_trajectory
16,5,frobenius_grad,"0,1,2,3,4","5,6,7,8,9",80,32,0.9,6,0.001,5,0.8362269155252516,0.19498209256589377,0.9507982368430088,0.29453528113804084,0.31619877800765134,0.3099855688575761,0.006213209150075227,0.006279438988509031,11.729484006353923,11.721079318893555,-0.008404687460368265,0.195,0.195,0.0,-10.829441191616356,-10.820000700318198,-0.009440491298157383,1.0664656634829999,0.02384689719217402,1.0663332211079735,0.00016792790780951997,0.00015748164315375498,0.007509252419320636,0.0069384432827402035,0.0075092524193206365,0.8362269155252519,fro_gd_trajectory
16,5,polar_grad,"0,1,2,3,4","5,6,7,8,9",80,32,0.9,6,0.001,5,0.8362269155252516,0.19498209256589377,0.9507982368430088,1.0,0.31619877800765134,0.3099120661543273,0.006286711853324023,0.006279438988509031,11.729484006353923,11.719178678268024,-0.01030532808589868,0.195,0.195,0.0,-10.829441191616356,-10.819806200480325,-0.00963499113603028,0.8519938359360165,0.01905116133563737,0.8520868702336861,0.0019388670487696378,0.002275433546156979,0.02549525608716891,0.003934003422391578,0.003934003422391576,1.5961956089737228,fro_gd_trajectory
16,5,polar_momentum,"0,1,2,3,4","5,6,7,8,9",80,32,0.9,6,0.001,5,0.8362269155252516,0.19498209256589377,0.9507982368430088,0.3990625609854923,0.31619877800765134,0.30992430195039183,0.006274476057259504,0.006279438988509031,11.729484006353923,11.727350192372121,-0.00213381398180168,0.195,0.195,0.0,-10.829441191616356,-10.830546394390298,0.0011052027739424375,0.919311506403168,0.020556430208152177,0.9194484802507878,0.0009299081678158285,0.0010113760453029275,0.02826839609801335,0.004361908215978791,0.004361908215978787,1.439608235108166,fro_gd_trajectory
16,5,ns_momentum,"0,1,2,3,4","5,6,7,8,9",80,32,0.9,6,0.001,5,0.8362269155252516,0.19498209256589377,0.9507982368430088,0.4261946747610829,0.31619877800765134,0.3099142901750609,0.006284487832590446,0.006279438988509031,11.729484006353923,11.725992871576937,-0.003491134776986371,0.195,0.195,0.0,-10.829441191616356,-10.828450350845513,-0.0009908407708429934,0.9377838171705176,0.02096948363392513,0.9378083785664458,0.0006327043639976503,0.000674662733302528,0.013038272457744684,0.004644862527514014,0.004644862527514014,1.3519106219640609,fro_gd_trajectory
17,0,frobenius_grad,"0,1,2,3,4","5,6,7,8,9",80,32,0.9,6,0.001,5,0.5557632653831469,0.05557632653831468,0.9999999999999999,0.30414924453519004,0.1370806973540525,0.13438406773613693,0.0026966296179155858,0.00272370446490213,12.522970439816433,12.520495901489605,-0.0024745383268278687,0.185,0.185,0.0,-11.696485415094276,-11.694987648276864,-0.001497766817411872,0.72591238361235,0.0162318943546612,0.7258742163559777,4.69721481421291e-05,6.471114014482832e-05,0.004900835723686037,0.004488287456571936,0.004900835723686038,0.5557632653831468,fro_gd_trajectory
17,0,polar_grad,"0,1,2,3,4","5,6,7,8,9",80,32,0.9,6,0.001,5,0.5557632653831469,0.05557632653831468,0.9999999999999999,1.0000000000000002,0.1370806973540525,0.13440138816546765,0.0026793091885848608,0.00272370446490213,12.522970439816433,12.520564708172163,-0.0024057316442700483,0.185,0.185,0.0,-11.696485415094276,-11.695398192027891,-0.0010872230663849791,0.5347885674397507,0.011958235903850138,0.5347783940149111,0.0002870961615685263,0.0005368507119614882,0.016113259564973243,0.002486329929684094,0.0024863299296840917,1.0954718568859438,fro_gd_trajectory
17,0,polar_momentum,"0,1,2,3,4","5,6,7,8,9",80,32,0.9,6,0.001,5,0.5557632653831469,0.05557632653831468,0.9999999999999999,0.8031072977715757,0.1370806973540525,0.13440138816546765,0.0026793091885848608,0.00272370446490213,12.522970439816433,12.520564708172149,-0.002405731644284259,0.185,0.185,0.0,-11.696485415094276,-11.695398192027879,-0.0010872230663974136,0.5347842619203521,0.011958139629509595,0.5347743503516661,0.00028678692361366496,0.0005362765125609983,0.016113259564973247,0.002486329929684094,0.0024863299296840917,1.0954718568859438,fro_gd_trajectory
17,0,ns_momentum,"0,1,2,3,4","5,6,7,8,9",80,32,0.9,6,0.001,5,0.5557632653831469,0.05557632653831468,0.9999999999999999,0.5305631170942227,0.1370806973540525,0.13439784965591434,0.0026828476981381744,0.00272370446490213,12.522970439816433,12.520411590945127,-0.0025588488713061963,0.185,0.185,0.0,-11.696485415094276,-11.694418741795243,-0.002066673299033539,0.5534792538554398,0.01237617235756626,0.5534356091505194,0.00018104283962415416,0.0003271253902545968,0.007475072863525614,0.0026953414425634325,0.002695341442563433,1.0105229793490365,fro_gd_trajectory
17,1,frobenius_grad,"0,1,2,3,4","5,6,7,8,9",80,32,0.9,6,0.001,5,0.26299286806211664,0.06855668887782772,0.8013907718893668,0.3643095426416898,0.12744771509007796,0.1250442647247278,0.002403450365350168,0.0025728619085756033,12.52244700877807,12.531878265277166,0.009431256499096818,0.185,0.185,0.0,-11.696149612842818,-11.708418752267816,0.012269139424997633,1.2440375759465818,0.02781752586380614,1.24382546526426,0.00036335885026494616,0.00029213009414286905,0.009783010191622064,0.007887055278433246,0.00978301019162206,0.2629928680621167,fro_gd_trajectory
17,1,polar_grad,"0,1,2,3,4","5,6,7,8,9",80,32,0.9,6,0.001,5,0.26299286806211664,0.06855668887782772,0.8013907718893668,1.0,0.12744771509007796,0.12499027444884858,0.0024574406412293803,0.0025728619085756033,12.52244700877807,12.536435728513714,0.01398871973564475,0.185,0.185,0.0,-11.696149612842818,-11.714956168277673,0.0188065554348551,0.9103517827058343,0.020356084695683632,0.9101057776086547,0.0007662245023928339,0.0008419070851369874,0.026853565571418395,0.004143595126096557,0.004143595126096554,0.6209250253171695,fro_gd_trajectory
17,1,polar_momentum,"0,1,2,3,4","5,6,7,8,9",80,32,0.9,6,0.001,5,0.26299286806211664,0.06855668887782772,0.8013907718893668,0.4880949370666579,0.12744771509007796,0.1251043557612017,0.002343359328876249,0.0025728619085756033,12.52244700877807,12.52956200085326,0.007114992075191395,0.185,0.185,0.0,-11.696149612842818,-11.707129333768902,0.010979720926084013,1.0489619208816319,0.023455501609000864,1.0488078098432794,0.001097232148332618,0.0010461708408679514,0.031705744082325404,0.004892302524943585,0.00489230252494358,0.5259000021886984,fro_gd_trajectory
17,1,ns_momentum,"0,1,2,3,4","5,6,7,8,9",80,32,0.9,6,0.001,5,0.26299286806211664,0.06855668887782772,0.8013907718893668,0.45762554715032755,0.12744771509007796,0.12511505882648355,0.0023326562635944126,0.0025728619085756033,12.52244700877807,12.524270426820156,0.001823418042086189,0.185,0.185,0.0,-11.696149612842818,-11.70077630206879,0.004626689225972314,1.0846477096653593,0.02425346010451199,1.0843862996782905,0.0008391518446341843,0.0007738495450220452,0.015435879272559586,0.005321080216974204,0.005321080216974203,0.48352248108724133,fro_gd_trajectory
17,2,frobenius_grad,"0,1,2,3,4","5,6,7,8,9",80,32,0.9,6,0.001,5,0.3395278982821745,0.08964547858585975,0.8841316455661465,0.3554656358476542,0.1671471396786308,0.16396125242667522,0.003185887251955566,0.0031995538319193806,12.523389896266417,12.541212043889924,0.01782214762350698,0.185,0.185,0.0,-11.697389122183704,-11.725035656541985,0.027646534358281016,1.2646614798405762,0.0282786903744901,1.2646720238981208,0.00017208362314297652,0.0001360697634573746,0.009423537353211246,0.007907695465991385,0.009423537353211246,0.33952789828217456,fro_gd_trajectory
17,2,polar_grad,"0,1,2,3,4","5,6,7,8,9",80,32,0.9,6,0.001,5,0.3395278982821745,0.08964547858585975,0.8841316455661465,1.0,0.1671471396786308,0.16396860371845728,0.0031785359601735064,0.0031995538319193806,12.523389896266417,12.536012976380633,0.012623080114215313,0.185,0.185,0.0,-11.697389122183704,-11.716425365081482,0.019036242897778166,0.8533745633443623,0.019082035339071945,0.8532858773917371,0.0007844874145598419,0.0009193723174673962,0.026510403265113357,0.004090644032652975,0.004090644032652971,0.7821638368871522,fro_gd_trajectory
17,2,polar_momentum,"0,1,2,3,4","5,6,7,8,9",80,32,0.9,6,0.001,5,0.3395278982821745,0.08964547858585975,0.8841316455661465,0.4799631433723443,0.1671471396786308,0.16401988823987432,0.003127251438756473,0.0031995538319193806,12.523389896266417,12.5344104575448,0.011020561278382246,0.185,0.185,0.0,-11.697389122183704,-11.714117210216882,0.016728088033177713,0.9942501214484185,0.02223210858196086,0.9941720608996184,0.0010093063687330946,0.0010152230267060425,0.03021313130555603,0.004661987373291849,0.004661987373291846,0.6863068420668339,fro_gd_trajectory
17,2,ns_momentum,"0,1,2,3,4","5,6,7,8,9",80,32,0.9,6,0.001,5,0.3395278982821745,0.08964547858585975,0.8841316455661465,0.45763109809838154,0.1671471396786308,0.16402948052344624,0.0031176591551845545,0.0031995538319193806,12.523389896266417,12.53149344819148,0.008103551925062291,0.185,0.185,0.0,-11.697389122183704,-11.71118343244339,0.01379431025968536,1.0381621979460545,0.0232140124627797,1.0380477689874306,0.0008072962966112877,0.0007777063067133889,0.015123055315851182,0.0050382721920243035,0.005038272192024302,0.6350498166780958,fro_gd_trajectory
17,3,frobenius_grad,"0,1,2,3,4","5,6,7,8,9",80,32,0.9,6,0.001,5,0.6222633577253849,0.12089324621776863,0.7961112121318371,0.25646930406938706,0.11312737764963234,0.11090797372405325,0.0022194039255790804,0.0022633467256701896,12.525254005022356,12.519732398355082,-0.005521606667274526,0.185,0.185,0.0,-11.700283409265099,-11.691604113698062,-0.008679295567036505,0.5414815949485733,0.012107896548700172,0.5414377535086481,4.8854598336044255e-05,9.023123714490649e-05,0.0036372810604558235,0.0034339311911494295,0.003637281060455824,0.6222633577253849,fro_gd_trajectory
17,3,polar_grad,"0,1,2,3,4","5,6,7,8,9",80,32,0.9,6,0.001,5,0.6222633577253849,0.12089324621776863,0.7961112121318371,1.0,0.11312737764963234,0.11091851388789085,0.002208863761741481,0.0022633467256701896,12.525254005022356,12.522528168007298,-0.002725837015058019,0.185,0.185,0.0,-11.700283409265099,-11.697284457217918,-0.002998952047180481,0.48277869739769735,0.010795259854700518,0.482788815354158,0.00023300740309778407,0.0004826280056360823,0.014182130191579451,0.0021883501981592346,0.002188350198159233,1.0342708071011857,fro_gd_trajectory
17,3,polar_momentum,"0,1,2,3,4","5,6,7,8,9",80,32,0.9,6,0.001,5,0.6222633577253849,0.12089324621776863,0.7961112121318371,0.4421216138273329,0.11312737764963234,0.11091607459177788,0.002211303057854455,0.0022633467256701896,12.525254005022356,12.525685613221686,0.00043160819932985817,0.185,0.185,0.0,-11.700283409265099,-11.702397392092948,0.0021139828278489148,0.5466220190110853,0.012222839925069685,0.546631973375608,0.00029686158631359115,0.0005430739524444324,0.016143340295799134,0.0024909714872198368,0.002490971487219835,0.9086200854897394,fro_gd_trajectory
17,3,ns_momentum,"0,1,2,3,4","5,6,7,8,9",80,32,0.9,6,0.001,5,0.6222633577253849,0.12089324621776863,0.7961112121318371,0.3897237183851686,0.11312737764963234,0.11091205464371393,0.00221532300591841,0.0022633467256701896,12.525254005022356,12.525560002932261,0.0003059979099049315,0.185,0.185,0.0,-11.700283409265099,-11.701853857079277,0.001570447814177811,0.555781003860665,0.012427641052355198,0.5557629889954899,0.00024577360166305983,0.00044222736405546124,0.0075608189401005265,0.0026287582060534583,0.002628758206053458,0.8609946401529798,fro_gd_trajectory
17,4,frobenius_grad,"0,1,2,3,4","5,6,7,8,9",80,32,0.9,6,0.001,5,0.5044919861934177,0.13348487246453752,0.6329655587764776,0.2985746149363161,0.1245147148215778,0.12209710072187123,0.002417614099706575,0.0025605231974992764,12.52371958316539,12.530921095945986,0.007201512780596886,0.185,0.185,0.0,-11.697896115620493,-11.711456328546355,0.013560212925861848,0.7363628990029994,0.016465574982795193,0.7363281956839715,4.72177397147509e-05,6.412594274064241e-05,0.005075448703991098,0.004683691467209275,0.005075448703991096,0.5044919861934178,fro_gd_trajectory
17,4,polar_grad,"0,1,2,3,4","5,6,7,8,9",80,32,0.9,6,0.001,5,0.5044919861934177,0.13348487246453752,0.6329655587764776,0.9999999999999998,0.1245147148215778,0.12205159765386422,0.00246311716771358,0.0025605231974992764,12.52371958316539,12.530760791898443,0.007041208733053139,0.185,0.185,0.0,-11.697896115620493,-11.710489530543756,0.012593414923262714,0.5402543170312739,0.01208045378019651,0.5402396817176853,0.0003166695330106836,0.0005861648888949378,0.01699892907866148,0.0026229917026054845,0.0026229917026054815,0.9761842536352084,fro_gd_trajectory
17,4,polar_momentum,"0,1,2,3,4","5,6,7,8,9",80,32,0.9,6,0.001,5,0.5044919861934177,0.13348487246453752,0.6329655587764776,0.424977332013272,0.1245147148215778,0.12207805772820035,0.0024366570933774534,0.0025605231974992764,12.52371958316539,12.527507051840105,0.0037874686747159103,0.185,0.185,0.0,-11.697896115620493,-11.70582151731765,0.007925401697157497,0.7762548201785544,0.017357585457811235,0.7762417614142512,0.0006000833960448173,0.0007730624991774635,0.023118194869495987,0.00356721491343968,0.0035672149134396776,0.7177933653092683,fro_gd_trajectory
17,4,ns_momentum,"0,1,2,3,4","5,6,7,8,9",80,32,0.9,6,0.001,5,0.5044919861934177,0.13348487246453752,0.6329655587764776,0.4035716530406047,0.1245147148215778,0.12208619071060242,0.002428524110975383,0.0025605231974992764,12.52371958316539,12.52711993286914,0.0034003497037495833,0.185,0.185,0.0,-11.697896115620493,-11.705111545971791,0.007215430351298124,0.8104735974450699,0.01812274057855976,0.8104415698771191,0.0005261109254589917,0.0006491657696418037,0.011540996057316875,0.0038320483368345145,0.003832048336834515,0.6681865604060754,fro_gd_trajectory
17,5,frobenius_grad,"0,1,2,3,4","5,6,7,8,9",80,32,0.9,6,0.001,5,0.5227419274976832,0.1662616736148985,0.917180244096699,0.2920110271211478,0.1121215875865246,0.10990450025113388,0.0022170873353907217,0.0021952440978642465,12.525117851895839,12.52656211567192,0.0014442637760812005,0.185,0.185,0.0,-11.700522880412713,-11.704108806508456,0.0035859260957433747,0.6148292549816694,0.013748000086945631,0.6147701215083583,6.143005022093196e-05,9.992361058506122e-05,0.00419947967130296,0.0037929643141178626,0.00419947967130296,0.5227419274976832,fro_gd_trajectory
17,5,polar_grad,"0,1,2,3,4","5,6,7,8,9",80,32,0.9,6,0.001,5,0.5227419274976832,0.1662616736148985,0.917180244096699,1.0,0.1121215875865246,0.1098993362493291,0.002222251337195502,0.0021952440978642465,12.525117851895839,12.526203349266956,0.0010854973711165172,0.185,0.185,0.0,-11.700522880412713,-11.70420671865013,0.0036838382374178025,0.4897643267469035,0.010951463275604952,0.4897287763784693,0.00023723204422537443,0.00048441516134644735,0.014381236601591433,0.00221907298422301,0.0022190729842230085,0.9892617833986629,fro_gd_trajectory
17,5,polar_momentum,"0,1,2,3,4","5,6,7,8,9",80,32,0.9,6,0.001,5,0.5227419274976832,0.1662616736148985,0.917180244096699,0.4039317225737748,0.1121215875865246,0.1099039025264878,0.002217685060036806,0.0021952440978642465,12.525117851895839,12.528074902198576,0.002957050302736519,0.185,0.185,0.0,-11.700522880412713,-11.706551701948603,0.006028821535890572,0.540103338982715,0.01207707780839963,0.5400849659472455,0.0002911685139636151,0.0005391161249099756,0.015934490584667307,0.0024587452771535788,0.002458745277153578,0.8928310379534803,fro_gd_trajectory
17,5,ns_momentum,"0,1,2,3,4","5,6,7,8,9",80,32,0.9,6,0.001,5,0.5227419274976832,0.1662616736148985,0.917180244096699,0.4372925350398777,0.1121215875865246,0.10990422383616685,0.002217363750357748,0.0021952440978642465,12.525117851895839,12.527346021708547,0.002228169812708458,0.185,0.185,0.0,-11.700522880412713,-11.70542761676315,0.004904736350436423,0.544015406034283,0.012164554286998064,0.5439820064144469,0.0002243200089000017,0.0004123665971574391,0.007354274515299533,0.0025725434151928333,0.0025725434151928333,0.8533360739024476,fro_gd_trajectory
18,0,frobenius_grad,"0,1,2,3,4","5,6,7,8,9",80,32,0.9,6,0.001,5,0.39434162644514703,0.03943416264451469,1.0,0.3236387845054782,0.09333677058947264,0.09151921031635964,0.0018175602731130003,0.0018654049264089328,12.644009652980168,12.641499679836652,-0.0025099731435158645,0.19,0.19,0.0,-11.804734173963972,-11.80219731098091,-0.0025368629830619938,0.69757413712384,0.01559823189954666,0.6975080319539092,9.179123185267125e-05,0.00013159881699933849,0.004730428646919453,0.004097276975641924,0.004730428646919452,0.39434162644514703,fro_gd_trajectory
18,0,polar_grad,"0,1,2,3,4","5,6,7,8,9",80,32,0.9,6,0.001,5,0.39434162644514703,0.03943416264451469,1.0,1.0,0.09333677058947264,0.09148713950935518,0.0018496310801174587,0.0018654049264089328,12.644009652980168,12.643672318813874,-0.00033733416629466717,0.19,0.19,0.0,-11.804734173963972,-11.805997333378928,0.0012631594149556946,0.508421667507081,0.011368654097796296,0.5084095607781478,0.00024758408982474657,0.0004869776434687931,0.014616383676473051,0.0022553569656110304,0.0022553569656110287,0.8270996364886084,fro_gd_trajectory
18,0,polar_momentum,"0,1,2,3,4","5,6,7,8,9",80,32,0.9,6,0.001,5,0.39434162644514703,0.03943416264451469,1.0,0.6546180850411251,0.09333677058947264,0.09148713950935519,0.0018496310801174448,0.0018654049264089328,12.644009652980168,12.643672317163416,-0.0003373358167522156,0.19,0.19,0.0,-11.804734173963972,-11.805997330882187,0.0012631569182151026,0.5084057337088622,0.011368297807236718,0.5083938127610016,0.0002463654902060318,0.00048459576812719677,0.014616383676473055,0.00225535696561103,0.002255356965611029,0.8270996364886083,fro_gd_trajectory
18,0,ns_momentum,"0,1,2,3,4","5,6,7,8,9",80,32,0.9,6,0.001,5,0.39434162644514703,0.03943416264451469,1.0,0.5036988482038206,0.09333677058947264,0.09150135842114175,0.0018354121683308855,0.0018654049264089328,12.644009652980168,12.643784967025503,-0.00022468595466484942,0.19,0.19,0.0,-11.804734173963972,-11.80593774998419,0.0012035760202184775,0.5259453793405354,0.011760496206573507,0.5259146446103281,0.00018940214753485605,0.00036013856901663565,0.006521320788006552,0.0023977823345038415,0.002397782334503841,0.7779709190304507,fro_gd_trajectory
18,1,frobenius_grad,"0,1,2,3,4","5,6,7,8,9",80,32,0.9,6,0.001,5,0.3086156775306479,0.061488942142742115,0.9152747245895054,0.31880416084922153,0.06598806218555166,0.06471392179562285,0.0012741403899288045,0.0013125829466670528,12.643464085814946,12.647554661212958,0.004090575398011609,0.19,0.19,0.0,-11.804175569093223,-11.811866738965824,0.007691169872600767,0.652059496490833,0.014580493595277884,0.6520308110699796,6.376441872993111e-05,9.779356687959881e-05,0.00425313113439191,0.003626896473639173,0.00425313113439191,0.30861567753064795,fro_gd_trajectory
18,1,polar_grad,"0,1,2,3,4","5,6,7,8,9",80,32,0.9,6,0.001,5,0.3086156775306479,0.061488942142742115,0.9152747245895054,1.0,0.06598806218555166,0.06471284170842252,0.0012752204771291353,0.0013125829466670528,12.643464085814946,12.649100733740092,0.00563664792514551,0.19,0.19,0.0,-11.804175569093223,-11.813489859735295,0.00931429064207201,0.46809120991474856,0.010466837650395017,0.46802628833987153,0.00020359118408153692,0.00043499946296540715,0.013340889664245724,0.0020585439666677644,0.002058543966667763,0.6376268702153477,fro_gd_trajectory
18,1,polar_momentum,"0,1,2,3,4","5,6,7,8,9",80,32,0.9,6,0.001,5,0.3086156775306479,0.061488942142742115,0.9152747245895054,0.3875586038660119,0.06598806218555166,0.06472336300584978,0.0012646991797018725,0.0013125829466670528,12.643464085814946,12.647375530133763,0.003911444318816848,0.19,0.19,0.0,-11.804175569093223,-11.811377040895545,0.0072014718023218904,0.5334833276144081,0.011929049854086072,0.5334312342502164,0.00026089731474289137,0.000489092685226063,0.015219761802620437,0.002348460231769421,0.0023484602317694193,0.5589121454605611,fro_gd_trajectory
18,1,ns_momentum,"0,1,2,3,4","5,6,7,8,9",80,32,0.9,6,0.001,5,0.3086156775306479,0.061488942142742115,0.9152747245895054,0.3777258304334056,0.06598806218555166,0.06473244686444468,0.001255615321106976,0.0013125829466670528,12.643464085814946,12.645777296009696,0.0023132101947496153,0.19,0.19,0.0,-11.804175569093223,-11.809228770164065,0.005053201070841951,0.5547041293554861,0.012403561406387034,0.5546693126836644,0.0002477763715442061,0.00044671007729882545,0.006580215818384827,0.002519390392167321,0.002519390392167321,0.5209922808103968,fro_gd_trajectory
18,2,frobenius_grad,"0,1,2,3,4","5,6,7,8,9",80,32,0.9,6,0.001,5,0.5921988506392755,0.11013770103950657,0.9639778992549554,0.2934676087021725,0.11941495043601723,0.11699556937221808,0.0024193810637991447,0.002523929017428271,12.644410266419664,12.642799435590087,-0.0016108308295770257,0.19,0.19,0.0,-11.805940088943217,-11.80296436659839,-0.002975722344826792,0.6523148872710883,0.014586204306732652,0.6522650144816862,6.683650438746557e-05,0.00010246832637586169,0.00426196203302945,0.003837804413065581,0.004261962033029449,0.5921988506392758,fro_gd_trajectory
18,2,polar_grad,"0,1,2,3,4","5,6,7,8,9",80,32,0.9,6,0.001,5,0.5921988506392755,0.11013770103950657,0.9639778992549554,1.0,0.11941495043601723,0.11700775965500725,0.0024071907810099824,0.002523929017428271,12.644410266419664,12.643624482533106,-0.0007857838865579225,0.19,0.19,0.0,-11.805940088943217,-11.8065543868438,0.000614297900582983,0.5130302103417611,0.01147170424835194,0.5130163445822381,0.00024110932605746934,0.00046998371222228916,0.014522768123805888,0.0022409117722259355,0.0022409117722259333,1.126295576965626,fro_gd_trajectory
18,2,polar_momentum,"0,1,2,3,4","5,6,7,8,9",80,32,0.9,6,0.001,5,0.5921988506392755,0.11013770103950657,0.9639778992549554,0.47098042358813447,0.11941495043601723,0.11700582377419252,0.0024091266618247037,0.002523929017428271,12.644410266419664,12.647050456765669,0.0026401903460051557,0.19,0.19,0.0,-11.805940088943217,-11.811077040889709,0.0051369519464916635,0.5347669300080269,0.011957752076168206,0.5347342112242444,0.00026040525524178497,0.00048698072757604485,0.01511587360292521,0.0023324299345349178,0.0023324299345349156,1.0821028233508503,fro_gd_trajectory
18,2,ns_momentum,"0,1,2,3,4","5,6,7,8,9",80,32,0.9,6,0.001,5,0.5921988506392755,0.11013770103950657,0.9639778992549554,0.4740670523008621,0.11941495043601723,0.1170002920566573,0.0024146583793599324,0.002523929017428271,12.644410266419664,12.64561617794566,0.0012059115259965836,0.19,0.19,0.0,-11.805940088943217,-11.80896038588,0.0030202969367838506,0.5631035802210911,0.012591378837478654,0.5630828889640652,0.00026435860965245446,0.00046948435982277785,0.0064977600875482325,0.0025405653165045216,0.002540565316504522,0.9934517333728146,fro_gd_trajectory
18,3,frobenius_grad,"0,1,2,3,4","5,6,7,8,9",80,32,0.9,6,0.001,5,0.4945611732633381,0.1347602529625323,0.8087872742408401,0.31733991350387325,0.10758226485993717,0.10547093707221733,0.002111327787719844,0.002141358438085343,12.644020094753856,12.65408981474812,0.010069719994264759,0.19,0.19,0.0,-11.805229940238533,-11.820329574693641,0.015099634455108202,0.6817200404446235,0.015243723520580836,0.6817068973572381,4.759875271932778e-05,6.98229002872834e-05,0.004329815104480791,0.003729918363385055,0.004329815104480791,0.49456117326333815,fro_gd_trajectory
18,3,polar_grad,"0,1,2,3,4","5,6,7,8,9",80,32,0.9,6,0.001,5,0.4945611732633381,0.1347602529625323,0.8087872742408401,1.0,0.10758226485993717,0.10547061500471593,0.002111649855221248,0.002141358438085343,12.644020094753856,12.652498181981308,0.008478087227452136,0.19,0.19,0.0,-11.805229940238533,-11.818733417330572,0.013503477092038807,0.49683152259362484,0.01110949057884068,0.4967816246596176,0.00021666817731029735,0.00043614370289712907,0.013644092407644599,0.002105329165691907,0.002105329165691906,1.0171133678194195,fro_gd_trajectory
18,3,polar_momentum,"0,1,2,3,4","5,6,7,8,9",80,32,0.9,6,0.001,5,0.4945611732633381,0.1347602529625323,0.8087872742408401,0.39993104342445307,0.10758226485993717,0.10548570688110909,0.002096557978828087,0.002141358438085343,12.644020094753856,12.649532274446464,0.005512179692608754,0.19,0.19,0.0,-11.805229940238533,-11.814570307396485,0.009340367157951945,0.5490886760068981,0.012277996052267818,0.5490338834725346,0.0002649440377740388,0.0004825640925808045,0.015160027827469424,0.002339243079297067,0.002339243079297066,0.9154065505363442,fro_gd_trajectory
18,3,ns_momentum,"0,1,2,3,4","5,6,7,8,9",80,32,0.9,6,0.001,5,0.4945611732633381,0.1347602529625323,0.8087872742408401,0.4329591710522733,0.10758226485993717,0.10548646272971142,0.0020958021302257546,0.002141358438085343,12.644020094753856,12.648771877108953,0.0047517823550968785,0.19,0.19,0.0,-11.805229940238533,-11.813169710603162,0.00793977036462934,0.5854678436390713,0.013091458970171815,0.5854344763576793,0.00026320804828508905,0.00044959437633850327,0.0068705660046657095,0.002561700522403187,0.0025617005224031868,0.8359128709067398,fro_gd_trajectory
18,4,frobenius_grad,"0,1,2,3,4","5,6,7,8,9",80,32,0.9,6,0.001,5,0.337933110644126,0.1504695963701051,0.8921792280624796,0.35221728108461375,0.10098612120445623,0.098954901460591,0.002031219743865234,0.001991967461902515,12.646327885783755,12.65815196497174,0.011824079187984893,0.19,0.19,0.0,-11.80869219389631,-11.82711273076901,0.018420536872699955,0.9037596229577622,0.020208679522531366,0.9036507788352853,0.00015678184570356907,0.00017349826877330316,0.005894561376675033,0.004704071892442078,0.005894561376675031,0.33793311064412596,fro_gd_trajectory
18,4,polar_grad,"0,1,2,3,4","5,6,7,8,9",80,32,0.9,6,0.001,5,0.337933110644126,0.1504695963701051,0.8921792280624796,1.0,0.10098612120445623,0.09895349702482878,0.0020326241796274486,0.001991967461902515,12.646327885783755,12.655338197093279,0.0090103113095239,0.19,0.19,0.0,-11.80869219389631,-11.823523239091141,0.014831045194831916,0.6247673091555225,0.013970221733913745,0.6246777509938958,0.0003225301950277371,0.0005163145229913732,0.016735582531678707,0.002582356448205093,0.0025823564482050907,0.771375873879481,fro_gd_trajectory
18,4,polar_momentum,"0,1,2,3,4","5,6,7,8,9",80,32,0.9,6,0.001,5,0.337933110644126,0.1504695963701051,0.8921792280624796,0.4835575971985134,0.10098612120445623,0.09898607107557629,0.0020000501288799377,0.001991967461902515,12.646327885783755,12.654548574843636,0.008220689059880826,0.19,0.19,0.0,-11.80869219389631,-11.82227859598981,0.013586402093499927,0.6885280619657771,0.015395955509716654,0.688429011281247,0.00040391244594170303,0.0005867161890664292,0.01878544224687484,0.0028986566692121964,0.002898656669212195,0.6872036564592168,fro_gd_trajectory
18,4,ns_momentum,"0,1,2,3,4","5,6,7,8,9",80,32,0.9,6,0.001,5,0.337933110644126,0.1504695963701051,0.8921792280624796,0.4396862568428008,0.10098612120445623,0.09898522825009673,0.0020008929543594983,0.001991967461902515,12.646327885783755,12.654203608310729,0.00787572252697366,0.19,0.19,0.0,-11.80869219389631,-11.821448592200104,0.012756398303794825,0.7567522824889595,0.01692149545773437,0.7566829599856807,0.0004295683618590257,0.0005676992671635618,0.008743440669057226,0.003257985634812159,0.0032579856348121574,0.6114107565785396,fro_gd_trajectory
18,5,frobenius_grad,"0,1,2,3,4","5,6,7,8,9",80,32,0.9,6,0.001,5,0.4063929938294007,0.16522638515200702,0.7902099059290177,0.28549574692842156,0.06860623552235821,0.06733829045182463,0.0012679450705335854,0.001269528723850724,12.64831278586335,12.646224516439558,-0.002088269423792255,0.19,0.19,0.0,-11.811787845962368,-11.810098360367515,-0.001689485594852158,0.47721549053558554,0.010670862767534773,0.47719367332234713,2.4806730335288288e-05,5.198461698491798e-05,0.0031238942184708476,0.0027612623968320403,0.0031238942184708485,0.40639299382940064,fro_gd_trajectory
18,5,polar_grad,"0,1,2,3,4","5,6,7,8,9",80,32,0.9,6,0.001,5,0.4063929938294007,0.16522638515200702,0.7902099059290177,1.0000000000000002,0.06860623552235821,0.06731314013856807,0.0012930953837901465,0.001269528723850724,12.64831278586335,12.647024785481255,-0.0012880003820949781,0.19,0.19,0.0,-11.811787845962368,-11.811169583806969,-0.000618262155398952,0.3722476287733781,0.008323710024003804,0.37223351418902667,0.00013141825718991995,0.0003530532640948162,0.010941999143875373,0.0016883871231823126,0.0016883871231823115,0.751918032552799,fro_gd_trajectory
18,5,polar_momentum,"0,1,2,3,4","5,6,7,8,9",80,32,0.9,6,0.001,5,0.4063929938294007,0.16522638515200702,0.7902099059290177,0.2581547242160144,0.06860623552235821,0.06729444364351307,0.0013117918788451421,0.001269528723850724,12.64831278586335,12.65370936418944,0.005396578326090307,0.19,0.19,0.0,-11.811787845962368,-11.820967803066075,0.009179957103707892,0.5073368563214687,0.011344396982258479,0.5072864278792449,0.00022627111584974075,0.0004460421241618603,0.013991311037110337,0.0021589061633877156,0.0021589061633877143,0.5880425677504222,fro_gd_trajectory
18,5,ns_momentum,"0,1,2,3,4","5,6,7,8,9",80,32,0.9,6,0.001,5,0.4063929938294007,0.16522638515200702,0.7902099059290177,0.3213183512380004,0.06860623552235821,0.06729738716948563,0.0013088483528725797,0.001269528723850724,12.64831278586335,12.652824353072623,0.004511567209272371,0.19,0.19,0.0,-11.811787845962368,-11.819480138915887,0.007692292953519697,0.5184205606430707,0.011592236145314587,0.518387192370179,0.00020891311788920382,0.0004030059402779756,0.005962568734164081,0.002269043285309872,0.0022690432853098726,0.5594995618064423,fro_gd_trajectory
19,0,frobenius_grad,"0,1,2,3,4","5,6,7,8,9",80,32,0.9,6,0.001,5,0.6914203991386962,0.06914203991386961,0.9999999999999999,0.289544230579057,0.116124471931893,0.11381891662379584,0.0023055553080971597,0.0023655512048462884,11.278054653133577,11.28036936845754,0.0023147153239637674,0.19,0.19,0.0,-10.418679566630994,-10.422238467757001,0.003558901126007541,0.4637525390771808,0.010369822021147038,0.4637139364612126,4.7100223059494466e-05,0.00010157172203823589,0.0034212921802611843,0.0029870785191918833,0.0034212921802611843,0.6914203991386962,fro_gd_trajectory
19,0,polar_grad,"0,1,2,3,4","5,6,7,8,9",80,32,0.9,6,0.001,5,0.6914203991386962,0.06914203991386961,0.9999999999999999,0.9999999999999998,0.116124471931893,0.11380482318203099,0.0023196487498620133,0.0023655512048462884,11.278054653133577,11.280495514044016,0.002440860910439824,0.19,0.19,0.0,-10.418679566630994,-10.423504610002153,0.00482504337115941,0.3988107019347092,0.008917678396804166,0.39880448281732483,0.00015651022895635526,0.00039244851976261727,0.011816129692582625,0.0018232683951520437,0.0018232683951520418,1.2974234682815449,fro_gd_trajectory
19,0,polar_momentum,"0,1,2,3,4","5,6,7,8,9",80,32,0.9,6,0.001,5,0.6914203991386962,0.06914203991386961,0.9999999999999999,0.8047424374159702,0.116124471931893,0.11380482318203106,0.002319648749861944,0.0023655512048462884,11.278054653133577,11.280495514046347,0.002440860912770404,0.19,0.19,0.0,-10.418679566630994,-10.423504610004485,0.004825043373491766,0.3987886810726886,0.008917185995360158,0.39878249663198245,0.0001565159398862694,0.00039248447764925497,0.011816129692582616,0.0018232683951520418,0.001823268395152041,1.2974234682815455,fro_gd_trajectory
19,0,ns_momentum,"0,1,2,3,4","5,6,7,8,9",80,32,0.9,6,0.001,5,0.6914203991386962,0.06914203991386961,0.9999999999999999,0.48823427663990965,0.116124471931893,0.11381844079797655,0.0023060311339164474,0.0023655512048462884,11.278054653133577,11.279977254415304,0.0019226012817270544,0.19,0.19,0.0,-10.418679566630994,-10.422154057818183,0.0034744911871893436,0.4126903497426778,0.009228036756827903,0.4126548272391601,0.00010205097866783289,0.0002473034893365921,0.004534749587817423,0.002005332713734149,0.0020053327137341476,1.1796302871065094,fro_gd_trajectory
19,1,frobenius_grad,"0,1,2,3,4","5,6,7,8,9",80,32,0.9,6,0.001,5,0.47722534350290324,0.10725929857866481,0.967992049431669,0.3404001556102524,0.10222787528118912,0.1001893808032689,0.002038494477920219,0.0021003950176987974,11.278723663853244,11.283048110623508,0.00432444677026389,0.19,0.19,0.0,-10.419719825890603,-10.426523391841647,0.006803565951043922,0.5937668705399336,0.013277030853146094,0.5937162928436153,0.0007835834755650539,0.0013197944624562454,0.0044012646149125135,0.0034805771710876166,0.0044012646149125135,0.47722534350290324,fro_gd_trajectory
19,1,polar_grad,"0,1,2,3,4","5,6,7,8,9",80,32,0.9,6,0.001,5,0.47722534350290324,0.10725929857866481,0.967992049431669,1.0,0.10222787528118912,0.10018126926872488,0.0020466060124642443,0.0021003950176987974,11.278723663853244,11.283611939140634,0.004888275287390442,0.19,0.19,0.0,-10.419719825890603,-10.428177845791884,0.008458019901281588,0.44045877562336677,0.009848957635801753,0.44043863641248926,0.00018479742357205666,0.0004195758689048935,0.012929678621979914,0.0019950927253047455,0.001995092725304744,1.0527806507729953,fro_gd_trajectory
19,1,polar_momentum,"0,1,2,3,4","5,6,7,8,9",80,32,0.9,6,0.001,5,0.47722534350290324,0.10725929857866481,0.967992049431669,0.6059955795346386,0.10222787528118912,0.1001806101123888,0.0020472651688003274,0.0021003950176987974,11.278723663853244,11.282505624822669,0.003781960969424958,0.19,0.19,0.0,-10.419719825890603,-10.426819070487118,0.007099244596515675,0.4501053698135858,0.010064662039408595,0.4500971043677304,0.00019609660700076884,0.00043567622430327265,0.013257539435166882,0.0020456827471007914,0.0020456827471007893,1.0267452373421775,fro_gd_trajectory
19,1,ns_momentum,"0,1,2,3,4","5,6,7,8,9",80,32,0.9,6,0.001,5,0.47722534350290324,0.10725929857866481,0.967992049431669,0.4816799161468647,0.10222787528118912,0.10017711706091927,0.0020507582202698577,0.0021003950176987974,11.278723663853244,11.282686770029386,0.0039631061761422615,0.19,0.19,0.0,-10.419719825890603,-10.426250311748591,0.006530485857988211,0.4865139188592039,0.010878781945689964,0.48649709674777675,0.0005335088333813341,0.0010966331288466671,0.005543480865316695,0.002289517793958156,0.0022895177939581558,0.9173962409209322,fro_gd_trajectory
19,2,frobenius_grad,"0,1,2,3,4","5,6,7,8,9",80,32,0.9,6,0.001,5,0.40478019310943586,0.13404190553083195,0.947980428091323,0.31049100439860644,0.13299375819495743,0.13035378360462682,0.002639974590330607,0.0027045520503344717,11.27969682296256,11.283206040968366,0.0035092180058065026,0.19,0.19,0.0,-10.421266212222726,-10.426758401093299,0.0054921888705727895,0.8853378490717425,0.01979675613577866,0.8852789282569523,0.0005620567946678323,0.0006348923223265687,0.0066815325857687725,0.005913185109928875,0.006681532585768773,0.40478019310943575,fro_gd_trajectory
19,2,polar_grad,"0,1,2,3,4","5,6,7,8,9",80,32,0.9,6,0.001,5,0.40478019310943586,0.13404190553083195,0.947980428091323,1.0,0.13299375819495743,0.1303610000710319,0.0026327581239255216,0.0027045520503344717,11.27969682296256,11.28273373326163,0.003036910299069717,0.19,0.19,0.0,-10.421266212222726,-10.42621211625325,0.004945904030524417,0.6755084804841591,0.015104828817401692,0.6754351970521149,0.002544094845373486,0.003766600935925449,0.02151924690607481,0.003320491886268727,0.0033204918862687247,0.814503435927262,fro_gd_trajectory
19,2,polar_momentum,"0,1,2,3,4","5,6,7,8,9",80,32,0.9,6,0.001,5,0.40478019310943586,0.13404190553083195,0.947980428091323,0.3790269435677851,0.13299375819495743,0.13037877248818236,0.0026149857067750693,0.0027045520503344717,11.27969682296256,11.286002863624983,0.006306040662423129,0.19,0.19,0.0,-10.421266212222726,-10.433055372270806,0.01178916004807995,0.7943102258621073,0.017761316602508834,0.7942967561549157,0.002982642758224487,0.0037550735730850285,0.02376085638410961,0.003666379738036274,0.0036663797380362714,0.737662829159928,fro_gd_trajectory
19,2,ns_momentum,"0,1,2,3,4","5,6,7,8,9",80,32,0.9,6,0.001,5,0.40478019310943586,0.13404190553083195,0.947980428091323,0.4005036947340749,0.13299375819495743,0.1303942919797425,0.002599466215214924,0.0027045520503344717,11.27969682296256,11.28576927427845,0.006072451315890959,0.19,0.19,0.0,-10.421266212222726,-10.431158697450469,0.009892485227743109,0.832937581983336,0.018625050543290427,0.8328558702874024,0.0016771865868872903,0.0020137777095916077,0.00980203854032702,0.0040179441873073075,0.0040179441873073075,0.6731183720466193,fro_gd_trajectory
19,3,frobenius_grad,"0,1,2,3,4","5,6,7,8,9",80,32,0.9,6,0.001,5,0.4048877051720679,0.1421233307832105,0.6329873467692112,0.3054725903430849,0.08952982777774371,0.0877374201959336,0.0017924075818101098,0.0018839387363249512,11.280202457821526,11.281746223982607,0.0015437661610810949,0.19,0.19,0.0,-10.422057249939533,-10.426094503010063,0.004037253070530156,0.6362285760706475,0.01422650345321864,0.6361893202916371,0.0011260008284775926,0.0017699146976585835,0.00465299072374727,0.004055161713382687,0.00465299072374727,0.4048877051720679,fro_gd_trajectory
19,3,polar_grad,"0,1,2,3,4","5,6,7,8,9",80,32,0.9,6,0.001,5,0.4048877051720679,0.1421233307832105,0.6329873467692112,1.0,0.08952982777774371,0.0877272143884593,0.0018026133892844048,0.0018839387363249512,11.280202457821526,11.284463427196247,0.004260969374721313,0.19,0.19,0.0,-10.422057249939533,-10.429778466991399,0.007721217051866347,0.5070024690167755,0.011336919854817409,0.5070015739476875,0.0018499936072598647,0.0036488912506822853,0.01523210550092682,0.002350364905769018,0.002350364905769017,0.8015515938400827,fro_gd_trajectory
19,3,polar_momentum,"0,1,2,3,4","5,6,7,8,9",80,32,0.9,6,0.001,5,0.4048877051720679,0.1421233307832105,0.6329873467692112,0.3393209798083378,0.08952982777774371,0.0876723940135217,0.0018574337642220107,0.0018839387363249512,11.280202457821526,11.2863820596522,0.0061796018306736755,0.19,0.19,0.0,-10.422057249939533,-10.4332228610876,0.011165611148067356,0.6752503717959084,0.015099057331676578,0.6752740594945141,0.003014900445266065,0.0044647064445551355,0.020152350648736793,0.0031095752147108253,0.0031095752147108236,0.6058508337127163,fro_gd_trajectory
19,3,ns_momentum,"0,1,2,3,4","5,6,7,8,9",80,32,0.9,6,0.001,5,0.4048877051720679,0.1421233307832105,0.6329873467692112,0.34649099087215285,0.08952982777774371,0.08767165401778916,0.0018581737599545484,0.0018839387363249512,11.280202457821526,11.286417496527752,0.00621503870622675,0.19,0.19,0.0,-10.422057249939533,-10.432679566479147,0.010622316539613763,0.7418051626167343,0.01658726769671304,0.7417664711618006,0.0020146435153753986,0.002716007791805336,0.008832636057167371,0.0035223181883360442,0.0035223181883360442,0.5348576237557149,fro_gd_trajectory
19,4,frobenius_grad,"0,1,2,3,4","5,6,7,8,9",80,32,0.9,6,0.001,5,0.38829291482652634,0.16026245582924578,0.87022001463219,0.3487026183460132,0.11716928810101573,0.11486488910588476,0.002304398995130977,0.0023229994987704803,11.280523829713081,11.285019146036982,0.0044953163239007665,0.19,0.19,0.0,-10.42292525379653,-10.430874089246881,0.00794883545035141,0.7998572400054831,0.017885351609476248,0.7997877910151008,0.00014949998785318956,0.0001869245686576964,0.0059825956386773205,0.004733617216189005,0.0059825956386773205,0.3882929148265263,fro_gd_trajectory
19,4,polar_grad,"0,1,2,3,4","5,6,7,8,9",80,32,0.9,6,0.001,5,0.38829291482652634,0.16026245582924578,0.87022001463219,1.0,0.11716928810101573,0.11486019911055807,0.002309088990457661,0.0023229994987704803,11.280523829713081,11.286371731499917,0.0058479017868364735,0.19,0.19,0.0,-10.42292525379653,-10.432524101916403,0.009598848119873438,0.5723754943610447,0.012798705140463437,0.5723502774108168,0.001068496937601399,0.0018668584252899073,0.01715672703306422,0.002647340455586993,0.002647340455586991,0.8774842290752531,fro_gd_trajectory
19,4,polar_momentum,"0,1,2,3,4","5,6,7,8,9",80,32,0.9,6,0.001,5,0.38829291482652634,0.16026245582924578,0.87022001463219,0.47650789964614426,0.11716928810101573,0.11484869072186214,0.002320597379153591,0.0023229994987704803,11.280523829713081,11.286328982140851,0.005805152427770466,0.19,0.19,0.0,-10.42292525379653,-10.43315277521414,0.010227521417609964,0.6193412211257632,0.013848890717049357,0.6192916982968649,0.0003803395520536941,0.0006141525118125736,0.0184918204357401,0.002853349840132169,0.0028533498401321676,0.8141306285326998,fro_gd_trajectory
19,4,ns_momentum,"0,1,2,3,4","5,6,7,8,9",80,32,0.9,6,0.001,5,0.38829291482652634,0.16026245582924578,0.87022001463219,0.4500271579386954,0.11716928810101573,0.11483921571017737,0.002330072390838364,0.0023229994987704803,11.280523829713081,11.286341783163534,0.005817953450453217,0.19,0.19,0.0,-10.42292525379653,-10.432784497609719,0.009859243813188812,0.6663016141119297,0.014898957026721083,0.6662423740421064,0.00034397433868308503,0.0005162900951438821,0.008124630989303416,0.003134245131032626,0.003134245131032627,0.7411671396631097,fro_gd_trajectory
19,5,frobenius_grad,"0,1,2,3,4","5,6,7,8,9",80,32,0.9,6,0.001,5,0.3034483685884613,0.16191061945418636,0.6443698800006358,0.35987365919646735,0.07387560294590481,0.07242011625545451,0.0014554866904503,0.001521095946734578,11.281260109861789,11.276813093006663,-0.004447016855126051,0.19,0.19,0.0,-10.424237262220094,-10.420672094947982,-0.003565167272112646,0.6541179246682849,0.014626521448593718,0.6541107324159241,0.000569186344025139,0.0008701681776767042,0.005012701019979772,0.004048211286815322,0.005012701019979772,0.30344836858846136,fro_gd_trajectory
19,5,polar_grad,"0,1,2,3,4","5,6,7,8,9",80,32,0.9,6,0.001,5,0.3034483685884613,0.16191061945418636,0.6443698800006358,1.0,0.07387560294590481,0.0724221281844851,0.0014534747614197152,0.001521095946734578,11.281260109861789,11.279762619795433,-0.001497490066356022,0.19,0.19,0.0,-10.424237262220094,-10.424752186938672,0.0005149247185780581,0.4584156266202639,0.010250485030710728,0.4584292509453194,0.0002186834243049105,0.00047702764135134707,0.013929057856505046,0.0021493002890745254,0.0021493002890745237,0.7077168111253329,fro_gd_trajectory
19,5,polar_momentum,"0,1,2,3,4","5,6,7,8,9",80,32,0.9,6,0.001,5,0.3034483685884613,0.16191061945418636,0.6443698800006358,0.3918017474668672,0.07387560294590481,0.07241465192903865,0.0014609510168661632,0.001521095946734578,11.281260109861789,11.287337336011408,0.006077226149619364,0.19,0.19,0.0,-10.424237262220094,-10.435603721675601,0.011366459455507183,0.7143517511790966,0.015973390754824755,0.7142971975112744,0.0005281052204154082,0.0007393354226439795,0.02173529450869491,0.0033538287551042865,0.003353828755104283,0.4535401351126174,fro_gd_trajectory
19,5,ns_momentum,"0,1,2,3,4","5,6,7,8,9",80,32,0.9,6,0.001,5,0.3034483685884613,0.16191061945418636,0.6443698800006358,0.32713773261145995,0.07387560294590481,0.0724251027671794,0.0014505001787254168,0.001521095946734578,11.281260109861789,11.287324774796485,0.00606466493469604,0.19,0.19,0.0,-10.424237262220094,-10.435477529391573,0.011240267171478635,0.8263606861235767,0.018477986681056848,0.8262899381107375,0.0005621032515632073,0.0006802736250769588,0.010681484642981,0.003966604719534658,0.003966604719534657,0.383475555112289,fro_gd_trajectory
