seed,geometry,head_classes,tail_classes,head_train_examples,tail_train_examples,tail_eval_examples,warmup_steps,hidden_dim,head_loss_before,head_loss_after,actual_head_loss_decrease,actual_head_gain_relative_error,matched_first_order_head_gain,tail_loss_before,tail_loss_after,tail_loss_increase,tail_accuracy_before,tail_accuracy_after,tail_accuracy_drop,tail_margin_before,tail_margin_after,tail_margin_drop,tail_positive_margin_fraction_before,tail_margin_certified_preserved_fraction,tail_prediction_changed_fraction,tail_positive_margin_prediction_changed_fraction,tail_output_drift_fro,tail_output_drift_rms,centered_tail_output_drift_fro,true_logit_delta_fro,competitor_logit_delta_fro,margin_delta_fro,margin_delta_rms,tail_output_jvp_fro,tail_output_linearization_residual_fro,tail_output_linearization_relative_error,update_fro_norm,update_op_norm,step_size,alignment,nrG,stA_tail,condition_score_tail,target_head_gain_fraction
0,frobenius,"0,1,2,3,4","5,6,7,8,9",500,200,200,80,32,0.0871984360909382,0.0867645691847919,0.0004338669061463,0.004874569782723,0.0004359921804546,12.431107949501625,12.432967498422002,0.0018595489203789,0.19,0.19,0.0,-11.462027261065275,-11.465726824521736,0.0036995634564576,0.19,1.0,0.0,0.0,0.2045375899784153,0.0045735995514571,0.2044536052162119,0.042755855342816,0.0924071467925125,0.1023552870988298,0.0072376117597878,0.2045374244192335,3.917588980071336e-06,1.915340916800431e-05,0.001446598066753,0.0012080384512864,0.001446598066753,0.301391375030165,3.5889209483632034,1.2303187324386262,2.912632676059121,0.005
0,spectral,"0,1,2,3,4","5,6,7,8,9",500,200,200,80,32,0.0871984360909382,0.086763961783069,0.0004344743078692,0.0034814215792416,0.0004359921804546,12.431107949501625,12.432577165189238,0.0014692156876154,0.19,0.19,0.0,-11.462027261065275,-11.464839354570609,0.0028120935053301,0.19,1.0,0.0,0.0,0.1352819646534008,0.0030249966909472,0.1350659614032185,0.0333006281540907,0.0702323422302462,0.0777528160850456,0.0054979543510086,0.1352808385685849,1.7965345944885766e-05,0.0001328003739108,0.0039729070027425,0.000613032859611,0.000613032859611,0.7112052374016691,3.5889209483632034,1.2303187324386262,2.912632676059121,0.005
1,frobenius,"0,1,2,3,4","5,6,7,8,9",500,200,200,80,32,0.1627348510792468,0.161925122425368,0.0008097286538788,0.0048491168194711,0.0008136742553962,10.53344960455768,10.532641830647824,-0.0008077739098553,0.2,0.2,0.0,-9.405020229033603,-9.405263575312247,0.0002433462786441,0.2,1.0,0.0,0.0,0.2203995671499513,0.0049282841435882,0.2203874607708811,0.0474570531438128,0.0656185483870348,0.0786397079703453,0.005560667077636,0.220395424941034,1.0782404152015371e-05,4.892299445371956e-05,0.0020556250694036,0.0016043454210768,0.0020556250694036,0.3958281437150824,3.982654516143998,1.2527102728983852,3.1683379277825283,0.005
1,spectral,"0,1,2,3,4","5,6,7,8,9",500,200,200,80,32,0.1627348510792468,0.1619239845694272,0.0008108665098195,0.0034506997831342,0.0008136742553962,10.53344960455768,10.53340245311869,-4.715143898970098e-05,0.2,0.2,0.0,-9.405020229033603,-9.40573008274611,0.0007098537125074,0.2,1.0,0.0,0.0,0.1508916825321048,0.003374040593811,0.1506882184738449,0.0426742279241825,0.0507559009815733,0.0644201341890644,0.0045551913730034,0.1508825854703993,0.0001484235176649,0.0009837021098372,0.0053214279651863,0.0008211141616102,0.0008211141616102,0.9909392547810948,3.982654516143998,1.2527102728983852,3.1683379277825283,0.005
2,frobenius,"0,1,2,3,4","5,6,7,8,9",500,200,200,80,32,0.0712434204800017,0.0708890970898823,0.0003543233901194,0.0053161745121823,0.0003562171024,11.725707451088237,11.724723866623052,-0.0009835844651853,0.2,0.2,0.0,-10.66165616108613,-10.660615500905465,-0.0010406601806653,0.2,1.0,0.005,0.0,0.1014788931150569,0.002269137032867,0.1014721818796485,0.0093560712205361,0.0410397517962413,0.0421827070238166,0.0029827678185346,0.1014783602710212,7.409715874471999e-07,7.30176941633926e-06,0.0007915598473122,0.000683903438666,0.0007915598473122,0.4500191660927863,2.354244468849263,1.2341678303753287,1.9119016182240869,0.005
2,spectral,"0,1,2,3,4","5,6,7,8,9",500,200,200,80,32,0.0712434204800017,0.0708885416081249,0.0003548788718768,0.0037567834732495,0.0003562171024,11.725707451088237,11.724944927553688,-0.0007625235345489,0.2,0.2,0.0,-10.66165616108613,-10.661194148984489,-0.0004620121016429,0.2,1.0,0.005,0.0,0.0871115882043324,0.0019478743285285,0.0870456005907382,0.0169866057711948,0.0346205038367384,0.0399576079140681,0.002825429551603,0.0871129806630829,7.579159460625949e-06,8.700378982483686e-05,0.0026688190720163,0.0004118077232548,0.0004118077232548,0.8650083091801691,2.354244468849263,1.2341678303753287,1.9119016182240869,0.005
3,frobenius,"0,1,2,3,4","5,6,7,8,9",500,200,200,80,32,0.2139824824895041,0.2129289425356423,0.0010535399538618,0.0153026157984508,0.0010699124124475,11.37232270136952,11.368252541097473,-0.0040701602720467,0.195,0.195,0.0,-10.353060375527305,-10.347850049339758,-0.0052103261875444,0.195,1.0,0.005,0.0,0.3270094282920152,0.0073121531094428,0.3269034706376448,0.0193716257922517,0.121424396156259,0.1201975471516593,0.0084992500672928,0.3270243316753227,2.487591174456107e-05,7.606746451288049e-05,0.0027456289971993,0.0021903955556621,0.0027456289971993,0.3896784356294622,3.767914876487232,1.2432549850449512,3.012005176968392,0.005
3,spectral,"0,1,2,3,4","5,6,7,8,9",500,200,200,80,32,0.2139824824895041,0.2129196199755949,0.0010628625139091,0.0065892296007697,0.0010699124124475,11.37232270136952,11.36938237039108,-0.0029403309784399,0.195,0.195,0.0,-10.353060375527305,-10.350081598013412,-0.0029787775138903,0.195,1.0,0.0,0.0,0.2339952309189756,0.0052322924274559,0.2337659745405043,0.0309494317510975,0.0758427611618811,0.0779739220182792,0.0055135889014836,0.2340075948501423,9.70826328579836e-05,0.0004148695811354,0.0074034427854873,0.0011423760230533,0.0011423760230533,0.9365676369745736,3.767914876487232,1.2432549850449512,3.012005176968392,0.005
4,frobenius,"0,1,2,3,4","5,6,7,8,9",500,200,200,80,32,0.1633334870222295,0.1625203286739375,0.0008131583482919,0.0042968369599348,0.0008166674351111,10.934794569161618,10.93569171841037,0.0008971492487521,0.2,0.2,0.0,-9.865803665958133,-9.867554024683416,0.0017503587252853,0.2,1.0,0.0,0.0,0.1725720083874124,0.0038588274176791,0.1725371496078508,0.0230296784946305,0.0853743853674063,0.0870427354847792,0.0061548508514314,0.1725704496056102,2.8159809585214343e-06,1.631786302322925e-05,0.0012790317672629,0.0011648373982609,0.0012790317672629,0.6385044187438441,2.3880428582092135,1.2426356079578669,1.913624763641378,0.005
4,spectral,"0,1,2,3,4","5,6,7,8,9",500,200,200,80,32,0.1633334870222295,0.1625194701995664,0.0008140168226631,0.0032456448415309,0.0008166674351111,10.934794569161618,10.935036693193169,0.0002421240315513,0.2,0.2,0.0,-9.865803665958133,-9.866895477703942,0.0010918117458107,0.2,1.0,0.0,0.0,0.1322002029320825,0.002956086403954,0.1317920406733625,0.0302483559393175,0.0688826684184213,0.0719815037560128,0.0050898609425881,0.1322036064918025,2.1241923772719657e-05,0.0001606758267524,0.0044221942550748,0.0006823593877411,0.0006823593877411,1.196828899525495,2.3880428582092135,1.2426356079578669,1.913624763641378,0.005
5,frobenius,"0,1,2,3,4","5,6,7,8,9",500,200,200,80,32,0.094119196956149,0.0936504542874265,0.0004687426687225,0.0039382317702493,0.0004705959847807,12.176572461421912,12.178287814457663,0.0017153530357525,0.19,0.19,0.0,-11.177556862982527,-11.180901112612252,0.0033442496297233,0.19,1.0,0.005,0.0,0.1687489940539439,0.0037733422183932,0.1687468653004726,0.0122275705280047,0.0765953054710243,0.0805248054923393,0.005693963601736,0.168748773251614,2.528071126276378e-06,1.498127113793521e-05,0.0012511402893038,0.0010959323425432,0.0012511402893038,0.3761336668668846,3.4616140268261626,1.235244288640418,2.779311788202929,0.005
5,spectral,"0,1,2,3,4","5,6,7,8,9",500,200,200,80,32,0.094119196956149,0.0936501132797836,0.0004690836763654,0.0032136024620623,0.0004705959847807,12.176572461421912,12.177960852267171,0.0013883908452587,0.19,0.19,0.0,-11.177556862982527,-11.180379453948513,0.0028225909659838,0.19,1.0,0.0,0.0,0.1177899410088768,0.0026338631516153,0.1177499664916256,0.0198404546570221,0.0582201930426733,0.0656664782486169,0.0046433212066235,0.1177885276564776,1.515270870417916e-05,0.0001286433322977,0.0037050390654153,0.000571699939534,0.000571699939534,0.8231520632385043,3.4616140268261626,1.235244288640418,2.779311788202929,0.005
6,frobenius,"0,1,2,3,4","5,6,7,8,9",500,200,200,80,32,0.1419396145581634,0.1412328218788609,0.0007067926793024,0.0040938444103488,0.0007096980727908,11.464374371250493,11.464198471998952,-0.0001758992515412,0.19,0.19,0.0,-10.452985597780057,-10.453027203871924,4.1606091867762984e-05,0.19,1.0,0.01,0.0,0.1327363329248454,0.0029680746350399,0.1327275485663645,0.0081730171912198,0.058685990979161,0.058657468830605,0.0041477093977359,0.1327364553354789,7.607344697442793e-07,5.731164568328984e-06,0.0009145576054695,0.0008556729967391,0.0009145576054695,0.7760014990268526,2.301656995858925,1.230362606086305,1.86072929842807,0.005
6,spectral,"0,1,2,3,4","5,6,7,8,9",500,200,200,80,32,0.1419396145581634,0.1412321164604546,0.0007074980977087,0.0030998746740388,0.0007096980727908,11.464374371250493,11.464169971243107,-0.0002044000073855,0.19,0.19,0.0,-10.452985597780057,-10.453197972088203,0.0002123743081483,0.19,1.0,0.01,0.0,0.1031203851519233,0.0023058419106566,0.1030778958572578,0.0186356060481606,0.0463555943761499,0.0490558682836161,0.0034687737120339,0.103121753269772,1.2867243341814634e-05,0.000124777197185,0.0033257643328505,0.0005131765777432,0.0005131765777432,1.3829510222616856,2.301656995858925,1.230362606086305,1.86072929842807,0.005
7,frobenius,"0,1,2,3,4","5,6,7,8,9",500,200,200,80,32,0.0978575678847014,0.0973706604648495,0.0004869074198519,0.0048650699645148,0.0004892878394235,12.198531688275327,12.199094774627913,0.0005630863525851,0.19,0.19,0.0,-11.235379752294689,-11.236701224404063,0.0013214721093763,0.19,1.0,0.0,0.0,0.1594324045397324,0.0035650169436708,0.1594227328543537,0.0195113091049684,0.0632983932165524,0.0647171525170909,0.0045761937403919,0.159433086080403,3.7479747932863826e-06,2.350813677028279e-05,0.0013008998286078,0.0010746255184173,0.0013008998286078,0.3761149234273587,3.694907423363549,1.2339769189352914,2.9802341764306206,0.005
7,spectral,"0,1,2,3,4","5,6,7,8,9",500,200,200,80,32,0.0978575678847014,0.0973700296379447,0.0004875382467567,0.0035757942990384,0.0004892878394235,12.198531688275327,12.198987541206272,0.0004558529309441,0.19,0.19,0.0,-11.235379752294689,-11.236784111311971,0.0014043590172825,0.19,1.0,0.0,0.0,0.1178701589296494,0.002635656878854,0.1177990921569707,0.0229915371866234,0.056291895935696,0.0604125809617093,0.0042718145667006,0.1178709988754626,1.5089283089142584e-05,0.0001280152304901,0.0036897886706103,0.0005693467525273,0.0005693467525273,0.8593846144753516,3.694907423363549,1.2339769189352914,2.9802341764306206,0.005
8,frobenius,"0,1,2,3,4","5,6,7,8,9",500,200,200,80,32,0.1839419293320564,0.1830267050436763,0.0009152242883801,0.0048769286007296,0.0009197096466602,11.68852313087508,11.686484097371116,-0.0020390335039621,0.19,0.19,0.0,-10.713790814248428,-10.71243210815212,-0.0013587060963082,0.19,1.0,0.0,0.0,0.2684505726277589,0.0060027372899441,0.2683914788174453,0.0404983177906637,0.0609482535516444,0.0634183789705026,0.00448435658219,0.2684570083210614,9.92552485805412e-06,3.697249298920771e-05,0.0020287223800773,0.0017151023570918,0.0020287223800773,0.453344260255661,3.048577377933989,1.2323668542525548,2.4734219969558975,0.005
8,spectral,"0,1,2,3,4","5,6,7,8,9",500,200,200,80,32,0.1839419293320564,0.1830260047920948,0.0009159245399615,0.0041155452837691,0.0009197096466602,11.68852313087508,11.687785403884757,-0.000737726990323,0.19,0.19,0.0,-10.713790814248428,-10.714051399926744,0.0002605856783173,0.19,1.0,0.0,0.0,0.186468266019365,0.0041695571846581,0.1862073504190135,0.0416276729709533,0.0551257532300288,0.0636272673736141,0.0044991272228252,0.1864729619680188,3.802404796853362e-05,0.0002039118570715,0.0059284902985377,0.0009147859132821,0.0009147859132821,1.005382388717019,3.048577377933989,1.2323668542525548,2.4734219969558975,0.005
9,frobenius,"0,1,2,3,4","5,6,7,8,9",500,200,200,80,32,0.1292894677908474,0.1286463793144822,0.0006430884763652,0.0051958796742892,0.0006464473389542,11.775788464259584,11.776100894335126,0.0003124300755423,0.195,0.195,0.0,-10.648470990167068,-10.650036683318511,0.0015656931514449,0.195,1.0,0.0,0.0,0.1753385842641685,0.0039206899349325,0.175322358242633,0.0275986433071211,0.058815280138622,0.0684227693287892,0.0048382204179949,0.175336698255608,4.52191271640639e-06,2.578988176117181e-05,0.0013946061842216,0.0011921896929049,0.0013946061842216,0.4635339684192043,3.603759236203245,1.235594004113368,2.899009807917953,0.005
9,spectral,"0,1,2,3,4","5,6,7,8,9",500,200,200,80,32,0.1292894677908474,0.1286452520003659,0.0006442157904814,0.0034520189631502,0.0006464473389542,11.775788464259584,11.776042694346849,0.0002542300872647,0.195,0.195,0.0,-10.648470990167068,-10.64994048324122,0.0014694930741505,0.195,1.0,0.0,0.0,0.1144641409780602,0.0025594960021306,0.114422177564679,0.0287344758526292,0.0452360681992421,0.0575602473492537,0.0040701241227432,0.1144623002169713,1.7163796160548934e-05,0.0001499515222742,0.0039057589514435,0.0006026716903521,0.0006026716903521,1.0726359795936116,3.603759236203245,1.235594004113368,2.899009807917953,0.005
10,frobenius,"0,1,2,3,4","5,6,7,8,9",500,200,200,80,32,0.1505008044848245,0.1497535315875696,0.0007472728972549,0.0069516241951356,0.0007525040224241,11.757396146541543,11.758746030390434,0.0013498838488903,0.185,0.185,0.0,-10.906409487102014,-10.909788446789232,0.0033789596872182,0.185,1.0,0.0,0.0,0.1823795128115764,0.0040781298834997,0.1823666503451128,0.0313719290034088,0.0827632655292805,0.0951876158243098,0.0067307808634349,0.1823756430458687,4.21562928755886e-06,2.311508936803912e-05,0.0013645481885,0.0012850846888563,0.0013645481885,0.5514675324520951,2.9092876836213986,1.236805975447682,2.317769168102913,0.005
10,spectral,"0,1,2,3,4","5,6,7,8,9",500,200,200,80,32,0.1505008044848245,0.1497518612483808,0.0007489432364436,0.0047319162081716,0.0007525040224241,11.757396146541543,11.758931408512092,0.0015352619705488,0.185,0.185,0.0,-10.906409487102014,-10.9094883358841,0.0030788487820849,0.185,1.0,0.0,0.0,0.1379612066626163,0.003084906363555,0.1378847034570084,0.0276826545302114,0.0720304205924899,0.0814315988064637,0.0057580835718912,0.1379634569379526,2.501420564678777e-05,0.0001813103716155,0.0047222177011643,0.0007286540105399,0.0007286540105399,1.032731600374365,2.9092876836213986,1.236805975447682,2.317769168102913,0.005
11,frobenius,"0,1,2,3,4","5,6,7,8,9",500,200,200,80,32,0.1507004097549547,0.1499514452869049,0.0007489644680497,0.0060219885697292,0.0007535020487747,12.336867973568353,12.338285471013318,0.0014174974449669,0.2,0.2,0.0,-11.442906104689582,-11.446317918955032,0.0034118142654513,0.2,1.0,0.005,0.0,0.2097250433554118,0.0046895945352679,0.2097158776714228,0.040874096516081,0.082775245302906,0.0980693502920667,0.0069345502618079,0.2097258741191825,2.802136548038479e-06,1.3360948236868892e-05,0.0015116097997954,0.0013777258739998,0.0015116097997954,0.4984765571622623,3.295597088971876,1.2321490716387244,2.6400486964944374,0.005
11,spectral,"0,1,2,3,4","5,6,7,8,9",500,200,200,80,32,0.1507004097549547,0.1499508018088218,0.0007496079461328,0.0051680053800165,0.0007535020487747,12.336867973568353,12.337616285250736,0.0007483116823863,0.2,0.2,0.0,-11.442906104689582,-11.445093514039735,0.002187409350153,0.2,1.0,0.005,0.0,0.1468421546883782,0.0032834903984575,0.1467309655397369,0.0316016503277598,0.0695114763814035,0.0766732007547377,0.0054216140188952,0.1468497898797102,2.510202935486272e-05,0.0001709367740697,0.0048032262625482,0.0007411539029371,0.0007411539029371,1.0166607040571982,3.295597088971876,1.2321490716387244,2.6400486964944374,0.005
12,frobenius,"0,1,2,3,4","5,6,7,8,9",500,200,200,80,32,0.1023905815495899,0.1018828234213877,0.0005077581282022,0.0081936824310513,0.0005119529077479,11.692237031888524,11.691388874772851,-0.000848157115671,0.19,0.19,0.0,-10.682582505466309,-10.681023635646106,-0.0015588698202027,0.19,1.0,0.0,0.0,0.1405647907080426,0.0031431242726621,0.1405625698344779,0.005615805206465,0.0392547822712642,0.0387683576848465,0.002741336861442,0.1405599083122657,5.235763599051456e-06,3.724933846299732e-05,0.0010589750443336,0.0009575582616716,0.0010589750443336,0.4834419002480612,2.0542654766128714,1.2364002624887285,1.6627484725339872,0.005
12,spectral,"0,1,2,3,4","5,6,7,8,9",500,200,200,80,32,0.1023905815495899,0.101881032521633,0.0005095490279569,0.0046955095959587,0.0005119529077479,11.692237031888524,11.69224709842396,1.0066535436337176e-05,0.19,0.19,0.0,-10.682582505466309,-10.68243891542761,-0.0001435900386983,0.19,1.0,0.0,0.0,0.1198096300737986,0.0026790247720411,0.1197725897047877,0.0115322963010699,0.0355775910924837,0.0358856626489883,0.0025374995406472,0.1198088528824227,1.5789872262149287e-05,0.0001317921996769,0.0037174708305901,0.0005736182025464,0.0005736182025464,0.8924976673949193,2.0542654766128714,1.2364002624887285,1.6627484725339872,0.005
13,frobenius,"0,1,2,3,4","5,6,7,8,9",500,200,200,80,32,0.2983265704719595,0.2968420947695589,0.0014844757024005,0.0047981981275803,0.0014916328523597,11.798497151250212,11.80006884622772,0.0015716949775068,0.175,0.175,0.0,-10.978011469887065,-10.981046201775914,0.0030347318888495,0.175,1.0,0.01,0.0,0.2572700668247841,0.0057527335799613,0.2572655202538927,0.0384041736670284,0.0685383031919131,0.0838387633561813,0.005928295809545,0.2572618518147768,1.454077507540838e-05,5.65213029947302e-05,0.0019309239733104,0.0016027704155969,0.0019309239733104,0.772496935652249,3.1275895819911073,1.2238854867405935,2.560102197792144,0.005
13,spectral,"0,1,2,3,4","5,6,7,8,9",500,200,200,80,32,0.2983265704719595,0.2968399261628966,0.0014866443090628,0.0033443506483767,0.0014916328523597,11.798497151250212,11.79968221051039,0.0011850592601785,0.175,0.175,0.0,-10.978011469887065,-10.980256746188951,0.0022452763018865,0.175,1.0,0.005,0.0,0.1814949805140377,0.0040583511400438,0.1814488857320021,0.0274044015064021,0.0536005823447138,0.0643779971646593,0.0045522118354338,0.1814945147140231,3.67035820118338e-05,0.0002022297041299,0.005627554391515,0.0008683504947046,0.0008683504947046,1.7177773968645502,3.1275895819911073,1.2238854867405935,2.560102197792144,0.005
14,frobenius,"0,1,2,3,4","5,6,7,8,9",500,200,200,80,32,0.0876991205575151,0.0872651479089386,0.0004339726485765,0.0103147082486574,0.0004384956027875,11.872463839575502,11.872477602474534,1.376289903198824e-05,0.17,0.17,0.0,-11.114137358697672,-11.114290258910165,0.0001529002124929,0.17,1.0,0.0,0.0,0.2073888858510883,0.0046373564654097,0.2073841596245915,0.0111832581853314,0.0744639116561221,0.0735633362388022,0.0052017133901163,0.2073857407459079,8.454089787842657e-06,4.076504853918926e-05,0.0014611925267861,0.0012363173998933,0.0014611925267861,0.3000943371589942,2.697432100300075,1.2206392561552022,2.2207234058691645,0.005
14,spectral,"0,1,2,3,4","5,6,7,8,9",500,200,200,80,32,0.0876991205575151,0.0872631996020551,0.0004359209554599,0.0058715465131535,0.0004384956027875,11.872463839575502,11.873139244530314,0.0006754049548121,0.17,0.17,0.0,-11.114137358697672,-11.115253897055275,0.0011165383576035,0.17,1.0,0.0,0.0,0.1567639764206891,0.0035053490769983,0.1566940323287065,0.0171318639706844,0.0612248025222337,0.0627653802862679,0.0044381826024172,0.1567621243540694,2.3732245534531034e-05,0.0001513901756072,0.0045399542193407,0.0007005301447188,0.0007005301447188,0.6259482280574655,2.697432100300075,1.2206392561552022,2.2207234058691645,0.005
15,frobenius,"0,1,2,3,4","5,6,7,8,9",500,200,200,80,32,0.1577973256972249,0.1570129576101399,0.0007843680870849,0.0058537638464178,0.0007889866284861,10.927135648976414,10.926417524365636,-0.0007181246107776,0.195,0.195,0.0,-9.951316310031515,-9.950155440673928,-0.0011608693575873,0.195,1.0,0.01,0.0,0.1646759815270148,0.003682266889559,0.164674305886748,0.0092719628425647,0.0358119423191289,0.0325459753475526,0.0023013479868584,0.1646706991781846,8.300453758355665e-06,5.040637951852031e-05,0.001313486826565,0.0011467825709784,0.001313486826565,0.6006810365578327,2.4154291252369986,1.250537340054298,1.9317572508966507,0.005
15,spectral,"0,1,2,3,4","5,6,7,8,9",500,200,200,80,32,0.1577973256972249,0.1570113015344282,0.0007860241627967,0.0037547729992135,0.0007889866284861,10.927135648976414,10.927455846337653,0.0003201973612387,0.195,0.195,0.0,-9.951316310031515,-9.952037943171131,0.0007216331396175,0.195,1.0,0.01,0.0,0.133822796073915,0.0029923686896036,0.1337797555376364,0.0256328331885349,0.0377057825598496,0.0416922405184555,0.002948086599346,0.1338236761060025,2.0362687153586896e-05,0.0001521605723747,0.004283440468362,0.0006609492136314,0.0006609492136314,1.193717478157187,2.4154291252369986,1.250537340054298,1.9317572508966507,0.005
16,frobenius,"0,1,2,3,4","5,6,7,8,9",500,200,200,80,32,0.2417549478807895,0.240557042340074,0.0011979055407154,0.008991914154192,0.0012087747394039,11.731373274577695,11.727195986055207,-0.0041772885224879,0.195,0.195,0.0,-10.830356084949033,-10.826542958098209,-0.0038131268508223,0.195,1.0,0.0,0.0,0.3198277609199138,0.0071515661450847,0.319821264863895,0.0631955741651942,0.155205028942002,0.1712217868950619,0.0121072086600376,0.3198340219379326,1.1846945404667503e-05,3.704091682581079e-05,0.0022940338870863,0.0019166090166693,0.0022940338870863,0.5269210477702185,2.8296840554752025,1.218539757297849,2.3326412864370143,0.005
16,spectral,"0,1,2,3,4","5,6,7,8,9",500,200,200,80,32,0.2417549478807895,0.2405534176416593,0.0012015302391301,0.0059932591554268,0.0012087747394039,11.731373274577695,11.728628614141078,-0.0027446604366172,0.195,0.195,0.0,-10.830356084949033,-10.8281968640061,-0.0021592209429321,0.195,1.0,0.0,0.0,0.2365161491341828,0.0052886618724051,0.2363913671147993,0.0582526113525409,0.115988030625357,0.1275634516607696,0.0090200981700892,0.2365335344838118,5.236275595353549e-05,0.0002213756119943,0.0068756458058737,0.0010609351809991,0.0010609351809991,1.139348341965238,2.8296840554752025,1.218539757297849,2.3326412864370143,0.005
17,frobenius,"0,1,2,3,4","5,6,7,8,9",500,200,200,80,32,0.073734339230786,0.0733684214010644,0.0003659178297216,0.0074696985448391,0.0003686716961539,12.522970439816431,12.521977892620663,-0.0009925471957696,0.185,0.185,0.0,-11.696485415094276,-11.695788568554727,-0.0006968465395473,0.185,1.0,0.0,0.0,0.1800540779648255,0.0040261315795539,0.1800471129217919,0.0206290298894012,0.0956649874415675,0.0977527629375393,0.0069121641552855,0.180049970393284,4.229586096461744e-06,2.3491179072248884e-05,0.0012223292091194,0.0011003509233189,0.0012223292091194,0.3016140769633751,2.6035938389588633,1.226910617716242,2.1164312693596763,0.005
17,spectral,"0,1,2,3,4","5,6,7,8,9",500,200,200,80,32,0.073734339230786,0.0733673909440608,0.0003669482867251,0.0046746453463019,0.0003686716961539,12.522970439816431,12.522556745992471,-0.0004136938239618,0.185,0.185,0.0,-11.696485415094276,-11.696548909912533,6.349481825473902e-05,0.185,1.0,0.0,0.0,0.1316409168802227,0.0029435803876457,0.131516154353884,0.0256504005850177,0.0672766668365894,0.072263771330193,0.0051098202741693,0.1316385706422583,1.7698407310705572e-05,0.0001344469726794,0.0040254740171015,0.0006211441260241,0.0006211441260241,0.5935364768137756,2.6035938389588633,1.226910617716242,2.1164312693596763,0.005
18,frobenius,"0,1,2,3,4","5,6,7,8,9",500,200,200,80,32,0.0897640426724308,0.0893185927705867,0.000445449901844,0.0075092685618197,0.0004488202133621,12.644009652980168,12.643981807895909,-2.784508425968113e-05,0.19,0.19,0.0,-11.804734173963972,-11.805345280228025,0.0006111062640528,0.19,1.0,0.0,0.0,0.1920787025277549,0.0042950103588202,0.1920585707693458,0.0211535388086999,0.0709311691528632,0.0775022781419369,0.0054802386431569,0.1920749933895196,4.294124678118013e-06,2.2356500460264068e-05,0.0012804912424434,0.0011206684429104,0.0012804912424434,0.3505062732843969,2.659963991737214,1.2244056024308054,2.1630811426276435,0.005
18,spectral,"0,1,2,3,4","5,6,7,8,9",500,200,200,80,32,0.0897640426724308,0.0893171919808629,0.0004468506915678,0.0043882199055366,0.0004488202133621,12.644009652980168,12.644798289126673,0.0007886361465043,0.19,0.19,0.0,-11.804734173963972,-11.80644917753864,0.0017150035746684,0.19,1.0,0.0,0.0,0.1397884503139396,0.0031257647737132,0.1396137882124838,0.0300673718181152,0.0506848886915201,0.0620966928586535,0.0043908992609612,0.1397886557795418,1.896963026406304e-05,0.0001357022153069,0.0040829236356868,0.0006300087946258,0.0006300087946258,0.7124030921325114,2.659963991737214,1.2244056024308054,2.1630811426276435,0.005
19,frobenius,"0,1,2,3,4","5,6,7,8,9",500,200,200,80,32,0.0672170653037603,0.0668822029153088,0.0003348623884515,0.0036387725697147,0.0003360853265188,11.278054653133577,11.276902831954772,-0.0011518211788033,0.19,0.19,0.0,-10.418679566630994,-10.41711029867514,-0.0015692679558547,0.19,1.0,0.0,0.0,0.113219237681681,0.0025316591181694,0.1132168031861833,0.0081729731082134,0.0438569024170233,0.0423964659749333,0.002997882858922,0.1132172940618415,2.117171933659088e-06,1.8700075383383093e-05,0.0008532251569686,0.0007706315168072,0.0008532251569686,0.3938999263838475,2.0136556666383503,1.2507317990413953,1.6103704161476633,0.005
19,spectral,"0,1,2,3,4","5,6,7,8,9",500,200,200,80,32,0.0672170653037603,0.0668819750974595,0.0003350902063008,0.0029609153967954,0.0003360853265188,11.278054653133577,11.27775477807223,-0.000299875061346,0.19,0.19,0.0,-10.418679566630994,-10.418426218369609,-0.0002533482613849,0.19,1.0,0.0,0.0,0.0963433677864043,0.0021543031955166,0.0963279257490855,0.0169740383724573,0.030333955978428,0.0316200543694427,0.002235875486612,0.0963430426339149,1.0361802745137982e-05,0.0001075511262864,0.0030877081342896,0.0004764437088261,0.0004764437088261,0.7054040598980205,2.0136556666383503,1.2507317990413953,1.6103704161476633,0.005
0,frobenius,"0,1,2,3,4","5,6,7,8,9",500,200,200,80,32,0.0871984360909382,0.0863349252511899,0.0008635108397482,0.0097175150621387,0.0008719843609093,12.431107949501625,12.434849478898304,0.0037415293966809,0.19,0.19,0.0,-11.462027261065275,-11.469426446690544,0.0073991856252675,0.19,1.0,0.0,0.0,0.409075511224991,0.0091472065102955,0.4089075418366624,0.0855119021626971,0.1848150916528332,0.2047112820608251,0.0144752735730601,0.409074848838467,1.5670355915198708e-05,3.8306818323574134e-05,0.0028931961335061,0.0024160769025729,0.0028931961335061,0.301391375030165,3.5889209483632034,1.2303187324386262,2.912632676059121,0.01
0,spectral,"0,1,2,3,4","5,6,7,8,9",500,200,200,80,32,0.0871984360909382,0.0863325296838167,0.0008659064071215,0.0069702555003233,0.0008719843609093,12.431107949501625,12.434058103366622,0.0029501538649991,0.19,0.19,0.0,-11.462027261065275,-11.467651989540215,0.0056247284749382,0.19,1.0,0.0,0.0,0.2705661862292245,0.0060500438482141,0.2701340915292682,0.0666002760659653,0.1404692270664912,0.1555090352204834,0.0109961493340181,0.2705616771371699,7.18613837701389e-05,0.000265600747787,0.0079458140054851,0.001226065719222,0.001226065719222,0.7112052374016691,3.5889209483632034,1.2303187324386262,2.912632676059121,0.01
1,frobenius,"0,1,2,3,4","5,6,7,8,9",500,200,200,80,32,0.1627348510792468,0.1611232362374365,0.0016116148418103,0.0096682848681577,0.0016273485107924,10.53344960455768,10.53184749872649,-0.0016021058311892,0.2,0.2,0.0,-9.405020229033603,-9.405544045236672,0.0005238162030689,0.2,1.0,0.005,0.0,0.4408074196170243,0.0098567535524994,0.4407832073140063,0.0949107859823453,0.1312371169238928,0.156739500439559,0.0110831563640604,0.440790849882068,4.312961662530236e-05,9.78459889465526e-05,0.0041112501388073,0.0032086908421537,0.0041112501388073,0.3958281437150824,3.982654516143998,1.2527102728983852,3.1683379277825283,0.01
1,spectral,"0,1,2,3,4","5,6,7,8,9",500,200,200,80,32,0.1627348510792468,0.1611187121973902,0.0016161388818566,0.0068882779942309,0.0016273485107924,10.53344960455768,10.533362774063235,-8.683049444435653e-05,0.2,0.2,0.0,-9.405020229033603,-9.406451330720564,0.0014311016869612,0.2,1.0,0.005,0.0,0.3018364542253305,0.0067492682973534,0.3014284836774303,0.0853497942926196,0.1015092061683435,0.1287186435385413,0.0091017825711236,0.3017651709407986,0.0013682736000724,0.0045342330124005,0.0106428559303727,0.0016422283232204,0.0016422283232204,0.9909392547810948,3.982654516143998,1.2527102728983852,3.1683379277825283,0.01
2,frobenius,"0,1,2,3,4","5,6,7,8,9",500,200,200,80,32,0.0712434204800017,0.0705385471686999,0.0007048733113018,0.0106127603745721,0.0007124342048,11.725707451088237,11.723744538674858,-0.0019629124133793,0.2,0.2,0.0,-10.66165616108613,-10.659596744712127,-0.0020594163740028,0.2,1.0,0.005,0.0,0.2029588519234109,0.0045382978953606,0.202945429523077,0.0187122929896517,0.082079964075447,0.0846708155953153,0.0059871307876043,0.2029567205420424,2.9638863420868564e-06,1.4603538794729822e-05,0.0015831196946245,0.0013678068773321,0.0015831196946245,0.4500191660927863,2.354244468849263,1.2341678303753287,1.9119016182240869,0.01
2,spectral,"0,1,2,3,4","5,6,7,8,9",500,200,200,80,32,0.0712434204800017,0.070536332276901,0.0007070882031007,0.0075038532165051,0.0007124342048,11.725707451088237,11.724185295786526,-0.0015221553017106,0.2,0.2,0.0,-10.66165616108613,-10.660754105176704,-0.0009020559094263,0.2,1.0,0.005,0.0,0.1742203927655031,0.0038956864129037,0.1740884373384847,0.0339727378646157,0.0692407507792207,0.0801061729913547,0.0056643618137089,0.1742259613261659,3.031663783935965e-05,0.0001740075796316,0.0053376381440327,0.0008236154465096,0.0008236154465096,0.8650083091801691,2.354244468849263,1.2341678303753287,1.9119016182240869,0.01
3,frobenius,"0,1,2,3,4","5,6,7,8,9",500,200,200,80,32,0.2139824824895041,0.2119079627400812,0.0020745197494229,0.0305188886082205,0.002139824824895,11.37232270136952,11.364218891304931,-0.008103810064588,0.195,0.195,0.0,-10.353060375527305,-10.34274329951068,-0.0103170760166229,0.195,1.0,0.005,0.0,0.6539890522437563,0.014623639773577,0.6537771272742381,0.0387414973186179,0.2428325705124984,0.2399915810904676,0.016969967441675,0.6540486633506455,9.950364698079496e-05,0.0001521349290296,0.0054912579943986,0.0043807911113243,0.0054912579943986,0.3896784356294622,3.767914876487232,1.2432549850449512,3.012005176968392,0.01
3,spectral,"0,1,2,3,4","5,6,7,8,9",500,200,200,80,32,0.2139824824895041,0.2118707060014346,0.0021117764880695,0.0131077724209871,0.002139824824895,11.37232270136952,11.366455938470525,-0.0058667628989947,0.195,0.195,0.0,-10.353060375527305,-10.347142872053588,-0.0059175034737162,0.195,1.0,0.005,0.0,0.4679807389533902,0.0104643674446036,0.4675232275882953,0.0618935589191919,0.1516846606626423,0.1553235971266627,0.010983036880655,0.4680151897002846,0.0011519796419707,0.0024614150722511,0.0148068855709747,0.0022847520461067,0.0022847520461067,0.9365676369745736,3.767914876487232,1.2432549850449512,3.012005176968392,0.01
4,frobenius,"0,1,2,3,4","5,6,7,8,9",500,200,200,80,32,0.1633334870222295,0.1617141787102031,0.0016193083120264,0.0085876806107542,0.0016333348702222,10.934794569161618,10.936607248536529,0.0018126793749111,0.2,0.2,0.0,-9.865803665958133,-9.869355747449456,0.0035520814913247,0.2,1.0,0.005,0.0,0.3451471344021667,0.007717724547625,0.3450774174729125,0.0460588767272278,0.1707507279522056,0.1742834299159642,0.0123236995142028,0.3451408992112205,1.1263923824479332e-05,3.263572601862521e-05,0.0025580635345259,0.0023296747965219,0.0025580635345259,0.6385044187438441,2.3880428582092135,1.2426356079578669,1.913624763641378,0.01
4,spectral,"0,1,2,3,4","5,6,7,8,9",500,200,200,80,32,0.1633334870222295,0.1617107473612969,0.0016227396609325,0.006486856726637,0.0016333348702222,10.934794569161618,10.93529079349938,0.0004962243377626,0.2,0.2,0.0,-9.865803665958133,-9.86799541306172,0.0021917471035877,0.2,1.0,0.005,0.0,0.2643936053959336,0.0059120207448156,0.2635775410577496,0.0604911213270566,0.1377635354945037,0.1439513163688865,0.0101788951965169,0.2644072129836051,8.496769510389771e-05,0.000321351653554,0.0088443885101496,0.0013647187754823,0.0013647187754823,1.196828899525495,2.3880428582092135,1.2426356079578669,1.913624763641378,0.01
5,frobenius,"0,1,2,3,4","5,6,7,8,9",500,200,200,80,32,0.094119196956149,0.0931854103133299,0.0009337866428191,0.007868030095713,0.0009411919695614,12.176572461421912,12.180018658820762,0.0034461973988495,0.19,0.19,0.0,-11.177556862982527,-11.184349303084868,0.0067924401023393,0.19,1.0,0.01,0.0,0.337498429787712,0.0075466943130476,0.337494172286341,0.0244558703437037,0.1531912620400327,0.1608639220227991,0.0113747970110585,0.337497546503228,1.011228451206097e-05,2.9962542296479338e-05,0.0025022805786076,0.0021918646850864,0.0025022805786076,0.3761336668668846,3.4616140268261626,1.235244288640418,2.779311788202929,0.01
5,spectral,"0,1,2,3,4","5,6,7,8,9",500,200,200,80,32,0.094119196956149,0.0931840447607796,0.0009351521953693,0.0064171544036041,0.0009411919695614,12.176572461421912,12.179357834609128,0.0027853731872156,0.19,0.19,0.0,-11.177556862982527,-11.183233850709152,0.0056769877266233,0.19,1.0,0.005,0.0,0.2355827125871113,0.0052677895966857,0.2355028070211633,0.039684221891687,0.1164405622891996,0.1311602283281092,0.0092744286872781,0.2355770553129552,6.0610834807398594e-05,0.000257286664556,0.0074100781308306,0.001143399879068,0.001143399879068,0.8231520632385043,3.4616140268261626,1.235244288640418,2.779311788202929,0.01
6,frobenius,"0,1,2,3,4","5,6,7,8,9",500,200,200,80,32,0.1419396145581634,0.1405318265547113,0.001407788003452,0.0081782257657267,0.0014193961455816,11.464374371250493,11.464034955708629,-0.0003394155418643,0.19,0.19,0.0,-10.452985597780057,-10.453118190521478,0.000132592741421,0.19,1.0,0.01,0.0,0.2654724210369318,0.0059361437959002,0.2654548523037676,0.0163458890511668,0.1173719837885255,0.117585045832972,0.0083145183274625,0.2654729106709578,3.042937881143745e-06,1.1462329144819355e-05,0.0018291152109391,0.0017113459934782,0.0018291152109391,0.7760014990268526,2.301656995858925,1.230362606086305,1.86072929842807,0.01
6,spectral,"0,1,2,3,4","5,6,7,8,9",500,200,200,80,32,0.1419396145581634,0.1405290077300885,0.0014106068280748,0.0061922934863015,0.0014193961455816,11.464374371250493,11.463973097066935,-0.0004012741835559,0.19,0.19,0.0,-10.452985597780057,-10.453459337115849,0.0004737393357903,0.19,1.0,0.01,0.0,0.2062380372430073,0.0046116227082149,0.2061530374130636,0.0372694877641056,0.0927124656746491,0.0982603739740537,0.0069480576758979,0.2062435065395441,5.146897337360742e-05,0.0002495543944009,0.006651528665701,0.0010263531554865,0.0010263531554865,1.3829510222616856,2.301656995858925,1.230362606086305,1.86072929842807,0.01
7,frobenius,"0,1,2,3,4","5,6,7,8,9",500,200,200,80,32,0.0978575678847014,0.0968885022311368,0.0009690656535646,0.0097182318015319,0.000978575678847,12.198531688275327,12.199667463664063,0.0011357753887359,0.19,0.19,0.0,-11.235379752294689,-11.238022665672077,0.0026429133773859,0.19,1.0,0.0,0.0,0.3188634461685107,0.0071300034117263,0.3188441027150694,0.0390224005411324,0.1265980895545677,0.1294353354412899,0.0091524603415691,0.318866172160806,1.4991899190393278e-05,4.701627359465644e-05,0.0026017996572157,0.0021492510368346,0.0026017996572157,0.3761149234273587,3.694907423363549,1.2339769189352914,2.9802341764306206,0.01
7,spectral,"0,1,2,3,4","5,6,7,8,9",500,200,200,80,32,0.0978575678847014,0.0968859800932754,0.000971587791426,0.0071408758382128,0.000978575678847,12.198531688275327,12.199450641467898,0.0009189531925706,0.19,0.19,0.0,-11.235379752294689,-11.238188308986825,0.002808556692134,0.19,1.0,0.0,0.0,0.2357386418190694,0.0052712762803091,0.2355965860924504,0.0459800958686357,0.1125869389598429,0.1208256095293408,0.0085436607839194,0.2357419977509252,6.035713235268293e-05,0.0002560304609637,0.0073795773412206,0.0011386935050546,0.0011386935050546,0.8593846144753516,3.694907423363549,1.2339769189352914,2.9802341764306206,0.01
8,frobenius,"0,1,2,3,4","5,6,7,8,9",500,200,200,80,32,0.1839419293320564,0.1821204173505261,0.0018215119815303,0.0097353071457189,0.0018394192933205,11.68852313087508,11.68445800016572,-0.0040651307093586,0.19,0.19,0.0,-10.713790814248428,-10.711073126021974,-0.0027176882264541,0.19,1.0,0.0,0.0,0.5368882742942952,0.0120051867764459,0.5367700838397023,0.0809916044209057,0.1218913938507635,0.1268306786254508,0.0089682832918548,0.5369140166421228,3.9702099426497695e-05,7.394498596776422e-05,0.0040574447601547,0.0034302047141836,0.0040574447601547,0.453344260255661,3.048577377933989,1.2323668542525548,2.4734219969558975,0.01
8,spectral,"0,1,2,3,4","5,6,7,8,9",500,200,200,80,32,0.1839419293320564,0.1821176211192764,0.00182430821278,0.0082151364810753,0.0018394192933205,11.68852313087508,11.687058360154577,-0.0014647707205028,0.19,0.19,0.0,-10.713790814248428,-10.71431069230602,0.0005198780575916,0.19,1.0,0.0,0.0,0.3729271554127843,0.0083389047015861,0.3724050033500556,0.0832453765976766,0.1102377364309405,0.1272398089782368,0.0089972131765392,0.3729459239360376,0.0001520961918687,0.0004078237141285,0.0118569805970755,0.0018295718265642,0.0018295718265642,1.005382388717019,3.048577377933989,1.2323668542525548,2.4734219969558975,0.01
9,frobenius,"0,1,2,3,4","5,6,7,8,9",500,200,200,80,32,0.1292894677908474,0.1280099867378835,0.0012794810529638,0.0103748783050849,0.0012928946779084,11.775788464259584,11.77642629219729,0.0006378279377052,0.195,0.195,0.0,-10.648470990167068,-10.651602270555689,0.0031312803886187,0.195,1.0,0.0,0.0,0.3506809407381199,0.0078414642190401,0.3506484890441617,0.0551976319417276,0.1176301033831989,0.1368454107382601,0.0096764317907282,0.3506733965112161,1.8087650881356775e-05,5.157976356720363e-05,0.0027892123684433,0.0023843793858098,0.0027892123684433,0.4635339684192043,3.603759236203245,1.235594004113368,2.899009807917953,0.01
9,spectral,"0,1,2,3,4","5,6,7,8,9",500,200,200,80,32,0.1292894677908474,0.1280054866301092,0.0012839811607381,0.0068942330126256,0.0012928946779084,11.775788464259584,11.776303868883131,0.0005154046235489,0.195,0.195,0.0,-10.648470990167068,-10.651409385187565,0.0029383950204966,0.195,1.0,0.0,0.0,0.2289319685664092,0.0051190744393733,0.2288480245381952,0.0574682648811878,0.0904676602876485,0.1151151738308794,0.0081398720033283,0.2289246004339426,6.86551846540458e-05,0.0002999030446002,0.0078115179028871,0.0012053433807043,0.0012053433807043,1.0726359795936116,3.603759236203245,1.235594004113368,2.899009807917953,0.01
10,frobenius,"0,1,2,3,4","5,6,7,8,9",500,200,200,80,32,0.1505008044848245,0.1490166860008082,0.0014841184840163,0.013880032670517,0.0015050080448482,11.757396146541543,11.760115547852656,0.0027194013111113,0.185,0.185,0.0,-10.906409487102014,-10.913242441700676,0.0068329545986607,0.185,1.0,0.005,0.0,0.3647667651852345,0.0081564328288688,0.3647410407981733,0.0627453276620957,0.1655301681783049,0.1909634852431368,0.0135031575374439,0.3647512860917375,1.6862517156315875e-05,4.623017875274833e-05,0.0027290963770001,0.0025701693777127,0.0027290963770001,0.5514675324520951,2.9092876836213986,1.236805975447682,2.317769168102913,0.01
10,spectral,"0,1,2,3,4","5,6,7,8,9",500,200,200,80,32,0.1505008044848245,0.1490100170965107,0.0014907873883138,0.0094488907106545,0.0015050080448482,11.757396146541543,11.760479358271745,0.0030832117302015,0.185,0.185,0.0,-10.906409487102014,-10.912628657208831,0.0062191701068172,0.185,1.0,0.005,0.0,0.2759179217721148,0.0061697122929291,0.2757650111277754,0.0553708341404731,0.1440578191888153,0.1630466234114713,0.011529137306382,0.2759269138759053,0.0001000568225752,0.000362620743188,0.0094444354023287,0.0014573080210799,0.0014573080210799,1.032731600374365,2.9092876836213986,1.236805975447682,2.317769168102913,0.01
11,frobenius,"0,1,2,3,4","5,6,7,8,9",500,200,200,80,32,0.1507004097549547,0.1492115070328079,0.0014889027221468,0.0120114971367228,0.0015070040975495,12.336867973568353,12.33972466593154,0.0028566923631903,0.2,0.2,0.0,-11.442906104689582,-11.449751093229134,0.0068449885395516,0.2,1.0,0.005,0.0,0.419448425251579,0.0093791519191776,0.4194300938109863,0.0817484887854055,0.1655486970978799,0.1962232117109746,0.0138750763627033,0.419451748238365,1.1208546182158491e-05,2.672189644990805e-05,0.0030232195995909,0.0027554517479996,0.0030232195995909,0.4984765571622623,3.295597088971876,1.2321490716387244,2.6400486964944374,0.01
11,spectral,"0,1,2,3,4","5,6,7,8,9",500,200,200,80,32,0.1507004097549547,0.1492089427569293,0.0014914669980253,0.0103099252015686,0.0015070040975495,12.336867973568353,12.338378317357716,0.0015103437893646,0.2,0.2,0.0,-11.442906104689582,-11.44730274863594,0.0043966439463574,0.2,1.0,0.005,0.0,0.2936694210493704,0.0065666478837939,0.2934470454855742,0.0632074790271467,0.1390163477093436,0.1533752488061691,0.0108452678497016,0.2936995797594205,0.0001092093305477,0.0003718402683353,0.0096064525250965,0.0014823078058742,0.0014823078058742,1.0166607040571982,3.295597088971876,1.2321490716387244,2.6400486964944374,0.01
12,frobenius,"0,1,2,3,4","5,6,7,8,9",500,200,200,80,32,0.1023905815495899,0.101383440986079,0.0010071405635108,0.0163738224075809,0.0010239058154958,11.692237031888524,11.690549003053818,-0.0016880288347067,0.19,0.19,0.0,-10.682582505466309,-10.67946460797866,-0.00311789748765,0.19,1.0,0.0,0.0,0.2811393462585138,0.0062864668938388,0.2811349046656624,0.0112316395128915,0.078512611646266,0.077539727211629,0.0054828866922697,0.2811198166245314,2.094305440123968e-05,7.44986769439011e-05,0.0021179500886673,0.0019151165233432,0.0021179500886673,0.4834419002480612,2.0542654766128714,1.2364002624887285,1.6627484725339872,0.01
12,spectral,"0,1,2,3,4","5,6,7,8,9",500,200,200,80,32,0.1023905815495899,0.1013762831620182,0.0010142983875716,0.0093831168636996,0.0010239058154958,11.692237031888524,11.692262766857027,2.573496850288848e-05,0.19,0.19,0.0,-10.682582505466309,-10.682295168662677,-0.0002873368036322,0.19,1.0,0.0,0.0,0.2396208186821783,0.005358084393975,0.2395467350070023,0.0230664246992299,0.0711491609497665,0.0717653141591076,0.0050745740295887,0.2396177057648454,6.315948906673089e-05,0.0002635843994296,0.0074349416611803,0.0011472364050928,0.0011472364050928,0.8924976673949193,2.0542654766128714,1.2364002624887285,1.6627484725339872,0.01
13,frobenius,"0,1,2,3,4","5,6,7,8,9",500,200,200,80,32,0.2983265704719595,0.2953719021597553,0.0029546683122042,0.0095859354633255,0.0029832657047195,11.798497151250212,11.80166401514784,0.0031668638976274,0.175,0.175,0.0,-10.978011469887065,-10.984193229334997,0.0061817594479318,0.175,1.0,0.01,0.0,0.514556564788588,0.0115058345713605,0.5145474719371781,0.0768100510054366,0.1370747952062325,0.1675582688576398,0.0118481588153115,0.5145237036295536,5.816310031495296e-05,0.0001130426060153,0.0038618479466209,0.0032055408311939,0.0038618479466209,0.772496935652249,3.1275895819911073,1.2238854867405935,2.560102197792144,0.01
13,spectral,"0,1,2,3,4","5,6,7,8,9",500,200,200,80,32,0.2983265704719595,0.2953632340905386,0.0029633363814208,0.0066803715361954,0.0029832657047195,11.798497151250212,11.800878656650584,0.0023815054003719,0.175,0.175,0.0,-10.978011469887065,-10.982549131000274,0.0045376611132095,0.175,1.0,0.01,0.0,0.3629909074707471,0.0081167234431892,0.3628987052401954,0.0548088092403585,0.1071935871621133,0.128860824133237,0.0091118362573898,0.3629890294280462,0.0001468143280573,0.0004044594082876,0.01125510878303,0.0017367009894092,0.0017367009894092,1.7177773968645502,3.1275895819911073,1.2238854867405935,2.560102197792144,0.01
14,frobenius,"0,1,2,3,4","5,6,7,8,9",500,200,200,80,32,0.0876991205575151,0.0868401853817898,0.0008589351757253,0.020588609937065,0.0008769912055751,11.872463839575502,11.872515809345884,5.196977038224304e-05,0.17,0.175,-0.0049999999999999,-11.114137358697672,-11.114442904347518,0.0003055456498461,0.17,1.0,0.005,0.0,0.4147840625063816,0.0092748535974779,0.4147746101967517,0.0223666297621417,0.1489305057523677,0.1471290199563545,0.0104035927720469,0.4147714814918158,3.381635916424542e-05,8.153009710941922e-05,0.0029223850535723,0.0024726347997866,0.0029223850535723,0.3000943371589942,2.697432100300075,1.2206392561552022,2.2207234058691645,0.01
14,spectral,"0,1,2,3,4","5,6,7,8,9",500,200,200,80,32,0.0876991205575151,0.0868324055123603,0.0008667150451547,0.0117175182089076,0.0008769912055751,11.872463839575502,11.873828358539775,0.001364518964273,0.17,0.17,0.0,-11.114137358697672,-11.116369836558952,0.0022324778612805,0.17,1.0,0.0,0.0,0.3135330728621179,0.0070108126411409,0.3133932259933679,0.034271881362512,0.1224487178365617,0.1255304469841662,0.0088763430307882,0.3135242487081389,0.0001071926253114,0.0003418958047203,0.0090799084386814,0.0014010602894376,0.0014010602894376,0.6259482280574655,2.697432100300075,1.2206392561552022,2.2207234058691645,0.01
15,frobenius,"0,1,2,3,4","5,6,7,8,9",500,200,200,80,32,0.1577973256972249,0.1562378109552939,0.001559514741931,0.0116976095505183,0.0015779732569722,10.927135648976414,10.9257068325615,-0.0014288164149132,0.195,0.195,0.0,-9.951316310031515,-9.949011786023808,-0.0023045240077088,0.195,1.0,0.01,0.0,0.3293625282495506,0.0073647700240718,0.3293591770765187,0.0185442747208208,0.0716248713421369,0.0649448723088295,0.0045922959612867,0.3293413983563693,3.320181502354003e-05,0.000100812759007,0.00262697365313,0.0022935651419568,0.00262697365313,0.6006810365578327,2.4154291252369986,1.250537340054298,1.9317572508966507,0.01
15,spectral,"0,1,2,3,4","5,6,7,8,9",500,200,200,80,32,0.1577973256972249,0.1562311919903368,0.0015661337068881,0.0075030106066804,0.0015779732569722,10.927135648976414,10.927782827485125,0.0006471785087089,0.195,0.195,0.0,-9.951316310031515,-9.95277803250319,0.0014617224716744,0.195,1.0,0.015,0.0,0.2676438382689601,0.0059846981612835,0.2675577646736288,0.0512636582461423,0.0754022548405474,0.0835888159164891,0.0059106218565903,0.267647352212005,8.145074862367831e-05,0.0003043211447844,0.0085668809367241,0.0013218984272629,0.0013218984272629,1.193717478157187,2.4154291252369986,1.250537340054298,1.9317572508966507,0.01
16,frobenius,"0,1,2,3,4","5,6,7,8,9",500,200,200,80,32,0.2417549478807895,0.2393807638491207,0.0023741840316688,0.0179377702583656,0.0024175494788078,11.731373274577695,11.72306692857422,-0.0083063460034757,0.195,0.195,0.0,-10.830356084949033,-10.82273012169052,-0.007625963258512,0.195,1.0,0.0,0.0,0.639643000436356,0.0143028523030761,0.6396300080699838,0.1263887056594879,0.3104051678583387,0.3424387031644222,0.024214072914829,0.6396680438758652,4.738778160450805e-05,7.408183362948202e-05,0.0045880677741727,0.0038332180333387,0.0045880677741727,0.5269210477702185,2.8296840554752025,1.218539757297849,2.3326412864370143,0.01
16,spectral,"0,1,2,3,4","5,6,7,8,9",500,200,200,80,32,0.2417549478807895,0.2393663121321512,0.0023886357486382,0.0119599331567197,0.0024175494788078,11.731373274577695,11.725910618576208,-0.0054626560014874,0.195,0.195,0.0,-10.830356084949033,-10.826038265739689,-0.0043178192093442,0.195,1.0,0.0,0.0,0.472997548200137,0.0105765467096623,0.4727480601298812,0.116496627901584,0.2319771067757658,0.2551249140602281,0.0180400556781622,0.4730670689676237,0.0002094510238231,0.0004427512240078,0.0137512916117475,0.0021218703619982,0.0021218703619982,1.139348341965238,2.8296840554752025,1.218539757297849,2.3326412864370143,0.01
17,frobenius,"0,1,2,3,4","5,6,7,8,9",500,200,200,80,32,0.073734339230786,0.0730079938866014,0.0007263453441846,0.0149157749807464,0.0007373433923078,12.522970439816431,12.521001585711884,-0.0019688541045503,0.185,0.185,0.0,-11.696485415094276,-11.695113603233043,-0.0013718118612313,0.185,1.0,0.0,0.0,0.3601163710840461,0.0080524468555446,0.3601024413157717,0.0412589344094992,0.1913343216346903,0.1954775344018551,0.0138223490145178,0.360099940786568,1.6918344400161967e-05,4.698235818425059e-05,0.0024446584182388,0.0022007018466378,0.0024446584182388,0.3016140769633751,2.6035938389588633,1.226910617716242,2.1164312693596763,0.01
17,spectral,"0,1,2,3,4","5,6,7,8,9",500,200,200,80,32,0.073734339230786,0.0730038813418681,0.0007304578889179,0.0093382587567427,0.0007373433923078,12.522970439816431,12.522151589424285,-0.0008188503921484,0.185,0.185,0.0,-11.696485415094276,-11.696611960407072,0.0001265453127956,0.185,1.0,0.0,0.0,0.2632865309115563,0.0058872658067833,0.263037062705737,0.051300172717372,0.1345632307793599,0.1445403808391623,0.0102205483446657,0.2632771412845167,7.079362924270549e-05,0.0002688939453585,0.008050948034203,0.0012422882520482,0.0012422882520482,0.5935364768137756,2.6035938389588633,1.226910617716242,2.1164312693596763,0.01
18,frobenius,"0,1,2,3,4","5,6,7,8,9",500,200,200,80,32,0.0897640426724308,0.088879861444678,0.0008841812277527,0.0149939759517143,0.0008976404267243,12.644009652980168,12.643968925632068,-4.0727348100233485e-05,0.19,0.19,0.0,-11.804734173963972,-11.805997173095122,0.0012629991311499,0.19,1.0,0.005,0.0,0.3841648233807365,0.0085901865964352,0.3841245606414992,0.0423074273938443,0.141864812249461,0.1548664015433053,0.010950708270923,0.3841499867790392,1.7176498718220478e-05,4.471300093549215e-05,0.0025609824848868,0.0022413368858208,0.0025609824848868,0.3505062732843969,2.659963991737214,1.2244056024308054,2.1630811426276435,0.01
18,spectral,"0,1,2,3,4","5,6,7,8,9",500,200,200,80,32,0.0897640426724308,0.0888742670424388,0.0008897756299919,0.0087616338326448,0.0008976404267243,12.644009652980168,12.645595763990768,0.0015861110105994,0.19,0.19,0.0,-11.804734173963972,-11.808163956410771,0.0034297824467994,0.19,1.0,0.0,0.0,0.2795764948445118,0.0062515204738344,0.2792274183985115,0.0601294834527564,0.1013672073331728,0.124187181076783,0.0087813597875835,0.2795773115590836,7.587852105271719e-05,0.0002714044306012,0.0081658472713736,0.0012600175892517,0.0012600175892517,0.7124030921325114,2.659963991737214,1.2244056024308054,2.1630811426276435,0.01
19,frobenius,"0,1,2,3,4","5,6,7,8,9",500,200,200,80,32,0.0672170653037603,0.066549780523975,0.0006672847797853,0.0072687988238475,0.0006721706530376,11.278054653133577,11.275755723329883,-0.0022989298036932,0.19,0.19,0.0,-10.418679566630994,-10.415545314970752,-0.0031342516602421,0.19,1.0,0.0,0.0,0.2264423626154692,0.0050634051579384,0.22643749370806,0.0163460192467742,0.0877155237570734,0.0847548196914779,0.0059930707742087,0.2264345881236831,8.468687713305785e-06,3.740015067256429e-05,0.0017064503139373,0.0015412630336145,0.0017064503139373,0.3938999263838475,2.0136556666383503,1.2507317990413953,1.6103704161476633,0.01
19,spectral,"0,1,2,3,4","5,6,7,8,9",500,200,200,80,32,0.0672170653037603,0.0665488697595466,0.0006681955442136,0.0059138387044147,0.0006721706530376,11.278054653133577,11.27745810099842,-0.0005965521351551,0.19,0.19,0.0,-10.418679566630994,-10.418172630009954,-0.0005069366210399,0.19,1.0,0.0,0.0,0.1926873881044302,0.0043086209820839,0.192656501405955,0.0339460471264861,0.0606680429354882,0.0632395594664007,0.0044717121337941,0.1926860852678298,4.144721099114416e-05,0.0002151022526278,0.0061754162685793,0.0009528874176522,0.0009528874176522,0.7054040598980205,2.0136556666383503,1.2507317990413953,1.6103704161476633,0.01
0,frobenius,"0,1,2,3,4","5,6,7,8,9",500,200,200,80,32,0.0871984360909382,0.0854881420246923,0.0017102940662458,0.0193092084459795,0.0017439687218187,12.431107949501625,12.43868054223786,0.0075725927362366,0.19,0.19,0.0,-11.462027261065275,-11.47693551283603,0.0149082517707537,0.19,1.0,0.005,0.0,0.8181453361695901,0.0182942858714962,0.8178094778236289,0.1710298270273171,0.3696327107195373,0.4098955780910182,0.0289839942846539,0.8181496976769341,0.0002139505573268,0.0002615053919036,0.0057863922670123,0.0048321538051459,0.0057863922670123,0.301391375030165,3.5889209483632034,1.2303187324386262,2.912632676059121,0.02
0,spectral,"0,1,2,3,4","5,6,7,8,9",500,200,200,80,32,0.0871984360909382,0.0854786732986788,0.0017197627922594,0.0138797956961461,0.0017439687218187,12.431107949501625,12.437055070112072,0.0059471206104504,0.19,0.19,0.0,-11.462027261065275,-11.473279097682088,0.011251836616811,0.19,1.0,0.005,0.0,0.5411414286638543,0.0121002901993373,0.540276886317086,0.1331966324940336,0.2809566313281608,0.3110325405199916,0.0219933218571365,0.5411233542743399,0.0002874455350638,0.0005312014955432,0.0158916280109703,0.0024521314384441,0.0024521314384441,0.7112052374016691,3.5889209483632034,1.2303187324386262,2.912632676059121,0.02
1,frobenius,"0,1,2,3,4","5,6,7,8,9",500,200,200,80,32,0.1627348510792468,0.1595427012336545,0.0031921498455922,0.0192175110548947,0.0032546970215849,10.53344960455768,10.530299172325416,-0.0031504322322639,0.2,0.2,0.0,-9.405020229033603,-9.406148908637356,0.0011286796037541,0.2,1.0,0.01,0.0,0.8816589038143706,0.0197144924189688,0.8816104870806961,0.1898083121415667,0.2624747375120979,0.3131159476946976,0.0221406409912572,0.8815816997641361,0.000413672036202,0.0004692384566429,0.0082225002776146,0.0064173816843074,0.0082225002776146,0.3958281437150824,3.982654516143998,1.2527102728983852,3.1683379277825283,0.02
1,spectral,"0,1,2,3,4","5,6,7,8,9",500,200,200,80,32,0.1627348510792468,0.1595248225192613,0.0032100285599855,0.0137243071484581,0.0032546970215849,10.53344960455768,10.533306675761674,-0.0001429287960057,0.2,0.2,0.0,-9.405020229033603,-9.407933282794897,0.0029130537612918,0.2,1.0,0.005,0.0,0.6037472763091815,0.0135001995105767,0.6029308952095085,0.1706743540614268,0.2030097362050558,0.2572274601372212,0.0181887281370421,0.6035303418815972,0.003827128295987,0.0063412359419335,0.0212857118607455,0.0032844566464408,0.0032844566464408,0.9909392547810948,3.982654516143998,1.2527102728983852,3.1683379277825283,0.02
2,frobenius,"0,1,2,3,4","5,6,7,8,9",500,200,200,80,32,0.0712434204800017,0.0698486842173335,0.0013947362626682,0.0211473190989082,0.0014248684096,11.725707451088237,11.721798701653425,-0.003908749434812,0.2,0.2,0.0,-10.66165616108613,-10.65755923469859,-0.0040969263875396,0.2,1.0,0.005,0.0,0.405921966651342,0.009076691109928,0.4058951221326046,0.0374251881738014,0.164161770091967,0.1698173139382074,0.0120078974248591,0.4059134410840849,1.1855545357414436e-05,2.920707756252536e-05,0.0031662393892491,0.0027356137546643,0.0031662393892491,0.4500191660927863,2.354244468849263,1.2341678303753287,1.9119016182240869,0.02
2,spectral,"0,1,2,3,4","5,6,7,8,9",500,200,200,80,32,0.0712434204800017,0.069839864964051,0.0014035555159507,0.0149577978609708,0.0014248684096,11.725707451088237,11.722674729544156,-0.0030327215440806,0.2,0.2,0.0,-10.66165616108613,-10.659874212853854,-0.001781948232276,0.2,1.0,0.005,0.0,0.348429658605026,0.0077911240201788,0.3481658268900058,0.0679435815134757,0.1384804759901331,0.1605826839070714,0.0113549104731826,0.3484519226523319,0.0001212665513546,0.0003480151592551,0.0106752762880654,0.0016472308930193,0.0016472308930193,0.8650083091801691,2.354244468849263,1.2341678303753287,1.9119016182240869,0.02
3,frobenius,"0,1,2,3,4","5,6,7,8,9",500,200,200,80,32,0.2139824824895041,0.2099623812791275,0.0040201012103765,0.0606471231649158,0.00427964964979,11.37232270136952,11.35626216959798,-0.0160605317715383,0.195,0.195,0.0,-10.353060375527305,-10.33253140595748,-0.020528969569824,0.195,1.0,0.005,0.0,1.3078589016871116,0.0292446140915059,1.3074350131043948,0.0774759776614368,0.4856002560760498,0.4808587392757312,0.0340018475334683,1.308097326701291,0.0003980145879299,0.0003042698580644,0.0109825159887972,0.0087615822226487,0.0109825159887972,0.3896784356294622,3.767914876487232,1.2432549850449512,3.012005176968392,0.02
3,spectral,"0,1,2,3,4","5,6,7,8,9",500,200,200,80,32,0.2139824824895041,0.2098141540823583,0.0041683284071458,0.0260117653905917,0.00427964964979,11.37232270136952,11.360646811206378,-0.0116758901631417,0.195,0.195,0.0,-10.353060375527305,-10.34132728406614,-0.0117330914611635,0.195,1.0,0.005,0.0,0.9358717484602672,0.0209267284777874,0.9349555885901344,0.1237926013228257,0.3033301035953698,0.3102876813606322,0.0219406523608753,0.9360303794005692,0.0033671220247943,0.0035972358364593,0.0296137711419495,0.0045695040922135,0.0045695040922135,0.9365676369745736,3.767914876487232,1.2432549850449512,3.012005176968392,0.02
4,frobenius,"0,1,2,3,4","5,6,7,8,9",500,200,200,80,32,0.1633334870222295,0.160122846710537,0.0032106403116925,0.0171518498054367,0.0032666697404445,10.934794569161618,10.938493586397556,0.0036990172359381,0.2,0.2,0.0,-9.865803665958133,-9.872984940307894,0.0071812743497634,0.2,1.0,0.005,0.0,0.6903067396961282,0.0154357279528679,0.690167308357102,0.0921158324076572,0.3415092848379648,0.3496581205436226,0.0247245628133338,0.6902817984224411,4.505569529394807e-05,6.527145203150022e-05,0.0051161270690518,0.0046593495930439,0.0051161270690518,0.6385044187438441,2.3880428582092135,1.2426356079578669,1.913624763641378,0.02
4,spectral,"0,1,2,3,4","5,6,7,8,9",500,200,200,80,32,0.1633334870222295,0.1601091405956373,0.0032243464265921,0.0129561042943493,0.0032666697404445,10.934794569161618,10.935835026177385,0.0010404570157671,0.2,0.2,0.0,-9.865803665958133,-9.870263383689435,0.0044597177313043,0.2,1.0,0.005,0.0,0.5287619680312641,0.0118234770443447,0.5271309255146983,0.1209697087576035,0.2755201784059948,0.2883369847332652,0.0203885037171773,0.5288144259672102,0.0003732773488855,0.0007058758811332,0.0176887770202993,0.0027294375509646,0.0027294375509646,1.196828899525495,2.3880428582092135,1.2426356079578669,1.913624763641378,0.02
5,frobenius,"0,1,2,3,4","5,6,7,8,9",500,200,200,80,32,0.094119196956149,0.0922663715787218,0.0018528253774272,0.0157027273137218,0.0018823839391229,12.176572461421912,12.183526776273425,0.0069543148515105,0.19,0.19,0.0,-11.177556862982527,-11.191278196166,0.0137213331834704,0.19,1.0,0.01,0.0,0.674998626745735,0.0150934281412247,0.6749901117652861,0.0489146578397795,0.3063851285654768,0.3228360262237917,0.0228279543354161,0.674995093006456,4.044913803972291e-05,5.992508458033491e-05,0.0050045611572153,0.0043837293701728,0.0050045611572153,0.3761336668668846,3.4616140268261626,1.235244288640418,2.779311788202929,0.02
5,spectral,"0,1,2,3,4","5,6,7,8,9",500,200,200,80,32,0.094119196956149,0.0922608968020474,0.0018583001541015,0.0127943001004364,0.0018823839391229,12.176572461421912,12.1821775411764,0.0056050797544866,0.19,0.19,0.0,-11.177556862982527,-11.18904686412339,0.01149000114086,0.19,1.0,0.01,0.0,0.471176770638045,0.0105358328856549,0.4710171329603055,0.0793816956668873,0.2328818343220196,0.2623730183149836,0.0185525740450907,0.4711541106259104,0.0002424433392435,0.0005145733291417,0.0148201562616613,0.002286799758136,0.002286799758136,0.8231520632385043,3.4616140268261626,1.235244288640418,2.779311788202929,0.02
6,frobenius,"0,1,2,3,4","5,6,7,8,9",500,200,200,80,32,0.1419396145581634,0.1391471478266722,0.0027924667314911,0.0163187563303867,0.0028387922911632,11.464374371250493,11.46374513013117,-0.0006292411193236,0.19,0.19,0.0,-10.452985597780057,-10.453415912707204,0.0004303149271489,0.19,1.0,0.015,0.0,0.5309438628737592,0.0118722656962205,0.5309087253426231,0.0326911967781337,0.2347439749100995,0.2349987143567601,0.0166169184491785,0.5309458213419156,1.2171751530287708e-05,2.292465830039824e-05,0.0036582304218783,0.0034226919869564,0.0036582304218783,0.7760014990268526,2.301656995858925,1.230362606086305,1.86072929842807,0.02
6,spectral,"0,1,2,3,4","5,6,7,8,9",500,200,200,80,32,0.1419396145581634,0.1391358951135702,0.0028037194445931,0.0123548477566557,0.0028387922911632,11.464374371250493,11.463602249180104,-0.0007721220703889,0.19,0.19,0.0,-10.452985597780057,-10.45401350473238,0.0010279069523235,0.19,1.0,0.015,0.0,0.4124735159137826,0.0092231882050155,0.4123034655258309,0.0745286421247943,0.1854327871621603,0.1966861554764947,0.0139078114302941,0.4124870130790882,0.0003248771891872,0.0007876058612418,0.013303057331402,0.0020527063109731,0.0020527063109731,1.3829510222616856,2.301656995858925,1.230362606086305,1.86072929842807,0.02
7,frobenius,"0,1,2,3,4","5,6,7,8,9",500,200,200,80,32,0.0978575678847014,0.0959383636272231,0.0019192042574782,0.0193889450943863,0.001957151357694,12.198531688275327,12.200841648068351,0.0023099597930258,0.19,0.19,0.0,-11.235379752294689,-11.240665455683985,0.0052857033892959,0.19,1.0,0.0,0.0,0.637721441715583,0.0142598849438521,0.6376827544780227,0.0780439304125289,0.2532013917204072,0.2588747926909768,0.0183052121390051,0.637732344321612,5.996759675501795e-05,9.403254717903404e-05,0.0052035993144314,0.0042985020736693,0.0052035993144314,0.3761149234273587,3.694907423363549,1.2339769189352914,2.9802341764306206,0.02
7,spectral,"0,1,2,3,4","5,6,7,8,9",500,200,200,80,32,0.0978575678847014,0.0959282844505734,0.001929283434128,0.0142390231886927,0.001957151357694,12.198531688275327,12.20039856693402,0.0018668786586921,0.19,0.19,0.0,-11.235379752294689,-11.240996220309212,0.0056164680145229,0.19,1.0,0.0,0.0,0.4714706025862867,0.0105424031677572,0.4711868019756711,0.0919482808504933,0.2251864716934997,0.2416530162940214,0.0170874486515685,0.4714839955018504,0.0002414285294111,0.0005120609219283,0.0147591546824413,0.0022773870101093,0.0022773870101093,0.8593846144753516,3.694907423363549,1.2339769189352914,2.9802341764306206,0.02
8,frobenius,"0,1,2,3,4","5,6,7,8,9",500,200,200,80,32,0.1839419293320564,0.1803344477696353,0.0036074815624211,0.0193966173126322,0.0036788385866411,11.68852313087508,11.68044472762791,-0.0080784032471701,0.19,0.19,0.0,-10.713790814248428,-10.708381522725126,-0.0054092915233017,0.19,1.0,0.005,0.0,1.073725067296379,0.0240092223962023,1.073488675051074,0.1619630843165418,0.2437623364098246,0.2531456260679553,0.0179000988820365,1.0738280332842456,0.0001588083977006,0.0001478899719305,0.0081148895203095,0.0068604094283672,0.0081148895203095,0.453344260255661,3.048577377933989,1.2323668542525548,2.4734219969558975,0.02
8,spectral,"0,1,2,3,4","5,6,7,8,9",500,200,200,80,32,0.1839419293320564,0.1803233006516789,0.0036186286803774,0.0163665528795706,0.0036788385866411,11.68852313087508,11.685635980193892,-0.0028871506811878,0.19,0.19,0.0,-10.713790814248428,-10.714852309680818,0.0010614954323902,0.19,1.0,0.005,0.0,0.7458439903226963,0.0166775786297124,0.7447997716742004,0.1664462029196784,0.2204229475275943,0.2539608155655919,0.0179577414842096,0.7458918478720752,0.0010362371697166,0.0013892592775652,0.0237139611941511,0.0036591436531285,0.0036591436531285,1.005382388717019,3.048577377933989,1.2323668542525548,2.4734219969558975,0.02
9,frobenius,"0,1,2,3,4","5,6,7,8,9",500,200,200,80,32,0.1292894677908474,0.1267571591546018,0.0025323086362455,0.0206825507464655,0.0025857893558169,11.775788464259584,11.777116037640033,0.0013275733804469,0.195,0.195,0.0,-10.648470990167068,-10.65485462043172,0.0063836302646524,0.195,1.0,0.005,0.0,0.7013769714712825,0.0156832658606271,0.7013120694798799,0.1103966452007571,0.2352583798429458,0.2728005509073987,0.0192899119458047,0.7013467930224322,7.235060350753844e-05,0.0001031595271089,0.0055784247368867,0.0047687587716196,0.0055784247368867,0.4635339684192043,3.603759236203245,1.235594004113368,2.899009807917953,0.02
9,spectral,"0,1,2,3,4","5,6,7,8,9",500,200,200,80,32,0.1292894677908474,0.1267392313302428,0.0025502364606046,0.0137493393003374,0.0025857893558169,11.775788464259584,11.77684705976681,0.0010585955072262,0.195,0.195,0.0,-10.648470990167068,-10.654345791175926,0.0058748010088578,0.195,1.0,0.005,0.0,0.4578790413397199,0.0102384866190804,0.4577110574102427,0.1149404111488645,0.1809156565785059,0.2302112713194702,0.0162783951055573,0.4578492008678852,0.000286609486177,0.0006259910154561,0.0156230358057742,0.0024106867614086,0.0024106867614086,1.0726359795936116,3.603759236203245,1.235594004113368,2.899009807917953,0.02
10,frobenius,"0,1,2,3,4","5,6,7,8,9",500,200,200,80,32,0.1505008044848245,0.1475740686825761,0.0029267358022484,0.0276677216886376,0.0030100160896964,11.757396146541543,11.762913664854434,0.0055175183128906,0.185,0.185,0.0,-10.906409487102014,-10.920220032619836,0.0138105455178223,0.185,1.0,0.01,0.0,0.72956448880277,0.0163135579093287,0.7295130422119851,0.1254965339505485,0.3310748848937251,0.3830753648784793,0.0270875188211083,0.7295025721834751,6.745006862223982e-05,9.24603575013518e-05,0.0054581927540003,0.0051403387554255,0.0054581927540003,0.5514675324520951,2.9092876836213986,1.236805975447682,2.317769168102913,0.02
10,spectral,"0,1,2,3,4","5,6,7,8,9",500,200,200,80,32,0.1505008044848245,0.1475474964549571,0.0029533080298674,0.018839786279949,0.0030100160896964,11.757396146541543,11.763613347579737,0.0062172010381917,0.185,0.185,0.0,-10.906409487102014,-10.918959757197612,0.0125502700955983,0.185,1.0,0.005,0.0,0.5518179313206157,0.012339024056362,0.5515124920628163,0.1107637714065623,0.2881035620431395,0.3268629372927933,0.0231126999478287,0.5518538277518107,0.0004002272903103,0.0007252414863928,0.0188888708046574,0.0029146160421598,0.0029146160421598,1.032731600374365,2.9092876836213986,1.236805975447682,2.317769168102913,0.02
11,frobenius,"0,1,2,3,4","5,6,7,8,9",500,200,200,80,32,0.1507004097549547,0.147758417447481,0.0029419923074736,0.0238937265474277,0.003014008195099,12.336867973568353,12.34266809873846,0.0058001251701078,0.2,0.2,0.0,-11.442906104689582,-11.456650135245956,0.0137440305563725,0.2,1.0,0.01,0.0,0.838890205075978,0.0187581552420862,0.8388535419043479,0.1634981605886694,0.3310902203724074,0.3927613603393021,0.0277724221283973,0.8389034964767301,4.483418475032232e-05,5.344379292566931e-05,0.0060464391991818,0.0055109034959993,0.0060464391991818,0.4984765571622623,3.295597088971876,1.2321490716387244,2.6400486964944374,0.02
11,spectral,"0,1,2,3,4","5,6,7,8,9",500,200,200,80,32,0.1507004097549547,0.1477482371281351,0.0029521726268195,0.0205160584433943,0.003014008195099,12.336867973568353,12.339943346059664,0.0030753724913132,0.2,0.2,0.0,-11.442906104689582,-11.45174339814904,0.0088372934594591,0.2,1.0,0.01,0.0,0.5872870176062449,0.0131321369367067,0.5868426019201887,0.1264333010137625,0.2779846327435591,0.3065864364542414,0.0216789348236612,0.5873991595188411,0.0011679880917689,0.0019884061337876,0.0192129050501931,0.0029646156117484,0.0029646156117484,1.0166607040571982,3.295597088971876,1.2321490716387244,2.6400486964944374,0.02
12,frobenius,"0,1,2,3,4","5,6,7,8,9",500,200,200,80,32,0.1023905815495899,0.1004097184529045,0.0019808630966853,0.0326927209969958,0.0020478116309917,11.692237031888524,11.688894341268368,-0.0033426906201565,0.19,0.19,0.0,-10.682582505466309,-10.67634607910204,-0.0062364263642678,0.19,1.0,0.0,0.0,0.5623177521919284,0.0125738071885603,0.5623088696232779,0.0224633954261183,0.1570374119235126,0.1550915020240524,0.0109666252785614,0.5622396332490628,8.377221761112742e-05,0.0001489973538987,0.0042359001773347,0.0038302330466865,0.0042359001773347,0.4834419002480612,2.0542654766128714,1.2364002624887285,1.6627484725339872,0.02
12,spectral,"0,1,2,3,4","5,6,7,8,9",500,200,200,80,32,0.1023905815495899,0.1003811345625749,0.002009446987015,0.0187344594571754,0.0020478116309917,11.692237031888524,11.692310970896497,7.393900797225683e-05,0.19,0.19,0.0,-10.682582505466309,-10.682007204954092,-0.0005753005122155,0.19,1.0,0.0,0.0,0.4792478964129945,0.0107163087445323,0.4790997171987707,0.0461401797961035,0.1422742502057047,0.1435065989467411,0.0101474489260258,0.4792354115296909,0.0002526379562643,0.0005271687988539,0.0148698833223606,0.0022944728101856,0.0022944728101856,0.8924976673949193,2.0542654766128714,1.2364002624887285,1.6627484725339872,0.02
13,frobenius,"0,1,2,3,4","5,6,7,8,9",500,200,200,80,32,0.2983265704719595,0.2924741785712781,0.0058523919006813,0.019129960260881,0.0059665314094391,11.798497151250212,11.804924886317153,0.0064277350669392,0.175,0.175,0.0,-10.978011469887065,-10.990539870199663,0.0125284003125987,0.175,1.0,0.01,0.0,1.029178860846408,0.0230131389385836,1.0291606763050871,0.1536269167120639,0.2741423483003943,0.3365037096557846,0.0237944054992034,1.0290474072591071,0.0002326524012652,0.0002260852120359,0.0077236958932418,0.0064110816623878,0.0077236958932418,0.772496935652249,3.1275895819911073,1.2238854867405935,2.560102197792144,0.02
13,spectral,"0,1,2,3,4","5,6,7,8,9",500,200,200,80,32,0.2983265704719595,0.2924395574764284,0.005887012995531,0.0133274105927471,0.0059665314094391,11.798497151250212,11.803305788943996,0.0048086376937828,0.175,0.175,0.0,-10.978011469887065,-10.987263519617557,0.0092520497304899,0.175,1.0,0.01,0.0,0.7259980678081395,0.016233810311525,0.725813745983349,0.1096158123248989,0.2143563530418367,0.2587832968484667,0.0182987424059362,0.7259780588560925,0.0008612401417094,0.0011863170397553,0.02251021756606,0.0034734019788185,0.0034734019788185,1.7177773968645502,3.1275895819911073,1.2238854867405935,2.560102197792144,0.02
14,frobenius,"0,1,2,3,4","5,6,7,8,9",500,200,200,80,32,0.0876991205575151,0.0860170775765476,0.0016820429809675,0.0410149096851955,0.0017539824111503,11.872463839575502,11.872665482594456,0.0002016430189524,0.17,0.175,-0.0049999999999999,-11.114137358697672,-11.114769626823936,0.0006322681262638,0.17,0.9705882352941176,0.005,0.0,0.8295932917924772,0.0185502699412579,0.8295743877467265,0.0447337130924377,0.2978717441845154,0.2937708663613068,0.0207727371719127,0.8295429629836316,0.0001352654366508,0.0001630601942114,0.0058447701071447,0.0049452695995732,0.0058447701071447,0.3000943371589942,2.697432100300075,1.2206392561552022,2.2207234058691645,0.02
14,spectral,"0,1,2,3,4","5,6,7,8,9",500,200,200,80,32,0.0876991205575151,0.0859860639810332,0.0017130565764818,0.0233330929707534,0.0017539824111503,11.872463839575502,11.875247951970412,0.0027841123949094,0.17,0.175,-0.0049999999999999,-11.114137358697672,-11.118600202541083,0.0044628438434113,0.17,0.9705882352941176,0.005,0.0,0.627141328534006,0.0140233064210156,0.6268611056746296,0.068698482577566,0.244900221116295,0.2510613613502189,0.0177527191104665,0.6270484974162779,0.002072025306276,0.0033044099695856,0.0181598168773628,0.0028021205788752,0.0028021205788752,0.6259482280574655,2.697432100300075,1.2206392561552022,2.2207234058691645,0.02
15,frobenius,"0,1,2,3,4","5,6,7,8,9",500,200,200,80,32,0.1577973256972249,0.1547150882966461,0.0030822374005788,0.0233556281895174,0.0031559465139444,10.927135648976414,10.92430791037277,-0.0028277386036439,0.195,0.195,0.0,-9.951316310031515,-9.946753765559857,-0.0045625444716606,0.195,1.0,0.01,0.0,0.6587673202680042,0.0147304850947463,0.6587606183519403,0.0370899455876145,0.1432536930264898,0.1294160473575353,0.0091510964680872,0.6586827967127385,0.000132807260096,0.0002016255180169,0.00525394730626,0.0045871302839137,0.00525394730626,0.6006810365578327,2.4154291252369986,1.250537340054298,1.9317572508966507,0.02
15,spectral,"0,1,2,3,4","5,6,7,8,9",500,200,200,80,32,0.1577973256972249,0.1546886548994144,0.0031086707978105,0.0149798850915452,0.0031559465139444,10.927135648976414,10.928457163253436,0.0013215142770235,0.195,0.195,0.0,-9.951316310031515,-9.954316610160497,0.0030003001289813,0.195,1.0,0.015,0.0,0.5353066125836148,0.011969819745421,0.5351349866794495,0.1025467914273702,0.1507981180932617,0.1677850191886899,0.0118641924849837,0.53529470442401,0.0007890045717674,0.0014739629688966,0.0171337618734483,0.0026437968545258,0.0026437968545258,1.193717478157187,2.4154291252369986,1.250537340054298,1.9317572508966507,0.02
16,frobenius,"0,1,2,3,4","5,6,7,8,9",500,200,200,80,32,0.2417549478807895,0.237092426620227,0.0046625212605624,0.0356926918282554,0.0048350989576157,11.731373274577695,11.71495426240888,-0.0164190121688143,0.195,0.195,0.0,-10.830356084949033,-10.81516539682205,-0.0151906881269816,0.195,1.0,0.01,0.0,1.2792359190542884,0.028604584742648,1.279209933304227,0.2527676406977855,0.620790776473564,0.6839759555287215,0.0483644036322907,1.2793360877517304,0.0001895511264241,0.0001481636672637,0.0091761355483455,0.0076664360666775,0.0091761355483455,0.5269210477702185,2.8296840554752025,1.218539757297849,2.3326412864370143,0.02
16,spectral,"0,1,2,3,4","5,6,7,8,9",500,200,200,80,32,0.2417549478807895,0.2370351039762147,0.0047198439045747,0.0238371652889284,0.0048350989576157,11.731373274577695,11.720555017771044,-0.010818256806651,0.195,0.195,0.0,-10.830356084949033,-10.821722937236434,-0.0086331477125973,0.195,1.0,0.0,0.0,0.9458562199500268,0.0211499880474925,0.945357546336043,0.2329588906330355,0.4639584145159352,0.5102418972581929,0.0360795505596757,0.9461341379352474,0.0008378040952825,0.0008855024480047,0.027502583223495,0.0042437407239965,0.0042437407239965,1.139348341965238,2.8296840554752025,1.218539757297849,2.3326412864370143,0.02
17,frobenius,"0,1,2,3,4","5,6,7,8,9",500,200,200,80,32,0.073734339230786,0.0723035057751326,0.0014308334556533,0.0297373851992253,0.0014746867846157,12.522970439816431,12.519097865383324,-0.0038725744331102,0.185,0.185,0.0,-11.696485415094276,-11.693853972356068,-0.0026314427382096,0.185,1.0,0.0,0.0,0.720265602853418,0.016105628498351,0.7202377445879545,0.0825213673439822,0.3826860302968972,0.3917014397238564,0.0276974744229272,0.7201998815731361,6.767337758420614e-05,9.396471634567178e-05,0.0048893168364777,0.0044014036932756,0.0048893168364777,0.3016140769633751,2.6035938389588633,1.226910617716242,2.1164312693596763,0.02
17,spectral,"0,1,2,3,4","5,6,7,8,9",500,200,200,80,32,0.073734339230786,0.0722870921643922,0.0014472470663937,0.018607150011931,0.0014746867846157,12.522970439816431,12.521366982526509,-0.0016034572899243,0.185,0.185,0.0,-11.696485415094276,-11.696757727346323,0.0002723122520471,0.185,1.0,0.0,0.0,0.526591878476732,0.0117749523667328,0.5260931692128543,0.1025978403999925,0.2691660556934642,0.2893615916103743,0.0204609543642628,0.5265542825690335,0.0002831745169693,0.0005377878907142,0.016101896068406,0.0024845765040964,0.0024845765040964,0.5935364768137756,2.6035938389588633,1.226910617716242,2.1164312693596763,0.02
18,frobenius,"0,1,2,3,4","5,6,7,8,9",500,200,200,80,32,0.0897640426724308,0.0880224233607591,0.0017416193116716,0.0298903325760209,0.0017952808534486,12.644009652980168,12.643988251268848,-2.1401711320478967e-05,0.19,0.19,0.0,-11.804734173963972,-11.807327493947373,0.0025933199834007,0.19,1.0,0.005,0.0,0.7683593203548313,0.0171810367145894,0.7682787979865306,0.0846162538973247,0.2837395204575643,0.3101617759757838,0.0219317495057339,0.7682999735580784,6.870599487372839e-05,8.942600187208606e-05,0.0051219649697737,0.0044826737716416,0.0051219649697737,0.3505062732843969,2.659963991737214,1.2244056024308054,2.1630811426276435,0.02
18,spectral,"0,1,2,3,4","5,6,7,8,9",500,200,200,80,32,0.0897640426724308,0.0880001164386643,0.0017639262337664,0.0174650220448595,0.0017952808534486,12.644009652980168,12.647217258698875,0.0032076057187087,0.19,0.19,0.0,-11.804734173963972,-11.811688774341558,0.0069546003775862,0.19,1.0,0.01,0.0,0.5591513974428982,0.0125030053439632,0.5584542346158928,0.1202379278576995,0.2027241423086307,0.2474070726187166,0.0174943218762207,0.5591546231181673,0.0003035140842174,0.0005428088612142,0.0163316945427473,0.0025200351785035,0.0025200351785035,0.7124030921325114,2.659963991737214,1.2244056024308054,2.1630811426276435,0.02
19,frobenius,"0,1,2,3,4","5,6,7,8,9",500,200,200,80,32,0.0672170653037603,0.06589222076052,0.0013248445432403,0.0145028370003811,0.0013443413060752,11.278054653133577,11.273475720997252,-0.004578932136324,0.19,0.19,0.0,-10.418679566630994,-10.412427572282557,-0.0062519943484371,0.19,1.0,0.0,0.0,0.4529002743140838,0.0101271580039459,0.452890536833593,0.0326923306153696,0.1754379232222311,0.169413386255995,0.0119793354245389,0.4528691762473663,3.3874750837664674e-05,7.480030131077325e-05,0.0034129006278746,0.003082526067229,0.0034129006278746,0.3938999263838475,2.0136556666383503,1.2507317990413953,1.6103704161476633,0.02
19,spectral,"0,1,2,3,4","5,6,7,8,9",500,200,200,80,32,0.0672170653037603,0.0658885816113568,0.0013284836924035,0.0117958241705458,0.0013443413060752,11.278054653133577,11.276874371135872,-0.0011802819977031,0.19,0.19,0.0,-10.418679566630994,-10.417665978694249,-0.0010135879367467,0.19,1.0,0.0,0.0,0.3853773996949775,0.0086173006271007,0.3853156155565149,0.0678839777373752,0.1213366153179807,0.1264669782823441,0.0089425657939617,0.3853721705356597,0.0001657888439608,0.0004302045052458,0.0123508325371587,0.0019057748353044,0.0019057748353044,0.7054040598980205,2.0136556666383503,1.2507317990413953,1.6103704161476633,0.02
0,frobenius,"0,1,2,3,4","5,6,7,8,9",500,200,200,80,32,0.0871984360909382,0.0838434607589241,0.0033549753320141,0.0381205551337865,0.0034879374436375,12.431107949501625,12.44660970687482,0.0155017573731957,0.19,0.19,0.0,-11.462027261065275,-11.49276373301148,0.0307364719462039,0.19,1.0,0.02,0.0,1.636230363635133,0.0365872231993735,1.635559319983964,0.3421132934880642,0.7392718706011722,0.8163505118471255,0.0577246982752211,1.6362993953538685,0.0023897935742011,0.0014604867428214,0.0115727845340246,0.0096643076102919,0.0115727845340246,0.301391375030165,3.5889209483632034,1.2303187324386262,2.912632676059121,0.04
0,spectral,"0,1,2,3,4","5,6,7,8,9",500,200,200,80,32,0.0871984360909382,0.0838062856326151,0.0033921504583231,0.0274623575858908,0.0034879374436375,12.431107949501625,12.44318881914736,0.0120808696457377,0.19,0.19,0.0,-11.462027261065275,-11.484929857678871,0.0229025966135942,0.19,1.0,0.015,0.0,1.0822736079893645,0.0242003735771817,1.0805445284121555,0.2664218723052059,0.5619816668213148,0.6218736754745317,0.0439731092969443,1.0822467085486798,0.0020161278543982,0.0018629096660427,0.0317832560219407,0.0049042628768882,0.0049042628768882,0.7112052374016691,3.5889209483632034,1.2303187324386262,2.912632676059121,0.04
1,frobenius,"0,1,2,3,4","5,6,7,8,9",500,200,200,80,32,0.1627348510792468,0.1564725841541005,0.0062622669251463,0.0379646886307135,0.0065093940431698,10.53344960455768,10.527364813550758,-0.0060847910069217,0.2,0.2,0.0,-9.405020229033603,-9.40766994280514,0.0026497137715377,0.2,1.0,0.025,0.0,1.763482103986755,0.0394326586161873,1.7633852602112092,0.3795637626323215,0.5249512579146968,0.6261315695477603,0.0442741878742197,1.7631633995282725,0.0019461789365794,0.0011037995327603,0.0164450005552292,0.0128347633686149,0.0164450005552292,0.3958281437150824,3.982654516143998,1.2527102728983852,3.1683379277825283,0.04
1,spectral,"0,1,2,3,4","5,6,7,8,9",500,200,200,80,32,0.1627348510792468,0.156402804408011,0.0063320466712358,0.0272448358108133,0.0065093940431698,10.53344960455768,10.533289322705077,-0.0001602818526027,0.2,0.2,0.0,-9.405020229033603,-9.411084538741031,0.0060643097074297,0.2,1.0,0.02,0.0,1.2076862188017872,0.0270046848073048,1.206055643355256,0.3413263773081899,0.4060767348356103,0.5152926311366872,0.0364366913772209,1.2070606837631943,0.0091807273049555,0.0076058539793817,0.0425714237214911,0.0065689132928817,0.0065689132928817,0.9909392547810948,3.982654516143998,1.2527102728983852,3.1683379277825283,0.04
2,frobenius,"0,1,2,3,4","5,6,7,8,9",500,200,200,80,32,0.0712434204800017,0.068513326541709,0.0027300939382927,0.0419838351742562,0.0028497368192,11.725707451088237,11.71795864951048,-0.0077488015777582,0.2,0.195,0.005,-10.66165616108613,-10.65348422416405,-0.0081719369220802,0.2,0.975,0.01,0.025,0.8118609847715897,0.0181537635022919,0.8118072968618166,0.0748527851269354,0.3283309080221569,0.3401999828770286,0.0240557714851894,0.8118268821681699,4.742218142940997e-05,5.841415512474551e-05,0.0063324787784982,0.0054712275093286,0.0063324787784982,0.4500191660927863,2.354244468849263,1.2341678303753287,1.9119016182240869,0.04
2,spectral,"0,1,2,3,4","5,6,7,8,9",500,200,200,80,32,0.0712434204800017,0.0684783907427339,0.0027650297372678,0.0297245280201054,0.0028497368192,11.725707451088237,11.719688540425269,-0.0060189106629682,0.2,0.195,0.005,-10.66165616108613,-10.658115209379025,-0.0035409517071052,0.2,0.975,0.01,0.025,0.6968148706859623,0.0155812541858653,0.6962875233185795,0.1358795901270464,0.276956865777034,0.3216260563578617,0.022742396545693,0.6969038453046639,0.0004850662054368,0.0006960303185366,0.0213505525761308,0.0032944617860387,0.0032944617860387,0.8650083091801691,2.354244468849263,1.2341678303753287,1.9119016182240869,0.04
3,frobenius,"0,1,2,3,4","5,6,7,8,9",500,200,200,80,32,0.2139824824895041,0.2064485979273032,0.0075338845622009,0.1198012479163476,0.0085592992995801,11.37232270136952,11.340798307477623,-0.031524393891896,0.195,0.195,0.0,-10.353060375527305,-10.31239589942786,-0.0406644760994439,0.195,1.0,0.02,0.0,2.61524110869541,0.0584785689659485,2.614393176950756,0.1549238881217543,0.9709409903738756,0.960527294284692,0.0679195363303472,2.616194653402582,0.0015920583517193,0.0006085397161288,0.0219650319775945,0.0175231644452975,0.0219650319775945,0.3896784356294622,3.767914876487232,1.2432549850449512,3.012005176968392,0.04
3,spectral,"0,1,2,3,4","5,6,7,8,9",500,200,200,80,32,0.2139824824895041,0.2058629381774275,0.0081195443120766,0.0513774518347683,0.0085592992995801,11.37232270136952,11.349204596848873,-0.0231181045206483,0.195,0.195,0.0,-10.353060375527305,-10.329840799772496,-0.0232195757548066,0.195,1.0,0.015,0.0,1.8713299029478188,0.041844208713194,1.8694885580592333,0.2476322892231573,0.6064656231171227,0.6189870336611955,0.0437689928968377,1.8720607588011384,0.0083698180382818,0.0044709115336843,0.0592275422838991,0.009139008184427,0.009139008184427,0.9365676369745736,3.767914876487232,1.2432549850449512,3.012005176968392,0.04
4,frobenius,"0,1,2,3,4","5,6,7,8,9",500,200,200,80,32,0.1633334870222295,0.1570236752278962,0.0063098117943333,0.0342133892184398,0.0065333394808891,10.934794569161618,10.94248829894878,0.0076937297871637,0.2,0.2,0.0,-9.865803665958133,-9.880694377488288,0.0148907115301568,0.2,1.0,0.02,0.0,1.380663366018663,0.030872571404614,1.3803845134186132,0.1842239806388213,0.6830498859219751,0.70064821782887,0.0495433106053063,1.3805635968448822,0.0001802227811626,0.0001305429040535,0.0102322541381036,0.0093186991860879,0.0102322541381036,0.6385044187438441,2.3880428582092135,1.2426356079578669,1.913624763641378,0.04
4,spectral,"0,1,2,3,4","5,6,7,8,9",500,200,200,80,32,0.1633334870222295,0.1569694246035203,0.0063640624187092,0.0259097300354783,0.0065333394808891,10.934794569161618,10.93706805535087,0.002273486189253,0.2,0.2,0.0,-9.865803665958133,-9.8749825359156,0.0091788699574699,0.2,1.0,0.01,0.0,1.0574286139972748,0.0236448226225129,1.054170971638676,0.2419138214421368,0.5510136367274329,0.5768013567317991,0.0407860150742655,1.0576288519344204,0.0018789001010142,0.0017765212225231,0.0353775540405986,0.0054588751019293,0.0054588751019293,1.196828899525495,2.3880428582092135,1.2426356079578669,1.913624763641378,0.04
5,frobenius,"0,1,2,3,4","5,6,7,8,9",500,200,200,80,32,0.094119196956149,0.0904721807831621,0.0036470161729869,0.0312772816458182,0.0037647678782459,12.176572461421912,12.190728392488465,0.0141559310665506,0.19,0.19,0.0,-11.177556862982527,-11.205145125154484,0.0275882621719549,0.19,1.0,0.015,0.0,1.3500043257808063,0.0301870144236465,1.349987295909126,0.0978409843018406,0.6127806758204539,0.6476384336017587,0.0457949528156837,1.349990186012912,0.0001617965521631,0.0001198501691638,0.0100091223144306,0.0087674587403457,0.0100091223144306,0.3761336668668846,3.4616140268261626,1.235244288640418,2.779311788202929,0.04
5,spectral,"0,1,2,3,4","5,6,7,8,9",500,200,200,80,32,0.094119196956149,0.0904501341856794,0.0036690627704695,0.0254212506246095,0.0037647678782459,12.176572461421912,12.187919690689704,0.0113472292677929,0.19,0.19,0.0,-11.177556862982527,-11.200673814086583,0.0231169511040558,0.19,1.0,0.01,0.0,0.9423991086066364,0.0210726846877964,0.9420805237073456,0.158816411443958,0.465766547043717,0.5259103044621092,0.0371874742581039,0.9423082212518208,0.0009697733569734,0.0010291466582825,0.0296403125233227,0.004573599516272,0.004573599516272,0.8231520632385043,3.4616140268261626,1.235244288640418,2.779311788202929,0.04
6,frobenius,"0,1,2,3,4","5,6,7,8,9",500,200,200,80,32,0.1419396145581634,0.1364464833877061,0.0054931311704572,0.0324880077424848,0.0056775845823265,11.464374371250493,11.463314695930684,-0.0010596753198086,0.19,0.19,0.0,-10.452985597780057,-10.45419122059466,0.0012056228146022,0.19,1.0,0.02,0.0,1.0618838093548446,0.0237444438192385,1.06181353403337,0.0653800682667017,0.4694879792502497,0.4709347784745839,0.0333001175355962,1.0618916426838312,4.868700611900699e-05,4.58493165987776e-05,0.0073164608437567,0.0068453839739129,0.0073164608437567,0.7760014990268526,2.301656995858925,1.230362606086305,1.86072929842807,0.04
6,spectral,"0,1,2,3,4","5,6,7,8,9",500,200,200,80,32,0.1419396145581634,0.1364016498243077,0.0055379647338556,0.0245914167277278,0.0056775845823265,11.464374371250493,11.462951879646724,-0.001422491603769,0.19,0.19,0.0,-10.452985597780057,-10.455268660343648,0.0022830625635901,0.19,1.0,0.015,0.0,0.8249304713255804,0.0184460061059493,0.8245899257199282,0.1490233820151387,0.3708961500414636,0.3941288943369735,0.027869121384723,0.8249740261581765,0.0017714766679346,0.0021473120507614,0.0266061146628041,0.0041054126219462,0.0041054126219462,1.3829510222616856,2.301656995858925,1.230362606086305,1.86072929842807,0.04
7,frobenius,"0,1,2,3,4","5,6,7,8,9",500,200,200,80,32,0.0978575678847014,0.0940943131479012,0.0037632547368002,0.0385887320349548,0.003914302715388,12.198531688275327,12.203305227626766,0.0047735393514383,0.19,0.19,0.0,-11.235379752294689,-11.245950665611383,0.0105709133166964,0.19,1.0,0.0,0.0,1.275421089124521,0.0285192825521924,1.27534371332715,0.1560843781899081,0.5064236348891719,0.5177660740552177,0.036611590203278,1.275464688643224,0.0002398703870207,0.0001880650943586,0.0104071986288628,0.0085970041473386,0.0104071986288628,0.3761149234273587,3.694907423363549,1.2339769189352914,2.9802341764306206,0.04
7,spectral,"0,1,2,3,4","5,6,7,8,9",500,200,200,80,32,0.0978575678847014,0.0940540716889875,0.0038034961957139,0.0283081120012777,0.003914302715388,12.198531688275327,12.20238119709494,0.0038495088196128,0.19,0.19,0.0,-11.235379752294689,-11.24661010684476,0.0112303545500704,0.19,1.0,0.0,0.0,0.942914665846756,0.0210842128981484,0.942348304536772,0.1838489432187453,0.4504233618336639,0.4833132760213491,0.0341754094912181,0.9429679910037008,0.0009657141176552,0.001024121843868,0.0295183093648826,0.0045547740202187,0.0045547740202187,0.8593846144753516,3.694907423363549,1.2339769189352914,2.9802341764306206,0.04
8,frobenius,"0,1,2,3,4","5,6,7,8,9",500,200,200,80,32,0.1839419293320564,0.1768675151598524,0.007074414172204,0.0384989711300272,0.0073576771732822,11.68852313087508,11.672573728684108,-0.0159494021909711,0.19,0.19,0.0,-10.713790814248428,-10.703455474866717,-0.0103353393817133,0.19,1.0,0.015,0.0,2.147353316547576,0.0480162798751,2.14688184253795,0.3238376521242779,0.4874622041512918,0.4970918214641823,0.0351496997829696,2.147656066568491,0.0027127541618353,0.0012631231806914,0.016229779040619,0.0137208188567345,0.016229779040619,0.453344260255661,3.048577377933989,1.2323668542525548,2.4734219969558975,0.04
8,spectral,"0,1,2,3,4","5,6,7,8,9",500,200,200,80,32,0.1839419293320564,0.1768275610481814,0.0071143682838749,0.0330687095501847,0.0073576771732822,11.68852313087508,11.682918561789435,-0.0056045690856443,0.19,0.19,0.0,-10.713790814248428,-10.716389353192172,0.0025985389437437,0.19,1.0,0.015,0.0,1.491639943589247,0.033354083118195,1.4895501667305162,0.3327247856026325,0.4406646388503056,0.4984503898127111,0.0352457650721646,1.4917836957441504,0.0051375108696293,0.0034438711753492,0.0474279223883023,0.0073182873062571,0.0073182873062571,1.005382388717019,3.048577377933989,1.2323668542525548,2.4734219969558975,0.04
9,frobenius,"0,1,2,3,4","5,6,7,8,9",500,200,200,80,32,0.1292894677908474,0.1243304349026078,0.0049590328882395,0.0410988278910225,0.0051715787116338,11.775788464259584,11.778651635873446,0.0028631716138622,0.195,0.195,0.0,-10.648470990167068,-10.66154071310194,0.0130697229348726,0.195,1.0,0.01,0.0,1.4028143121693957,0.0313678816182037,1.4026845137731396,0.2207988157296888,0.4705094572140727,0.5457320421357776,0.0385890827704991,1.4026935860448644,0.0002894024140296,0.0002063190542174,0.0111568494737734,0.0095375175432392,0.0111568494737734,0.4635339684192043,3.603759236203245,1.235594004113368,2.899009807917953,0.04
9,spectral,"0,1,2,3,4","5,6,7,8,9",500,200,200,80,32,0.1292894677908474,0.1242599819259872,0.0050294858648601,0.027475719639356,0.0051715787116338,11.775788464259584,11.778016701987138,0.0022282377275537,0.195,0.195,0.0,-10.648470990167068,-10.660381417541036,0.0119104273739694,0.195,1.0,0.005,0.0,0.9158206933818474,0.020478373256028,0.9154843760884304,0.2298888801680596,0.3617548014688567,0.4600926583445751,0.0325334638689594,0.9156984017357704,0.0011607017931754,0.0012675590467071,0.0312460716115485,0.0048213735228173,0.0048213735228173,1.0726359795936116,3.603759236203245,1.235594004113368,2.899009807917953,0.04
10,frobenius,"0,1,2,3,4","5,6,7,8,9",500,200,200,80,32,0.1505008044848245,0.1448116953979674,0.0056891090868571,0.0549703195389266,0.0060200321793929,11.757396146541543,11.768747467378052,0.0113513208365088,0.185,0.185,0.0,-10.906409487102014,-10.934772491912163,0.0283630048101493,0.185,1.0,0.02,0.0,1.4592528128063469,0.0326298848579276,1.4591499283571203,0.2510165824484847,0.662207964400775,0.7668085157428848,0.0542215501353385,1.4590051443669505,0.0002698002744867,0.0001849207150012,0.0109163855080007,0.0102806775108511,0.0109163855080007,0.5514675324520951,2.9092876836213986,1.236805975447682,2.317769168102913,0.04
10,spectral,"0,1,2,3,4","5,6,7,8,9",500,200,200,80,32,0.1505008044848245,0.1447062744232243,0.0057945300616002,0.0374586233217618,0.0060200321793929,11.757396146541543,11.770033862550326,0.0126377160087827,0.185,0.185,0.0,-10.906409487102014,-10.931952325420395,0.0255428383183815,0.185,1.0,0.02,0.0,1.1035646457065826,0.0246764556536538,1.102955287019559,0.2216159777429396,0.5761589119633711,0.6534156936049195,0.046203466788175,1.1037076555036214,0.0016009091612492,0.001450482972793,0.0377777416093149,0.0058292320843196,0.0058292320843196,1.032731600374365,2.9092876836213986,1.236805975447682,2.317769168102913,0.04
11,frobenius,"0,1,2,3,4","5,6,7,8,9",500,200,200,80,32,0.1507004097549547,0.1449573718798689,0.0057430378750857,0.047275670247989,0.0060280163901981,12.336867973568353,12.348814749999436,0.0119467764310847,0.2,0.195,0.005,-11.442906104689582,-11.471141421438874,0.0282353167492921,0.2,0.975,0.03,0.025,1.6777550425976824,0.0375157432484147,1.6776817218659512,0.327000980460205,0.6621495168786994,0.7841892276653462,0.0554505520615607,1.6778069929534605,0.0001995458078475,0.0001189325164846,0.0120928783983636,0.0110218069919986,0.0120928783983636,0.4984765571622623,3.295597088971876,1.2321490716387244,2.6400486964944374,0.04
11,spectral,"0,1,2,3,4","5,6,7,8,9",500,200,200,80,32,0.1507004097549547,0.1449259272941798,0.0057744824607748,0.0420592634478494,0.0060280163901981,12.336867973568353,12.343237309871265,0.006369336302912,0.2,0.2,0.0,-11.442906104689582,-11.461145945778174,0.018239841088592,0.2,1.0,0.02,0.0,1.17434082990324,0.0262590592441716,1.173452092811376,0.2529348102619008,0.5558570716825437,0.6102112134568494,0.043148448699141,1.1747983190376825,0.0035657590238839,0.0030352095045597,0.0384258101003863,0.0059292312234968,0.0059292312234968,1.0166607040571982,3.295597088971876,1.2321490716387244,2.6400486964944374,0.04
12,frobenius,"0,1,2,3,4","5,6,7,8,9",500,200,200,80,32,0.1023905815495899,0.0985618285790276,0.0038287529705623,0.0651598729547218,0.0040956232619835,11.692237031888524,11.685686930953034,-0.00655010093549,0.19,0.19,0.0,-10.682582505466309,-10.670186564551033,-0.0123959409152778,0.19,1.0,0.0,0.0,1.1247917455242686,0.0251511080352291,1.1247739828547054,0.0449272564572641,0.3141235800987915,0.310731714791616,0.0219720502658875,1.1244792664981256,0.0003350888704335,0.0002979947077878,0.0084718003546694,0.0076604660933731,0.0084718003546694,0.4834419002480612,2.0542654766128714,1.2364002624887285,1.6627484725339872,0.04
12,spectral,"0,1,2,3,4","5,6,7,8,9",500,200,200,80,32,0.1023905815495899,0.0984478910344355,0.0039426905151544,0.0373405308658859,0.0040956232619835,11.692237031888524,11.692475279848225,0.0002382479597002,0.19,0.19,0.0,-10.682582505466309,-10.681429396822075,-0.0011531086442317,0.19,1.0,0.0,0.0,0.9585210282938924,0.0214331817712814,0.9582246214879642,0.0923096972481802,0.2844523196745764,0.2869172019507498,0.0202881099138445,0.9584708230593818,0.0010105518250522,0.0010543375977024,0.0297397666447213,0.0045889456203713,0.0045889456203713,0.8924976673949193,2.0542654766128714,1.2364002624887285,1.6627484725339872,0.04
13,frobenius,"0,1,2,3,4","5,6,7,8,9",500,200,200,80,32,0.2983265704719595,0.2868480591705928,0.0114785113013666,0.0380917727838145,0.0119330628188783,11.798497151250212,11.811729800154945,0.0132326489047311,0.175,0.175,0.0,-10.978011469887065,-11.003353027910489,0.0253415580234221,0.175,1.0,0.01,0.0,2.0586695765696703,0.0460332511642049,2.0586333808689683,0.3072802764885738,0.5482541760957255,0.676282640588397,0.04782040411588,2.0580948145182143,0.0018932311632633,0.0009198950164531,0.0154473917864836,0.0128221633247757,0.0154473917864837,0.772496935652249,3.1275895819911073,1.2238854867405935,2.560102197792144,0.04
13,spectral,"0,1,2,3,4","5,6,7,8,9",500,200,200,80,32,0.2983265704719595,0.286710692851759,0.0116158776202004,0.0265803677976191,0.0119330628188783,11.798497151250212,11.808296883091929,0.0097997318417153,0.175,0.175,0.0,-10.978011469887065,-10.996831617147956,0.0188201472608913,0.175,1.0,0.01,0.0,1.4520793339776614,0.0324694809949667,1.451711013641418,0.2192247659285389,0.428589195815764,0.521190415140133,0.0368537276835019,1.451956117712185,0.0050089424509789,0.0034497891429883,0.0450204351321201,0.0069468039576371,0.0069468039576371,1.7177773968645502,3.1275895819911073,1.2238854867405935,2.560102197792144,0.04
14,frobenius,"0,1,2,3,4","5,6,7,8,9",500,200,200,80,32,0.0876991205575151,0.0844766619055115,0.0032224586520036,0.0813879798571377,0.0035079648223006,11.872463839575502,11.873256925901527,0.0007930863260252,0.17,0.175,-0.0049999999999999,-11.114137358697672,-11.115650406471024,0.0015130477733507,0.17,0.9117647058823528,0.01,0.0,1.659267460395658,0.0371023483429813,1.6592295918863988,0.0895353029603661,0.5957849012114229,0.5831306489711947,0.0412335636205244,1.6590859259672632,0.0012658277566203,0.0007629669668147,0.0116895402142894,0.0098905391991464,0.0116895402142894,0.3000943371589942,2.697432100300075,1.2206392561552022,2.2207234058691645,0.04
14,spectral,"0,1,2,3,4","5,6,7,8,9",500,200,200,80,32,0.0876991205575151,0.0843534387472298,0.0033456818102852,0.0462612997096392,0.0035079648223006,11.872463839575502,11.878248248560183,0.0057844089846827,0.17,0.175,-0.0049999999999999,-11.114137358697672,-11.123220282587376,0.0090829238897036,0.17,0.9117647058823528,0.005,0.0,1.2543013022910998,0.0280470297618941,1.2537403810269008,0.1376144196602471,0.4897815308444824,0.4989756909736246,0.0352829094734693,1.2540969948325558,0.006545377618791,0.0052191956808452,0.0363196337547256,0.0056042411577504,0.0056042411577504,0.6259482280574655,2.697432100300075,1.2206392561552022,2.2207234058691645,0.04
15,frobenius,"0,1,2,3,4","5,6,7,8,9",500,200,200,80,32,0.1577973256972249,0.1517796221675928,0.0060177035296321,0.0466087585700514,0.0063118930278889,10.927135648976414,10.921601067279203,-0.0055345816972085,0.195,0.195,0.0,-9.951316310031515,-9.94227271015623,-0.0090435998752855,0.195,0.9743589743589745,0.02,0.0,1.3177049725597174,0.0294647789293302,1.3176915805345364,0.0741876407929086,0.2865242368921737,0.2584403466686368,0.0182744921661595,1.317365593425477,0.000535521904739,0.0004065097095382,0.01050789461252,0.0091742605678275,0.01050789461252,0.6006810365578327,2.4154291252369986,1.250537340054298,1.9317572508966507,0.04
15,spectral,"0,1,2,3,4","5,6,7,8,9",500,200,200,80,32,0.1577973256972249,0.1516738041721963,0.0061235215250285,0.0298438997663751,0.0063118930278889,10.927135648976414,10.929887547641483,0.0027518986650711,0.195,0.195,0.0,-9.951316310031515,-9.957404278264688,0.0060879682331727,0.195,1.0,0.015,0.0,1.070649592803462,0.0239404526959101,1.0703074281738674,0.2051385632651761,0.301517202495526,0.3366190604705725,0.0238025620335386,1.07058940884802,0.0032913367273928,0.0030743221445973,0.0342675237468967,0.0052875937090516,0.0052875937090516,1.193717478157187,2.4154291252369986,1.250537340054298,1.9317572508966507,0.04
16,frobenius,"0,1,2,3,4","5,6,7,8,9",500,200,200,80,32,0.2417549478807895,0.2327681031008995,0.0089868447798899,0.0706658892953241,0.0096701979152315,11.731373274577695,11.699315908152103,-0.0320573664255903,0.195,0.195,0.0,-10.830356084949033,-10.80184422679802,-0.0285118581510097,0.195,0.9743589743589745,0.03,0.0,2.558271541203338,0.0572046907103381,2.558219565634084,0.5054961994102949,1.241503322852131,1.351686450479088,0.0955786655171737,2.5586721755034607,0.0007582045056787,0.0002963273345205,0.0183522710966911,0.015332872133355,0.0183522710966911,0.5269210477702185,2.8296840554752025,1.218539757297849,2.3326412864370143,0.04
16,spectral,"0,1,2,3,4","5,6,7,8,9",500,200,200,80,32,0.2417549478807895,0.2325416215741086,0.0092133263066809,0.0472453214045429,0.0096701979152315,11.731373274577695,11.710165448034832,-0.021207826542863,0.195,0.195,0.0,-10.830356084949033,-10.813682803677937,-0.0166732812710961,0.195,1.0,0.02,0.0,1.891308438642115,0.0422909423522275,1.890311698183218,0.4658053401228695,0.9280186958234354,1.0141636799422311,0.0717122015320255,1.8922682758704947,0.0039210271043791,0.002072130656302,0.0550051664469901,0.008487481447993,0.008487481447993,1.139348341965238,2.8296840554752025,1.218539757297849,2.3326412864370143,0.04
17,frobenius,"0,1,2,3,4","5,6,7,8,9",500,200,200,80,32,0.073734339230786,0.0709592757165092,0.0027750635142768,0.0591007042217628,0.0029493735692314,12.522970439816431,12.515487206300648,-0.007483233515785,0.185,0.185,0.0,-11.696485415094276,-11.69177006759426,-0.0047153475000154,0.185,1.0,0.005,0.0,1.4406626489904004,0.0322141961578745,1.44060693754314,0.1650567288054171,0.7654416088744297,0.7872226774222713,0.0556650493509118,1.4403997631462722,0.0002706935103427,0.0001879294326954,0.0097786336729554,0.0088028073865512,0.0097786336729554,0.3016140769633751,2.6035938389588633,1.226910617716242,2.1164312693596763,0.04
17,spectral,"0,1,2,3,4","5,6,7,8,9",500,200,200,80,32,0.073734339230786,0.0708939329814838,0.0028404062493022,0.0369459199966955,0.0029493735692314,12.522970439816431,12.51990125663384,-0.0030691831825926,0.185,0.185,0.0,-11.696485415094276,-11.69730839057249,0.0008229754782131,0.185,1.0,0.0,0.0,1.05325924793307,0.0235515927630864,1.0522627360788543,0.205185730874051,0.5384905335824091,0.5821865986893465,0.0411668091849168,1.053108565138067,0.0011326980678788,0.0010755757814298,0.0322037921368121,0.0049691530081929,0.0049691530081929,0.5935364768137756,2.6035938389588633,1.226910617716242,2.1164312693596763,0.04
18,frobenius,"0,1,2,3,4","5,6,7,8,9",500,200,200,80,32,0.0897640426724308,0.0863867434193347,0.0033772992530961,0.0593952899880416,0.0035905617068972,12.644009652980168,12.644208677907567,0.000199024927399,0.19,0.19,0.0,-11.804734173963972,-11.810226343017716,0.0054921690537437,0.19,0.9736842105263158,0.01,0.0,1.5368373374224815,0.0343647275683645,1.536676305125377,0.1692381042640607,0.567518626219181,0.621623070537586,0.043955388851913,1.5365999471161569,0.0002748239794991,0.0001788520037469,0.0102439299395474,0.0089653475432833,0.0102439299395474,0.3505062732843969,2.659963991737214,1.2244056024308054,2.1630811426276435,0.04
18,spectral,"0,1,2,3,4","5,6,7,8,9",500,200,200,80,32,0.0897640426724308,0.0862980599163253,0.0034659827561054,0.0346962288804217,0.0035905617068972,12.644009652980168,12.65056662967496,0.0065569766947923,0.19,0.19,0.0,-11.804734173963972,-11.818875820399056,0.0141416464350836,0.19,0.9736842105263158,0.01,0.0,1.1182966730020727,0.0250058737984448,1.1169062999052968,0.240391713021149,0.4054072579315613,0.4951874917315071,0.0350150433362106,1.1183092462363349,0.0012140563368715,0.00108561772243,0.0326633890854946,0.005040070357007,0.005040070357007,0.7124030921325114,2.659963991737214,1.2244056024308054,2.1630811426276435,0.04
19,frobenius,"0,1,2,3,4","5,6,7,8,9",500,200,200,80,32,0.0672170653037603,0.0646060007050847,0.0026110645986756,0.0288684179843182,0.0026886826121504,11.278054653133577,11.268973119392417,-0.0090815337411616,0.19,0.19,0.0,-10.418679566630994,-10.406217250537436,-0.0124623160935577,0.19,1.0,0.005,0.0,0.9058627455582412,0.0202557067735282,0.9058432719344482,0.0653858297214728,0.350903349404447,0.3386779697196169,0.0239481489027233,0.9057383524947326,0.0001354990033648,0.0001496006026372,0.0068258012557492,0.0061650521344581,0.0068258012557492,0.3938999263838475,2.0136556666383503,1.2507317990413953,1.6103704161476633,0.04
19,spectral,"0,1,2,3,4","5,6,7,8,9",500,200,200,80,32,0.0672170653037603,0.0645914730440568,0.0026255922597035,0.0234651543330983,0.0026886826121504,11.278054653133577,11.2757461595473,-0.0023084935862769,0.19,0.19,0.0,-10.418679566630994,-10.416767218233575,-0.0019123483974166,0.19,1.0,0.005,0.0,0.770766937838608,0.0172348726781648,0.7706433053721405,0.1357376191961528,0.2426727917524112,0.2520515684460033,0.0178227373256874,0.7707443410713194,0.0007004748392179,0.0009088290395285,0.0247016650743175,0.0038115496706088,0.0038115496706088,0.7054040598980205,2.0136556666383503,1.2507317990413953,1.6103704161476633,0.04
0,frobenius,"0,1,2,3,4","5,6,7,8,9",500,200,200,80,32,0.0871984360909382,0.0807408215509519,0.0064576145399863,0.074293240011243,0.006975874887275,12.431107949501625,12.463524892071652,0.0324169425700304,0.19,0.19,0.0,-11.462027261065275,-11.526161595807835,0.0641343347425582,0.19,1.0,0.035,0.0,3.272418588563439,0.0731735041486176,3.2710770645137064,0.6842900832259388,1.4785886567186592,1.6228627672056153,0.1147537267626256,3.2725987907077365,0.0067851944718434,0.0020733352622109,0.0231455690680493,0.0193286152205839,0.0231455690680493,0.301391375030165,3.5889209483632034,1.2303187324386262,2.912632676059121,0.08
0,spectral,"0,1,2,3,4","5,6,7,8,9",500,200,200,80,32,0.0871984360909382,0.0805982476797709,0.0066001884111673,0.0538551052274454,0.006975874887275,12.431107949501625,12.456011143127592,0.0249031936259687,0.19,0.19,0.0,-11.462027261065275,-11.509525468419865,0.0474982073545877,0.19,1.0,0.04,0.0,2.1646434024171146,0.048402897948511,2.1611811135942927,0.5328333369319328,1.124249777224808,1.2375117501016544,0.0875052950294912,2.1644934170973595,0.0069785836741434,0.0032241186870884,0.0635665120438815,0.0098085257537765,0.0098085257537765,0.7112052374016691,3.5889209483632034,1.2303187324386262,2.912632676059121,0.08
1,frobenius,"0,1,2,3,4","5,6,7,8,9",500,200,200,80,32,0.1627348510792468,0.1506806943494354,0.0120541567298113,0.0740953267025309,0.0130187880863397,10.53344960455768,10.522151840962811,-0.0112977635948663,0.2,0.2,0.0,-9.405020229033603,-9.411680491659617,0.0066602626260134,0.2,0.975,0.04,0.0,3.5275544398339513,0.0788785152179991,3.527360717415289,0.7589909606705291,1.0499373621679389,1.2402616861090516,0.0876997448693571,3.526326799056545,0.0055157638348324,0.0015641669502407,0.0328900011104584,0.0256695267372299,0.0328900011104584,0.3958281437150824,3.982654516143998,1.2527102728983852,3.1683379277825283,0.08
1,spectral,"0,1,2,3,4","5,6,7,8,9",500,200,200,80,32,0.1627348510792468,0.1504149533889498,0.012319897690297,0.0536832147053737,0.0130187880863397,10.53344960455768,10.533631048536812,0.0001814439791321,0.2,0.2,0.0,-9.405020229033603,-9.418271983588772,0.0132517545551689,0.2,1.0,0.04,0.0,2.4160160147076875,0.0540237604361452,2.412768089364926,0.6824772011424265,0.8122726829392383,1.0217151837174523,0.0722461734847869,2.4141213675263886,0.0229203907009455,0.0094942992549006,0.0851428474429823,0.0131378265857635,0.0131378265857635,0.9909392547810948,3.982654516143998,1.2527102728983852,3.1683379277825283,0.08
2,frobenius,"0,1,2,3,4","5,6,7,8,9",500,200,200,80,32,0.0712434204800017,0.0660154794842543,0.0052279409957473,0.0827326649036163,0.0056994736384001,11.725707451088237,11.71048782048307,-0.0152196306051664,0.2,0.195,0.005,-10.66165616108613,-10.64533424106512,-0.01632192002101,0.2,0.95,0.01,0.025,1.623790177424934,0.036309052179186,1.6236828061160469,0.1497152053819013,0.6566912879882782,0.6810310503474173,0.0481561673899255,1.6236537643363398,0.0001896887257282,0.000116828310256,0.0126649575569965,0.0109424550186572,0.0126649575569965,0.4500191660927863,2.354244468849263,1.2341678303753287,1.9119016182240869,0.08
2,spectral,"0,1,2,3,4","5,6,7,8,9",500,200,200,80,32,0.0712434204800017,0.0658785460294248,0.0053648744505768,0.0587070331493239,0.0056994736384001,11.725707451088237,11.713854463859436,-0.0118529872288011,0.2,0.19,0.01,-10.66165616108613,-10.65461981102679,-0.0070363500593408,0.2,0.95,0.015,0.05,1.3935670108559963,0.0311611056747519,1.3925145757090382,0.2717213586728843,0.5539264786838909,0.6439330592848183,0.0455329432850494,1.3938076906093275,0.0040871347489096,0.0029323519854614,0.0427011051522617,0.0065889235720775,0.0065889235720775,0.8650083091801691,2.354244468849263,1.2341678303753287,1.9119016182240869,0.08
3,frobenius,"0,1,2,3,4","5,6,7,8,9",500,200,200,80,32,0.2139824824895041,0.2008697718744945,0.0131127106150095,0.2340079394318659,0.0171185985991603,11.37232270136952,11.311725461739451,-0.0605972396300682,0.195,0.2,-0.005,-10.353060375527305,-10.274421011206387,-0.0786393643209155,0.195,0.9743589743589745,0.055,0.0,5.228586359277689,0.1169147452557305,5.226890703131814,0.3097273687183496,1.940873908252171,1.9104797247024092,0.1350913168656482,5.232389306805164,0.0064173077913002,0.0012264583950116,0.0439300639551891,0.035046328890595,0.0439300639551891,0.3896784356294622,3.767914876487232,1.2432549850449512,3.012005176968392,0.08
3,spectral,"0,1,2,3,4","5,6,7,8,9",500,200,200,80,32,0.2139824824895041,0.1986000559021886,0.0153824265873155,0.1014202185878673,0.0171185985991603,11.37232270136952,11.32702918442402,-0.0452935169454988,0.195,0.195,0.0,-10.353060375527305,-10.307002163776064,-0.0460582117512373,0.195,0.9743589743589745,0.015,0.0,3.7414337866869114,0.0836610028034638,3.737719564957882,0.4956410145113583,1.212287393774915,1.236115251501329,0.0874065476664704,3.7441215176022777,0.0245270298856628,0.0065508103223556,0.1184550845677983,0.0182780163688541,0.0182780163688541,0.9365676369745736,3.767914876487232,1.2432549850449512,3.012005176968392,0.08
4,frobenius,"0,1,2,3,4","5,6,7,8,9",500,200,200,80,32,0.1633334870222295,0.1511568741097745,0.012176612912455,0.0681172355980339,0.0130666789617783,10.934794569161618,10.951373013904629,0.0165784447430112,0.2,0.2,0.0,-9.865803665958133,-9.897632853025073,0.0318291870669416,0.2,1.0,0.035,0.0,2.761526303013756,0.0617496053519243,2.7609686381262355,0.3684172246573473,1.3662250409221346,1.4123808097937671,0.099870404822292,2.7611271936897643,0.0007208911246447,0.0002610858081048,0.0204645082762073,0.0186373983721758,0.0204645082762073,0.6385044187438441,2.3880428582092135,1.2426356079578669,1.913624763641378,0.08
4,spectral,"0,1,2,3,4","5,6,7,8,9",500,200,200,80,32,0.1633334870222295,0.1509399361688566,0.0123935508533729,0.0515148577824894,0.0130666789617783,10.934794569161618,10.940112980566266,0.005318411404648,0.2,0.2,0.0,-9.865803665958133,-9.885943765922915,0.0201400999647862,0.2,1.0,0.025,0.0,2.114449871259809,0.0472805364715261,2.107959060035558,0.4835772061068652,1.1019008981951766,1.1532503518942063,0.0815471144230165,2.1152577038688407,0.0082831829998,0.0039159214428813,0.0707551080811973,0.0109177502038586,0.0109177502038586,1.196828899525495,2.3880428582092135,1.2426356079578669,1.913624763641378,0.08
5,frobenius,"0,1,2,3,4","5,6,7,8,9",500,200,200,80,32,0.094119196956149,0.0870568865165886,0.0070623104395603,0.0620523405481852,0.0075295357564919,12.176572461421912,12.20587023171785,0.0292977702959369,0.19,0.19,0.0,-11.177556862982527,-11.233986907729964,0.0564300447474348,0.19,1.0,0.025,0.0,2.700036969583088,0.0603746620575031,2.70000291019695,0.1957286431949635,1.2256030323813096,1.295675876371987,0.0916181198402454,2.699980372025824,0.0006471862086452,0.0002397003383249,0.0200182446288613,0.0175349174806915,0.0200182446288613,0.3761336668668846,3.4616140268261626,1.235244288640418,2.779311788202929,0.08
5,spectral,"0,1,2,3,4","5,6,7,8,9",500,200,200,80,32,0.094119196956149,0.0869677497837481,0.0071514471724008,0.0502140631665168,0.0075295357564919,12.176572461421912,12.199813043534116,0.023240582112205,0.19,0.19,0.0,-11.177556862982527,-11.224308548988606,0.0467516860060772,0.19,1.0,0.015,0.0,1.8849819700857893,0.042149478214733,1.8843475352291916,0.3178450038200299,0.9315449230807472,1.0530323982758485,0.0744606349629985,1.8846164425036416,0.0038790934279178,0.0020582933165778,0.0592806250466455,0.0091471990325441,0.009147199032544,0.8231520632385043,3.4616140268261626,1.235244288640418,2.779311788202929,0.08
6,frobenius,"0,1,2,3,4","5,6,7,8,9",500,200,200,80,32,0.1419396145581634,0.1313155876979277,0.0106240268602356,0.0643884995296562,0.011355169164653,11.464374371250493,11.46305363818874,-0.0013207330617532,0.19,0.19,0.0,-10.452985597780057,-10.456597302529758,0.0036117047497015,0.19,1.0,0.035,0.0,2.1237533783580917,0.0474885692145352,2.1236128316203966,0.1307503593764648,0.9389765463786036,0.9403089317796638,0.0664898822071679,2.1237832853676624,0.0002103835227988,9.906073008876748e-05,0.0146329216875135,0.0136907679478259,0.0146329216875135,0.7760014990268526,2.301656995858925,1.230362606086305,1.86072929842807,0.08
6,spectral,"0,1,2,3,4","5,6,7,8,9",500,200,200,80,32,0.1419396145581634,0.1311376148007349,0.0108019997574284,0.0487152061940717,0.011355169164653,11.464374371250493,11.46201509055902,-0.002359280691472,0.19,0.19,0.0,-10.452985597780057,-10.458181100605762,0.0051955028257051,0.19,1.0,0.025,0.0,1.649711835597698,0.0368886780768241,1.6490288400876565,0.297960870647734,0.7418835240214947,0.7899986015180491,0.0558613368261301,1.649948052316353,0.0059156596214281,0.0035853611349297,0.0532122293256082,0.0082108252438924,0.0082108252438924,1.3829510222616856,2.301656995858925,1.230362606086305,1.86072929842807,0.08
7,frobenius,"0,1,2,3,4","5,6,7,8,9",500,200,200,80,32,0.0978575678847014,0.0906272889296889,0.0072302789550125,0.0764282324679956,0.0078286054307761,12.198531688275327,12.208692995260506,0.0101613069851786,0.19,0.19,0.0,-11.235379752294689,-11.256830407636246,0.0214506553415567,0.19,1.0,0.01,0.0,2.550753168667844,0.0570365747896428,2.550598414379928,0.3121546988889206,1.012925564002112,1.0333589993694892,0.0730695155854311,2.550929377286448,0.0009627466064808,0.0003774101372829,0.0208143972577256,0.0171940082946773,0.0208143972577256,0.3761149234273587,3.694907423363549,1.2339769189352914,2.9802341764306206,0.08
7,spectral,"0,1,2,3,4","5,6,7,8,9",500,200,200,80,32,0.0978575678847014,0.0904669283601861,0.0073906395245152,0.055944307084257,0.0078286054307761,12.198531688275327,12.206693244292182,0.008161556016855,0.19,0.19,0.0,-11.235379752294689,-11.258335287374068,0.0229555350793777,0.19,1.0,0.015,0.0,1.885752585836576,0.0421667097067659,1.884625657002671,0.3676771800020861,0.9010271648675816,0.9629681929972536,0.0680921339335314,1.8859359820074015,0.0055803666579018,0.0029589374778045,0.0590366187297652,0.0091095480404375,0.0091095480404375,0.8593846144753516,3.694907423363549,1.2339769189352914,2.9802341764306206,0.08
8,frobenius,"0,1,2,3,4","5,6,7,8,9",500,200,200,80,32,0.1839419293320564,0.1703425344678582,0.0135993948641981,0.0758363989126008,0.0147153543465645,11.68852313087508,11.657464295204027,-0.0310588356710521,0.19,0.19,0.0,-10.713790814248428,-10.69454005154782,-0.0192507627006079,0.19,1.0,0.035,0.0,4.293996913057239,0.0960166899277024,4.293054992668261,0.6473459485892195,0.974617726667074,0.99788775551565,0.0705613198788139,4.295312133136982,0.0083272768490392,0.0019386895738721,0.032459558081238,0.027441637713469,0.032459558081238,0.453344260255661,3.048577377933989,1.2323668542525548,2.4734219969558975,0.08
8,spectral,"0,1,2,3,4","5,6,7,8,9",500,200,200,80,32,0.1839419293320564,0.170198031020718,0.0137438983113383,0.066016489467203,0.0147153543465645,11.68852313087508,11.67798877220897,-0.0105343586661099,0.19,0.195,-0.005,-10.713790814248428,-10.720151529022342,0.0063607147739137,0.19,1.0,0.035,0.0,2.982795676317187,0.0666973389523768,2.9786051857229077,0.6648139915887951,0.8804648692122712,0.9897193353428052,0.069983725349234,2.9835673914883007,0.0163325187677084,0.0054741578200321,0.0948558447766047,0.0146365746125143,0.0146365746125143,1.005382388717019,3.048577377933989,1.2323668542525548,2.4734219969558975,0.08
9,frobenius,"0,1,2,3,4","5,6,7,8,9",500,200,200,80,32,0.1292894677908474,0.1197836549313252,0.0095058128595222,0.0809563781618465,0.0103431574232677,11.775788464259584,11.782349496939087,0.0065610326795031,0.195,0.195,0.0,-10.648470990167068,-10.675529804153337,0.027058813986267,0.195,1.0,0.02,0.0,2.8058885036644536,0.0627415743147888,2.805628980571866,0.4416393140863922,0.9409859837192558,1.0965327956489572,0.077536577559682,2.8053871720897288,0.0013023530833511,0.0004642329216829,0.0223136989475468,0.0190750350864785,0.0223136989475468,0.4635339684192043,3.603759236203245,1.235594004113368,2.899009807917953,0.08
9,spectral,"0,1,2,3,4","5,6,7,8,9",500,200,200,80,32,0.1292894677908474,0.1195071521012217,0.0097823156896257,0.0542234552459186,0.0103431574232677,11.775788464259584,11.780688451372464,0.0048999871128803,0.195,0.195,0.0,-10.648470990167068,-10.67276302974572,0.0242920395786523,0.195,1.0,0.02,0.0,1.8319580692331945,0.0409638277473468,1.8312839298430117,0.4598775819334574,0.7231856319049734,0.9176895764206888,0.0648904522511279,1.8313968034715409,0.0058225010419626,0.0031792678849966,0.062492143223097,0.0096427470456347,0.0096427470456347,1.0726359795936116,3.603759236203245,1.235594004113368,2.899009807917953,0.08
10,frobenius,"0,1,2,3,4","5,6,7,8,9",500,200,200,80,32,0.1505008044848245,0.1397673025356281,0.0107335019491964,0.1085178924841921,0.0120400643587859,11.757396146541543,11.781374835793322,0.0239786892517788,0.185,0.185,0.0,-10.906409487102014,-10.964018107753365,0.057608620651349,0.185,1.0,0.02,0.0,2.9190009781852524,0.065270846136106,2.9187952442081073,0.5021272234220499,1.3246487109726262,1.5417535377487352,0.109018438146048,2.918010288733901,0.001079201097945,0.0003698414300017,0.0218327710160014,0.0205613550217022,0.0218327710160014,0.5514675324520951,2.9092876836213986,1.236805975447682,2.317769168102913,0.08
10,spectral,"0,1,2,3,4","5,6,7,8,9",500,200,200,80,32,0.1505008044848245,0.1393514274705735,0.011149377014251,0.0739769587597717,0.0120400643587859,11.757396146541543,11.78348732357776,0.0260911770362177,0.185,0.185,0.0,-10.906409487102014,-10.958684923018335,0.0522754359163215,0.185,1.0,0.03,0.0,2.2068077488998847,0.0493457213981342,2.205594804603202,0.4435987759685,1.1520573688226865,1.3108351869323307,0.0926900449697786,2.2074153110072428,0.0070253666135609,0.0031826211309349,0.0755554832186299,0.0116584641686392,0.0116584641686392,1.032731600374365,2.9092876836213986,1.236805975447682,2.317769168102913,0.08
11,frobenius,"0,1,2,3,4","5,6,7,8,9",500,200,200,80,32,0.1507004097549547,0.1397609575751374,0.0109394521798172,0.0926159227432363,0.0120560327803963,12.336867973568353,12.362143715524676,0.0252757419563263,0.2,0.19,0.01,-11.442906104689582,-11.502163209552975,0.0592571048633949,0.2,0.95,0.06,0.05,3.355418347879647,0.0750294351880892,3.35527177714078,0.6540201225566947,1.324158270239919,1.5638227101317626,0.1105789642907694,3.3556139859069205,0.0013941155664169,0.0004154576695269,0.0241857567967272,0.0220436139839972,0.0241857567967272,0.4984765571622623,3.295597088971876,1.2321490716387244,2.6400486964944374,0.08
11,spectral,"0,1,2,3,4","5,6,7,8,9",500,200,200,80,32,0.1507004097549547,0.1396349833981431,0.0110654263568115,0.0821668654713349,0.0120560327803963,12.336867973568353,12.35047593559643,0.0136079620280789,0.2,0.195,0.005,-11.442906104689582,-11.4810857756959,0.0381796710063184,0.2,0.975,0.05,0.025,2.347731701047593,0.0524968767647363,2.3459537963743617,0.5061256777579426,1.111270739832134,1.2142306777708385,0.0858590746176497,2.349596638075365,0.009859164596963,0.0041961094245687,0.0768516202007727,0.0118584624469936,0.0118584624469936,1.0166607040571982,3.295597088971876,1.2321490716387244,2.6400486964944374,0.08
12,frobenius,"0,1,2,3,4","5,6,7,8,9",500,200,200,80,32,0.1023905815495899,0.0952590627788309,0.007131518770759,0.1293731973647039,0.0081912465239671,11.692237031888524,11.67969263354384,-0.0125443983446835,0.19,0.19,0.0,-10.682582505466309,-10.658598724055912,-0.0239837814103953,0.19,1.0,0.01,0.0,2.2502063099963054,0.050316142725507,2.2501707962202255,0.0898787704791504,0.6284469901633583,0.6297407135216623,0.0445293928920422,2.248958532996251,0.0013723000991147,0.0006101935980502,0.0169436007093389,0.0153209321867462,0.0169436007093389,0.4834419002480612,2.0542654766128714,1.2364002624887285,1.6627484725339872,0.08
12,spectral,"0,1,2,3,4","5,6,7,8,9",500,200,200,80,32,0.1023905815495899,0.0948072336566539,0.007583347892936,0.0742132017700194,0.0081912465239671,11.692237031888524,11.693077559542816,0.0008405276542919,0.19,0.19,0.0,-10.682582505466309,-10.68039755344406,-0.0021849520222492,0.19,1.0,0.005,0.0,1.9172005958179228,0.0428699085875197,1.9166078405828757,0.1847261976064842,0.5685712555332143,0.5752099374382993,0.0406734847368511,1.9169416461187636,0.0050059127039271,0.0026114058891999,0.0594795332894427,0.0091778912407427,0.0091778912407427,0.8924976673949193,2.0542654766128714,1.2364002624887285,1.6627484725339872,0.08
13,frobenius,"0,1,2,3,4","5,6,7,8,9",500,200,200,80,32,0.2983265704719595,0.2762631812588021,0.0220633892131573,0.075535361372081,0.0238661256377567,11.798497151250212,11.826477423766717,0.027980272516503,0.175,0.175,0.0,-10.978011469887065,-11.02965021629116,0.0516387464040946,0.175,0.9714285714285714,0.025,0.0,4.118489870119048,0.0920922331423047,4.11841775125186,0.614669149648031,1.096389681207993,1.364652618305578,0.0964955120367851,4.116189629036429,0.0074790391070909,0.0018169811843293,0.0308947835729673,0.0256443266495514,0.0308947835729674,0.772496935652249,3.1275895819911073,1.2238854867405935,2.560102197792144,0.08
13,spectral,"0,1,2,3,4","5,6,7,8,9",500,200,200,80,32,0.2983265704719595,0.2757158693171726,0.0226107011547868,0.0526027769242858,0.0238661256377567,11.798497151250212,11.818823690281128,0.0203265390309166,0.175,0.175,0.0,-10.978011469887065,-11.0159735362257,0.0379620663386361,0.175,1.0,0.015,0.0,2.90430170424674,0.064942160378642,2.903564542527902,0.438446725568491,0.8566947592124026,1.0492885822799998,0.0741959071951806,2.90391223542437,0.0152789689771809,0.0052615119667857,0.0900408702642403,0.0138936079152743,0.0138936079152743,1.7177773968645502,3.1275895819911073,1.2238854867405935,2.560102197792144,0.08
14,frobenius,"0,1,2,3,4","5,6,7,8,9",500,200,200,80,32,0.0876991205575151,0.0818076260909219,0.0058914944665931,0.1602688788182626,0.0070159296446012,11.872463839575502,11.87560064597582,0.0031368064003185,0.17,0.175,-0.0049999999999999,-11.114137358697672,-11.118921634616354,0.0047842759186824,0.17,0.8529411764705882,0.045,0.0,3.3186691681396567,0.0742076985479294,3.3185928820395936,0.1792367660165112,1.1917515092687234,1.1432825314905333,0.0808422830829078,3.3181718519345265,0.0083879119039723,0.0025278714540002,0.0233790804285789,0.0197810783982928,0.0233790804285789,0.3000943371589942,2.697432100300075,1.2206392561552022,2.2207234058691645,0.08
14,spectral,"0,1,2,3,4","5,6,7,8,9",500,200,200,80,32,0.0876991205575151,0.0813211267894163,0.0063779937680988,0.0909267778922642,0.0070159296446012,11.872463839575502,11.884890218064864,0.0124263784893603,0.17,0.175,-0.0049999999999999,-11.114137358697672,-11.133089468477063,0.0189521097793932,0.17,0.8529411764705882,0.025,0.0,2.508624602049151,0.0560945514021026,2.507503959718107,0.2756833570794109,0.9794826516724572,0.9833399982108708,0.0695326380946874,2.5081939896651115,0.0182621689017904,0.0072810033741563,0.0726392675094512,0.0112084823155008,0.0112084823155008,0.6259482280574655,2.697432100300075,1.2206392561552022,2.2207234058691645,0.08
15,frobenius,"0,1,2,3,4","5,6,7,8,9",500,200,200,80,32,0.1577973256972249,0.1463444285586655,0.0114528971385594,0.0927525951441971,0.0126237860557779,10.927135648976414,10.916560563813633,-0.010575085162781,0.195,0.195,0.0,-9.951316310031515,-9.933816825008527,-0.0174994850229879,0.195,0.9487179487179488,0.02,0.0,2.6361230814782224,0.0589455040724152,2.6360965171386477,0.148447967621392,0.5731362540556124,0.5230683611708116,0.0369865185208015,2.634731186850954,0.0027744110816773,0.0010530148561353,0.02101578922504,0.0183485211356551,0.02101578922504,0.6006810365578327,2.4154291252369986,1.250537340054298,1.9317572508966507,0.08
15,spectral,"0,1,2,3,4","5,6,7,8,9",500,200,200,80,32,0.1577973256972249,0.1459223445404974,0.0118749811567275,0.0593169826977332,0.0126237860557779,10.927135648976414,10.933075338389504,0.0059396894130898,0.195,0.195,0.0,-9.951316310031515,-9.963854531551467,0.0125382215199518,0.195,0.9487179487179488,0.03,0.0,2.1412658931492365,0.0478801609498349,2.1405829178713924,0.4102542743780443,0.6025135192727896,0.6720039843704868,0.0475178574332749,2.14117881769604,0.009295763811319,0.0043414233946707,0.0685350474937934,0.0105751874181033,0.0105751874181033,1.193717478157187,2.4154291252369986,1.250537340054298,1.9317572508966507,0.08
16,frobenius,"0,1,2,3,4","5,6,7,8,9",500,200,200,80,32,0.2417549478807895,0.2250943869455169,0.0166605609352725,0.138561533004902,0.0193403958304631,11.731373274577695,11.670425199485503,-0.06094807509219,0.195,0.19,0.005,-10.830356084949033,-10.777373330792129,-0.0529827541569041,0.195,0.9487179487179488,0.04,0.0256410256410256,5.115977164319821,0.1143967271075573,5.1158738152727175,1.0109970065564395,2.482854145615053,2.7046132261848657,0.1912450352722143,5.117344351006921,0.0042050076099357,0.0008217167580501,0.0367045421933822,0.03066574426671,0.0367045421933822,0.5269210477702185,2.8296840554752025,1.218539757297849,2.3326412864370143,0.08
16,spectral,"0,1,2,3,4","5,6,7,8,9",500,200,200,80,32,0.2417549478807895,0.2242095899273878,0.0175453579534017,0.092812882052501,0.0193403958304631,11.731373274577695,11.690658594203615,-0.0407146803740801,0.195,0.195,0.0,-10.830356084949033,-10.799481403641336,-0.0308746813076936,0.195,0.9487179487179488,0.025,0.0,3.7835578633184017,0.084602925791838,3.7815639329216624,0.9319604140856104,1.8580427163127409,2.01916908616422,0.1427768153188963,3.7845365517409895,0.033354614967885,0.0088133948534704,0.1100103328939803,0.016974962895986,0.016974962895986,1.139348341965238,2.8296840554752025,1.218539757297849,2.3326412864370143,0.08
17,frobenius,"0,1,2,3,4","5,6,7,8,9",500,200,200,80,32,0.073734339230786,0.0685241289145253,0.0052102103162606,0.1167259429909454,0.0058987471384628,12.522970439816431,12.509062659950471,-0.0139077798659599,0.185,0.185,0.0,-11.696485415094276,-11.688944296709726,-0.0075411183845499,0.185,1.0,0.025,0.0,2.8818510754514826,0.0644401490574038,2.8817396728862237,0.3301694342207605,1.5311614122353878,1.5878316808898882,0.1122766548940073,2.8807995262925443,0.0010827740413857,0.000375858865396,0.0195572673459109,0.0176056147731024,0.0195572673459109,0.3016140769633751,2.6035938389588633,1.226910617716242,2.1164312693596763,0.08
17,spectral,"0,1,2,3,4","5,6,7,8,9",500,200,200,80,32,0.073734339230786,0.0682653658548868,0.0054689733758992,0.0728584820599165,0.0058987471384628,12.522970439816431,12.517389083589062,-0.0055813562273705,0.185,0.185,0.0,-11.696485415094276,-11.699280349252533,0.0027949341582562,0.185,1.0,0.015,0.0,2.1068222542547312,0.0471099777702292,2.1048328418984927,0.410332223844058,1.0776151208228877,1.1745624455539958,0.0830541070178285,2.106217130276134,0.0045307922715026,0.0021511515628536,0.0644075842736243,0.0099383060163859,0.0099383060163859,0.5935364768137756,2.6035938389588633,1.226910617716242,2.1164312693596763,0.08
18,frobenius,"0,1,2,3,4","5,6,7,8,9",500,200,200,80,32,0.0897640426724308,0.0834252033369513,0.0063388393354794,0.1172914082909448,0.0071811234137944,12.644009652980168,12.645387989893557,0.0013783369133868,0.19,0.185,0.005,-11.804734173963972,-11.816365080813876,0.0116309068499038,0.19,0.9473684210526316,0.025,0.0263157894736842,3.0741494804064,0.0687400721118436,3.07382746556061,0.3384985946527596,1.1351956054076566,1.2440273553668328,0.0879660178961454,3.0731998942323138,0.0010992959180098,0.0003577040074981,0.0204878598790948,0.0179306950865666,0.0204878598790948,0.3505062732843969,2.659963991737214,1.2244056024308054,2.1630811426276435,0.08
18,spectral,"0,1,2,3,4","5,6,7,8,9",500,200,200,80,32,0.0897640426724308,0.0830748097359352,0.0066892329364955,0.068497705575431,0.0071811234137944,12.644009652980168,12.657689400077418,0.0136797470972496,0.19,0.185,0.005,-11.804734173963972,-11.83347408829066,0.0287399143266871,0.19,0.9473684210526316,0.02,0.0263157894736842,2.237040637892073,0.0500217493475616,2.2342696474187216,0.4804895433555692,0.8110611540735586,0.9924768557681676,0.0701787114884374,2.2366184924726693,0.0089474175155185,0.0040004218625711,0.0653267781709892,0.0100801407140141,0.0100801407140141,0.7124030921325114,2.659963991737214,1.2244056024308054,2.1630811426276435,0.08
19,frobenius,"0,1,2,3,4","5,6,7,8,9",500,200,200,80,32,0.0672170653037603,0.0621472959158408,0.0050697693879195,0.057201961100069,0.0053773652243008,11.278054653133577,11.260201914418538,-0.0178527387150388,0.19,0.19,0.0,-10.418679566630994,-10.393877298794967,-0.0248022678360246,0.19,1.0,0.005,0.0,1.8119742836152224,0.0405169767164511,1.8119353417153885,0.1307763334334922,0.7019167116696988,0.6774432095964836,0.0479024687374453,1.8114767049894651,0.0005419960134661,0.0002992012052781,0.0136516025114985,0.0123301042689162,0.0136516025114985,0.3938999263838475,2.0136556666383503,1.2507317990413953,1.6103704161476633,0.08
19,spectral,"0,1,2,3,4","5,6,7,8,9",500,200,200,80,32,0.0672170653037603,0.0620893800397183,0.005127685264042,0.0464316537642692,0.0053773652243008,11.278054653133577,11.273647048348067,-0.0044076047855075,0.19,0.19,0.0,-10.418679566630994,-10.414968472828535,-0.0037110938024564,0.19,1.0,0.005,0.0,1.5415810641933545,0.034470800523628,1.5413335540250432,0.271350842988394,0.485348216753629,0.504518009144689,0.0356748105496946,1.5414886821426388,0.0028364314975849,0.001840059891742,0.0494033301486351,0.0076230993412176,0.0076230993412176,0.7054040598980205,2.0136556666383503,1.2507317990413953,1.6103704161476633,0.08
