seed,layer_index,parameter,shape,warmup_steps,gradient_nuclear_rank,gradient_fro_norm,gradient_op_norm,alignment_ratio_spectral_over_fro,step_size_ratio_spectral_over_fro,jvp_tail_drift_sq_ratio_spectral_over_fro,scaled_jvp_tail_drift_sq_ratio_spectral_over_fro,observed_tail_drift_sq_ratio_spectral_over_fro,linearization_relative_error_diff_spectral_minus_fro,tail_loss_increase_diff_spectral_minus_fro,tail_accuracy_drop_diff_spectral_minus_fro,tail_margin_drop_diff_spectral_minus_fro,actual_head_loss_decrease_diff_spectral_minus_fro,tail_accuracy_before,tail_loss_before,spectral_less_jvp_tail_drift,spectral_less_scaled_jvp_tail_drift,spectral_less_observed_tail_drift
0,1,conv1.weight,64x3x3x3,2000,4.153396148955784,0.0006832312210462987,0.0006170929409563541,2.03798285576319,0.49068126219615177,1.1903973364287685,0.2866097649499531,0.5845907797474015,0.1856781244277954,-0.0004622936248779297,0.0,-0.0006355643272399902,1.909211277961731e-08,0.406,2.3946356773376465,False,True,True
0,2,layer1.0.conv1.weight,64x64x3x3,2000,12.32573040818599,0.0008345621754415333,0.0006145758088678122,3.510807999655732,0.2848347161388659,1.808045203373634,0.14668816496486178,0.5846018183345765,0.49822568893432617,-0.0004534721374511719,0.0010000000000000009,-0.0008164644241333008,2.0023435354232788e-08,0.406,2.3946356773376465,False,True,True
0,3,layer1.0.conv2.weight,64x64x3x3,2000,14.81485971624372,0.0006942409090697765,0.0005781454383395612,3.849020471925472,0.2598063604218115,1.8267125488201286,0.1233018898322382,0.5700435382298747,0.425891637802124,-0.0005645751953125,0.0,-0.0009219646453857422,8.381903171539307e-09,0.406,2.3946356773376465,False,True,True
0,4,layer1.1.conv1.weight,64x64x3x3,2000,13.539159139074794,0.0006444180035032332,0.0005482612177729607,3.679568733387366,0.2717709798233371,1.669046492486229,0.12327489736986082,0.5042208221220812,0.38316333293914795,-0.000522613525390625,0.0,-0.0009046792984008789,-1.0244548320770264e-08,0.406,2.3946356773376465,False,True,True
0,5,layer1.1.conv2.weight,64x64x3x3,2000,15.361711793499145,0.000517495849635452,0.0004451196873560548,3.9193985678215157,0.25514118625496696,1.7724528423450254,0.11538141596515623,0.4969934497830426,0.3071610927581787,-0.0006802082061767578,0.0,-0.0009943842887878418,-9.313225746154785e-10,0.406,2.3946356773376465,False,True,True
0,6,layer2.0.conv1.weight,128x64x3x3,2000,17.30837125134784,0.0008119568228721619,0.0007377502624876797,4.160314716596775,0.24036643093626844,1.9651000720549883,0.11353567218739777,0.4224215431605691,0.47132980823516846,-0.0007166862487792969,0.0,-0.001250922679901123,3.7216523196548223e-09,0.406,2.3946356773376465,False,True,True
0,7,layer2.0.conv2.weight,128x128x3x3,2000,20.265843794316652,0.0007115182816050947,0.0006419420824386179,4.501777189926006,0.222134494403184,2.0526482082905653,0.1012853370717552,0.3766452541229,0.41595005989074707,-0.0005512237548828125,0.0,-0.0007769465446472168,1.1179508874192834e-08,0.406,2.3946356773376465,False,True,True
0,8,layer2.0.downsample.0.weight,128x64x1x1,2000,8.987974473461744,0.0003154814476147294,0.00029186453321017325,2.997992040487608,0.33355658937551924,1.384066195222979,0.15399118988520166,0.4549362445043043,0.10170972347259521,-0.00040459632873535156,0.0,-0.0005574226379394531,4.656612873077393e-10,0.406,2.3946356773376465,False,True,True
0,9,layer2.1.conv1.weight,128x128x3x3,2000,19.708942707337183,0.0007037925533950329,0.0006405427120625973,4.439446520173907,0.2252533047657542,2.113207918665111,0.10722217442617497,0.29452253332258616,0.3793712258338928,-0.0008118152618408203,0.0,-0.001318514347076416,-9.349605534225702e-10,0.406,2.3946356773376465,False,True,True
0,10,layer2.1.conv2.weight,128x128x3x3,2000,13.494064390270227,0.0008320227498188615,0.0007841410697437823,3.6734023868126315,0.27222718741348895,2.5000483603800756,0.18527268405793898,0.31649508464399523,0.17104631662368774,-0.0005369186401367188,0.0,-0.0008453726768493652,2.790329745039344e-09,0.406,2.3946356773376465,False,True,True
0,11,layer3.0.conv1.weight,256x128x3x3,2000,15.373519416901743,0.0012492559617385268,0.0012001788709312677,3.9208687035144636,0.25504552067853015,2.5191337204005886,0.16386514750623077,0.22200101169876138,0.31178462505340576,-0.0008270740509033203,0.0,-0.0013344287872314453,9.778887033462524e-09,0.406,2.3946356773376465,False,True,True
0,12,layer3.0.conv2.weight,256x256x3x3,2000,15.785351060144544,0.0010709696216508746,0.0010251190979033709,3.9731213173502464,0.2516912825271894,2.671187104814705,0.16921573133681964,0.23411593721181861,0.21235054731369019,-0.0007405281066894531,0.0,-0.0013107061386108398,-7.450580596923828e-09,0.406,2.3946356773376465,False,True,True
0,13,layer3.0.downsample.0.weight,256x128x1x1,2000,7.622610733405076,0.00046106899389997125,0.00044745017657987773,2.760858743824252,0.36220614409806146,2.01930540746035,0.2649193040271461,0.36563731261839233,-0.02017444372177124,-0.0005528926849365234,0.0,-0.0009506940841674805,-5.122274160385132e-09,0.406,2.3946356773376465,False,True,True
0,14,layer3.1.conv1.weight,256x256x3x3,2000,15.159540947861208,0.0010245093144476414,0.0009771262994036078,3.8935020273921794,0.2568381865386591,2.5916899134230484,0.17096303892364398,0.24756254043514356,0.1831578016281128,-0.00075531005859375,0.0,-0.0013823509216308594,1.862645149230957e-09,0.406,2.3946356773376465,False,True,True
0,15,layer3.1.conv2.weight,256x256x3x3,2000,10.751337065226721,0.0009788171155378222,0.0009406086173839867,3.2787905198587626,0.30499051218529083,2.8902584307855226,0.2688495243320033,0.2713520148032312,0.0936080813407898,-0.0006964206695556641,0.0,-0.001252591609954834,1.862645149230957e-09,0.406,2.3946356773376465,False,True,True
0,16,layer4.0.conv1.weight,512x256x3x3,2000,8.165783924632446,0.0014576057437807322,0.0014280929462984204,2.857486926290852,0.34995785660445533,2.1593070572389315,0.26445137897950693,0.27372196754423417,0.1468559205532074,-0.0008697509765625,0.0,-0.0015208721160888672,3.259629011154175e-09,0.406,2.3946356773376465,False,True,True
0,17,layer4.0.conv2.weight,512x512x3x3,2000,8.893037572827335,0.0005977412220090628,0.0005747276591137052,2.9818578346958007,0.33536139394855385,2.304140720844827,0.2591404115645847,0.27194648889633594,0.0750982016324997,-0.0007987022399902344,0.0,-0.0013060569763183594,-2.3283064365386963e-09,0.406,2.3946356773376465,False,True,True
0,18,layer4.0.downsample.0.weight,512x256x1x1,2000,4.814136101138209,0.0002911168849095702,0.0002865309070330113,2.1939424355424038,0.4558004730660913,2.2242063570520045,0.4620879384258276,0.4409029658246535,0.185435950756073,-0.0005533695220947266,0.0,-0.0008971095085144043,-7.916241884231567e-09,0.406,2.3946356773376465,False,True,True
0,19,layer4.1.conv1.weight,512x512x3x3,2000,6.985868192642753,0.00037386728217825294,0.00034682609839364886,2.643038111060719,0.37835247089898155,3.0255461234178562,0.43310868179107387,0.400813855754275,0.026189297437667847,-0.0005154609680175781,0.0,-0.0006841421127319336,-4.187313606962562e-09,0.406,2.3946356773376465,False,True,True
0,20,layer4.1.conv2.weight,512x512x3x3,2000,5.707852801266624,0.00015616587188560516,0.00013349586515687406,2.3889913170757344,0.41858670345610915,2.9738887136261627,0.5210693874707273,0.6121326712049324,0.1296706683933735,-0.0002751350402832031,0.0,-3.457069396972656e-05,9.276845958083868e-10,0.406,2.3946356773376465,False,True,True
0,21,fc.weight,10x512,2000,4.595955384026621,0.00043103538337163627,0.0003079167508985847,2.143817587009439,0.4664575969800537,3.1117316099233125,0.6770589405944636,0.6770621068777041,-0.000292920449282974,-0.00025391578674316406,0.0,4.291534423828125e-06,4.6566128730773926e-09,0.406,2.3946356773376465,False,True,True
1,1,conv1.weight,64x3x3x3,2000,4.013756933414303,0.0007639384130015969,0.0006888903444632888,2.003441233419006,0.4991411693635922,1.328385245002279,0.3309563960941255,0.6291352829436767,0.1228947639465332,-0.0002491474151611328,0.0,-0.00027573108673095703,-1.2103555491194129e-08,0.398,2.2977521419525146,False,True,True
1,2,layer1.0.conv1.weight,64x64x3x3,2000,10.337533199616635,0.0009861212456598878,0.0008106156601570547,3.2152067864849236,0.311021985958566,2.045721428982724,0.19789219316503717,0.49547816230429925,0.34743165969848633,-0.0006000995635986328,-0.0020000000000000018,-0.0008908510208129883,-6.049958756193519e-09,0.398,2.2977521419525146,False,True,True
1,3,layer1.0.conv2.weight,64x64x3x3,2000,14.299827564541632,0.0007123388350009918,0.0006005530594848096,3.781508360062485,0.2644447412998649,1.8399722759085086,0.12867114813068764,0.4635875686070744,0.4217185974121094,-0.0005121231079101562,0.0010000000000000009,-0.0009340643882751465,-8.847564458847046e-09,0.398,2.2977521419525146,False,True,True
1,4,layer1.1.conv1.weight,64x64x3x3,2000,11.972543410546002,0.0006820274284109473,0.0006074401317164302,3.4601372928654444,0.28900587328194416,1.5006550827358875,0.1253412921559691,0.41438220155672434,0.35667717456817627,-0.0005435943603515625,0.0,-0.0005884170532226562,-8.381903171539307e-09,0.398,2.2977521419525146,False,True,True
1,5,layer1.1.conv2.weight,64x64x3x3,2000,13.801192578795169,0.0005529859336093068,0.0004825951182283461,3.714980675196569,0.2691804042687483,1.6317206908366901,0.11823136817288406,0.4667882773262757,0.34347617626190186,-0.00014066696166992188,0.0,-0.00013959407806396484,3.259629011154175e-09,0.398,2.2977521419525146,False,True,True
1,6,layer2.0.conv1.weight,128x64x3x3,2000,15.903303388064575,0.0008526494493708014,0.0007803785265423357,3.9878897403580975,0.250759189723787,1.9549659403218047,0.12292861338759736,0.3917956938564763,0.44810938835144043,-0.0005946159362792969,-0.0010000000000000009,-0.000982046127319336,-1.6763806343078613e-08,0.398,2.2977521419525146,False,True,True
1,7,layer2.0.conv2.weight,128x128x3x3,2000,18.39673804844248,0.0007530346629209816,0.0006803700816817582,4.289133925266962,0.2331473013955279,2.08035815878764,0.11308340184386574,0.33844726603660313,0.37506043910980225,-0.0005135536193847656,0.0010000000000000009,-0.0010805726051330566,-3.725290298461914e-09,0.398,2.2977521419525146,False,True,True
1,8,layer2.0.downsample.0.weight,128x64x1x1,2000,7.967062409709395,0.0003365058801136911,0.00031578229391016066,2.822587014608051,0.35428491480496005,1.4041043703946627,0.17624011904560477,0.46798786336764875,0.08236682415008545,-0.0004177093505859375,0.0010000000000000009,-0.0007128715515136719,-9.313225746154785e-09,0.398,2.2977521419525146,False,True,True
1,9,layer2.1.conv1.weight,128x128x3x3,2000,18.724666432440205,0.0007089815917424858,0.0006490859668701887,4.3271812226554385,0.23109732376457653,2.2611840642301417,0.12076072889380662,0.3077141986730985,0.2928950786590576,-0.0007598400115966797,0.0010000000000000009,-0.0015406012535095215,-1.1641532182693481e-08,0.398,2.2977521419525146,False,True,True
1,10,layer2.1.conv2.weight,128x128x3x3,2000,15.565775410332797,0.0007288062479346991,0.0006796360248699784,3.9453280765855463,0.253464345825821,2.5580363710831886,0.16433892708712491,0.3341088669463901,0.1458415985107422,-0.0006167888641357422,0.0010000000000000009,-0.0011286139488220215,6.984919309616089e-09,0.398,2.2977521419525146,False,True,True
1,11,layer3.0.conv1.weight,256x128x3x3,2000,19.81867178088075,0.0010212995111942291,0.00096696283435449,4.451741819349049,0.22463117597107723,2.5004823530830675,0.12617227189821476,0.2156688630051996,0.3505551815032959,-0.0009007453918457031,0.0010000000000000009,-0.0015349984169006348,-2.7939677238464355e-09,0.398,2.2977521419525146,False,True,True
1,12,layer3.0.conv2.weight,256x256x3x3,2000,20.65108815002078,0.0008954603690654039,0.0008376569021493196,4.5443251941706295,0.22005467418634125,3.0569969738384715,0.14803221344555093,0.22221412076484134,0.18899178504943848,-0.0007781982421875,0.0010000000000000009,-0.0015606880187988281,3.725290298461914e-09,0.398,2.2977521419525146,False,True,True
1,13,layer3.0.downsample.0.weight,256x128x1x1,2000,9.246133381166937,0.00038361939368769526,0.0003686192212626338,3.040733063901305,0.3288680653595371,1.943459626542564,0.2101933296280154,0.3140066769828716,-0.025227129459381104,-0.0006785392761230469,0.0010000000000000009,-0.0013585686683654785,1.862645149230957e-09,0.398,2.2977521419525146,False,True,True
1,14,layer3.1.conv1.weight,256x256x3x3,2000,20.960378582836466,0.0008137368131428957,0.000757021305616945,4.57807661018244,0.2184323429135777,3.2048479598064383,0.15291193166915087,0.16735534823292428,0.10589146614074707,-0.0008985996246337891,0.0010000000000000009,-0.0019078254699707031,-8.847564458847046e-09,0.398,2.2977521419525146,False,True,True
1,15,layer3.1.conv2.weight,256x256x3x3,2000,13.751266145434542,0.0008268363308161497,0.000780630623921752,3.708233092398406,0.26967021087480275,3.5479165606394547,0.2580116539122619,0.26869485456127706,0.04921489953994751,-0.0008628368377685547,0.0,-0.0016138553619384766,-5.587935447692871e-09,0.398,2.2977521419525146,False,True,True
1,16,layer4.0.conv1.weight,512x256x3x3,2000,9.470276315339518,0.0013185206335037947,0.00128269346896559,3.0772711933933286,0.32496323435741553,2.2305354227011494,0.23554700650960173,0.24939554989735033,0.11486826837062836,-0.0010933876037597656,0.0,-0.0020061731338500977,3.259629011154175e-09,0.398,2.2977521419525146,False,True,True
1,17,layer4.0.conv2.weight,512x512x3x3,2000,10.22751641590975,0.000550167984329164,0.0005222152103669941,3.1979090997770374,0.31270432298082557,2.6264766340929087,0.256827384332426,0.2502384410876061,0.04838263988494873,-0.0010437965393066406,0.0,-0.0018009543418884277,8.847564458847046e-09,0.398,2.2977521419525146,False,True,True
1,18,layer4.0.downsample.0.weight,512x256x1x1,2000,5.361216636786245,0.00027366128051653504,0.00026767916278913617,2.3152523064082566,0.43191836899682867,2.795893296656016,0.5215836255670314,0.5101726384509716,0.10517480969429016,-0.00060272216796875,0.0,-0.0010355114936828613,1.1641532182693481e-08,0.398,2.2977521419525146,False,True,True
1,19,layer4.1.conv1.weight,512x512x3x3,2000,7.405273086374708,0.00036380140227265656,0.00033168261870741844,2.72097376329607,0.36751548783353327,3.5997230842683217,0.48620610308671447,0.482778630219283,0.027761951088905334,-0.0005040168762207031,0.0,-0.0006281137466430664,3.725290298461914e-09,0.398,2.2977521419525146,False,True,True
1,20,layer4.1.conv2.weight,512x512x3x3,2000,5.931093366682601,0.0001552557514514774,0.0001300369476666674,2.43526597148118,0.410632765254704,4.110894756845648,0.6931759715657398,0.6433990389002998,0.11792376637458801,-0.0002715587615966797,0.0,1.4901161193847656e-06,4.6566128730773926e-09,0.398,2.2977521419525146,False,True,True
1,21,fc.weight,10x512,2000,4.847990658229615,0.00044633843936026096,0.0002876440994441509,2.2018141281548496,0.45417094350194476,3.4601043129358087,0.7137199593287458,0.7137001633444342,-0.00033264525700360537,-0.00024366378784179688,0.0,-1.3113021850585938e-06,9.313225746154785e-10,0.398,2.2977521419525146,False,True,True
2,1,conv1.weight,64x3x3x3,2000,4.5515259898480105,0.0007945304969325662,0.0006828461773693562,2.1334321763238218,0.4687282825756986,1.3588777468160522,0.2985538574319807,0.6454611719894349,0.18563807010650635,-0.00014853477478027344,0.0,-0.00029033422470092773,4.69299266114831e-10,0.4,2.31034779548645,False,True,True
2,2,layer1.0.conv1.weight,64x64x3x3,2000,9.317503623165678,0.0010317200794816017,0.0008668595110066235,3.0524582150716184,0.3276048121027391,1.762840344666106,0.18919666858857134,0.612550751041946,0.44251787662506104,-0.0001900196075439453,0.0010000000000000009,-0.0003769993782043457,-1.163789420388639e-08,0.4,2.31034779548645,False,True,True
2,3,layer1.0.conv2.weight,64x64x3x3,2000,11.382445494938969,0.0008352185832336545,0.0007335940608754754,3.3737887089407126,0.2964026755291311,1.839815894079321,0.16163619459737955,0.6446166019367451,0.44636309146881104,-0.00037980079650878906,0.0010000000000000009,-0.000629723072052002,1.393345883116126e-09,0.4,2.31034779548645,False,True,True
2,4,layer1.1.conv1.weight,64x64x3x3,2000,9.6144625784984,0.0007930304855108261,0.000726648373529315,3.1007270099054174,0.3225050115039,1.6880796829225815,0.17557631424770395,0.6711063454857009,0.37654948234558105,-0.0002884864807128906,0.0,-0.0003699064254760742,1.816079020500183e-08,0.4,2.31034779548645,False,True,True
2,5,layer1.1.conv2.weight,64x64x3x3,2000,10.109598334794274,0.0007023962098173797,0.0006475948030129075,3.1795599861971535,0.3145089271286337,1.6169501536088227,0.1599420174656436,0.5559812022905527,0.35314297676086426,-0.00022363662719726562,0.0,-0.0004887580871582031,-1.0240910341963172e-08,0.4,2.31034779548645,False,True,True
2,6,layer2.0.conv1.weight,128x64x3x3,2000,12.358281022373163,0.0009992605773732066,0.0009428577614016831,3.5154097671578137,0.2844618597076078,1.8663757248811421,0.15102441650565882,0.45456320559824115,0.5421311855316162,-0.0005421638488769531,-0.0010000000000000009,-0.0007787942886352539,-6.984919309616089e-09,0.4,2.31034779548645,False,True,True
2,7,layer2.0.conv2.weight,128x128x3x3,2000,15.631412968914445,0.0008211397798731923,0.0007648336468264461,3.953639432696005,0.25293151209747405,2.0348371871458886,0.13017738681244367,0.3941854980412041,0.38488543033599854,-0.0004420280456542969,-0.0010000000000000009,-0.0007162094116210938,-2.3283064365386963e-09,0.4,2.31034779548645,False,True,True
2,8,layer2.0.downsample.0.weight,128x64x1x1,2000,6.932120756940211,0.00036199638270772994,0.0003446004120633006,2.632897578175318,0.3798096850744312,1.3255547922368858,0.19121843748645392,0.5233195376952938,0.09524130821228027,-0.0003657341003417969,0.0010000000000000009,-0.00037682056427001953,5.587935447692871e-09,0.4,2.31034779548645,False,True,True
2,9,layer2.1.conv1.weight,128x128x3x3,2000,19.159112270403984,0.0006720043602399528,0.0006178550538606942,4.377067127289541,0.22846348272004707,2.168443447845167,0.11318311223353694,0.31136698709088273,0.3487144708633423,-0.0006954669952392578,0.0,-0.001193225383758545,1.257285475730896e-08,0.4,2.31034779548645,False,True,True
2,10,layer2.1.conv2.weight,128x128x3x3,2000,11.231732064050645,0.0008772412547841668,0.0008416500641033053,3.3513864144718726,0.2983839749668451,2.0336660472178756,0.1810633940634576,0.32491169804474235,0.22437739372253418,-0.00057220458984375,0.0,-0.0008387565612792969,4.656612873077393e-10,0.4,2.31034779548645,False,True,True
2,11,layer3.0.conv1.weight,256x128x3x3,2000,14.801344414074494,0.0012319051893427968,0.0011863091494888067,3.8471315308865464,0.25993392530812603,2.430765507719147,0.16423623998273015,0.31018324727004776,0.36511296033859253,-0.0005860328674316406,0.0,-0.0009339451789855957,1.0710209608078003e-08,0.4,2.31034779548645,False,True,True
2,12,layer3.0.conv2.weight,256x256x3x3,2000,16.366385338523394,0.0010026473319157958,0.0009564227657392621,4.045472985509495,0.24718988449111054,2.9763155730673367,0.18186135573444517,0.2581183335909488,0.2014712691307068,-0.0007181167602539062,0.0,-0.0011463761329650879,0.0,0.4,2.31034779548645,False,True,True
2,13,layer3.0.downsample.0.weight,256x128x1x1,2000,7.9889214943557345,0.0004223282157909125,0.00040829242789186537,2.826429555109858,0.35380326326977285,2.0514691211693568,0.2567962593425943,0.4006868364922798,-0.021617531776428223,-0.0004336833953857422,0.0,-0.0006783008575439453,0.0,0.4,2.31034779548645,False,True,True
2,14,layer3.1.conv1.weight,256x256x3x3,2000,16.858665868543117,0.0008986233151517808,0.0008510752813890576,4.105805120689986,0.2435575899500921,3.338821263920952,0.1980599048640207,0.2497335732572831,0.13130635023117065,-0.0006897449493408203,0.0,-0.0010551810264587402,1.4006218407303095e-09,0.4,2.31034779548645,False,True,True
2,15,layer3.1.conv2.weight,256x256x3x3,2000,11.593703195324954,0.0008828199352137744,0.0008437100914306939,3.4048739576691878,0.29369662796109836,2.933330962519124,0.2530223851382476,0.3084066092313406,0.09688904881477356,-0.0007181167602539062,0.0,-0.001305699348449707,-2.7976057026535273e-09,0.4,2.31034779548645,False,True,True
2,16,layer4.0.conv1.weight,512x256x3x3,2000,8.977492880114296,0.0012923722388222814,0.0012587037635967135,2.9959862698324193,0.33377990081908326,2.259310896261174,0.25170761793526747,0.3041209235687995,0.12685133516788483,-0.0007989406585693359,0.0,-0.0013886690139770508,1.3500539353117347e-08,0.4,2.31034779548645,False,True,True
2,17,layer4.0.conv2.weight,512x512x3x3,2000,9.565045834898404,0.0005396935739554465,0.0005128873744979501,3.0926162104387847,0.323350824012566,2.4187178920238033,0.25289080606552644,0.2821660172232829,0.07718774676322937,-0.0007953643798828125,0.0,-0.001337885856628418,1.393345883116126e-09,0.4,2.31034779548645,False,True,True
2,18,layer4.0.downsample.0.weight,512x256x1x1,2000,5.082845296323992,0.0002657106379047036,0.0002603300381451845,2.2543735051613694,0.44358221816859916,2.740094984834609,0.5391552872070301,0.45963122790911626,0.1457659900188446,-0.0005235671997070312,0.0,-0.0008745193481445312,3.7216523196548223e-09,0.4,2.31034779548645,False,True,True
2,19,layer4.1.conv1.weight,512x512x3x3,2000,7.659432957277137,0.00034408600185997784,0.000312244170345366,2.767357788878077,0.3613555153652224,3.4357682961189333,0.4486350599898443,0.46489581317628037,0.04936133325099945,-0.0004839897155761719,0.0,-0.0006514191627502441,-1.3969838619232178e-09,0.4,2.31034779548645,False,True,True
2,20,layer4.1.conv2.weight,512x512x3x3,2000,5.960691782441616,0.00014905208081472665,0.00012497841089498252,2.441291828723876,0.40961919760437854,4.290169570671095,0.7198384538075644,0.6920339392684351,0.09813672304153442,-0.00025272369384765625,0.0,-3.260374069213867e-05,-4.6566128730773926e-09,0.4,2.31034779548645,False,True,True
2,21,fc.weight,10x512,2000,4.7609518946524805,0.00042535789543762803,0.00028766036848537624,2.1819615569723165,0.45830321657343825,3.2694760297236733,0.686726887814917,0.6867189789063638,-0.000299400941003114,-0.0002665519714355469,0.0,-9.03010368347168e-05,-1.3969838619232178e-09,0.4,2.31034779548645,False,True,True
3,1,conv1.weight,64x3x3x3,2000,4.341941628397192,0.0006738490192219615,0.0006077194702811539,2.083732254563026,0.4799081061447156,1.2378847525254457,0.2850995074769896,0.6084228907361008,0.1725863218307495,-5.7697296142578125e-05,0.0020000000000000018,0.00019508600234985352,-1.4901161193847656e-08,0.41500000000000004,2.2427682876586914,False,True,True
3,2,layer1.0.conv1.weight,64x64x3x3,2000,11.392780101385057,0.0008942934218794107,0.0007052192813716829,3.375322217538788,0.2962680110372332,1.9278474020335536,0.169216267063795,0.6305419412194766,0.3454853296279907,-0.00040912628173828125,0.0,-0.0008999109268188477,-1.1175870895385742e-08,0.41500000000000004,2.2427682876586914,False,True,True
3,3,layer1.0.conv2.weight,64x64x3x3,2000,14.767371153116365,0.0006979073514230549,0.0005801324150525033,3.842846475596201,0.2602237706737567,1.7024118727333215,0.11528124165684481,0.5561301247511313,0.4760603904724121,-0.0006144046783447266,0.0010000000000000009,-0.000987231731414795,1.0713847586885095e-08,0.41500000000000004,2.2427682876586914,False,True,True
3,4,layer1.1.conv1.weight,64x64x3x3,2000,12.517410949254392,0.0006797799724154174,0.0006046733469702303,3.537993987600496,0.28264604278714733,1.7807522929277635,0.14226216367953606,0.46367254913127814,0.3306688070297241,-0.000827789306640625,-0.0010000000000000009,-0.0012812614440917969,-9.349605534225702e-10,0.41500000000000004,2.2427682876586914,False,True,True
3,5,layer1.1.conv2.weight,64x64x3x3,2000,13.442196020731915,0.0005685148644261062,0.0005088364705443382,3.6663479066064424,0.2727509842145876,1.6518867180231844,0.12288895389721956,0.43777922810012115,0.3290092945098877,-0.0006780624389648438,0.0,-0.0010300278663635254,3.725290298461914e-09,0.41500000000000004,2.2427682876586914,False,True,True
3,6,layer2.0.conv1.weight,128x64x3x3,2000,15.623921789501408,0.000856851926073432,0.0007932566222734749,3.9527027527337024,0.2529914497892351,1.9131118784010666,0.12244810534599904,0.37987586053705275,0.4946080446243286,-0.0007686614990234375,0.0,-0.0012108087539672852,1.3969838619232178e-09,0.41500000000000004,2.2427682876586914,False,True,True
3,7,layer2.0.conv2.weight,128x128x3x3,2000,19.512675840244455,0.000713482266291976,0.0006531898397952318,4.417294375850803,0.22638292015740802,1.9718475706881424,0.10105565853848358,0.34207172356040016,0.4041116237640381,-0.0008709430694580078,0.0010000000000000009,-0.0014910697937011719,7.446942618116736e-09,0.41500000000000004,2.2427682876586914,False,True,True
3,8,layer2.0.downsample.0.weight,128x64x1x1,2000,8.00892681439272,0.00031904911156743765,0.00030072874506004155,2.829998052441768,0.3533571336337789,1.3106551637078223,0.16365005254655288,0.4603430399684912,0.09331858158111572,-0.0005896091461181641,0.0010000000000000009,-0.0010295510292053223,-2.3283064365386963e-09,0.41500000000000004,2.2427682876586914,False,True,True
3,9,layer2.1.conv1.weight,128x128x3x3,2000,19.657921002345677,0.0006847003242000937,0.0006281124078668654,4.433703061328759,0.22554509992383318,2.022981915170669,0.10291026953094613,0.313940611424003,0.3652490973472595,-0.0007808208465576172,0.0,-0.0011442303657531738,-7.916241884231567e-09,0.41500000000000004,2.2427682876586914,False,True,True
3,10,layer2.1.conv2.weight,128x128x3x3,2000,14.208174679664827,0.000768728437833488,0.0007243410218507051,3.7693823128856105,0.26529545612327676,2.5503020927775513,0.1794945400298949,0.3152513373091431,0.15115827322006226,-0.0008482933044433594,0.0010000000000000009,-0.0014627575874328613,-2.7976057026535273e-09,0.41500000000000004,2.2427682876586914,False,True,True
3,11,layer3.0.conv1.weight,256x128x3x3,2000,17.765380789170536,0.0011247220681980252,0.0010719188721850514,4.214768857447489,0.23726093501735016,2.353100714066794,0.1324625136325084,0.26821719521788534,0.3953607678413391,-0.0009758472442626953,-0.0010000000000000009,-0.0015229582786560059,-5.122274160385132e-09,0.41500000000000004,2.2427682876586914,False,True,True
3,12,layer3.0.conv2.weight,256x256x3x3,2000,18.421182331205923,0.0009631290449760854,0.0009144286741502583,4.291872247253804,0.2329985475778921,3.059182228686504,0.16607787989403064,0.22292960152860056,0.16881048679351807,-0.0011501312255859375,0.0,-0.001893460750579834,-7.450580596923828e-09,0.41500000000000004,2.2427682876586914,False,True,True
3,13,layer3.0.downsample.0.weight,256x128x1x1,2000,8.318832638921222,0.00040981313213706017,0.000396604067645967,2.884189783277864,0.34671782203718443,1.9555995917353988,0.23508897782149246,0.34499902283216033,-0.026957273483276367,-0.0008492469787597656,0.0,-0.001355290412902832,-8.381903171539307e-09,0.41500000000000004,2.2427682876586914,False,True,True
3,14,layer3.1.conv1.weight,256x256x3x3,2000,16.52213296280888,0.0009415704989805818,0.0008973091025836766,4.064553173022356,0.24602950371944854,2.9085593976526276,0.17605658285888817,0.2507609029780188,0.1417882740497589,-0.0009992122650146484,-0.0010000000000000009,-0.0016018152236938477,-9.349605534225702e-10,0.41500000000000004,2.2427682876586914,False,True,True
3,15,layer3.1.conv2.weight,256x256x3x3,2000,11.896718509260388,0.000901741033885628,0.0008640993037261069,3.4490254647073155,0.2899369721194158,2.6458287671979814,0.22241747181907073,0.2829338150208085,0.10373204946517944,-0.0009937286376953125,-0.0010000000000000009,-0.0016788840293884277,-1.1175870895385742e-08,0.41500000000000004,2.2427682876586914,False,True,True
3,16,layer4.0.conv1.weight,512x256x3x3,2000,9.735255939613252,0.0012804052093997598,0.0012465317267924547,3.120068496009082,0.3205057841772103,2.1024301177185576,0.21596994272240905,0.23368857006374774,0.1392875462770462,-0.0011723041534423828,-0.0010000000000000009,-0.0019722580909729004,-1.0710209608078003e-08,0.41500000000000004,2.2427682876586914,False,True,True
3,17,layer4.0.conv2.weight,512x512x3x3,2000,10.386473073622513,0.0005231957766227424,0.000497786735650152,3.222643318886992,0.31030427541865574,2.589981346422006,0.2493860600118988,0.2499429774626934,0.07023739814758301,-0.0009591579437255859,-0.0010000000000000009,-0.0015535950660705566,1.862645149230957e-09,0.41500000000000004,2.2427682876586914,False,True,True
3,18,layer4.0.downsample.0.weight,512x256x1x1,2000,5.398564562494204,0.0002583744062576443,0.00025277776876464486,2.3233232834081163,0.4304179307035935,3.3468729807417774,0.6200404308289544,0.44739359110030563,0.12492582201957703,-0.0006558895111083984,0.0,-0.0009884238243103027,-1.3969838619232178e-09,0.41500000000000004,2.2427682876586914,False,True,True
3,19,layer4.1.conv1.weight,512x512x3x3,2000,7.797954214832728,0.00033695035381242633,0.00030589065863750875,2.7922509524055483,0.3581339990728596,3.3351073185068842,0.4277607137625494,0.45764613047092767,0.03127433359622955,-0.0005347728729248047,-0.0010000000000000009,-0.0006786584854125977,2.7939677238464355e-09,0.41500000000000004,2.2427682876586914,False,True,True
3,20,layer4.1.conv2.weight,512x512x3x3,2000,6.06558372206051,0.00014953284699004143,0.00012469914508983493,2.4627048741608943,0.40605758752994114,4.256831233485396,0.7018781930042755,0.6566341046106048,0.09457700327038765,-0.00028133392333984375,0.0,-3.546476364135742e-05,-3.259629011154175e-09,0.41500000000000004,2.2427682876586914,False,True,True
3,21,fc.weight,10x512,2000,4.912448813059126,0.00043339302646927536,0.00027765813865698874,2.2164047649122764,0.45118112712574826,3.3838153822312718,0.6888243399775417,0.6888252656668065,-0.00031245313584804535,-0.0002741813659667969,0.0,-4.738569259643555e-05,6.05359673500061e-09,0.41500000000000004,2.2427682876586914,False,True,True
4,1,conv1.weight,64x3x3x3,2000,4.090840879082548,0.000739123672246933,0.0006616090540774167,2.022581423538484,0.49441767256544406,1.2367243941509107,0.30231587738852833,0.6371657016510678,0.14736461639404297,-0.0003428459167480469,0.0010000000000000009,-0.00035834312438964844,-1.3504177331924438e-08,0.38,2.3251090049743652,False,True,True
4,2,layer1.0.conv1.weight,64x64x3x3,2000,9.766048417864091,0.0010270290076732635,0.0008485406870022416,3.1250684643314437,0.31999298940605236,1.7968007260588472,0.1839843366209613,0.5769183659945982,0.3838233947753906,-0.0004184246063232422,0.0,-0.0007187724113464355,-7.450580596923828e-09,0.38,2.3251090049743652,False,True,True
4,3,layer1.0.conv2.weight,64x64x3x3,2000,11.460757785494199,0.0008886675350368023,0.0007909670821391046,3.38537778359126,0.29538800805243803,2.02428510377376,0.17662713037162808,0.5485685983796129,0.3267936706542969,-0.0004639625549316406,0.0,-0.0006424784660339355,-6.984919309616089e-09,0.38,2.3251090049743652,False,True,True
4,4,layer1.1.conv1.weight,64x64x3x3,2000,10.812085598285826,0.0007701926515437663,0.0006973428535275161,3.2881720103426524,0.304120343113009,1.4832315765301172,0.1371828721447187,0.5092217077652724,0.4081892967224121,-0.0006761550903320312,0.0,-0.0010638833045959473,-2.3283064365386963e-08,0.38,2.3251090049743652,False,True,True
4,5,layer1.1.conv2.weight,64x64x3x3,2000,10.246650800627384,0.0007102296222001314,0.0006598376203328371,3.2010298932447925,0.31239945684678644,1.751644878445268,0.17094899766969424,0.45111587260888175,0.28424882888793945,-0.0006334781646728516,0.0010000000000000009,-0.0010865330696105957,-1.5366822481155396e-08,0.38,2.3251090049743652,False,True,True
4,6,layer2.0.conv1.weight,128x64x3x3,2000,12.788752120706556,0.0010649183532223105,0.0009977897861972451,3.5761160875335336,0.2796329804521825,2.050093285474912,0.16030624816944072,0.4295305826719579,0.43226540088653564,-0.0006933212280273438,0.0,-0.001177370548248291,7.450580596923828e-09,0.38,2.3251090049743652,False,True,True
4,7,layer2.0.conv2.weight,128x128x3x3,2000,14.476936962589791,0.0009436390246264637,0.0008826358825899661,3.8048530079859506,0.26282224251531255,2.2827777466793546,0.15768409905233552,0.3981414869295418,0.33283042907714844,-0.0007903575897216797,0.0,-0.0013315081596374512,1.4435499906539917e-08,0.38,2.3251090049743652,False,True,True
4,8,layer2.0.downsample.0.weight,128x64x1x1,2000,6.823409860101986,0.0003995364240836352,0.00038091407623142004,2.61216809363192,0.3828237556525755,1.3844433052150813,0.20289575538576174,0.4957024668482859,0.07686197757720947,-0.0005533695220947266,0.0,-0.0009549856185913086,-3.259629011154175e-09,0.38,2.3251090049743652,False,True,True
4,9,layer2.1.conv1.weight,128x128x3x3,2000,14.267612415137119,0.0008835935150273144,0.0008331949939019978,3.7772139957654867,0.2647453920061368,2.0828952707079442,0.14599041148615421,0.32658163550192454,0.33177077770233154,-0.0007901191711425781,0.0,-0.0013434290885925293,-5.587935447692871e-09,0.38,2.3251090049743652,False,True,True
4,10,layer2.1.conv2.weight,128x128x3x3,2000,10.845221672098944,0.0009678946807980537,0.0009289571898989379,3.2931807894046674,0.3036577898235515,2.333946149197323,0.2152086558098747,0.403828365650298,0.1961236596107483,-0.0006830692291259766,0.0,-0.0010355114936828613,5.587935447692871e-09,0.38,2.3251090049743652,False,True,True
4,11,layer3.0.conv1.weight,256x128x3x3,2000,15.646669057125006,0.001259314944036305,0.0012067604111507535,3.9554703926033463,0.25281443184860664,2.732697488607551,0.17466071635167862,0.26282326424510666,0.2602715492248535,-0.0010967254638671875,0.0,-0.002024710178375244,1.862645149230957e-09,0.38,2.3251090049743652,False,True,True
4,12,layer3.0.conv2.weight,256x256x3x3,2000,15.834085047395131,0.0011012947652488947,0.0010513431625440717,3.9791358352515758,0.2513108477325394,2.8079252362238423,0.1773405462889677,0.23033432848355073,0.17183208465576172,-0.0011484622955322266,0.0,-0.0020409226417541504,-1.6763806343078613e-08,0.38,2.3251090049743652,False,True,True
4,13,layer3.0.downsample.0.weight,256x128x1x1,2000,7.730878568519534,0.00046178337652236223,0.00044707112829200923,2.7804486310875394,0.35965418990994336,2.0644212981315575,0.26703527145708295,0.3965074056832436,-0.026456892490386963,-0.0008351802825927734,0.0,-0.0014737248420715332,3.725290298461914e-09,0.38,2.3251090049743652,False,True,True
4,14,layer3.1.conv1.weight,256x256x3x3,2000,14.202346021589522,0.0010996013879776,0.0010522599332034588,3.7685430265507245,0.26535453966019357,3.040025880132621,0.21405744356259673,0.27426386627583604,0.12908297777175903,-0.0010488033294677734,0.0,-0.0018740296363830566,-2.3283064365386963e-09,0.38,2.3251090049743652,False,True,True
4,15,layer3.1.conv2.weight,256x256x3x3,2000,11.24597773543466,0.0009742302936501801,0.0009334760252386332,3.353353668536977,0.29820892719505077,3.147172432104198,0.279873573976567,0.2736216852487194,0.06095054745674133,-0.001028299331665039,0.0,-0.0017850399017333984,2.3283064365386963e-09,0.38,2.3251090049743652,False,True,True
4,16,layer4.0.conv1.weight,512x256x3x3,2000,9.15545225407496,0.0014042484108358622,0.0013664807192981243,3.025603196710439,0.33051260690339085,2.2493108420723216,0.24571152405501875,0.3014322983584887,0.1964704394340515,-0.0010724067687988281,0.0,-0.0019062161445617676,9.313225746154785e-10,0.38,2.3251090049743652,False,True,True
4,17,layer4.0.conv2.weight,512x512x3x3,2000,10.0201805165615,0.0005660249153152108,0.0005381364026106894,3.165113673735124,0.31594441877340484,2.7926391916286235,0.2787636797567975,0.2802074913124783,0.04354095458984375,-0.0009417533874511719,0.0,-0.0015584230422973633,-2.7939677238464355e-09,0.38,2.3251090049743652,False,True,True
4,18,layer4.0.downsample.0.weight,512x256x1x1,2000,5.202624898283755,0.00028230040334165096,0.00027617806335911155,2.2808207371557754,0.4384386653933259,2.7316071246081908,0.5250926145228215,0.44203368049357405,0.16538143157958984,-0.0006868839263916016,0.0,-0.0011587738990783691,-4.190951585769653e-09,0.38,2.3251090049743652,False,True,True
4,19,layer4.1.conv1.weight,512x512x3x3,2000,7.560391168460803,0.0003644246608018875,0.0003302670957054943,2.749362378545252,0.3637206967708353,3.5119124047154306,0.464600530469746,0.46329517767084055,0.016746968030929565,-0.0005562305450439453,0.0,-0.0007039904594421387,1.862645149230957e-09,0.38,2.3251090049743652,False,True,True
4,20,layer4.1.conv2.weight,512x512x3x3,2000,5.9137850623331,0.00016376555140595883,0.0001374133280478418,2.4317193957215126,0.41123165845510357,4.257030630209746,0.7199127859502717,0.7105829549573859,0.11874435096979141,-0.00025582313537597656,0.0,1.0013580322265625e-05,-1.862645149230957e-09,0.38,2.3251090049743652,False,True,True
4,21,fc.weight,10x512,2000,4.793077303636665,0.00046427661436609924,0.0003092802653554827,2.189311166754344,0.45676467337555354,3.2753936680822906,0.6833583556557924,0.6833825602343915,-0.00031161989318206906,-0.00029206275939941406,0.0,-3.826618194580078e-05,-1.862645149230957e-09,0.38,2.3251090049743652,False,True,True
5,1,conv1.weight,64x3x3x3,2000,3.757485093996293,0.0007088183192536235,0.0006522606709040701,1.9384251406600996,0.5158827024186583,1.2704833136241422,0.33812002676575664,0.6214992275005963,0.1186990737915039,-4.8160552978515625e-05,-0.0010000000000000009,-0.0002829432487487793,2.327942638657987e-08,0.395,2.303722620010376,False,True,True
5,2,layer1.0.conv1.weight,64x64x3x3,2000,10.46798977927434,0.0008755561430007219,0.0006729473825544119,3.2354274468017494,0.3090781717230313,2.0107983964981266,0.19209026108536703,0.5401045661063355,0.2858915328979492,-0.00039505958557128906,-0.0010000000000000009,-0.0004838109016418457,5.122274160385132e-09,0.395,2.303722620010376,False,True,True
5,3,layer1.0.conv2.weight,64x64x3x3,2000,13.072184863781882,0.0007312545203603804,0.0006239123758859932,3.6155499011451058,0.27658310003777936,1.7403478937297365,0.1331334902619473,0.5216417013772343,0.39218854904174805,-0.00048542022705078125,0.0,-0.0007117986679077148,2.3246684577316046e-09,0.395,2.303722620010376,False,True,True
5,4,layer1.1.conv1.weight,64x64x3x3,2000,11.052767344347265,0.0007132411119528115,0.000630082911811769,3.324576027462772,0.3007902336236159,1.5639305055358346,0.14149626850304303,0.44006967978105493,0.3580625057220459,-0.0004012584686279297,0.0,-0.00036275386810302734,1.0710209608078003e-08,0.395,2.303722620010376,False,True,True
5,5,layer1.1.conv2.weight,64x64x3x3,2000,11.332319512688137,0.0006584969814866781,0.0005917658563703299,3.3663349742930455,0.29705896995886666,1.8446504911772477,0.1627793975438175,0.5001271030538245,0.23968613147735596,-0.00024509429931640625,0.0010000000000000009,-0.00017714500427246094,4.6566128730773926e-09,0.395,2.303722620010376,False,True,True
5,6,layer2.0.conv1.weight,128x64x3x3,2000,13.755186701933148,0.0009682623785920441,0.0008984961314126849,3.708802502924473,0.2696288085470924,1.8557274494271057,0.13491081186375503,0.3673281359591405,0.4670356512069702,-0.0005049705505371094,-0.0010000000000000009,-0.0007051825523376465,-9.775249054655433e-09,0.395,2.303722620010376,False,True,True
5,7,layer2.0.conv2.weight,128x128x3x3,2000,18.635938080342225,0.0007395235006697476,0.0006762807024642825,4.316919554361442,0.23164666086716545,2.1345235104570066,0.11453888346363768,0.34940569673211985,0.36927056312561035,-0.0006053447723388672,0.0,-0.0007385611534118652,-2.3283064365386963e-09,0.395,2.303722620010376,False,True,True
5,8,layer2.0.downsample.0.weight,128x64x1x1,2000,7.612867960467509,0.00033243378857150674,0.00031424537883140147,2.7591374025177684,0.36243211341612774,1.327730402173895,0.17440673239210405,0.4450947532123962,0.09779441356658936,-0.0004322528839111328,0.0,-0.0005636811256408691,-3.725290298461914e-09,0.395,2.303722620010376,False,True,True
5,9,layer2.1.conv1.weight,128x128x3x3,2000,15.450270825288293,0.0008145551546476781,0.0007644185679964721,3.930619732098514,0.2544128071799281,1.7640004576367692,0.11417645412415532,0.33299029066598496,0.46055305004119873,-0.0006883144378662109,0.0,-0.0009606480598449707,1.1641532182693481e-08,0.395,2.303722620010376,False,True,True
5,10,layer2.1.conv2.weight,128x128x3x3,2000,14.392085484254688,0.0007583842379972339,0.000715833914000541,3.793690692613414,0.26359555404637264,2.3472872257461597,0.16309562642477474,0.29372129662448215,0.2024438977241516,-0.0007011890411376953,0.0,-0.0009416937828063965,6.05359673500061e-09,0.395,2.303722620010376,False,True,True
5,11,layer3.0.conv1.weight,256x128x3x3,2000,18.463192751623666,0.0010910396231338382,0.0010373141849413514,4.296796401179689,0.23273152987315135,2.5616114520583086,0.13874705019870032,0.22650991559288117,0.31849008798599243,-0.0010492801666259766,0.0,-0.0015662312507629395,3.259629011154175e-09,0.395,2.303722620010376,False,True,True
5,12,layer3.0.conv2.weight,256x256x3x3,2000,19.21805439892273,0.0009495472768321633,0.0008944421424530447,4.3837500393855295,0.22811519612559164,3.2815361456074927,0.1707597843238368,0.24324288878903427,0.14804613590240479,-0.000985860824584961,0.0,-0.0015546679496765137,9.313225746154785e-09,0.395,2.303722620010376,False,True,True
5,13,layer3.0.downsample.0.weight,256x128x1x1,2000,9.043813891668762,0.0003991557168774307,0.0003835071693174541,3.0072911293095057,0.3325251719907832,1.9791410097652256,0.2188395390794709,0.3470070005913346,-0.016185998916625977,-0.0007884502410888672,0.0,-0.0011805295944213867,-2.7939677238464355e-09,0.395,2.303722620010376,False,True,True
5,14,layer3.1.conv1.weight,256x256x3x3,2000,19.887191195825025,0.0008563955780118704,0.0008006242569535971,4.459330415413446,0.22424891336680308,3.3329647868161816,0.16760673291438746,0.24229288702117438,0.13445955514907837,-0.0009942054748535156,0.0,-0.0014743804931640625,6.984919309616089e-09,0.395,2.303722620010376,False,True,True
5,15,layer3.1.conv2.weight,256x256x3x3,2000,13.272845379991407,0.00085512112127617,0.0008095644298009574,3.6430217737985258,0.2744973986134907,3.1834205037333487,0.23986698333840448,0.27905378740149794,0.06295862793922424,-0.0009732246398925781,0.0,-0.0014170408248901367,0.0,0.395,2.303722620010376,False,True,True
5,16,layer4.0.conv1.weight,512x256x3x3,2000,10.104356391849771,0.0012807456078007817,0.0012407682370394468,3.1783931674895833,0.3146243863813231,2.5389658154475856,0.2513283846642695,0.25528314191702556,0.07856105268001556,-0.0010938644409179688,0.0,-0.0017230510711669922,-4.656612873077393e-10,0.395,2.303722620010376,False,True,True
5,17,layer4.0.conv2.weight,512x512x3x3,2000,10.676047226427137,0.000558334868401289,0.0005260990001261234,3.267175063195108,0.3060748140695154,2.847401179264185,0.2667496643363227,0.25474963684372837,0.04178868234157562,-0.0010097026824951172,0.0,-0.0015652179718017578,-1.862645149230957e-09,0.395,2.303722620010376,False,True,True
5,18,layer4.0.downsample.0.weight,512x256x1x1,2000,5.601381634607165,0.0002787531993817538,0.0002714706934057176,2.366549114642927,0.4225561995787624,2.1778005555085946,0.3888545115015024,0.41656412038365465,0.11149528622627258,-0.0007004737854003906,0.0,-0.0010825395584106445,-1.862645149230957e-09,0.395,2.303722620010376,False,True,True
5,19,layer4.1.conv1.weight,512x512x3x3,2000,7.2825991761760305,0.0003827399341389537,0.0003478020371403545,2.698559773264777,0.3705680377760089,3.059979594308175,0.420198404030762,0.4318099402373374,0.013966172933578491,-0.0005908012390136719,0.0,-0.0007308125495910645,-5.587935447692871e-09,0.395,2.303722620010376,False,True,True
5,20,layer4.1.conv2.weight,512x512x3x3,2000,5.9431461408824395,0.00015719555085524917,0.0001314460823778063,2.437811944683383,0.410203913464653,3.8698084996620854,0.6511619510954616,0.6580563781961576,0.06580940634012222,-0.0003147125244140625,0.0,-9.1552734375e-05,2.7939677238464355e-09,0.395,2.303722620010376,False,True,True
5,21,fc.weight,10x512,2000,4.797900944816714,0.0004515346372500062,0.0002989273052662611,2.1904112071897126,0.4565352828353154,3.244496806252671,0.6762324353917332,0.676254131733081,-0.0002987778279930353,-0.00031948089599609375,0.0,-0.00010097026824951172,-2.7939677238464355e-09,0.395,2.303722620010376,False,True,True
6,1,conv1.weight,64x3x3x3,2000,4.5050589102372,0.0006060830783098936,0.0005396658671088517,2.1225141842531046,0.47113937208004664,1.2591457188960435,0.279495507805321,0.5752392964833626,0.12373340129852295,-0.0004782676696777344,0.0,-0.0004884600639343262,2.2351741790771484e-08,0.403,2.3098082542419434,False,True,True
6,2,layer1.0.conv1.weight,64x64x3x3,2000,11.808245980916562,0.0008353748708032072,0.0006428124033845961,3.4363162929925033,0.29100930029032734,1.7444924450024093,0.14773480861355073,0.5247161876515831,0.3753631114959717,-0.000637054443359375,-0.0010000000000000009,-0.0007239580154418945,5.584297468885779e-09,0.403,2.3098082542419434,False,True,True
6,3,layer1.0.conv2.weight,64x64x3x3,2000,14.644608591939358,0.000697671202942729,0.0005877925432287157,3.8268248669832996,0.26131323871852635,1.9085310272143121,0.13032329878231844,0.4995155374104116,0.32752883434295654,-0.00044727325439453125,-0.0010000000000000009,-0.0004636049270629883,1.0710209608078003e-08,0.403,2.3098082542419434,False,True,True
6,4,layer1.1.conv1.weight,64x64x3x3,2000,12.176374192790698,0.000670018547680229,0.0005910446052439511,3.489462750343568,0.2865770668855947,1.5758317205508103,0.12941737969304212,0.4562096234389782,0.36547303199768066,-0.0005199909210205078,-0.0010000000000000009,-0.000509798526763916,6.049958756193519e-09,0.403,2.3098082542419434,False,True,True
6,5,layer1.1.conv2.weight,64x64x3x3,2000,12.889082083030736,0.00059693114599213,0.000522291287779808,3.5901430669597993,0.2785404317736059,1.6903958946845117,0.13114897042876247,0.4274246465500003,0.27088499069213867,-0.0007684230804443359,-0.0010000000000000009,-0.0011072158813476562,0.0,0.403,2.3098082542419434,False,True,True
6,6,layer2.0.conv1.weight,128x64x3x3,2000,14.850285599382245,0.0009070338564924896,0.0008370046271011233,3.8535998943958503,0.25949761973324303,1.9456771780446043,0.13101998233609222,0.30696208512579454,0.37232279777526855,-0.0010178089141845703,0.0,-0.0013952851295471191,6.049958756193519e-09,0.403,2.3098082542419434,False,True,True
6,7,layer2.0.conv2.weight,128x128x3x3,2000,19.424480181846256,0.0007309489301405847,0.000661856378428638,4.4073320981722155,0.2268946332441602,1.9861151209475365,0.10224754041510153,0.22188034113915145,0.36337506771087646,-0.0012698173522949219,0.0,-0.0018753409385681152,-1.0244548320770264e-08,0.403,2.3098082542419434,False,True,True
6,8,layer2.0.downsample.0.weight,128x64x1x1,2000,8.369727413237978,0.0003173409786541015,0.00029691270901821554,2.8930462749844024,0.3456564136726059,1.385543790985867,0.16554248427051438,0.3779536397230868,0.07915604114532471,-0.000720977783203125,0.0,-0.001036226749420166,1.862645149230957e-09,0.403,2.3098082542419434,False,True,True
6,9,layer2.1.conv1.weight,128x128x3x3,2000,22.79032519648855,0.0006335842190310359,0.0005640470189973712,4.773923638937011,0.209471301937847,1.9778133263700688,0.08678294797959198,0.24803609769729262,0.3646969795227051,-0.0011310577392578125,-0.0010000000000000009,-0.0016875863075256348,9.778887033462524e-09,0.403,2.3098082542419434,False,True,True
6,10,layer2.1.conv2.weight,128x128x3x3,2000,16.426157587579056,0.0007247244357131422,0.000671949062962085,4.052909919473416,0.24673630055166074,2.3615753788300076,0.14376987143125858,0.2521329342121221,0.19084054231643677,-0.0009963512420654297,0.0,-0.0015102624893188477,-1.0244548320770264e-08,0.403,2.3098082542419434,False,True,True
6,11,layer3.0.conv1.weight,256x128x3x3,2000,20.535753412068395,0.00103574909735471,0.0009765055729076266,4.531521909925326,0.22067641288674222,2.582976488289845,0.1257859784672489,0.19880590430223505,0.26993513107299805,-0.0011248588562011719,0.0,-0.001798093318939209,-4.656612873077393e-10,0.403,2.3098082542419434,False,True,True
6,12,layer3.0.conv2.weight,256x256x3x3,2000,21.906165122129398,0.0008872412145137787,0.0008253224077634513,4.6802873613892775,0.21366209439395706,3.4473650480106204,0.15737736664693477,0.2281203567861351,0.12998229265213013,-0.0010821819305419922,0.0,-0.0018050074577331543,2.3283064365386963e-09,0.403,2.3098082542419434,False,True,True
6,13,layer3.0.downsample.0.weight,256x128x1x1,2000,9.729666175085178,0.0003846555482596159,0.0003673680475912988,3.119217611888871,0.32059321420490466,2.0589613249399847,0.21162008776603652,0.32365506087714546,-0.024377644062042236,-0.0009226799011230469,0.0,-0.0015224814414978027,1.3969838619232178e-09,0.403,2.3098082542419434,False,True,True
6,14,layer3.1.conv1.weight,256x256x3x3,2000,19.64102849530533,0.0008737059542909265,0.0008177399286068976,4.431768521495516,0.22564355406869185,3.600764589320536,0.18333297159105266,0.21749610300899655,0.08582904934883118,-0.0012059211730957031,0.0,-0.0020571351051330566,4.656612873077393e-10,0.403,2.3098082542419434,False,True,True
6,15,layer3.1.conv2.weight,256x256x3x3,2000,13.784660857030373,0.0008537660469301045,0.0008055559010244906,3.712672049419441,0.26934778690091205,3.413782628167962,0.24766389912878944,0.23441329890896923,0.0560649037361145,-0.0012617111206054688,0.0,-0.0021836161613464355,-6.984919309616089e-09,0.403,2.3098082542419434,False,True,True
6,16,layer4.0.conv1.weight,512x256x3x3,2000,10.137014966600999,0.001307074329815805,0.001265605096705258,3.183514460063974,0.31411825281293193,2.142318272407876,0.2113831660901105,0.22032225135626335,0.15094347298145294,-0.0013058185577392578,0.0,-0.002333343029022217,-5.587935447692871e-09,0.403,2.3098082542419434,False,True,True
6,17,layer4.0.conv2.weight,512x512x3x3,2000,10.707903283419476,0.0005516995443031192,0.0005192643729969859,3.27194953939207,0.30562818526406754,2.4840336006175363,0.23203007015688415,0.2538764913636225,0.07277370989322662,-0.0010738372802734375,0.0,-0.0017862915992736816,-5.122274160385132e-09,0.403,2.3098082542419434,False,True,True
6,18,layer4.0.downsample.0.weight,512x256x1x1,2000,5.553913878632587,0.0002694305148907006,0.00026271073147654533,2.35653728271007,0.42435144452710627,2.026697139803288,0.36495577355289527,0.4283534551109003,0.16193242371082306,-0.0007507801055908203,0.0,-0.001224815845489502,-1.862645149230957e-09,0.403,2.3098082542419434,False,True,True
6,19,layer4.1.conv1.weight,512x512x3x3,2000,7.573229924889084,0.0003669281431939453,0.0003316949005238712,2.751859817387273,0.3633906035771257,3.6121545085656575,0.4769948143228108,0.45334422917429235,0.030707165598869324,-0.0005323886871337891,0.0,-0.0006577372550964355,-2.3283064365386963e-09,0.403,2.3098082542419434,False,True,True
6,20,layer4.1.conv2.weight,512x512x3x3,2000,5.841267699955302,0.00015849850024096668,0.00013239042891655117,2.4168121106866787,0.4137682013335634,3.722438385366422,0.6372968667217829,0.6750400925638057,0.09398004412651062,-0.00025844573974609375,0.0,3.129243850708008e-05,5.587935447692871e-09,0.403,2.3098082542419434,False,True,True
6,21,fc.weight,10x512,2000,4.557721925146269,0.0004720933793578297,0.0003270678862463683,2.134882271474548,0.4684099040783673,3.3883269169185315,0.7434255232563856,0.7434614898660438,-0.00030112132662907243,-0.00022125244140625,0.0,7.545948028564453e-05,3.725290298461914e-09,0.403,2.3098082542419434,False,True,True
7,1,conv1.weight,64x3x3x3,2000,4.045556549466264,0.0005987582262605429,0.0005508056492544711,2.011351480199265,0.4971781460597476,1.154270487159495,0.2853196663552027,0.5162236107958476,0.1640923023223877,-0.0001666545867919922,0.0,-0.0003279447555541992,1.4435499906539917e-08,0.419,2.116614580154419,False,True,True
7,2,layer1.0.conv1.weight,64x64x3x3,2000,12.14953375042388,0.0007662927382625639,0.0005893903435207903,3.485615893524615,0.2868933441168159,1.6621906616832478,0.1368112606179985,0.48348526133676395,0.4503967761993408,-0.0004837512969970703,0.0,-0.0009996294975280762,-1.6298145055770874e-08,0.419,2.116614580154419,False,True,True
7,3,layer1.0.conv2.weight,64x64x3x3,2000,15.115342586072186,0.0006640246720053256,0.000554695026949048,3.887839397692257,0.2572122708035676,1.6500685804827775,0.10916547686214004,0.6011428538379902,0.5028198957443237,-0.0006163120269775391,0.0,-0.0008657574653625488,1.3969838619232178e-08,0.419,2.116614580154419,False,True,True
7,4,layer1.1.conv1.weight,64x64x3x3,2000,13.016232983503171,0.0006592593854293227,0.0005743952351622283,3.6078174181683016,0.27717588893611544,1.7320766834353554,0.13306932102117644,0.5494262652048154,0.45480966567993164,-0.00087738037109375,0.0,-0.0015186071395874023,-1.0710209608078003e-08,0.419,2.116614580154419,False,True,True
7,5,layer1.1.conv2.weight,64x64x3x3,2000,12.39246589317659,0.0006269414443522692,0.0005601013544946909,3.5203010517723334,0.28406661398931754,1.6465822353780486,0.13286906607699472,0.48095056591277585,0.34358274936676025,-0.0007777214050292969,0.0,-0.0014115869998931885,-3.725290298461914e-09,0.419,2.116614580154419,False,True,True
7,6,layer2.0.conv1.weight,128x64x3x3,2000,14.697157345171027,0.0008920137770473957,0.0008297688327729702,3.8336638785499026,0.2608470725864088,1.8449111254019293,0.12552995745320014,0.4300596555828962,0.5095421075820923,-0.0007205009460449219,0.0,-0.0010346174240112305,-4.656612873077393e-10,0.419,2.116614580154419,False,True,True
7,7,layer2.0.conv2.weight,128x128x3x3,2000,16.578548573124564,0.000788014498539269,0.0007327683852054179,4.071683926988845,0.24559863140937258,1.9997206064364295,0.1206205273387841,0.36798640285126755,0.4106316566467285,-0.0007283687591552734,0.0,-0.0010479986667633057,2.7939677238464355e-09,0.419,2.116614580154419,False,True,True
7,8,layer2.0.downsample.0.weight,128x64x1x1,2000,7.253494320307191,0.00035439152270555496,0.0003375610103830695,2.693202205308093,0.37130520613308476,1.4027089852335533,0.19338806807503703,0.45854177846767497,0.10123491287231445,-0.0007491111755371094,0.0,-0.001148819923400879,9.313225746154785e-10,0.419,2.116614580154419,False,True,True
7,9,layer2.1.conv1.weight,128x128x3x3,2000,16.807012050696695,0.0007395076099783182,0.0006914845434948802,4.099559814505625,0.2439286277667331,2.4443718172041424,0.14544301059998824,0.3526839433041444,0.2471160888671875,-0.0008206367492675781,0.0010000000000000009,-0.0011903643608093262,-1.3969838619232178e-09,0.419,2.116614580154419,False,True,True
7,10,layer2.1.conv2.weight,128x128x3x3,2000,13.8278302747337,0.0007701559807173908,0.0007295040413737297,3.7185753651601745,0.2689201916866154,2.122670870764756,0.15350743255342075,0.2978962016687426,0.2690092921257019,-0.0007295608520507812,0.0,-0.0011971890926361084,1.0710209608078003e-08,0.419,2.116614580154419,False,True,True
7,11,layer3.0.conv1.weight,256x128x3x3,2000,18.681781469966786,0.0010562456445768476,0.0010056699393317103,4.3221772540306045,0.2313648749753286,2.3289730965509245,0.12466925290307294,0.2144682217085802,0.36756110191345215,-0.0010573863983154297,0.0010000000000000009,-0.0017953813076019287,-7.450580596923828e-09,0.419,2.116614580154419,False,True,True
7,12,layer3.0.conv2.weight,256x256x3x3,2000,20.004207181010045,0.000898352765943855,0.0008432096219621599,4.472560389897796,0.22358557801895915,3.1459612838843705,0.15726821124198642,0.1966085468896447,0.19538289308547974,-0.0011036396026611328,0.0,-0.002069920301437378,-5.122274160385132e-09,0.419,2.116614580154419,False,True,True
7,13,layer3.0.downsample.0.weight,256x128x1x1,2000,9.194874354863234,0.00038442161167040467,0.0003687884018290788,3.032251040759116,0.3297879979454645,2.0175632974399935,0.21943043977754867,0.33535192729347696,-0.020477473735809326,-0.0007779598236083984,-0.0010000000000000009,-0.0013369619846343994,-4.190951585769653e-09,0.419,2.116614580154419,False,True,True
7,14,layer3.1.conv1.weight,256x256x3x3,2000,18.228251296649056,0.0008766663377173245,0.0008277491433545947,4.269293493597043,0.2342307928700076,3.5403725786320384,0.19423927178365463,0.2630825382883485,0.10720676183700562,-0.0009844303131103516,0.0,-0.0018913447856903076,6.984919309616089e-09,0.419,2.116614580154419,False,True,True
7,15,layer3.1.conv2.weight,256x256x3x3,2000,12.47362018777539,0.0008599232533015311,0.0008185481419786811,3.531600982037274,0.283157696774433,3.537919021517239,0.28366427129777594,0.29500942719253526,0.05085471272468567,-0.0009124279022216797,0.0,-0.001765817403793335,-5.122274160385132e-09,0.419,2.116614580154419,False,True,True
7,16,layer4.0.conv1.weight,512x256x3x3,2000,9.369833091327035,0.001288058003410697,0.0012524659978225827,3.060574997103305,0.3267359894616059,2.6016491759399636,0.27774268274666003,0.2531429781585197,0.10322090983390808,-0.0010445117950439453,0.0,-0.0019155442714691162,5.587935447692871e-09,0.419,2.116614580154419,False,True,True
7,17,layer4.0.conv2.weight,512x512x3x3,2000,9.726468349408666,0.0005390566075220704,0.0005133256199769676,3.118430419948422,0.3206741422232982,2.7098765897425587,0.27866177925383095,0.271516215385908,0.04826913774013519,-0.0009028911590576172,0.0,-0.0016063153743743896,-6.05359673500061e-09,0.419,2.116614580154419,False,True,True
7,18,layer4.0.downsample.0.weight,512x256x1x1,2000,5.1685845317509935,0.00026862742379307747,0.000263089663349092,2.273308639856606,0.43988747610754575,3.3106495716807385,0.6406139568899325,0.410976453965508,0.10302333533763885,-0.0006580352783203125,0.0,-0.0011550486087799072,-2.7939677238464355e-09,0.419,2.116614580154419,False,True,True
7,19,layer4.1.conv1.weight,512x512x3x3,2000,7.350045466890564,0.0003398330300115049,0.0003098400484304875,2.7110460653955517,0.36886130883729423,3.8418447353331615,0.5227163257873187,0.48348993652125744,0.06258830428123474,-0.00046515464782714844,0.0,-0.0005807578563690186,4.656612873077393e-10,0.419,2.116614580154419,False,True,True
7,20,layer4.1.conv2.weight,512x512x3x3,2000,5.90203368950875,0.00014313223073258996,0.00011917806841665879,2.4292318907032047,0.4116527548592835,4.15216996699238,0.7036183796833827,0.7220605435597105,0.10619691014289856,-0.0002396106719970703,0.0,7.110834121704102e-05,-4.190951585769653e-09,0.419,2.116614580154419,False,True,True
7,21,fc.weight,10x512,2000,4.684197728589858,0.00043328458559699357,0.00029641034780070186,2.1643009643295787,0.4620429489619358,3.1363127250660425,0.669551556631786,0.6695594826262519,-0.00027630379190668464,-0.0002646446228027344,0.0,2.512335777282715e-05,-9.313225746154785e-10,0.419,2.116614580154419,False,True,True
8,1,conv1.weight,64x3x3x3,2000,3.9592683974261402,0.0009324042475782335,0.0008304857183247805,1.9897918561211063,0.5025651285704811,1.3141870780567493,0.33192646836376444,0.6942085137404422,0.17411017417907715,1.4781951904296875e-05,0.0,0.00013387203216552734,3.725290298461914e-08,0.41100000000000003,2.1749634742736816,False,True,True
8,2,layer1.0.conv1.weight,64x64x3x3,2000,10.894235960764144,0.0009258192731067538,0.0007573102484457195,3.3006469353216827,0.30297090830847667,1.8593556887503644,0.17067283430693703,0.6258909927456825,0.40075433254241943,-0.0003380775451660156,0.0,-0.000451505184173584,1.815715222619474e-08,0.41100000000000003,2.1749634742736816,False,True,True
8,3,layer1.0.conv2.weight,64x64x3x3,2000,12.600703970039389,0.0007962350500747561,0.0006991448462940753,3.5497422256675146,0.28171059655238884,1.7510807547284741,0.13896726391741515,0.5713005282485427,0.40958476066589355,-0.0004487037658691406,-0.0010000000000000009,-0.0007876753807067871,-7.916241884231567e-09,0.41100000000000003,2.1749634742736816,False,True,True
8,4,layer1.1.conv1.weight,64x64x3x3,2000,9.917819080145739,0.0008498309180140495,0.0007772983517497778,3.149261259464394,0.3175347859739251,1.7434460221354369,0.17578876672517083,0.5143897521189181,0.3303934335708618,-0.0005805492401123047,0.0,-0.0008271336555480957,6.515620043501258e-09,0.41100000000000003,2.1749634742736816,False,True,True
8,5,layer1.1.conv2.weight,64x64x3x3,2000,10.982249679851364,0.0006952437688596547,0.0006414143717847764,3.3139520962395297,0.3017545127265837,1.7469040570598953,0.15906568994512565,0.46466141130230015,0.2847200632095337,-0.0006525516510009766,0.0,-0.0009087324142456055,2.3246684577316046e-09,0.41100000000000003,2.1749634742736816,False,True,True
8,6,layer2.0.conv1.weight,128x64x3x3,2000,15.03875009969273,0.0009624056983739138,0.0008948224713094532,3.877970272657488,0.2578668555173637,1.8293599135587308,0.12164386040307038,0.3611511865907854,0.5344245433807373,-0.0006570816040039062,0.0010000000000000009,-0.0009599924087524414,4.6566128730773926e-09,0.41100000000000003,2.1749634742736816,False,True,True
8,7,layer2.0.conv2.weight,128x128x3x3,2000,16.79927588689368,0.0008539938717149198,0.0007956367917358875,4.0986759161621,0.24398123209906664,1.9497891728771055,0.11606479075504415,0.2921007943962912,0.4095767140388489,-0.0006933212280273438,0.0,-0.0009818673133850098,3.7216523196548223e-09,0.41100000000000003,2.1749634742736816,False,True,True
8,8,layer2.0.downsample.0.weight,128x64x1x1,2000,7.137775228709543,0.0003836373216472566,0.0003658562491182238,2.671664815991954,0.3742984501701847,1.3903238785924237,0.19478340081983223,0.4286184119915204,0.07366174459457397,-0.00042700767517089844,0.0,-0.0007125139236450195,2.0951119950041175e-08,0.41100000000000003,2.1749634742736816,False,True,True
8,9,layer2.1.conv1.weight,128x128x3x3,2000,16.867313409331,0.0008112487848848104,0.0007586145075038075,4.106955024083837,0.24348939643503303,2.014249629681752,0.1194190188469235,0.30993270041995985,0.3571503162384033,-0.0007712841033935547,0.0,-0.0011734366416931152,-3.725290298461914e-09,0.41100000000000003,2.1749634742736816,False,True,True
8,10,layer2.1.conv2.weight,128x128x3x3,2000,13.807771330358685,0.0008235787390731275,0.0007830355898477137,3.7158276129542953,0.2691190507637524,1.937630753985352,0.14033305828544998,0.2898114367579684,0.29246842861175537,-0.0006825923919677734,0.0,-0.0010895729064941406,9.309587767347693e-09,0.41100000000000003,2.1749634742736816,False,True,True
8,11,layer3.0.conv1.weight,256x128x3x3,2000,19.244942933743918,0.001112246885895729,0.001060384209267795,4.38683768667066,0.2279546387226692,2.5346189295113555,0.13170722060509885,0.22095251984612724,0.3352499008178711,-0.0008404254913330078,0.0,-0.0014514923095703125,6.984919309616089e-09,0.41100000000000003,2.1749634742736816,False,True,True
8,12,layer3.0.conv2.weight,256x256x3x3,2000,19.243644604541462,0.0009720660164020956,0.0009206215036101639,4.386601938398924,0.22796688964328327,2.576154085551465,0.13387991209068978,0.21508809093283082,0.2503371238708496,-0.0010268688201904297,0.0,-0.0017679929733276367,4.656612873077393e-10,0.41100000000000003,2.1749634742736816,False,True,True
8,13,layer3.0.downsample.0.weight,256x128x1x1,2000,8.798077134785716,0.0004203765420243144,0.0004056841426063329,2.9660986533673293,0.33714320286168764,1.9200056146947175,0.21823850472943232,0.33032405796262915,-0.01078939437866211,-0.0007686614990234375,0.0,-0.0013333559036254883,1.3969838619232178e-09,0.41100000000000003,2.1749634742736816,False,True,True
8,14,layer3.1.conv1.weight,256x256x3x3,2000,17.564451428547063,0.0009413286461494863,0.0008940247353166342,4.191031085892061,0.23860476801668723,2.951305126384761,0.16802441067716753,0.1984179696624539,0.14835315942764282,-0.0010805130004882812,0.0,-0.0019422173500061035,-3.725290298461914e-09,0.41100000000000003,2.1749634742736816,False,True,True
8,15,layer3.1.conv2.weight,256x256x3x3,2000,12.482858935571327,0.0008868935401551425,0.0008473664638586342,3.5329937938061975,0.28304606754564116,3.0778417107141034,0.2465815187241561,0.26389272283095166,0.06759414076805115,-0.0009484291076660156,0.0,-0.0016589760780334473,-1.5832483768463135e-08,0.41100000000000003,2.1749634742736816,False,True,True
8,16,layer4.0.conv1.weight,512x256x3x3,2000,9.472528592058586,0.0013166859280318022,0.00128381687682122,3.077608391541616,0.3249276297622409,2.2466000287373924,0.237191450260827,0.2697179072362023,0.11427752673625946,-0.0011687278747558594,0.0,-0.0020366311073303223,5.584297468885779e-09,0.41100000000000003,2.1749634742736816,False,True,True
8,17,layer4.0.conv2.weight,512x512x3x3,2000,9.866867889014589,0.000545393384527415,0.0005188027862459421,3.1408662758288957,0.31838350065893634,2.4297659840700354,0.24630064114291017,0.2544448645985038,0.061791881918907166,-0.0010099411010742188,0.0,-0.0017528533935546875,3.7216523196548223e-09,0.41100000000000003,2.1749634742736816,False,True,True
8,18,layer4.0.downsample.0.weight,512x256x1x1,2000,5.071371497454306,0.00026850259746424854,0.00026345241349190474,2.2519112143398874,0.44406724103158496,2.4953667189469244,0.4920755721220896,0.412745536973959,0.10643917322158813,-0.0007724761962890625,0.0,-0.001289963722229004,-6.9885572884231806e-09,0.41100000000000003,2.1749634742736816,False,True,True
8,19,layer4.1.conv1.weight,512x512x3x3,2000,7.666693031722621,0.0003396164102014154,0.0003069143567699939,2.7687524262734238,0.3611734983997614,3.7028255071672964,0.48301986150422654,0.46372962908933174,0.011789575219154358,-0.0005407333374023438,0.0,-0.0007445216178894043,1.862645149230957e-09,0.41100000000000003,2.1749634742736816,False,True,True
8,20,layer4.1.conv2.weight,512x512x3x3,2000,5.957670255621354,0.0001546623680042103,0.00012689540744759142,2.440691262849166,0.40971999007881055,4.586014636334321,0.7698563596963246,0.7556548406857106,0.052887171506881714,-0.00022864341735839844,0.0,3.1828880310058594e-05,-1.862645149230957e-09,0.41100000000000003,2.1749634742736816,False,True,True
8,21,fc.weight,10x512,2000,4.827554066224103,0.0004658717953134328,0.0002989207278005779,2.1971695167015457,0.4551310185211512,3.7388370901613195,0.7744785671591087,0.7745007731877955,-0.0003488883376121521,-0.0001804828643798828,0.0,8.7738037109375e-05,-1.3969838619232178e-09,0.41100000000000003,2.1749634742736816,False,True,True
9,1,conv1.weight,64x3x3x3,2000,4.320442060498083,0.0006714496994391084,0.0006079743034206331,2.0785662104802975,0.4811008641235097,1.2604230875473494,0.2917350724591906,0.6572478920897633,0.16637849807739258,-0.0001385211944580078,0.0,-0.000392913818359375,-1.30385160446167e-08,0.426,2.2187516689300537,False,True,True
9,2,layer1.0.conv1.weight,64x64x3x3,2000,11.106889439129134,0.0008569915080443025,0.0006958200829103589,3.3327048383203373,0.30005657521834245,1.9717640471968396,0.17752569540121302,0.6207591680092025,0.364721417427063,-0.0005288124084472656,0.0,-0.0010739564895629883,1.862645149230957e-09,0.426,2.2187516689300537,False,True,True
9,3,layer1.0.conv2.weight,64x64x3x3,2000,12.326885550284878,0.0008072570781223476,0.0006919002044014633,3.5109618367286606,0.2848222357585493,1.877307270861025,0.15229413688142346,0.5485156307976462,0.34836065769195557,-0.0005214214324951172,0.0010000000000000009,-0.0009465813636779785,1.1641532182693481e-08,0.426,2.2187516689300537,False,True,True
9,4,layer1.1.conv1.weight,64x64x3x3,2000,10.665774810129726,0.0007697332766838372,0.0006984706851653755,3.2658599365180576,0.3061980671057694,1.8375676526710907,0.17228528785558658,0.5526458520478702,0.2889755964279175,-0.00044274330139160156,0.0020000000000000018,-0.0006554722785949707,-3.259629011154175e-09,0.426,2.2187516689300537,False,True,True
9,5,layer1.1.conv2.weight,64x64x3x3,2000,12.156181783307286,0.0006381209241226315,0.0005755528109148145,3.48656925754782,0.28681489628670725,1.7988467343428733,0.14797816136882322,0.4469499411496929,0.29509198665618896,-0.0007266998291015625,0.0,-0.0010717511177062988,-9.313225746154785e-09,0.426,2.2187516689300537,False,True,True
9,6,layer2.0.conv1.weight,128x64x3x3,2000,14.036598218800961,0.0009921207092702389,0.0009224233799614012,3.746531140705264,0.2669135694977182,2.026222981055174,0.14435389764536635,0.45870350578692726,0.4480268955230713,-0.0006425380706787109,0.0,-0.0010879039764404297,1.3969838619232178e-09,0.426,2.2187516689300537,False,True,True
9,7,layer2.0.conv2.weight,128x128x3x3,2000,16.66853996959341,0.0008560317219235003,0.0007918825140222907,4.08271737037307,0.24493490714215715,2.0260955869240744,0.12155179616691458,0.3686376159608534,0.41008734703063965,-0.0007157325744628906,-0.0010000000000000009,-0.001062631607055664,-2.7939677238464355e-09,0.426,2.2187516689300537,False,True,True
9,8,layer2.0.downsample.0.weight,128x64x1x1,2000,7.347849022615855,0.00037016652640886605,0.0003499346785247326,2.710693591694766,0.3689092721744272,1.3667800211493957,0.18601063307863538,0.48441331723828274,0.06922459602355957,-0.0005998611450195312,0.0,-0.0009434819221496582,1.0706571629270911e-08,0.426,2.2187516689300537,False,True,True
9,9,layer2.1.conv1.weight,128x128x3x3,2000,14.903558176243896,0.0008887271978892386,0.0008331651333719492,3.8605162606740526,0.25903271284898005,2.2864920004159455,0.15341892098807608,0.3280040758293001,0.2976014018058777,-0.0008449554443359375,-0.0010000000000000009,-0.0012737512588500977,-3.725290298461914e-09,0.426,2.2187516689300537,False,True,True
9,10,layer2.1.conv2.weight,128x128x3x3,2000,12.924518654551676,0.0008817606722004712,0.0008353187586180866,3.5950483393310533,0.2781603766101444,2.3967394820888894,0.18544338161271118,0.29635402720124543,0.18724822998046875,-0.0006849765777587891,0.0,-0.0010741353034973145,-8.378265192732215e-09,0.426,2.2187516689300537,False,True,True
9,11,layer3.0.conv1.weight,256x128x3x3,2000,15.146066931763574,0.0013421191833913326,0.0012811764609068632,3.891822837543602,0.2569490035243148,2.749873752241166,0.18155432207627908,0.25128911792471076,0.2847670912742615,-0.001119852066040039,0.0,-0.0020267367362976074,-2.7939677238464355e-09,0.426,2.2187516689300537,False,True,True
9,12,layer3.0.conv2.weight,256x256x3x3,2000,16.249584879015902,0.0011237406870350242,0.0010641657281666994,4.03096118663277,0.24807978883948067,3.2111025064866543,0.19762275453400338,0.24361766599910792,0.14218854904174805,-0.0010304450988769531,0.0,-0.0019196271896362305,1.862645149230957e-09,0.426,2.2187516689300537,False,True,True
9,13,layer3.0.downsample.0.weight,256x128x1x1,2000,7.918563272130847,0.0004790452658198774,0.00046073837438598275,2.813969247630753,0.3553699106136143,2.149351752680494,0.27143684494778025,0.38742131349723613,-0.04458361864089966,-0.0007281303405761719,0.0,-0.001361250877380371,4.190951585769653e-09,0.426,2.2187516689300537,False,True,True
9,14,layer3.1.conv1.weight,256x256x3x3,2000,15.866558009435378,0.001039929804392159,0.0009829247137531638,3.983201480365345,0.25105433529520543,3.5596782056121756,0.2243603656850392,0.25112727904149124,0.09618619084358215,-0.0010530948638916016,0.0,-0.0019490718841552734,-2.3283064365386963e-09,0.426,2.2187516689300537,False,True,True
9,15,layer3.1.conv2.weight,256x256x3x3,2000,11.682017095793288,0.0009639101335778832,0.0009194113663397729,3.417779337641423,0.2925876427967671,2.9728543649129304,0.2544987434157751,0.2824142396381723,0.08707839250564575,-0.0009286403656005859,-0.0010000000000000009,-0.0017042160034179688,3.725290298461914e-09,0.426,2.2187516689300537,False,True,True
9,16,layer4.0.conv1.weight,512x256x3x3,2000,9.488074532078654,0.0013354551047086716,0.0012959922896698117,3.0802145601030593,0.3246527085978522,2.1490014979986904,0.2265033889260465,0.2629327965757183,0.10950417816638947,-0.0011112689971923828,0.0,-0.002002537250518799,1.3969838619232178e-09,0.426,2.2187516689300537,False,True,True
9,17,layer4.0.conv2.weight,512x512x3x3,2000,10.005844582680604,0.0005477474769577384,0.0005174593534320593,3.1629070875958494,0.3161648357998742,2.5217973504941256,0.2520793564293631,0.24986993175814828,0.06454341113567352,-0.0010066032409667969,0.0,-0.0017226338386535645,3.725290298461914e-09,0.426,2.2187516689300537,False,True,True
9,18,layer4.0.downsample.0.weight,512x256x1x1,2000,5.3731030320711195,0.00026940880343317986,0.000262531015323475,2.3178749239614436,0.43142966415587064,2.2611598672416098,0.42087313579401886,0.4720548844962645,0.14217272400856018,-0.000698089599609375,0.0,-0.0011138319969177246,-1.862645149230957e-09,0.426,2.2187516689300537,False,True,True
9,19,layer4.1.conv1.weight,512x512x3x3,2000,7.805932427319421,0.0003424645110499114,0.0003062066389247775,2.7938441351611583,0.357929774039566,3.1926287635140964,0.4090195331883194,0.42847309082780477,0.043648868799209595,-0.0005636215209960938,0.0,-0.0007124543190002441,-9.349605534225702e-10,0.426,2.2187516689300537,False,True,True
9,20,layer4.1.conv2.weight,512x512x3x3,2000,6.069759027427481,0.00015251983131747693,0.00012539529416244477,2.4635202739564486,0.4059231866575979,4.150534216410084,0.6838985601191808,0.712913906872513,0.08894608914852142,-0.0002582073211669922,0.0,2.872943878173828e-05,1.8662831280380487e-09,0.426,2.2187516689300537,False,True,True
9,21,fc.weight,10x512,2000,4.826135826047195,0.0004484910168685019,0.00029408762929961085,2.1968472098664553,0.4551977923220201,3.3760146828535498,0.6995272224671998,0.6994979457501672,-0.0003233039169572294,-0.00026226043701171875,0.0,-4.291534423828125e-06,1.3969838619232178e-09,0.426,2.2187516689300537,False,True,True
0,1,conv1.weight,64x3x3x3,5000,3.8695343542660994,9.721026435727254e-05,8.87097921804525e-05,1.9671132999218517,0.5083591270720031,1.2092201474357003,0.31249751748730553,0.6201613147170106,0.20577919483184814,7.152557373046875e-07,0.0,-9.369850158691406e-05,-9.313225746154785e-10,0.397,2.6323392391204834,False,True,True
0,2,layer1.0.conv1.weight,64x64x3x3,5000,11.271339073192543,0.00011535483645275235,8.565730240661651e-05,3.3572912445926164,0.2978591748960233,1.8854864354940146,0.16728052797144927,0.6644343239390172,0.5156345367431641,-0.0004799365997314453,0.0,-0.0010970830917358398,-2.3283064365386963e-09,0.397,2.6323392391204834,False,True,True
0,3,layer1.0.conv2.weight,64x64x3x3,5000,13.412697590232318,9.589439287083223e-05,8.055057696765289e-05,3.6623400390876037,0.27304946818895853,1.7538010653787983,0.13075641360214618,0.6531780280554772,0.544654369354248,-0.0006062984466552734,0.0,-0.0011273622512817383,-4.656612873077393e-10,0.397,2.6323392391204834,False,True,True
0,4,layer1.1.conv1.weight,64x64x3x3,5000,11.969196314002572,9.031162335304543e-05,7.843810453778133e-05,3.459661011377876,0.28904565988149544,1.586109093272032,0.13251528205924715,0.5658578367017398,0.49375951290130615,-0.0006670951843261719,0.0010000000000000009,-0.0011374354362487793,3.725290298461914e-09,0.397,2.6323392391204834,False,True,True
0,5,layer1.1.conv2.weight,64x64x3x3,5000,13.96802037900149,7.116798951756209e-05,6.156325980555266e-05,3.737380912508764,0.2675670538833938,1.6380328275802272,0.11727027020415864,0.5047727941910574,0.39837145805358887,-0.00030803680419921875,-0.0010000000000000009,-0.0008959770202636719,2.7939677238464355e-09,0.397,2.6323392391204834,False,True,True
0,6,layer2.0.conv1.weight,128x64x3x3,5000,16.15890379685724,0.00010907141404459253,9.922310709953308e-05,4.019790189357907,0.24876920259356447,2.1889366422688536,0.13546476582644487,0.44772326204170454,0.5059493780136108,-0.0005991458892822266,0.0,-0.0011461377143859863,-4.656612873077393e-10,0.397,2.6323392391204834,False,True,True
0,7,layer2.0.conv2.weight,128x128x3x3,5000,19.161597011545442,9.501446038484573e-05,8.568521298002452e-05,4.377400795945076,0.22844606802427858,2.305026228226375,0.1202937947510965,0.40702851336982165,0.39137208461761475,-0.0006794929504394531,0.0,-0.0011005997657775879,3.259629011154175e-09,0.397,2.6323392391204834,False,True,True
0,8,layer2.0.downsample.0.weight,128x64x1x1,5000,8.73198347296595,4.174927016720176e-05,3.853865564451553e-05,2.95498273258724,0.33841145295778036,1.3712198811121241,0.15703525857669556,0.47974310003089543,0.13127470016479492,-0.00042510032653808594,0.0,-0.0007513165473937988,1.3969838619232178e-09,0.397,2.6323392391204834,False,True,True
0,9,layer2.1.conv1.weight,128x128x3x3,5000,18.6757949683989,9.403136937180534e-05,8.535051892977208e-05,4.321522563576076,0.23139992567168186,2.809546743189534,0.15043977441223413,0.32902516135875076,0.2682958245277405,-0.0006623268127441406,0.0,-0.0011129975318908691,-1.3969838619232178e-09,0.397,2.6323392391204834,False,True,True
0,10,layer2.1.conv2.weight,128x128x3x3,5000,12.94824304858755,0.00011081267439294606,0.0001041352516040206,3.59834631387469,0.27790543565641473,2.4375635349523943,0.18825649873770695,0.3525337457319606,0.23676544427871704,-0.0005717277526855469,0.0,-0.0009880661964416504,0.0,0.397,2.6323392391204834,False,True,True
0,11,layer3.0.conv1.weight,256x128x3x3,5000,14.920064774867274,0.00016405878704972565,0.00015712007007095963,3.862610668018209,0.25889225861664966,2.2013816891537368,0.14754806624051856,0.28688625826485803,0.42152029275894165,-0.0007851123809814453,0.0,-0.0014204978942871094,3.2591742638032883e-09,0.397,2.6323392391204834,False,True,True
0,12,layer3.0.conv2.weight,256x256x3x3,5000,15.555209436091562,0.00013811785902362317,0.00013177320943214,3.9439002902210487,0.2535561059896755,2.537664014966281,0.16314819910342973,0.24843771715807816,0.26481324434280396,-0.0008342266082763672,0.0,-0.001516878604888916,-4.656612873077393e-10,0.397,2.6323392391204834,False,True,True
0,13,layer3.0.downsample.0.weight,256x128x1x1,5000,7.7012415311024816,5.9364847402321175e-05,5.736832463298924e-05,2.775057810088757,0.360352853322366,2.0423954933635238,0.26521356819695663,0.37461402294914153,-0.010896801948547363,-0.0005738735198974609,0.0,-0.001051485538482666,9.313225746154785e-10,0.397,2.6323392391204834,False,True,True
0,14,layer3.1.conv1.weight,256x256x3x3,5000,14.962916354254638,0.00013180586392991245,0.00012511415116023272,3.868108986567126,0.2585242565482833,3.039536959025942,0.20314681758183634,0.24178017125551543,0.1539788842201233,-0.0007426738739013672,0.0,-0.0014148354530334473,-9.313225746154785e-10,0.397,2.6323392391204834,False,True,True
0,15,layer3.1.conv2.weight,256x256x3x3,5000,10.461576264448729,0.00012548617087304592,0.00012028776109218597,3.234295187574565,0.3091863735387467,2.9319743856469658,0.2802856386061262,0.31087425800214513,0.08500996232032776,-0.0005757808685302734,0.0,-0.001131296157836914,1.3969838619232178e-09,0.397,2.6323392391204834,False,True,True
0,16,layer4.0.conv1.weight,512x256x3x3,5000,7.815056268517168,0.00018352296319790184,0.000179430513526313,2.7951905551087446,0.35775736225650484,1.9998636883682626,0.2559632489627214,0.27044785368118757,0.15806593000888824,-0.0008134841918945312,-0.0010000000000000009,-0.0014324188232421875,-1.862645149230957e-09,0.397,2.6323392391204834,False,True,True
0,17,layer4.0.conv2.weight,512x512x3x3,5000,8.611834726953868,7.000782352406532e-05,6.679849320789799e-05,2.934287998383671,0.3407981767811619,2.3281710080996696,0.2704016693868477,0.27819115165457753,0.050310686230659485,-0.0007309913635253906,-0.0010000000000000009,-0.0011819005012512207,4.656612873077393e-10,0.397,2.6323392391204834,False,True,True
0,18,layer4.0.downsample.0.weight,512x256x1x1,5000,4.704763827833076,3.4217424399685115e-05,3.359001493663527e-05,2.168928453907586,0.46105716313434836,2.844157860189827,0.6045932946582041,0.4240224365869892,0.2027115374803543,-0.0005652904510498047,0.0,-0.0009419918060302734,4.656612873077393e-10,0.397,2.6323392391204834,False,True,True
0,19,layer4.1.conv1.weight,512x512x3x3,5000,6.8500492258529135,4.373986666905694e-05,3.967479642597027e-05,2.6172292021988963,0.3820834641306302,3.1680976582544695,0.4625035823436249,0.5259371320899261,0.04460000991821289,-0.00037550926208496094,0.0,-0.00038760900497436523,9.313225746154785e-10,0.397,2.6323392391204834,False,True,True
0,20,layer4.1.conv2.weight,512x512x3x3,5000,5.5593358002692215,1.848043939389754e-05,1.5334406270994805e-05,2.3577881218867276,0.4241263202224418,4.3540787874731155,0.7832254489686179,0.7605682650266051,0.07227658480405807,-0.0002148151397705078,0.0,0.00011402368545532227,0.0,0.397,2.6323392391204834,False,True,True
0,21,fc.weight,10x512,5000,4.680995117958064,5.238419907982461e-05,3.491316965664737e-05,2.163560905213185,0.46220099355209315,3.6659826189466282,0.7831630472419101,0.7831968395294718,-0.00039297837065532804,-0.00020885467529296875,0.0,0.00011050701141357422,-4.656612873077393e-10,0.397,2.6323392391204834,False,True,True
1,1,conv1.weight,64x3x3x3,5000,3.528551646174846,0.00014073152851779014,0.00013021838094573468,1.8784514276603097,0.5323533977375939,1.353476513236773,0.3835754714447493,0.7152548071768102,0.18318414688110352,-0.00047016143798828125,0.0,-0.0008930563926696777,-2.3283064365386963e-09,0.399,2.5437772274017334,False,True,True
1,2,layer1.0.conv1.weight,64x64x3x3,5000,7.949778780722685,0.00018606353842187673,0.0001568248844705522,2.8195241897703696,0.35466977145581535,2.030089380093116,0.2553663170521611,0.6519517338700982,0.40236902236938477,-0.00032019615173339844,0.0,-0.0004280209541320801,-2.3283064365386963e-09,0.399,2.5437772274017334,False,True,True
1,3,layer1.0.conv2.weight,64x64x3x3,5000,11.255928577501797,0.0001253681693924591,0.00010891660349443555,3.3549808734200663,0.2980642923846538,1.6630878302883507,0.14775256804966522,0.5424242715854062,0.5589476823806763,-0.00023984909057617188,0.0,-0.0005398988723754883,1.3969838619232178e-09,0.399,2.5437772274017334,False,True,True
1,4,layer1.1.conv1.weight,64x64x3x3,5000,9.3152216200163,0.00012051643716404215,0.00010990933515131474,3.0520795776197183,0.3276454543756977,1.7461743249620256,0.1874544912201514,0.5705574146200789,0.3617795705795288,-0.0005364418029785156,0.0,-0.0007242560386657715,-3.725290298461914e-09,0.399,2.5437772274017334,False,True,True
1,5,layer1.1.conv2.weight,64x64x3x3,5000,11.567452361778807,8.969126065494493e-05,8.068970055319369e-05,3.401088693066984,0.2940234996042501,1.774307199412293,0.1533885018877403,0.5165864457842375,0.31682658195495605,-0.0004012584686279297,0.0,-0.00046622753143310547,1.3969838619232178e-09,0.399,2.5437772274017334,False,True,True
1,6,layer2.0.conv1.weight,128x64x3x3,5000,14.361487621436751,0.00013036384189035743,0.00012026953481836244,3.78966431684102,0.26387561440628543,2.0671352869211006,0.14393532850528618,0.46651553432956566,0.47725188732147217,-0.0004448890686035156,0.0,-0.0004911422729492188,1.3969838619232178e-09,0.399,2.5437772274017334,False,True,True
1,7,layer2.0.conv2.weight,128x128x3x3,5000,16.734527034431068,0.00011401131632737815,0.00010382440086686984,4.0907778291936925,0.24445228798873775,2.4450574832422234,0.146109122130986,0.41635796898817606,0.37822145223617554,-0.00054168701171875,0.0,-0.0010426640510559082,4.656612873077393e-10,0.399,2.5437772274017334,False,True,True
1,8,layer2.0.downsample.0.weight,128x64x1x1,5000,7.362967109863658,5.1522638386813924e-05,4.861954221269116e-05,2.713482159916862,0.36853015463740474,1.3792958858268602,0.1873283551023654,0.5225846029854672,0.10336852073669434,-0.00035309791564941406,0.0,-0.000652015209197998,-9.313225746154785e-10,0.399,2.5437772274017334,False,True,True
1,9,layer2.1.conv1.weight,128x128x3x3,5000,16.9233182434786,0.000107689862488769,9.95080335997045e-05,4.113777231500336,0.24308559839913596,2.3015523598952456,0.1360001456701984,0.3777875750976744,0.34107017517089844,-0.0007593631744384766,0.0,-0.0014121532440185547,5.122274160385132e-09,0.399,2.5437772274017334,False,True,True
1,10,layer2.1.conv2.weight,128x128x3x3,5000,14.386344915031543,0.00010953480523312464,0.00010262966679874808,3.792909795894183,0.2636498239643078,2.2724778592908295,0.1579627344413805,0.3229837269121403,0.23628681898117065,-0.0006074905395507812,0.0,-0.0012072920799255371,0.0,0.399,2.5437772274017334,False,True,True
1,11,layer3.0.conv1.weight,256x128x3x3,5000,17.652192358864664,0.00015612253628205508,0.00014858653594274074,4.201485740064463,0.23801104225208128,2.741373463041484,0.1552967527159609,0.25319044662718404,0.30842500925064087,-0.0008232593536376953,0.0,-0.0015717744827270508,3.725290298461914e-09,0.399,2.5437772274017334,False,True,True
1,12,layer3.0.conv2.weight,256x256x3x3,5000,18.674292869429003,0.00013427356316242367,0.000126322585856542,4.321319228672589,0.23141081393960736,3.3429073796562165,0.1790159312513172,0.23775454352131997,0.15962594747543335,-0.0008335113525390625,0.0,-0.0016915202140808105,-1.3969838619232178e-09,0.399,2.5437772274017334,False,True,True
1,13,layer3.0.downsample.0.weight,256x128x1x1,5000,8.666960343358344,5.7238001318182796e-05,5.508116737473756e-05,2.94393160259325,0.33968180480793786,2.0282150119587463,0.23402302066518477,0.34936437075215915,-0.01903599500656128,-0.0006036758422851562,0.0,-0.0012707710266113281,-1.862645149230957e-09,0.399,2.5437772274017334,False,True,True
1,14,layer3.1.conv1.weight,256x256x3x3,5000,18.741142168218296,0.00012254429748281837,0.00011468322190921754,4.328919661030917,0.23100451805609473,3.3537511996580536,0.17896652434689206,0.2591679022440484,0.1437431275844574,-0.000667572021484375,0.0,-0.0014439225196838379,-1.3969838619232178e-09,0.399,2.5437772274017334,False,True,True
1,15,layer3.1.conv2.weight,256x256x3x3,5000,13.025863400471255,0.00011777208419516683,0.00011127927427878603,3.6089331881586055,0.27709019476479485,3.034155342329324,0.2329593380988763,0.29148642303674027,0.09640145301818848,-0.0007483959197998047,0.0,-0.0013846755027770996,-4.656612873077393e-10,0.399,2.5437772274017334,False,True,True
1,16,layer4.0.conv1.weight,512x256x3x3,5000,8.918760202676085,0.00018285324040334672,0.0001777313300408423,2.986278227710655,0.3348649803359486,2.388762069206445,0.2678627129662584,0.23556020838001807,0.12213554978370667,-0.0010552406311035156,0.0,-0.00196152925491333,-4.656612873077393e-10,0.399,2.5437772274017334,False,True,True
1,17,layer4.0.conv2.weight,512x512x3x3,5000,9.693815948629702,7.066589023452252e-05,6.667072011623532e-05,3.113252691498959,0.32120746341297574,2.6324747092175733,0.27160359356198377,0.2770431462512181,0.05928464233875275,-0.0009365081787109375,0.0,-0.0015799403190612793,4.656612873077393e-10,0.399,2.5437772274017334,False,True,True
1,18,layer4.0.downsample.0.weight,512x256x1x1,5000,5.1381937343365855,3.535954238031991e-05,3.453354293014854e-05,2.2666274056140012,0.44118411236147226,2.673002975511574,0.5202824660647651,0.503033440138597,0.13317328691482544,-0.0005114078521728516,0.0,-0.0009288787841796875,4.656612873077393e-10,0.399,2.5437772274017334,False,True,True
1,19,layer4.1.conv1.weight,512x512x3x3,5000,6.971013879029111,4.7617795644328e-05,4.287357660359703e-05,2.640050283132941,0.37878066428844775,3.930965464291558,0.5639943853564814,0.5677246552691207,0.027369901537895203,-0.00039458274841308594,0.0,-0.00038701295852661133,-9.313225746154785e-10,0.399,2.5437772274017334,False,True,True
1,20,layer4.1.conv2.weight,512x512x3x3,5000,5.73851718749364,1.999942287511658e-05,1.638231879041996e-05,2.3954771346454686,0.41745336890806944,4.888340489347189,0.8518780362630619,0.80128329778203,0.10577086359262466,-0.00020456314086914062,0.0,0.00017130374908447266,1.862645149230957e-09,0.399,2.5437772274017334,False,True,True
1,21,fc.weight,10x512,5000,4.8642956745912915,5.9371126553742215e-05,3.615327659645118e-05,2.2055139122330467,0.45340906464177155,4.0947495368709825,0.841797704472566,0.8417833784584497,-0.0004075064789503813,-0.00018525123596191406,0.0,0.00015676021575927734,1.3969838619232178e-09,0.399,2.5437772274017334,False,True,True
2,1,conv1.weight,64x3x3x3,5000,4.160810727338104,0.00011201898450963199,9.808086178964004e-05,2.0398102803808733,0.4902416708152289,1.3218378816873546,0.31768638278665756,0.6296336444315057,0.2276768684387207,-5.817413330078125e-05,0.0010000000000000009,-0.00043469667434692383,-3.725290298461914e-09,0.397,2.5307347774505615,False,True,True
2,2,layer1.0.conv1.weight,64x64x3x3,5000,8.87948522990686,0.00013319931167643517,0.00011430168524384499,2.979841780988635,0.33558828739834157,1.7272211048464798,0.1945188038238708,0.6954055923784249,0.545769453048706,-0.0004909038543701172,0.0010000000000000009,-0.0009009838104248047,-4.656612873077393e-10,0.397,2.5307347774505615,False,True,True
2,3,layer1.0.conv2.weight,64x64x3x3,5000,10.888747256950206,0.00010878616012632847,9.629350097384304e-05,3.2998123125683962,0.3030475388527943,1.7664783387540373,0.1622294878375712,0.6577608199671143,0.5334956645965576,-0.0005002021789550781,0.0,-0.000718235969543457,4.656612873077393e-10,0.397,2.5307347774505615,False,True,True
2,4,layer1.1.conv1.weight,64x64x3x3,5000,10.006814502585623,9.701769886305556e-05,8.825756958685815e-05,3.1633563851599953,0.31611993030289637,1.6298531320182275,0.16287419136189157,0.5870184795323563,0.47151994705200195,-0.0003535747528076172,-0.0020000000000000018,-0.0005497932434082031,-1.862645149230957e-09,0.397,2.5307347774505615,False,True,True
2,5,layer1.1.conv2.weight,64x64x3x3,5000,9.837277316761762,9.109957318287343e-05,8.398592035518959e-05,3.136445370560427,0.3188322708841945,1.7497929477670802,0.1778734740200397,0.5169725386504687,0.3634103536605835,-0.0005342960357666016,0.0,-0.0008988380432128906,-4.6566128730773926e-09,0.397,2.5307347774505615,False,True,True
2,6,layer2.0.conv1.weight,128x64x3x3,5000,12.467794603493452,0.0001254715461982414,0.00011774425365729257,3.530979757235275,0.2832075142744491,1.724633967379128,0.138326846548002,0.41935879459393116,0.6473841667175293,-0.000553131103515625,0.0,-0.0008211731910705566,9.313225746154785e-10,0.397,2.5307347774505615,False,True,True
2,7,layer2.0.conv2.weight,128x128x3x3,5000,15.60830206809697,0.00010414342250442132,9.6608251624275e-05,3.950726887124508,0.2531179776711517,2.0008365185523598,0.12819101922450607,0.45996290404401663,0.4963139295578003,-0.0005662441253662109,0.0,-0.000979304313659668,2.7939677238464355e-09,0.397,2.5307347774505615,False,True,True
2,8,layer2.0.downsample.0.weight,128x64x1x1,5000,7.00506116255634,4.5637585571967065e-05,4.326934868004173e-05,2.6467016273405584,0.37782876228659495,1.4239543796978493,0.20327594476757638,0.5216577171967084,0.10430419445037842,-0.0004863739013671875,0.0,-0.000729978084564209,0.0,0.397,2.5307347774505615,False,True,True
2,9,layer2.1.conv1.weight,128x128x3x3,5000,18.75364884554527,8.640869782539085e-05,7.919878407847136e-05,4.330554545575493,0.23091730850537265,2.425228026538721,0.12931995314169545,0.3735045114405253,0.3277011513710022,-0.0005865097045898438,0.0,-0.0012061595916748047,-3.725290298461914e-09,0.397,2.5307347774505615,False,True,True
2,10,layer2.1.conv2.weight,128x128x3x3,5000,11.114990934357355,0.00011221144814044237,0.00010751561057986692,3.333907310137979,0.29994835098118355,2.1947325250389436,0.1974579277792346,0.37400906203060746,0.2855321168899536,-0.0004661083221435547,0.0,-0.0006604790687561035,-1.862645149230957e-09,0.397,2.5307347774505615,False,True,True
2,11,layer3.0.conv1.weight,256x128x3x3,5000,14.66270643927891,0.00015720826922915876,0.0001510387664893642,3.829192457468896,0.2611516686891737,2.6115841505585853,0.17811054783981176,0.3248509011015717,0.3344361186027527,-0.0005753040313720703,0.0,-0.0009719133377075195,0.0,0.397,2.5307347774505615,False,True,True
2,12,layer3.0.conv2.weight,256x256x3x3,5000,16.02351522879638,0.00012847461039200425,0.00012236239854246378,4.002817626316331,0.24982402231506834,3.0939219961913675,0.193097994768209,0.290389707191322,0.21010315418243408,-0.0005679130554199219,0.0,-0.0009555816650390625,9.313225746154785e-10,0.397,2.5307347774505615,False,True,True
2,13,layer3.0.downsample.0.weight,256x128x1x1,5000,7.965966748367855,5.386263728723861e-05,5.195696576265618e-05,2.8223675976649183,0.35431245767820907,2.0869395683174456,0.2619888149781198,0.4074553653192759,-0.015697181224822998,-0.0004420280456542969,0.0,-0.0007176399230957031,-4.656612873077393e-10,0.397,2.5307347774505615,False,True,True
2,14,layer3.1.conv1.weight,256x256x3x3,5000,16.68263698110939,0.0001148667506640777,0.00010831224790308625,4.084318622121198,0.24483888073370935,3.7593272443800414,0.2253569230147439,0.2641525595354456,0.11876529455184937,-0.0007143020629882812,0.0,-0.0011504888534545898,9.313225746154785e-10,0.397,2.5307347774505615,False,True,True
2,15,layer3.1.conv2.weight,256x256x3x3,5000,11.426109612011384,0.00011072641791542992,0.00010556368215475231,3.380158471590647,0.2958441174887923,3.6584422748766845,0.3202005657786107,0.3477911612889559,0.08721637725830078,-0.0007729530334472656,0.0,-0.0014398694038391113,1.3969838619232178e-09,0.397,2.5307347774505615,False,True,True
2,16,layer4.0.conv1.weight,512x256x3x3,5000,8.74425824924269,0.00015864541637711227,0.00015410296327900141,2.9567898822512872,0.3382046204915326,2.101899038709856,0.24042015894989022,0.31354504023491897,0.14910733699798584,-0.0007979869842529297,0.0,-0.001513361930847168,4.656612873077393e-10,0.397,2.5307347774505615,False,True,True
2,17,layer4.0.conv2.weight,512x512x3x3,5000,9.459142540320576,6.147558451630175e-05,5.7856123021338135e-05,3.0752523925511945,0.32517656190502503,3.080750372281451,0.3257579168257506,0.28929780594973487,0.03355701267719269,-0.0007977485656738281,0.0,-0.0013644695281982422,-4.656612873077393e-10,0.397,2.5307347774505615,False,True,True
2,18,layer4.0.downsample.0.weight,512x256x1x1,5000,5.0560078038989404,3.0331560992635787e-05,2.9610622732434422e-05,2.248411359935386,0.44475847161203536,2.0951608049629864,0.41444394938122825,0.4968627126295233,0.31150147318840027,-0.0004961490631103516,0.0,-0.0008283257484436035,0.0,0.397,2.5307347774505615,False,True,True
2,19,layer4.1.conv1.weight,512x512x3x3,5000,7.537937042143167,3.989510878454894e-05,3.5285254853079095e-05,2.7454528808482435,0.3642386314388455,4.0474991898041806,0.5369806658235121,0.5407740744931883,0.0056814104318618774,-0.0004343986511230469,0.0,-0.000537574291229248,9.313225746154785e-10,0.397,2.5307347774505615,False,True,True
2,20,layer4.1.conv2.weight,512x512x3x3,5000,5.810484803746281,1.7641610611462966e-05,1.4338130313262809e-05,2.41037644900108,0.4148729549753213,5.2059205765595715,0.8960410244775217,0.8473822888135911,0.10377902537584305,-0.00020074844360351562,0.0,8.589029312133789e-05,-9.313225746154785e-10,0.397,2.5307347774505615,False,True,True
2,21,fc.weight,10x512,5000,4.919652821126355,5.1190509111620486e-05,3.075423592235893e-05,2.2180282323942317,0.45085088881874086,4.09332784179432,0.8320365299520921,0.8320573870443081,-0.00043163244845345616,-0.00021338462829589844,0.0,2.4557113647460938e-05,0.0,0.397,2.5307347774505615,False,True,True
3,1,conv1.weight,64x3x3x3,5000,4.146997603207384,9.433027298655361e-05,8.556985267205164e-05,2.036415318141155,0.4910589657677504,1.2754882001681564,0.3075698831361282,0.7030173899082242,0.20264208316802979,8.20159912109375e-05,0.0030000000000000027,0.00042760372161865234,-1.862645149230957e-09,0.40800000000000003,2.452909231185913,False,True,True
3,2,layer1.0.conv1.weight,64x64x3x3,5000,9.539982356259092,0.0001344740012427792,0.00011067155719501898,3.0886912235084973,0.3237617254806335,2.0668764736324667,0.21665337972851342,0.659546841115751,0.4120739698410034,-0.00012445449829101562,0.0010000000000000009,-0.0003663301467895508,6.51925802230835e-09,0.40800000000000003,2.452909231185913,False,True,True
3,3,layer1.0.conv2.weight,64x64x3x3,5000,11.936602317933822,0.00010490972636034712,9.097993461182341e-05,3.4549299682918337,0.2894414674617599,1.8183551706375898,0.1523351641931376,0.5794318265402757,0.4998133182525635,-0.0003902912139892578,-0.0010000000000000009,-0.0010405182838439941,-3.7248355511110276e-09,0.40800000000000003,2.452909231185913,False,True,True
3,4,layer1.1.conv1.weight,64x64x3x3,5000,10.692428451633837,9.789173054741696e-05,8.890301251085475e-05,3.2699298364510483,0.30581695938935793,1.6317445164653919,0.1526073024701926,0.547240920965195,0.45683133602142334,-0.00034308433532714844,0.0020000000000000018,-0.0007265210151672363,3.259629011154175e-09,0.40800000000000003,2.452909231185913,False,True,True
3,5,layer1.1.conv2.weight,64x64x3x3,5000,11.741703573934732,7.909154373919591e-05,7.21765827620402e-05,3.426614634792544,0.29183322508646864,1.8453299740422044,0.15716056116824967,0.5252099584270858,0.3104358911514282,-0.0005235671997070312,0.0,-0.0008401274681091309,-3.725290298461914e-09,0.40800000000000003,2.452909231185913,False,True,True
3,6,layer2.0.conv1.weight,128x64x3x3,5000,13.889486098486618,0.00011734486906789243,0.00010964188550133258,3.7268272502600794,0.26832475262442446,1.9451507945888773,0.14004729611763955,0.4410118648748482,0.5274258852005005,-0.0007612705230712891,0.0020000000000000018,-0.0011168122291564941,-2.793512976495549e-09,0.40800000000000003,2.452909231185913,False,True,True
3,7,layer2.0.conv2.weight,128x128x3x3,5000,17.65391447686218,9.646110265748575e-05,8.90541123226285e-05,4.201656509659353,0.23800136867472646,2.0964753986209566,0.11875411182825299,0.37694036581379825,0.4409674406051636,-0.0009176731109619141,0.0,-0.001615762710571289,4.547473508864641e-13,0.40800000000000003,2.452909231185913,False,True,True
3,8,layer2.0.downsample.0.weight,128x64x1x1,5000,7.648120442915891,4.2718842450995e-05,4.037208418594673e-05,2.7655236983441127,0.3615951657180739,1.3206393511965488,0.17267499830218616,0.4933183148481909,0.11386799812316895,-0.000514984130859375,0.0,-0.0009199380874633789,-2.3283064365386963e-09,0.40800000000000003,2.452909231185913,False,True,True
3,9,layer2.1.conv1.weight,128x128x3x3,5000,18.604829758927195,8.94199256435968e-05,8.225107012549415e-05,4.3133091072419525,0.23184056026057157,2.33814841695604,0.12567559228368302,0.40338212033507753,0.37778913974761963,-0.0006411075592041016,0.0,-0.0010434985160827637,-3.2591742638032883e-09,0.40800000000000003,2.452909231185913,False,True,True
3,10,layer2.1.conv2.weight,128x128x3x3,5000,13.078235930204022,0.00010262832802254707,9.719494846649468e-05,3.6163942917501855,0.27651852074903077,2.752743177589415,0.21048160467904495,0.36096014643862545,0.16671699285507202,-0.0008261203765869141,0.0,-0.0015721321105957031,-4.656612873077393e-10,0.40800000000000003,2.452909231185913,False,True,True
3,11,layer3.0.conv1.weight,256x128x3x3,5000,16.2042319147633,0.00015100745076779276,0.00014426899724639952,4.0252851600737545,0.24842960442128706,2.3978788002517044,0.14799054348687604,0.2436461232106327,0.42619991302490234,-0.0010685920715332031,0.0,-0.001962602138519287,9.31777321966365e-10,0.40800000000000003,2.452909231185913,False,True,True
3,12,layer3.0.conv2.weight,256x256x3x3,5000,16.777771435096742,0.00012805924052372575,0.00012192566646263003,4.096010937977974,0.24413997304744928,3.221751010976697,0.19203028982263531,0.24622053233954128,0.19479161500930786,-0.0011141300201416016,0.0,-0.0019946694374084473,-4.656612873077393e-10,0.40800000000000003,2.452909231185913,False,True,True
3,13,layer3.0.downsample.0.weight,256x128x1x1,5000,7.8255340203207,5.4167605412658304e-05,5.246297951089218e-05,2.7973791154652377,0.35747746684442094,2.0497134011656373,0.26193318419565537,0.38751438953013084,-0.018091201782226562,-0.0007693767547607422,0.0,-0.0012830495834350586,1.3969838619232178e-09,0.40800000000000003,2.452909231185913,False,True,True
3,14,layer3.1.conv1.weight,256x256x3x3,5000,14.935656258132408,0.00012609260738827288,0.00012050955410813913,3.864470679691606,0.25876765096321097,3.393154350220807,0.22720794721061005,0.2471585814910995,0.1166699230670929,-0.0009486675262451172,0.0,-0.0016968846321105957,1.8621904018800706e-09,0.40800000000000003,2.452909231185913,False,True,True
3,15,layer3.1.conv2.weight,256x256x3x3,5000,11.087583264540681,0.00011618125427048653,0.00011140634887851775,3.329669675195044,0.300330092035758,3.0164261289432845,0.27207608911148695,0.2974066367288258,0.09050166606903076,-0.0009505748748779297,0.0,-0.0016927123069763184,-1.3974386092741042e-09,0.40800000000000003,2.452909231185913,False,True,True
3,16,layer4.0.conv1.weight,512x256x3x3,5000,9.016603836347553,0.00016024528304114938,0.00015587465895805508,3.0026759060662256,0.3330362754034582,2.4221708864696865,0.2686506261499632,0.2738414593617071,0.12072305381298065,-0.0009586811065673828,0.0,-0.0016785860061645508,1.862645149230957e-09,0.40800000000000003,2.452909231185913,False,True,True
3,17,layer4.0.conv2.weight,512x512x3x3,5000,9.660579784537383,6.125106301624328e-05,5.7904821005649865e-05,3.107771633214473,0.3217739647638351,2.694735382955202,0.279008800406862,0.2844808190777543,0.052986353635787964,-0.0008640289306640625,0.0,-0.0013611912727355957,4.652065399568528e-10,0.40800000000000003,2.452909231185913,False,True,True
3,18,layer4.0.downsample.0.weight,512x256x1x1,5000,5.139878479617862,3.00451647490263e-05,2.933179166575428e-05,2.267051454378161,0.4411015894980179,3.3274944228240577,0.6474327664354586,0.404782796738553,0.1622912883758545,-0.0006411075592041016,0.0,-0.00102919340133667,4.656612873077393e-10,0.40800000000000003,2.452909231185913,False,True,True
3,19,layer4.1.conv1.weight,512x512x3x3,5000,7.417893693523054,3.955068677896634e-05,3.514170748530887e-05,2.7233280075352226,0.3671977805218773,3.952031268382411,0.5328690008664937,0.526768581358463,0.018751010298728943,-0.00042247772216796875,0.0,-0.0004601478576660156,0.0,0.40800000000000003,2.452909231185913,False,True,True
3,20,layer4.1.conv2.weight,512x512x3x3,5000,5.80453945722385,1.769016307662241e-05,1.4383316738530993e-05,2.40912842616487,0.415087875407255,4.704021109013498,0.8104932087010058,0.8385229521072823,0.07964363694190979,-0.0001957416534423828,0.0,0.00013530254364013672,-9.313225746154785e-10,0.40800000000000003,2.452909231185913,False,True,True
3,21,fc.weight,10x512,5000,4.913032912506328,5.258802048047073e-05,3.1965366360964254e-05,2.2165360131926826,0.45115441122908134,3.958035113209262,0.8056196584193202,0.8055949525898997,-0.0004154860507696867,-0.00019240379333496094,0.0,0.00010973215103149414,4.652065399568528e-10,0.40800000000000003,2.452909231185913,False,True,True
4,1,conv1.weight,64x3x3x3,5000,4.038686660954804,0.00011069395986851305,9.910437802318484e-05,2.0096518510796413,0.4975986260818121,1.2686837415095837,0.31413164660836107,0.6558026463065367,0.17448699474334717,-0.00019025802612304688,0.0,-0.00025337934494018555,-5.122728907736018e-09,0.386,2.5197505950927734,False,True,True
4,2,layer1.0.conv1.weight,64x64x3x3,5000,9.126206143971757,0.00015540176536887884,0.00012791056360583752,3.0209594847968377,0.3310206591755238,2.155072797747993,0.23614141290930715,0.6156108956764647,0.3380230665206909,-0.00025725364685058594,0.0,-0.0005858540534973145,3.725290298461914e-09,0.386,2.5197505950927734,False,True,True
4,3,layer1.0.conv2.weight,64x64x3x3,5000,10.449852538395927,0.00013801259046886116,0.00012338533997535706,3.2326429958855583,0.309344397532539,1.884497939633795,0.18033506517067927,0.6379739369564134,0.45129919052124023,-0.0004925727844238281,0.0,-0.0007353425025939941,-1.3969838619232178e-09,0.386,2.5197505950927734,False,True,True
4,4,layer1.1.conv1.weight,64x64x3x3,5000,9.584780016685752,0.00012094692647224292,0.00011073176574427634,3.095910561505208,0.3230067471696623,1.722778334813717,0.17974324751423354,0.5928303603021293,0.3660696744918823,-0.0003314018249511719,0.0,-0.00039756298065185547,-4.190951585769653e-09,0.386,2.5197505950927734,False,True,True
4,5,layer1.1.conv2.weight,64x64x3x3,5000,9.420968844026303,0.00010884964285651222,0.00010171519534196705,3.069344682393883,0.32580244432504313,1.585913583110251,0.1683403616786002,0.5687470554233849,0.3782196044921875,-0.0005795955657958984,0.0,-0.0009617209434509277,-1.3969838619232178e-09,0.386,2.5197505950927734,False,True,True
4,6,layer2.0.conv1.weight,128x64x3x3,5000,11.61498166287982,0.00016458700702060014,0.00015467677440028638,3.408068408943538,0.29342134018665095,1.8052895353467853,0.15542832114422353,0.5603081587840819,0.5726478099822998,-0.0004093647003173828,0.0,-0.0006591081619262695,-9.313225746154785e-10,0.386,2.5197505950927734,False,True,True
4,7,layer2.0.conv2.weight,128x128x3x3,5000,12.829401304533793,0.00014771230053156614,0.0001391820260323584,3.581789336550973,0.279190065645495,2.0927249518617077,0.16312182290290408,0.5124746386467647,0.44295358657836914,-0.0004975795745849609,0.0,-0.0009836554527282715,9.313225746154785e-10,0.386,2.5197505950927734,False,True,True
4,8,layer2.0.downsample.0.weight,128x64x1x1,5000,6.324692709692867,6.256113556446508e-05,5.9825277276104316e-05,2.514894742424581,0.39763095573372254,1.4555881798352255,0.23014359622287067,0.5642869972714342,0.09040391445159912,-0.0003883838653564453,0.0,-0.0007591843605041504,9.313225746154785e-10,0.386,2.5197505950927734,False,True,True
4,9,layer2.1.conv1.weight,128x128x3x3,5000,12.41342473161344,0.00014068647578824311,0.00013355717237573117,3.523297973365677,0.2838249865777707,2.395971425672186,0.19301138772939586,0.45384850404984206,0.325029194355011,-0.000453948974609375,0.0,-0.0007624030113220215,9.313225746154785e-10,0.386,2.5197505950927734,False,True,True
4,10,layer2.1.conv2.weight,128x128x3x3,5000,9.545369157176788,0.00015382099081762135,0.00014830214786343277,3.0895400660915,0.32367277284255297,2.3976279651393435,0.25118524852341656,0.418993296972268,0.21518129110336304,-0.0005049705505371094,0.0,-0.0009976029396057129,-4.6566128730773926e-09,0.386,2.5197505950927734,False,True,True
4,11,layer3.0.conv1.weight,256x128x3x3,5000,13.328929810934786,0.0002015993813984096,0.0001940429356181994,3.650786769411003,0.27391355977805687,2.6712972399196557,0.20042380380553826,0.2968010894816024,0.3187792897224426,-0.0009543895721435547,0.0,-0.0016742944717407227,-1.862645149230957e-09,0.386,2.5197505950927734,False,True,True
4,12,layer3.0.conv2.weight,256x256x3x3,5000,13.839510531098814,0.00017143855802714825,0.00016442271589767188,3.720050847250459,0.26881352999223485,2.7367099860142337,0.19775663495242865,0.28402902086178355,0.22421473264694214,-0.0009028911590576172,0.0,-0.0016316771507263184,4.656612873077393e-10,0.386,2.5197505950927734,False,True,True
4,13,layer3.0.downsample.0.weight,256x128x1x1,5000,7.039275499461284,7.206997543107718e-05,6.995368312345818e-05,2.6531288243716293,0.3769134731845678,2.1688653705670387,0.3081171793403979,0.4420552001900072,-0.04148554801940918,-0.0006031990051269531,0.0,-0.0011081099510192871,9.313225746154785e-10,0.386,2.5197505950927734,False,True,True
4,14,layer3.1.conv1.weight,256x256x3x3,5000,12.175379629018193,0.00017342674254905432,0.00016689080803189427,3.489298774588653,0.2865905342593909,2.953938913194682,0.2426192408350305,0.3018509275389858,0.13997915387153625,-0.0008485317230224609,0.0,-0.001549065113067627,4.656612873077393e-10,0.386,2.5197505950927734,False,True,True
4,15,layer3.1.conv2.weight,256x256x3x3,5000,9.842901916848543,0.0001483871164964512,0.00014276363071985543,3.13714761256304,0.3187609011432532,3.394964351847787,0.34495725906823976,0.3077899777178597,0.06465041637420654,-0.0007982254028320312,0.0,-0.0014877915382385254,-1.3969838619232178e-09,0.386,2.5197505950927734,False,True,True
4,16,layer4.0.conv1.weight,512x256x3x3,5000,8.294771158576832,0.0002013781195273623,0.00019597425125539303,2.879830618704204,0.3472426445864915,2.5009364508781586,0.3015565580523833,0.3388558567153371,0.15515436232089996,-0.0008268356323242188,0.0,-0.0014782547950744629,4.656612873077393e-10,0.386,2.5197505950927734,False,True,True
4,17,layer4.0.conv2.weight,512x512x3x3,5000,9.069916714640009,7.579112570965663e-05,7.187711889855564e-05,3.0113193737643584,0.3320803527889938,3.0155648930252763,0.33254856709201613,0.3087566533571322,0.0655135065317154,-0.0007185935974121094,0.0,-0.001162886619567871,4.656612873077393e-10,0.386,2.5197505950927734,False,True,True
4,18,layer4.0.downsample.0.weight,512x256x1x1,5000,4.836225219205685,3.777206438826397e-05,3.6933353840140626e-05,2.1990238191253977,0.4547472343422469,2.3889117973054974,0.49401501981732115,0.5602288802807814,0.264265239238739,-0.0003790855407714844,0.0,-0.0006066560745239258,9.313225746154785e-10,0.386,2.5197505950927734,False,True,True
4,19,layer4.1.conv1.weight,512x512x3x3,5000,7.136156442816378,4.820320464204997e-05,4.3117121094837785e-05,2.6711019890950904,0.37437731845603456,3.9905627883111174,0.559310801376866,0.654406801053875,0.0716664046049118,-0.0003085136413574219,0.0,-0.0002518296241760254,4.656612873077393e-10,0.386,2.5197505950927734,False,True,True
4,20,layer4.1.conv2.weight,512x512x3x3,5000,5.633080277341966,2.1731993911089376e-05,1.7925858628586866e-05,2.373362996964165,0.4213430483575955,5.372643078917265,0.9538050857763967,0.857072347698535,0.07431026548147202,-0.0001838207244873047,0.0,0.00015503168106079102,0.0,0.386,2.5197505950927734,False,True,True
4,21,fc.weight,10x512,5000,4.807598337438764,6.265550473472103e-05,3.983853821409866e-05,2.1926255793690785,0.45607421960649897,3.8896108922763575,0.8090534566952625,0.8090623871393801,-0.00041219248669221997,-0.00019478797912597656,0.0,0.00013059377670288086,-4.656612873077393e-10,0.386,2.5197505950927734,False,True,True
5,1,conv1.weight,64x3x3x3,5000,3.7340079359793994,0.00010017750173574314,9.178397158393636e-05,1.9323584944305365,0.5175023179612945,1.2695570278521289,0.33999831307466366,0.657662607819787,0.12180566787719727,-0.00011873245239257812,-0.0010000000000000009,-0.0006459355354309082,-1.862645149230957e-09,0.385,2.5366854667663574,False,True,True
5,2,layer1.0.conv1.weight,64x64x3x3,5000,9.958506197412861,0.0001294967223657295,0.00010120687511516735,3.155704247288556,0.31688647656358165,1.8717375803674305,0.18795433923504662,0.6068719794868239,0.35776448249816895,-0.0004134178161621094,0.0020000000000000018,-0.0005904436111450195,-5.587935447692871e-09,0.385,2.5366854667663574,False,True,True
5,3,layer1.0.conv2.weight,64x64x3x3,5000,12.121938168927786,0.00011017960059689358,9.577560558682308e-05,3.4816332252941944,0.28722152371908766,1.6951954674084915,0.13984718813473257,0.5607080254343746,0.5123505592346191,-0.0004153251647949219,0.0010000000000000009,-0.0006003975868225098,-1.3969838619232178e-09,0.385,2.5366854667663574,False,True,True
5,4,layer1.1.conv1.weight,64x64x3x3,5000,10.45540578961115,0.00010589310841169208,9.433845116291195e-05,3.2334764731147567,0.3092646593580178,1.49259271969252,0.1427584899352884,0.5007009546479133,0.45950090885162354,-0.00025534629821777344,0.0010000000000000009,-0.000459134578704834,-4.656612873077393e-10,0.385,2.5366854667663574,False,True,True
5,5,layer1.1.conv2.weight,64x64x3x3,5000,11.059282605517765,9.607651736587286e-05,8.631095988675952e-05,3.32555062396173,0.3007020830760049,1.5924506624970272,0.14399219231970106,0.4881976990894255,0.3658369779586792,-0.00042724609375,0.0020000000000000018,-0.00035947561264038086,-4.190951585769653e-09,0.385,2.5366854667663574,False,True,True
5,6,layer2.0.conv1.weight,128x64x3x3,5000,12.725247452169253,0.00014672444376628846,0.0001370735262753442,3.567229266874188,0.2803296130378123,1.926809104204036,0.15141769183950254,0.42676844524666674,0.5178215503692627,-0.0002155303955078125,0.0010000000000000009,-2.0384788513183594e-05,-1.862645149230957e-09,0.385,2.5366854667663574,False,True,True
5,7,layer2.0.conv2.weight,128x128x3x3,5000,17.50972326021848,0.00011080508556915447,0.00010176430077990517,4.184485914477933,0.2389779821076928,2.0006455649512347,0.11425783150703595,0.4038434749994559,0.48740947246551514,-0.0005562305450439453,0.0010000000000000009,-0.0007166862487792969,-4.6566128730773926e-09,0.385,2.5366854667663574,False,True,True
5,8,layer2.0.downsample.0.weight,128x64x1x1,5000,7.373936986075874,4.947217894368805e-05,4.681049540522508e-05,2.7154931938897593,0.3682572293865955,1.2881194520104324,0.17468622507878478,0.49261135524177196,0.11966359615325928,-0.0004894733428955078,0.0,-0.000634610652923584,-1.3969838619232178e-09,0.385,2.5366854667663574,False,True,True
5,9,layer2.1.conv1.weight,128x128x3x3,5000,14.578043309479606,0.00012111777323298156,0.00011404049291741103,3.8180897966461136,0.2619110741917123,1.9716535265338193,0.13525031904043802,0.3255726236990559,0.4263729453086853,-0.0006771087646484375,0.0010000000000000009,-0.0008939504623413086,-1.862645149230957e-09,0.385,2.5366854667663574,False,True,True
5,10,layer2.1.conv2.weight,128x128x3x3,5000,13.512856574689184,0.00011342237121425569,0.00010737797856563702,3.675977114634415,0.2720365140519795,2.278891346746881,0.16864676265579992,0.3242946831699498,0.25017011165618896,-0.0006461143493652344,0.0010000000000000009,-0.0009983181953430176,-1.3969838619232178e-09,0.385,2.5366854667663574,False,True,True
5,11,layer3.0.conv1.weight,256x128x3x3,5000,16.841634589926638,0.00016627844888716936,0.00015867952606640756,4.103770791019666,0.24367832681793844,2.6331784210854323,0.15635582211980995,0.23670935205986338,0.3414788246154785,-0.0009143352508544922,0.0010000000000000009,-0.0016126632690429688,-3.259629011154175e-09,0.385,2.5366854667663574,False,True,True
5,12,layer3.0.conv2.weight,256x256x3x3,5000,17.393491224202894,0.0001438129838788882,0.00013619866513181478,4.170518495253144,0.23977833958492054,3.0600023069092606,0.17593071858612638,0.21850212668111438,0.2360750436782837,-0.0009062290191650391,0.0010000000000000009,-0.0015592575073242188,-9.313225746154785e-10,0.385,2.5366854667663574,False,True,True
5,13,layer3.0.downsample.0.weight,256x128x1x1,5000,8.385608220398456,6.066223431844264e-05,5.843988401466049e-05,2.895743289266989,0.345334478959678,2.0193869219367366,0.24082379166647175,0.3738744540947424,-0.009903967380523682,-0.0006527900695800781,0.0010000000000000009,-0.0010409951210021973,-2.7939677238464355e-09,0.385,2.5366854667663574,False,True,True
5,14,layer3.1.conv1.weight,256x256x3x3,5000,17.53990041583842,0.00013170957390684634,0.0001239864795934409,4.187855657703729,0.23878568932060965,3.338392922403253,0.19035050206432985,0.2433360310568992,0.15138155221939087,-0.0008761882781982422,0.0,-0.001375436782836914,-9.313225746154785e-10,0.385,2.5366854667663574,False,True,True
5,15,layer3.1.conv2.weight,256x256x3x3,5000,12.245224315780286,0.00012534644338302314,0.00011899443052243441,3.499158437761428,0.2857830011949232,3.3710401554610305,0.27531935089706294,0.28453014418008704,0.11743149161338806,-0.0008151531219482422,0.0,-0.0012717247009277344,4.656612873077393e-10,0.385,2.5366854667663574,False,True,True
5,16,layer4.0.conv1.weight,512x256x3x3,5000,9.402394968276898,0.00018241551879327744,0.0001765534543665126,3.0659604376339544,0.3261620690616981,2.317528812320629,0.24654263603422408,0.32069098649941485,0.13546742498874664,-0.0009129047393798828,0.0,-0.0014030933380126953,-4.656612873077393e-10,0.385,2.5366854667663574,False,True,True
5,17,layer4.0.conv2.weight,512x512x3x3,5000,9.864308046830919,7.505663961637765e-05,7.047133840387687e-05,3.140443901755246,0.31842632165506396,2.853250159789893,0.28930621890926134,0.30726120696360737,0.06006133556365967,-0.0008149147033691406,0.0,-0.0012027621269226074,-9.313225746154785e-10,0.385,2.5366854667663574,False,True,True
5,18,layer4.0.downsample.0.weight,512x256x1x1,5000,5.310397887539957,3.7298166716936976e-05,3.630076389526948e-05,2.304285359527028,0.4339740283752259,2.2375387618268077,0.4214034602622847,0.4390752325261954,0.14393338561058044,-0.0006589889526367188,0.0,-0.0010166168212890625,-2.3283064365386963e-09,0.385,2.5366854667663574,False,True,True
5,19,layer4.1.conv1.weight,512x512x3x3,5000,6.734025500525917,5.1731611165450886e-05,4.662616265704855e-05,2.5948713065701896,0.38537556659091704,3.7400408913965904,0.5554495809754975,0.6100522076086713,0.04372350871562958,-0.00035858154296875,0.0,-0.0003256797790527344,2.7939677238464355e-09,0.385,2.5366854667663574,False,True,True
5,20,layer4.1.conv2.weight,512x512x3x3,5000,5.636031158179177,2.093836883432232e-05,1.7248212316189893e-05,2.3738833931746965,0.42125068268945465,4.624986303679776,0.8207137685191218,0.8417925058501659,0.09887514263391495,-0.00023484230041503906,0.0,7.545948028564453e-05,1.3969838619232178e-09,0.385,2.5366854667663574,False,True,True
5,21,fc.weight,10x512,5000,4.658658367732827,6.2689752667211e-05,4.2822557588806376e-05,2.158394357297934,0.4633073639294939,3.7081602818899055,0.7959703730934885,0.7959754689933248,-0.00040266819996759295,-0.00021529197692871094,0.0,8.732080459594727e-05,9.313225746154785e-10,0.385,2.5366854667663574,False,True,True
6,1,conv1.weight,64x3x3x3,5000,4.301927894904329,9.279524238081649e-05,8.260742470156401e-05,2.074107551702724,0.4821350750008392,1.2420262080775486,0.28871418889866074,0.6308591331085321,0.16330087184906006,0.00012421607971191406,-0.0010000000000000009,0.00034797191619873047,-3.259629011154175e-09,0.395,2.52294921875,False,True,True
6,2,layer1.0.conv1.weight,64x64x3x3,5000,10.879012747009307,0.00012569426326081157,9.868138295132667e-05,3.298326719647163,0.3031840339052204,2.0245488100295956,0.18609765884445315,0.6118380572129637,0.3696603775024414,-0.0003695487976074219,0.0,-0.00032067298889160156,4.656612873077393e-10,0.395,2.52294921875,False,True,True
6,3,layer1.0.conv2.weight,64x64x3x3,5000,12.205060232304794,0.00011200406879652292,9.794529614737257e-05,3.4935592574687266,0.2862410299359154,1.827783602557518,0.1497574931739165,0.5858385893424061,0.4419811964035034,-0.0005071163177490234,0.0,-0.000778496265411377,-4.190951585769653e-09,0.395,2.52294921875,False,True,True
6,4,layer1.1.conv1.weight,64x64x3x3,5000,10.378361344756723,0.0001051833460223861,9.528219379717484e-05,3.221560833705086,0.31040854157948944,1.7713287355378617,0.17067367504354317,0.5203660185398463,0.36502528190612793,-0.0005617141723632812,0.0,-0.0007798075675964355,-2.7939677238464355e-09,0.395,2.52294921875,False,True,True
6,5,layer1.1.conv2.weight,64x64x3x3,5000,11.155743705245415,9.09480731934309e-05,8.193383837351575e-05,3.3400113025736076,0.29940018443334654,1.870090106499406,0.1676357727437381,0.5086073153105822,0.2422642707824707,-0.0008800029754638672,0.0010000000000000009,-0.001489102840423584,-1.3969838619232178e-09,0.395,2.52294921875,False,True,True
6,6,layer2.0.conv1.weight,128x64x3x3,5000,13.059244544258066,0.00013645997387357056,0.00012728932779282331,3.613711093134195,0.2767238371379306,1.8604174256220978,0.14246348119060606,0.36328139838220375,0.521013081073761,-0.0007548332214355469,0.0010000000000000009,-0.001208186149597168,-2.7939677238464355e-09,0.395,2.52294921875,False,True,True
6,7,layer2.0.conv2.weight,128x128x3x3,5000,16.38964820375535,0.00011258111044298857,0.00010397060395916924,4.048406029820531,0.2470107969986229,2.119388826915459,0.12931309263430862,0.36145048624029036,0.43026071786880493,-0.001012563705444336,0.0010000000000000009,-0.0015124678611755371,-4.656612873077393e-10,0.395,2.52294921875,False,True,True
6,8,layer2.0.downsample.0.weight,128x64x1x1,5000,7.32296669135959,4.9535694415681064e-05,4.6867982746334746e-05,2.706087747391576,0.3695371670648558,1.3851156049918318,0.18914822247224974,0.44362979328473895,0.09311568737030029,-0.00046896934509277344,0.0010000000000000009,-0.000812232494354248,-9.313225746154785e-10,0.395,2.52294921875,False,True,True
6,9,layer2.1.conv1.weight,128x128x3x3,5000,19.11324512640741,9.813792712520808e-05,8.941458509070799e-05,4.371823967039083,0.22873748063494717,2.287298314448213,0.1196733802926227,0.33291555542357887,0.33451521396636963,-0.0009527206420898438,-0.0020000000000000018,-0.0016843676567077637,-9.313225746154785e-10,0.395,2.52294921875,False,True,True
6,10,layer2.1.conv2.weight,128x128x3x3,5000,13.774354595605876,0.00011218152940273285,0.0001057050030794926,3.7113773722748933,0.2694417462019091,2.371868621865855,0.17219495605477103,0.29355950118855983,0.23485445976257324,-0.0007891654968261719,0.0,-0.0014095306396484375,-4.6566128730773926e-09,0.395,2.52294921875,False,True,True
6,11,layer3.0.conv1.weight,256x128x3x3,5000,17.18145603720057,0.00015961533063091338,0.0001520316582173109,4.1449165907079815,0.24125937835318245,2.5056328611671908,0.1458430850221305,0.2414905091598205,0.34724652767181396,-0.0009593963623046875,0.0,-0.001584768295288086,2.7939677238464355e-09,0.395,2.52294921875,False,True,True
6,12,layer3.0.conv2.weight,256x256x3x3,5000,18.485557436843273,0.0001344330667052418,0.0001267949992325157,4.299484854684423,0.2325860036256364,3.405676454344251,0.1842343163934413,0.26795097467836865,0.16398924589157104,-0.0008592605590820312,0.0,-0.001486659049987793,-1.862645149230957e-09,0.395,2.52294921875,False,True,True
6,13,layer3.0.downsample.0.weight,256x128x1x1,5000,8.620906162033632,5.827929635415785e-05,5.607511047855951e-05,2.9361099996317033,0.34058669468290936,2.099975717870219,0.24359569107159199,0.371376911905043,-0.019518017768859863,-0.0006496906280517578,0.0,-0.001116335391998291,4.656612873077393e-10,0.395,2.52294921875,False,True,True
6,14,layer3.1.conv1.weight,256x256x3x3,5000,16.86366632495264,0.00013056499301455915,0.00012368122406769544,4.106466549818899,0.24351836009576197,4.099169257063639,0.24308557744457546,0.23200211868411008,0.07069358229637146,-0.0010156631469726562,0.0,-0.0019515156745910645,-5.122274160385132e-09,0.395,2.52294921875,False,True,True
6,15,layer3.1.conv2.weight,256x256x3x3,5000,12.547086198053693,0.00012058525317115709,0.00011449572775745764,3.5421069983718207,0.2823178408951689,3.5376750836134465,0.2819646097251109,0.3166713531342574,0.0604882538318634,-0.000885009765625,0.0,-0.0016445517539978027,-3.725290298461914e-09,0.395,2.52294921875,False,True,True
6,16,layer4.0.conv1.weight,512x256x3x3,5000,9.75415310729467,0.00017327758541796356,0.0001673689839662984,3.123014337041878,0.3202034611686096,2.760878642006373,0.283073582763573,0.2599753684822647,0.11033210158348083,-0.0011391639709472656,0.0,-0.002049684524536133,1.3969838619232178e-09,0.395,2.52294921875,False,True,True
6,17,layer4.0.conv2.weight,512x512x3x3,5000,10.3631884672748,6.802449934184551e-05,6.342431879602373e-05,3.2190100218028976,0.31065451589986715,3.373470900077338,0.32556092619654997,0.31736658209573665,0.03522312641143799,-0.0008332729339599609,0.0,-0.0014017820358276367,4.656612873077393e-10,0.395,2.52294921875,False,True,True
6,18,layer4.0.downsample.0.weight,512x256x1x1,5000,5.476978496597504,3.297102375654504e-05,3.2027295674197376e-05,2.340164658410759,0.42732035816621344,2.354234805245925,0.4298895432699679,0.5079943869375625,0.1870327889919281,-0.0005600452423095703,0.0,-0.0009016990661621094,-9.313225746154785e-10,0.395,2.52294921875,False,True,True
6,19,layer4.1.conv1.weight,512x512x3x3,5000,7.458587628348531,4.5240663894219324e-05,4.000052285846323e-05,2.7307817567835975,0.36619550336304874,4.512655448199344,0.6051432851933153,0.5874228662968545,0.0048578232526779175,-0.00040531158447265625,0.0,-0.0004407167434692383,-1.862645149230957e-09,0.395,2.52294921875,False,True,True
6,20,layer4.1.conv2.weight,512x512x3x3,5000,5.7563108754299535,1.9899302060366608e-05,1.6235613657045178e-05,2.3991010037974334,0.4168228008813064,4.988966104119357,0.866789184929081,0.8567313187379685,0.10482897609472275,-0.00018715858459472656,0.0,0.0001823902130126953,-9.313225746154785e-10,0.395,2.52294921875,False,True,True
6,21,fc.weight,10x512,5000,4.837921125678663,5.975692329229787e-05,3.633527012425475e-05,2.199525297218891,0.45464355479994406,4.094728062610869,0.8463834803088156,0.8463805952130835,-0.0004257544642314315,-0.00019025802612304688,0.0,0.0001481771469116211,-2.7939677238464355e-09,0.395,2.52294921875,False,True,True
7,1,conv1.weight,64x3x3x3,5000,4.238165237142814,8.625693590147421e-05,7.805362838553265e-05,2.0586802399379707,0.48574809268589014,1.1898793650556307,0.280753502939256,0.5762430094661936,0.1827399730682373,-0.00035834312438964844,0.0,-0.0008912980556488037,-1.862645149230957e-09,0.423,2.320887804031372,False,True,True
7,2,layer1.0.conv1.weight,64x64x3x3,5000,11.43437010029045,0.00011704604548867792,8.72494128998369e-05,3.381479566394222,0.2957285355020884,1.707193718788339,0.14930324741761514,0.6361170578114949,0.502529501914978,-0.0007791519165039062,0.0,-0.0014529228210449219,2.3283064365386963e-09,0.423,2.320887804031372,False,True,True
7,3,layer1.0.conv2.weight,64x64x3x3,5000,14.291098714989008,9.874522220343351e-05,8.187269122572616e-05,3.780339300766905,0.2645265200922926,1.7309969265695906,0.12112527832914466,0.636546916172029,0.6030008792877197,-0.0002300739288330078,0.0,-0.0007598400115966797,1.862645149230957e-09,0.423,2.320887804031372,False,True,True
7,4,layer1.1.conv1.weight,64x64x3x3,5000,11.924427119046992,0.00010117613419424742,8.873661863617599e-05,3.453197581223371,0.28958667335963095,1.5649930382542032,0.1312409982005567,0.6124830110492528,0.4696871042251587,-0.0005600452423095703,0.0,-0.0010367333889007568,-4.19140633312054e-09,0.423,2.320887804031372,False,True,True
7,5,layer1.1.conv2.weight,64x64x3x3,5000,11.319592507488052,9.597306052455679e-05,8.68119386723265e-05,3.364456792785318,0.2972248007893525,1.7712262131705983,0.15647469834002786,0.5871026504984648,0.3390843868255615,-0.0005223751068115234,-0.0010000000000000009,-0.0010787248611450195,-3.725290298461914e-09,0.423,2.320887804031372,False,True,True
7,6,layer2.0.conv1.weight,128x64x3x3,5000,13.335106937599805,0.0001360342575935647,0.00012713941396214068,3.6516917370848425,0.27384567811255156,1.890667958135587,0.14178393842338566,0.4172397331905946,0.527873158454895,-0.0007638931274414062,0.0,-0.0012371242046356201,-2.3283064365386963e-09,0.423,2.320887804031372,False,True,True
7,7,layer2.0.conv2.weight,128x128x3x3,5000,15.106171706348935,0.00011921226541744545,0.00011151683429488912,3.8866563869747384,0.2572905604290816,2.142427460598388,0.14182536980293114,0.45085330344934693,0.3879122734069824,-0.0006701946258544922,0.0,-0.0009632706642150879,2.794422471197322e-09,0.423,2.320887804031372,False,True,True
7,8,layer2.0.downsample.0.weight,128x64x1x1,5000,6.726706167948283,5.403468094300479e-05,5.166831033420749e-05,2.5935830486366305,0.38556698638421094,1.2992806710831435,0.19315353214910855,0.5099213946187473,0.11300921440124512,-0.0005259513854980469,0.0010000000000000009,-0.0007289350032806396,-4.656612873077393e-10,0.423,2.320887804031372,False,True,True
7,9,layer2.1.conv1.weight,128x128x3x3,5000,15.808800783427163,0.00010922338697127998,0.00010242922871839255,3.9760309878747355,0.25150709414730166,2.2975954530356204,0.14533626810876057,0.3922907553635134,0.34214192628860474,-0.0007829666137695312,0.0,-0.0011339187622070312,4.656612873077393e-10,0.423,2.320887804031372,False,True,True
7,10,layer2.1.conv2.weight,128x128x3x3,5000,12.272354651877174,0.00011818335769930854,0.00011282802006462589,3.5031929144603056,0.28545387719649973,2.4540090539399984,0.19996229044634026,0.33162009438510465,0.22017478942871094,-0.0006256103515625,0.0,-0.0011895298957824707,1.3965291145723313e-09,0.423,2.320887804031372,False,True,True
7,11,layer3.0.conv1.weight,256x128x3x3,5000,16.39402607312023,0.0001632475177757442,0.00015626210370101035,4.048818874615761,0.24698561011695083,2.5087167018957053,0.1530364738010535,0.25225689215039754,0.3761647343635559,-0.0009543895721435547,-0.0010000000000000009,-0.001645892858505249,-4.657067620428279e-09,0.423,2.320887804031372,False,True,True
7,12,layer3.0.conv2.weight,256x256x3x3,5000,17.736216109202218,0.0001364953350275755,0.00012907465861644596,4.211350924446006,0.23745349602551769,3.383080751778281,0.19075215170535428,0.27601223807226044,0.18350201845169067,-0.0008726119995117188,-0.0010000000000000009,-0.0016205906867980957,-5.122274160385132e-09,0.423,2.320887804031372,False,True,True
7,13,layer3.0.downsample.0.weight,256x128x1x1,5000,8.41403255955399,5.8661091316025704e-05,5.6500721257179976e-05,2.9006555743666573,0.3447496520569647,2.0594606853344914,0.24477169923340011,0.3772690181879268,-0.022034645080566406,-0.0005819797515869141,0.0,-0.0011430680751800537,-1.3974386092741042e-09,0.423,2.320887804031372,False,True,True
7,14,layer3.1.conv1.weight,256x256x3x3,5000,16.280766432494598,0.00013254251098260283,0.00012583723582793027,4.034751787143327,0.24784672087796927,3.5563559808486285,0.21845982165040068,0.256040118541288,0.10744696855545044,-0.0009438991546630859,-0.0010000000000000009,-0.0019594430923461914,-4.656612873077393e-10,0.423,2.320887804031372,False,True,True
7,15,layer3.1.conv2.weight,256x256x3x3,5000,11.340874163571536,0.0001265544124180451,0.00012090159725630656,3.3674324198928036,0.2969621584957697,3.1709148177617763,0.27963193509365203,0.2808168054795385,0.09771662950515747,-0.0009109973907470703,0.0,-0.0017769336700439453,-1.3969838619232178e-09,0.423,2.320887804031372,False,True,True
7,16,layer4.0.conv1.weight,512x256x3x3,5000,8.932126052480525,0.00017866320558823645,0.00017332527204416692,2.9882083220866025,0.33464868985497004,2.5075988385540904,0.28082538952885044,0.2578437826554368,0.13688065111637115,-0.0009713172912597656,0.0,-0.00183868408203125,2.3283064365386963e-09,0.423,2.320887804031372,False,True,True
7,17,layer4.0.conv2.weight,512x512x3x3,5000,9.32281096647814,6.969799142098054e-05,6.586292147403583e-05,3.0530773904347117,0.32753837263771923,3.0178669295874,0.3237609424210441,0.29094758656288894,0.0508284717798233,-0.0008234977722167969,0.0,-0.0015090107917785645,1.3969838619232178e-09,0.423,2.320887804031372,False,True,True
7,18,layer4.0.downsample.0.weight,512x256x1x1,5000,5.056615547773992,3.45455264323391e-05,3.373248182469979e-05,2.248563786094905,0.4447283222223846,2.684719416994715,0.5309926144106288,0.5506704388195094,0.13867494463920593,-0.0005040168762207031,0.0,-0.0008939802646636963,2.3283064365386963e-09,0.423,2.320887804031372,False,True,True
7,19,layer4.1.conv1.weight,512x512x3x3,5000,7.154326640673317,4.419418837642297e-05,3.937430665246211e-05,2.6746325281696435,0.37388313701708376,4.058758339668629,0.567368131897109,0.5448165023230641,0.03198423981666565,-0.0004410743713378906,0.0,-0.0005189478397369385,-1.862645149230957e-09,0.423,2.320887804031372,False,True,True
7,20,layer4.1.conv2.weight,512x512x3x3,5000,5.757527550142911,1.8902053852798417e-05,1.5292844182113186e-05,2.3993540499769237,0.41677884095913975,5.196242459736906,0.9026111295112724,0.899412042753746,0.06774082034826279,-0.00019669532775878906,0.0,0.00017377734184265137,0.0,0.423,2.320887804031372,False,True,True
7,21,fc.weight,10x512,5000,4.794103135460348,5.8863537560682744e-05,3.808314795605838e-05,2.189544757063597,0.45671594370196944,3.6212972883819994,0.7553642711416338,0.7553527983087308,-0.0003697515348903835,-0.0002334117889404297,0.0,9.056925773620605e-05,4.656612873077393e-10,0.423,2.320887804031372,False,True,True
8,1,conv1.weight,64x3x3x3,5000,4.203113297532642,0.00012164201325504109,0.00010574935004115105,2.0501539924693524,0.48776823773882866,1.3354112257762718,0.31771811704453007,0.6645164893813392,0.19707584381103516,-0.0002315044403076172,0.0,-0.0001729726791381836,4.190951585769653e-09,0.423,2.3260507583618164,False,True,True
8,2,layer1.0.conv1.weight,64x64x3x3,5000,10.1670027421153,0.0001354285777779296,0.00011163520684931427,3.188580639871936,0.3136191656862608,2.029550815204927,0.19962046349361745,0.6839910129496798,0.42465245723724365,-0.00047016143798828125,-0.0010000000000000009,-0.0005537271499633789,3.725290298461914e-09,0.423,2.3260507583618164,False,True,True
8,3,layer1.0.conv2.weight,64x64x3x3,5000,11.06528036079249,0.00011965644807787612,0.00010721903527155519,3.3264610812298447,0.30061978047561716,1.8164458705089255,0.1641563201762279,0.6557467443631437,0.46262121200561523,-0.0003523826599121094,-0.0010000000000000009,-0.0004890561103820801,2.3283064365386963e-09,0.423,2.3260507583618164,False,True,True
8,4,layer1.1.conv1.weight,64x64x3x3,5000,8.849671997950784,0.0001284096942981705,0.00011886171705555171,2.9748613082636184,0.3361501247880645,1.8620946076995648,0.21041094001239521,0.6270023952223456,0.3613015413284302,-0.0004181861877441406,0.0,-0.0006021261215209961,9.313225746154785e-10,0.423,2.3260507583618164,False,True,True
8,5,layer1.1.conv2.weight,64x64x3x3,5000,10.00770488429016,0.00010406997171230614,9.663943637860939e-05,3.163507248832924,0.31610485494190615,1.5330025965884155,0.15318109272223396,0.5097100757569675,0.38695013523101807,-0.0003921985626220703,-0.0010000000000000009,-0.0007962584495544434,2.7939677238464355e-09,0.423,2.3260507583618164,False,True,True
8,6,layer2.0.conv1.weight,128x64x3x3,5000,12.774646523330823,0.0001482467632740736,0.00013937220501247793,3.5741748245069247,0.27978485919136736,1.7889449586914616,0.14003781185485847,0.4172271492717703,0.5154688954353333,-0.0004665851593017578,-0.0010000000000000009,-0.0009003281593322754,0.0,0.423,2.3260507583618164,False,True,True
8,7,layer2.0.conv2.weight,128x128x3x3,5000,14.196818309954736,0.00013225375732872635,0.00012471142690628767,3.7678889671448546,0.2654006019603485,1.8753845831982174,0.13209736601411878,0.4031564758687102,0.49622976779937744,-0.00043320655822753906,0.0,-0.0007936358451843262,-2.3283064365386963e-09,0.423,2.3260507583618164,False,True,True
8,8,layer2.0.downsample.0.weight,128x64x1x1,5000,6.3259460196958095,5.9488935221452266e-05,5.711045741918497e-05,2.515145733331474,0.39759127542698486,1.438881445378568,0.2274566560664451,0.5127895502884927,0.10133445262908936,-0.00028324127197265625,0.0,-0.0005285143852233887,1.862645149230957e-09,0.423,2.3260507583618164,False,True,True
8,9,layer2.1.conv1.weight,128x128x3x3,5000,14.26293733436554,0.00012584628711920232,0.00011901622201548889,3.7766429350295847,0.26478542377535264,2.276244004886917,0.15959050080329995,0.42820388600879844,0.35692983865737915,-0.00043773651123046875,-0.0010000000000000009,-0.0006886124610900879,4.656612873077393e-10,0.423,2.3260507583618164,False,True,True
8,10,layer2.1.conv2.weight,128x128x3x3,5000,11.384362649164924,0.00013025756925344467,0.00012510879605542868,3.3740369204961014,0.2963808706198049,2.1494169848312867,0.18880825003287977,0.3010417567869454,0.2717716097831726,-0.0004162788391113281,-0.0010000000000000009,-0.0006713271141052246,-3.725290298461914e-09,0.423,2.3260507583618164,False,True,True
8,11,layer3.0.conv1.weight,256x128x3x3,5000,15.724500388711665,0.00017483773990534246,0.00016806273197289556,3.9653629369209207,0.25218372590542587,2.32768230103161,0.14803273016728716,0.26526660490934006,0.403689980506897,-0.0006568431854248047,0.0,-0.001271665096282959,-1.862645149230957e-09,0.423,2.3260507583618164,False,True,True
8,12,layer3.0.conv2.weight,256x256x3x3,5000,15.949345328314246,0.00015020319551695138,0.00014351934078149498,3.993457783482163,0.2504095583872764,2.4017021671926693,0.1505985964789472,0.21613898444764792,0.2998080849647522,-0.0008754730224609375,0.0,-0.0015909075736999512,4.656612873077393e-10,0.423,2.3260507583618164,False,True,True
8,13,layer3.0.downsample.0.weight,256x128x1x1,5000,7.7219958129645745,6.490112718893215e-05,6.291559111559764e-05,2.7787817454418424,0.3598699328007116,2.0172514960996373,0.2612469481344809,0.3881603113058227,-0.015861868858337402,-0.0005173683166503906,0.0,-0.000980973243713379,1.3969838619232178e-09,0.423,2.3260507583618164,False,True,True
8,14,layer3.1.conv1.weight,256x256x3x3,5000,14.776533035622423,0.0001444554072804749,0.00013813273108098656,3.843998025566894,0.2601458152030463,2.9632243999778667,0.2005387431651159,0.2529621557371596,0.14028429985046387,-0.0008275508880615234,0.0,-0.0015736818313598633,-1.3969838619232178e-09,0.423,2.3260507583618164,False,True,True
8,15,layer3.1.conv2.weight,256x256x3x3,5000,10.800296502698135,0.00013227752060629427,0.00012696404883172363,3.286243121868964,0.30429884914640043,2.8649733867017706,0.26529018085128114,0.29741804743180134,0.10151457786560059,-0.0007679462432861328,0.0,-0.0014399290084838867,-9.313225746154785e-10,0.423,2.3260507583618164,False,True,True
8,16,layer4.0.conv1.weight,512x256x3x3,5000,8.409073713266618,0.00018757152429316193,0.00018294631445314735,2.89969671408058,0.34486365251376805,2.4188268311023857,0.2876733088555604,0.2957239367208032,0.10526235401630402,-0.0009219646453857422,0.0,-0.0017282366752624512,1.3969838619232178e-09,0.423,2.3260507583618164,False,True,True
8,17,layer4.0.conv2.weight,512x512x3x3,5000,8.898635082601306,7.214926154119894e-05,6.836557440692559e-05,2.9829081316995087,0.33524331150964787,2.7365789245337764,0.3075588469541874,0.2948882800591232,0.040124356746673584,-0.0008106231689453125,0.0,-0.0014744997024536133,1.3969838619232178e-09,0.423,2.3260507583618164,False,True,True
8,18,layer4.0.downsample.0.weight,512x256x1x1,5000,4.7094557594657545,3.5531033063307405e-05,3.4837470593629405e-05,2.169989523580953,0.4608317179106852,2.807004125598519,0.5961118995394901,0.4667547540188819,0.13021641969680786,-0.0006022453308105469,0.0,-0.0010860562324523926,1.3969838619232178e-09,0.423,2.3260507583618164,False,True,True
8,19,layer4.1.conv1.weight,512x512x3x3,5000,7.258246780766992,4.454400550457649e-05,3.9512247894890606e-05,2.694003068564431,0.3711948258963475,3.766384354232706,0.5189534536221381,0.5452324774741218,0.028314873576164246,-0.0004260540008544922,0.0,-0.0005531907081604004,0.0,0.423,2.3260507583618164,False,True,True
8,20,layer4.1.conv2.weight,512x512x3x3,5000,5.71851108177173,2.0127012248849496e-05,1.6201027392526157e-05,2.391192470778428,0.4182013837114753,4.791085980257633,0.8379246004740022,0.8796798682665945,0.14721925556659698,-0.0001933574676513672,0.0,0.0001233220100402832,9.313225746154785e-10,0.423,2.3260507583618164,False,True,True
8,21,fc.weight,10x512,5000,4.8345575606469255,6.256232154555619e-05,3.9753049350110814e-05,2.1987632957798797,0.4548011156632073,4.087921382925229,0.8455621178994751,0.845516310808985,-0.00045482307905331254,-0.00016355514526367188,0.0,0.00012820959091186523,-9.313225746154785e-10,0.423,2.3260507583618164,False,True,True
9,1,conv1.weight,64x3x3x3,5000,4.194994677394675,9.347100422019139e-05,8.481622353428975e-05,2.048169330363718,0.48824088183295766,1.2258040474582523,0.29220617419195644,0.6769475657304054,0.19502758979797363,0.0001537799835205078,0.0,1.2516975402832031e-06,-9.313225746154785e-10,0.418,2.4269683361053467,False,True,True
9,2,layer1.0.conv1.weight,64x64x3x3,5000,10.873771903874426,0.0001156671714852564,9.551433322485536e-05,3.2975516277295576,0.3032552975337413,1.7686952500834896,0.16265588116711785,0.6645845300211182,0.47129786014556885,-0.0007371902465820312,-0.0010000000000000009,-0.0012062788009643555,4.547473508864641e-13,0.418,2.4269683361053467,False,True,True
9,3,layer1.0.conv2.weight,64x64x3x3,5000,11.860459032926336,0.0001098468346754089,9.537739242659882e-05,3.443875841354505,0.29037051452084045,1.8713973561661443,0.1577869489358001,0.6709976618682535,0.4664020538330078,-0.0005409717559814453,-0.0010000000000000009,-0.0008355975151062012,2.3283064365386963e-09,0.418,2.4269683361053467,False,True,True
9,4,layer1.1.conv1.weight,64x64x3x3,5000,10.212287472583936,0.00010495423339307308,9.602112550055608e-05,3.1956567026470593,0.31292472660522946,1.9082765395692032,0.186862038556822,0.5505191801935989,0.3141186237335205,-0.0004899501800537109,0.0,-0.0008231401443481445,1.3969838619232178e-09,0.418,2.4269683361053467,False,True,True
9,5,layer1.1.conv2.weight,64x64x3x3,5000,11.744683025580487,8.703706407686695e-05,7.880249177105725e-05,3.427053228296536,0.2917958763357358,1.7957526925704734,0.1528990492480752,0.5467203530000979,0.3205655813217163,-0.0007581710815429688,0.0,-0.0011625885963439941,1.3969838619232178e-09,0.418,2.4269683361053467,False,True,True
9,6,layer2.0.conv1.weight,128x64x3x3,5000,13.110497760402525,0.0001382711052428931,0.000129241292597726,3.6208450103605387,0.2761786260220033,2.207546977383683,0.16837988269952925,0.49888103024792707,0.4902834892272949,-0.0008046627044677734,0.0,-0.001402735710144043,4.190951585769653e-09,0.418,2.4269683361053467,False,True,True
9,7,layer2.0.conv2.weight,128x128x3x3,5000,15.517398429063729,0.00011972353240707889,0.00011118290422018617,3.939215826648203,0.2538576315710224,2.379226768554409,0.15332617983308308,0.3917800560048167,0.3979576826095581,-0.0007357597351074219,0.0,-0.0013074874877929688,4.656612873077393e-10,0.418,2.4269683361053467,False,True,True
9,8,layer2.0.downsample.0.weight,128x64x1x1,5000,6.997680702254619,5.1685117796296254e-05,4.900395651930012e-05,2.645308422592707,0.37802775338381334,1.4082025040219075,0.20123916214476936,0.5284828312737772,0.09113752841949463,-0.0004994869232177734,0.0,-0.0008352398872375488,3.259629011154175e-09,0.418,2.4269683361053467,False,True,True
9,9,layer2.1.conv1.weight,128x128x3x3,5000,13.57012113515494,0.00012642161163967103,0.00011912627087440342,3.683762242121785,0.27146160209949294,2.17839326739517,0.16052885076491302,0.39324974126717016,0.41438722610473633,-0.0007195472717285156,0.0,-0.001223146915435791,4.656612873077393e-10,0.418,2.4269683361053467,False,True,True
9,10,layer2.1.conv2.weight,128x128x3x3,5000,11.830949155283397,0.00012518605217337608,0.00011896503565367311,3.4395942865053977,0.290731963337453,1.9058420865358172,0.1610914268031687,0.4053339691890771,0.36270684003829956,-0.0007140636444091797,0.0,-0.0011320710182189941,-4.656612873077393e-10,0.418,2.4269683361053467,False,True,True
9,11,layer3.0.conv1.weight,256x128x3x3,5000,13.494658142752423,0.00019343115855008364,0.00018521533638704568,3.673382138844135,0.27222868795095184,2.4042802732402695,0.1781775176669575,0.3586058663605422,0.35558992624282837,-0.0008499622344970703,0.0,-0.001701653003692627,-2.793512976495549e-09,0.418,2.4269683361053467,False,True,True
9,12,layer3.0.conv2.weight,256x256x3x3,5000,14.575536340954436,0.00015988883387763053,0.0001518761127954349,3.8176731398548673,0.2619396588881404,2.9608092100702303,0.20314816220987583,0.27820466308289643,0.1957654356956482,-0.0009608268737792969,0.0,-0.0018265843391418457,-4.547473508864641e-13,0.418,2.4269683361053467,False,True,True
9,13,layer3.0.downsample.0.weight,256x128x1x1,5000,7.342482963710187,6.811370985815302e-05,6.560942711075768e-05,2.7096427956446183,0.36905233472373694,2.1667057886359,0.29510448562081015,0.42473363609884524,-0.022222697734832764,-0.0006377696990966797,0.0,-0.0012215971946716309,-3.259629011154175e-09,0.418,2.4269683361053467,False,True,True
9,14,layer3.1.conv1.weight,256x256x3x3,5000,14.207883709094848,0.00014787964755669236,0.00014015955093782395,3.769310506549065,0.2653005100700857,2.8122806326744487,0.19794060383725692,0.2644913120098929,0.1837386190891266,-0.0009267330169677734,0.0,-0.0018837451934814453,4.656612873077393e-10,0.418,2.4269683361053467,False,True,True
9,15,layer3.1.conv2.weight,256x256x3x3,5000,10.632116364584473,0.0001334388362010941,0.00012744026025757194,3.2606514306453063,0.30668718238370324,3.1221472401316515,0.29365986635163616,0.3256243882002495,0.07892826199531555,-0.0008642673492431641,0.0,-0.0016633868217468262,-4.6566128730773926e-09,0.418,2.4269683361053467,False,True,True
9,16,layer4.0.conv1.weight,512x256x3x3,5000,8.661989260713876,0.0001789542438928038,0.000173419393831864,2.9430890897620863,0.339779044908504,2.2668699459668806,0.2617097131423718,0.29184621977368314,0.1449478715658188,-0.0009496212005615234,0.0,-0.0018291473388671875,9.313225746154785e-10,0.418,2.4269683361053467,False,True,True
9,17,layer4.0.conv2.weight,512x512x3x3,5000,9.286736502507317,6.763535930076614e-05,6.340051913866773e-05,3.04707429172872,0.32818366218194905,2.702526961627746,0.29107437076492715,0.2857767695246866,0.07442812621593475,-0.0008668899536132812,0.0,-0.0014586448669433594,4.656612873077393e-10,0.418,2.4269683361053467,False,True,True
9,18,layer4.0.downsample.0.weight,512x256x1x1,5000,5.108684742995601,3.31839983118698e-05,3.2237472623819485e-05,2.2601536493586396,0.44244779565485226,2.219838237253169,0.43455562723092805,0.4895216125533691,0.13130757212638855,-0.0006120204925537109,0.0,-0.0010370612144470215,-1.3969838619232178e-09,0.418,2.4269683361053467,False,True,True
9,19,layer4.1.conv1.weight,512x512x3x3,5000,7.495865527242113,4.1995852370746434e-05,3.654877582448535e-05,2.7377222548132614,0.3652671479883957,3.679744246709532,0.49095194017201255,0.5291493615871504,0.021049469709396362,-0.0004394054412841797,0.0,-0.000498354434967041,4.656612873077393e-10,0.418,2.4269683361053467,False,True,True
9,20,layer4.1.conv2.weight,512x512x3x3,5000,5.862220563644754,1.8730766896624118e-05,1.5028962479846086e-05,2.421136782014165,0.4130291222820097,4.586896862913085,0.7824928405654358,0.8276685052308018,0.08036108314990997,-0.00024318695068359375,0.0,0.00010561943054199219,4.656612873077393e-10,0.418,2.4269683361053467,False,True,True
9,21,fc.weight,10x512,5000,4.896736276666823,5.642345786327496e-05,3.53819559677504e-05,2.212858737541477,0.4519041288243355,3.7414662838315493,0.7640722133814428,0.7640484364291165,-0.0004072311567142606,-0.00025963783264160156,0.0,2.467632293701172e-05,-4.656612873077393e-10,0.418,2.4269683361053467,False,True,True
0,1,conv1.weight,64x3x3x3,10000,3.6927820165526644,6.2780259213468526e-06,5.794065145892091e-06,1.9216617984466364,0.5203829314858337,1.2559816894589912,0.3401178768976701,0.6983533965810754,0.2753620147705078,0.00024199485778808594,0.0020000000000000018,0.0003509521484375,4.656612873077393e-10,0.398,2.971665620803833,False,True,True
0,2,layer1.0.conv1.weight,64x64x3x3,10000,11.708953408025748,6.916335223650094e-06,5.044387307862053e-06,3.421834745736802,0.29224088078650806,1.7833213057772879,0.15230408620697297,0.78025527156777,0.7217602729797363,-0.00011539459228515625,0.0,-0.0005708932876586914,0.0,0.398,2.971665620803833,False,True,True
0,3,layer1.0.conv2.weight,64x64x3x3,10000,13.652691350841874,5.969419362372719e-06,4.976016953150975e-06,3.6949468312834446,0.2706398889243688,1.5682521783807002,0.11486810997534314,0.691002166450952,0.7814581394195557,-0.0007622241973876953,0.0,-0.0014117956161499023,-4.656612873077393e-10,0.398,2.971665620803833,False,True,True
0,4,layer1.1.conv1.weight,64x64x3x3,10000,11.959961684304323,5.636496098304633e-06,4.850216555496445e-06,3.4582951250630707,0.28915982119419675,1.8289900532000316,0.15292806446979576,0.6285380364371083,0.5052924156188965,-0.00069427490234375,0.0,-0.001032710075378418,0.0,0.398,2.971665620803833,False,True,True
0,5,layer1.1.conv2.weight,64x64x3x3,10000,14.00816515498936,4.390270987641998e-06,3.7765255456179148e-06,3.742744482566746,0.26718361476661834,1.7672577036411738,0.12615937432512345,0.6351558988834858,0.48276960849761963,-0.00043463706970214844,0.0,-0.0007263422012329102,-4.656612873077393e-10,0.398,2.971665620803833,False,True,True
0,6,layer2.0.conv1.weight,128x64x3x3,10000,15.711307649773808,6.913695870025549e-06,6.286239567998564e-06,3.9637204310778826,0.25228822703019516,1.997306913736149,0.12712728052869143,0.5725396496196599,0.6947487592697144,-0.0003933906555175781,0.0,-0.0006965398788452148,0.0,0.398,2.971665620803833,False,True,True
0,7,layer2.0.conv2.weight,128x128x3x3,10000,17.86995338092843,6.197802122187568e-06,5.613240318780299e-06,4.227297013524727,0.2365577807285886,2.219102282368865,0.12418004760482984,0.46073297734770735,0.5785132646560669,-0.0006611347198486328,0.0,-0.0010701417922973633,0.0,0.398,2.971665620803833,False,True,True
0,8,layer2.0.downsample.0.weight,128x64x1x1,10000,8.37691701690315,2.724351588767604e-06,2.5230929168174043e-06,2.89427719853004,0.34550940749831593,1.4291453358342379,0.17060669602047565,0.5486259643485017,0.1925041675567627,-0.0004067420959472656,0.0,-0.0008140802383422852,-4.656612873077393e-10,0.398,2.971665620803833,False,True,True
0,9,layer2.1.conv1.weight,128x128x3x3,10000,17.305733176790927,6.198675691848621e-06,5.653106200043112e-06,4.159989353704107,0.24038523057987815,2.507378904343715,0.14488903534389547,0.42547399956336635,0.45533281564712524,-0.0006585121154785156,0.0,-0.0011105537414550781,9.313225746154785e-10,0.398,2.971665620803833,False,True,True
0,10,layer2.1.conv2.weight,128x128x3x3,10000,12.274568945570694,7.2000902946456335e-06,6.768466846551746e-06,3.5034761841061983,0.2854307971427294,2.6380779148729427,0.21492611420800106,0.40362751023463583,0.2859575152397156,-0.00048542022705078125,0.0,-0.0007284879684448242,-4.656612873077393e-10,0.398,2.971665620803833,False,True,True
0,11,layer3.0.conv1.weight,256x128x3x3,10000,13.47368326608266,1.0979586477333214e-05,1.054340464179404e-05,3.6706087316097897,0.27243437618082433,2.536088597599133,0.18822970690853055,0.3273006958367758,0.38363879919052124,-0.0006489753723144531,0.0,-0.0012254714965820312,4.656612873077393e-10,0.398,2.971665620803833,False,True,True
0,12,layer3.0.conv2.weight,256x256x3x3,10000,14.035700569621286,9.122712071985006e-06,8.7309381342493e-06,3.7463830418498407,0.26692412089988343,2.520710797913661,0.17959683770402624,0.26977513342568205,0.30764544010162354,-0.0006608963012695312,0.0,-0.0012482404708862305,4.656612873077393e-10,0.398,2.971665620803833,False,True,True
0,13,layer3.0.downsample.0.weight,256x128x1x1,10000,7.141807660718056,3.914083663403289e-06,3.791795279539656e-06,2.6723450392063075,0.37420317561126104,2.097521537141847,0.2937117634689862,0.41357278815095044,0.012844204902648926,-0.00045299530029296875,0.0,-0.0008772611618041992,0.0,0.398,2.971665620803833,False,True,True
0,14,layer3.1.conv1.weight,256x256x3x3,10000,13.457525543659958,8.668634109199047e-06,8.267912562587298e-06,3.6683848018478975,0.2725995374030183,3.1449716653799697,0.23370446918625812,0.2828504941783366,0.1953062117099762,-0.0005984306335449219,-0.0010000000000000009,-0.0012836456298828125,0.0,0.398,2.971665620803833,False,True,True
0,15,layer3.1.conv2.weight,256x256x3x3,10000,9.606901632893289,7.874496986914892e-06,7.571701644337736e-06,3.0993734076329207,0.3226458604623985,2.7068915118184926,0.2817883361394449,0.3466607803325999,0.15449988842010498,-0.000514984130859375,0.0,-0.0009720325469970703,4.656612873077393e-10,0.398,2.971665620803833,False,True,True
0,16,layer4.0.conv1.weight,512x256x3x3,10000,7.331274821852323,1.085162421077257e-05,1.0603221198834945e-05,2.7075046645489085,0.3693437773510199,2.185714876322121,0.29816394607819807,0.2856935565833789,0.1479519158601761,-0.0007903575897216797,0.0,-0.0014221668243408203,-4.656612873077393e-10,0.398,2.971665620803833,False,True,True
0,17,layer4.0.conv2.weight,512x512x3x3,10000,8.184244988547977,3.767969928958337e-06,3.5755003864323953e-06,2.8605413515613476,0.3495841790415571,2.4647564862394153,0.3012156811544579,0.2925277255671391,0.08233523368835449,-0.0006730556488037109,0.0,-0.0011402368545532227,-4.656612873077393e-10,0.398,2.971665620803833,False,True,True
0,18,layer4.0.downsample.0.weight,512x256x1x1,10000,4.5493264814092065,1.8598639144329354e-06,1.8227171949547483e-06,2.132803033044458,0.46886655003137145,2.8449808172165483,0.625428642407397,0.49357414642143577,0.14682739973068237,-0.00039267539978027344,0.0,-0.0006908178329467773,-4.656612873077393e-10,0.398,2.971665620803833,False,True,True
0,19,layer4.1.conv1.weight,512x512x3x3,10000,6.727701627607377,2.3668351332162274e-06,2.1026621652708855e-06,2.5937577873951074,0.38554101113824235,3.2552349458896384,0.4838642187476295,0.5285567672591301,0.029150620102882385,-0.0003604888916015625,0.0,-0.00036716461181640625,-4.656612873077393e-10,0.398,2.971665620803833,False,True,True
0,20,layer4.1.conv2.weight,512x512x3x3,10000,5.425294726591429,1.0069744575957884e-06,8.243029014920467e-07,2.3291596669014973,0.4293393940357507,4.3382496470275065,0.7996795995921875,0.7804457110295754,0.08881381154060364,-0.0002148151397705078,0.0,0.00010013580322265625,0.0,0.398,2.971665620803833,False,True,True
0,21,fc.weight,10x512,10000,4.676702480693502,2.921418399637332e-06,2.0178463273623493e-06,2.162570011889296,0.46241277484762927,3.9438402669320443,0.8432939605290485,0.8432648792167998,-0.0004658023826777935,-0.00018930435180664062,0.0,0.00014674663543701172,0.0,0.398,2.971665620803833,False,True,True
1,1,conv1.weight,64x3x3x3,10000,4.14074625354914,5.4557704061153345e-06,4.942723080603173e-06,2.034883656962703,0.49142858687686075,1.22279492173281,0.29530746606400926,0.7101245225906057,0.2348254919052124,-0.00045180320739746094,0.0010000000000000009,-0.0009173750877380371,-4.656612873077393e-10,0.399,2.880441904067993,False,True,True
1,2,layer1.0.conv1.weight,64x64x3x3,10000,12.029689069779117,6.750275588274235e-06,5.367650828702608e-06,3.468380848571242,0.2883189717795662,2.2441096373247564,0.1865479692756334,0.5860625097881021,0.43304312229156494,-0.0007295608520507812,0.0,-0.0012109875679016113,9.313225746154785e-10,0.399,2.880441904067993,False,True,True
1,3,layer1.0.conv2.weight,64x64x3x3,10000,15.063127174449464,5.3530520744971e-06,4.406322204886237e-06,3.881125288684878,0.25765723227627385,1.690083508449194,0.11219999408993388,0.6705740846801514,0.6854901313781738,-0.0007808208465576172,-0.0020000000000000018,-0.001155078411102295,-1.3969838619232178e-09,0.399,2.880441904067993,False,True,True
1,4,layer1.1.conv1.weight,64x64x3x3,10000,13.419675695374606,4.959271791449282e-06,4.290388915251242e-06,3.6632860341882707,0.27297895678014805,1.6157607250436397,0.12040245539226534,0.557507678209223,0.544879674911499,-0.0006842613220214844,0.0,-0.0008998513221740723,-1.3969838619232178e-09,0.399,2.880441904067993,False,True,True
1,5,layer1.1.conv2.weight,64x64x3x3,10000,13.331116515277229,4.5219862840895075e-06,3.941516752092866e-06,3.6511709527216234,0.27388473806042657,1.712280551907726,0.12844304771884804,0.5010787209795854,0.39676690101623535,-0.0006206035614013672,0.0,-0.00115966796875,-4.656612873077393e-10,0.399,2.880441904067993,False,True,True
1,6,layer2.0.conv1.weight,128x64x3x3,10000,15.261511799066476,7.0718801907787565e-06,6.4897512856987305e-06,3.9065894989128833,0.25597775253281096,1.838171873585169,0.12044548473105572,0.47116429389384024,0.7031824588775635,-0.00045943260192871094,0.0,-0.0007648468017578125,0.0,0.399,2.880441904067993,False,True,True
1,7,layer2.0.conv2.weight,128x128x3x3,10000,17.08730661597266,6.377428690029774e-06,5.7913598539016675e-06,4.1336771982425695,0.24191535817677037,2.4716185539648676,0.1446466397535008,0.41318635718708724,0.44919872283935547,-0.00049591064453125,0.0,-0.0010912418365478516,0.0,0.399,2.880441904067993,False,True,True
1,8,layer2.0.downsample.0.weight,128x64x1x1,10000,7.386918703965324,2.9068269213894382e-06,2.736991064011818e-06,2.717885916854657,0.3679330297856194,1.455706581914314,0.1970658247097763,0.5210098815967974,0.11651325225830078,-0.00035262107849121094,0.0,-0.0006928443908691406,-4.656612873077393e-10,0.399,2.880441904067993,False,True,True
1,9,layer2.1.conv1.weight,128x128x3x3,10000,16.11035564174073,6.354030119837262e-06,5.893154138902901e-06,4.013754000490386,0.2491433206613618,2.6172430818179575,0.16245852648358639,0.396783839773572,0.3717256784439087,-0.0005090236663818359,-0.0010000000000000009,-0.0014281272888183594,0.0,0.399,2.880441904067993,False,True,True
1,10,layer2.1.conv2.weight,128x128x3x3,10000,13.654218105614397,6.463703357439954e-06,6.068697985028848e-06,3.695127999947094,0.27062661970419366,2.273340037094143,0.1664966447806701,0.3034754170320956,0.3230178952217102,-0.0005941390991210938,0.0,-0.0015081167221069336,-4.656612873077393e-10,0.399,2.880441904067993,False,True,True
1,11,layer3.0.conv1.weight,256x128x3x3,10000,15.812059749686078,9.628683073970024e-06,9.205980859405827e-06,3.976428489386076,0.25148195237741866,2.6087263452751293,0.16498410074646974,0.28539148424016164,0.4185309410095215,-0.0006475448608398438,0.0,-0.0012224316596984863,-9.313225746154785e-10,0.399,2.880441904067993,False,True,True
1,12,layer3.0.conv2.weight,256x256x3x3,10000,15.708986782615144,8.529740625817794e-06,8.111885108519346e-06,3.963431865998873,0.25230659534700434,2.5961492511357003,0.16526725298963288,0.25028777017621556,0.3075093626976013,-0.0006546974182128906,0.0,-0.0015339255332946777,-4.656612873077393e-10,0.399,2.880441904067993,False,True,True
1,13,layer3.0.downsample.0.weight,256x128x1x1,10000,7.461782923102355,3.669120360427769e-06,3.55680936081626e-06,2.7315926341534875,0.3660867976787091,2.0565812671761026,0.2756220289455894,0.37074464697453124,0.0160101056098938,-0.00047516822814941406,0.0,-0.0011649727821350098,4.656612873077393e-10,0.399,2.880441904067993,False,True,True
1,14,layer3.1.conv1.weight,256x256x3x3,10000,14.890380363520572,8.020176210266072e-06,7.622887096658815e-06,3.858654458082283,0.2591576962548212,2.5696840345638066,0.17258696719077674,0.23236430538071873,0.21255454421043396,-0.0005719661712646484,0.0,-0.0014780163764953613,4.656612873077393e-10,0.399,2.880441904067993,False,True,True
1,15,layer3.1.conv2.weight,256x256x3x3,10000,11.433383711431501,7.027483661659062e-06,6.678548288618913e-06,3.3812103328674223,0.29575208329378133,2.9719912391931564,0.25995799781373496,0.30936702610103145,0.10523757338523865,-0.0006780624389648438,0.0,-0.001289963722229004,-4.656612873077393e-10,0.399,2.880441904067993,False,True,True
1,16,layer4.0.conv1.weight,512x256x3x3,10000,7.940331000158701,1.0448960892972536e-05,1.0168026165047195e-05,2.8177539531266835,0.354892590565036,2.089935074064444,0.2632247526017554,0.29321312508425773,0.14548823237419128,-0.0008225440979003906,0.0,-0.0015798211097717285,-4.656612873077393e-10,0.399,2.880441904067993,False,True,True
1,17,layer4.0.conv2.weight,512x512x3x3,10000,8.738793882003053,3.682716169350897e-06,3.4718866572802654e-06,2.9559510613173328,0.33830059404107504,2.6133527865128863,0.2990910871968541,0.30860202569857204,0.06931601464748383,-0.0007123947143554688,0.0,-0.001251220703125,-4.656612873077393e-10,0.399,2.880441904067993,False,True,True
1,18,layer4.0.downsample.0.weight,512x256x1x1,10000,4.820445240698137,1.848767169576604e-06,1.8025046983893844e-06,2.1954037796381694,0.45549707496851105,2.448599708147368,0.5080295381456269,0.4377814903372189,0.200399249792099,-0.0004892349243164062,0.0,-0.0010106563568115234,-4.656612873077393e-10,0.399,2.880441904067993,False,True,True
1,19,layer4.1.conv1.weight,512x512x3x3,10000,6.708412202246785,2.4061855583568104e-06,2.1112261947564548e-06,2.589801139917955,0.38613003314674577,4.289705243917021,0.6395795032331868,0.5822839740843857,0.04086609184741974,-0.0003273487091064453,0.0,-0.0002675652503967285,0.0,0.399,2.880441904067993,False,True,True
1,20,layer4.1.conv2.weight,512x512x3x3,10000,5.5610920595976,1.0108917649631621e-06,8.136852898132929e-07,2.358072033664804,0.42407525543053387,5.128879658429942,0.9223767604520036,0.850565433815581,0.07974093407392502,-0.00017261505126953125,0.0,0.00019049644470214844,0.0,0.399,2.880441904067993,False,True,True
1,21,fc.weight,10x512,10000,4.75804967877659,3.0850808343529934e-06,1.9972426343883853e-06,2.1812948240498278,0.4584433011872204,4.0392715326721635,0.8489347273924915,0.8489198405321866,-0.0004504853277467191,-0.0001347064971923828,0.0,0.00021535158157348633,0.0,0.399,2.880441904067993,False,True,True
2,1,conv1.weight,64x3x3x3,10000,3.6799274288487043,7.633161658304743e-06,6.888086318213027e-06,1.918316642340115,0.5212903740334133,1.2703337026380386,0.34520506400595236,0.6939730559435905,0.30742597579956055,-7.128715515136719e-05,0.0,-0.0005283355712890625,9.313225746154785e-10,0.403,2.832162380218506,False,True,True
2,2,layer1.0.conv1.weight,64x64x3x3,10000,8.582952632031484,8.378204256587196e-06,7.07539584254846e-06,2.9296521077228967,0.3413374568822988,1.908156630302426,0.2223217467927,0.769938753985165,0.5929030179977417,-1.0251998901367188e-05,0.0,-0.00021266937255859375,-4.656612873077393e-10,0.403,2.832162380218506,False,True,True
2,3,layer1.0.conv2.weight,64x64x3x3,10000,10.914777426941908,6.715149538649712e-06,5.872390374861425e-06,3.3037543078140987,0.3026859466016532,1.7546989650421352,0.16076335521710888,0.7675270470115511,0.6793208122253418,-0.0001366138458251953,0.0,-0.00045013427734375,-9.313225746154785e-10,0.403,2.832162380218506,False,True,True
2,4,layer1.1.conv1.weight,64x64x3x3,10000,10.342472856332119,5.821250852022786e-06,5.257765678834403e-06,3.215973793434563,0.3109478074857165,1.7422464480560425,0.1684552794300086,0.7270962061616105,0.5820997953414917,-0.000553131103515625,0.0,-0.0009720325469970703,0.0,0.403,2.832162380218506,False,True,True
2,5,layer1.1.conv2.weight,64x64x3x3,10000,10.033403933356242,5.440527729660971e-06,5.002591024094727e-06,3.1675624069749473,0.3157001730409503,1.4912631565542314,0.14862911526411843,0.6032870441228301,0.6044057607650757,-0.0004730224609375,0.0,-0.0009938478469848633,4.656612873077393e-10,0.403,2.832162380218506,False,True,True
2,6,layer2.0.conv1.weight,128x64x3x3,10000,13.911422067779665,7.0935971052676905e-06,6.56359088679892e-06,3.7297660245351847,0.26811333296024203,2.181279986401115,0.15680077326915495,0.5731073387941051,0.6278902292251587,-0.0006546974182128906,0.0,-0.000928044319152832,0.0,0.403,2.832162380218506,False,True,True
2,7,layer2.0.conv2.weight,128x128x3x3,10000,16.79597126163989,6.052685421309434e-06,5.547195087274304e-06,4.098284026531639,0.24400456228171577,2.1893160724331655,0.1303479884834389,0.5519950233394499,0.6031277179718018,-0.0005805492401123047,0.0,-0.0010732412338256836,4.656612873077393e-10,0.403,2.832162380218506,False,True,True
2,8,layer2.0.downsample.0.weight,128x64x1x1,10000,7.3768350111585015,2.693089527383563e-06,2.532010512368288e-06,2.716035363406672,0.3681837186190827,1.3407098851646797,0.1817456262089106,0.5934788061640389,0.18234431743621826,-0.0004601478576660156,0.0,-0.0008454322814941406,9.313225746154785e-10,0.403,2.832162380218506,False,True,True
2,9,layer2.1.conv1.weight,128x128x3x3,10000,19.121242345299557,5.219460945227183e-06,4.754857855004957e-06,4.372756075577761,0.22868872233351656,2.3176334639273484,0.12120880427953017,0.35328602008192284,0.4832267165184021,-0.0007684230804443359,0.0,-0.0016268491744995117,4.656612873077393e-10,0.403,2.832162380218506,False,True,True
2,10,layer2.1.conv2.weight,128x128x3x3,10000,11.869263630513583,6.550051693920977e-06,6.234442480490543e-06,3.445135647296548,0.29026433278025365,2.3990165764175195,0.20212527492468574,0.4095048208667204,0.29678356647491455,-0.0005285739898681641,0.0,-0.0008882284164428711,1.3969838619232178e-09,0.403,2.832162380218506,False,True,True
2,11,layer3.0.conv1.weight,256x128x3x3,10000,14.82805939814531,9.56055646383902e-06,9.141609552898444e-06,3.850633498548603,0.25969752779040756,2.6356524621596966,0.177755804156525,0.3332809923903873,0.44321662187576294,-0.0006535053253173828,0.0,-0.0011926889419555664,9.313225746154785e-10,0.403,2.832162380218506,False,True,True
2,12,layer3.0.conv2.weight,256x256x3x3,10000,15.657380985911862,7.920118150650524e-06,7.518674465245567e-06,3.9568276654974324,0.25272771132282434,3.297838628018185,0.21063721552846268,0.27937068970317885,0.25480103492736816,-0.0006000995635986328,0.0,-0.0010313987731933594,4.656612873077393e-10,0.403,2.832162380218506,False,True,True
2,13,layer3.0.downsample.0.weight,256x128x1x1,10000,7.808455580669966,3.3429957966291113e-06,3.2175184969673865e-06,2.7943216498847723,0.35786860830471556,2.259689326840798,0.2893982640544865,0.4399584236914319,-0.008642733097076416,-0.00038051605224609375,0.0,-0.0006676912307739258,4.656612873077393e-10,0.403,2.832162380218506,False,True,True
2,14,layer3.1.conv1.weight,256x256x3x3,10000,15.131518168755688,7.368803380813915e-06,6.954575837880839e-06,3.8898251703434665,0.25708096282170473,3.566885761601289,0.23573770741645225,0.3022530055576286,0.1359018087387085,-0.0006282329559326172,0.0,-0.0010693073272705078,9.313225746154785e-10,0.403,2.832162380218506,False,True,True
2,15,layer3.1.conv2.weight,256x256x3x3,10000,10.327112557117802,6.901679626025725e-06,6.590628345293226e-06,3.213573421913251,0.31118006925904756,3.3910122958320263,0.3283620559207761,0.36591208639427103,0.07193610072135925,-0.0005805492401123047,0.0,-0.0011088848114013672,4.656612873077393e-10,0.403,2.832162380218506,False,True,True
2,16,layer4.0.conv1.weight,512x256x3x3,10000,8.105161025174258,9.289266927225981e-06,9.007751941680908e-06,2.8467720079861705,0.35127505722083024,2.5017645373271185,0.3087031495361675,0.3269198543703528,0.11576409637928009,-0.0007395744323730469,0.0,-0.0013356208801269531,-4.656612873077393e-10,0.403,2.832162380218506,False,True,True
2,17,layer4.0.conv2.weight,512x512x3x3,10000,9.121755374399255,3.233365987398429e-06,3.0118685572233517e-06,3.019940307273454,0.3311323729119824,2.625685630726245,0.287902829464458,0.3114096893031475,0.05407552421092987,-0.0006780624389648438,0.0,-0.0011417865753173828,-4.656612873077393e-10,0.403,2.832162380218506,False,True,True
2,18,layer4.0.downsample.0.weight,512x256x1x1,10000,4.892933758005858,1.6307427586070844e-06,1.5869222806941252e-06,2.211958088047782,0.4520881319603006,2.1603048526600337,0.44153094576263224,0.5044598501763973,0.15387900173664093,-0.00041556358337402344,0.0,-0.0007053613662719727,-4.656612873077393e-10,0.403,2.832162380218506,False,True,True
2,19,layer4.1.conv1.weight,512x512x3x3,10000,7.1603305466172555,2.175148893002188e-06,1.8725901327343308e-06,2.6757322785869344,0.3737294676312326,4.486944635223533,0.6267081296211819,0.645428612052152,0.00816681981086731,-0.0002815723419189453,0.0,-0.00023758411407470703,0.0,0.403,2.832162380218506,False,True,True
2,20,layer4.1.conv2.weight,512x512x3x3,10000,5.594567304081193,9.420899687029305e-07,7.532057679782156e-07,2.365181553936176,0.42280052384806693,5.676676363565959,1.0147640954593837,0.9667750762041488,0.0871802419424057,-0.00015664100646972656,0.0,0.0001932382583618164,-4.656612873077393e-10,0.403,2.832162380218506,False,False,True
2,21,fc.weight,10x512,10000,4.726444122867334,2.8271920200495515e-06,1.8715467149377218e-06,2.1740381549999017,0.45997352792552304,4.362009910082067,0.9228950900475451,0.9228277405691914,-0.0004928380367346108,-0.0001323223114013672,0.0,0.00017178058624267578,-4.656612873077393e-10,0.403,2.832162380218506,False,True,True
3,1,conv1.weight,64x3x3x3,10000,4.8272335304854055,4.847891887038713e-06,4.1852831600408535e-06,2.197096287113319,0.4551461881144326,1.2464617633213413,0.2582145652823022,0.671932031212561,0.246232271194458,-0.00023865699768066406,-0.0020000000000000018,-5.6684017181396484e-05,-4.6564707645302406e-10,0.40700000000000003,2.7699761390686035,False,True,True
3,2,layer1.0.conv1.weight,64x64x3x3,10000,12.296974445892104,7.046731752780033e-06,5.384556516219163e-06,3.5067086011241146,0.2851676924850382,1.7453988102036855,0.14193689701604323,0.7187891496847834,0.7320516109466553,-0.0005953311920166016,-0.0020000000000000018,-0.001107335090637207,0.0,0.40700000000000003,2.7699761390686035,False,True,True
3,3,layer1.0.conv2.weight,64x64x3x3,10000,14.853644993092821,5.834546300320653e-06,4.748644187202444e-06,3.854054877274128,0.25946698525145906,1.738320181590794,0.11702913709407074,0.6658035070012565,0.732479453086853,-0.0005278587341308594,0.0010000000000000009,-0.0009468197822570801,4.656612873077393e-10,0.40700000000000003,2.7699761390686035,False,True,True
3,4,layer1.1.conv1.weight,64x64x3x3,10000,12.558908351377672,5.557879831030732e-06,4.940989128954243e-06,3.5438571457091643,0.2821784171550993,2.0023726888891185,0.15943825031906497,0.5518359169493531,0.43333327770233154,-0.0009572505950927734,0.0,-0.0015026330947875977,-1.3969696510685026e-09,0.40700000000000003,2.7699761390686035,False,True,True
3,5,layer1.1.conv2.weight,64x64x3x3,10000,14.683592564393967,4.341851763456361e-06,3.828703029284952e-06,3.8319111957748744,0.26096638176339154,1.6692622424027004,0.113682530792893,0.5458537411178542,0.5077410936355591,-0.0007305145263671875,0.0020000000000000018,-0.0017085075378417969,4.656612873077393e-10,0.40700000000000003,2.7699761390686035,False,True,True
3,6,layer2.0.conv1.weight,128x64x3x3,10000,17.544595095431593,6.56300608170568e-06,5.967977358523058e-06,4.188599355801699,0.2387432922212728,1.9727048443745157,0.11244094161713321,0.511398781812269,0.7047828435897827,-0.0009601116180419922,0.0,-0.001622021198272705,-4.656612873077393e-10,0.40700000000000003,2.7699761390686035,False,True,True
3,7,layer2.0.conv2.weight,128x128x3x3,10000,20.399513371311677,5.701101144950371e-06,5.187287115404615e-06,4.516533331801849,0.2214087501488791,2.1657196524129847,0.10616754974091183,0.41762673811842166,0.566558837890625,-0.0011217594146728516,0.0,-0.0021064281463623047,-1.3969696510685026e-09,0.40700000000000003,2.7699761390686035,False,True,True
3,8,layer2.0.downsample.0.weight,128x64x1x1,10000,8.691996004547255,2.4772164124442497e-06,2.3166512619354762e-06,2.9482215279533186,0.33918753747592667,1.3985029110063765,0.1608952256210388,0.491148125791394,0.153406023979187,-0.0008187294006347656,-0.0010000000000000009,-0.001428842544555664,-4.656612873077393e-10,0.40700000000000003,2.7699761390686035,False,True,True
3,9,layer2.1.conv1.weight,128x128x3x3,10000,20.52395174635602,5.439642791316146e-06,4.952744347974658e-06,4.530363615342346,0.22073283402979846,2.3995780167545337,0.11691460390242722,0.3719847108589699,0.4462485909461975,-0.0009031295776367188,0.0,-0.0016630291938781738,-4.656612873077393e-10,0.40700000000000003,2.7699761390686035,False,True,True
3,10,layer2.1.conv2.weight,128x128x3x3,10000,13.88685723490979,6.412109541997779e-06,6.047894657967845e-06,3.7265038247196176,0.2683480406934079,2.2197927206987926,0.1598487039227897,0.3745609949908751,0.3802792429924011,-0.0010132789611816406,0.0,-0.0019054412841796875,0.0,0.40700000000000003,2.7699761390686035,False,True,True
3,11,layer3.0.conv1.weight,256x128x3x3,10000,16.571274770162166,9.77925901679555e-06,9.336778930446599e-06,4.0706613745812685,0.24566032592255743,2.256570845326043,0.1361817864017256,0.306165455629365,0.515252947807312,-0.0009305477142333984,0.0,-0.001922011375427246,4.6564707645302406e-10,0.40700000000000003,2.7699761390686035,False,True,True
3,12,layer3.0.conv2.weight,256x256x3x3,10000,17.08199973108005,8.232468644564506e-06,7.827807166904677e-06,4.13300227195017,0.24195486336574087,2.7557151642301987,0.16132550890604927,0.2677413716521376,0.27380722761154175,-0.0009953975677490234,-0.0010000000000000009,-0.0019035935401916504,4.6564707645302406e-10,0.40700000000000003,2.7699761390686035,False,True,True
3,13,layer3.0.downsample.0.weight,256x128x1x1,10000,7.932299885550181,3.4986355785804335e-06,3.3848225484689465e-06,2.81640255475278,0.35506287917274626,2.0785629516102575,0.26204366815060237,0.37961119090637346,-0.0022124648094177246,-0.0008087158203125,-0.0010000000000000009,-0.0014352202415466309,0.0,0.40700000000000003,2.7699761390686035,False,True,True
3,14,layer3.1.conv1.weight,256x256x3x3,10000,14.586040992386625,8.31384113553213e-06,7.94138486526208e-06,3.8189622438715416,0.26185124024327405,2.9110243495646952,0.19959747688887192,0.25525055750052134,0.2023366093635559,-0.0010416507720947266,-0.0010000000000000009,-0.0019776225090026855,4.656612873077393e-10,0.40700000000000003,2.7699761390686035,False,True,True
3,15,layer3.1.conv2.weight,256x256x3x3,10000,10.743464276570068,7.4284016591263935e-06,7.122618626453914e-06,3.2776059643853173,0.3051007384249559,2.805600677518912,0.26116338454229604,0.25837044417347005,0.12567511200904846,-0.0008788108825683594,0.0,-0.0017376542091369629,0.0,0.40700000000000003,2.7699761390686035,False,True,True
3,16,layer4.0.conv1.weight,512x256x3x3,10000,8.706973030602924,9.91396518656984e-06,9.629389751353301e-06,2.9505513498438605,0.3389197073465333,2.323985268883755,0.2669481569356044,0.3036918041776043,0.1306387484073639,-0.0008296966552734375,0.0,-0.0015377998352050781,-9.313083637607633e-10,0.40700000000000003,2.7699761390686035,False,True,True
3,17,layer4.0.conv2.weight,512x512x3x3,10000,9.244039459574397,3.52225697497488e-06,3.3082819754781667e-06,3.0400800462202366,0.32893870713809337,2.8212110425119046,0.3052569506110067,0.30507473345400854,0.04518312215805054,-0.0006864070892333984,-0.0010000000000000009,-0.0011053085327148438,4.6564707645302406e-10,0.40700000000000003,2.7699761390686035,False,True,True
3,18,layer4.0.downsample.0.weight,512x256x1x1,10000,4.965674092226903,1.766437435435364e-06,1.720418595141382e-06,2.2282875374402735,0.44877511685441707,2.1786647064030507,0.438781135310728,0.6303927927464867,0.2515789866447449,-0.0003447532653808594,0.0,-0.0005730986595153809,0.0,0.40700000000000003,2.7699761390686035,False,True,True
3,19,layer4.1.conv1.weight,512x512x3x3,10000,6.945204454383966,2.316575319127878e-06,2.0169686649751384e-06,2.6350406530717367,0.3795007863860747,4.3930093899294675,0.6326849737934312,0.6196156938526511,0.004628628492355347,-0.0002636909484863281,0.0,-0.000171661376953125,4.656612873077393e-10,0.40700000000000003,2.7699761390686035,False,True,True
3,20,layer4.1.conv2.weight,512x512x3x3,10000,5.597405112773036,1.007297669275431e-06,8.022944371077756e-07,2.365775141544544,0.4226944405828568,5.515908263634938,0.9855306212293973,0.9229220436464032,0.11072085052728653,-0.0001285076141357422,0.0,0.00024110078811645508,4.6564707645302406e-10,0.40700000000000003,2.7699761390686035,False,True,True
3,21,fc.weight,10x512,10000,4.656742432440823,3.1313909403252183e-06,2.020756937781698e-06,2.157947987518445,0.46340319867948276,4.243244327542193,0.9112049605994542,0.9112136771185231,-0.0005034366622567177,-8.988380432128906e-05,0.0,0.000264585018157959,4.656612873077393e-10,0.40700000000000003,2.7699761390686035,False,True,True
4,1,conv1.weight,64x3x3x3,10000,4.006819529588882,5.733934358431725e-06,5.177011189516634e-06,2.001703061807566,0.4995745967920866,1.25923990659185,0.3142745136590738,0.6600871162497787,0.22781646251678467,-0.00011658668518066406,0.0,-0.00020879507064819336,-1.862645149230957e-09,0.375,2.8899385929107666,False,True,True
4,2,layer1.0.conv1.weight,64x64x3x3,10000,10.922788435604206,7.128875495254761e-06,5.58085048396606e-06,3.3049561115560784,0.3025758788455343,2.001838158098394,0.1832726011199252,0.6661162131824896,0.4755202531814575,-0.00041604042053222656,0.0,-0.0008195042610168457,-4.656612873077393e-10,0.375,2.8899385929107666,False,True,True
4,3,layer1.0.conv2.weight,64x64x3x3,10000,12.476250080544867,6.458112693508156e-06,5.64608217246132e-06,3.5321783741637613,0.2831114100336874,1.851924098768791,0.14843554777322837,0.6732513976227185,0.6045527458190918,-0.00022649765014648438,0.0,-0.0005011558532714844,-4.656612873077393e-10,0.375,2.8899385929107666,False,True,True
4,4,layer1.1.conv1.weight,64x64x3x3,10000,11.807342644494403,5.7153752095473465e-06,5.061882347945357e-06,3.4361764459696995,0.2910211439150346,1.7043849939453448,0.1443499901455537,0.5650941708958618,0.5167564153671265,-0.0006797313690185547,0.0,-0.0011705756187438965,9.313225746154785e-10,0.375,2.8899385929107666,False,True,True
4,5,layer1.1.conv2.weight,64x64x3x3,10000,11.366955899052526,5.19591822012444e-06,4.731984063255368e-06,3.3714739018500355,0.2966061814837921,1.6154701823625428,0.14212136587910812,0.561192468283336,0.5145373344421387,-0.0005679130554199219,0.0,-0.0009603500366210938,0.0,0.375,2.8899385929107666,False,True,True
4,6,layer2.0.conv1.weight,128x64x3x3,10000,13.497162561513932,8.164533937815577e-06,7.5539001045399345e-06,3.673820207196168,0.27219622725173925,2.3268284311574083,0.1723965568120972,0.5999472907406487,0.5192126035690308,-0.0004200935363769531,0.0,-0.0009038448333740234,4.656612873077393e-10,0.375,2.8899385929107666,False,True,True
4,7,layer2.0.conv2.weight,128x128x3x3,10000,14.916130196029501,7.3997234721900895e-06,6.849145847809268e-06,3.8621058552572265,0.25892609821627927,2.5891776245310485,0.17358551252843027,0.493073496732797,0.4230407476425171,-0.0006508827209472656,0.0,-0.0012985467910766602,0.0,0.375,2.8899385929107666,False,True,True
4,8,layer2.0.downsample.0.weight,128x64x1x1,10000,6.943881662196163,3.1736199161969125e-06,3.0118483209662372e-06,2.635122088987399,0.3794890582789927,1.4309282494964704,0.2060707439323847,0.583651480184961,0.12775206565856934,-0.0005555152893066406,0.0,-0.0010786652565002441,4.656612873077393e-10,0.375,2.8899385929107666,False,True,True
4,9,layer2.1.conv1.weight,128x128x3x3,10000,14.192586067196002,7.132314749469515e-06,6.6771281126420945e-06,3.7672908264062657,0.26544274017568503,1.9916444044991344,0.14033097237524542,0.42211996504865673,0.5295636057853699,-0.0008885860443115234,0.0,-0.0015013813972473145,0.0,0.375,2.8899385929107666,False,True,True
4,10,layer2.1.conv2.weight,128x128x3x3,10000,11.018708278471896,7.741456101939548e-06,7.371821538981749e-06,3.3194378359885817,0.3012558298752367,2.6531810869932353,0.24078965709565148,0.4370105787425511,0.2389867901802063,-0.0007729530334472656,0.0,-0.0013294219970703125,-9.313225746154785e-10,0.375,2.8899385929107666,False,True,True
4,11,layer3.0.conv1.weight,256x128x3x3,10000,13.374913219431829,1.1313783033983782e-05,1.0838817615876906e-05,3.6571317957268366,0.27343832704318904,2.6638027303913008,0.1991685731657915,0.32352075695176824,0.3958701491355896,-0.0009629726409912109,0.0,-0.0019025802612304688,-4.656612873077393e-10,0.375,2.8899385929107666,False,True,True
4,12,layer3.0.conv2.weight,256x256x3x3,10000,13.803660844255663,9.477043022343423e-06,9.060946467798203e-06,3.7152708414106557,0.2691593810211448,2.9310666164158063,0.21234629440972572,0.3155542930439044,0.24864256381988525,-0.0009932518005371094,0.0,-0.0018181800842285156,-4.656612873077393e-10,0.375,2.8899385929107666,False,True,True
4,13,layer3.0.downsample.0.weight,256x128x1x1,10000,6.973802928127694,4.007043571618851e-06,3.880419626511866e-06,2.6407548610453833,0.3786796020907956,2.2215297113546364,0.31856346682725317,0.4428794930144137,-0.014463603496551514,-0.0006814002990722656,0.0,-0.0013138651847839355,0.0,0.375,2.8899385929107666,False,True,True
4,14,layer3.1.conv1.weight,256x256x3x3,10000,12.56045118735788,9.284210136684123e-06,8.877947038854472e-06,3.5440921511529377,0.28215970616754066,2.927080975463059,0.2330369193906541,0.25386801556970234,0.17775437235832214,-0.0011119842529296875,0.0,-0.0020621418952941895,-4.656612873077393e-10,0.375,2.8899385929107666,False,True,True
4,15,layer3.1.conv2.weight,256x256x3x3,10000,9.751622976233541,8.024604539969005e-06,7.679497684875969e-06,3.122675191215831,0.32023823765373577,2.9168707938118,0.299132525202598,0.36559183651891686,0.10563820600509644,-0.0007143020629882812,0.0,-0.001362144947052002,0.0,0.375,2.8899385929107666,False,True,True
4,16,layer4.0.conv1.weight,512x256x3x3,10000,7.828094141001165,1.0845738870557398e-05,1.0514530913496856e-05,2.797694191772992,0.3574372077336539,2.385333402437399,0.3047534529378551,0.324262994335633,0.12918031215667725,-0.0007598400115966797,0.0,-0.001371920108795166,0.0,0.375,2.8899385929107666,False,True,True
4,17,layer4.0.conv2.weight,512x512x3x3,10000,8.440208476794238,3.8194257285795175e-06,3.5885436773241963e-06,2.905068766470699,0.344225930739284,2.7502395937172164,0.32587996401915664,0.32649351797053555,0.0377945601940155,-0.0006544589996337891,0.0,-0.0010884404182434082,-4.656612873077393e-10,0.375,2.8899385929107666,False,True,True
4,18,layer4.0.downsample.0.weight,512x256x1x1,10000,4.589004926445847,1.9524684375937795e-06,1.9018746115762042e-06,2.1420767980048088,0.4668366703432055,2.7877211308085847,0.6075460933405399,0.5879631376485767,0.15502864122390747,-0.00033020973205566406,0.0,-0.0005815029144287109,0.0,0.375,2.8899385929107666,False,True,True
4,19,layer4.1.conv1.weight,512x512x3x3,10000,6.482434470588851,2.518447672628099e-06,2.205446662628674e-06,2.5457746078320733,0.3928077516852831,4.249684303499556,0.6557174561962156,0.6459889364800715,0.014452636241912842,-0.00024247169494628906,0.0,-0.0001284480094909668,0.0,0.375,2.8899385929107666,False,True,True
4,20,layer4.1.conv2.weight,512x512x3x3,10000,5.231764853914374,1.0918120096903294e-06,8.953858241511625e-07,2.287189077520284,0.4372178976493611,4.609344070969948,0.8811197244199045,0.9168069317707681,0.05845651775598526,-0.00013518333435058594,0.0,0.00022810697555541992,4.656612873077393e-10,0.375,2.8899385929107666,False,True,True
4,21,fc.weight,10x512,10000,4.300150902473733,3.3819042073446326e-06,2.4316036615346093e-06,2.073680166671911,0.4822344429348135,3.7254052862590576,0.8663431301480179,0.8663422121363764,-0.0004484105156734586,-0.000102996826171875,0.0,0.0002703070640563965,-4.656612873077393e-10,0.375,2.8899385929107666,False,True,True
5,1,conv1.weight,64x3x3x3,10000,3.860010064687162,5.062844138592482e-06,4.648961748898728e-06,1.9646913662970522,0.5089857965247477,1.2731374135291178,0.3298273062765145,0.6925517544023421,0.20765352249145508,-0.00022649765014648438,0.0,-0.00033664703369140625,-1.862645149230957e-09,0.375,2.918804168701172,False,True,True
5,2,layer1.0.conv1.weight,64x64x3x3,10000,10.249035498232061,6.7136488723917864e-06,5.27121483173687e-06,3.201424163638472,0.31236098338918117,1.7395785266600055,0.16972960794887382,0.6458078498049699,0.5762671232223511,-0.0006377696990966797,0.0,-0.001051187515258789,-4.656612873077393e-10,0.375,2.918804168701172,False,True,True
5,3,layer1.0.conv2.weight,64x64x3x3,10000,12.644184881513304,5.664841864927439e-06,4.871239980275277e-06,3.5558760862665024,0.2812246478054165,1.614230392264611,0.12766514636127346,0.663432838892506,0.7117273807525635,-0.0004208087921142578,0.0,-0.0006363391876220703,-9.313225746154785e-10,0.375,2.918804168701172,False,True,True
5,4,layer1.1.conv1.weight,64x64x3x3,10000,11.58542799548681,5.204856734053465e-06,4.545498995867092e-06,3.4037458230681095,0.2937939705199867,1.6817113004710658,0.14515674253889047,0.6121133301977768,0.49677956104278564,-0.0004799365997314453,0.0,-0.0002224445343017578,0.0,0.375,2.918804168701172,False,True,True
5,5,layer1.1.conv2.weight,64x64x3x3,10000,11.501576725321845,5.0050357458530925e-06,4.466793598112417e-06,3.3913994563785392,0.29486352547447675,1.8203706597950147,0.15827121594123905,0.6054712503305547,0.42991018295288086,-0.00041961669921875,0.0010000000000000009,-0.0004363059997558594,-1.3969838619232178e-09,0.375,2.918804168701172,False,True,True
5,6,layer2.0.conv1.weight,128x64x3x3,10000,13.7113699830444,7.440975423378404e-06,6.876432053104509e-06,3.7028562027501395,0.27006179696022015,2.0444079917154716,0.14910558249102912,0.49131009817995785,0.5985863208770752,-0.000377655029296875,0.0,-0.0003757476806640625,-4.656612873077393e-10,0.375,2.918804168701172,False,True,True
5,7,layer2.0.conv2.weight,128x128x3x3,10000,17.551476665107238,5.949066235189093e-06,5.438172138383379e-06,4.189428116238528,0.238696063580594,2.178424607645783,0.12411748187470777,0.4773179955058951,0.57981276512146,-0.0005934238433837891,0.0,-0.0007919073104858398,4.656612873077393e-10,0.375,2.918804168701172,False,True,True
5,8,layer2.0.downsample.0.weight,128x64x1x1,10000,7.495556982012699,2.6194716156169306e-06,2.4697312710486585e-06,2.737788221716344,0.3652583468903563,1.3468350106791727,0.1796861739976998,0.5408713126821117,0.16530835628509521,-0.0003478527069091797,0.0,-0.00048410892486572266,-4.656612873077393e-10,0.375,2.918804168701172,False,True,True
5,9,layer2.1.conv1.weight,128x128x3x3,10000,14.66483604153975,6.50738229523995e-06,6.107417902967427e-06,3.8294591585146103,0.26113348089286975,2.020679084422049,0.13779152975204548,0.3695892892823392,0.5239295959472656,-0.0004801750183105469,0.0010000000000000009,-0.000750422477722168,4.656612873077393e-10,0.375,2.918804168701172,False,True,True
5,10,layer2.1.conv2.weight,128x128x3x3,10000,13.650771456832084,6.076412319089286e-06,5.730716566176852e-06,3.694692150348012,0.2706585445571717,2.1529764742885105,0.15771854445931408,0.3139242405401183,0.37086111307144165,-0.0005092620849609375,0.0,-0.0008071660995483398,-4.656612873077393e-10,0.375,2.918804168701172,False,True,True
5,11,layer3.0.conv1.weight,256x128x3x3,10000,16.455261456484127,9.126646546064876e-06,8.694358257343993e-06,4.056357172710236,0.24652661425568073,2.2664374267792,0.13774356610460242,0.29029471371515336,0.49443262815475464,-0.0007455348968505859,0.0,-0.0013811588287353516,0.0,0.375,2.918804168701172,False,True,True
5,12,layer3.0.conv2.weight,256x256x3x3,10000,16.82713160111764,7.840314538043458e-06,7.420177098538261e-06,4.102088064777546,0.24377828662101858,3.207582359262596,0.19061970760528094,0.24842580252125532,0.2379741072654724,-0.0007915496826171875,0.0,-0.0013332366943359375,0.0,0.375,2.918804168701172,False,True,True
5,13,layer3.0.downsample.0.weight,256x128x1x1,10000,8.2497753231843,3.297109287814237e-06,3.1721244795335224e-06,2.8722267123835583,0.3481619315385225,2.075798824925026,0.251621573956299,0.3809581557516859,0.005841672420501709,-0.0006110668182373047,0.0,-0.001003861427307129,0.0,0.375,2.918804168701172,False,True,True
5,14,layer3.1.conv1.weight,256x256x3x3,10000,17.397902701738072,7.0200753725657705e-06,6.5730341702874284e-06,4.170859301264275,0.23975874700373595,3.6892020333608593,0.21207102533393954,0.2762161066115888,0.15758639574050903,-0.0007252693176269531,0.0,-0.0012958049774169922,4.656612873077393e-10,0.375,2.918804168701172,False,True,True
5,15,layer3.1.conv2.weight,256x256x3x3,10000,11.800637775559464,6.6214420257892925e-06,6.2662302298122086e-06,3.4350094610810027,0.2911200133013021,3.419950376601254,0.2898437433829944,0.27923918859482727,0.10651957988739014,-0.0008196830749511719,-0.0010000000000000009,-0.0013543367385864258,4.656612873077393e-10,0.375,2.918804168701172,False,True,True
5,16,layer4.0.conv1.weight,512x256x3x3,10000,9.042394269826197,9.25436233956134e-06,8.91119816515129e-06,3.0066606533993467,0.3325949002157575,2.4643919250011903,0.272609458887188,0.3162850263244855,0.1391492784023285,-0.0008959770202636719,0.0,-0.0014216899871826172,4.656612873077393e-10,0.375,2.918804168701172,False,True,True
5,17,layer4.0.conv2.weight,512x512x3x3,10000,9.512265075384997,3.491360075713601e-06,3.2259699764836114e-06,3.084115285255175,0.32424209457438014,2.7055540268755744,0.28444284198515546,0.30394302883519736,0.059954702854156494,-0.0008885860443115234,0.0,-0.00131988525390625,4.656612873077393e-10,0.375,2.918804168701172,False,True,True
5,18,layer4.0.downsample.0.weight,512x256x1x1,10000,5.153544258408325,1.749680336615711e-06,1.6936979818638065e-06,2.2699969786262173,0.44052922070636036,2.42286250599023,0.4701952948150001,0.579051340406025,0.11969482898712158,-0.0004322528839111328,0.0010000000000000009,-0.0005890130996704102,0.0,0.375,2.918804168701172,False,True,True
5,19,layer4.1.conv1.weight,512x512x3x3,10000,6.908546422439757,2.385281050010235e-06,2.047274847427616e-06,2.62815147077692,0.38049557307455545,4.229480823603782,0.6123309731608532,0.5904083288085472,0.04199749231338501,-0.00041675567626953125,0.0,-0.00039398670196533203,0.0,0.375,2.918804168701172,False,True,True
5,20,layer4.1.conv2.weight,512x512x3x3,10000,5.584059078922899,9.855720008999924e-07,7.860738833187497e-07,2.362950045344532,0.4231998056709634,4.885454080578777,0.8749755445381119,0.8843915985854452,0.10492539405822754,-0.0002281665802001953,0.0,8.189678192138672e-05,0.0,0.375,2.918804168701172,False,True,True
5,21,fc.weight,10x512,10000,4.793171263285633,2.976492396555841e-06,1.8670293684408534e-06,2.189331827537486,0.45676036287508726,4.197801133565369,0.8757874561084563,0.8757884845294506,-0.0004742400487884879,-0.0002193450927734375,0.0,8.33272933959961e-05,4.656612873077393e-10,0.375,2.918804168701172,False,True,True
6,1,conv1.weight,64x3x3x3,10000,4.188492245622625,4.824938059755368e-06,4.380045538709965e-06,2.0465833100223256,0.48861924902001236,1.3094876637488175,0.31263857425975605,0.7190467565719564,0.20671260356903076,0.00010800361633300781,0.0,0.0004369020462036133,0.0,0.394,2.9039993286132812,False,True,True
6,2,layer1.0.conv1.weight,64x64x3x3,10000,10.713549536455117,6.686070264549926e-06,5.375309683586238e-06,3.273156182319545,0.3055155160030717,1.786193138104254,0.16672277443237826,0.7116241679334968,0.6541578769683838,-0.0007939338684082031,0.0,-0.0011557340621948242,9.313225746154785e-10,0.394,2.9039993286132812,False,True,True
6,3,layer1.0.conv2.weight,64x64x3x3,10000,12.66176327946587,5.703064289264148e-06,4.9179120651388075e-06,3.5583289278432555,0.2810307929025863,2.0456677673046992,0.1615633607392399,0.6837844016070215,0.4953819513320923,-0.0007154941558837891,0.0010000000000000009,-0.0008523464202880859,-4.656612873077393e-10,0.394,2.9039993286132812,False,True,True
6,4,layer1.1.conv1.weight,64x64x3x3,10000,10.931962058395722,5.339581548469141e-06,4.784564225701615e-06,3.3063544254983706,0.3024479143216078,1.8687878194768648,0.1709468878289445,0.6305940159644816,0.4241112470626831,-0.0005247592926025391,0.0010000000000000009,-0.0006715059280395508,-4.656612873077393e-10,0.394,2.9039993286132812,False,True,True
6,5,layer1.1.conv2.weight,64x64x3x3,10000,11.625323480121002,4.712993359134998e-06,4.199006525595905e-06,3.409586063581926,0.29329073422756025,1.662475835324089,0.14300528980900915,0.6077110452639272,0.48216402530670166,-0.000614166259765625,0.0010000000000000009,-0.0011120438575744629,-9.313225746154785e-10,0.394,2.9039993286132812,False,True,True
6,6,layer2.0.conv1.weight,128x64x3x3,10000,14.069305074153586,6.859957920823945e-06,6.345755537040532e-06,3.7509077436529537,0.2666021316285734,1.9798132832445985,0.14071860923625557,0.4080416505996898,0.6405442357063293,-0.0010521411895751953,0.0010000000000000009,-0.001663804054260254,0.0,0.394,2.9039993286132812,False,True,True
6,7,layer2.0.conv2.weight,128x128x3x3,10000,16.829007842006927,5.879870514036156e-06,5.389563284552423e-06,4.102324127409102,0.24376425873290716,1.9276056252794653,0.1145402743043449,0.3426406642339113,0.562258243560791,-0.0012929439544677734,0.0,-0.0020318031311035156,9.313225746154785e-10,0.394,2.9039993286132812,False,True,True
6,8,layer2.0.downsample.0.weight,128x64x1x1,10000,7.534985994154479,2.5923795874405187e-06,2.4435025807179045e-06,2.744983973466428,0.3643008519052216,1.4029504863168505,0.18619275725380163,0.4792087319947018,0.12761187553405762,-0.0006749629974365234,0.0010000000000000009,-0.001171410083770752,4.656612873077393e-10,0.394,2.9039993286132812,False,True,True
6,9,layer2.1.conv1.weight,128x128x3x3,10000,18.53557290622365,5.315761427482357e-06,4.844716386287473e-06,4.305264536552136,0.23227376425069765,2.302796780507157,0.12423840553402327,0.3414494246803627,0.43662941455841064,-0.0009160041809082031,0.0010000000000000009,-0.0015324950218200684,0.0,0.394,2.9039993286132812,False,True,True
6,10,layer2.1.conv2.weight,128x128x3x3,10000,14.112146368290988,5.8488685681368224e-06,5.493170647241641e-06,3.7566278058479847,0.26619618756036695,2.408928149459228,0.17069761668809955,0.3744657812726904,0.31690824031829834,-0.0008845329284667969,0.0,-0.0014102458953857422,-4.656612873077393e-10,0.394,2.9039993286132812,False,True,True
6,11,layer3.0.conv1.weight,256x128x3x3,10000,16.83368307471741,8.568296834710054e-06,8.15042858448578e-06,4.1027056420997345,0.24374159085130156,2.8327459024963,0.1682933279730092,0.2205792733456728,0.3994906544685364,-0.0011806488037109375,0.0010000000000000009,-0.0019845962524414062,-4.656612873077393e-10,0.394,2.9039993286132812,False,True,True
6,12,layer3.0.conv2.weight,256x256x3x3,10000,17.652363502561155,7.299125627469039e-06,6.877485247969162e-06,4.201335896172612,0.23801953109985638,3.313273781989214,0.18770788159240714,0.2914984504311964,0.2509329319000244,-0.0008442401885986328,0.0,-0.0014396905899047852,1.3969838619232178e-09,0.394,2.9039993286132812,False,True,True
6,13,layer3.0.downsample.0.weight,256x128x1x1,10000,8.303930951539812,3.176125574100297e-06,3.0561732273781672e-06,2.881618962442521,0.34702714447450017,2.1249364412830216,0.2559014909561956,0.37992202717087303,0.002419114112854004,-0.0007319450378417969,0.0010000000000000009,-0.0011672377586364746,4.656612873077393e-10,0.394,2.9039993286132812,False,True,True
6,14,layer3.1.conv1.weight,256x256x3x3,10000,16.250551539277875,7.068990271363873e-06,6.66460891807219e-06,4.031157280528617,0.24806772110585254,3.724941703730383,0.2292239449215759,0.23891011778639792,0.15557876229286194,-0.0010454654693603516,0.0,-0.0018909573554992676,0.0,0.394,2.9039993286132812,False,True,True
6,15,layer3.1.conv2.weight,256x256x3x3,10000,11.332678785707063,6.625202786381124e-06,6.289963494054973e-06,3.366248851840905,0.29706656994569147,2.900785969512923,0.25599016216895315,0.32043180371810326,0.10122466087341309,-0.0009589195251464844,0.0010000000000000009,-0.0016006231307983398,0.0,0.394,2.9039993286132812,False,True,True
6,16,layer4.0.conv1.weight,512x256x3x3,10000,8.581541701106808,9.351380867883563e-06,9.020469406095799e-06,2.9290422674604977,0.3414085249329665,2.4903333095569193,0.2902726467727409,0.22862426438176744,0.16402223706245422,-0.0011637210845947266,0.0010000000000000009,-0.002075791358947754,-4.656612873077393e-10,0.394,2.9039993286132812,False,True,True
6,17,layer4.0.conv2.weight,512x512x3x3,10000,8.965866114672838,3.37004007633368e-06,3.1256636248144787e-06,2.994212227674328,0.3339776622236035,2.6655371315479157,0.2973168928161533,0.3139891626654419,0.05432236194610596,-0.0007631778717041016,0.0010000000000000009,-0.0011849403381347656,-4.656612873077393e-10,0.394,2.9039993286132812,False,True,True
6,18,layer4.0.downsample.0.weight,512x256x1x1,10000,4.86154104647355,1.6689289168425603e-06,1.620459102014138e-06,2.2047273123109763,0.4535708313749733,2.9662282013943733,0.61023170332474,0.48095274983155745,0.08733947575092316,-0.0005273818969726562,0.0,-0.0007943511009216309,-4.656612873077393e-10,0.394,2.9039993286132812,False,True,True
6,19,layer4.1.conv1.weight,512x512x3x3,10000,6.761605506118344,2.214558435298386e-06,1.9112337668047985e-06,2.5999422981951246,0.3846239205747752,4.30723744036707,0.6371935275085996,0.6016427583125143,0.00971248745918274,-0.0003407001495361328,0.0,-0.0002560615539550781,4.656612873077393e-10,0.394,2.9039993286132812,False,True,True
6,20,layer4.1.conv2.weight,512x512x3x3,10000,5.367896080920215,9.422143421033979e-07,7.598447950840637e-07,2.316776516822005,0.43163420931585206,4.193582020038304,0.7812981492690652,0.8536285749381164,0.12504882365465164,-0.00016164779663085938,0.0,0.00021839141845703125,4.656612873077393e-10,0.394,2.9039993286132812,False,True,True
6,21,fc.weight,10x512,10000,4.405433203783595,2.974645667563891e-06,2.011707692872733e-06,2.0989131390247984,0.4764370575452313,4.210715523448552,0.9557999152845724,0.9557992006331649,-0.00048520625568926334,-0.00011944770812988281,0.0,0.00028330087661743164,4.656612873077393e-10,0.394,2.9039993286132812,False,True,True
7,1,conv1.weight,64x3x3x3,10000,3.715931431228829,5.333711214916548e-06,4.979476670996519e-06,1.9276771033736595,0.5187590796455919,1.1942770212716096,0.32139304899213195,0.6525561177999089,0.2521876096725464,-0.000194549560546875,0.0010000000000000009,-0.0005673766136169434,-1.3969838619232178e-09,0.403,2.6799466609954834,False,True,True
7,2,layer1.0.conv1.weight,64x64x3x3,10000,12.356897508192622,6.0135830608487595e-06,4.121167421544669e-06,3.515248327133498,0.2844749238001765,1.887337252119193,0.15273461558468013,0.7111823191299544,0.562812089920044,-0.0005819797515869141,0.0,-0.000961601734161377,4.656612873077393e-10,0.403,2.6799466609954834,False,True,True
7,3,layer1.0.conv2.weight,64x64x3x3,10000,15.584324622218757,5.225533641350921e-06,4.154377620579908e-06,3.947705131027833,0.25331172587848216,1.6772311703801541,0.1076226098979014,0.6998226045782677,0.7445945739746094,-0.0007336139678955078,0.0010000000000000009,-0.0013356804847717285,0.0,0.403,2.6799466609954834,False,True,True
7,4,layer1.1.conv1.weight,64x64x3x3,10000,13.235422202615498,5.243015039013699e-06,4.4762655306840315e-06,3.6380426789888975,0.2748730810046255,1.655554047580352,0.1250857148521819,0.6797688016149038,0.6117308139801025,-0.0002014636993408203,0.0,-0.0007191300392150879,0.0,0.403,2.6799466609954834,False,True,True
7,5,layer1.1.conv2.weight,64x64x3x3,10000,12.785954263877573,4.928463113174075e-06,4.346307378000347e-06,3.5757539073413764,0.27966130385732113,1.7622805026724517,0.13782873945904398,0.6030410260061306,0.5203876495361328,-0.0009398460388183594,0.0,-0.0014938712120056152,0.0,0.403,2.6799466609954834,False,True,True
7,6,layer2.0.conv1.weight,128x64x3x3,10000,14.228861717691677,7.3797928052954376e-06,6.830014172010124e-06,3.7720840879804314,0.26510543685557086,1.938182913855602,0.13621725034759313,0.511812278838857,0.704373836517334,-0.0007283687591552734,-0.0010000000000000009,-0.0012080073356628418,4.656612873077393e-10,0.403,2.6799466609954834,False,True,True
7,7,layer2.0.conv2.weight,128x128x3x3,10000,16.748178703033876,6.285742074396694e-06,5.804655302199535e-06,4.092430511082951,0.2443535686902542,2.1910307094613,0.13082352998152547,0.5090671385118192,0.5470414757728577,-0.0006833076477050781,0.0010000000000000009,-0.0011757612228393555,0.0,0.403,2.6799466609954834,False,True,True
7,8,layer2.0.downsample.0.weight,128x64x1x1,10000,7.3178406123685455,2.840553634086973e-06,2.6954380700772163e-06,2.705149578316045,0.36966532572387356,1.3994838458837602,0.19124291623851866,0.5123560648053508,0.1723475456237793,-0.0006518363952636719,-0.0010000000000000009,-0.0011314749717712402,0.0,0.403,2.6799466609954834,False,True,True
7,9,layer2.1.conv1.weight,128x128x3x3,10000,17.17081039934423,5.849035460414598e-06,5.433595106296707e-06,4.143690883790491,0.24133074306093943,2.0610185077288476,0.12003480647622199,0.41299337182353163,0.564063549041748,-0.0007901191711425781,0.0,-0.0014219880104064941,0.0,0.403,2.6799466609954834,False,True,True
7,10,layer2.1.conv2.weight,128x128x3x3,10000,13.203940046672226,6.365011358866468e-06,6.035731985321036e-06,3.633657616793772,0.2752047951293687,2.2709056581373663,0.17199310471361187,0.39358333958904784,0.36185479164123535,-0.0008826255798339844,-0.0020000000000000018,-0.0016499161720275879,0.0,0.403,2.6799466609954834,False,True,True
7,11,layer3.0.conv1.weight,256x128x3x3,10000,16.6032737515256,9.166833478957415e-06,8.74247052706778e-06,4.074573364668325,0.2454244679139312,2.310219352283087,0.13915182974404758,0.2711114807620789,0.4733697772026062,-0.0010166168212890625,-0.0010000000000000009,-0.0016855597496032715,4.656612873077393e-10,0.403,2.6799466609954834,False,True,True
7,12,layer3.0.conv2.weight,256x256x3x3,10000,18.559324445822707,7.426857337122783e-06,6.977425982768182e-06,4.308063908568249,0.23212283318525379,3.2328332020786354,0.17418826952244032,0.29253998681441634,0.2803841829299927,-0.0009453296661376953,0.0,-0.0017695426940917969,9.313225746154785e-10,0.403,2.6799466609954834,False,True,True
7,13,layer3.0.downsample.0.weight,256x128x1x1,10000,8.78851537552074,3.1794070309842937e-06,3.0487349249597173e-06,2.9644821850251515,0.3373270397951525,2.159170298490285,0.24569095202904417,0.38041908015864145,-0.0085105299949646,-0.0006287097930908203,-0.0010000000000000009,-0.001327216625213623,-4.656612873077393e-10,0.403,2.6799466609954834,False,True,True
7,14,layer3.1.conv1.weight,256x256x3x3,10000,16.422652981852696,7.353107321250718e-06,6.951594514248427e-06,4.052296731414088,0.24677363635486793,3.7147939532702923,0.22622067141543153,0.30966737664486527,0.14737412333488464,-0.0008788108825683594,-0.0010000000000000009,-0.0016908645629882812,9.313225746154785e-10,0.403,2.6799466609954834,False,True,True
7,15,layer3.1.conv2.weight,256x256x3x3,10000,11.236043919025303,6.8796166488027666e-06,6.549996214744169e-06,3.351896606906807,0.29833855791954716,3.3681707871110165,0.29978714313575855,0.3383927077857292,0.10478243231773376,-0.0007297992706298828,0.0,-0.001480698585510254,0.0,0.403,2.6799466609954834,False,True,True
7,16,layer4.0.conv1.weight,512x256x3x3,10000,8.44879310467673,9.66132756730076e-06,9.346201295556966e-06,2.906320609123332,0.34407766192789097,2.3671514376596012,0.28024574281565046,0.3281205063254909,0.10229682922363281,-0.0008084774017333984,-0.0010000000000000009,-0.0015038251876831055,0.0,0.403,2.6799466609954834,False,True,True
7,17,layer4.0.conv2.weight,512x512x3x3,10000,8.697897005496769,3.471457603154704e-06,3.257527396272053e-06,2.948995295995823,0.3390985402241268,2.7129659753249906,0.31195801068656326,0.3133236329266853,0.05828273296356201,-0.0007069110870361328,-0.0010000000000000009,-0.0012077093124389648,0.0,0.403,2.6799466609954834,False,True,True
7,18,layer4.0.downsample.0.weight,512x256x1x1,10000,4.831818298398635,1.7529362139612203e-06,1.7057353716154466e-06,2.1980051871101804,0.45495798001948595,3.268426310804101,0.6765209947061761,0.48847843211691816,0.10620971024036407,-0.0005040168762207031,-0.0010000000000000009,-0.0008459091186523438,0.0,0.403,2.6799466609954834,False,True,True
7,19,layer4.1.conv1.weight,512x512x3x3,10000,6.90101600224839,2.199202526753652e-06,1.9021073285330203e-06,2.626679737813365,0.3807087653679741,4.541114108569366,0.658185380955172,0.6555773259751642,0.009717285633087158,-0.0003101825714111328,0.0,-0.0002333521842956543,9.313225746154785e-10,0.403,2.6799466609954834,False,True,True
7,20,layer4.1.conv2.weight,512x512x3x3,10000,5.475749547814689,9.514699854662467e-07,7.563720032521815e-07,2.33990067292424,0.42736856806416135,5.072817262632736,0.9265191482191288,0.9710684824934412,0.09438920766115189,-0.0001552104949951172,0.0,0.00024312734603881836,4.656612873077393e-10,0.403,2.6799466609954834,False,True,True
7,21,fc.weight,10x512,10000,4.632155323363343,3.016452865267638e-06,1.9812855498457793e-06,2.152244664964786,0.464631190067957,3.9489757944601083,0.8525134184287002,0.852485273550868,-0.0004625651054084301,-0.0001747608184814453,0.0,0.0001901388168334961,0.0,0.403,2.6799466609954834,False,True,True
8,1,conv1.weight,64x3x3x3,10000,4.438587275603014,5.623842298518866e-06,4.904637989966432e-06,2.1067935854890774,0.47465494811057013,1.334491317864398,0.30065731503585386,0.6652135090333422,0.2233448028564453,-0.00017786026000976562,0.0,-9.936094284057617e-05,0.0,0.419,2.6763551235198975,False,True,True
8,2,layer1.0.conv1.weight,64x64x3x3,10000,11.574590072059658,6.569515335286269e-06,5.233297542872606e-06,3.4021507466366634,0.29393171392790024,1.8658007144638944,0.16119743517845755,0.7554586821332337,0.597219705581665,-0.0005922317504882812,-0.0010000000000000009,-0.00122910737991333,4.656612873077393e-10,0.419,2.6763551235198975,False,True,True
8,3,layer1.0.conv2.weight,64x64x3x3,10000,12.53721904341323,5.977183718641754e-06,5.203396540309768e-06,3.5407742229400165,0.28242410756415537,1.880183641095127,0.14996982205670306,0.64655102280219,0.5151071548461914,-0.0007336139678955078,-0.0010000000000000009,-0.001154184341430664,-4.656612873077393e-10,0.419,2.6763551235198975,False,True,True
8,4,layer1.1.conv1.weight,64x64x3x3,10000,9.831774878614786,6.4397090682177804e-06,5.885842710995348e-06,3.1355890480027284,0.31891934328478677,1.6806428233445354,0.1709374199167276,0.5822912353400428,0.553085446357727,-0.0003676414489746094,-0.0010000000000000009,-0.0005716681480407715,-4.656612873077393e-10,0.419,2.6763551235198975,False,True,True
8,5,layer1.1.conv2.weight,64x64x3x3,10000,11.16119136396757,5.249602963885991e-06,4.797862857230939e-06,3.340830447129322,0.29932677393408896,1.590456741150625,0.14249935782173132,0.5321039149907189,0.4894123077392578,-0.00036978721618652344,0.0,-0.0007428526878356934,-4.656612873077393e-10,0.419,2.6763551235198975,False,True,True
8,6,layer2.0.conv1.weight,128x64x3x3,10000,13.90849860746089,7.609624844917562e-06,7.092517080309335e-06,3.7294381453615184,0.26813690454787353,2.1069603501953127,0.15148498256905338,0.4738715520306589,0.5938857793807983,-0.0008075237274169922,-0.0010000000000000009,-0.0011301040649414062,0.0,0.419,2.6763551235198975,False,True,True
8,7,layer2.0.conv2.weight,128x128x3x3,10000,14.46225071309708,7.173739959398517e-06,6.750711236236384e-06,3.8029260956694166,0.26295541244904824,2.316955581304268,0.1602071481565168,0.44963023471550595,0.4494767189025879,-0.0005636215209960938,0.0,-0.0007827281951904297,0.0,0.419,2.6763551235198975,False,True,True
8,8,layer2.0.downsample.0.weight,128x64x1x1,10000,6.414647513014896,3.209898750355933e-06,3.077282144658966e-06,2.532719003689449,0.3948325884329392,1.4100544972789928,0.2198173303100775,0.5447891721170642,0.13889014720916748,-0.00031685829162597656,0.0,-0.0003902316093444824,4.656612873077393e-10,0.419,2.6763551235198975,False,True,True
8,9,layer2.1.conv1.weight,128x128x3x3,10000,14.05420757885419,6.9754082687722985e-06,6.6005386543110944e-06,3.7488486602135227,0.26674856486285664,2.5850259320081586,0.18393698312761853,0.40154349248836385,0.3921469449996948,-0.0007121562957763672,0.0,-0.001065075397491455,0.0,0.419,2.6763551235198975,False,True,True
8,10,layer2.1.conv2.weight,128x128x3x3,10000,11.230115622279689,7.206540885817958e-06,6.921846761542838e-06,3.351090074859194,0.2984103613037074,2.2116967007823205,0.19694884779291563,0.3945341856619579,0.31559258699417114,-0.00034499168395996094,0.0,-0.0005670785903930664,4.656612873077393e-10,0.419,2.6763551235198975,False,True,True
8,11,layer3.0.conv1.weight,256x128x3x3,10000,15.513049912858534,9.676791705715004e-06,9.292956747231074e-06,3.9386180835519946,0.2538961581921551,2.4151422093371018,0.1556879586838696,0.32317158579590294,0.47607702016830444,-0.0006089210510253906,0.0,-0.0011897087097167969,0.0,0.419,2.6763551235198975,False,True,True
8,12,layer3.0.conv2.weight,256x256x3x3,10000,15.415406259903742,8.363595043192618e-06,7.996320164238568e-06,3.9260598507808395,0.25470829228472247,2.700093171990593,0.17517212026060333,0.31858464789230406,0.32288068532943726,-0.0006148815155029297,0.0,-0.0011419057846069336,-4.656612873077393e-10,0.419,2.6763551235198975,False,True,True
8,13,layer3.0.downsample.0.weight,256x128x1x1,10000,7.4384379692334734,3.641887360572582e-06,3.5318987556820503e-06,2.727284873314233,0.3666650337061367,1.9969805928860236,0.2684805836215326,0.4106433392873319,0.027474045753479004,-0.0004887580871582031,0.0,-0.0010118484497070312,-4.656612873077393e-10,0.419,2.6763551235198975,False,True,True
8,14,layer3.1.conv1.weight,256x256x3x3,10000,14.068598740080459,8.076613084995188e-06,7.731326149951201e-06,3.750725001292182,0.2666151209847389,2.9978552330102834,0.21309839608370595,0.28585208648116817,0.19478851556777954,-0.0007083415985107422,0.0,-0.0013363957405090332,-4.656612873077393e-10,0.419,2.6763551235198975,False,True,True
8,15,layer3.1.conv2.weight,256x256x3x3,10000,10.02550613889859,7.337499482673593e-06,7.05273714629584e-06,3.1662515528035,0.315830875507844,2.942016040080231,0.2934635521431608,0.3479148725467244,0.11400914192199707,-0.0005478858947753906,0.0,-0.0010706186294555664,-4.656612873077393e-10,0.419,2.6763551235198975,False,True,True
8,16,layer4.0.conv1.weight,512x256x3x3,10000,7.907790525338398,9.857227269094437e-06,9.598152246326208e-06,2.8119762649244975,0.3556217783462871,2.123146002798955,0.26850761860964556,0.33668668740261826,0.18634678423404694,-0.0007693767547607422,0.0,-0.0013963580131530762,0.0,0.419,2.6763551235198975,False,True,True
8,17,layer4.0.conv2.weight,512x512x3x3,10000,8.274101451105858,3.5415935144555988e-06,3.3344847452099202e-06,2.8761957908060904,0.34768147676057104,2.7784484429013765,0.33586552233389294,0.3327250162022742,0.06895551085472107,-0.0006670951843261719,0.0,-0.001194000244140625,0.0,0.419,2.6763551235198975,False,True,True
8,18,layer4.0.downsample.0.weight,512x256x1x1,10000,4.459403212358548,1.775409600668354e-06,1.737878960739181e-06,2.111601271154641,0.4735742555473988,3.064324930606508,0.6872439554566009,0.6172316620732529,0.2140999138355255,-0.00035381317138671875,0.0,-0.0005819201469421387,-4.656612873077393e-10,0.419,2.6763551235198975,False,True,True
8,19,layer4.1.conv1.weight,512x512x3x3,10000,6.896409671488404,2.2407166397897527e-06,1.944809127962799e-06,2.6258978008122966,0.3808221324114973,3.9912629246841806,0.5788348124209076,0.6309819671279961,0.02653425931930542,-0.00028586387634277344,0.0,-0.00024706125259399414,0.0,0.419,2.6763551235198975,False,True,True
8,20,layer4.1.conv2.weight,512x512x3x3,10000,5.442321927968086,1.0027996495409752e-06,7.98242297150864e-07,2.332798078342375,0.4286697632701128,5.748558579481549,1.0563421862346558,1.0342855113097829,0.08239585161209106,-0.00011205673217773438,0.0,0.00025469064712524414,0.0,0.419,2.6763551235198975,False,False,False
8,21,fc.weight,10x512,10000,4.483714958134337,3.2611699225526536e-06,2.348886937397765e-06,2.1174787757294995,0.4722597512957298,4.514363475426173,1.0068352212079827,1.0068036537820972,-0.0005347326514311135,-4.124641418457031e-05,0.0,0.0003342628479003906,-4.656612873077393e-10,0.419,2.6763551235198975,False,False,False
9,1,conv1.weight,64x3x3x3,10000,4.137444813331427,4.7879475459922105e-06,4.36341224485659e-06,2.0340731795970464,0.491624396816491,1.2207231126177225,0.2950421446889908,0.6828466505273435,0.2509413957595825,-0.0007488727569580078,0.0,-0.0011851787567138672,4.656612873077393e-10,0.40900000000000003,2.77487850189209,False,True,True
9,2,layer1.0.conv1.weight,64x64x3x3,10000,11.051649053752776,6.025265065545682e-06,4.833527782466263e-06,3.3243969787084957,0.30080643389000217,1.9934792128476604,0.18037900529221074,0.7360087407616988,0.525528073310852,-0.0007600784301757812,0.0,-0.0011580586433410645,-4.656612873077393e-10,0.40900000000000003,2.77487850189209,False,True,True
9,3,layer1.0.conv2.weight,64x64x3x3,10000,12.270773856569376,5.687315024260897e-06,4.909441940981196e-06,3.502952135914831,0.28547349812384465,1.8745316487351216,0.15276517860481548,0.6727017522731658,0.5442972183227539,-0.0004112720489501953,0.0,-0.0007867217063903809,0.0,0.40900000000000003,2.77487850189209,False,True,True
9,4,layer1.1.conv1.weight,64x64x3x3,10000,10.435774468558183,5.569212589762174e-06,5.038044946559239e-06,3.2304410578804568,0.30955525331767414,1.868716567943028,0.1790687362113521,0.5302594638905832,0.40208256244659424,-0.0005316734313964844,0.0,-0.0011972784996032715,-4.656612873077393e-10,0.40900000000000003,2.77487850189209,False,True,True
9,5,layer1.1.conv2.weight,64x64x3x3,10000,11.59770615572412,4.772407464770367e-06,4.329484909249004e-06,3.4055354383964223,0.29363958123157097,1.8973453172307113,0.1635970728474282,0.6254055688584809,0.44811296463012695,-0.0006749629974365234,0.0,-0.0011278986930847168,-4.656612873077393e-10,0.40900000000000003,2.77487850189209,False,True,True
9,6,layer2.0.conv1.weight,128x64x3x3,10000,12.376079094518166,7.782290595059749e-06,7.3080859692709055e-06,3.5179328707493775,0.2842578402546333,2.363805788983628,0.19100146428866674,0.5371860984925491,0.5440199375152588,-0.0006871223449707031,0.0,-0.001322627067565918,0.0,0.40900000000000003,2.77487850189209,False,True,True
9,7,layer2.0.conv2.weight,128x128x3x3,10000,14.86861307169734,6.637973910983419e-06,6.197504262672737e-06,3.8559835923113006,0.2593372030923487,2.383910992127563,0.16033181925322892,0.49788576412799423,0.4904811382293701,-0.0005609989166259766,0.0,-0.0008029341697692871,0.0,0.40900000000000003,2.77487850189209,False,True,True
9,8,layer2.0.downsample.0.weight,128x64x1x1,10000,6.795103760928547,2.8640374694077764e-06,2.7242635951552074e-06,2.606728711981499,0.3836225823591179,1.4473113732095177,0.21299540739233588,0.5890244201382492,0.1442471742630005,-0.00035452842712402344,0.0,-0.0005800724029541016,0.0,0.40900000000000003,2.77487850189209,False,True,True
9,9,layer2.1.conv1.weight,128x128x3x3,10000,12.39370487756509,7.250554972415557e-06,6.887034032843076e-06,3.5204899103996827,0.28405137507877976,2.342327376558232,0.18899109562835917,0.43374609061053593,0.41998690366744995,-0.0005843639373779297,0.0,-0.0011764764785766602,0.0,0.40900000000000003,2.77487850189209,False,True,True
9,10,layer2.1.conv2.weight,128x128x3x3,10000,10.66127288541512,7.2279472078662366e-06,6.92480762154446e-06,3.2651214498165237,0.3062673212526881,2.4837661553989188,0.23297647398456298,0.4058986752960162,0.3153504729270935,-0.0008280277252197266,0.0,-0.00121992826461792,0.0,0.40900000000000003,2.77487850189209,False,True,True
9,11,layer3.0.conv1.weight,256x128x3x3,10000,11.572733413324,1.1591341717576142e-05,1.1208535397599917e-05,3.401776800997111,0.29396402483163653,2.5122039126578115,0.21709174400555398,0.36905781202665855,0.39886051416397095,-0.0007169246673583984,0.0,-0.0014421343803405762,0.0,0.40900000000000003,2.77487850189209,False,True,True
9,12,layer3.0.conv2.weight,256x256x3x3,10000,12.581334927225143,9.351300832349807e-06,8.98272901395103e-06,3.546941293913244,0.28193305643824945,2.9951617428291617,0.23807413541722375,0.34963846859702336,0.2553899884223938,-0.0007495880126953125,0.0,-0.001461327075958252,-4.656612873077393e-10,0.40900000000000003,2.77487850189209,False,True,True
9,13,layer3.0.downsample.0.weight,256x128x1x1,10000,6.580645472579272,3.993461177742574e-06,3.877677954733372e-06,2.565241364043511,0.3898268654235837,2.2934571342091084,0.34852518923509224,0.4690871183811152,-0.01699906587600708,-0.0005481243133544922,0.0,-0.0010170936584472656,0.0,0.40900000000000003,2.77487850189209,False,True,True
9,14,layer3.1.conv1.weight,256x256x3x3,10000,12.26379090636453,8.585804607719183e-06,8.22284710011445e-06,3.5019092832010195,0.28555851083781403,3.066535050313896,0.25005648742310127,0.2888153208152151,0.1685236096382141,-0.0008046627044677734,0.0,-0.0016790032386779785,0.0,0.40900000000000003,2.77487850189209,False,True,True
9,15,layer3.1.conv2.weight,256x256x3x3,10000,9.269538608257962,7.4879008025163785e-06,7.207882390503073e-06,3.044449285375884,0.3284666309941618,3.1811355218256874,0.3432136947355605,0.3367482218152641,0.08571115136146545,-0.0007076263427734375,0.0,-0.0013675093650817871,0.0,0.40900000000000003,2.77487850189209,False,True,True
9,16,layer4.0.conv1.weight,512x256x3x3,10000,7.784154517918966,9.38652920012828e-06,9.128297278948594e-06,2.7896154854592727,0.35847234330768835,2.546611893380529,0.3272458740427929,0.306514991436665,0.0979153960943222,-0.0008182525634765625,0.0,-0.0015510916709899902,0.0,0.40900000000000003,2.77487850189209,False,True,True
9,17,layer4.0.conv2.weight,512x512x3x3,10000,8.427437486806642,3.219314294256037e-06,3.0201633762771962e-06,2.9026569823459707,0.34451194408503105,2.5665130926409807,0.30461551009309384,0.30894638481219794,0.04578477144241333,-0.0007145404815673828,0.0,-0.001190781593322754,0.0,0.40900000000000003,2.77487850189209,False,True,True
9,18,layer4.0.downsample.0.weight,512x256x1x1,10000,4.729936590061254,1.5876807992754038e-06,1.5458190318895504e-06,2.17470307124321,0.4598328908545345,1.8410755863870214,0.3892885789286085,0.512847952003013,0.14918969571590424,-0.0004069805145263672,0.0,-0.0007365942001342773,0.0,0.40900000000000003,2.77487850189209,False,True,True
9,19,layer4.1.conv1.weight,512x512x3x3,10000,7.161241811883328,1.9923227227991447e-06,1.7056582919394714e-06,2.6759403806910242,0.3737004034976908,3.978966279279673,0.55567057771177,0.5669499351325165,0.00981748104095459,-0.0003554821014404297,0.0,-0.00033670663833618164,0.0,0.40900000000000003,2.77487850189209,False,True,True
9,20,layer4.1.conv2.weight,512x512x3x3,10000,5.617584474628597,8.94701997822267e-07,7.057153652567649e-07,2.3700337095227466,0.42193492690927586,5.10092909234148,0.9081137962293605,0.8824314663675301,0.08943198621273041,-0.00019884109497070312,0.0,0.0001436471939086914,0.0,0.40900000000000003,2.77487850189209,False,True,True
9,21,fc.weight,10x512,10000,4.78054445713601,2.7456235329736955e-06,1.7403324363840511e-06,2.18644481581532,0.4573634755227528,4.141406025654678,0.8663050063251941,0.8663272386478791,-0.0004902394721284509,-0.0001983642578125,0.0,0.00012487173080444336,0.0,0.40900000000000003,2.77487850189209,False,True,True
