run_id,problem_family,setting,kappa,lr,algo,seed,step,num_samples,train_batch_size,loss,recovery_error,diagnostic_A_definition,sigma_update,update_rank_ceiling,nrUpdate,stUpdate,nrUpdateFrac,stUpdateFrac,update_flatness,update_grad_inner,update_grad_cosine,update_grad_per_update_norm,layer,nrG,stA,condition_score,delta_gd_pred,delta_spec_pred,filters,kernel_size,stride
0,MNISTPatchClassifier,MNIST patch filters=16 kernel=5 stride=2 lr=3e-03,1.0,0.003,Adam,0,0,512,64,2.302608185233685,0.921875,full_patch_and_classifier_activation,"[[0.012396666707427485,0.003035222420287944,0.0016813853062933527,0.001184005776964553,5.283938833710709e-07,3.267358847654854e-07,3.006962250795889e-07,1.5382828702954957e-07,1.2804961563914784e-07,1.0247822697898248e-07,4.912151177687254e-08,2.5819819507747346e-08,1.5842492022863224e-08,1.322446875848426e-08,7.804233339318067e-09,5.50736529697778e-09]]",16.0,2.0036706016400383,1.0874657345196568,0.1252294126025024,0.06796660840747855,0.5427367819987715,3.0197912922277253e-05,0.8266943982765416,0.002335953603851087,1,2.5271779121983564,1.7960290538201074,1.4070918879753722,5.109281426330307e-11,7.189228448372615e-11,16,5,2
0,MNISTPatchClassifier,MNIST patch filters=16 kernel=5 stride=2 lr=3e-03,1.0,0.003,Adam,0,0,512,64,2.302608185233685,0.921875,full_patch_and_classifier_activation,"[[0.0077056688947321145,0.002230920766582331,0.001589594823368436,4.889325512945395e-07,3.4115838320116405e-07,6.323784481199059e-08,3.8196841827821294e-08,1.595384320640571e-08,7.422194636587634e-09,1.0964787956429588e-09]]",10.0,1.9867326212898309,1.1263751525501695,0.1986732621289831,0.11263751525501695,0.566948536748192,2.4697761030029716e-05,0.7494271562678719,0.003019991423210734,2,1.3966957367632409,1.0061508276459015,1.3881574197291078,3.7880063855036964e-05,5.2583491700181955e-05,16,5,2
1,MNISTPatchClassifier,MNIST patch filters=16 kernel=5 stride=2 lr=3e-03,1.0,0.003,Muon,0,0,512,64,2.302608185233685,0.921875,full_patch_and_classifier_activation,"[[0.0030000000000000027,0.0030000000000000022,0.0030000000000000022,0.003000000000000002,0.0030000000000000014,0.0030000000000000014,0.0030000000000000014,0.0030000000000000014,0.0030000000000000005,0.0030000000000000005,0.0030000000000000005,0.003,0.003,0.0029999999999999996,0.0029999999999999996,0.002999999999999999]]",16.0,16.0,15.999999999999982,1.0,0.9999999999999989,0.9999999999999989,1.3475918665823799e-05,0.3974275022093932,0.0011229932221519827,1,2.5271779121983564,1.7960290538201074,1.4070918879753722,5.109281426330307e-11,7.189228448372615e-11,16,5,2
1,MNISTPatchClassifier,MNIST patch filters=16 kernel=5 stride=2 lr=3e-03,1.0,0.003,Muon,0,0,512,64,2.302608185233685,0.921875,full_patch_and_classifier_activation,"[[0.0030000000000000014,0.0030000000000000014,0.0030000000000000005,0.0030000000000000005,0.0030000000000000005,0.0030000000000000005,0.0030000000000000005,0.0030000000000000005,0.002999999999999999,0.002999999999999999]]",10.0,9.999999999999998,9.999999999999995,0.9999999999999998,0.9999999999999994,0.9999999999999997,1.4287243346599082e-05,0.3737239270856553,0.0015060076820113196,2,1.3966957367632409,1.0061508276459015,1.3881574197291078,3.7880063855036964e-05,5.2583491700181955e-05,16,5,2
0,MNISTPatchClassifier,MNIST patch filters=16 kernel=5 stride=2 lr=3e-03,1.0,0.003,Adam,0,1,512,64,2.3025546894036375,0.921875,full_patch_and_classifier_activation,"[[0.012903532079416937,0.0019660686937672534,0.0012694940414708835,0.0007265689611410409,0.0004630666147058392,0.0003227742219738782,0.00021389427981515714,0.0001755058647855628,0.00015076392703906391,0.00012500753250768433,7.753996114945566e-05,5.164963764520964e-05,3.963059949700558e-05,3.329897025960709e-05,8.983542265534527e-06,6.954288369255296e-06]]",16.0,1.9863206611179216,1.038738208564023,0.1241450413198701,0.06492113803525144,0.5229458812452822,3.719302108254645e-05,0.7457530737936466,0.0028281327892013225,1,2.076423964302908,1.7960290538201074,1.1561193622599857,9.20303087589119e-11,1.0639802187094279e-10,16,5,2
0,MNISTPatchClassifier,MNIST patch filters=16 kernel=5 stride=2 lr=3e-03,1.0,0.003,Adam,0,1,512,64,2.3025546894036375,0.921875,full_patch_and_classifier_activation,"[[0.0076945060096084575,0.001157111342232936,0.0011089768948791096,0.0007356685167071769,0.00037306747570708905,0.0002402330031376307,9.976635071274898e-05,4.3414380844991714e-05,2.2478188858187255e-05,1.2181359802944765e-05]]",10.0,2.1105312533279097,1.0560645874978631,0.21105312533279097,0.10560645874978632,0.5003785591104839,2.014580794180588e-05,0.6570545098597835,0.002547761122419032,2,1.4220903235194537,1.0056335111130048,1.4141238411451973,3.404517558354317e-05,4.814409446866275e-05,16,5,2
1,MNISTPatchClassifier,MNIST patch filters=16 kernel=5 stride=2 lr=3e-03,1.0,0.003,Muon,0,1,512,64,2.3025709338958693,0.921875,full_patch_and_classifier_activation,"[[0.003000000000000003,0.0030000000000000014,0.0030000000000000014,0.003000000000000001,0.003000000000000001,0.003000000000000001,0.003000000000000001,0.003,0.003,0.0029999999999999988,0.0029999999999999988,0.0029999999999999988,0.0029999999999999983,0.0029999999999999983,0.0029999999999999983,0.0029999999999999983]]",16.0,16.0,15.999999999999966,1.0,0.9999999999999979,0.9999999999999979,1.656199476538117e-05,0.36086143153131767,0.0013801662304484305,1,2.083535564269311,1.7960290538201074,1.1600789863825893,9.360590531681612e-11,1.0859024375935668e-10,16,5,2
1,MNISTPatchClassifier,MNIST patch filters=16 kernel=5 stride=2 lr=3e-03,1.0,0.003,Muon,0,1,512,64,2.3025709338958693,0.921875,full_patch_and_classifier_activation,"[[0.0030000000000000022,0.0030000000000000014,0.003000000000000001,0.0030000000000000005,0.0030000000000000005,0.003,0.003,0.0029999999999999996,0.0029999999999999996,0.0029999999999999996]]",10.0,9.999999999999998,9.99999999999999,0.9999999999999998,0.9999999999999989,0.9999999999999991,1.3702016493893486e-05,0.38140444908575744,0.0014443193552632673,2,1.454693537824102,1.0061117476800288,1.4458568257238307,3.401092974515739e-05,4.917493492124947e-05,16,5,2
0,MNISTPatchClassifier,MNIST patch filters=16 kernel=5 stride=2 lr=3e-03,1.0,0.003,Adam,0,2,512,64,2.302584327825583,0.884765625,full_patch_and_classifier_activation,"[[0.012779701649738151,0.0015879566092779818,0.0012450179756101948,0.0007869870439375887,0.0005695318717362189,0.00043194714879359866,0.00031019995176472567,0.00022479257014253184,0.0001738923712856324,0.0001464332256201026,8.359588320291375e-05,6.873900148111787e-05,5.090014806428356e-05,4.151820718488386e-05,3.206792787221682e-05,1.6539915986084697e-05]]",16.0,2.039225525564118,1.0331723643992465,0.12745159534775738,0.06457327277495291,0.5066493879402753,2.977854148419227e-05,0.7235986152423266,0.0022924312347844017,1,2.3201288517252046,1.7960290538201074,1.291810311637415,6.422713790700901e-11,8.296927903523255e-11,16,5,2
0,MNISTPatchClassifier,MNIST patch filters=16 kernel=5 stride=2 lr=3e-03,1.0,0.003,Adam,0,2,512,64,2.302584327825583,0.884765625,full_patch_and_classifier_activation,"[[0.00806268089922642,0.0011908631684985813,0.0007350295139206668,0.0005990232127177675,0.0004765992657726335,0.0004016891336043003,0.00019063266066167967,0.00013585441127019542,5.5158077293595186e-05,3.329614094902138e-05]]",10.0,2.0827927101386736,1.0425294060106052,0.20827927101386737,0.10425294060106052,0.500544005620796,2.057744552558673e-05,0.5791909564098062,0.002499584551959026,2,1.3349426105782154,1.0046573436768864,1.328754145858863,3.298023976057259e-05,4.382263031328014e-05,16,5,2
1,MNISTPatchClassifier,MNIST patch filters=16 kernel=5 stride=2 lr=3e-03,1.0,0.003,Muon,0,2,512,64,2.3026235187038817,0.921875,full_patch_and_classifier_activation,"[[0.0030000000000000027,0.0030000000000000027,0.0030000000000000027,0.0030000000000000014,0.0030000000000000014,0.0030000000000000014,0.0030000000000000014,0.003000000000000001,0.0030000000000000005,0.0030000000000000005,0.0030000000000000005,0.003,0.0029999999999999996,0.0029999999999999996,0.0029999999999999996,0.0029999999999999975]]",16.0,16.0,15.999999999999982,1.0,0.9999999999999989,0.9999999999999989,1.576117995450275e-05,0.3619740061236607,0.001313431662875229,1,2.0964028977473905,1.7960290538201074,1.16724331006138,8.425226474214905e-11,9.834289237779376e-11,16,5,2
1,MNISTPatchClassifier,MNIST patch filters=16 kernel=5 stride=2 lr=3e-03,1.0,0.003,Muon,0,2,512,64,2.3026235187038817,0.921875,full_patch_and_classifier_activation,"[[0.003000000000000001,0.0030000000000000005,0.0030000000000000005,0.0030000000000000005,0.003,0.003,0.003,0.003,0.0029999999999999988,0.0029999999999999988]]",10.0,10.000000000000004,9.999999999999993,1.0000000000000004,0.9999999999999993,0.9999999999999989,1.346469675461533e-05,0.3754168906055789,0.0014193036582687247,2,1.4093784175196127,1.0058690782805813,1.4011549295548331,3.294410122708197e-05,4.6159789834079314e-05,16,5,2
0,MNISTPatchClassifier,MNIST patch filters=16 kernel=5 stride=2 lr=3e-03,1.0,0.003,Adam,0,3,512,64,2.30248225764372,0.884765625,full_patch_and_classifier_activation,"[[0.012933133126885949,0.0020536153753094415,0.0016950804088862988,0.0012959412659033992,0.0007694064139276286,0.0003518354174974907,0.00022746576046042677,0.0001858606819122346,0.00013721893586525317,0.00012140945003908475,6.672383136679739e-05,5.118620159334079e-05,3.8805011234752615e-05,3.339890798334782e-05,2.746924577981422e-05,1.5439382211371662e-05]]",16.0,2.2622924461735545,1.057491757098068,0.14139327788584716,0.06609323481862925,0.4674425531883428,3.1272148518413925e-05,0.7198347526415297,0.00235134024160138,1,2.0296146299225906,1.7960290538201074,1.1300566800997194,6.827893247838658e-11,7.715906375727844e-11,16,5,2
0,MNISTPatchClassifier,MNIST patch filters=16 kernel=5 stride=2 lr=3e-03,1.0,0.003,Adam,0,3,512,64,2.30248225764372,0.884765625,full_patch_and_classifier_activation,"[[0.007768184010263694,0.0014812816128640307,0.001170919571770368,0.0005710066802259473,0.00043005567468002576,0.00027334678467132384,0.0002182324712564907,0.000165022475692847,0.00010094918102057764,4.7002037239425216e-05]]",10.0,2.314468385924324,1.0702335383470267,0.23144683859243237,0.10702335383470267,0.4624100916027894,2.1250318691745558e-05,0.5499687625539418,0.0026442752789978476,2,1.3506535592081677,1.0032549997293387,1.3462714460157699,3.112184001558299e-05,4.189844456045035e-05,16,5,2
1,MNISTPatchClassifier,MNIST patch filters=16 kernel=5 stride=2 lr=3e-03,1.0,0.003,Muon,0,3,512,64,2.3025343417919855,0.921875,full_patch_and_classifier_activation,"[[0.0030000000000000022,0.0030000000000000014,0.003000000000000001,0.003000000000000001,0.003000000000000001,0.0030000000000000005,0.003,0.003,0.003,0.003,0.0029999999999999996,0.002999999999999999,0.002999999999999999,0.002999999999999999,0.0029999999999999975,0.0029999999999999975]]",16.0,16.000000000000004,15.999999999999973,1.0000000000000002,0.9999999999999983,0.9999999999999981,1.4160992731865303e-05,0.38684376338242493,0.001180082727655442,1,2.3943695562860396,1.7960290538201074,1.3331463381359436,5.954908566781212e-11,7.938764549738732e-11,16,5,2
1,MNISTPatchClassifier,MNIST patch filters=16 kernel=5 stride=2 lr=3e-03,1.0,0.003,Muon,0,3,512,64,2.3025343417919855,0.921875,full_patch_and_classifier_activation,"[[0.003000000000000002,0.003000000000000001,0.0030000000000000005,0.003,0.003,0.003,0.003,0.0029999999999999996,0.002999999999999999,0.0029999999999999988]]",10.0,10.000000000000002,9.99999999999999,1.0000000000000002,0.9999999999999989,0.9999999999999988,1.3570734477947068e-05,0.3902882458578374,0.00143048101572296,2,1.5232491485478783,1.0060710298347364,1.5140572617403534,3.2119719328305304e-05,4.863109429408262e-05,16,5,2
0,MNISTPatchClassifier,MNIST patch filters=16 kernel=5 stride=2 lr=3e-03,1.0,0.003,Adam,0,4,512,64,2.3025027608172595,0.8828125,full_patch_and_classifier_activation,"[[0.012672937323301424,0.002158981337743952,0.0018593138495362838,0.0010975727505499928,0.0008092117657591612,0.00036086218162140177,0.00027064885276540523,0.0002371207309673945,0.00016110714206856268,0.00012298277972908617,9.944500931694715e-05,7.550012366450696e-05,5.035738790862453e-05,3.5170232249255056e-05,3.0899420660047354e-05,1.5198137078840552e-05]]",16.0,2.3539495792929364,1.0641273399831879,0.14712184870580852,0.06650795874894924,0.4520603794337954,3.4425388800022894e-05,0.5744186553090457,0.002633326843142244,1,1.7128025533099331,1.7960290538201074,0.9536608272938828,1.3448500072162978e-10,1.2825307704680788e-10,16,5,2
0,MNISTPatchClassifier,MNIST patch filters=16 kernel=5 stride=2 lr=3e-03,1.0,0.003,Adam,0,4,512,64,2.3025027608172595,0.8828125,full_patch_and_classifier_activation,"[[0.00818937016677581,0.0018213818241672214,0.0009464880350194373,0.0006452197465130616,0.00043603501957118303,0.00027097847700934924,0.0002105999110661017,0.00014559016997215413,8.934260748560987e-05,4.266203108969186e-05]]",10.0,2.273644265985874,1.0740837792201876,0.2273644265985874,0.10740837792201877,0.47240625778125167,2.849039454435345e-05,0.5362194573738361,0.0033568264034741116,2,1.2075078683467082,1.0018775689120636,1.205244937919848,3.626786899693477e-05,4.371166551769582e-05,16,5,2
1,MNISTPatchClassifier,MNIST patch filters=16 kernel=5 stride=2 lr=3e-03,1.0,0.003,Muon,0,4,512,64,2.3025630566697135,0.921875,full_patch_and_classifier_activation,"[[0.0030000000000000022,0.0030000000000000022,0.003000000000000002,0.0030000000000000014,0.003000000000000001,0.003000000000000001,0.0030000000000000005,0.003,0.003,0.0029999999999999996,0.0029999999999999996,0.002999999999999999,0.0029999999999999988,0.0029999999999999988,0.0029999999999999988,0.0029999999999999983]]",16.0,15.999999999999996,15.999999999999979,0.9999999999999998,0.9999999999999987,0.9999999999999989,1.621700649780152e-05,0.3796656067958566,0.0013514172081501268,1,2.3063355677386568,1.7960290538201074,1.2841304336548123,8.107701754253138e-11,1.0411346569632965e-10,16,5,2
1,MNISTPatchClassifier,MNIST patch filters=16 kernel=5 stride=2 lr=3e-03,1.0,0.003,Muon,0,4,512,64,2.3025630566697135,0.921875,full_patch_and_classifier_activation,"[[0.0030000000000000022,0.0030000000000000014,0.003000000000000001,0.0030000000000000005,0.0030000000000000005,0.003,0.0029999999999999996,0.0029999999999999996,0.0029999999999999996,0.002999999999999999]]",10.0,9.999999999999998,9.99999999999999,0.9999999999999998,0.9999999999999989,0.9999999999999991,1.4745257830698203e-05,0.3766330033494382,0.001554286647714659,2,1.4185241921201805,1.0058515291467043,1.410271944730809,3.690845786707063e-05,5.205096265320883e-05,16,5,2
0,MNISTPatchClassifier,MNIST patch filters=16 kernel=5 stride=2 lr=3e-03,1.0,0.003,Adam,0,5,512,64,2.3024947534158597,0.8984375,full_patch_and_classifier_activation,,,,,,,,,,,1,2.276254723173548,1.7960290538201074,1.26738190472588,3.184030936976718e-11,4.035383193611682e-11,16,5,2
0,MNISTPatchClassifier,MNIST patch filters=16 kernel=5 stride=2 lr=3e-03,1.0,0.003,Adam,0,5,512,64,2.3024947534158597,0.8984375,full_patch_and_classifier_activation,,,,,,,,,,,2,1.2119432963922092,1.0012212429220673,1.2104650245485693,2.5751460245225003e-05,3.1171241957897786e-05,16,5,2
1,MNISTPatchClassifier,MNIST patch filters=16 kernel=5 stride=2 lr=3e-03,1.0,0.003,Muon,0,5,512,64,2.302538329675965,0.921875,full_patch_and_classifier_activation,,,,,,,,,,,1,2.909143577894087,1.7960290538201074,1.619764207993414,3.071115588213783e-11,4.974483108399326e-11,16,5,2
1,MNISTPatchClassifier,MNIST patch filters=16 kernel=5 stride=2 lr=3e-03,1.0,0.003,Muon,0,5,512,64,2.302538329675965,0.921875,full_patch_and_classifier_activation,,,,,,,,,,,2,1.5706767070755199,1.006237476057382,1.5609403788355325,2.5672669018551036e-05,4.007350570353629e-05,16,5,2
2,MNISTPatchClassifier,MNIST patch filters=16 kernel=5 stride=2 lr=3e-03,1.0,0.003,Adam,1,0,512,64,2.3025953489123343,0.923828125,full_patch_and_classifier_activation,"[[0.010330444133321487,0.004543377847461898,0.003902901517695668,0.002773527923759565,0.0026708024402578843,0.0018597257518414418,0.001586182322535573,0.0014002915636588354,0.0010307723548839143,0.0007367339298890165,1.7435260431271666e-05,2.045487442267481e-07,1.14258504663578e-07,2.999550953961339e-08,2.3292769933246496e-08,1.2671735581990633e-08]]",16.0,5.701270061121401,1.564492079266745,0.3563293788200876,0.09778075495417156,0.27441115093555485,1.4793217456800458e-05,0.7404882530859399,0.0011448720778908781,1,3.1138918412646244,1.805163375210847,1.7249917010425249,1.5697559445593382e-11,2.707815977027028e-11,16,5,2
2,MNISTPatchClassifier,MNIST patch filters=16 kernel=5 stride=2 lr=3e-03,1.0,0.003,Adam,1,0,512,64,2.3025953489123343,0.923828125,full_patch_and_classifier_activation,"[[0.006880417952481708,0.003168148601665022,0.0021585457359813917,0.001722993978992629,0.0011365569740085068,0.0008621534148650097,6.052596621689322e-07,1.833613786179578e-07,1.4050266745754801e-07,4.2078952879481635e-08]]",10.0,3.785151684769757,1.4161428237106461,0.3785151684769757,0.1416142823710646,0.3741310630717266,1.0368089543001868e-05,0.7283061548683426,0.0012662818760525497,2,1.9500280874596427,1.0066066566262473,1.937229477495585,1.0063606864787677e-05,1.9495515868393615e-05,16,5,2
3,MNISTPatchClassifier,MNIST patch filters=16 kernel=5 stride=2 lr=3e-03,1.0,0.003,Muon,1,0,512,64,2.3025953489123343,0.923828125,full_patch_and_classifier_activation,"[[0.003000000000000002,0.0030000000000000014,0.0030000000000000014,0.003000000000000001,0.0030000000000000005,0.0030000000000000005,0.0030000000000000005,0.003,0.003,0.003,0.003,0.0029999999999999996,0.002999999999999999,0.0029999999999999988,0.0029999999999999988,0.0029999999999999983]]",16.0,15.999999999999996,15.999999999999986,0.9999999999999998,0.9999999999999991,0.9999999999999993,8.184870391632596e-06,0.4411555735554508,0.0006820725326360496,1,3.1138918412646244,1.805163375210847,1.7249917010425249,1.5697559445593382e-11,2.707815977027028e-11,16,5,2
3,MNISTPatchClassifier,MNIST patch filters=16 kernel=5 stride=2 lr=3e-03,1.0,0.003,Muon,1,0,512,64,2.3025953489123343,0.923828125,full_patch_and_classifier_activation,"[[0.003000000000000002,0.003000000000000002,0.0030000000000000014,0.0030000000000000014,0.0030000000000000014,0.0030000000000000014,0.003000000000000001,0.003000000000000001,0.0030000000000000005,0.0029999999999999996]]",10.0,9.999999999999998,9.999999999999996,0.9999999999999998,0.9999999999999997,0.9999999999999998,7.2838014524317905e-06,0.44159122358349034,0.0007677800871375679,2,1.9500280874596427,1.0066066566262473,1.937229477495585,1.0063606864787677e-05,1.9495515868393615e-05,16,5,2
2,MNISTPatchClassifier,MNIST patch filters=16 kernel=5 stride=2 lr=3e-03,1.0,0.003,Adam,1,1,512,64,2.3025797498388982,0.8984375,full_patch_and_classifier_activation,"[[0.010723592654273027,0.003770474409368284,0.003603620389236139,0.002431381178699069,0.0018618167095512798,0.0014677630603642502,0.0013174812678323601,0.0010881475671218478,0.0007301797236601279,0.00037439366561453603,0.00027028854919857885,0.00020752896730186982,0.0001438310812965323,0.00010008759371446045,3.070479553024158e-05,1.1763208544204713e-05]]",16.0,5.026112319379684,1.36937053326351,0.31413201996123025,0.08558565832896937,0.2724512398943993,2.1341769614844453e-05,0.6770559322893185,0.0017007075108227715,1,2.5107893900132914,1.805163375210847,1.390893159307548,4.143474973154515e-11,5.7631309959226406e-11,16,5,2
2,MNISTPatchClassifier,MNIST patch filters=16 kernel=5 stride=2 lr=3e-03,1.0,0.003,Adam,1,1,512,64,2.3025797498388982,0.8984375,full_patch_and_classifier_activation,"[[0.007289317201512271,0.003845277798644142,0.0022742703478579643,0.0007624620716585744,0.0007141880149697853,0.00031639894653716583,0.00025906031380152207,0.00020669402008347495,0.00014028277329257443,4.033650564684169e-05]]",10.0,3.3752241638765414,1.4005170128767421,0.3375224163876541,0.14005170128767422,0.41494044391653334,1.5021301089248301e-05,0.5991539632034337,0.001741311657512698,2,1.5528177182413752,1.0078761104182987,1.5406831278071562,3.225757269114005e-05,4.969869798925235e-05,16,5,2
3,MNISTPatchClassifier,MNIST patch filters=16 kernel=5 stride=2 lr=3e-03,1.0,0.003,Muon,1,1,512,64,2.30259034596428,0.923828125,full_patch_and_classifier_activation,"[[0.0030000000000000027,0.003000000000000002,0.0030000000000000014,0.0030000000000000014,0.003000000000000001,0.003000000000000001,0.003000000000000001,0.003000000000000001,0.0030000000000000005,0.0030000000000000005,0.0030000000000000005,0.003,0.003,0.0029999999999999996,0.002999999999999999,0.002999999999999999]]",16.0,15.999999999999996,15.999999999999982,0.9999999999999998,0.9999999999999989,0.9999999999999991,1.3022701433954961e-05,0.379872847190276,0.0010852251194962467,1,2.3088540805191484,1.805163375210847,1.2790277668077934,5.359419199759258e-11,6.854845970454895e-11,16,5,2
3,MNISTPatchClassifier,MNIST patch filters=16 kernel=5 stride=2 lr=3e-03,1.0,0.003,Muon,1,1,512,64,2.30259034596428,0.923828125,full_patch_and_classifier_activation,"[[0.003000000000000001,0.0030000000000000005,0.0030000000000000005,0.003,0.003,0.003,0.003,0.0029999999999999996,0.0029999999999999988,0.0029999999999999988]]",10.0,10.0,9.999999999999993,1.0,0.9999999999999993,0.9999999999999993,1.1367556998238143e-05,0.3899589911230691,0.0011982457182073065,2,1.5206801475772194,1.0069325227172232,1.5102105784344317,3.2375135687377384e-05,4.889327239332742e-05,16,5,2
2,MNISTPatchClassifier,MNIST patch filters=16 kernel=5 stride=2 lr=3e-03,1.0,0.003,Adam,1,2,512,64,2.3025373125737554,0.8984375,full_patch_and_classifier_activation,"[[0.011336124445959743,0.004059322394457458,0.0032143593727392552,0.0025285962809795544,0.0017015870284642265,0.0013000086122540234,0.0011911874179234296,0.0010115416103252228,0.0009450593955108098,0.0005159114495056359,0.00037115127868228543,0.0003272939811889756,0.00013451291849788508,7.608931379377549e-05,6.743971004720972e-05,2.084455778182797e-05]]",16.0,4.874466515301036,1.3242187440862245,0.3046541572063147,0.08276367150538903,0.2716643431500614,2.459840531593492e-05,0.6155152239656284,0.001885656067553188,1,2.2424290653556493,1.805163375210847,1.2422305350028104,6.163138445306379e-11,7.656038768209333e-11,16,5,2
2,MNISTPatchClassifier,MNIST patch filters=16 kernel=5 stride=2 lr=3e-03,1.0,0.003,Adam,1,2,512,64,2.3025373125737554,0.8984375,full_patch_and_classifier_activation,"[[0.007037256520941785,0.003456455260848051,0.0013918762669486262,0.0009637813030090749,0.0007221239846320512,0.000648779270793246,0.00038303569793093613,0.00029562124885993145,0.00013983736372260322,1.9277980616357618e-05]]",10.0,3.4600256976846744,1.3232779835648747,0.34600256976846744,0.13232779835648747,0.3824474438008842,1.3943258639875401e-05,0.5321624452822828,0.001722405318294801,2,1.5527811196265522,1.0068038005423707,1.5422877017250636,3.2211186391165096e-05,4.967891662906766e-05,16,5,2
3,MNISTPatchClassifier,MNIST patch filters=16 kernel=5 stride=2 lr=3e-03,1.0,0.003,Muon,1,2,512,64,2.302549616138123,0.923828125,full_patch_and_classifier_activation,"[[0.003,0.003,0.003,0.003,0.0029999999999999996,0.0029999999999999996,0.0029999999999999996,0.0029999999999999996,0.0029999999999999996,0.0029999999999999996,0.0029999999999999996,0.0029999999999999996,0.0029999999999999996,0.002999999999999999,0.0029999999999999983,0.0029999999999999983]]",16.0,16.0,15.999999999999996,1.0,0.9999999999999998,0.9999999999999998,1.3192624147645034e-05,0.3867512202379514,0.0010993853456370863,1,2.393224101688707,1.805163375210847,1.325765930415674,5.3062909379986825e-11,7.034899742472083e-11,16,5,2
3,MNISTPatchClassifier,MNIST patch filters=16 kernel=5 stride=2 lr=3e-03,1.0,0.003,Muon,1,2,512,64,2.302549616138123,0.923828125,full_patch_and_classifier_activation,"[[0.003000000000000003,0.003000000000000002,0.003000000000000001,0.0030000000000000005,0.0030000000000000005,0.0030000000000000005,0.0030000000000000005,0.0030000000000000005,0.0029999999999999996,0.0029999999999999996]]",10.0,9.999999999999996,9.999999999999986,0.9999999999999997,0.9999999999999986,0.9999999999999989,1.1596835431053044e-05,0.3945743694074901,0.0012224137870756055,2,1.5568893299331856,1.006753910580701,1.546444780169926,3.226498747603659e-05,4.9896021464564824e-05,16,5,2
2,MNISTPatchClassifier,MNIST patch filters=16 kernel=5 stride=2 lr=3e-03,1.0,0.003,Adam,1,3,512,64,2.3025537785076238,0.8984375,full_patch_and_classifier_activation,"[[0.011740922419526522,0.004156457938288981,0.002251348599392925,0.001790569803133757,0.0014903176533226437,0.001166687612282255,0.0009986859704622607,0.0008209265286719921,0.0005965208740194253,0.0004060174738677925,0.0003555005333311755,0.0002503985192060531,0.00010725120299144496,9.784792937437086e-05,7.013690618602712e-05,3.039361634367885e-05]]",16.0,4.092725690174431,1.2288082040367088,0.25579535563590194,0.0768005127522943,0.3002420140169075,1.564565379777298e-05,0.5722812953816724,0.0012021244949475469,1,2.9551392340475338,1.805163375210847,1.6370480781011676,2.8975727329730062e-11,4.743465873671808e-11,16,5,2
2,MNISTPatchClassifier,MNIST patch filters=16 kernel=5 stride=2 lr=3e-03,1.0,0.003,Adam,1,3,512,64,2.3025537785076238,0.8984375,full_patch_and_classifier_activation,"[[0.00726140041689391,0.003308607915959297,0.0016289792159496063,0.000907919627732098,0.0005645777696546058,0.0004824100530492556,0.0003615160262392193,0.00016343753632532402,9.903803226634946e-05,6.227629445297356e-05]]",10.0,3.2446342005019866,1.2872734810874171,0.3244634200501987,0.1287273481087417,0.39673917043969376,1.8066917912720747e-05,0.5132607370875452,0.002192947700206534,2,1.3907225383095478,1.0046423247519203,1.3842961858619323,3.7712836216815357e-05,5.220573533297324e-05,16,5,2
3,MNISTPatchClassifier,MNIST patch filters=16 kernel=5 stride=2 lr=3e-03,1.0,0.003,Muon,1,3,512,64,2.302565908888804,0.923828125,full_patch_and_classifier_activation,"[[0.003000000000000002,0.0030000000000000014,0.003000000000000001,0.003000000000000001,0.003000000000000001,0.0030000000000000005,0.0030000000000000005,0.003,0.003,0.003,0.003,0.003,0.0029999999999999996,0.0029999999999999996,0.002999999999999999,0.0029999999999999988]]",16.0,16.000000000000004,15.999999999999986,1.0000000000000002,0.9999999999999991,0.9999999999999989,1.2289842172197015e-05,0.4219153975302248,0.0010241535143497512,1,2.848201642769402,1.805163375210847,1.5778082371279698,3.86931355953975e-11,6.105034806272763e-11,16,5,2
3,MNISTPatchClassifier,MNIST patch filters=16 kernel=5 stride=2 lr=3e-03,1.0,0.003,Muon,1,3,512,64,2.302565908888804,0.923828125,full_patch_and_classifier_activation,"[[0.003000000000000001,0.0030000000000000005,0.003,0.003,0.003,0.003,0.0029999999999999996,0.0029999999999999988,0.0029999999999999988,0.0029999999999999983]]",10.0,10.000000000000002,9.999999999999991,1.0000000000000002,0.9999999999999991,0.9999999999999989,1.2772787744720216e-05,0.38148194197929086,0.0013463700447733729,2,1.4552847205629094,1.006572270054346,1.4457826465697659,3.825038350569603e-05,5.5301740697173726e-05,16,5,2
2,MNISTPatchClassifier,MNIST patch filters=16 kernel=5 stride=2 lr=3e-03,1.0,0.003,Adam,1,4,512,64,2.302479665597961,0.8984375,full_patch_and_classifier_activation,"[[0.011710048931578874,0.004117971608606143,0.0026472515223056646,0.0022813491278407725,0.0013604755168894864,0.0010810419294610797,0.0008947350822308512,0.0008599668450449089,0.0005199511463425115,0.00043521476848033445,0.0002855774358423028,0.00014309517320756777,9.070015503564004e-05,7.807263697602814e-05,6.523479395299385e-05,2.2865075655833268e-05]]",16.0,4.125254627571659,1.2502144339018764,0.25782841422322866,0.07813840211886727,0.30306357952934854,2.2600090385587822e-05,0.6909070239022527,0.0017260732096597063,1,1.977158813119881,1.805163375210847,1.0952797072392102,4.0985832816943706e-11,4.4890950968697314e-11,16,5,2
2,MNISTPatchClassifier,MNIST patch filters=16 kernel=5 stride=2 lr=3e-03,1.0,0.003,Adam,1,4,512,64,2.302479665597961,0.8984375,full_patch_and_classifier_activation,"[[0.007481614305580709,0.0034457573103902294,0.001575044273802517,0.0007149052638274583,0.000586525867442777,0.0005094949912824802,0.00029444170337680975,0.00019088472086831027,8.82320016657579e-05,6.391145993202585e-05]]",10.0,3.12283096641755,1.2787641331039858,0.312283096641755,0.1278764133103986,0.409488744941888,1.6565799735531347e-05,0.5366574942039601,0.0019580413904085807,2,1.4548048648758505,1.0031522512132551,1.4502333649915529,1.8456779731898478e-05,2.6766637777499013e-05,16,5,2
3,MNISTPatchClassifier,MNIST patch filters=16 kernel=5 stride=2 lr=3e-03,1.0,0.003,Muon,1,4,512,64,2.3025443571174677,0.8984375,full_patch_and_classifier_activation,"[[0.003000000000000001,0.003000000000000001,0.003000000000000001,0.0030000000000000005,0.003,0.003,0.003,0.003,0.003,0.003,0.003,0.0029999999999999996,0.0029999999999999988,0.0029999999999999988,0.0029999999999999988,0.0029999999999999983]]",16.0,16.0,15.999999999999988,1.0,0.9999999999999992,0.9999999999999992,9.605744129955963e-06,0.38842518472987436,0.0008004786774963303,1,2.4139859861189934,1.805163375210847,1.3372673184425952,2.7889410210820843e-11,3.729559680556992e-11,16,5,2
3,MNISTPatchClassifier,MNIST patch filters=16 kernel=5 stride=2 lr=3e-03,1.0,0.003,Muon,1,4,512,64,2.3025443571174677,0.8984375,full_patch_and_classifier_activation,"[[0.0030000000000000027,0.003000000000000002,0.003000000000000002,0.003000000000000001,0.0030000000000000005,0.0030000000000000005,0.003,0.0029999999999999996,0.0029999999999999988,0.0029999999999999983]]",10.0,10.000000000000002,9.999999999999986,1.0000000000000002,0.9999999999999986,0.9999999999999984,9.400624910257848e-06,0.40476500473358606,0.0009909128715110257,2,1.6383470905697999,1.0065649758565272,1.6276615319102112,1.7811516066929383e-05,2.899111952714162e-05,16,5,2
2,MNISTPatchClassifier,MNIST patch filters=16 kernel=5 stride=2 lr=3e-03,1.0,0.003,Adam,1,5,512,64,2.3024113300294675,0.8984375,full_patch_and_classifier_activation,,,,,,,,,,,1,1.7931385668332935,1.805163375210847,0.9933386592356779,1.016147241125158e-10,1.0093783380852976e-10,16,5,2
2,MNISTPatchClassifier,MNIST patch filters=16 kernel=5 stride=2 lr=3e-03,1.0,0.003,Adam,1,5,512,64,2.3024113300294675,0.8984375,full_patch_and_classifier_activation,,,,,,,,,,,2,1.3477658639905807,1.0023176837203494,1.344649391985199,3.4305703291737176e-05,4.612914307285903e-05,16,5,2
3,MNISTPatchClassifier,MNIST patch filters=16 kernel=5 stride=2 lr=3e-03,1.0,0.003,Muon,1,5,512,64,2.302488440051152,0.8984375,full_patch_and_classifier_activation,,,,,,,,,,,1,2.1124493960179143,1.805163375210847,1.1702261551651387,6.405384509143612e-11,7.495748486489469e-11,16,5,2
3,MNISTPatchClassifier,MNIST patch filters=16 kernel=5 stride=2 lr=3e-03,1.0,0.003,Muon,1,5,512,64,2.302488440051152,0.8984375,full_patch_and_classifier_activation,,,,,,,,,,,2,1.5518697366562635,1.006006944914265,1.5426034029899451,3.4870848319220185e-05,5.3791889282375264e-05,16,5,2
4,MNISTPatchClassifier,MNIST patch filters=16 kernel=5 stride=2 lr=3e-03,1.0,0.003,Adam,2,0,512,64,2.302593098266341,0.900390625,full_patch_and_classifier_activation,"[[0.010979918785502528,0.004025896611472711,0.003497103115619974,0.0027670051368565733,0.0020216915816624274,0.0017618301771029543,0.0012730251782844023,0.0009634489199913793,2.6645443125604756e-05,6.338201661732085e-07,4.006772116887727e-07,9.507276853050315e-08,6.823802023336423e-08,4.195911170754609e-08,3.837903961786735e-08,2.6889250452755393e-08]]",16.0,4.484951598041046,1.3801861068223005,0.28030947487756536,0.08626163167639378,0.30773712416988924,2.504921206803256e-05,0.7237429840336818,0.001941896665591579,1,2.9997482170096363,1.827194742482911,1.6417233189568965,4.845268172541172e-11,7.954589745460508e-11,16,5,2
4,MNISTPatchClassifier,MNIST patch filters=16 kernel=5 stride=2 lr=3e-03,1.0,0.003,Adam,2,0,512,64,2.302593098266341,0.900390625,full_patch_and_classifier_activation,"[[0.007658699731657881,0.002357709419569857,0.001664042098596869,0.0007894030739016754,1.941018090073277e-06,1.3957749525966428e-07,7.150737890582037e-08,2.8834927973970595e-08,1.2602700697471297e-08,5.140954511854954e-09]]",10.0,2.300839556906111,1.1526022812831482,0.23008395569061107,0.11526022812831482,0.5009485680231557,1.598850983608807e-05,0.6275358405417593,0.0019445235543505985,2,1.3970781241329358,1.0103818915180027,1.3827228455509617,4.828902129602197e-05,6.67703329353065e-05,16,5,2
5,MNISTPatchClassifier,MNIST patch filters=16 kernel=5 stride=2 lr=3e-03,1.0,0.003,Muon,2,0,512,64,2.302593098266341,0.900390625,full_patch_and_classifier_activation,"[[0.0030000000000000014,0.0030000000000000014,0.0030000000000000014,0.003000000000000001,0.003000000000000001,0.0030000000000000005,0.0030000000000000005,0.0030000000000000005,0.0030000000000000005,0.0030000000000000005,0.0029999999999999996,0.0029999999999999996,0.0029999999999999996,0.002999999999999999,0.002999999999999999,0.002999999999999999]]",16.0,15.999999999999996,15.999999999999988,0.9999999999999998,0.9999999999999992,0.9999999999999994,1.3941368477200491e-05,0.4329945306387859,0.0011617807064333745,1,2.9997482170096363,1.827194742482911,1.6417233189568965,4.845268172541172e-11,7.954589745460508e-11,16,5,2
5,MNISTPatchClassifier,MNIST patch filters=16 kernel=5 stride=2 lr=3e-03,1.0,0.003,Muon,2,0,512,64,2.302593098266341,0.900390625,full_patch_and_classifier_activation,"[[0.0030000000000000014,0.0030000000000000005,0.0030000000000000005,0.0029999999999999996,0.002999999999999999,0.002999999999999999,0.002999999999999999,0.002999999999999999,0.0029999999999999983,0.0029999999999999983]]",10.0,10.000000000000004,9.999999999999986,1.0000000000000004,0.9999999999999986,0.9999999999999982,1.0987686871188035e-05,0.37377508265438686,0.0011582038909894441,2,1.3970781241329358,1.0103818915180027,1.3827228455509617,4.828902129602197e-05,6.67703329353065e-05,16,5,2
4,MNISTPatchClassifier,MNIST patch filters=16 kernel=5 stride=2 lr=3e-03,1.0,0.003,Adam,2,1,512,64,2.302560814908263,0.90234375,full_patch_and_classifier_activation,"[[0.011893246659331799,0.003432045388239405,0.002312469131944677,0.0017078239785064077,0.0015961738476452923,0.0012918265179305203,0.0011877445752907331,0.0008227196607169699,0.0006008122366222257,0.000549772341758622,0.0003217545732359372,0.00016443400548787554,5.7480391094941024e-05,3.122742553308677e-05,2.2965345261618054e-05,1.8001184622008154e-05]]",16.0,4.012834324333785,1.1919148438466116,0.2508021452708616,0.07449467774041323,0.2970256799835599,3.152297930751121e-05,0.7672641950577528,0.0024277514193125284,1,2.4026602485439374,1.827194742482911,1.3149448127674923,6.73833952219275e-11,8.860544601373539e-11,16,5,2
4,MNISTPatchClassifier,MNIST patch filters=16 kernel=5 stride=2 lr=3e-03,1.0,0.003,Adam,2,1,512,64,2.302560814908263,0.90234375,full_patch_and_classifier_activation,"[[0.0075616145413004866,0.0020129858800976676,0.0014741343834490967,0.000904598360525524,0.000337300585064904,0.00022447356200385417,0.0001331086173246083,7.32885378870141e-05,4.598298247957739e-05,2.988849414065244e-05]]",10.0,2.5425923229190164,1.126512603314038,0.2542592322919016,0.1126512603314038,0.443056715447307,1.3791293175927214e-05,0.5825454686481062,0.0017183927362499078,2,1.54964995419845,1.0089798089323199,1.5358582406502816,3.8111350841656096e-05,5.8533632252471566e-05,16,5,2
5,MNISTPatchClassifier,MNIST patch filters=16 kernel=5 stride=2 lr=3e-03,1.0,0.003,Muon,2,1,512,64,2.3025720315729368,0.900390625,full_patch_and_classifier_activation,"[[0.0030000000000000022,0.003000000000000002,0.0030000000000000014,0.003000000000000001,0.003000000000000001,0.003000000000000001,0.0030000000000000005,0.0030000000000000005,0.003,0.0029999999999999996,0.0029999999999999996,0.0029999999999999996,0.002999999999999999,0.002999999999999999,0.002999999999999999,0.0029999999999999983]]",16.0,15.999999999999996,15.999999999999979,0.9999999999999998,0.9999999999999987,0.9999999999999989,1.4562654702353238e-05,0.39688621985311623,0.0012135545585294364,1,2.520298744148737,1.827194742482911,1.379326836680797,6.29246620852959e-11,8.679367510331927e-11,16,5,2
5,MNISTPatchClassifier,MNIST patch filters=16 kernel=5 stride=2 lr=3e-03,1.0,0.003,Muon,2,1,512,64,2.3025720315729368,0.900390625,full_patch_and_classifier_activation,"[[0.0030000000000000014,0.0030000000000000005,0.0030000000000000005,0.0029999999999999996,0.0029999999999999996,0.0029999999999999996,0.002999999999999999,0.002999999999999999,0.002999999999999999,0.002999999999999999]]",10.0,10.0,9.99999999999999,1.0,0.9999999999999989,0.9999999999999989,1.0578088782425276e-05,0.40087648926531977,0.0011150284614647062,2,1.6070195964568805,1.010512276692749,1.5903019028293333,3.823938993005859e-05,6.081217456880502e-05,16,5,2
4,MNISTPatchClassifier,MNIST patch filters=16 kernel=5 stride=2 lr=3e-03,1.0,0.003,Adam,2,2,512,64,2.3025990335967954,0.876953125,full_patch_and_classifier_activation,"[[0.011157930139235427,0.004926926214847818,0.0030574731763444167,0.0019708096385433866,0.0014526739507916707,0.001285911254291108,0.00092648747317409,0.0006364041916094406,0.0005126799582316813,0.00033808860287270397,0.00022763932707187123,0.0001964660057317357,0.00010226152275406576,6.603326336671752e-05,5.889696775034551e-05,3.907218378929112e-05]]",16.0,4.337446544323229,1.3455553058737408,0.2710904090202018,0.0840972066171088,0.31021830289407926,1.4053416907258662e-05,0.3616123670801635,0.0010857941956311807,1,2.4478945757638484,1.827194742482911,1.339700973765659,6.06796129801889e-11,8.12925365972824e-11,16,5,2
4,MNISTPatchClassifier,MNIST patch filters=16 kernel=5 stride=2 lr=3e-03,1.0,0.003,Adam,2,2,512,64,2.3025990335967954,0.876953125,full_patch_and_classifier_activation,"[[0.00787005828455884,0.0016628185680518295,0.0012087852201322948,0.0008462306162299822,0.0005028933392691471,0.00041534884696657555,0.00021543915196574275,0.00014746073730566338,9.196031617924895e-05,5.502501240079182e-05]]",10.0,2.514157472668691,1.0879477725776614,0.2514157472668691,0.10879477725776614,0.4327285718594399,1.3487246211161618e-05,0.4552357378210359,0.0016430141863314938,2,1.3607707686409989,1.0052904161315368,1.3536096105216917,3.78494845733408e-05,5.123342607176661e-05,16,5,2
5,MNISTPatchClassifier,MNIST patch filters=16 kernel=5 stride=2 lr=3e-03,1.0,0.003,Muon,2,2,512,64,2.3025853257273092,0.884765625,full_patch_and_classifier_activation,"[[0.003,0.003,0.0029999999999999996,0.0029999999999999996,0.0029999999999999996,0.0029999999999999996,0.0029999999999999996,0.002999999999999999,0.002999999999999999,0.002999999999999999,0.002999999999999999,0.0029999999999999983,0.0029999999999999983,0.0029999999999999983,0.0029999999999999983,0.002999999999999997]]",16.0,16.0,15.999999999999991,1.0,0.9999999999999994,0.9999999999999994,1.3875910256589124e-05,0.4288410589931073,0.0011563258547157606,1,2.942474462053276,1.827194742482911,1.6103781352035036,4.893302602926411e-11,7.880067520687082e-11,16,5,2
5,MNISTPatchClassifier,MNIST patch filters=16 kernel=5 stride=2 lr=3e-03,1.0,0.003,Muon,2,2,512,64,2.3025853257273092,0.884765625,full_patch_and_classifier_activation,"[[0.0030000000000000027,0.0030000000000000022,0.003000000000000002,0.0030000000000000014,0.0030000000000000014,0.0030000000000000014,0.0030000000000000014,0.003000000000000001,0.003000000000000001,0.0030000000000000005]]",10.0,10.000000000000002,9.999999999999993,1.0000000000000002,0.9999999999999993,0.9999999999999991,1.0772573550931446e-05,0.39278319918644367,0.0011355289560877082,2,1.5427864156313764,1.010029380865316,1.5274668686465684,3.8012095074170035e-05,5.8062215833638153e-05,16,5,2
4,MNISTPatchClassifier,MNIST patch filters=16 kernel=5 stride=2 lr=3e-03,1.0,0.003,Adam,2,3,512,64,2.3024998709489233,0.888671875,full_patch_and_classifier_activation,"[[0.0116756271454609,0.004183175765001983,0.003007621050483827,0.0021373212771469943,0.00143599349283869,0.0010908430635869332,0.000725770392181805,0.00046037881851194285,0.0003965085311345141,0.0003181480973012862,0.0002362332652158692,0.00015174478340162345,0.00012294759484506872,9.612837148213958e-05,4.1335397828180476e-05,3.726293215661801e-05]]",16.0,3.97057681049391,1.2601837371754672,0.24816105065586938,0.0787614835734667,0.31738052109832116,3.336249692305211e-05,0.6411408392718208,0.0025454313801778336,1,2.1170111949741424,1.827194742482911,1.1586127880914379,1.0608408267383664e-10,1.2291037479885646e-10,16,5,2
4,MNISTPatchClassifier,MNIST patch filters=16 kernel=5 stride=2 lr=3e-03,1.0,0.003,Adam,2,3,512,64,2.3024998709489233,0.888671875,full_patch_and_classifier_activation,"[[0.007595236322606836,0.001684738801643021,0.001114856898204934,0.0009792442418892495,0.0006390357076027378,0.00019778002770862356,0.00018252348595700858,0.00016269573144114867,7.684733243682737e-05,6.840283777932828e-05]]",10.0,2.5507621913099623,1.0963468986846956,0.2550762191309962,0.10963468986846955,0.42981149023604537,1.7964480691363697e-05,0.49447372731672873,0.002258912350101567,2,1.2149225500093581,1.0031758455108084,1.2110763585926754,4.542892804164597e-05,5.501790074744528e-05,16,5,2
5,MNISTPatchClassifier,MNIST patch filters=16 kernel=5 stride=2 lr=3e-03,1.0,0.003,Muon,2,3,512,64,2.3025751588176693,0.90234375,full_patch_and_classifier_activation,"[[0.0030000000000000014,0.003000000000000001,0.0030000000000000005,0.0030000000000000005,0.0030000000000000005,0.0030000000000000005,0.0030000000000000005,0.0029999999999999996,0.0029999999999999996,0.0029999999999999996,0.0029999999999999996,0.0029999999999999996,0.0029999999999999996,0.002999999999999999,0.002999999999999998,0.002999999999999997]]",16.0,16.0,15.999999999999982,1.0,0.9999999999999989,0.9999999999999989,1.842727170855489e-05,0.39417680707449354,0.0015356059757129078,1,2.4860056837670785,1.827194742482911,1.3605586892117107,1.0214374406894477e-10,1.3897255854161993e-10,16,5,2
5,MNISTPatchClassifier,MNIST patch filters=16 kernel=5 stride=2 lr=3e-03,1.0,0.003,Muon,2,3,512,64,2.3025751588176693,0.90234375,full_patch_and_classifier_activation,"[[0.003,0.0029999999999999996,0.0029999999999999996,0.0029999999999999996,0.002999999999999999,0.002999999999999999,0.0029999999999999983,0.0029999999999999983,0.0029999999999999983,0.0029999999999999966]]",10.0,10.000000000000002,9.999999999999991,1.0000000000000002,0.9999999999999991,0.9999999999999989,1.13963282767163e-05,0.37983097422298345,0.001201278477246839,2,1.442715689791807,1.0103214066006707,1.4279769589817668,4.6713229622428004e-05,6.670541558045173e-05,16,5,2
4,MNISTPatchClassifier,MNIST patch filters=16 kernel=5 stride=2 lr=3e-03,1.0,0.003,Adam,2,4,512,64,2.30252620959787,0.888671875,full_patch_and_classifier_activation,"[[0.011664278534951002,0.004358716993444641,0.002975740375763136,0.0023240919687966656,0.0012788649965649003,0.000997549410403113,0.0006186660107830473,0.0005137102985223592,0.0003479554617646757,0.00031119572194144885,0.00024423398416089563,0.00013279989275811178,0.00010599369446001521,9.649987529114764e-05,4.79199608928447e-05,2.947596761154103e-05]]",16.0,3.923986098985867,1.2708529766016192,0.24524913118661668,0.0794283110376012,0.3238678589942162,2.6074367421972636e-05,0.7687504238215196,0.0019829339298718814,1,2.1377398133785643,1.827194742482911,1.1699572922772667,4.477958579259463e-11,5.2390202943201585e-11,16,5,2
4,MNISTPatchClassifier,MNIST patch filters=16 kernel=5 stride=2 lr=3e-03,1.0,0.003,Adam,2,4,512,64,2.30252620959787,0.888671875,full_patch_and_classifier_activation,"[[0.0074940237667284705,0.0020397807551659963,0.0015376130876514145,0.0008489625070534043,0.000603458636570129,0.0001904333171858148,0.00014322844529016053,0.00011693250197799529,7.830287036275814e-05,5.065150498243812e-05]]",10.0,2.689120948347267,1.1369115894276645,0.26891209483472667,0.11369115894276645,0.4227818723164572,2.24261928680041e-05,0.5923206162238873,0.002806578150899247,2,1.2016464541473546,1.0018516092178085,1.1994255866749919,3.411969411917937e-05,4.092403413606799e-05,16,5,2
5,MNISTPatchClassifier,MNIST patch filters=16 kernel=5 stride=2 lr=3e-03,1.0,0.003,Muon,2,4,512,64,2.302578163058896,0.888671875,full_patch_and_classifier_activation,"[[0.003,0.0029999999999999996,0.0029999999999999996,0.0029999999999999996,0.0029999999999999996,0.0029999999999999996,0.0029999999999999996,0.002999999999999999,0.002999999999999999,0.0029999999999999983,0.0029999999999999983,0.0029999999999999983,0.0029999999999999983,0.0029999999999999983,0.002999999999999998,0.002999999999999998]]",16.0,16.0,15.999999999999991,1.0,0.9999999999999994,0.9999999999999994,1.1808987616111687e-05,0.4453751907344648,0.0009840823013426408,1,3.173744968348172,1.827194742482911,1.7369494857649825,3.285830223539228e-11,5.7073211170875e-11,16,5,2
5,MNISTPatchClassifier,MNIST patch filters=16 kernel=5 stride=2 lr=3e-03,1.0,0.003,Muon,2,4,512,64,2.302578163058896,0.888671875,full_patch_and_classifier_activation,"[[0.0030000000000000022,0.0030000000000000014,0.0030000000000000014,0.0030000000000000014,0.003000000000000001,0.0030000000000000005,0.0030000000000000005,0.0029999999999999996,0.002999999999999999,0.0029999999999999988]]",10.0,10.0,9.999999999999988,1.0,0.9999999999999988,0.9999999999999988,1.0391629976825967e-05,0.3859784327680577,0.0010953739776150934,2,1.4897935056208595,1.0104617637340578,1.474369005429241,3.639409528596897e-05,5.36583260702711e-05,16,5,2
4,MNISTPatchClassifier,MNIST patch filters=16 kernel=5 stride=2 lr=3e-03,1.0,0.003,Adam,2,5,512,64,2.3025333934995786,0.888671875,full_patch_and_classifier_activation,,,,,,,,,,,1,2.1006568516325044,1.827194742482911,1.1496622679517978,5.719567963862802e-11,6.575571477038954e-11,16,5,2
4,MNISTPatchClassifier,MNIST patch filters=16 kernel=5 stride=2 lr=3e-03,1.0,0.003,Adam,2,5,512,64,2.3025333934995786,0.888671875,full_patch_and_classifier_activation,,,,,,,,,,,2,1.2728410321457178,1.0012243705675958,1.2712845088100901,1.9051881147522424e-05,2.4220361366536262e-05,16,5,2
5,MNISTPatchClassifier,MNIST patch filters=16 kernel=5 stride=2 lr=3e-03,1.0,0.003,Muon,2,5,512,64,2.302547564955079,0.888671875,full_patch_and_classifier_activation,,,,,,,,,,,1,3.5944935425564504,1.827194742482911,1.9672197270401617,2.5348002340264547e-11,4.9865090244828595e-11,16,5,2
5,MNISTPatchClassifier,MNIST patch filters=16 kernel=5 stride=2 lr=3e-03,1.0,0.003,Muon,2,5,512,64,2.302547564955079,0.888671875,full_patch_and_classifier_activation,,,,,,,,,,,2,1.9055639129822781,1.0104902646338445,1.885781565320441,1.9584173687753972e-05,3.6931473712400086e-05,16,5,2
6,MNISTPatchClassifier,MNIST patch filters=16 kernel=5 stride=2 lr=1e-02,1.0,0.01,Adam,0,0,512,64,2.302608185233685,0.921875,full_patch_and_classifier_activation,"[[0.041322222358091604,0.010117408067626472,0.005604617687644507,0.0039466859232151754,1.7613129445701378e-06,1.0891196158835231e-06,1.0023207502664872e-06,5.127609567650237e-07,4.268320521303617e-07,3.4159408993067034e-07,1.637383725882096e-07,8.606606502589525e-08,5.28083067434591e-08,4.408156252577639e-08,2.6014111130196276e-08,1.8357884321688602e-08]]",16.0,2.003670601640037,1.087465734519657,0.1252294126025023,0.06796660840747856,0.542736781998772,0.00010065970974092417,0.8266943982765416,0.002335953603851087,1,2.5271779121983564,1.7960290538201074,1.4070918879753722,5.109281426330307e-11,7.189228448372615e-11,16,5,2
6,MNISTPatchClassifier,MNIST patch filters=16 kernel=5 stride=2 lr=1e-02,1.0,0.01,Adam,0,0,512,64,2.302608185233685,0.921875,full_patch_and_classifier_activation,"[[0.025685562982440374,0.007436402555274436,0.005298649411228117,1.6297751709771615e-06,1.1371946106698337e-06,2.1079281604064834e-07,1.2732280609092286e-07,5.317947735403545e-08,2.474064878870244e-08,3.6549293207437476e-09]]",10.0,1.9867326212898295,1.1263751525501695,0.19867326212898295,0.11263751525501695,0.5669485367481923,8.232587010009902e-05,0.7494271562678719,0.0030199914232107335,2,1.3966957367632409,1.0061508276459015,1.3881574197291078,3.7880063855036964e-05,5.2583491700181955e-05,16,5,2
7,MNISTPatchClassifier,MNIST patch filters=16 kernel=5 stride=2 lr=1e-02,1.0,0.01,Muon,0,0,512,64,2.302608185233685,0.921875,full_patch_and_classifier_activation,"[[0.010000000000000009,0.010000000000000005,0.010000000000000004,0.010000000000000004,0.010000000000000004,0.010000000000000004,0.010000000000000004,0.010000000000000002,0.010000000000000002,0.010000000000000002,0.010000000000000002,0.010000000000000002,0.010000000000000002,0.010000000000000002,0.009999999999999998,0.009999999999999997]]",16.0,16.0,15.999999999999979,1.0,0.9999999999999987,0.9999999999999987,4.491972888607933e-05,0.3974275022093931,0.0011229932221519824,1,2.5271779121983564,1.7960290538201074,1.4070918879753722,5.109281426330307e-11,7.189228448372615e-11,16,5,2
7,MNISTPatchClassifier,MNIST patch filters=16 kernel=5 stride=2 lr=1e-02,1.0,0.01,Muon,0,0,512,64,2.302608185233685,0.921875,full_patch_and_classifier_activation,"[[0.010000000000000002,0.010000000000000002,0.010000000000000002,0.010000000000000002,0.01,0.01,0.01,0.01,0.009999999999999998,0.009999999999999997]]",10.0,10.000000000000002,9.999999999999996,1.0000000000000002,0.9999999999999997,0.9999999999999994,4.7624144488663604e-05,0.3737239270856554,0.0015060076820113198,2,1.3966957367632409,1.0061508276459015,1.3881574197291078,3.7880063855036964e-05,5.2583491700181955e-05,16,5,2
6,MNISTPatchClassifier,MNIST patch filters=16 kernel=5 stride=2 lr=1e-02,1.0,0.01,Adam,0,1,512,64,2.302480476214223,0.884765625,full_patch_and_classifier_activation,"[[0.0435620263982501,0.003966511819217341,0.0034403512188912796,0.002478657612130892,0.001500814493415516,0.0012522662173802535,0.0009123698481668895,0.0007800257704141482,0.0005433683460896256,0.00036887346583127777,0.0003402945103952289,0.00029683914822090926,0.00024278680073799356,0.00017581104624575907,9.166099140896366e-05,3.569015341902058e-05]]",16.0,1.8574777402798166,1.0209254646215544,0.11609235876748854,0.06380784153884715,0.549629986127187,0.0001107082158918465,0.6719408809192337,0.0025152129471765878,1,1.97891747895352,1.7960290538201074,1.101829324388942,8.9662073962209e-11,9.87923023770921e-11,16,5,2
6,MNISTPatchClassifier,MNIST patch filters=16 kernel=5 stride=2 lr=1e-02,1.0,0.01,Adam,0,1,512,64,2.302480476214223,0.884765625,full_patch_and_classifier_activation,"[[0.025023815659930917,0.007547805950865682,0.004609265508500961,0.0032356477707324587,0.0008006788563396295,0.0006260414097842378,0.000361309416386954,0.00025988938327883165,0.00022076241173782789,9.733261278775086e-05]]",10.0,2.5557616707206026,1.1436836053603416,0.25557616707206027,0.11436836053603416,0.4474922753802304,7.833382447737501e-05,0.5568309329954398,0.0029271356604716353,2,1.2480334865822518,1.0026749334145837,1.2447039862980376,3.443649793432244e-05,4.2863246252995276e-05,16,5,2
7,MNISTPatchClassifier,MNIST patch filters=16 kernel=5 stride=2 lr=1e-02,1.0,0.01,Muon,0,1,512,64,2.3025390651619517,0.921875,full_patch_and_classifier_activation,"[[0.010000000000000005,0.010000000000000004,0.010000000000000002,0.010000000000000002,0.010000000000000002,0.010000000000000002,0.010000000000000002,0.010000000000000002,0.010000000000000002,0.010000000000000002,0.010000000000000002,0.01,0.009999999999999998,0.009999999999999998,0.009999999999999998,0.009999999999999995]]",16.0,15.999999999999998,15.999999999999984,0.9999999999999999,0.999999999999999,0.9999999999999991,5.4653539328819865e-05,0.3494618933175726,0.0013663384832204965,1,1.9539778380976407,1.7960290538201074,1.0879433347370302,9.782240574410561e-11,1.0642523431724107e-10,16,5,2
7,MNISTPatchClassifier,MNIST patch filters=16 kernel=5 stride=2 lr=1e-02,1.0,0.01,Muon,0,1,512,64,2.3025390651619517,0.921875,full_patch_and_classifier_activation,"[[0.010000000000000005,0.010000000000000002,0.010000000000000002,0.01,0.01,0.01,0.01,0.009999999999999998,0.009999999999999998,0.009999999999999995]]",10.0,9.999999999999998,9.99999999999999,0.9999999999999998,0.9999999999999989,0.9999999999999991,4.649537270122802e-05,0.3797795130368144,0.001470312783942961,2,1.4423247852247982,1.0057408272667652,1.434091911277489,3.423465570521947e-05,4.909564283222499e-05,16,5,2
6,MNISTPatchClassifier,MNIST patch filters=16 kernel=5 stride=2 lr=1e-02,1.0,0.01,Adam,0,2,512,64,2.3024233067818396,0.884765625,full_patch_and_classifier_activation,"[[0.04437703604459659,0.004640312545709131,0.0030483895515499774,0.0019648583351192478,0.0014621678738786898,0.0008268905344399322,0.0007286577853679658,0.0005883768102035354,0.0005112734656956553,0.0004228611119606615,0.00039442355636519163,0.00029764387858421503,0.0002192884044920387,0.00014911168899314634,0.00010945826150700512,2.872542259254705e-05]]",16.0,1.778659361018867,1.0198810428966572,0.11116621006367919,0.06374256518104107,0.5733987435977849,9.593302088710325e-05,0.6165410804430129,0.0021405977693282822,1,1.5866373631060688,1.7960290538201074,0.8834140849399581,7.713784253604033e-11,6.814465657821864e-11,16,5,2
6,MNISTPatchClassifier,MNIST patch filters=16 kernel=5 stride=2 lr=1e-02,1.0,0.01,Adam,0,2,512,64,2.3024233067818396,0.884765625,full_patch_and_classifier_activation,"[[0.025953451008713914,0.00681424393910714,0.004409663090193356,0.0025815048209987383,0.002176464577523315,0.0008249937774333652,0.0006435922068652796,0.0003960446278797825,0.00033658548358899494,0.00024855705564767153]]",10.0,2.6187253192834197,1.1168484403144523,0.261872531928342,0.11168484403144523,0.4264855241175365,0.00011405826421544303,0.5057662122794996,0.004158479100890218,2,1.1231298236106648,1.000617966304318,1.1224361958628748,3.2834617060939134e-05,3.685476266649476e-05,16,5,2
7,MNISTPatchClassifier,MNIST patch filters=16 kernel=5 stride=2 lr=1e-02,1.0,0.01,Muon,0,2,512,64,2.3025703720046935,0.884765625,full_patch_and_classifier_activation,"[[0.010000000000000002,0.010000000000000002,0.01,0.01,0.01,0.01,0.009999999999999998,0.009999999999999998,0.009999999999999998,0.009999999999999998,0.009999999999999998,0.009999999999999998,0.009999999999999997,0.009999999999999997,0.009999999999999995,0.009999999999999995]]",16.0,16.0,15.999999999999988,1.0,0.9999999999999992,0.9999999999999992,5.0158876588024596e-05,0.3761767155600574,0.0012539719147006154,1,2.2641427412728357,1.7960290538201074,1.2606381486185108,7.110713620517822e-11,8.964036853926014e-11,16,5,2
7,MNISTPatchClassifier,MNIST patch filters=16 kernel=5 stride=2 lr=1e-02,1.0,0.01,Muon,0,2,512,64,2.3025703720046935,0.884765625,full_patch_and_classifier_activation,"[[0.010000000000000002,0.010000000000000002,0.010000000000000002,0.009999999999999998,0.009999999999999998,0.009999999999999998,0.009999999999999998,0.009999999999999998,0.009999999999999998,0.009999999999999995]]",10.0,10.0,9.999999999999993,1.0,0.9999999999999993,0.9999999999999993,5.066254345636145e-05,0.3721851025315214,0.0016020902937936153,2,1.3852175054639908,1.0046695947639768,1.3787791654921284,3.266933012216389e-05,4.504379172302398e-05,16,5,2
6,MNISTPatchClassifier,MNIST patch filters=16 kernel=5 stride=2 lr=1e-02,1.0,0.01,Adam,0,3,512,64,2.302149761698988,0.8984375,full_patch_and_classifier_activation,"[[0.048685758176005955,0.0031127849899987687,0.0026429095686497962,0.0023726200170830045,0.0013438412970818165,0.000911802936424905,0.0007416295456577481,0.0006573011175611444,0.0005405067747456814,0.0003338203114102767,0.00029886764431650187,0.0001941038471975624,0.0001791588259340035,0.00012941536088532276,5.7788470193478644e-05,1.852734476879491e-05]]",16.0,1.6152442989452989,1.0111826169409017,0.10095276868408118,0.06319891355880636,0.6260245695348812,0.00018244311285598418,0.7988519652303961,0.0037265824849122427,1,1.3416135051984983,1.7960290538201074,0.7469887540766231,1.3925482447942967e-10,1.0402178783704801e-10,16,5,2
6,MNISTPatchClassifier,MNIST patch filters=16 kernel=5 stride=2 lr=1e-02,1.0,0.01,Adam,0,3,512,64,2.302149761698988,0.8984375,full_patch_and_classifier_activation,"[[0.023702076182972914,0.00971913663060271,0.0044992847812750135,0.002428204677434157,0.002031909455809534,0.0012967149844894563,0.000843711222222036,0.000474847621039212,0.0002959534141802599,0.00013267760065835838]]",10.0,2.9937024264456906,1.226871899275912,0.2993702426445691,0.1226871899275912,0.4098175852208967,0.00017049987591369835,0.5554461341428579,0.006494385553388355,2,1.0789061959702082,1.0001829471328454,1.0787088492790577,3.0672546090821225e-05,3.308674689808862e-05,16,5,2
7,MNISTPatchClassifier,MNIST patch filters=16 kernel=5 stride=2 lr=1e-02,1.0,0.01,Muon,0,3,512,64,2.3024513249700647,0.884765625,full_patch_and_classifier_activation,"[[0.010000000000000005,0.010000000000000005,0.010000000000000005,0.010000000000000004,0.010000000000000004,0.010000000000000004,0.010000000000000002,0.010000000000000002,0.010000000000000002,0.010000000000000002,0.01,0.01,0.01,0.009999999999999998,0.009999999999999997,0.009999999999999997]]",16.0,16.0,15.99999999999999,1.0,0.9999999999999993,0.9999999999999993,5.24591391467588e-05,0.4025928996523488,0.0013114784786689697,1,2.593296685607782,1.7960290538201074,1.4439057542481883,6.790652446274648e-11,9.8050621422755e-11,16,5,2
7,MNISTPatchClassifier,MNIST patch filters=16 kernel=5 stride=2 lr=1e-02,1.0,0.01,Muon,0,3,512,64,2.3024513249700647,0.884765625,full_patch_and_classifier_activation,"[[0.010000000000000005,0.010000000000000002,0.010000000000000002,0.010000000000000002,0.01,0.01,0.01,0.009999999999999998,0.009999999999999998,0.009999999999999998]]",10.0,9.999999999999998,9.99999999999999,0.9999999999999998,0.9999999999999989,0.9999999999999991,5.578874813228953e-05,0.3879669393964645,0.0017641951190749956,2,1.5051834606465995,1.0051362068128378,1.4974920318703369,3.1570213666125074e-05,4.727614340946631e-05,16,5,2
6,MNISTPatchClassifier,MNIST patch filters=16 kernel=5 stride=2 lr=1e-02,1.0,0.01,Adam,0,4,512,64,2.3018396388434867,0.8984375,full_patch_and_classifier_activation,"[[0.05051911891692706,0.0033759029146425345,0.0025128169841578175,0.0014149313127314884,0.0012922972945913936,0.0009063478174967498,0.0007787563345254118,0.0005393082438527978,0.000436688963023362,0.00035135993873238483,0.00031452362011874117,0.00020472807573725395,0.00016130619290145013,6.19110480805321e-05,3.061707390087338e-05,2.0229007582789227e-05]]",16.0,1.53702913357649,1.0092422909409315,0.09606432084853063,0.06307764318380822,0.6566188427362731,0.0002816469006757838,0.7660638181276356,0.0055494697513927,1,1.1802319371919578,1.7960290538201074,0.65713410074388,3.3581064958398326e-10,2.2067262923458903e-10,16,5,2
6,MNISTPatchClassifier,MNIST patch filters=16 kernel=5 stride=2 lr=1e-02,1.0,0.01,Adam,0,4,512,64,2.3018396388434867,0.8984375,full_patch_and_classifier_activation,"[[0.024728851516383835,0.010178681183955027,0.00453806973909168,0.0022439884117908906,0.0017418757389918121,0.001257184839190794,0.0009621128689518072,0.0004151494865230065,0.0002725707317568316,9.774878486673867e-05]]",10.0,2.8883937675918134,1.2208144918721386,0.28883937675918137,0.12208144918721386,0.42266207106865067,0.000287453901138154,0.5912154260245072,0.010520573676680443,2,1.0457953737384498,1.0000646244539841,1.0457277941507368,3.621014838297496e-05,3.786595859439928e-05,16,5,2
7,MNISTPatchClassifier,MNIST patch filters=16 kernel=5 stride=2 lr=1e-02,1.0,0.01,Muon,0,4,512,64,2.3024424879080465,0.8984375,full_patch_and_classifier_activation,"[[0.010000000000000007,0.010000000000000004,0.010000000000000002,0.01,0.01,0.01,0.01,0.009999999999999998,0.009999999999999998,0.009999999999999998,0.009999999999999997,0.009999999999999995,0.009999999999999995,0.009999999999999995,0.009999999999999995,0.009999999999999993]]",16.0,16.0,15.999999999999972,1.0,0.9999999999999982,0.9999999999999982,6.0799845808099434e-05,0.3950661429433421,0.001519996145202486,1,2.4972361168020654,1.7960290538201074,1.390420779380216,9.472546319346395e-11,1.3170825236060807e-10,16,5,2
7,MNISTPatchClassifier,MNIST patch filters=16 kernel=5 stride=2 lr=1e-02,1.0,0.01,Muon,0,4,512,64,2.3024424879080465,0.8984375,full_patch_and_classifier_activation,"[[0.010000000000000007,0.010000000000000005,0.010000000000000005,0.010000000000000002,0.010000000000000002,0.01,0.01,0.01,0.009999999999999998,0.009999999999999993]]",10.0,10.000000000000002,9.999999999999988,1.0000000000000002,0.9999999999999988,0.9999999999999986,7.057059179061317e-05,0.3707929104511355,0.0022316380588431805,2,1.3748738244082375,1.0046757119558978,1.3684752284213577,3.6635147766013134e-05,5.013429220734502e-05,16,5,2
6,MNISTPatchClassifier,MNIST patch filters=16 kernel=5 stride=2 lr=1e-02,1.0,0.01,Adam,0,5,512,64,2.302238117654257,0.8984375,full_patch_and_classifier_activation,,,,,,,,,,,1,1.2775032470745056,1.7960290538201074,0.7112931967093122,4.820458486378381e-11,3.428759326380611e-11,16,5,2
6,MNISTPatchClassifier,MNIST patch filters=16 kernel=5 stride=2 lr=1e-02,1.0,0.01,Adam,0,5,512,64,2.302238117654257,0.8984375,full_patch_and_classifier_activation,,,,,,,,,,,2,1.0294883671212758,1.0000298151903324,1.029457673644797,2.58965220159408e-05,2.6659373310021682e-05,16,5,2
7,MNISTPatchClassifier,MNIST patch filters=16 kernel=5 stride=2 lr=1e-02,1.0,0.01,Muon,0,5,512,64,2.3024588053791497,0.8984375,full_patch_and_classifier_activation,,,,,,,,,,,1,2.871709940644833,1.7960290538201074,1.5989217627280474,4.099306891435234e-11,6.554471000816857e-11,16,5,2
7,MNISTPatchClassifier,MNIST patch filters=16 kernel=5 stride=2 lr=1e-02,1.0,0.01,Muon,0,5,512,64,2.3024588053791497,0.8984375,full_patch_and_classifier_activation,,,,,,,,,,,2,1.491306595556837,1.005082337226626,1.483765598420398,2.6096912472153417e-05,3.872170095116946e-05,16,5,2
8,MNISTPatchClassifier,MNIST patch filters=16 kernel=5 stride=2 lr=1e-02,1.0,0.01,Adam,1,0,512,64,2.3025953489123343,0.923828125,full_patch_and_classifier_activation,"[[0.03443481377773828,0.015144592824872998,0.013009671725652226,0.009245093079198545,0.008902674800859618,0.006199085839471471,0.005287274408451909,0.004667638545529452,0.003435907849613045,0.0024557797662967244,5.8117534770909385e-05,6.818291474225619e-07,3.8086168221165463e-07,9.998503179939887e-08,7.764256644303185e-08,4.223911860892371e-08]]",16.0,5.701270061121402,1.5644920792667452,0.35632937882008764,0.09778075495417157,0.27441115093555485,4.931072485600152e-05,0.7404882530859398,0.001144872077890878,1,3.1138918412646244,1.805163375210847,1.7249917010425249,1.5697559445593382e-11,2.707815977027028e-11,16,5,2
8,MNISTPatchClassifier,MNIST patch filters=16 kernel=5 stride=2 lr=1e-02,1.0,0.01,Adam,1,0,512,64,2.3025953489123343,0.923828125,full_patch_and_classifier_activation,"[[0.02293472650827236,0.010560495338883409,0.007195152453271303,0.005743313263308767,0.0037885232466950245,0.002873844716216696,2.0175322072286695e-06,6.112045953947965e-07,4.6834222485833506e-07,1.4026317626771116e-07]]",10.0,3.7851516847697546,1.416142823710646,0.37851516847697547,0.1416142823710646,0.3741310630717268,3.456029847667288e-05,0.7283061548683425,0.0012662818760525495,2,1.9500280874596427,1.0066066566262473,1.937229477495585,1.0063606864787677e-05,1.9495515868393615e-05,16,5,2
9,MNISTPatchClassifier,MNIST patch filters=16 kernel=5 stride=2 lr=1e-02,1.0,0.01,Muon,1,0,512,64,2.3025953489123343,0.923828125,full_patch_and_classifier_activation,"[[0.010000000000000007,0.010000000000000005,0.010000000000000004,0.010000000000000004,0.010000000000000002,0.010000000000000002,0.010000000000000002,0.010000000000000002,0.01,0.01,0.01,0.01,0.009999999999999998,0.009999999999999997,0.009999999999999997,0.009999999999999995]]",16.0,15.999999999999998,15.99999999999998,0.9999999999999999,0.9999999999999988,0.9999999999999989,2.7282901305441984e-05,0.44115557355545076,0.0006820725326360495,1,3.1138918412646244,1.805163375210847,1.7249917010425249,1.5697559445593382e-11,2.707815977027028e-11,16,5,2
9,MNISTPatchClassifier,MNIST patch filters=16 kernel=5 stride=2 lr=1e-02,1.0,0.01,Muon,1,0,512,64,2.3025953489123343,0.923828125,full_patch_and_classifier_activation,"[[0.010000000000000007,0.010000000000000005,0.010000000000000005,0.010000000000000004,0.010000000000000004,0.010000000000000004,0.010000000000000004,0.010000000000000004,0.010000000000000002,0.010000000000000002]]",10.0,10.000000000000004,9.999999999999995,1.0000000000000004,0.9999999999999994,0.9999999999999991,2.427933817477264e-05,0.4415912235834904,0.000767780087137568,2,1.9500280874596427,1.0066066566262473,1.937229477495585,1.0063606864787677e-05,1.9495515868393615e-05,16,5,2
8,MNISTPatchClassifier,MNIST patch filters=16 kernel=5 stride=2 lr=1e-02,1.0,0.01,Adam,1,1,512,64,2.302539214021781,0.8984375,full_patch_and_classifier_activation,"[[0.035652782393496056,0.012301320919835058,0.010201988470987725,0.009872668438407936,0.007303752661622697,0.004738360397146624,0.003952091042282964,0.0032842960676413343,0.002430785336493379,0.002086911529679471,0.0009986031832727152,0.0007866827529538866,0.0005787366314786231,0.00038336022671785756,0.0002173066444775493,0.00012460277371648947]]",16.0,5.181529764213709,1.3677854567765078,0.3238456102633568,0.08548659104853173,0.2639732895530453,5.702470650811222e-05,0.6384731283128569,0.0013676048724982318,1,2.486491812715899,1.805163375210847,1.3774331159502233,3.012940724290671e-11,4.1501243300330216e-11,16,5,2
8,MNISTPatchClassifier,MNIST patch filters=16 kernel=5 stride=2 lr=1e-02,1.0,0.01,Adam,1,1,512,64,2.302539214021781,0.8984375,full_patch_and_classifier_activation,"[[0.023178929644384727,0.012748277632667403,0.007157028135094674,0.004850440593774393,0.00242211952356231,0.0021098900058612326,0.0010174673607779292,0.0007054738969611793,0.0003730026291076949,0.00021234590504423526]]",10.0,3.814423042606332,1.4640259322416267,0.3814423042606332,0.14640259322416266,0.3838132047464987,4.5668795709441774e-05,0.4669987248412613,0.0016283651435744298,2,1.4631158595384588,1.006666367237294,1.4534267828514522,3.332016061601e-05,4.8428413848221085e-05,16,5,2
9,MNISTPatchClassifier,MNIST patch filters=16 kernel=5 stride=2 lr=1e-02,1.0,0.01,Muon,1,1,512,64,2.3025648123003477,0.8984375,full_patch_and_classifier_activation,"[[0.010000000000000005,0.010000000000000002,0.010000000000000002,0.01,0.01,0.01,0.01,0.01,0.01,0.009999999999999998,0.009999999999999998,0.009999999999999995,0.009999999999999995,0.009999999999999995,0.009999999999999993,0.009999999999999992]]",16.0,16.0,15.999999999999977,1.0,0.9999999999999986,0.9999999999999986,4.406672455793401e-05,0.3799598812861256,0.0011016681139483504,1,2.3099121821914688,1.805163375210847,1.2796139196662275,5.520528149008124e-11,7.064144663380031e-11,16,5,2
9,MNISTPatchClassifier,MNIST patch filters=16 kernel=5 stride=2 lr=1e-02,1.0,0.01,Muon,1,1,512,64,2.3025648123003477,0.8984375,full_patch_and_classifier_activation,"[[0.010000000000000005,0.010000000000000005,0.01,0.01,0.009999999999999998,0.009999999999999998,0.009999999999999998,0.009999999999999997,0.009999999999999997,0.009999999999999997]]",10.0,9.999999999999998,9.99999999999999,0.9999999999999998,0.9999999999999989,0.9999999999999991,3.93546357925775e-05,0.39446181869887587,0.0012445028559093074,2,1.5560012641122474,1.0077629888213844,1.5440150922113618,3.289639717777089e-05,5.0792533721857506e-05,16,5,2
8,MNISTPatchClassifier,MNIST patch filters=16 kernel=5 stride=2 lr=1e-02,1.0,0.01,Adam,1,2,512,64,2.3024478256771834,0.8984375,full_patch_and_classifier_activation,"[[0.03807767922877282,0.012711908321708243,0.010077633136611846,0.00874143103424626,0.006029810903983642,0.005772070624652005,0.004673492486581575,0.004179532365135571,0.00306401906626211,0.002566610424231948,0.0018372044850900478,0.0007204424586338694,0.0005277648710185846,0.0004053209358124748,0.00014191632452329638,6.155832540008086e-05]]",16.0,5.168787778394496,1.3233899224562824,0.323049236149656,0.08271187015351765,0.25603487300988537,8.760895166013024e-05,0.5703342327416865,0.0020000189056496357,1,2.0066714040285505,1.805163375210847,1.1116286933276425,8.075396932263769e-11,8.976842939914425e-11,16,5,2
8,MNISTPatchClassifier,MNIST patch filters=16 kernel=5 stride=2 lr=1e-02,1.0,0.01,Adam,1,2,512,64,2.3024478256771834,0.8984375,full_patch_and_classifier_activation,"[[0.022105469228107473,0.012191649090250023,0.0075968146385805724,0.005000244186510157,0.0034473865448825824,0.002509116917428954,0.0016984198708127173,0.001398975659394347,0.0005169113137742144,0.00032443013618470366]]",10.0,4.338247604324219,1.521321551935306,0.4338247604324219,0.1521321551935306,0.35067651519450016,7.236079601961254e-05,0.44669264499525885,0.002653952152796117,2,1.3371568991359162,1.0022608265407917,1.334140638571086,3.20212972484287e-05,4.272091395889322e-05,16,5,2
9,MNISTPatchClassifier,MNIST patch filters=16 kernel=5 stride=2 lr=1e-02,1.0,0.01,Muon,1,2,512,64,2.3024941046967924,0.8984375,full_patch_and_classifier_activation,"[[0.010000000000000009,0.010000000000000005,0.010000000000000005,0.010000000000000004,0.010000000000000004,0.010000000000000004,0.010000000000000004,0.010000000000000002,0.010000000000000002,0.010000000000000002,0.010000000000000002,0.010000000000000002,0.010000000000000002,0.009999999999999998,0.009999999999999998,0.009999999999999997]]",16.0,16.0,15.999999999999979,1.0,0.9999999999999987,0.9999999999999987,4.5284939868313814e-05,0.39781750817738837,0.0011321234967078453,1,2.5321403169994636,1.805163375210847,1.4027208571654652,5.3183189423344585e-11,7.460116905470723e-11,16,5,2
9,MNISTPatchClassifier,MNIST patch filters=16 kernel=5 stride=2 lr=1e-02,1.0,0.01,Muon,1,2,512,64,2.3024941046967924,0.8984375,full_patch_and_classifier_activation,"[[0.010000000000000002,0.010000000000000002,0.010000000000000002,0.010000000000000002,0.009999999999999998,0.009999999999999998,0.009999999999999997,0.009999999999999997,0.009999999999999997,0.009999999999999992]]",10.0,10.000000000000002,9.999999999999991,1.0000000000000002,0.9999999999999991,0.9999999999999989,4.5258555836356115e-05,0.39211768590807755,0.0014312012005279217,2,1.5375627960190579,1.0059546046950947,1.5284614125158202,3.220094595457625e-05,4.9217903338077206e-05,16,5,2
8,MNISTPatchClassifier,MNIST patch filters=16 kernel=5 stride=2 lr=1e-02,1.0,0.01,Adam,1,3,512,64,2.3024654010194454,0.8984375,full_patch_and_classifier_activation,"[[0.03985127583212226,0.014019555314009195,0.008680882471632553,0.007311859603591083,0.004544165898811038,0.004358193778793372,0.00380124025070723,0.003413258174040184,0.0028352023131914274,0.0022187876636381066,0.0014530041996688244,0.0008487399329499695,0.0003759717030048444,0.00025278966340610946,0.0001368027033320961,7.675477706798588e-05]]",16.0,4.445331066416224,1.2563620886576006,0.277833191651014,0.07852263054110004,0.2826250890848644,6.677067242427783e-05,0.6447589772748841,0.0014948103926848385,1,2.5985414060150047,1.805163375210847,1.4395048346864945,3.529652721871766e-11,5.0809521578987524e-11,16,5,2
8,MNISTPatchClassifier,MNIST patch filters=16 kernel=5 stride=2 lr=1e-02,1.0,0.01,Adam,1,3,512,64,2.3024654010194454,0.8984375,full_patch_and_classifier_activation,"[[0.023855711256649797,0.011017017060586432,0.008802828128564942,0.004106164272628701,0.0019700849038878864,0.0017218019258178527,0.001563451115897455,0.0010627600833655615,0.0005215858227462873,0.0003399955372390259]]",10.0,3.796696569699788,1.3980572182640874,0.3796696569699788,0.13980572182640874,0.3682299052870149,0.00014117831246759758,0.49678964078311166,0.005005104434930407,2,1.2181389209919606,1.0013246221267755,1.2165274817717753,3.829750795161361e-05,4.658997090651104e-05,16,5,2
9,MNISTPatchClassifier,MNIST patch filters=16 kernel=5 stride=2 lr=1e-02,1.0,0.01,Muon,1,3,512,64,2.302521044654852,0.859375,full_patch_and_classifier_activation,"[[0.01000000000000001,0.010000000000000007,0.010000000000000007,0.010000000000000005,0.010000000000000005,0.010000000000000004,0.010000000000000004,0.010000000000000004,0.010000000000000004,0.010000000000000004,0.01,0.01,0.01,0.01,0.009999999999999997,0.009999999999999993]]",16.0,15.999999999999998,15.999999999999977,0.9999999999999999,0.9999999999999986,0.9999999999999987,4.758619825794629e-05,0.4038055872391179,0.0011896549564486569,1,2.608943236568463,1.805163375210847,1.4452671001391955,5.6996993139093e-11,8.237587899079056e-11,16,5,2
9,MNISTPatchClassifier,MNIST patch filters=16 kernel=5 stride=2 lr=1e-02,1.0,0.01,Muon,1,3,512,64,2.302521044654852,0.859375,full_patch_and_classifier_activation,"[[0.010000000000000002,0.01,0.01,0.009999999999999998,0.009999999999999998,0.009999999999999998,0.009999999999999997,0.009999999999999997,0.009999999999999997,0.009999999999999995]]",10.0,10.0,9.999999999999991,1.0,0.9999999999999991,0.9999999999999991,5.964486297875642e-05,0.37685454281376835,0.001886136177415255,2,1.420193464393743,1.005345085096968,1.4126427685840448,3.8393871798299516e-05,5.4236825353810714e-05,16,5,2
8,MNISTPatchClassifier,MNIST patch filters=16 kernel=5 stride=2 lr=1e-02,1.0,0.01,Adam,1,4,512,64,2.30199745702943,0.8984375,full_patch_and_classifier_activation,"[[0.041879985747325654,0.01445396965696209,0.009020298198691731,0.007515891738793258,0.00531974491535473,0.004628535443975411,0.003724609906011608,0.0028934783031097813,0.0023723176107327514,0.0018867395188932273,0.0009563883164133113,0.0008491463785457042,0.0003695718240742002,0.00013381950254631695,8.019949364435164e-05,3.3944882295689646e-05]]",16.0,4.230878636511581,1.2450065303288067,0.2644299147819738,0.07781290814555042,0.29426666120475914,0.00019028493761353692,0.7830402350561833,0.004072040345266066,1,1.6333114960913828,1.805163375210847,0.9047998195180581,1.7758674394096398e-10,1.606804538665838e-10,16,5,2
8,MNISTPatchClassifier,MNIST patch filters=16 kernel=5 stride=2 lr=1e-02,1.0,0.01,Adam,1,4,512,64,2.30199745702943,0.8984375,full_patch_and_classifier_activation,"[[0.025440999872587806,0.011032659654859745,0.007053380214518375,0.003881066466288031,0.0021554926965259907,0.0014997139956520055,0.001461308898624169,0.0008965933212958711,0.0007035762329361405,0.0003065359880095998]]",10.0,3.5095566316527926,1.30429924722844,0.35095566316527926,0.130429924722844,0.3716421713970726,0.00014386180557130049,0.5083858896379045,0.004951339538259077,2,1.2436472511493977,1.0010076611245733,1.2423953376662802,1.8404121312007096e-05,2.2865194511882243e-05,16,5,2
9,MNISTPatchClassifier,MNIST patch filters=16 kernel=5 stride=2 lr=1e-02,1.0,0.01,Muon,1,4,512,64,2.302431319069284,0.8984375,full_patch_and_classifier_activation,"[[0.010000000000000009,0.010000000000000009,0.010000000000000007,0.010000000000000007,0.010000000000000007,0.010000000000000005,0.010000000000000004,0.010000000000000004,0.010000000000000004,0.010000000000000004,0.010000000000000004,0.010000000000000002,0.010000000000000002,0.010000000000000002,0.010000000000000002,0.010000000000000002]]",16.0,16.000000000000004,15.999999999999988,1.0000000000000002,0.9999999999999992,0.999999999999999,4.688354512354714e-05,0.3506430144640581,0.0011720886280886782,1,1.9672083774790678,1.805163375210847,1.0897674994371596,7.337448703955649e-11,7.996113126358176e-11,16,5,2
9,MNISTPatchClassifier,MNIST patch filters=16 kernel=5 stride=2 lr=1e-02,1.0,0.01,Muon,1,4,512,64,2.302431319069284,0.8984375,full_patch_and_classifier_activation,"[[0.010000000000000002,0.010000000000000002,0.009999999999999998,0.009999999999999998,0.009999999999999998,0.009999999999999998,0.009999999999999998,0.009999999999999998,0.009999999999999997,0.009999999999999995]]",10.0,9.999999999999996,9.999999999999993,0.9999999999999997,0.9999999999999993,0.9999999999999997,4.820256817480905e-05,0.3994542937222304,0.00152429904501942,2,1.5956373277312594,1.0055818203745388,1.5867802056494504,1.8197637227689356e-05,2.8875650542487007e-05,16,5,2
8,MNISTPatchClassifier,MNIST patch filters=16 kernel=5 stride=2 lr=1e-02,1.0,0.01,Adam,1,5,512,64,2.301708115852279,0.8984375,full_patch_and_classifier_activation,,,,,,,,,,,1,1.634350485416388,1.805163375210847,0.9053753847767337,2.6040365956500093e-10,2.3576306347593236e-10,16,5,2
8,MNISTPatchClassifier,MNIST patch filters=16 kernel=5 stride=2 lr=1e-02,1.0,0.01,Adam,1,5,512,64,2.301708115852279,0.8984375,full_patch_and_classifier_activation,,,,,,,,,,,2,1.185366578718932,1.0007789871826194,1.18444391209288,3.4073437084137476e-05,4.0358075118386414e-05,16,5,2
9,MNISTPatchClassifier,MNIST patch filters=16 kernel=5 stride=2 lr=1e-02,1.0,0.01,Muon,1,5,512,64,2.3023172579004068,0.884765625,full_patch_and_classifier_activation,,,,,,,,,,,1,2.213811429212166,1.805163375210847,1.2263773238550157,1.362121733803641e-10,1.6704752066668637e-10,16,5,2
9,MNISTPatchClassifier,MNIST patch filters=16 kernel=5 stride=2 lr=1e-02,1.0,0.01,Muon,1,5,512,64,2.3023172579004068,0.884765625,full_patch_and_classifier_activation,,,,,,,,,,,2,1.4976990898627933,1.004908710672861,1.4903832297960407,3.4617052007370115e-05,5.159267377676178e-05,16,5,2
10,MNISTPatchClassifier,MNIST patch filters=16 kernel=5 stride=2 lr=1e-02,1.0,0.01,Adam,2,0,512,64,2.302593098266341,0.900390625,full_patch_and_classifier_activation,"[[0.03659972928500843,0.013419655371575703,0.011657010385399914,0.009223350456188583,0.00673897193887476,0.005872767257009848,0.004243417260948008,0.003211496399971261,8.88181437520159e-05,2.1127338872439983e-06,1.3355907056302446e-06,3.169092284369242e-07,2.27460067446232e-07,1.3986370569354865e-07,1.2793013205734697e-07,8.963083484085334e-08]]",16.0,4.484951598041045,1.3801861068223005,0.2803094748775653,0.08626163167639378,0.3077371241698893,8.349737356010855e-05,0.7237429840336816,0.0019418966655915793,1,2.9997482170096363,1.827194742482911,1.6417233189568965,4.845268172541172e-11,7.954589745460508e-11,16,5,2
10,MNISTPatchClassifier,MNIST patch filters=16 kernel=5 stride=2 lr=1e-02,1.0,0.01,Adam,2,0,512,64,2.302593098266341,0.900390625,full_patch_and_classifier_activation,"[[0.02552899910552627,0.00785903139856619,0.005546806995322895,0.002631343579672253,6.470060300245033e-06,4.6525831753537433e-07,2.3835792968670687e-07,9.611642657789339e-08,4.200900232449866e-08,1.7136515039613733e-08]]",10.0,2.300839556906111,1.1526022812831487,0.23008395569061107,0.11526022812831486,0.5009485680231559,5.329503278696024e-05,0.6275358405417591,0.0019445235543505978,2,1.3970781241329358,1.0103818915180027,1.3827228455509617,4.828902129602197e-05,6.67703329353065e-05,16,5,2
11,MNISTPatchClassifier,MNIST patch filters=16 kernel=5 stride=2 lr=1e-02,1.0,0.01,Muon,2,0,512,64,2.302593098266341,0.900390625,full_patch_and_classifier_activation,"[[0.010000000000000007,0.010000000000000004,0.010000000000000004,0.010000000000000002,0.010000000000000002,0.01,0.01,0.01,0.009999999999999998,0.009999999999999998,0.009999999999999998,0.009999999999999998,0.009999999999999998,0.009999999999999997,0.009999999999999997,0.009999999999999997]]",16.0,16.000000000000004,15.999999999999977,1.0000000000000002,0.9999999999999986,0.9999999999999983,4.647122825733496e-05,0.4329945306387857,0.0011617807064333739,1,2.9997482170096363,1.827194742482911,1.6417233189568965,4.845268172541172e-11,7.954589745460508e-11,16,5,2
11,MNISTPatchClassifier,MNIST patch filters=16 kernel=5 stride=2 lr=1e-02,1.0,0.01,Muon,2,0,512,64,2.302593098266341,0.900390625,full_patch_and_classifier_activation,"[[0.010000000000000005,0.010000000000000004,0.010000000000000002,0.01,0.009999999999999998,0.009999999999999998,0.009999999999999997,0.009999999999999995,0.009999999999999995,0.009999999999999993]]",10.0,10.0,9.999999999999988,1.0,0.9999999999999988,0.9999999999999988,3.662562290396011e-05,0.3737750826543868,0.0011582038909894441,2,1.3970781241329358,1.0103818915180027,1.3827228455509617,4.828902129602197e-05,6.67703329353065e-05,16,5,2
10,MNISTPatchClassifier,MNIST patch filters=16 kernel=5 stride=2 lr=1e-02,1.0,0.01,Adam,2,1,512,64,2.302486189562795,0.888671875,full_patch_and_classifier_activation,"[[0.040087569720769364,0.009853567977169369,0.007926852017935743,0.005367939661865726,0.0048064177470196895,0.004004964227550753,0.0022843697382094125,0.0018164154730472015,0.0009254310250317183,0.0007923381272477168,0.00041133901677770795,0.00025274501945760726,0.0001789844655349294,0.0001383116434732763,8.104132225542655e-05,5.5075115271818326e-05]]",16.0,3.3808775564113054,1.1482126737372162,0.2113048472757066,0.07176329210857602,0.3396197154670126,0.00011131127629461591,0.7773316191755393,0.002591303406892078,1,1.9443428276949084,1.827194742482911,1.064113628661611,7.479252325885021e-11,7.958774332173304e-11,16,5,2
10,MNISTPatchClassifier,MNIST patch filters=16 kernel=5 stride=2 lr=1e-02,1.0,0.01,Adam,2,1,512,64,2.302486189562795,0.888671875,full_patch_and_classifier_activation,"[[0.025041980864360734,0.006444108815912413,0.0051147660166922316,0.0041098366555742324,0.0023171550226010556,0.0011869361373621878,0.000713640018912773,0.0004454179609493876,0.00012745826940719937,0.00011006509262374649]]",10.0,2.892681955036011,1.146853887465714,0.2892681955036011,0.11468538874657139,0.39646732869097484,6.33967091399626e-05,0.5394051221656357,0.0023639810442632847,2,1.2493597347190526,1.0026992417077378,1.245996489028173,3.8951034626247325e-05,4.853285238831895e-05,16,5,2
11,MNISTPatchClassifier,MNIST patch filters=16 kernel=5 stride=2 lr=1e-02,1.0,0.01,Muon,2,1,512,64,2.3025289648898397,0.888671875,full_patch_and_classifier_activation,"[[0.010000000000000009,0.010000000000000007,0.010000000000000005,0.010000000000000005,0.010000000000000005,0.010000000000000004,0.010000000000000002,0.010000000000000002,0.010000000000000002,0.010000000000000002,0.010000000000000002,0.010000000000000002,0.010000000000000002,0.009999999999999998,0.009999999999999998,0.009999999999999997]]",16.0,16.0,15.999999999999979,1.0,0.9999999999999987,0.9999999999999987,4.57012965142638e-05,0.38816440009038716,0.0011425324128565948,1,2.4107456239604828,1.827194742482911,1.319369833937134,5.830958830888826e-11,7.693191184404055e-11,16,5,2
11,MNISTPatchClassifier,MNIST patch filters=16 kernel=5 stride=2 lr=1e-02,1.0,0.01,Muon,2,1,512,64,2.3025289648898397,0.888671875,full_patch_and_classifier_activation,"[[0.010000000000000002,0.010000000000000002,0.010000000000000002,0.009999999999999998,0.009999999999999998,0.009999999999999998,0.009999999999999998,0.009999999999999998,0.009999999999999998,0.009999999999999998]]",10.0,10.0,9.999999999999993,1.0,0.9999999999999993,0.9999999999999993,3.781495633960033e-05,0.39586826585342605,0.0011958139165296076,2,1.5671168390979864,1.0095460124611892,1.5522985775333664,3.806358267491482e-05,5.908604524209397e-05,16,5,2
10,MNISTPatchClassifier,MNIST patch filters=16 kernel=5 stride=2 lr=1e-02,1.0,0.01,Adam,2,2,512,64,2.3026284338184877,0.888671875,full_patch_and_classifier_activation,"[[0.038332992554807654,0.014137031718636183,0.007952617854514826,0.006416239511803223,0.005017597625643751,0.004264262770612945,0.002193037902442479,0.001978246669756356,0.0014027604452854895,0.0012944649237816583,0.0008424788871356385,0.0005202839762740345,0.0004636198590276421,0.00023925383508864391,0.00016210213273951801,9.337194422938444e-05]]",16.0,3.975450108970342,1.2458673906384257,0.24846563181064638,0.0778667119149016,0.31339027191592916,5.8998091247555525e-05,0.39296363005589013,0.0013788890635438372,1,1.541373097557735,1.827194742482911,0.8435735183121298,8.286826775040135e-11,6.990547618263767e-11,16,5,2
10,MNISTPatchClassifier,MNIST patch filters=16 kernel=5 stride=2 lr=1e-02,1.0,0.01,Adam,2,2,512,64,2.3026284338184877,0.888671875,full_patch_and_classifier_activation,"[[0.026254907862226406,0.009640210598144449,0.005385169519532778,0.003996448057476059,0.003203873812900224,0.0022344793323781174,0.0010468560473821766,0.0004949544275333498,0.0003440282412261608,0.0002937004611986143]]",10.0,3.3148655948270753,1.2244363639916316,0.33148655948270755,0.12244363639916316,0.3693773786491956,0.00010767561856328921,0.4719464862600756,0.0037062846187618063,2,1.0993390415544002,1.0005005436059993,1.0987890497212203,3.738637688149428e-05,4.10797415261365e-05,16,5,2
11,MNISTPatchClassifier,MNIST patch filters=16 kernel=5 stride=2 lr=1e-02,1.0,0.01,Muon,2,2,512,64,2.3025860986880433,0.888671875,full_patch_and_classifier_activation,"[[0.010000000000000002,0.010000000000000002,0.010000000000000002,0.010000000000000002,0.010000000000000002,0.010000000000000002,0.009999999999999998,0.009999999999999998,0.009999999999999998,0.009999999999999998,0.009999999999999998,0.009999999999999998,0.009999999999999998,0.009999999999999998,0.009999999999999998,0.009999999999999998]]",16.0,15.999999999999996,15.999999999999991,0.9999999999999998,0.9999999999999994,0.9999999999999997,4.757031305927403e-05,0.4176059959297272,0.0011892578264818506,1,2.79031628538335,1.827194742482911,1.527103937258317,5.458243492549502e-11,8.335305127986932e-11,16,5,2
11,MNISTPatchClassifier,MNIST patch filters=16 kernel=5 stride=2 lr=1e-02,1.0,0.01,Muon,2,2,512,64,2.3025860986880433,0.888671875,full_patch_and_classifier_activation,"[[0.010000000000000002,0.010000000000000002,0.010000000000000002,0.010000000000000002,0.010000000000000002,0.009999999999999998,0.009999999999999998,0.009999999999999998,0.009999999999999997,0.009999999999999995]]",10.0,9.999999999999998,9.999999999999996,0.9999999999999998,0.9999999999999997,0.9999999999999998,4.681868719982093e-05,0.378419177784337,0.0014805368861040497,2,1.432010741149736,1.0065094030891484,1.4227494912165268,3.811938378912183e-05,5.423433389146062e-05,16,5,2
10,MNISTPatchClassifier,MNIST patch filters=16 kernel=5 stride=2 lr=1e-02,1.0,0.01,Adam,2,3,512,64,2.302089402371895,0.888671875,full_patch_and_classifier_activation,"[[0.04396312088066108,0.010683232719253744,0.007004962400527815,0.005407044125087459,0.004463286403970637,0.0034647411243541684,0.0025755942906050076,0.0012287153971792448,0.0006141497479935383,0.0005689747582510334,0.0003856625686086737,0.00029036352705042395,0.000234631278282046,0.00014858756417529637,7.465848022224207e-05,5.9860734629666404e-05]]",16.0,3.041236862141209,1.1208254514129825,0.19007730388382557,0.0700515907133114,0.3685426365060746,0.00021341785003826204,0.7257908470941012,0.004585357840640245,1,1.2943591881712022,1.827194742482911,0.7083860072913426,2.6863204213665857e-10,1.9029517975970725e-10,16,5,2
10,MNISTPatchClassifier,MNIST patch filters=16 kernel=5 stride=2 lr=1e-02,1.0,0.01,Adam,2,3,512,64,2.302089402371895,0.888671875,full_patch_and_classifier_activation,"[[0.023411370247851684,0.0075023525483268756,0.004251711265869084,0.003429346710915296,0.0030651174728236787,0.0016843950539479654,0.0007489375205701213,0.0005201248059618043,0.0003126184259608598,7.738397858530934e-05]]",10.0,3.12844854719258,1.181155722724628,0.312844854719258,0.1181155722724628,0.3775531880761084,0.00014273265812912657,0.47708398946513003,0.005609742688893381,2,1.0517985017796345,1.0002473679899702,1.0515383848429993,4.541150879501542e-05,4.775194461159418e-05,16,5,2
11,MNISTPatchClassifier,MNIST patch filters=16 kernel=5 stride=2 lr=1e-02,1.0,0.01,Muon,2,3,512,64,2.302497927311731,0.888671875,full_patch_and_classifier_activation,"[[0.010000000000000009,0.010000000000000005,0.010000000000000004,0.010000000000000002,0.010000000000000002,0.010000000000000002,0.010000000000000002,0.010000000000000002,0.010000000000000002,0.010000000000000002,0.010000000000000002,0.010000000000000002,0.010000000000000002,0.010000000000000002,0.009999999999999998,0.009999999999999997]]",16.0,16.0,15.999999999999979,1.0,0.9999999999999987,0.9999999999999987,6.51738951266605e-05,0.37371874737763683,0.0016293473781665124,1,2.2346512342641587,1.827194742482911,1.222995656843654,1.2792985971297134e-10,1.5645766280958188e-10,16,5,2
11,MNISTPatchClassifier,MNIST patch filters=16 kernel=5 stride=2 lr=1e-02,1.0,0.01,Muon,2,3,512,64,2.302497927311731,0.888671875,full_patch_and_classifier_activation,"[[0.010000000000000009,0.010000000000000005,0.010000000000000005,0.010000000000000005,0.010000000000000004,0.010000000000000002,0.010000000000000002,0.010000000000000002,0.010000000000000002,0.010000000000000002]]",10.0,9.999999999999998,9.999999999999991,0.9999999999999998,0.9999999999999991,0.9999999999999993,5.0004647264733406e-05,0.37519119390223116,0.0015812857894986628,2,1.4076843198178155,1.0082898657783088,1.3961107490961542,4.643880711871155e-05,6.483371779363621e-05,16,5,2
10,MNISTPatchClassifier,MNIST patch filters=16 kernel=5 stride=2 lr=1e-02,1.0,0.01,Adam,2,4,512,64,2.3019993204191436,0.888671875,full_patch_and_classifier_activation,"[[0.04644669182642306,0.01084543916274532,0.007508473905279561,0.0062296489136636195,0.0040175656607287814,0.003013739269989048,0.0024131362642456447,0.0010591606381205796,0.0005123397336641613,0.00047201862743051503,0.0002907221367435839,0.0002455292709037402,0.00021682241442445776,0.0001005696246319471,5.779275835359049e-05,4.460285925255661e-05]]",16.0,2.8997299096353433,1.1138788599772944,0.18123311935220895,0.0696174287485809,0.38413193459020145,0.00020772550096031126,0.830001322058236,0.004237561824372256,1,1.3118559252771391,1.827194742482911,0.7179617447314368,1.7543201313743634e-10,1.2595347423390214e-10,16,5,2
10,MNISTPatchClassifier,MNIST patch filters=16 kernel=5 stride=2 lr=1e-02,1.0,0.01,Adam,2,4,512,64,2.3019993204191436,0.888671875,full_patch_and_classifier_activation,"[[0.023975686142353705,0.009413979615999532,0.0045258389732756475,0.0034821384024746457,0.0029062483861875404,0.0013273022757443688,0.0006240889882037327,0.0004395023729528566,0.00034718466871140716,0.00013666775218431834]]",10.0,3.148288311933962,1.2299124671450559,0.3148288311933962,0.12299124671450559,0.3906606845640299,0.00024026629420204065,0.6273209372481227,0.009036176460387735,2,1.0589128186381058,1.0001504235342966,1.0587535571860849,3.3444640537974516e-05,3.5409632138390453e-05,16,5,2
11,MNISTPatchClassifier,MNIST patch filters=16 kernel=5 stride=2 lr=1e-02,1.0,0.01,Muon,2,4,512,64,2.3024523681011453,0.888671875,full_patch_and_classifier_activation,"[[0.010000000000000007,0.010000000000000007,0.010000000000000005,0.010000000000000004,0.010000000000000004,0.010000000000000004,0.010000000000000004,0.010000000000000002,0.010000000000000002,0.010000000000000002,0.010000000000000002,0.01,0.01,0.01,0.009999999999999998,0.009999999999999997]]",16.0,16.0,15.999999999999984,1.0,0.999999999999999,0.999999999999999,5.283396628821893e-05,0.3956657733797208,0.001320849157205473,1,2.5048224675867656,1.827194742482911,1.3708568711089055,7.500389200384973e-11,1.0281960071338769e-10,16,5,2
11,MNISTPatchClassifier,MNIST patch filters=16 kernel=5 stride=2 lr=1e-02,1.0,0.01,Muon,2,4,512,64,2.3024523681011453,0.888671875,full_patch_and_classifier_activation,"[[0.010000000000000002,0.010000000000000002,0.009999999999999998,0.009999999999999998,0.009999999999999998,0.009999999999999998,0.009999999999999998,0.009999999999999998,0.009999999999999998,0.009999999999999998]]",10.0,9.999999999999996,9.999999999999993,0.9999999999999997,0.9999999999999993,0.9999999999999997,5.106566396300258e-05,0.3745173387793034,0.0016148380835186854,2,1.402632370463313,1.007358221862877,1.3923868788894855,3.5701851949531534e-05,4.97107902065827e-05,16,5,2
10,MNISTPatchClassifier,MNIST patch filters=16 kernel=5 stride=2 lr=1e-02,1.0,0.01,Adam,2,5,512,64,2.302248613878096,0.888671875,full_patch_and_classifier_activation,,,,,,,,,,,1,1.542221214730928,1.827194742482911,0.8440376818484371,9.863189226772082e-11,8.324903370597186e-11,16,5,2
10,MNISTPatchClassifier,MNIST patch filters=16 kernel=5 stride=2 lr=1e-02,1.0,0.01,Adam,2,5,512,64,2.302248613878096,0.888671875,full_patch_and_classifier_activation,,,,,,,,,,,2,1.0750880693270548,1.0001323073710884,1.0749458460680992,1.9109845998331596e-05,2.054204957490764e-05,16,5,2
11,MNISTPatchClassifier,MNIST patch filters=16 kernel=5 stride=2 lr=1e-02,1.0,0.01,Muon,2,5,512,64,2.3024674673580963,0.888671875,full_patch_and_classifier_activation,,,,,,,,,,,1,3.5410311552615132,1.827194742482911,1.9379604554081247,3.246148894076374e-11,6.29090818908683e-11,16,5,2
11,MNISTPatchClassifier,MNIST patch filters=16 kernel=5 stride=2 lr=1e-02,1.0,0.01,Muon,2,5,512,64,2.3024674673580963,0.888671875,full_patch_and_classifier_activation,,,,,,,,,,,2,1.6614402005538778,1.0058113650708518,1.6518407509114215,2.011481889469656e-05,3.322647754746281e-05,16,5,2
12,MNISTPatchClassifier,MNIST patch filters=16 kernel=7 stride=2 lr=3e-03,1.0,0.003,Adam,0,0,512,64,2.302613307810712,0.8828125,full_patch_and_classifier_activation,"[[0.012408519114460701,0.004333015954470059,0.0031290705845167487,0.002404822198898268,0.002106401065440503,0.001243601014249188,3.978944939610938e-06,9.400365673917721e-07,7.158796603514027e-07,2.8507443376168113e-07,8.118809399430611e-08,2.6564980248204632e-08,2.262826896838496e-08,1.5944019364951e-08,8.268754500149648e-09,2.107936195529878e-09]]",16.0,3.3811642998869393,1.2619498168234682,0.2113227687429337,0.07887186355146676,0.3732293686129555,6.905636761922582e-05,0.7252349095804796,0.004954076791098767,1,2.386444060561708,2.1757091732102114,1.0968580221779192,1.9179386791517726e-10,2.1037064262729437e-10,16,7,2
12,MNISTPatchClassifier,MNIST patch filters=16 kernel=7 stride=2 lr=3e-03,1.0,0.003,Adam,0,0,512,64,2.302613307810712,0.8828125,full_patch_and_classifier_activation,"[[0.0055916512596451765,0.002104642434411823,0.0015034155482840303,0.0012184510059062795,0.0005048985940551557,4.1702990310958755e-08,2.948309394446168e-08,2.589621331917666e-08,9.061892206813069e-09,2.3067635546787402e-09]]",10.0,3.00574169512916,1.2695954562307732,0.300574169512916,0.12695954562307732,0.4223900737339365,3.112103754513935e-05,0.6252573955307008,0.004939480898481639,2,1.4214056601021172,1.0054141051569983,1.4137514610262611,3.880983928774933e-05,5.486746699525e-05,16,7,2
13,MNISTPatchClassifier,MNIST patch filters=16 kernel=7 stride=2 lr=3e-03,1.0,0.003,Muon,0,0,512,64,2.302613307810712,0.8828125,full_patch_and_classifier_activation,"[[0.003000000000000001,0.0030000000000000005,0.003,0.003,0.003,0.003,0.0029999999999999996,0.0029999999999999996,0.0029999999999999996,0.0029999999999999996,0.0029999999999999996,0.0029999999999999996,0.0029999999999999988,0.0029999999999999988,0.0029999999999999988,0.0029999999999999988]]",16.0,16.0,15.999999999999988,1.0,0.9999999999999992,0.9999999999999992,3.165781357269565e-05,0.38620299556723686,0.002638151131057972,1,2.386444060561708,2.1757091732102114,1.0968580221779192,1.9179386791517726e-10,2.1037064262729437e-10,16,7,2
13,MNISTPatchClassifier,MNIST patch filters=16 kernel=7 stride=2 lr=3e-03,1.0,0.003,Muon,0,0,512,64,2.302613307810712,0.8828125,full_patch_and_classifier_activation,"[[0.003000000000000002,0.0030000000000000014,0.003000000000000001,0.0030000000000000005,0.003,0.003,0.0029999999999999996,0.002999999999999999,0.002999999999999999,0.0029999999999999988]]",10.0,10.000000000000002,9.99999999999999,1.0000000000000002,0.9999999999999989,0.9999999999999988,2.8255483811519296e-05,0.37701533922403163,0.002978389507813892,2,1.4214056601021172,1.0054141051569983,1.4137514610262611,3.880983928774933e-05,5.486746699525e-05,16,7,2
12,MNISTPatchClassifier,MNIST patch filters=16 kernel=7 stride=2 lr=3e-03,1.0,0.003,Adam,0,1,512,64,2.3026037956701564,0.900390625,full_patch_and_classifier_activation,"[[0.013469594967328344,0.003130305519318302,0.0018882800037033224,0.0011120707490003203,0.0010208407697171425,0.0007836980912270282,0.000694036763072451,0.00046794132787663826,0.000360869668267791,0.00030254014816126707,0.00022297125604838402,0.0002075773143537257,0.00012438081944981955,9.235173665630716e-05,5.186657781435093e-05,1.9350773672610433e-05]]",16.0,2.886026344930027,1.0953519106716745,0.18037664655812669,0.06845949441697965,0.37953635197957,4.5070658079305994e-05,0.79444916298209,0.0031971464305482274,1,3.2383099882197754,2.1757091732102114,1.488392855117543,6.656707632535009e-11,9.907796078871522e-11,16,7,2
12,MNISTPatchClassifier,MNIST patch filters=16 kernel=7 stride=2 lr=3e-03,1.0,0.003,Adam,0,1,512,64,2.3026037956701564,0.900390625,full_patch_and_classifier_activation,"[[0.00551534807943011,0.0013740607754448618,0.0009591965259162823,0.000641062631204242,0.0004533120125848929,0.0003287685764909603,0.00015435686567694945,0.00010559752984779777,4.3187758355290265e-05,2.7491796898758372e-05]]",10.0,2.712787162973491,1.1173685243915485,0.2712787162973491,0.11173685243915485,0.4118894912370489,2.6369882747830824e-05,0.5840739307135281,0.004523109019948885,2,1.4008950211329643,1.005380867267968,1.3933973350216722,3.505951095555935e-05,4.8851829132639516e-05,16,7,2
13,MNISTPatchClassifier,MNIST patch filters=16 kernel=7 stride=2 lr=3e-03,1.0,0.003,Muon,0,1,512,64,2.3026262020397796,0.912109375,full_patch_and_classifier_activation,"[[0.0030000000000000022,0.003000000000000002,0.003000000000000002,0.003000000000000002,0.003000000000000002,0.0030000000000000014,0.0030000000000000014,0.003000000000000001,0.003000000000000001,0.003000000000000001,0.003000000000000001,0.003000000000000001,0.003000000000000001,0.003000000000000001,0.0030000000000000005,0.002999999999999999]]",16.0,16.000000000000004,15.999999999999988,1.0000000000000002,0.9999999999999992,0.999999999999999,2.145781249774856e-05,0.45857004326629164,0.001788151041479046,1,3.364583753299977,2.1757091732102114,1.546430834933516,6.24976504095698e-11,9.664829370425403e-11,16,7,2
13,MNISTPatchClassifier,MNIST patch filters=16 kernel=7 stride=2 lr=3e-03,1.0,0.003,Muon,0,1,512,64,2.3026262020397796,0.912109375,full_patch_and_classifier_activation,"[[0.003000000000000002,0.003000000000000002,0.0030000000000000014,0.0030000000000000014,0.003000000000000001,0.0030000000000000005,0.0030000000000000005,0.0030000000000000005,0.003,0.002999999999999999]]",10.0,10.0,9.999999999999993,1.0,0.9999999999999993,0.9999999999999993,2.6529832427012452e-05,0.377545730859748,0.0027964898803984036,2,1.4254077889042154,1.0057571850058025,1.4172484275078698,3.501979163773122e-05,4.9631744630227825e-05,16,7,2
12,MNISTPatchClassifier,MNIST patch filters=16 kernel=7 stride=2 lr=3e-03,1.0,0.003,Adam,0,2,512,64,2.3025018770483907,0.900390625,full_patch_and_classifier_activation,"[[0.013491668160806202,0.0026360836910959114,0.0018467780256532277,0.0016256887740159075,0.0010188327361754178,0.0008874381630451509,0.0005359084093223859,0.0004535918080827983,0.0002973954902849539,0.00022728034446729004,0.00015397183744621928,0.00011661905985970675,9.233473734446763e-05,6.675229975270188e-05,5.429532525397953e-05,1.8844196262773304e-05]]",16.0,2.8012305795305115,1.0852332555968185,0.17507691122065697,0.06782707847480116,0.3874130403712444,6.45859702502215e-05,0.7513635235189979,0.00459526954124118,1,2.4581862957739995,2.1757091732102114,1.1298322064556998,1.5374054537802875e-10,1.7370101960616085e-10,16,7,2
12,MNISTPatchClassifier,MNIST patch filters=16 kernel=7 stride=2 lr=3e-03,1.0,0.003,Adam,0,2,512,64,2.3025018770483907,0.900390625,full_patch_and_classifier_activation,"[[0.005709234262653513,0.000951504305119562,0.000834468876858721,0.0007410609456103322,0.00048103957288554277,0.0002740653393542539,0.00021349647108390195,0.00018188987882671788,9.93410386321935e-05,3.463471120263843e-05]]",10.0,2.579340705985085,1.0781434582882594,0.2579340705985085,0.10781434582882594,0.41799187512783503,2.649317047056201e-05,0.5588038137195915,0.00446907655803009,2,1.4086750730510318,1.0044938039248348,1.4023730833848345,3.2535641351113045e-05,4.562710768146353e-05,16,7,2
13,MNISTPatchClassifier,MNIST patch filters=16 kernel=7 stride=2 lr=3e-03,1.0,0.003,Muon,0,2,512,64,2.302554188343747,0.89453125,full_patch_and_classifier_activation,"[[0.0030000000000000022,0.003000000000000002,0.003000000000000002,0.0030000000000000014,0.0030000000000000014,0.0030000000000000014,0.0030000000000000005,0.0030000000000000005,0.003,0.003,0.003,0.003,0.003,0.0029999999999999996,0.0029999999999999988,0.0029999999999999983]]",16.0,16.0,15.999999999999982,1.0,0.9999999999999989,0.9999999999999989,2.9801695244468836e-05,0.39976434830815616,0.0024834746037057354,1,2.5569845468519166,2.1757091732102114,1.1752418835827867,1.5862731637753035e-10,1.8642546608721139e-10,16,7,2
13,MNISTPatchClassifier,MNIST patch filters=16 kernel=7 stride=2 lr=3e-03,1.0,0.003,Muon,0,2,512,64,2.302554188343747,0.89453125,full_patch_and_classifier_activation,"[[0.0030000000000000027,0.0030000000000000014,0.0030000000000000014,0.0030000000000000014,0.0030000000000000014,0.0030000000000000014,0.003000000000000001,0.0030000000000000005,0.003,0.003]]",10.0,9.999999999999998,9.999999999999991,0.9999999999999998,0.9999999999999991,0.9999999999999993,2.5526968302877644e-05,0.3866175644632789,0.0026907787198672093,2,1.4947314115151742,1.006252336875663,1.4854439157440384,3.266897505934029e-05,4.852793023549077e-05,16,7,2
12,MNISTPatchClassifier,MNIST patch filters=16 kernel=7 stride=2 lr=3e-03,1.0,0.003,Adam,0,3,512,64,2.302480418122496,0.900390625,full_patch_and_classifier_activation,"[[0.013566344252252185,0.0027154644470096276,0.0017775780432180252,0.0016902459040008533,0.0012070304040744117,0.0008830399293890325,0.0006220674361284174,0.00048206287995470796,0.0003561480686414038,0.0001595456112671832,0.00011821177202920894,0.00010561461077555072,8.283053550360224e-05,6.59401742601317e-05,5.197963214202766e-05,3.594724823797028e-05]]",16.0,2.853925975228855,1.0893208841086022,0.17837037345180343,0.06808255525678764,0.381692059837414,4.544513310309126e-05,0.6083947734066606,0.0032095683707434835,1,2.444337439288559,2.1757091732102114,1.1234669915382083,1.1439023848512645e-10,1.2851365709222318e-10,16,7,2
12,MNISTPatchClassifier,MNIST patch filters=16 kernel=7 stride=2 lr=3e-03,1.0,0.003,Adam,0,3,512,64,2.302480418122496,0.900390625,full_patch_and_classifier_activation,"[[0.005332136451117531,0.0012047831686955721,0.0010059336356324064,0.00047300395334904104,0.0003773734947414876,0.0002697805538673167,0.0002574383183525437,0.00014303336931093235,0.00011124997595393997,6.843010429261521e-05]]",10.0,2.7176220629206735,1.105731436375917,0.2717622062920674,0.1105731436375917,0.4068746171377373,2.6661248436106595e-05,0.5614960769118201,0.004755042453145055,2,1.4133315733447613,1.0035317985755303,1.408357538197518,3.019356146264061e-05,4.2523329890939984e-05,16,7,2
13,MNISTPatchClassifier,MNIST patch filters=16 kernel=7 stride=2 lr=3e-03,1.0,0.003,Muon,0,3,512,64,2.3025443826973384,0.90234375,full_patch_and_classifier_activation,"[[0.003000000000000002,0.003000000000000001,0.003000000000000001,0.0030000000000000005,0.0030000000000000005,0.0030000000000000005,0.003,0.003,0.0029999999999999996,0.002999999999999999,0.002999999999999999,0.002999999999999999,0.002999999999999999,0.0029999999999999988,0.0029999999999999983,0.0029999999999999983]]",16.0,16.000000000000004,15.999999999999979,1.0000000000000002,0.9999999999999987,0.9999999999999984,2.468766606519321e-05,0.43378405826320404,0.002057305505432768,1,3.010697747252718,2.1757091732102114,1.383777659405875,9.245215801450042e-11,1.279332308243275e-10,16,7,2
13,MNISTPatchClassifier,MNIST patch filters=16 kernel=7 stride=2 lr=3e-03,1.0,0.003,Muon,0,3,512,64,2.3025443826973384,0.90234375,full_patch_and_classifier_activation,"[[0.003,0.0029999999999999996,0.0029999999999999996,0.0029999999999999996,0.0029999999999999996,0.002999999999999999,0.002999999999999999,0.002999999999999999,0.0029999999999999983,0.0029999999999999983]]",10.0,10.000000000000004,9.999999999999995,1.0000000000000004,0.9999999999999994,0.9999999999999991,2.536715848542236e-05,0.3947098190032478,0.0026739332860133956,2,1.5579584121757668,1.006459401151915,1.5479595206648664,3.054519403702824e-05,4.728272392017356e-05,16,7,2
12,MNISTPatchClassifier,MNIST patch filters=16 kernel=7 stride=2 lr=3e-03,1.0,0.003,Adam,0,4,512,64,2.3024349221045624,0.900390625,full_patch_and_classifier_activation,"[[0.013509645783084034,0.0027632295258815625,0.0017311735620701332,0.0014353808804144455,0.0010184642950721527,0.0008812782485690048,0.000771653484764479,0.0005562538623904135,0.00043319719063491765,0.00020819182180858116,0.00017915972512711306,0.0001266728802110873,9.226458187436324e-05,7.889705309615493e-05,5.3066968271091666e-05,3.2724675731584315e-05]]",16.0,2.8747722062983883,1.0860732712813639,0.17967326289364927,0.06787957945508524,0.377794549739234,4.328489963705248e-05,0.6624456712270312,0.0030744178281559313,1,2.9646584535723695,2.1757091732102114,1.362617067610227,8.853029227406769e-11,1.2063288725316643e-10,16,7,2
12,MNISTPatchClassifier,MNIST patch filters=16 kernel=7 stride=2 lr=3e-03,1.0,0.003,Adam,0,4,512,64,2.3024349221045624,0.900390625,full_patch_and_classifier_activation,"[[0.00565003619356318,0.001308430092611895,0.0008137750278835232,0.0004127493762169553,0.00040294744385265,0.0002710134526261049,0.00017852917895644954,0.00016891066185171258,8.59096684757579e-05,5.669269615151653e-05]]",10.0,2.5134561204811487,1.0893212488316644,0.2513456120481149,0.10893212488316643,0.4333957692578045,3.4641766532455676e-05,0.5738726930817069,0.005874498712271184,2,1.278549793627678,1.0025489574036712,1.2752991105180278,3.440015075124367e-05,4.387048165474711e-05,16,7,2
13,MNISTPatchClassifier,MNIST patch filters=16 kernel=7 stride=2 lr=3e-03,1.0,0.003,Muon,0,4,512,64,2.3025087605089873,0.8828125,full_patch_and_classifier_activation,"[[0.0030000000000000014,0.003000000000000001,0.0030000000000000005,0.0030000000000000005,0.0030000000000000005,0.0029999999999999996,0.002999999999999999,0.002999999999999999,0.002999999999999999,0.002999999999999999,0.002999999999999999,0.002999999999999999,0.002999999999999999,0.002999999999999999,0.0029999999999999983,0.0029999999999999983]]",16.0,16.0,15.999999999999982,1.0,0.9999999999999989,0.9999999999999989,2.272860260955722e-05,0.4721649130536677,0.001894050217463102,1,3.567035281903642,2.1757091732102114,1.6394816576705238,6.613969802433291e-11,1.0843482175476117e-10,16,7,2
13,MNISTPatchClassifier,MNIST patch filters=16 kernel=7 stride=2 lr=3e-03,1.0,0.003,Muon,0,4,512,64,2.3025087605089873,0.8828125,full_patch_and_classifier_activation,"[[0.0030000000000000022,0.0030000000000000022,0.003000000000000002,0.0030000000000000014,0.003000000000000001,0.003000000000000001,0.0029999999999999996,0.0029999999999999996,0.002999999999999999,0.002999999999999999]]",10.0,9.999999999999998,9.99999999999999,0.9999999999999998,0.9999999999999989,0.9999999999999991,2.658428422687642e-05,0.38659690959580834,0.00280222960407393,2,1.4945717050902974,1.0064224882786816,1.4850340910471047,3.441625730140202e-05,5.110931537883083e-05,16,7,2
12,MNISTPatchClassifier,MNIST patch filters=16 kernel=7 stride=2 lr=3e-03,1.0,0.003,Adam,0,5,512,64,2.302554416978893,0.900390625,full_patch_and_classifier_activation,,,,,,,,,,,1,2.585448599936519,2.1757091732102114,1.188324538854495,6.432370872482067e-11,7.643744150783337e-11,16,7,2
12,MNISTPatchClassifier,MNIST patch filters=16 kernel=7 stride=2 lr=3e-03,1.0,0.003,Adam,0,5,512,64,2.302554416978893,0.900390625,full_patch_and_classifier_activation,,,,,,,,,,,2,1.2505428467667772,1.0016856129064489,1.2484384627810063,2.579704202946915e-05,3.2206019495567476e-05,16,7,2
13,MNISTPatchClassifier,MNIST patch filters=16 kernel=7 stride=2 lr=3e-03,1.0,0.003,Muon,0,5,512,64,2.3025672008595923,0.8828125,full_patch_and_classifier_activation,,,,,,,,,,,1,3.0277459004927305,2.1757091732102114,1.391613335906176,7.7418169159059e-11,1.0773615664318673e-10,16,7,2
13,MNISTPatchClassifier,MNIST patch filters=16 kernel=7 stride=2 lr=3e-03,1.0,0.003,Muon,0,5,512,64,2.3025672008595923,0.8828125,full_patch_and_classifier_activation,,,,,,,,,,,2,1.5248047503354982,1.0066145753946838,1.5147850901499584,2.568573441185039e-05,3.8908367516622686e-05,16,7,2
14,MNISTPatchClassifier,MNIST patch filters=16 kernel=7 stride=2 lr=3e-03,1.0,0.003,Adam,1,0,512,64,2.3026027968024763,0.916015625,full_patch_and_classifier_activation,"[[0.011034660459506926,0.0046722579933981484,0.0036432505863282045,0.0030608418591094875,0.002535912212909699,0.0025202466611618474,0.002107569381470484,0.001975036287909016,0.0014659806512978997,0.0014433603260889344,0.001271837379702635,0.0010000875084910236,2.3743112325120432e-06,5.794250374209476e-07,1.29897449199844e-07,6.35221907454054e-08]]",16.0,6.948116070279475,1.5949823668540608,0.4342572543924672,0.0996863979283788,0.22955609128013682,1.6211231691476576e-05,0.7410900014253655,0.0011632661626296997,1,4.7922424142211355,2.188943934324429,2.1892942706639764,1.0419043321376801e-11,2.281035184929e-11,16,7,2
14,MNISTPatchClassifier,MNIST patch filters=16 kernel=7 stride=2 lr=3e-03,1.0,0.003,Adam,1,0,512,64,2.3026027968024763,0.916015625,full_patch_and_classifier_activation,"[[0.0050692440031168,0.0024052943653399624,0.0018587101774584257,0.0016819581807529533,0.0010372847095384318,0.0008275044015677387,0.0005116732698836066,4.143418165079092e-07,3.7180138754024584e-08,1.639273725442701e-08]]",10.0,4.507510988974408,1.5483765382196242,0.4507510988974408,0.1548376538219624,0.3435103191111522,1.0167977741353341e-05,0.6780293957075537,0.00161195569055312,2,2.2166224272176893,1.0084888036720894,2.1979643394617447,8.3959812982751e-06,1.8454067488396395e-05,16,7,2
15,MNISTPatchClassifier,MNIST patch filters=16 kernel=7 stride=2 lr=3e-03,1.0,0.003,Muon,1,0,512,64,2.3026027968024763,0.916015625,full_patch_and_classifier_activation,"[[0.003000000000000003,0.003000000000000002,0.003000000000000002,0.003000000000000001,0.003000000000000001,0.003000000000000001,0.0030000000000000005,0.0030000000000000005,0.0030000000000000005,0.0029999999999999996,0.0029999999999999996,0.0029999999999999996,0.0029999999999999996,0.0029999999999999996,0.002999999999999999,0.002999999999999998]]",16.0,16.000000000000004,15.99999999999997,1.0000000000000002,0.9999999999999981,0.9999999999999979,1.0308578572835234e-05,0.5472797738714826,0.0008590482144029358,1,4.7922424142211355,2.188943934324429,2.1892942706639764,1.0419043321376801e-11,2.281035184929e-11,16,7,2
15,MNISTPatchClassifier,MNIST patch filters=16 kernel=7 stride=2 lr=3e-03,1.0,0.003,Muon,1,0,512,64,2.3026027968024763,0.916015625,full_patch_and_classifier_activation,"[[0.003000000000000002,0.003000000000000001,0.003,0.003,0.003,0.003,0.003,0.0029999999999999996,0.0029999999999999996,0.002999999999999999]]",10.0,10.0,9.999999999999991,1.0,0.9999999999999991,0.9999999999999991,1.061870835594252e-05,0.4708101981921897,0.0011193101404613447,2,2.2166224272176893,1.0084888036720894,2.1979643394617447,8.3959812982751e-06,1.8454067488396395e-05,16,7,2
14,MNISTPatchClassifier,MNIST patch filters=16 kernel=7 stride=2 lr=3e-03,1.0,0.003,Adam,1,1,512,64,2.302556625398418,0.916015625,full_patch_and_classifier_activation,"[[0.011884794779493698,0.003784052351107669,0.0035103698607220906,0.002654194588081139,0.0024121227165618256,0.002071314979253442,0.001332697790414313,0.001144897277790217,0.0008693269660875983,0.0007285275255967868,0.0005169914500467806,0.0004613855522548829,0.0003807526186641987,0.00022429427676583447,0.0001903487573533122,6.88984141446789e-05]]",16.0,5.4650778938328575,1.346092200573753,0.3415673683645536,0.08413076253585956,0.24630796243412548,2.8580716849902355e-05,0.707557239034294,0.0020727361719804194,1,3.1838586827183333,2.188943934324429,1.4545181504162021,3.628912165122472e-11,5.278318610436794e-11,16,7,2
14,MNISTPatchClassifier,MNIST patch filters=16 kernel=7 stride=2 lr=3e-03,1.0,0.003,Adam,1,1,512,64,2.302556625398418,0.916015625,full_patch_and_classifier_activation,"[[0.0057810465513007,0.0023481038085760996,0.0018321202527514361,0.0010958431132522628,0.0008365638673954786,0.0005096955616941167,0.0003506904674779709,0.00030364658759481387,0.00017303925559349084,8.471987958328187e-05]]",10.0,3.966165535079776,1.337609020563371,0.39661655350797764,0.13376090205633712,0.3372549654653953,1.7549043252491294e-05,0.5712020692821735,0.0026247163912585564,2,1.560671060905218,1.0085502777397617,1.547440018957509,3.156459497147698e-05,4.884431744104843e-05,16,7,2
15,MNISTPatchClassifier,MNIST patch filters=16 kernel=7 stride=2 lr=3e-03,1.0,0.003,Muon,1,1,512,64,2.302560534257616,0.916015625,full_patch_and_classifier_activation,"[[0.003,0.0029999999999999996,0.0029999999999999996,0.0029999999999999996,0.0029999999999999996,0.002999999999999999,0.002999999999999999,0.002999999999999999,0.002999999999999999,0.0029999999999999983,0.0029999999999999983,0.0029999999999999983,0.0029999999999999983,0.0029999999999999983,0.002999999999999998,0.002999999999999998]]",16.0,16.000000000000004,15.999999999999988,1.0000000000000002,0.9999999999999992,0.999999999999999,1.649447343124075e-05,0.44041662881019217,0.0013745394526033965,1,3.103468910920552,2.188943934324429,1.417792782289041,4.1190642252061576e-11,5.839979528282292e-11,16,7,2
15,MNISTPatchClassifier,MNIST patch filters=16 kernel=7 stride=2 lr=3e-03,1.0,0.003,Muon,1,1,512,64,2.302560534257616,0.916015625,full_patch_and_classifier_activation,"[[0.0030000000000000027,0.0030000000000000014,0.003000000000000001,0.0030000000000000005,0.0030000000000000005,0.0030000000000000005,0.003,0.0029999999999999996,0.0029999999999999996,0.002999999999999999]]",10.0,9.999999999999998,9.999999999999988,0.9999999999999998,0.9999999999999988,0.9999999999999989,1.6943885842120154e-05,0.39427975779360314,0.001786042389165995,2,1.5545652740578224,1.0085920019463164,1.541322230453862,3.122598701053302e-05,4.8129307947198076e-05,16,7,2
14,MNISTPatchClassifier,MNIST patch filters=16 kernel=7 stride=2 lr=3e-03,1.0,0.003,Adam,1,2,512,64,2.302518988659876,0.88671875,full_patch_and_classifier_activation,"[[0.012875323756368254,0.0034930499745257355,0.002584931262114873,0.0020748606360265222,0.0015908609182424664,0.0012902269511563067,0.0011065020241093476,0.0009654724960065511,0.0006445471305865677,0.0005176663297149,0.00043935038994073245,0.00037243988603757774,0.0003093101786788405,0.00025697928931353136,0.0001670370620017302,9.37077906310933e-05]]",16.0,4.215274797601034,1.1855169251453659,0.26345467485006463,0.07409480782158537,0.2812430937646244,3.0365894224155537e-05,0.5147908753355478,0.002166077729476684,1,2.613060314115196,2.188943934324429,1.1937538797318084,7.486829696612565e-11,8.937431997222568e-11,16,7,2
14,MNISTPatchClassifier,MNIST patch filters=16 kernel=7 stride=2 lr=3e-03,1.0,0.003,Adam,1,2,512,64,2.302518988659876,0.88671875,full_patch_and_classifier_activation,"[[0.005534343586742278,0.0015304373421238184,0.0014538875906328179,0.001067055305654128,0.0007384044134477734,0.0006321339032882815,0.00035333460038777315,0.00023158494425013382,0.00017804580043213428,0.0001287364328882382]]",10.0,3.7538061271903618,1.2209092145679812,0.37538061271903617,0.12209092145679812,0.32524567684101574,1.5518466984665014e-05,0.5259247382807587,0.0025377042853208616,2,1.5587630055347954,1.0074271924757647,1.547271125076658,2.999718363734845e-05,4.641377607569125e-05,16,7,2
15,MNISTPatchClassifier,MNIST patch filters=16 kernel=7 stride=2 lr=3e-03,1.0,0.003,Muon,1,2,512,64,2.3025211543588933,0.916015625,full_patch_and_classifier_activation,"[[0.003000000000000003,0.003000000000000001,0.003000000000000001,0.003000000000000001,0.003000000000000001,0.0030000000000000005,0.0030000000000000005,0.0030000000000000005,0.0029999999999999996,0.0029999999999999996,0.0029999999999999996,0.0029999999999999996,0.0029999999999999996,0.0029999999999999996,0.002999999999999999,0.0029999999999999988]]",16.0,15.999999999999996,15.99999999999997,0.9999999999999998,0.9999999999999981,0.9999999999999983,2.147002229741899e-05,0.4044005295293119,0.001789168524784916,1,2.6166366125374014,2.188943934324429,1.195387680564313,8.277336832952763e-11,9.894626477992962e-11,16,7,2
15,MNISTPatchClassifier,MNIST patch filters=16 kernel=7 stride=2 lr=3e-03,1.0,0.003,Muon,1,2,512,64,2.3025211543588933,0.916015625,full_patch_and_classifier_activation,"[[0.003000000000000003,0.0030000000000000022,0.0030000000000000022,0.003000000000000001,0.003000000000000001,0.003000000000000001,0.003000000000000001,0.003000000000000001,0.0030000000000000005,0.0029999999999999996]]",10.0,10.0,9.999999999999988,1.0,0.9999999999999988,0.9999999999999988,1.7284742069117664e-05,0.40233839676182936,0.0018219717902314447,2,1.6187618550887932,1.0087104836270688,1.604783415423753,2.943112227678571e-05,4.7230576927094274e-05,16,7,2
14,MNISTPatchClassifier,MNIST patch filters=16 kernel=7 stride=2 lr=3e-03,1.0,0.003,Adam,1,3,512,64,2.3025355545746096,0.88671875,full_patch_and_classifier_activation,"[[0.013233394253503266,0.0025257754566680554,0.00196721369875347,0.0018007828983363356,0.001555407264946362,0.0010324924938315064,0.0009589591564095417,0.0007455239605628414,0.0004165273855544208,0.0003217946827759617,0.00029117416699478557,0.00026224809457623365,0.00021958569623173563,0.00015825988153531355,0.00010958260874703844,9.993969772074584e-05]]",16.0,3.4024507463280087,1.1083748294511668,0.21265317164550054,0.06927342684069793,0.32575778816117956,4.404011559356033e-05,0.6162715095942858,0.003161068241610497,1,2.345297581429426,2.188943934324429,1.071428803932912,1.1125899243897583e-10,1.1920608919567278e-10,16,7,2
14,MNISTPatchClassifier,MNIST patch filters=16 kernel=7 stride=2 lr=3e-03,1.0,0.003,Adam,1,3,512,64,2.3025355545746096,0.88671875,full_patch_and_classifier_activation,"[[0.00585745684698519,0.0015742902852719548,0.0010666835304274339,0.0009919340688222934,0.0007192241047788945,0.0006297327018384054,0.0003135973105990247,0.00018686600294980617,0.00013234406107982645,0.00010715917697232634]]",10.0,3.3531677056311677,1.1654408810237695,0.33531677056311676,0.11654408810237696,0.3475641492868303,2.3538523268234055e-05,0.5722339036768639,0.0037224167291522487,2,1.4238253608271823,1.0047939101539813,1.4170322356043994,3.794016146374299e-05,5.3762431818159624e-05,16,7,2
15,MNISTPatchClassifier,MNIST patch filters=16 kernel=7 stride=2 lr=3e-03,1.0,0.003,Muon,1,3,512,64,2.3025923907505503,0.88671875,full_patch_and_classifier_activation,"[[0.0030000000000000022,0.003000000000000002,0.0030000000000000014,0.003000000000000001,0.003000000000000001,0.0030000000000000005,0.0030000000000000005,0.003,0.003,0.003,0.003,0.003,0.0029999999999999996,0.0029999999999999996,0.0029999999999999996,0.0029999999999999988]]",16.0,16.000000000000004,15.999999999999979,1.0000000000000002,0.9999999999999987,0.9999999999999984,2.346123453383545e-05,0.4315963079510216,0.0019551028778196206,1,2.98040596859125,2.188943934324429,1.361572547316562,8.677514518738988e-11,1.1815065547655894e-10,16,7,2
15,MNISTPatchClassifier,MNIST patch filters=16 kernel=7 stride=2 lr=3e-03,1.0,0.003,Muon,1,3,512,64,2.3025923907505503,0.88671875,full_patch_and_classifier_activation,"[[0.003000000000000002,0.003000000000000001,0.0030000000000000005,0.0030000000000000005,0.003,0.0029999999999999996,0.002999999999999999,0.002999999999999999,0.002999999999999999,0.0029999999999999988]]",10.0,9.999999999999998,9.99999999999999,0.9999999999999998,0.9999999999999989,0.9999999999999991,2.0922167175217836e-05,0.40178516208924153,0.002205390062016651,2,1.6143131647507802,1.0084687372415964,1.600756776225224,3.827743691122324e-05,6.12728665121741e-05,16,7,2
14,MNISTPatchClassifier,MNIST patch filters=16 kernel=7 stride=2 lr=3e-03,1.0,0.003,Adam,1,4,512,64,2.3024584789920612,0.88671875,full_patch_and_classifier_activation,"[[0.012971312639494642,0.0029140213788063315,0.0020108910339262194,0.0019114420225830719,0.0017463282594924567,0.0010956206397517568,0.0010096661568301522,0.000779573034385092,0.0006176080768215041,0.00041617640222749413,0.00030434073051703776,0.00022910345919531464,0.0001784153285549559,0.0001606052588169199,9.563512801582658e-05,7.866554140128556e-05]]",16.0,3.6802829928503775,1.1357388606385883,0.2300176870531486,0.07098367878991177,0.3086009589058691,3.0057511695657533e-05,0.5733621030801943,0.002174352013034883,1,2.0248740434128236,2.188943934324429,0.9250460971892174,6.081536274914712e-11,5.625701396024507e-11,16,7,2
14,MNISTPatchClassifier,MNIST patch filters=16 kernel=7 stride=2 lr=3e-03,1.0,0.003,Adam,1,4,512,64,2.3024584789920612,0.88671875,full_patch_and_classifier_activation,"[[0.006141317601653516,0.0017061662319883503,0.0011012687887603765,0.0008893223044452856,0.0005196123700396605,0.0003545524346526346,0.0003086188284598161,0.00019019034828932945,0.0001735791092285289,6.983926296668512e-05]]",10.0,3.0376688399015,1.1452129497921995,0.30376688399015,0.11452129497921995,0.3770038836193001,1.9672889232652204e-05,0.5694483474558245,0.002993391105028313,2,1.4613122157228722,1.0030145879671275,1.4569202016140215,1.7467492901209506e-05,2.5448743279321647e-05,16,7,2
15,MNISTPatchClassifier,MNIST patch filters=16 kernel=7 stride=2 lr=3e-03,1.0,0.003,Muon,1,4,512,64,2.3025270016917014,0.88671875,full_patch_and_classifier_activation,"[[0.0030000000000000022,0.003000000000000002,0.0030000000000000005,0.0030000000000000005,0.0030000000000000005,0.003,0.003,0.003,0.0029999999999999996,0.0029999999999999996,0.0029999999999999996,0.002999999999999999,0.002999999999999999,0.0029999999999999983,0.002999999999999998,0.0029999999999999975]]",16.0,16.000000000000004,15.999999999999973,1.0000000000000002,0.9999999999999983,0.9999999999999981,1.4353075156408676e-05,0.42707861265193203,0.001196089596367389,1,2.9183382621551863,2.188943934324429,1.3332174554100078,3.316830971477547e-11,4.4220569478183996e-11,16,7,2
15,MNISTPatchClassifier,MNIST patch filters=16 kernel=7 stride=2 lr=3e-03,1.0,0.003,Muon,1,4,512,64,2.3025270016917014,0.88671875,full_patch_and_classifier_activation,"[[0.0030000000000000014,0.0030000000000000005,0.0030000000000000005,0.0029999999999999996,0.0029999999999999996,0.002999999999999999,0.002999999999999999,0.002999999999999999,0.002999999999999999,0.002999999999999998]]",10.0,10.000000000000002,9.999999999999988,1.0000000000000002,0.9999999999999988,0.9999999999999986,1.4264219941468352e-05,0.43393197355368435,0.0015035808020211227,2,1.882969576721952,1.0095612887681646,1.865136468355966,1.623558515781754e-05,3.0281581962944344e-05,16,7,2
14,MNISTPatchClassifier,MNIST patch filters=16 kernel=7 stride=2 lr=3e-03,1.0,0.003,Adam,1,5,512,64,2.302542480890205,0.88671875,full_patch_and_classifier_activation,,,,,,,,,,,1,1.9575289323584424,2.188943934324429,0.8942800688783251,9.728349508977347e-11,8.699869068960683e-11,16,7,2
14,MNISTPatchClassifier,MNIST patch filters=16 kernel=7 stride=2 lr=3e-03,1.0,0.003,Adam,1,5,512,64,2.302542480890205,0.88671875,full_patch_and_classifier_activation,,,,,,,,,,,2,1.2630171869792095,1.0018475715939485,1.2606879756864986,3.4344415743255836e-05,4.329759195950073e-05,16,7,2
15,MNISTPatchClassifier,MNIST patch filters=16 kernel=7 stride=2 lr=3e-03,1.0,0.003,Muon,1,5,512,64,2.3025533340200384,0.88671875,full_patch_and_classifier_activation,,,,,,,,,,,1,3.2600939203026815,2.188943934324429,1.4893455557183286,5.1030921012766995e-11,7.600267541457761e-11,16,7,2
15,MNISTPatchClassifier,MNIST patch filters=16 kernel=7 stride=2 lr=3e-03,1.0,0.003,Muon,1,5,512,64,2.3025533340200384,0.88671875,full_patch_and_classifier_activation,,,,,,,,,,,2,1.6216529335725745,1.0089196117009942,1.607316296328643,3.473341060263661e-05,5.582757688869189e-05,16,7,2
16,MNISTPatchClassifier,MNIST patch filters=16 kernel=7 stride=2 lr=3e-03,1.0,0.003,Adam,2,0,512,64,2.302510297999061,0.880859375,full_patch_and_classifier_activation,"[[0.011656857887441115,0.0044658817571697285,0.0036713904551872543,0.0031077874479009775,0.0027841719406773422,0.001896000681454173,0.0015435044459026924,0.001277899565544253,5.632931401724311e-06,4.211207128449137e-06,1.9128374941949243e-06,1.4277701836262153e-06,1.0956004494156117e-06,1.464303391381982e-07,2.0156104478838027e-08,3.81437818525072e-09]]",16.0,4.761340674012257,1.4301035293115798,0.2975837921257661,0.08938147058197374,0.30035732102035645,4.576426757636858e-05,0.6581357404273239,0.0032829273729821956,1,2.613799924105448,2.2237839628733282,1.1753839256616385,1.0817898840972802e-10,1.2715184407113102e-10,16,7,2
16,MNISTPatchClassifier,MNIST patch filters=16 kernel=7 stride=2 lr=3e-03,1.0,0.003,Adam,2,0,512,64,2.302510297999061,0.880859375,full_patch_and_classifier_activation,"[[0.005891423894910182,0.0014592885818967203,0.0009954096416354644,0.0009944521630675693,0.0006982839100479267,0.0006069739993536132,2.7310386666282567e-08,9.642057708095011e-09,7.295787833966657e-09,1.4342109086229003e-09]]",10.0,2.8566357626965186,1.14305610330131,0.2856635762696519,0.11430561033013101,0.4001406543417083,2.21744904141138e-05,0.5706983948441544,0.003520461530004344,2,1.375747118590869,1.0079194726778942,1.3649375330905262,4.474717776600395e-05,6.107710243269267e-05,16,7,2
17,MNISTPatchClassifier,MNIST patch filters=16 kernel=7 stride=2 lr=3e-03,1.0,0.003,Muon,2,0,512,64,2.302510297999061,0.880859375,full_patch_and_classifier_activation,"[[0.0030000000000000014,0.0030000000000000014,0.003000000000000001,0.003000000000000001,0.003000000000000001,0.0030000000000000005,0.0030000000000000005,0.0030000000000000005,0.0029999999999999996,0.0029999999999999996,0.0029999999999999996,0.002999999999999999,0.002999999999999999,0.002999999999999999,0.002999999999999999,0.002999999999999999]]",16.0,16.0,15.999999999999986,1.0,0.9999999999999991,0.9999999999999991,2.4193751984154467e-05,0.40418126534587234,0.0020161459986795384,1,2.613799924105448,2.2237839628733282,1.1753839256616385,1.0817898840972802e-10,1.2715184407113102e-10,16,7,2
17,MNISTPatchClassifier,MNIST patch filters=16 kernel=7 stride=2 lr=3e-03,1.0,0.003,Muon,2,0,512,64,2.302510297999061,0.880859375,full_patch_and_classifier_activation,"[[0.0030000000000000014,0.0030000000000000014,0.003000000000000001,0.003000000000000001,0.0030000000000000005,0.0029999999999999996,0.0029999999999999996,0.002999999999999999,0.002999999999999999,0.0029999999999999983]]",10.0,9.999999999999998,9.999999999999991,0.9999999999999998,0.9999999999999991,0.9999999999999993,2.170618561865111e-05,0.37091065212404833,0.0022880328623109515,2,1.375747118590869,1.0079194726778942,1.3649375330905262,4.474717776600395e-05,6.107710243269267e-05,16,7,2
16,MNISTPatchClassifier,MNIST patch filters=16 kernel=7 stride=2 lr=3e-03,1.0,0.003,Adam,2,1,512,64,2.302472578404479,0.888671875,full_patch_and_classifier_activation,"[[0.01247552431458505,0.0047196300976172735,0.0030039298343343774,0.0024156371720712067,0.0017603888720915729,0.0011741014976862955,0.0008330271318699004,0.0007597022720779977,0.00036047245531081837,0.00030158290796486584,0.00021479028067797446,0.0001656861866964567,0.00013141694718437277,0.0001158295764091297,7.669758015935072e-05,3.305447986800035e-05]]",16.0,4.09656733379459,1.277659156918099,0.25603545836216185,0.07985369730738119,0.3118853061142345,4.5030600357449525e-05,0.7029255219687959,0.0031933125234537337,1,2.7770864499473977,2.2237839628733282,1.2488112587875457,8.972542873069757e-11,1.1205012559843464e-10,16,7,2
16,MNISTPatchClassifier,MNIST patch filters=16 kernel=7 stride=2 lr=3e-03,1.0,0.003,Adam,2,1,512,64,2.302472578404479,0.888671875,full_patch_and_classifier_activation,"[[0.0056153918781777215,0.001641681944494717,0.001148443939027071,0.0007844995841056929,0.0005280257900024288,0.0002859908006251094,0.0002205061686050124,0.00017764641010853489,9.528427495915991e-05,2.0370647122872456e-05]]",10.0,3.021518151492502,1.1610953664593258,0.3021518151492502,0.11610953664593257,0.3842754894210362,1.968231691856528e-05,0.5009460603956511,0.003252836278181716,2,1.4663892781887011,1.0066140611231864,1.4567542167576069,3.8817923500824747e-05,5.654817374560065e-05,16,7,2
17,MNISTPatchClassifier,MNIST patch filters=16 kernel=7 stride=2 lr=3e-03,1.0,0.003,Muon,2,1,512,64,2.3024831290456214,0.888671875,full_patch_and_classifier_activation,"[[0.0030000000000000014,0.003000000000000001,0.0030000000000000005,0.0030000000000000005,0.0030000000000000005,0.0030000000000000005,0.0030000000000000005,0.0030000000000000005,0.0029999999999999996,0.002999999999999999,0.002999999999999999,0.002999999999999999,0.002999999999999999,0.002999999999999999,0.0029999999999999983,0.002999999999999998]]",16.0,16.000000000000004,15.999999999999982,1.0000000000000002,0.9999999999999989,0.9999999999999987,2.2824634626739625e-05,0.4249232924266789,0.001902052885561636,1,2.8889568711476596,2.2237839628733282,1.2991175938758315,8.711148522140219e-11,1.1316806307977806e-10,16,7,2
17,MNISTPatchClassifier,MNIST patch filters=16 kernel=7 stride=2 lr=3e-03,1.0,0.003,Muon,2,1,512,64,2.3024831290456214,0.888671875,full_patch_and_classifier_activation,"[[0.0030000000000000022,0.0030000000000000014,0.0030000000000000014,0.0030000000000000005,0.0030000000000000005,0.0030000000000000005,0.003,0.0029999999999999996,0.002999999999999999,0.0029999999999999988]]",10.0,10.0,9.999999999999988,1.0,0.9999999999999988,0.9999999999999988,2.23107109812749e-05,0.386094228060382,0.0023517554306186324,2,1.490687529415423,1.0072275438139897,1.479990830841215,3.839407012595479e-05,5.682287174508771e-05,16,7,2
16,MNISTPatchClassifier,MNIST patch filters=16 kernel=7 stride=2 lr=3e-03,1.0,0.003,Adam,2,2,512,64,2.3024741258588386,0.888671875,full_patch_and_classifier_activation,"[[0.012396306229353988,0.00482307115919729,0.0031702943789833644,0.001942310311640101,0.0015166060646974316,0.0008804774751099641,0.0008211243267802916,0.000710664091978479,0.0006749018795915027,0.0004821197470554149,0.0003389900630848487,0.00030600136515086915,0.00023171110090041888,0.000167359975076793,0.00013899477327167147,6.283927010121952e-05]]",16.0,4.191686833227966,1.275537605166593,0.2619804270767479,0.07972110032291206,0.304301741975394,3.791277487132079e-05,0.5215243601505865,0.002707987419088606,1,2.939389232647328,2.2237839628733282,1.3217962183922638,1.1721829626830635e-10,1.5493870073383135e-10,16,7,2
16,MNISTPatchClassifier,MNIST patch filters=16 kernel=7 stride=2 lr=3e-03,1.0,0.003,Adam,2,2,512,64,2.3024741258588386,0.888671875,full_patch_and_classifier_activation,"[[0.006213043225549614,0.0011792363487439356,0.0008236966745226444,0.000480739046950112,0.00044503796126803583,0.00033240342799412814,0.00025569651004811634,0.00012766359269738838,5.768466500480932e-05,4.199149884454367e-05]]",10.0,2.400772564808566,1.0698282859695778,0.2400772564808566,0.10698282859695778,0.4456183403840606,2.093478766789471e-05,0.4242003821562774,0.003257670440207255,2,1.3264676563694484,1.004615514533362,1.3203734535053293,3.87319953204099e-05,5.114069842236187e-05,16,7,2
17,MNISTPatchClassifier,MNIST patch filters=16 kernel=7 stride=2 lr=3e-03,1.0,0.003,Muon,2,2,512,64,2.3024719333637846,0.888671875,full_patch_and_classifier_activation,"[[0.0030000000000000027,0.003000000000000002,0.003000000000000001,0.003000000000000001,0.0030000000000000005,0.0030000000000000005,0.0030000000000000005,0.003,0.0029999999999999996,0.0029999999999999996,0.0029999999999999996,0.0029999999999999996,0.002999999999999999,0.0029999999999999988,0.0029999999999999983,0.0029999999999999975]]",16.0,16.0,15.999999999999973,1.0,0.9999999999999983,0.9999999999999983,2.916263532770327e-05,0.43054979584966463,0.00243021961064194,1,2.965970027299005,2.2237839628733282,1.333749175646858,1.385146103866673e-10,1.8474374741826323e-10,16,7,2
17,MNISTPatchClassifier,MNIST patch filters=16 kernel=7 stride=2 lr=3e-03,1.0,0.003,Muon,2,2,512,64,2.3024719333637846,0.888671875,full_patch_and_classifier_activation,"[[0.0030000000000000027,0.0030000000000000027,0.003000000000000001,0.003,0.003,0.002999999999999999,0.0029999999999999988,0.0029999999999999983,0.0029999999999999975,0.0029999999999999975]]",10.0,10.0,9.999999999999982,1.0,0.9999999999999982,0.9999999999999982,2.3160605185086657e-05,0.37207203121427496,0.002441342145759316,2,1.3843759641191635,1.006586309465224,1.3753176961592597,3.908569750502922e-05,5.3755251445394504e-05,16,7,2
16,MNISTPatchClassifier,MNIST patch filters=16 kernel=7 stride=2 lr=3e-03,1.0,0.003,Adam,2,3,512,64,2.30242879329403,0.888671875,full_patch_and_classifier_activation,"[[0.012359296743005286,0.004992306982568972,0.003157871650532029,0.001877446329314959,0.001497617540080369,0.0011370987587733573,0.0009429303999138387,0.0007866000933153747,0.0006631171197626442,0.0006259160196651601,0.00041558781422029083,0.00031441181927951387,0.0002692615873664567,0.00023689036693832905,0.00013035917038064222,4.929741045101323e-05]]",16.0,4.393929083401985,1.2927283373859446,0.27462056771262405,0.08079552108662154,0.2942078292226451,3.7256780795095005e-05,0.6044663740568019,0.002651294265529354,1,2.6663772471956513,2.2237839628733282,1.199027105020783,8.364170747489724e-11,1.0028867437262122e-10,16,7,2
16,MNISTPatchClassifier,MNIST patch filters=16 kernel=7 stride=2 lr=3e-03,1.0,0.003,Adam,2,3,512,64,2.30242879329403,0.888671875,full_patch_and_classifier_activation,"[[0.006032453630582203,0.0013652042346539864,0.0006399935415635696,0.0005863469321495491,0.00036762507375280557,0.00031673045718400505,0.00017994253386489497,0.0001249845828126256,6.16121917087331e-05,3.6857618168051554e-05]]",10.0,2.400178004845144,1.0798504747253341,0.24001780048451443,0.10798504747253342,0.44990432898955107,2.7786575571504545e-05,0.4438399782577248,0.004432606953039656,2,1.2389374145087968,1.0032701333899887,1.23489912963172,4.645705590408992e-05,5.7369777901212805e-05,16,7,2
17,MNISTPatchClassifier,MNIST patch filters=16 kernel=7 stride=2 lr=3e-03,1.0,0.003,Muon,2,3,512,64,2.3025053074698953,0.888671875,full_patch_and_classifier_activation,"[[0.0030000000000000027,0.0030000000000000022,0.003000000000000001,0.003000000000000001,0.003000000000000001,0.003000000000000001,0.0030000000000000005,0.0030000000000000005,0.0030000000000000005,0.0030000000000000005,0.0030000000000000005,0.0030000000000000005,0.003,0.0029999999999999996,0.0029999999999999996,0.0029999999999999996]]",16.0,16.0,15.999999999999982,1.0,0.9999999999999989,0.9999999999999989,2.236099025912845e-05,0.468725204000946,0.0018634158549273702,1,3.5152530698516546,2.2237839628733282,1.5807529546663484,6.871226697202661e-11,1.08617119037854e-10,16,7,2
17,MNISTPatchClassifier,MNIST patch filters=16 kernel=7 stride=2 lr=3e-03,1.0,0.003,Muon,2,3,512,64,2.3025053074698953,0.888671875,full_patch_and_classifier_activation,"[[0.003000000000000001,0.003000000000000001,0.0030000000000000005,0.003,0.003,0.003,0.0029999999999999996,0.0029999999999999996,0.0029999999999999988,0.0029999999999999988]]",10.0,10.0,9.999999999999993,1.0,0.9999999999999993,0.9999999999999993,2.6006517879334243e-05,0.3670069991463451,0.002741327683619607,2,1.346941374224054,1.0066938219963808,1.3379851398640017,4.698226177116381e-05,6.286156808701776e-05,16,7,2
16,MNISTPatchClassifier,MNIST patch filters=16 kernel=7 stride=2 lr=3e-03,1.0,0.003,Adam,2,4,512,64,2.302357179630538,0.888671875,full_patch_and_classifier_activation,"[[0.012569819405298886,0.005005003988176901,0.002803332666722902,0.002161159658675858,0.0014434419479754756,0.0011666737403850924,0.0009472198229004611,0.0007124963941017439,0.0006266792708875746,0.00048116942634561077,0.00041921620341779095,0.00032088725420020885,0.00030953435666019,0.0002124599549254868,8.670936721750423e-05,4.447578166523163e-05]]",16.0,4.263853380634711,1.2752037272789676,0.26649083628966946,0.07970023295493547,0.2990730715719738,4.6551297652385373e-05,0.7358268448427455,0.0032795402618774525,1,2.5420593880373628,2.2237839628733282,1.1431233566199452,8.636265714263449e-11,9.872317051950584e-11,16,7,2
16,MNISTPatchClassifier,MNIST patch filters=16 kernel=7 stride=2 lr=3e-03,1.0,0.003,Adam,2,4,512,64,2.302357179630538,0.888671875,full_patch_and_classifier_activation,"[[0.005991078773906411,0.0013241984726394406,0.0011750462561869253,0.0006398906210183945,0.00041739773744062816,0.0003636697584335587,0.00021361084546873827,0.0001272486499433694,9.228003992573701e-05,5.4178958938511675e-05]]",10.0,2.7157326007021663,1.109309389822346,0.27157326007021665,0.1109309389822346,0.40847518991211745,3.391964858268544e-05,0.5330772785360396,0.005375513658312216,2,1.281227349587577,1.0022709732662225,1.278324309255695,3.3366421126353406e-05,4.265310723868035e-05,16,7,2
17,MNISTPatchClassifier,MNIST patch filters=16 kernel=7 stride=2 lr=3e-03,1.0,0.003,Muon,2,4,512,64,2.3024392177392197,0.888671875,full_patch_and_classifier_activation,"[[0.0030000000000000022,0.003000000000000002,0.003000000000000002,0.003000000000000002,0.003000000000000002,0.003000000000000001,0.003000000000000001,0.003000000000000001,0.0030000000000000005,0.0030000000000000005,0.003,0.003,0.0029999999999999996,0.002999999999999999,0.002999999999999999,0.0029999999999999975]]",16.0,16.0,15.999999999999982,1.0,0.9999999999999989,0.9999999999999989,2.2139243940990654e-05,0.412919900191216,0.0018449369950825543,1,2.7280455035827815,2.2237839628733282,1.2267583313524315,8.67926141999117e-11,1.0647356256959902e-10,16,7,2
17,MNISTPatchClassifier,MNIST patch filters=16 kernel=7 stride=2 lr=3e-03,1.0,0.003,Muon,2,4,512,64,2.3024392177392197,0.888671875,full_patch_and_classifier_activation,"[[0.0030000000000000027,0.0030000000000000014,0.003000000000000001,0.0030000000000000005,0.0030000000000000005,0.003,0.0029999999999999996,0.0029999999999999996,0.002999999999999999,0.002999999999999999]]",10.0,9.999999999999998,9.999999999999988,0.9999999999999998,0.9999999999999988,0.9999999999999989,2.3961912379323788e-05,0.3792259529471532,0.0025258073404015907,2,1.4381232338867647,1.0061971837454535,1.429265811034688,3.359965874953746e-05,4.8022843513146405e-05,16,7,2
16,MNISTPatchClassifier,MNIST patch filters=16 kernel=7 stride=2 lr=3e-03,1.0,0.003,Adam,2,5,512,64,2.3025364465476357,0.888671875,full_patch_and_classifier_activation,,,,,,,,,,,1,4.846473811517758,2.2237839628733282,2.1793815822179416,1.8761362933617557e-11,4.0888168834832475e-11,16,7,2
16,MNISTPatchClassifier,MNIST patch filters=16 kernel=7 stride=2 lr=3e-03,1.0,0.003,Adam,2,5,512,64,2.3025364465476357,0.888671875,full_patch_and_classifier_activation,,,,,,,,,,,2,1.3329897651460423,1.0016459134090925,1.3307993845941268,1.9459765337647e-05,2.5897043735686753e-05,16,7,2
17,MNISTPatchClassifier,MNIST patch filters=16 kernel=7 stride=2 lr=3e-03,1.0,0.003,Muon,2,5,512,64,2.302528051175184,0.888671875,full_patch_and_classifier_activation,,,,,,,,,,,1,4.279368420348672,2.2237839628733282,1.924363378724678,4.148107412821203e-11,7.982465996249494e-11,16,7,2
17,MNISTPatchClassifier,MNIST patch filters=16 kernel=7 stride=2 lr=3e-03,1.0,0.003,Muon,2,5,512,64,2.302528051175184,0.888671875,full_patch_and_classifier_activation,,,,,,,,,,,2,1.6430848115192567,1.005942082634365,1.6333791377097375,1.961253297942329e-05,3.20347022062342e-05,16,7,2
18,MNISTPatchClassifier,MNIST patch filters=16 kernel=7 stride=2 lr=1e-02,1.0,0.01,Adam,0,0,512,64,2.302613307810712,0.8828125,full_patch_and_classifier_activation,"[[0.041361730381535664,0.0144433865149002,0.010430235281722497,0.008016073996327564,0.007021336884801683,0.004145336714163956,1.326314979870504e-05,3.133455224639051e-06,2.3862655345064868e-06,9.502481125380348e-07,2.7062697998139655e-07,8.854993416090458e-08,7.542756322879367e-08,5.314673121918627e-08,2.75625149977795e-08,7.0264539869836764e-09]]",16.0,3.38116429988694,1.2619498168234684,0.21132276874293374,0.07887186355146678,0.3732293686129555,0.00023018789206408617,0.7252349095804795,0.0049540767910987655,1,2.386444060561708,2.1757091732102114,1.0968580221779192,1.9179386791517726e-10,2.1037064262729437e-10,16,7,2
18,MNISTPatchClassifier,MNIST patch filters=16 kernel=7 stride=2 lr=1e-02,1.0,0.01,Adam,0,0,512,64,2.302613307810712,0.8828125,full_patch_and_classifier_activation,"[[0.018638837532150593,0.0070154747813727485,0.005011385160946769,0.004061503353020932,0.0016829953135171856,1.390099677053159e-07,9.827697981175063e-08,8.632071106797832e-08,3.020630735590237e-08,7.689211846040011e-09]]",10.0,3.0057416951291596,1.2695954562307734,0.30057416951291593,0.12695954562307735,0.42239007373393667,0.0001037367918171312,0.6252573955307008,0.004939480898481639,2,1.4214056601021172,1.0054141051569983,1.4137514610262611,3.880983928774933e-05,5.486746699525e-05,16,7,2
19,MNISTPatchClassifier,MNIST patch filters=16 kernel=7 stride=2 lr=1e-02,1.0,0.01,Muon,0,0,512,64,2.302613307810712,0.8828125,full_patch_and_classifier_activation,"[[0.01,0.01,0.01,0.01,0.009999999999999998,0.009999999999999998,0.009999999999999998,0.009999999999999997,0.009999999999999997,0.009999999999999997,0.009999999999999995,0.009999999999999995,0.009999999999999995,0.009999999999999995,0.009999999999999993,0.009999999999999992]]",16.0,16.0,15.99999999999999,1.0,0.9999999999999993,0.9999999999999993,0.00010552604524231878,0.3862029955672367,0.0026381511310579705,1,2.386444060561708,2.1757091732102114,1.0968580221779192,1.9179386791517726e-10,2.1037064262729437e-10,16,7,2
19,MNISTPatchClassifier,MNIST patch filters=16 kernel=7 stride=2 lr=1e-02,1.0,0.01,Muon,0,0,512,64,2.302613307810712,0.8828125,full_patch_and_classifier_activation,"[[0.010000000000000007,0.010000000000000004,0.010000000000000004,0.010000000000000002,0.01,0.01,0.01,0.009999999999999998,0.009999999999999998,0.009999999999999997]]",10.0,10.000000000000002,9.999999999999986,1.0000000000000002,0.9999999999999986,0.9999999999999984,9.418494603839766e-05,0.37701533922403174,0.0029783895078138926,2,1.4214056601021172,1.0054141051569983,1.4137514610262611,3.880983928774933e-05,5.486746699525e-05,16,7,2
18,MNISTPatchClassifier,MNIST patch filters=16 kernel=7 stride=2 lr=1e-02,1.0,0.01,Adam,0,1,512,64,2.302474036853624,0.900390625,full_patch_and_classifier_activation,"[[0.04390730260216153,0.011928711226095906,0.006708859291759191,0.00592071384074283,0.0034782918562938814,0.0023888725892897804,0.0019335575422827016,0.0013994962345388966,0.0010112119741583665,0.0005617838255469566,0.0005040080962452481,0.00035402628446366173,0.00025785314628786696,0.00019207347161373785,0.00013034053635316945,5.996239027300095e-05]]",16.0,2.9962376409672338,1.128485916943385,0.1872648525604521,0.07053036980896156,0.37663431682244386,0.0001860518646668528,0.6989211863710761,0.0039888637093785095,1,2.4054783659361987,2.1757091732102114,1.1056065744241763,1.3387782120391226e-10,1.4801619929262975e-10,16,7,2
18,MNISTPatchClassifier,MNIST patch filters=16 kernel=7 stride=2 lr=1e-02,1.0,0.01,Adam,0,1,512,64,2.302474036853624,0.900390625,full_patch_and_classifier_activation,"[[0.01785610030290256,0.005561275915812167,0.004169242179536299,0.002733315727856922,0.0014155936643659621,0.001286344507879312,0.0005902781030178952,0.00037210045471669896,0.00024083982726976006,0.00011578881142810018]]",10.0,3.1129247129816076,1.1881765483012878,0.31129247129816073,0.11881765483012878,0.3816913860288108,0.00011020109912822537,0.5710922442163101,0.0056618560207057685,2,1.318448467976288,1.0032945837776497,1.3141189928605084,3.510118860197084e-05,4.612713861382867e-05,16,7,2
19,MNISTPatchClassifier,MNIST patch filters=16 kernel=7 stride=2 lr=1e-02,1.0,0.01,Muon,0,1,512,64,2.302563884766286,0.900390625,full_patch_and_classifier_activation,"[[0.010000000000000002,0.010000000000000002,0.010000000000000002,0.010000000000000002,0.010000000000000002,0.009999999999999998,0.009999999999999998,0.009999999999999998,0.009999999999999998,0.009999999999999998,0.009999999999999998,0.009999999999999998,0.009999999999999998,0.009999999999999998,0.009999999999999995,0.009999999999999995]]",16.0,15.999999999999996,15.999999999999991,0.9999999999999998,0.9999999999999994,0.9999999999999997,7.783450541034944e-05,0.4527374313520693,0.0019458626352587358,1,3.279538907956314,2.1757091732102114,1.5073425016255395,7.592734323582203e-11,1.1444851149486497e-10,16,7,2
19,MNISTPatchClassifier,MNIST patch filters=16 kernel=7 stride=2 lr=1e-02,1.0,0.01,Muon,0,1,512,64,2.302563884766286,0.900390625,full_patch_and_classifier_activation,"[[0.010000000000000002,0.010000000000000002,0.010000000000000002,0.01,0.01,0.01,0.01,0.009999999999999998,0.009999999999999998,0.009999999999999997]]",10.0,9.999999999999998,9.999999999999996,0.9999999999999998,0.9999999999999997,0.9999999999999998,8.950021610218584e-05,0.38272170225252033,0.0028302453396018457,2,1.4647590137506656,1.0063007632736114,1.4555877002275515,3.504956484775396e-05,5.1017715490718616e-05,16,7,2
18,MNISTPatchClassifier,MNIST patch filters=16 kernel=7 stride=2 lr=1e-02,1.0,0.01,Adam,0,2,512,64,2.302182593124268,0.900390625,full_patch_and_classifier_activation,"[[0.04525213435869477,0.009135993396096815,0.006173902735519452,0.0037811349888483875,0.003292038711496766,0.0027257953638652596,0.0019348093840782941,0.0013791739814430375,0.0007674383536385622,0.0005373358813326988,0.0004525962721876361,0.0002831121546442164,0.00027742292565451673,0.00018419558887764514,0.0001286422754735297,9.904606486175846e-05]]",16.0,2.6428646458944063,1.0786683002418638,0.1651790403684004,0.06741676876511649,0.40814360353926393,0.0002599372472768547,0.7432058642920004,0.005530768613130196,1,1.83532110783152,2.1757091732102114,0.8435507513734217,2.276246939186605e-10,1.920129815862312e-10,16,7,2
18,MNISTPatchClassifier,MNIST patch filters=16 kernel=7 stride=2 lr=1e-02,1.0,0.01,Adam,0,2,512,64,2.302182593124268,0.900390625,full_patch_and_classifier_activation,"[[0.018395604392913358,0.0047225061890511025,0.004037428548931287,0.0023290493753377784,0.001116346919655754,0.000896259616345472,0.0005065110315507825,0.00036147163142285837,0.0002559432127054833,0.00022173130275084465]]",10.0,2.8018631583978015,1.1376448078078598,0.28018631583978015,0.11376448078078598,0.40603153812065645,0.00016046360315425165,0.5479505464732296,0.00817822649485991,2,1.1857531454437829,1.0010048308339583,1.1845628601571352,3.2566171159128936e-05,3.8576676852624585e-05,16,7,2
19,MNISTPatchClassifier,MNIST patch filters=16 kernel=7 stride=2 lr=1e-02,1.0,0.01,Muon,0,2,512,64,2.302434355423246,0.900390625,full_patch_and_classifier_activation,"[[0.010000000000000007,0.010000000000000007,0.010000000000000004,0.010000000000000002,0.01,0.009999999999999998,0.009999999999999998,0.009999999999999998,0.009999999999999998,0.009999999999999998,0.009999999999999998,0.009999999999999997,0.009999999999999995,0.009999999999999995,0.009999999999999995,0.009999999999999992]]",16.0,16.0,15.999999999999972,1.0,0.9999999999999982,0.9999999999999982,0.00011136522948322687,0.40847677093515844,0.0027841307370806713,1,2.669652358297819,2.1757091732102114,1.2270262915510923,1.9094626714158106e-10,2.3429609005625843e-10,16,7,2
19,MNISTPatchClassifier,MNIST patch filters=16 kernel=7 stride=2 lr=1e-02,1.0,0.01,Muon,0,2,512,64,2.302434355423246,0.900390625,full_patch_and_classifier_activation,"[[0.010000000000000005,0.010000000000000005,0.010000000000000004,0.01,0.01,0.01,0.01,0.009999999999999998,0.009999999999999997,0.009999999999999995]]",10.0,10.000000000000002,9.99999999999999,1.0000000000000002,0.9999999999999989,0.9999999999999988,9.111092113738604e-05,0.3927865558277016,0.0028811803051011883,2,1.542812784389882,1.0071947877731797,1.5317918669941761,3.2956754222472875e-05,5.048288808050993e-05,16,7,2
18,MNISTPatchClassifier,MNIST patch filters=16 kernel=7 stride=2 lr=1e-02,1.0,0.01,Adam,0,3,512,64,2.3020090575282017,0.900390625,full_patch_and_classifier_activation,"[[0.046347925611193753,0.00966884214876912,0.006184091981270958,0.003366826079897619,0.002902442795249948,0.0025431338732538017,0.0011666012041692535,0.0010140066430927264,0.000574328281180061,0.0004870752325030807,0.0003320537918552639,0.00029026650267361065,0.00023775667231987655,0.0001634592662660291,0.00013469880481862582,0.00010764353663985617]]",16.0,2.4697177839383433,1.0750515396844273,0.15435736149614646,0.06719072123027671,0.4352932738614746,0.0002464508996761008,0.6854517930935942,0.005128442184859586,1,1.575886319236713,2.1757091732102114,0.7243092682794213,2.3008258357211908e-10,1.6665094775096036e-10,16,7,2
18,MNISTPatchClassifier,MNIST patch filters=16 kernel=7 stride=2 lr=1e-02,1.0,0.01,Adam,0,3,512,64,2.3020090575282017,0.900390625,full_patch_and_classifier_activation,"[[0.016002107454600463,0.006720982403383963,0.0030733347258182888,0.0019882862682971685,0.0016381350933898494,0.0007910354836326715,0.0005731608880505383,0.0004080980737956394,0.0002989455515973224,0.00022270275442280943]]",10.0,3.15761079478083,1.2441291187987527,0.315761079478083,0.12441291187987527,0.3940096483249791,0.00021846407986087765,0.6079454291219556,0.012239681876015296,2,1.1246738782402634,1.0003743857226677,1.1242529739781393,2.983225563875053e-05,3.3539002122341404e-05,16,7,2
19,MNISTPatchClassifier,MNIST patch filters=16 kernel=7 stride=2 lr=1e-02,1.0,0.01,Muon,0,3,512,64,2.302376397737511,0.814453125,full_patch_and_classifier_activation,"[[0.010000000000000009,0.010000000000000007,0.010000000000000007,0.010000000000000004,0.010000000000000004,0.010000000000000004,0.010000000000000004,0.010000000000000002,0.010000000000000002,0.010000000000000002,0.010000000000000002,0.010000000000000002,0.009999999999999998,0.009999999999999998,0.009999999999999997,0.009999999999999995]]",16.0,16.0,15.999999999999979,1.0,0.9999999999999987,0.9999999999999987,9.671787647503598e-05,0.4444173953554444,0.0024179469118758997,1,3.1601091407122763,2.1757091732102114,1.4524501618245256,1.216684777626763e-10,1.7671740021534286e-10,16,7,2
19,MNISTPatchClassifier,MNIST patch filters=16 kernel=7 stride=2 lr=1e-02,1.0,0.01,Muon,0,3,512,64,2.302376397737511,0.814453125,full_patch_and_classifier_activation,"[[0.010000000000000002,0.010000000000000002,0.010000000000000002,0.009999999999999998,0.009999999999999998,0.009999999999999998,0.009999999999999998,0.009999999999999997,0.009999999999999997,0.009999999999999995]]",10.0,10.0,9.999999999999993,1.0,0.9999999999999993,0.9999999999999993,0.00010169982278559344,0.40603785854859376,0.0032160307763796523,2,1.6486674257472786,1.0073493680271925,1.636639162216434,3.0817706235864453e-05,5.043746491529737e-05,16,7,2
18,MNISTPatchClassifier,MNIST patch filters=16 kernel=7 stride=2 lr=1e-02,1.0,0.01,Adam,0,4,512,64,2.301532640930749,0.8984375,full_patch_and_classifier_activation,"[[0.04822870102085051,0.009658580263912515,0.005708283667344231,0.0035657229058182536,0.0025731756017701537,0.0016829606795356708,0.0009404580077053227,0.00071181010093926,0.00040143136968527436,0.0003745843218932963,0.00029485812620840316,0.0002590673297836246,0.00020447469709334586,0.00016770438389217802,8.654968135269577e-05,7.29720991252647e-05]]",16.0,2.2676718647106355,1.0644753040553798,0.14172949154441472,0.06652970650346124,0.46941328709002234,0.0003347500638754939,0.8122864118470433,0.006727400893260239,1,1.6441379760878663,2.1757091732102114,0.7556791120487747,2.819310389588171e-10,2.1304939717938741e-10,16,7,2
18,MNISTPatchClassifier,MNIST patch filters=16 kernel=7 stride=2 lr=1e-02,1.0,0.01,Adam,0,4,512,64,2.301532640930749,0.8984375,full_patch_and_classifier_activation,"[[0.01636665031251171,0.006704058640779367,0.002799235725485133,0.0014976173587914743,0.0013428347545830944,0.000806931103061182,0.0005438952579845965,0.000389446903536073,0.00019390787520962198,0.00014856705370921115]]",10.0,2.909966995261318,1.216467256270158,0.29099669952613183,0.1216467256270158,0.4180347262532845,0.00033332392479262703,0.6313026016237643,0.018465304413249877,2,1.0708997610859567,1.0001748411897047,1.070712556428759,3.450760408968282e-05,3.694772499109579e-05,16,7,2
19,MNISTPatchClassifier,MNIST patch filters=16 kernel=7 stride=2 lr=1e-02,1.0,0.01,Muon,0,4,512,64,2.302285692418528,0.8828125,full_patch_and_classifier_activation,"[[0.010000000000000002,0.010000000000000002,0.010000000000000002,0.010000000000000002,0.009999999999999998,0.009999999999999998,0.009999999999999998,0.009999999999999998,0.009999999999999998,0.009999999999999998,0.009999999999999997,0.009999999999999995,0.009999999999999995,0.009999999999999995,0.009999999999999995,0.009999999999999995]]",16.0,16.0,15.999999999999988,1.0,0.9999999999999992,0.9999999999999992,9.826427675435907e-05,0.4835459851170011,0.002456606918858977,1,3.74106751556434,2.1757091732102114,1.7194703968841922,1.0608706374198733e-10,1.8241356559671352e-10,16,7,2
19,MNISTPatchClassifier,MNIST patch filters=16 kernel=7 stride=2 lr=1e-02,1.0,0.01,Muon,0,4,512,64,2.302285692418528,0.8828125,full_patch_and_classifier_activation,"[[0.010000000000000009,0.010000000000000005,0.010000000000000004,0.010000000000000004,0.010000000000000002,0.010000000000000002,0.010000000000000002,0.009999999999999998,0.009999999999999998,0.009999999999999998]]",10.0,10.0,9.999999999999986,1.0,0.9999999999999986,0.9999999999999986,0.00011947654308981614,0.39028951302589227,0.0037781800312707025,2,1.5232590397798824,1.006391806143748,1.5135845010668814,3.512497627259013e-05,5.316461968653439e-05,16,7,2
18,MNISTPatchClassifier,MNIST patch filters=16 kernel=7 stride=2 lr=1e-02,1.0,0.01,Adam,0,5,512,64,2.302524243613716,0.8984375,full_patch_and_classifier_activation,,,,,,,,,,,1,1.995049966622242,2.1757091732102114,0.9169653698148403,6.541232335649498e-11,5.998083527703634e-11,16,7,2
18,MNISTPatchClassifier,MNIST patch filters=16 kernel=7 stride=2 lr=1e-02,1.0,0.01,Adam,0,5,512,64,2.302524243613716,0.8984375,full_patch_and_classifier_activation,,,,,,,,,,,2,1.0609773325722656,1.0001043923199053,1.0608665862482172,2.5921570405601087e-05,2.7499327906382835e-05,16,7,2
19,MNISTPatchClassifier,MNIST patch filters=16 kernel=7 stride=2 lr=1e-02,1.0,0.01,Muon,0,5,512,64,2.302481694734746,0.814453125,full_patch_and_classifier_activation,,,,,,,,,,,1,2.662070800531801,2.1757091732102114,1.2235416540547897,2.2740212571814295e-10,2.782359730367518e-10,16,7,2
19,MNISTPatchClassifier,MNIST patch filters=16 kernel=7 stride=2 lr=1e-02,1.0,0.01,Muon,0,5,512,64,2.302481694734746,0.814453125,full_patch_and_classifier_activation,,,,,,,,,,,2,1.5825435111073498,1.0063503073282323,1.5725572890307526,2.6077890197126087e-05,4.100897631203424e-05,16,7,2
20,MNISTPatchClassifier,MNIST patch filters=16 kernel=7 stride=2 lr=1e-02,1.0,0.01,Adam,1,0,512,64,2.3026027968024763,0.916015625,full_patch_and_classifier_activation,"[[0.036782201531689755,0.015574193311327162,0.012144168621094015,0.010202806197031622,0.008453040709699,0.008400822203872824,0.007025231271568283,0.006583454293030058,0.0048866021709930004,0.004811201086963109,0.004239457932342117,0.003333625028303413,7.914370775041816e-06,1.931416791403782e-06,4.329914973348801e-07,2.117406358162108e-07]]",16.0,6.948116070279477,1.5949823668540608,0.4342572543924673,0.0996863979283788,0.22955609128013676,5.4037438971588596e-05,0.7410900014253655,0.0011632661626296997,1,4.7922424142211355,2.188943934324429,2.1892942706639764,1.0419043321376801e-11,2.281035184929e-11,16,7,2
20,MNISTPatchClassifier,MNIST patch filters=16 kernel=7 stride=2 lr=1e-02,1.0,0.01,Adam,1,0,512,64,2.3026027968024763,0.916015625,full_patch_and_classifier_activation,"[[0.016897480010389338,0.008017647884466544,0.0061957005915280845,0.005606527269176512,0.003457615698461437,0.0027583480052257954,0.0017055775662786906,1.3811393883605046e-06,1.23933795847078e-07,5.46424575129408e-08]]",10.0,4.507510988974408,1.5483765382196237,0.4507510988974408,0.15483765382196238,0.3435103191111521,3.389325913784449e-05,0.6780293957075542,0.0016119556905531212,2,2.2166224272176893,1.0084888036720894,2.1979643394617447,8.3959812982751e-06,1.8454067488396395e-05,16,7,2
21,MNISTPatchClassifier,MNIST patch filters=16 kernel=7 stride=2 lr=1e-02,1.0,0.01,Muon,1,0,512,64,2.3026027968024763,0.916015625,full_patch_and_classifier_activation,"[[0.010000000000000005,0.010000000000000004,0.010000000000000004,0.010000000000000004,0.010000000000000004,0.010000000000000004,0.010000000000000004,0.010000000000000004,0.010000000000000004,0.010000000000000002,0.010000000000000002,0.010000000000000002,0.01,0.01,0.01,0.009999999999999998]]",16.0,15.999999999999998,15.999999999999991,0.9999999999999999,0.9999999999999994,0.9999999999999996,3.436192857611744e-05,0.5472797738714826,0.0008590482144029358,1,4.7922424142211355,2.188943934324429,2.1892942706639764,1.0419043321376801e-11,2.281035184929e-11,16,7,2
21,MNISTPatchClassifier,MNIST patch filters=16 kernel=7 stride=2 lr=1e-02,1.0,0.01,Muon,1,0,512,64,2.3026027968024763,0.916015625,full_patch_and_classifier_activation,"[[0.010000000000000002,0.01,0.01,0.01,0.01,0.009999999999999998,0.009999999999999998,0.009999999999999997,0.009999999999999997,0.009999999999999997]]",10.0,10.0,9.999999999999993,1.0,0.9999999999999993,0.9999999999999993,3.5395694519808406e-05,0.4708101981921897,0.0011193101404613447,2,2.2166224272176893,1.0084888036720894,2.1979643394617447,8.3959812982751e-06,1.8454067488396395e-05,16,7,2
20,MNISTPatchClassifier,MNIST patch filters=16 kernel=7 stride=2 lr=1e-02,1.0,0.01,Adam,1,1,512,64,2.3025190331075884,0.88671875,full_patch_and_classifier_activation,"[[0.03784421762292867,0.014205160929428948,0.011625811383479658,0.00963212442066878,0.008011129641295321,0.007451742514151094,0.0058245458222482525,0.004367629868458347,0.004060234307636793,0.002909636195205589,0.0025871524296608548,0.001346202286055349,0.0009322664670334078,0.000808047714880413,0.0007659515256973622,0.0004757905177352073]]",16.0,6.150760493840171,1.4456298643473673,0.3844225308650107,0.09035186652171046,0.2350327029958537,9.575534159326449e-05,0.6522176744042218,0.0021044321254186683,1,2.731717003125791,2.188943934324429,1.2479611561951116,4.4024687267604946e-11,5.4941099623608486e-11,16,7,2
20,MNISTPatchClassifier,MNIST patch filters=16 kernel=7 stride=2 lr=1e-02,1.0,0.01,Adam,1,1,512,64,2.3025190331075884,0.88671875,full_patch_and_classifier_activation,"[[0.019306977621710457,0.008947212293326073,0.007381102576882689,0.004733810341438007,0.003535436631805495,0.0028475323148389373,0.002571213764301621,0.0016314162790379543,0.000726724717880314,0.00024686723611711453]]",10.0,4.813792848923927,1.5027686358195196,0.4813792848923927,0.15027686358195197,0.31217974744290206,6.920476606895229e-05,0.47381933922669633,0.002923988435060215,2,1.4241277775438685,1.0055954090688872,1.41620353941603,3.282925500764157e-05,4.649290713821342e-05,16,7,2
21,MNISTPatchClassifier,MNIST patch filters=16 kernel=7 stride=2 lr=1e-02,1.0,0.01,Muon,1,1,512,64,2.3025368308656233,0.89453125,full_patch_and_classifier_activation,"[[0.010000000000000009,0.010000000000000009,0.010000000000000009,0.010000000000000007,0.010000000000000007,0.010000000000000007,0.010000000000000007,0.010000000000000007,0.010000000000000005,0.010000000000000005,0.010000000000000004,0.010000000000000004,0.010000000000000002,0.010000000000000002,0.010000000000000002,0.010000000000000002]]",16.0,16.0,15.99999999999999,1.0,0.9999999999999993,0.9999999999999993,5.6289217608362e-05,0.4379198606166884,0.001407230440209049,1,3.068380869160642,2.188943934324429,1.4017631155581116,4.366693593156797e-11,6.121070015831118e-11,16,7,2
21,MNISTPatchClassifier,MNIST patch filters=16 kernel=7 stride=2 lr=1e-02,1.0,0.01,Muon,1,1,512,64,2.3025368308656233,0.89453125,full_patch_and_classifier_activation,"[[0.010000000000000002,0.010000000000000002,0.010000000000000002,0.01,0.01,0.01,0.009999999999999998,0.009999999999999997,0.009999999999999995,0.009999999999999995]]",10.0,10.0,9.999999999999993,1.0,0.9999999999999993,0.9999999999999993,5.803426502002052e-05,0.39693139645771863,0.0018352045979710208,2,1.575545334938747,1.0087126488553075,1.561936728687485,3.147296786261371e-05,4.915878446541721e-05,16,7,2
20,MNISTPatchClassifier,MNIST patch filters=16 kernel=7 stride=2 lr=1e-02,1.0,0.01,Adam,1,2,512,64,2.302463422771203,0.88671875,full_patch_and_classifier_activation,"[[0.041304511769280856,0.012385253252869636,0.009851048668334108,0.007680430441785537,0.005700484805563209,0.005168233990037075,0.005007860796918337,0.0031113503205433737,0.0029269316322312147,0.0021423208822021395,0.0013720995864260096,0.0011668658373156545,0.0006653303694995372,0.0005637308328113275,0.00045915305999253325,0.00029251779069918875]]",16.0,4.682687576425336,1.2466788340428974,0.2926679735265835,0.07791742712768109,0.266231477905811,0.00010497063581172749,0.646687918242481,0.002276108924496548,1,2.7932478614281493,2.188943934324429,1.2760709937005426,5.2385144892339084e-11,6.684716389791405e-11,16,7,2
20,MNISTPatchClassifier,MNIST patch filters=16 kernel=7 stride=2 lr=1e-02,1.0,0.01,Adam,1,2,512,64,2.302463422771203,0.88671875,full_patch_and_classifier_activation,"[[0.01942076360165267,0.006704749588898051,0.00504502189228761,0.0043871489820717265,0.004097579248127283,0.0022067514275731087,0.002159611985022007,0.0006356237557924917,0.0004967539869180824,0.00024803544002346495]]",10.0,4.173987229794066,1.3093839478270553,0.4173987229794066,0.13093839478270553,0.3137009951733027,9.940222113298083e-05,0.49197957994999586,0.0044729730413859475,2,1.2837805182625652,1.0020975064354303,1.281093416576908,3.031887397783499e-05,3.884130985102933e-05,16,7,2
21,MNISTPatchClassifier,MNIST patch filters=16 kernel=7 stride=2 lr=1e-02,1.0,0.01,Muon,1,2,512,64,2.302463385625562,0.88671875,full_patch_and_classifier_activation,"[[0.010000000000000009,0.010000000000000007,0.010000000000000005,0.010000000000000005,0.010000000000000004,0.010000000000000004,0.010000000000000002,0.010000000000000002,0.010000000000000002,0.010000000000000002,0.010000000000000002,0.010000000000000002,0.010000000000000002,0.010000000000000002,0.010000000000000002,0.010000000000000002]]",16.0,16.0,15.999999999999982,1.0,0.9999999999999989,0.9999999999999989,7.612784136851518e-05,0.4123015636218843,0.0019031960342128784,1,2.7198812698408132,2.188943934324429,1.2425541043746497,9.010494902133792e-11,1.1196027423093203e-10,16,7,2
21,MNISTPatchClassifier,MNIST patch filters=16 kernel=7 stride=2 lr=1e-02,1.0,0.01,Muon,1,2,512,64,2.302463385625562,0.88671875,full_patch_and_classifier_activation,"[[0.010000000000000007,0.010000000000000005,0.010000000000000005,0.010000000000000004,0.010000000000000002,0.010000000000000002,0.010000000000000002,0.010000000000000002,0.01,0.009999999999999995]]",10.0,10.0,9.999999999999991,1.0,0.9999999999999991,0.9999999999999991,6.919885206798386e-05,0.4084972858424205,0.0021882598400388173,2,1.6687003254062427,1.0088141389123064,1.6541206759903455,3.009005770055898e-05,4.977258658423713e-05,16,7,2
20,MNISTPatchClassifier,MNIST patch filters=16 kernel=7 stride=2 lr=1e-02,1.0,0.01,Adam,1,3,512,64,2.302155924129721,0.88671875,full_patch_and_classifier_activation,"[[0.043456133347635754,0.011023806791464969,0.007554144961667027,0.0059793851988508675,0.004694045884988116,0.0034900282453174517,0.0030910267416014523,0.002939748688025168,0.0022074522087028076,0.0019569115938833444,0.0016299792302254205,0.0007607894178206176,0.0005662168933735606,0.0005336166870209978,0.00028319813192491394,0.00015869208369801222]]",16.0,3.763490993219457,1.1479542786681727,0.23521818707621606,0.07174714241676079,0.305023787950177,0.00025313958619791957,0.7764150024471306,0.005436841714619002,1,1.7709601937267372,2.188943934324429,0.8090477631503643,2.0735623678745655e-10,1.67761099548169e-10,16,7,2
20,MNISTPatchClassifier,MNIST patch filters=16 kernel=7 stride=2 lr=1e-02,1.0,0.01,Adam,1,3,512,64,2.302155924129721,0.88671875,full_patch_and_classifier_activation,"[[0.020120200837942862,0.006537219140311552,0.004943063952811783,0.00398250696905035,0.0031628281618232726,0.0023461205352622297,0.001650237502582892,0.000965307549616558,0.00037336151487871053,0.0002664116631306133]]",10.0,3.877329598748707,1.2529570903920904,0.3877329598748707,0.12529570903920903,0.32314949206186777,0.00020373084581000125,0.5562115240154802,0.009045995714456322,2,1.1605644788787703,1.0006725742553593,1.1597844377241908,3.779337852431743e-05,4.3832172261522995e-05,16,7,2
21,MNISTPatchClassifier,MNIST patch filters=16 kernel=7 stride=2 lr=1e-02,1.0,0.01,Muon,1,3,512,64,2.3025189366925374,0.88671875,full_patch_and_classifier_activation,"[[0.010000000000000005,0.010000000000000004,0.010000000000000004,0.010000000000000004,0.010000000000000002,0.010000000000000002,0.010000000000000002,0.01,0.01,0.01,0.009999999999999998,0.009999999999999998,0.009999999999999998,0.009999999999999997,0.009999999999999997,0.009999999999999995]]",16.0,16.0,15.999999999999982,1.0,0.9999999999999989,0.9999999999999989,8.85346421107507e-05,0.4381600986430469,0.0022133660527687673,1,3.0717483526861544,2.188943934324429,1.4033015211210442,1.0790769081127616e-10,1.5142702665612317e-10,16,7,2
21,MNISTPatchClassifier,MNIST patch filters=16 kernel=7 stride=2 lr=1e-02,1.0,0.01,Muon,1,3,512,64,2.3025189366925374,0.88671875,full_patch_and_classifier_activation,"[[0.01,0.01,0.01,0.009999999999999998,0.009999999999999998,0.009999999999999998,0.009999999999999997,0.009999999999999997,0.009999999999999997,0.009999999999999995]]",10.0,10.0,9.999999999999995,1.0,0.9999999999999994,0.9999999999999994,9.4758291312111e-05,0.3984035834015296,0.0029965202773201615,2,1.5872541526717927,1.0074323775306948,1.5755441140002786,3.767434019183358e-05,5.9357584938087524e-05,16,7,2
20,MNISTPatchClassifier,MNIST patch filters=16 kernel=7 stride=2 lr=1e-02,1.0,0.01,Adam,1,4,512,64,2.301804883003332,0.88671875,full_patch_and_classifier_activation,"[[0.04552574533653027,0.010293313618794282,0.0067556160391436595,0.005143631706988635,0.0037696881122713326,0.003065485884239306,0.0028480272759162342,0.0018810850309430541,0.0017170555748269836,0.0015360310917654232,0.0007848532675486473,0.0006445537139714795,0.0003798110558133656,0.0003361843394429985,0.0001765851727601611,9.396080722190552e-05]]",16.0,3.147947208898825,1.106118974571262,0.19674670055617657,0.06913243591070388,0.3513778666441457,0.00026942516554005454,0.7634845260023012,0.005627042204429651,1,1.6804858637549727,2.188943934324429,0.7677153523229086,2.2970551752382165e-10,1.7634845231631681e-10,16,7,2
20,MNISTPatchClassifier,MNIST patch filters=16 kernel=7 stride=2 lr=1e-02,1.0,0.01,Adam,1,4,512,64,2.301804883003332,0.88671875,full_patch_and_classifier_activation,"[[0.01962880008860236,0.005493054100639197,0.003950093966812958,0.0033649529024633988,0.0024643496183575243,0.001858439412510125,0.0015477193889324814,0.0009799815633440541,0.0005082396263176878,0.00033283259624662074]]",10.0,3.53412565979939,1.1825937134743627,0.35341256597993903,0.11825937134743628,0.3346212974049969,0.00018409819499615025,0.5336002281165755,0.008624580805148678,2,1.1612460780101481,1.0003622029356778,1.1608256235614842,1.800922583268969e-05,2.0905570807091603e-05,16,7,2
21,MNISTPatchClassifier,MNIST patch filters=16 kernel=7 stride=2 lr=1e-02,1.0,0.01,Muon,1,4,512,64,2.302382190575898,0.88671875,full_patch_and_classifier_activation,"[[0.010000000000000007,0.010000000000000005,0.010000000000000004,0.010000000000000004,0.010000000000000002,0.01,0.01,0.01,0.01,0.01,0.009999999999999998,0.009999999999999998,0.009999999999999997,0.009999999999999997,0.009999999999999997,0.009999999999999995]]",16.0,16.0,15.999999999999979,1.0,0.9999999999999987,0.9999999999999987,8.377718614419716e-05,0.40914193589797543,0.002094429653604929,1,2.6783539793654865,2.188943934324429,1.22358272286773,1.108141260269855e-10,1.3559025005630672e-10,16,7,2
21,MNISTPatchClassifier,MNIST patch filters=16 kernel=7 stride=2 lr=1e-02,1.0,0.01,Muon,1,4,512,64,2.302382190575898,0.88671875,full_patch_and_classifier_activation,"[[0.01,0.009999999999999998,0.009999999999999995,0.009999999999999995,0.009999999999999993,0.009999999999999992,0.009999999999999992,0.00999999999999999,0.00999999999999999,0.00999999999999999]]",10.0,10.000000000000002,9.999999999999988,1.0000000000000002,0.9999999999999988,0.9999999999999986,7.023508341208431e-05,0.4403373486954103,0.00222102835234097,2,1.938969806561033,1.0096611581485917,1.9204163603921416,1.6683560973788573e-05,3.203938344366343e-05,16,7,2
20,MNISTPatchClassifier,MNIST patch filters=16 kernel=7 stride=2 lr=1e-02,1.0,0.01,Adam,1,5,512,64,2.301998977111878,0.88671875,full_patch_and_classifier_activation,,,,,,,,,,,1,1.6366227932840733,2.188943934324429,0.7476768900383838,1.8138223710241684e-10,1.3561530694493979e-10,16,7,2
20,MNISTPatchClassifier,MNIST patch filters=16 kernel=7 stride=2 lr=1e-02,1.0,0.01,Adam,1,5,512,64,2.301998977111878,0.88671875,full_patch_and_classifier_activation,,,,,,,,,,,2,1.0693548998281268,1.0001690624966841,1.0691741425781924,3.409567042364885e-05,3.64542091908334e-05,16,7,2
21,MNISTPatchClassifier,MNIST patch filters=16 kernel=7 stride=2 lr=1e-02,1.0,0.01,Muon,1,5,512,64,2.302396443437064,0.88671875,full_patch_and_classifier_activation,,,,,,,,,,,1,3.3145180861169576,2.188943934324429,1.5142087625647265,9.290294907967559e-11,1.4067445956454938e-10,16,7,2
21,MNISTPatchClassifier,MNIST patch filters=16 kernel=7 stride=2 lr=1e-02,1.0,0.01,Muon,1,5,512,64,2.302396443437064,0.88671875,full_patch_and_classifier_activation,,,,,,,,,,,2,1.6872703545537784,1.008611666957382,1.672864205154066,3.44415377403937e-05,5.761601565636748e-05,16,7,2
22,MNISTPatchClassifier,MNIST patch filters=16 kernel=7 stride=2 lr=1e-02,1.0,0.01,Adam,2,0,512,64,2.302510297999061,0.880859375,full_patch_and_classifier_activation,"[[0.03885619295813703,0.014886272523899092,0.01223796818395751,0.010359291493003258,0.009280573135591138,0.006320002271513907,0.005145014819675644,0.0042596652184808395,1.877643800574568e-05,1.4037357094831164e-05,6.376124980649394e-06,4.759233945421498e-06,3.6520014980515594e-06,4.881011304618972e-07,6.71870149285451e-08,1.2714593951524251e-08]]",16.0,4.761340674012256,1.4301035293115802,0.297583792125766,0.08938147058197377,0.30035732102035656,0.00015254755858789523,0.6581357404273238,0.0032829273729821948,1,2.613799924105448,2.2237839628733282,1.1753839256616385,1.0817898840972802e-10,1.2715184407113102e-10,16,7,2
22,MNISTPatchClassifier,MNIST patch filters=16 kernel=7 stride=2 lr=1e-02,1.0,0.01,Adam,2,0,512,64,2.302510297999061,0.880859375,full_patch_and_classifier_activation,"[[0.01963807964970059,0.004864295272989065,0.0033180321387848814,0.0033148405435585605,0.002327613033493089,0.002023246664512043,9.103462221969883e-08,3.214019236499301e-08,2.4319292780170967e-08,4.7807030278086355e-09]]",10.0,2.856635762696521,1.14305610330131,0.2856635762696521,0.11430561033013101,0.40014065434170804,7.391496804704596e-05,0.5706983948441545,0.0035204615300043446,2,1.375747118590869,1.0079194726778942,1.3649375330905262,4.474717776600395e-05,6.107710243269267e-05,16,7,2
23,MNISTPatchClassifier,MNIST patch filters=16 kernel=7 stride=2 lr=1e-02,1.0,0.01,Muon,2,0,512,64,2.302510297999061,0.880859375,full_patch_and_classifier_activation,"[[0.010000000000000005,0.010000000000000004,0.010000000000000004,0.010000000000000004,0.010000000000000004,0.010000000000000002,0.010000000000000002,0.010000000000000002,0.01,0.01,0.01,0.009999999999999998,0.009999999999999998,0.009999999999999998,0.009999999999999997,0.009999999999999995]]",16.0,16.000000000000004,15.999999999999984,1.0000000000000002,0.999999999999999,0.9999999999999988,8.064583994718156e-05,0.4041812653458724,0.002016145998679539,1,2.613799924105448,2.2237839628733282,1.1753839256616385,1.0817898840972802e-10,1.2715184407113102e-10,16,7,2
23,MNISTPatchClassifier,MNIST patch filters=16 kernel=7 stride=2 lr=1e-02,1.0,0.01,Muon,2,0,512,64,2.302510297999061,0.880859375,full_patch_and_classifier_activation,"[[0.010000000000000005,0.01,0.01,0.01,0.01,0.009999999999999998,0.009999999999999998,0.009999999999999997,0.009999999999999997,0.009999999999999995]]",10.0,10.0,9.999999999999988,1.0,0.9999999999999988,0.9999999999999988,7.235395206217037e-05,0.37091065212404845,0.002288032862310952,2,1.375747118590869,1.0079194726778942,1.3649375330905262,4.474717776600395e-05,6.107710243269267e-05,16,7,2
22,MNISTPatchClassifier,MNIST patch filters=16 kernel=7 stride=2 lr=1e-02,1.0,0.01,Adam,2,1,512,64,2.3023694881122396,0.888671875,full_patch_and_classifier_activation,"[[0.04248103513931753,0.013380551622718466,0.010806924075107296,0.008382573839827025,0.005910204692337361,0.0024477181385332836,0.002267022895193878,0.001603788738572128,0.0011976588368228297,0.0009681879362061237,0.000912735152913435,0.0006711753934907024,0.0005797380550432937,0.00039420236568442807,0.0002807789294026822,8.725556252142383e-05]]",16.0,3.8372452161375556,1.2321589629833372,0.23982782600859723,0.07700993518645857,0.32110508804636356,0.00016750591104175774,0.6621303914173052,0.003552234895840389,1,2.3371365470227015,2.2237839628733282,1.0509728400068645,1.2513178104637213e-10,1.3151010330142287e-10,16,7,2
22,MNISTPatchClassifier,MNIST patch filters=16 kernel=7 stride=2 lr=1e-02,1.0,0.01,Adam,2,1,512,64,2.3023694881122396,0.888671875,full_patch_and_classifier_activation,"[[0.01904113889932437,0.005732779733786146,0.0037249688036429633,0.0034810590275737513,0.0020754676429040773,0.0016812803537298191,0.0008174486582913502,0.0006377354757945134,0.00043078121141516037,0.0001366868122514097]]",10.0,3.317002500965094,1.185542971944578,0.3317002500965094,0.1185542971944578,0.3574139517831657,8.888900660014327e-05,0.47172440404883376,0.004287424461205051,2,1.3290399680664888,1.0032557570645688,1.3247269788464844,3.9619462496833516e-05,5.248497085695186e-05,16,7,2
23,MNISTPatchClassifier,MNIST patch filters=16 kernel=7 stride=2 lr=1e-02,1.0,0.01,Muon,2,1,512,64,2.3024094676910436,0.888671875,full_patch_and_classifier_activation,"[[0.010000000000000002,0.010000000000000002,0.010000000000000002,0.010000000000000002,0.010000000000000002,0.009999999999999998,0.009999999999999998,0.009999999999999998,0.009999999999999998,0.009999999999999998,0.009999999999999998,0.009999999999999998,0.009999999999999998,0.009999999999999997,0.009999999999999997,0.009999999999999993]]",16.0,15.999999999999996,15.999999999999991,0.9999999999999998,0.9999999999999994,0.9999999999999997,8.472414492723884e-05,0.4160903405121979,0.002118103623180971,1,2.770098743480912,2.2237839628733282,1.2456689992051637,1.1266018407718931e-10,1.4033729874970192e-10,16,7,2
23,MNISTPatchClassifier,MNIST patch filters=16 kernel=7 stride=2 lr=1e-02,1.0,0.01,Muon,2,1,512,64,2.3024094676910436,0.888671875,full_patch_and_classifier_activation,"[[0.010000000000000005,0.010000000000000005,0.010000000000000004,0.010000000000000004,0.010000000000000002,0.01,0.01,0.009999999999999998,0.009999999999999998,0.009999999999999998]]",10.0,10.0,9.999999999999991,1.0,0.9999999999999991,0.9999999999999991,8.565373962870575e-05,0.3778340160425371,0.002708609073377352,2,1.4275854367883223,1.005945117881287,1.4191484320686305,3.8804956453087625e-05,5.5069993106890795e-05,16,7,2
22,MNISTPatchClassifier,MNIST patch filters=16 kernel=7 stride=2 lr=1e-02,1.0,0.01,Adam,2,2,512,64,2.302402964237323,0.888671875,full_patch_and_classifier_activation,"[[0.04290342758914599,0.016452130949640233,0.010984223147512979,0.00500784297130441,0.0034203258672860066,0.0023544304431607132,0.0019317925854654828,0.0015862384393509005,0.001196902403981764,0.001162209671139206,0.0008691170729228631,0.0007847052737272951,0.0005325059473801203,0.0003787383388403654,0.0002550077490888783,0.0001994402995245148]]",16.0,3.545916122433414,1.2415273880227775,0.22161975765208838,0.0775954617514236,0.3501288087916668,0.00016712861575017546,0.5360470735240974,0.0034960744634897276,1,2.1196107077285946,2.2237839628733282,0.9531549570983808,1.8492976061251622e-10,1.7626671804283674e-10,16,7,2
22,MNISTPatchClassifier,MNIST patch filters=16 kernel=7 stride=2 lr=1e-02,1.0,0.01,Adam,2,2,512,64,2.302402964237323,0.888671875,full_patch_and_classifier_activation,"[[0.019481564469093982,0.004791649777202839,0.004599542056301619,0.0029862655520017487,0.00204340873255971,0.0016471535040727557,0.001136571173141892,0.00047796095965811316,0.0003974882638243764,0.00016945011216142552]]",10.0,3.2270177253679715,1.1623820031502017,0.32270177253679716,0.11623820031502016,0.3602031665375055,0.00013278186661900082,0.4407508820068758,0.006321796343253226,2,1.190047589182846,1.0011636156266828,1.1886644406648061,3.8421848144660607e-05,4.5670684634181116e-05,16,7,2
23,MNISTPatchClassifier,MNIST patch filters=16 kernel=7 stride=2 lr=1e-02,1.0,0.01,Muon,2,2,512,64,2.302459452327796,0.888671875,full_patch_and_classifier_activation,"[[0.010000000000000005,0.010000000000000004,0.010000000000000002,0.010000000000000002,0.010000000000000002,0.010000000000000002,0.010000000000000002,0.01,0.01,0.01,0.01,0.009999999999999998,0.009999999999999998,0.009999999999999998,0.009999999999999997,0.009999999999999995]]",16.0,15.999999999999998,15.999999999999984,0.9999999999999999,0.999999999999999,0.9999999999999991,0.00011965245613953997,0.42026974468606837,0.0029913114034884995,1,2.8260265327758876,2.2237839628733282,1.2708188295073448,2.2025121799429293e-10,2.798993950490744e-10,16,7,2
23,MNISTPatchClassifier,MNIST patch filters=16 kernel=7 stride=2 lr=1e-02,1.0,0.01,Muon,2,2,512,64,2.302459452327796,0.888671875,full_patch_and_classifier_activation,"[[0.010000000000000005,0.010000000000000005,0.010000000000000004,0.010000000000000004,0.010000000000000004,0.01,0.01,0.01,0.009999999999999998,0.009999999999999998]]",10.0,10.0,9.999999999999993,1.0,0.9999999999999993,0.9999999999999993,0.00010307042091362984,0.36848246728355133,0.0032593728947932325,2,1.3577932869537361,1.0051254587299558,1.3508694612803858,3.8749562067090066e-05,5.234560003442084e-05,16,7,2
22,MNISTPatchClassifier,MNIST patch filters=16 kernel=7 stride=2 lr=1e-02,1.0,0.01,Adam,2,3,512,64,2.3019843899146903,0.888671875,full_patch_and_classifier_activation,"[[0.04424141776097146,0.016234605751601027,0.011513232478002313,0.004502681535139567,0.0032791262440186346,0.0029199780560907494,0.0019093074648284397,0.0014621577000478953,0.0009696958838632902,0.0008953818730840322,0.0005985833702356852,0.0005166305951026516,0.0004104321542854424,0.0003452645398333482,0.00027904362656628326,0.00017746844012721122]]",16.0,3.3920034203266876,1.2269539402776786,0.21200021377041797,0.07668462126735491,0.3617195468981895,0.00021207229108814133,0.6513173253491376,0.004327536728378986,1,1.9413976676281368,2.2237839628733282,0.873015409788133,1.9193208506990866e-10,1.675596678987971e-10,16,7,2
22,MNISTPatchClassifier,MNIST patch filters=16 kernel=7 stride=2 lr=1e-02,1.0,0.01,Adam,2,3,512,64,2.3019843899146903,0.888671875,full_patch_and_classifier_activation,"[[0.018173309047152055,0.004777533445799115,0.003794362185968802,0.002543872148513192,0.0017412150708169276,0.0011079146916067029,0.0009385333799224702,0.00044814634507609987,0.0003399968227847916,0.0001280712170966756]]",10.0,3.0453690310032457,1.148867307169042,0.30453690310032455,0.11488673071690421,0.37725060426931806,0.00019435026128492055,0.45412544090593643,0.00997737237474573,2,1.1444946685527677,1.0008478951535074,1.1435250791802167,4.5006289461453175e-05,5.1465820720016e-05,16,7,2
23,MNISTPatchClassifier,MNIST patch filters=16 kernel=7 stride=2 lr=1e-02,1.0,0.01,Muon,2,3,512,64,2.3023590197003703,0.888671875,full_patch_and_classifier_activation,"[[0.010000000000000009,0.010000000000000005,0.010000000000000004,0.010000000000000004,0.010000000000000002,0.010000000000000002,0.010000000000000002,0.010000000000000002,0.010000000000000002,0.010000000000000002,0.010000000000000002,0.010000000000000002,0.010000000000000002,0.010000000000000002,0.010000000000000002,0.009999999999999997]]",16.0,16.0,15.999999999999979,1.0,0.9999999999999987,0.9999999999999987,0.00010321081673335064,0.44019381746670194,0.0025802704183337656,1,3.10032955097453,2.2237839628733282,1.3941684996093893,1.4938049271288077e-10,2.0826157739642829e-10,16,7,2
23,MNISTPatchClassifier,MNIST patch filters=16 kernel=7 stride=2 lr=1e-02,1.0,0.01,Muon,2,3,512,64,2.3023590197003703,0.888671875,full_patch_and_classifier_activation,"[[0.010000000000000005,0.010000000000000004,0.010000000000000002,0.010000000000000002,0.01,0.009999999999999997,0.009999999999999995,0.009999999999999995,0.009999999999999995,0.009999999999999995]]",10.0,10.0,9.999999999999988,1.0,0.9999999999999988,0.9999999999999988,0.00012203280284613034,0.36971461769649167,0.0038590160624805032,2,1.3668889853846278,1.0058559432821217,1.3589311615781186,4.67067173870255e-05,6.347121371225146e-05,16,7,2
22,MNISTPatchClassifier,MNIST patch filters=16 kernel=7 stride=2 lr=1e-02,1.0,0.01,Adam,2,4,512,64,2.3016354017096514,0.888671875,full_patch_and_classifier_activation,"[[0.04742052755524217,0.015834944905849604,0.010309797799326417,0.003692735426308208,0.003007207679312687,0.0024783757771535708,0.0019313093653669914,0.000915311346009277,0.0008492428656360172,0.0007823752179711817,0.0006183336153704114,0.0004680909924886271,0.0003742764550879152,0.0002896203243072004,0.00020052279884551013,0.00010382361211225757]]",16.0,3.0175149224540214,1.1746056384832781,0.18859468265337634,0.07341285240520488,0.38926257820392796,0.00030069848878842766,0.8166211475894477,0.005850848107511263,1,1.8322697085119684,2.2237839628733282,0.8239423159363518,2.2317611866574266e-10,1.838842480751381e-10,16,7,2
22,MNISTPatchClassifier,MNIST patch filters=16 kernel=7 stride=2 lr=1e-02,1.0,0.01,Adam,2,4,512,64,2.3016354017096514,0.888671875,full_patch_and_classifier_activation,"[[0.01832891574187095,0.0063727436246378225,0.004176105696417962,0.0023705318139042027,0.0019882588386863644,0.0009871610277406482,0.0009266110251345865,0.0006065927324529746,0.000340963860674493,0.00016327454382969472]]",10.0,3.239258883803608,1.2082704435199527,0.3239258883803608,0.12082704435199527,0.37300829815157455,0.000304234578973348,0.5936056306687593,0.015100444212555082,2,1.151108495731963,1.0006327119935707,1.1503806361063271,3.2584322994361846e-05,3.7484374213347994e-05,16,7,2
23,MNISTPatchClassifier,MNIST patch filters=16 kernel=7 stride=2 lr=1e-02,1.0,0.01,Muon,2,4,512,64,2.302163788869175,0.888671875,full_patch_and_classifier_activation,"[[0.010000000000000002,0.01,0.01,0.01,0.009999999999999998,0.009999999999999998,0.009999999999999998,0.009999999999999998,0.009999999999999997,0.009999999999999997,0.009999999999999997,0.009999999999999997,0.009999999999999997,0.009999999999999995,0.009999999999999992,0.009999999999999992]]",16.0,16.000000000000004,15.999999999999982,1.0000000000000002,0.9999999999999989,0.9999999999999987,0.00011029694437625034,0.3844691487925371,0.0027574236094062587,1,2.365064421972128,2.2237839628733282,1.0635315576771462,2.2363269889660958e-10,2.3784043260505544e-10,16,7,2
23,MNISTPatchClassifier,MNIST patch filters=16 kernel=7 stride=2 lr=1e-02,1.0,0.01,Muon,2,4,512,64,2.302163788869175,0.888671875,full_patch_and_classifier_activation,"[[0.010000000000000002,0.010000000000000002,0.010000000000000002,0.010000000000000002,0.01,0.01,0.01,0.009999999999999998,0.009999999999999995,0.009999999999999995]]",10.0,9.999999999999998,9.999999999999996,0.9999999999999998,0.9999999999999997,0.9999999999999998,0.00012041353647868552,0.37663216758970813,0.0038078103638841754,2,1.4185178966332213,1.0051109809063554,1.4113047450283327,3.3414578429031603e-05,4.715815309001367e-05,16,7,2
22,MNISTPatchClassifier,MNIST patch filters=16 kernel=7 stride=2 lr=1e-02,1.0,0.01,Adam,2,5,512,64,2.302324387744413,0.888671875,full_patch_and_classifier_activation,,,,,,,,,,,1,3.8919594704264644,2.2237839628733282,1.7501517842577226,1.8851846026249175e-11,3.299359195939185e-11,16,7,2
22,MNISTPatchClassifier,MNIST patch filters=16 kernel=7 stride=2 lr=1e-02,1.0,0.01,Adam,2,5,512,64,2.302324387744413,0.888671875,full_patch_and_classifier_activation,,,,,,,,,,,2,1.1826647720202474,1.0004714105980987,1.182107514010051,1.9306514994085613e-05,2.2822376443856314e-05,16,7,2
23,MNISTPatchClassifier,MNIST patch filters=16 kernel=7 stride=2 lr=1e-02,1.0,0.01,Muon,2,5,512,64,2.3023673879884914,0.888671875,full_patch_and_classifier_activation,,,,,,,,,,,1,3.7770148950628575,2.2237839628733282,1.698463051322043,1.0933871720118542e-10,1.8570777124516332e-10,16,7,2
23,MNISTPatchClassifier,MNIST patch filters=16 kernel=7 stride=2 lr=1e-02,1.0,0.01,Muon,2,5,512,64,2.3023673879884914,0.888671875,full_patch_and_classifier_activation,,,,,,,,,,,2,1.6001762335628413,1.004765808634491,1.5925862721558293,1.9865080752716366e-05,3.163685490204307e-05,16,7,2
24,MNISTPatchClassifier,MNIST patch filters=32 kernel=5 stride=2 lr=3e-03,1.0,0.003,Adam,0,0,512,64,2.3026346790366623,0.90625,full_patch_and_classifier_activation,"[[0.013665258965157084,0.003913764562039041,0.002726797512205768,0.002138451251108838,0.0018842706664684494,0.0015771942395209158,0.001275141250185653,0.0010769255434483812,0.0009317343210784551,0.0008516896196333951,0.00047783305837795025,0.0003414075550939237,8.017555801731472e-07,4.7199308773981785e-07,3.7938365602884235e-07,1.4183624275002904e-07,1.0835813222923392e-07,8.589079011151396e-08,4.9202991628477815e-08,3.314150606531578e-08,2.667817046134373e-08,1.9952335986553346e-08,9.329401602773068e-09,7.060684279855886e-09,4.47624323540647e-09]]",25.0,4.236585434265488,1.2039640881738238,0.16946341737061954,0.048158563526952955,0.28418265295352396,5.513390901621818e-05,0.6740759809780941,0.003677004424694428,1,2.3406130984260183,1.7960290538201074,1.303215609707201,1.9041098047737246e-10,2.481465620177649e-10,32,5,2
24,MNISTPatchClassifier,MNIST patch filters=32 kernel=5 stride=2 lr=3e-03,1.0,0.003,Adam,0,0,512,64,2.3026346790366623,0.90625,full_patch_and_classifier_activation,"[[0.008755639801088379,0.0028350866968435014,0.0017952860813319229,0.001500196166310368,3.894057404041859e-07,2.97609935464035e-07,1.8457304414810516e-07,6.912198324542758e-08,4.1699330551327546e-08,1.4736100710409047e-08]]",10.0,2.457830139884131,1.1762476000689328,0.2457830139884131,0.11762476000689329,0.4785715582950677,3.562373473367068e-05,0.7096225176457681,0.0037514761198197267,2,1.4498293471789292,1.0069318213571763,1.4398485740820077,3.792732453381607e-05,5.460960414876061e-05,32,5,2
25,MNISTPatchClassifier,MNIST patch filters=32 kernel=5 stride=2 lr=3e-03,1.0,0.003,Muon,0,0,512,64,2.3026346790366623,0.90625,full_patch_and_classifier_activation,"[[0.0030000000000000022,0.003000000000000002,0.003000000000000002,0.003000000000000002,0.0030000000000000014,0.0030000000000000014,0.0030000000000000014,0.003000000000000001,0.003000000000000001,0.003000000000000001,0.0030000000000000005,0.0030000000000000005,0.0030000000000000005,0.0030000000000000005,0.0030000000000000005,0.0030000000000000005,0.0030000000000000005,0.003,0.003,0.0029999999999999996,0.002999999999999999,0.0029999999999999988,0.0029999999999999988,0.0029999999999999988,0.0029999999999999988]]",25.0,24.999999999999996,24.99999999999997,0.9999999999999999,0.9999999999999989,0.999999999999999,2.5036370528848674e-05,0.30598124768854834,0.0016690913685899116,1,2.3406130984260183,1.7960290538201074,1.303215609707201,1.9041098047737246e-10,2.481465620177649e-10,32,5,2
25,MNISTPatchClassifier,MNIST patch filters=32 kernel=5 stride=2 lr=3e-03,1.0,0.003,Muon,0,0,512,64,2.3026346790366623,0.90625,full_patch_and_classifier_activation,"[[0.003,0.0029999999999999996,0.0029999999999999996,0.0029999999999999996,0.0029999999999999996,0.0029999999999999996,0.0029999999999999996,0.002999999999999999,0.0029999999999999983,0.0029999999999999983]]",10.0,10.000000000000002,9.999999999999996,1.0000000000000002,0.9999999999999997,0.9999999999999994,1.9096531614916955e-05,0.38076624682066146,0.0020129511770850357,2,1.4498293471789292,1.0069318213571763,1.4398485740820077,3.792732453381607e-05,5.460960414876061e-05,32,5,2
24,MNISTPatchClassifier,MNIST patch filters=32 kernel=5 stride=2 lr=3e-03,1.0,0.003,Adam,0,1,512,64,2.3026131073595404,0.8984375,full_patch_and_classifier_activation,"[[0.013274012921131957,0.003755104860925642,0.003090203463554896,0.0017986044435874815,0.0015383685045545917,0.001503165259507972,0.0013165948106599707,0.0010439080397549843,0.0008672757272621836,0.0006745887373995633,0.0005407135111267318,0.0004038822081729077,0.0003438380044720879,0.00021255984332195824,0.00019166160415769212,0.00014935749405305793,0.00010774550860449097,0.00010000494409725057,8.468432938334318e-05,6.68506098837053e-05,4.5068954360880175e-05,3.336987039641216e-05,2.5503169764486316e-05,1.3108224985848474e-05,1.2711492885409178e-05]]",25.0,4.579745755903439,1.2057722649424616,0.18318983023613758,0.048230890597698466,0.2632836688342759,3.31067417807757e-05,0.5507461922779069,0.002271336920664634,1,2.669831035687297,1.7960290538201074,1.4865188455657972,1.0883823833080258e-10,1.6179009239691971e-10,32,5,2
24,MNISTPatchClassifier,MNIST patch filters=32 kernel=5 stride=2 lr=3e-03,1.0,0.003,Adam,0,1,512,64,2.3026131073595404,0.8984375,full_patch_and_classifier_activation,"[[0.009596757204444624,0.0021019622177364306,0.001859574750633065,0.0011991866549460955,0.0010456477862588061,0.0007285270475197088,0.00025717568977202243,0.00013760718524460282,0.00010480980485561741,4.724297844840189e-05]]",10.0,2.8281022476747455,1.119837186133118,0.2828102247674745,0.1119837186133118,0.3959677154720427,3.5208945246145766e-05,0.6610394846023582,0.003466977835934332,2,1.4763226266351217,1.0067041341633847,1.4664910737274468,3.4176341330751125e-05,5.011929949420893e-05,32,5,2
25,MNISTPatchClassifier,MNIST patch filters=32 kernel=5 stride=2 lr=3e-03,1.0,0.003,Muon,0,1,512,64,2.302610392625321,0.8359375,full_patch_and_classifier_activation,"[[0.003000000000000004,0.003000000000000003,0.0030000000000000022,0.003000000000000002,0.003000000000000002,0.0030000000000000014,0.0030000000000000014,0.0030000000000000014,0.0030000000000000014,0.0030000000000000014,0.0030000000000000014,0.0030000000000000005,0.0030000000000000005,0.0030000000000000005,0.0030000000000000005,0.0030000000000000005,0.0030000000000000005,0.0030000000000000005,0.0030000000000000005,0.0030000000000000005,0.0030000000000000005,0.003,0.003,0.002999999999999999,0.002999999999999999]]",25.0,25.0,24.99999999999995,1.0,0.999999999999998,0.999999999999998,2.0169894941631493e-05,0.3318668358309618,0.0013446596627754324,1,2.7533899181113664,1.7960290538201074,1.533043083158915,1.0505541293555665e-10,1.6105447414925873e-10,32,5,2
25,MNISTPatchClassifier,MNIST patch filters=32 kernel=5 stride=2 lr=3e-03,1.0,0.003,Muon,0,1,512,64,2.302610392625321,0.8359375,full_patch_and_classifier_activation,"[[0.003,0.003,0.003,0.002999999999999999,0.002999999999999999,0.002999999999999999,0.002999999999999999,0.002999999999999999,0.002999999999999999,0.002999999999999998]]",10.0,10.000000000000004,9.999999999999995,1.0000000000000004,0.9999999999999994,0.9999999999999991,1.8329426479524097e-05,0.386886284543102,0.0019320911959965937,2,1.496809971675661,1.0070434319043118,1.4863410298453608,3.429771256194461e-05,5.097809741066091e-05,32,5,2
24,MNISTPatchClassifier,MNIST patch filters=32 kernel=5 stride=2 lr=3e-03,1.0,0.003,Adam,0,2,512,64,2.3025041413736362,0.8984375,full_patch_and_classifier_activation,"[[0.013523532426508056,0.003205445168353544,0.002583566774397904,0.0017946662804257379,0.0015099959224537064,0.0013144058765156169,0.0011043478102023604,0.0007059921851284634,0.0006695881949680709,0.0005639461239195739,0.0004124607839450778,0.0003679260339203863,0.0003149188072104185,0.0002234188917244243,0.00018072822014926295,0.00014957057326920486,0.00012046784422040246,0.00010292838063697565,8.201074531392255e-05,6.97853261791928e-05,4.280276999147905e-05,4.053865176364903e-05,2.85713949666591e-05,2.2040809444206865e-05,1.2493206748367979e-05]]",25.0,4.0433061580117995,1.148802698115055,0.16173224632047198,0.0459521079246022,0.28412458844817023,4.755272660139309e-05,0.7461162552953282,0.003280670048164687,1,2.702350029933268,1.7960290538201074,1.5046248968998799,1.2371817150477983e-10,1.8614944104502102e-10,32,5,2
24,MNISTPatchClassifier,MNIST patch filters=32 kernel=5 stride=2 lr=3e-03,1.0,0.003,Adam,0,2,512,64,2.3025041413736362,0.8984375,full_patch_and_classifier_activation,"[[0.009802527985920526,0.002495722945136907,0.0015413449046465387,0.0010889014110733752,0.0007520002461212282,0.0005898315236052972,0.000308233221867488,0.00015378922309879092,0.00014662093808191475,9.297280235651199e-05]]",10.0,2.6934912663554744,1.1129393252856554,0.26934912663554744,0.11129393252856554,0.4131958173347108,3.436311446177614e-05,0.615255056910877,0.003322910803354876,2,1.446975721773519,1.006489753821005,1.4376457547434214,3.261303862777336e-05,4.688599653250159e-05,32,5,2
25,MNISTPatchClassifier,MNIST patch filters=32 kernel=5 stride=2 lr=3e-03,1.0,0.003,Muon,0,2,512,64,2.302551361981968,0.830078125,full_patch_and_classifier_activation,"[[0.003000000000000002,0.003000000000000002,0.0030000000000000014,0.003000000000000001,0.003000000000000001,0.0030000000000000005,0.0030000000000000005,0.003,0.003,0.003,0.003,0.0029999999999999996,0.0029999999999999996,0.0029999999999999996,0.0029999999999999996,0.002999999999999999,0.002999999999999999,0.002999999999999999,0.002999999999999999,0.0029999999999999988,0.0029999999999999988,0.0029999999999999988,0.0029999999999999983,0.0029999999999999983,0.0029999999999999975]]",25.0,25.000000000000004,24.999999999999968,1.0000000000000002,0.9999999999999987,0.9999999999999986,2.0504934717930873e-05,0.3502569027147264,0.0013669956478620585,1,3.066997447482829,1.7960290538201074,1.7076546957630807,9.747253187698321e-11,1.6644942676764697e-10,32,5,2
25,MNISTPatchClassifier,MNIST patch filters=32 kernel=5 stride=2 lr=3e-03,1.0,0.003,Muon,0,2,512,64,2.302551361981968,0.830078125,full_patch_and_classifier_activation,"[[0.003000000000000001,0.0030000000000000005,0.0030000000000000005,0.0029999999999999996,0.0029999999999999996,0.0029999999999999996,0.0029999999999999988,0.0029999999999999988,0.0029999999999999988,0.0029999999999999975]]",10.0,10.000000000000004,9.99999999999999,1.0000000000000004,0.9999999999999989,0.9999999999999986,1.7616387481082643e-05,0.38572919011915596,0.0018569302861432527,2,1.4878700810997987,1.0073353624338246,1.477035490449728,3.253425737588419e-05,4.8054252799606794e-05,32,5,2
24,MNISTPatchClassifier,MNIST patch filters=32 kernel=5 stride=2 lr=3e-03,1.0,0.003,Adam,0,3,512,64,2.302489604382527,0.8984375,full_patch_and_classifier_activation,"[[0.013654398905635929,0.0035244201218761245,0.0029332036866717777,0.0019306649841146894,0.0010643726177670143,0.001022417278024444,0.0008035581755013554,0.0006467228463480683,0.0005063022534113136,0.000390339304613577,0.00033587732881738727,0.00026916345735177835,0.0002513895473070926,0.00022592067722069226,0.00017524643634896574,0.00015125904129794583,0.00010099906711607634,9.187883306088647e-05,6.470043125233281e-05,5.8069533836641277e-05,5.05517469078662e-05,4.0580831830510344e-05,3.4309866914732945e-05,2.979141553973772e-05,1.2116891803040041e-05]]",25.0,3.7390272519045014,1.1544136400533747,0.14956109007618004,0.04617654560213499,0.3087470516470201,4.3271195510918916e-05,0.5846199183612037,0.0029494808653771154,1,2.696621118185423,1.7960290538201074,1.5014351312690515,1.628790919219741e-10,2.445523907608531e-10,32,5,2
24,MNISTPatchClassifier,MNIST patch filters=32 kernel=5 stride=2 lr=3e-03,1.0,0.003,Adam,0,3,512,64,2.302489604382527,0.8984375,full_patch_and_classifier_activation,"[[0.00967055420276541,0.002557186571362091,0.0011710332792601438,0.0007049540184216332,0.0006190197832621241,0.00048350849135848765,0.00039149883821606904,0.00021003398822585817,0.00014085642649584612,0.00011202990710437704]]",10.0,2.509834103062624,1.0989549060660428,0.25098341030626237,0.10989549060660428,0.4378595799320137,3.691909226470023e-05,0.6154645171534227,0.0036417465281818125,2,1.4830317353148137,1.005481981760906,1.4749461076543333,3.17570643244612e-05,4.683995841589234e-05,32,5,2
25,MNISTPatchClassifier,MNIST patch filters=32 kernel=5 stride=2 lr=3e-03,1.0,0.003,Muon,0,3,512,64,2.3025603450537826,0.890625,full_patch_and_classifier_activation,"[[0.0030000000000000022,0.0030000000000000022,0.0030000000000000022,0.003000000000000002,0.003000000000000002,0.003000000000000002,0.0030000000000000014,0.0030000000000000014,0.003000000000000001,0.003000000000000001,0.003000000000000001,0.003000000000000001,0.0030000000000000005,0.0030000000000000005,0.0030000000000000005,0.0030000000000000005,0.0030000000000000005,0.0030000000000000005,0.003,0.003,0.003,0.003,0.0029999999999999996,0.002999999999999999,0.002999999999999999]]",25.0,25.000000000000007,24.99999999999997,1.0000000000000002,0.9999999999999989,0.9999999999999986,2.530202140018455e-05,0.3305133337708297,0.0016868014266789692,1,2.7309765950077005,1.7960290538201074,1.5205637064717767,1.6667533590517598e-10,2.534404665414028e-10,32,5,2
25,MNISTPatchClassifier,MNIST patch filters=32 kernel=5 stride=2 lr=3e-03,1.0,0.003,Muon,0,3,512,64,2.3025603450537826,0.890625,full_patch_and_classifier_activation,"[[0.0030000000000000022,0.0030000000000000022,0.0030000000000000014,0.003000000000000001,0.0030000000000000005,0.0030000000000000005,0.0030000000000000005,0.003,0.0029999999999999996,0.0029999999999999996]]",10.0,9.999999999999998,9.99999999999999,0.9999999999999998,0.9999999999999989,0.9999999999999991,1.8274085881971343e-05,0.3967192200224335,0.0019262577848185444,2,1.5738613953520801,1.0074455718595288,1.5622297018458964,3.2258641196177915e-05,5.039540741785877e-05,32,5,2
24,MNISTPatchClassifier,MNIST patch filters=32 kernel=5 stride=2 lr=3e-03,1.0,0.003,Adam,0,4,512,64,2.3023263944293126,0.8984375,full_patch_and_classifier_activation,"[[0.013788188223763598,0.0034498002977936745,0.002736381497706392,0.002144610263498994,0.0010886452960411006,0.0009589497151001237,0.0007328044738770679,0.000571948276875303,0.0005292944034199783,0.00037075592641710087,0.0003049618890325688,0.0002609915859764135,0.0002126405804528965,0.00019820189748489156,0.00014422062376049028,0.0001385236625070322,0.00011106247666371488,7.843005269011463e-05,6.374137498263755e-05,5.7454103103171314e-05,4.7214603742487664e-05,3.358145666602711e-05,3.078516772663792e-05,1.6812253114292788e-05,1.4117291147729427e-05]]",25.0,3.6212082004868593,1.1456544795892398,0.14484832801947436,0.04582617918356959,0.3163735461096135,6.360156919418808e-05,0.7075794141492566,0.004309568604188775,1,2.2300780427132896,1.7960290538201074,1.2416714740610522,2.3737698412680397e-10,2.947442297888957e-10,32,5,2
24,MNISTPatchClassifier,MNIST patch filters=32 kernel=5 stride=2 lr=3e-03,1.0,0.003,Adam,0,4,512,64,2.3023263944293126,0.8984375,full_patch_and_classifier_activation,"[[0.00965675592821704,0.0027012446763112668,0.0013914443922002405,0.0007184518247458487,0.0006009976203771712,0.0003853878664776369,0.00034764461128922354,0.00020676890924299288,0.0001923360783662701,0.0001406351207161747]]",10.0,2.574422045934588,1.1123730510474419,0.2574422045934588,0.1112373051047442,0.4320865154196654,4.540832417455876e-05,0.610193799496203,0.004458399588396327,2,1.3336167108923407,1.0041602598953954,1.3280915050663977,3.6553364239170327e-05,4.854621252763996e-05,32,5,2
25,MNISTPatchClassifier,MNIST patch filters=32 kernel=5 stride=2 lr=3e-03,1.0,0.003,Muon,0,4,512,64,2.302484920253726,0.896484375,full_patch_and_classifier_activation,"[[0.003000000000000003,0.0030000000000000022,0.003000000000000002,0.003000000000000002,0.003000000000000001,0.003000000000000001,0.003000000000000001,0.003000000000000001,0.003000000000000001,0.003000000000000001,0.003000000000000001,0.003000000000000001,0.003000000000000001,0.003000000000000001,0.003000000000000001,0.003000000000000001,0.003000000000000001,0.0030000000000000005,0.0030000000000000005,0.0029999999999999996,0.0029999999999999996,0.0029999999999999996,0.0029999999999999996,0.0029999999999999996,0.002999999999999998]]",25.0,25.000000000000007,24.999999999999957,1.0000000000000002,0.9999999999999983,0.999999999999998,2.5107831159679096e-05,0.33139073166819,0.0016738554106452727,1,2.7454954258894557,1.7960290538201074,1.5286475572596434,1.6325878284000775e-10,2.4956513958956043e-10,32,5,2
25,MNISTPatchClassifier,MNIST patch filters=32 kernel=5 stride=2 lr=3e-03,1.0,0.003,Muon,0,4,512,64,2.302484920253726,0.896484375,full_patch_and_classifier_activation,"[[0.0030000000000000022,0.003000000000000002,0.0030000000000000014,0.0030000000000000014,0.0030000000000000014,0.003000000000000001,0.0029999999999999996,0.002999999999999999,0.0029999999999999988,0.0029999999999999983]]",10.0,10.000000000000002,9.999999999999988,1.0000000000000002,0.9999999999999988,0.9999999999999986,1.9209070315917333e-05,0.3861556034742369,0.002024813797754298,2,1.4911615009455184,1.0073207551906622,1.4803244083492317,3.680806960181463e-05,5.448788385578359e-05,32,5,2
24,MNISTPatchClassifier,MNIST patch filters=32 kernel=5 stride=2 lr=3e-03,1.0,0.003,Adam,0,5,512,64,2.302585645644634,0.8984375,full_patch_and_classifier_activation,,,,,,,,,,,1,2.6083635053927763,1.7960290538201074,1.452294716416115,8.799528960398179e-11,1.2779509416136863e-10,32,5,2
24,MNISTPatchClassifier,MNIST patch filters=32 kernel=5 stride=2 lr=3e-03,1.0,0.003,Adam,0,5,512,64,2.302585645644634,0.8984375,full_patch_and_classifier_activation,,,,,,,,,,,2,1.3429616455331845,1.0030972071328539,1.338815057986018,2.5717853777028887e-05,3.443144989576886e-05,32,5,2
25,MNISTPatchClassifier,MNIST patch filters=32 kernel=5 stride=2 lr=3e-03,1.0,0.003,Muon,0,5,512,64,2.3025821843260266,0.8984375,full_patch_and_classifier_activation,,,,,,,,,,,1,2.978342890452764,1.7960290538201074,1.6582932687630558,7.246128338422343e-11,1.2016205848198996e-10,32,5,2
25,MNISTPatchClassifier,MNIST patch filters=32 kernel=5 stride=2 lr=3e-03,1.0,0.003,Muon,0,5,512,64,2.3025821843260266,0.8984375,full_patch_and_classifier_activation,,,,,,,,,,,2,1.5997200353898815,1.0072300277216721,1.5882370375795947,2.534105979116075e-05,4.0247609731840534e-05,32,5,2
26,MNISTPatchClassifier,MNIST patch filters=32 kernel=5 stride=2 lr=3e-03,1.0,0.003,Adam,1,0,512,64,2.302641018481587,0.8828125,full_patch_and_classifier_activation,"[[0.011689878341401049,0.005473777280632886,0.004342592587837292,0.0032978812161165594,0.002493428290646959,0.002180173260169411,0.002095580686859905,0.0019052858916787172,0.0016587777697208356,0.0014694897472739357,0.0011792251817746451,0.0010832966483868519,0.0008846227268578232,0.0007737363970460106,0.0006357530605370149,0.00029102995263531286,1.4455508446345332e-05,5.856010233299448e-06,1.855532492248503e-06,1.0361362971347644e-06,7.523010434674852e-07,1.855232447556282e-07,9.07678436911552e-08,7.326863871062727e-08,1.4709905291173095e-08]]",25.0,7.657298228047255,1.6442121166781292,0.3062919291218902,0.06576848466712516,0.21472483736570255,2.0622020102502975e-05,0.6322935780753468,0.0013757587773885322,1,3.21172183289861,1.805163375210847,1.779186237103594,3.108863104931872e-11,5.5312464493339346e-11,32,5,2
26,MNISTPatchClassifier,MNIST patch filters=32 kernel=5 stride=2 lr=3e-03,1.0,0.003,Adam,1,0,512,64,2.302641018481587,0.8828125,full_patch_and_classifier_activation,"[[0.007650843452209054,0.004033455953858719,0.002560920724803748,0.002062783170943749,0.0014064405366752675,0.0011765277295248636,0.0008970420518745452,0.000726991501348323,2.4196263470011105e-06,2.1340829114365242e-07]]",10.0,4.661269028451471,1.5428792280582915,0.46612690284514713,0.15428792280582915,0.33099982400519246,1.5509406054624525e-05,0.656465433627202,0.0016319989863390091,2,1.9045605739790759,1.005967745818485,1.8932620671942808,9.794964225058955e-06,1.8544434216829146e-05,32,5,2
27,MNISTPatchClassifier,MNIST patch filters=32 kernel=5 stride=2 lr=3e-03,1.0,0.003,Muon,1,0,512,64,2.302641018481587,0.8828125,full_patch_and_classifier_activation,"[[0.003000000000000001,0.003000000000000001,0.003000000000000001,0.003000000000000001,0.0030000000000000005,0.0030000000000000005,0.003,0.003,0.003,0.003,0.003,0.003,0.003,0.003,0.003,0.003,0.003,0.003,0.003,0.0029999999999999996,0.0029999999999999996,0.0029999999999999996,0.0029999999999999996,0.0029999999999999988,0.0029999999999999988]]",25.0,25.000000000000004,24.99999999999999,1.0000000000000002,0.9999999999999996,0.9999999999999994,1.1698057133385749e-05,0.3584255478002988,0.0007798704755590499,1,3.21172183289861,1.805163375210847,1.779186237103594,3.108863104931872e-11,5.5312464493339346e-11,32,5,2
27,MNISTPatchClassifier,MNIST patch filters=32 kernel=5 stride=2 lr=3e-03,1.0,0.003,Muon,1,0,512,64,2.302641018481587,0.8828125,full_patch_and_classifier_activation,"[[0.003,0.003,0.0029999999999999996,0.0029999999999999996,0.0029999999999999996,0.0029999999999999996,0.0029999999999999996,0.002999999999999999,0.002999999999999999,0.0029999999999999983]]",10.0,10.0,9.999999999999998,1.0,0.9999999999999998,0.9999999999999998,1.0292637350614116e-05,0.43641271452365793,0.0010849392386020561,2,1.9045605739790759,1.005967745818485,1.8932620671942808,9.794964225058955e-06,1.8544434216829146e-05,32,5,2
26,MNISTPatchClassifier,MNIST patch filters=32 kernel=5 stride=2 lr=3e-03,1.0,0.003,Adam,1,1,512,64,2.302635552045711,0.8828125,full_patch_and_classifier_activation,"[[0.01241186363336525,0.004272495331156177,0.003588680495866033,0.0022504052480485626,0.002135073855057346,0.0020931328086238633,0.0018590911554496252,0.001316242995947306,0.001083386328777145,0.0009101230975861871,0.0008858225802024713,0.0005362521610735681,0.0004544937028546303,0.0004230660130910682,0.00035646675472577726,0.0003429991589259784,0.00024161788960344192,0.00020191696543150862,0.0001416792127283673,0.00011592415833931109,6.170630302077637e-05,4.693133603269902e-05,4.201689152155442e-05,2.5356866570163272e-05,1.8535397452546983e-05]]",25.0,6.160299188981681,1.3516396206861927,0.24641196755926725,0.05406558482744771,0.21941135961443836,3.0406877861875152e-05,0.6649433140412636,0.002107193302806648,1,2.8128355188029115,1.805163375210847,1.5582165899384959,6.594685114263824e-11,1.0275947750466336e-10,32,5,2
26,MNISTPatchClassifier,MNIST patch filters=32 kernel=5 stride=2 lr=3e-03,1.0,0.003,Adam,1,1,512,64,2.302635552045711,0.8828125,full_patch_and_classifier_activation,"[[0.008677163274512335,0.00437829764079969,0.0027828308733907348,0.0014390980554371056,0.0011887927701899632,0.0008918901741221981,0.0005792895315768397,0.00040844276204156756,0.0002049976203703562,0.0001249406976871598]]",10.0,3.9934628540704873,1.4217298417282145,0.39934628540704875,0.14217298417282145,0.3560142897733637,2.372768737380648e-05,0.5473801081081112,0.002293343467016636,2,1.5438926002777738,1.007789878727314,1.5319588268017499,3.2582852412554795e-05,4.991558835579201e-05,32,5,2
27,MNISTPatchClassifier,MNIST patch filters=32 kernel=5 stride=2 lr=3e-03,1.0,0.003,Muon,1,1,512,64,2.3026430779888933,0.8828125,full_patch_and_classifier_activation,"[[0.0030000000000000014,0.003000000000000001,0.003000000000000001,0.003000000000000001,0.0030000000000000005,0.0030000000000000005,0.0030000000000000005,0.0030000000000000005,0.0029999999999999996,0.0029999999999999996,0.0029999999999999996,0.002999999999999999,0.002999999999999999,0.002999999999999999,0.002999999999999999,0.002999999999999999,0.002999999999999999,0.002999999999999999,0.002999999999999999,0.0029999999999999983,0.002999999999999998,0.002999999999999998,0.002999999999999998,0.0029999999999999966,0.0029999999999999966]]",25.0,24.999999999999996,24.999999999999964,0.9999999999999999,0.9999999999999986,0.9999999999999987,1.648697348074128e-05,0.322518573045636,0.0010991315653827523,1,2.6004557489848295,1.805163375210847,1.4405653165221628,7.626836870008519e-11,1.0986956669706725e-10,32,5,2
27,MNISTPatchClassifier,MNIST patch filters=32 kernel=5 stride=2 lr=3e-03,1.0,0.003,Muon,1,1,512,64,2.3026430779888933,0.8828125,full_patch_and_classifier_activation,"[[0.0030000000000000022,0.003000000000000002,0.003000000000000001,0.003000000000000001,0.0030000000000000005,0.0030000000000000005,0.0030000000000000005,0.003,0.003,0.002999999999999999]]",10.0,9.999999999999998,9.99999999999999,0.9999999999999998,0.9999999999999989,0.9999999999999991,1.597017341909229e-05,0.38553329035519845,0.0016834040877403466,2,1.486359179721058,1.0064657456701223,1.4768104986339246,3.2614149228962856e-05,4.816491798534586e-05,32,5,2
26,MNISTPatchClassifier,MNIST patch filters=32 kernel=5 stride=2 lr=3e-03,1.0,0.003,Adam,1,2,512,64,2.3025693780422687,0.8828125,full_patch_and_classifier_activation,"[[0.012483003275650611,0.004103962622219964,0.00359174943169495,0.0028863061380856856,0.0026077064850758315,0.0018913491562276975,0.00139121267054411,0.0012124983751622335,0.0011495718128258269,0.0010270836028947283,0.000800881590870621,0.0007339339526596109,0.0006761660215066525,0.0006074889920976045,0.00043619098086619315,0.00040971547348568605,0.0003164996889853256,0.00022727306404463752,0.00018922126664158275,0.00013671284557682646,0.00010272477964332801,7.696633578130822e-05,6.81763990788959e-05,4.6165651341271773e-05,2.6689039016255712e-05]]",25.0,6.50722764729035,1.3646905693516536,0.26028910589161397,0.05458762277406614,0.20971919891567328,2.7166154314077125e-05,0.5834194657235677,0.001862910470450143,1,3.0053154458850764,1.805163375210847,1.6648440175305734,6.695402542697551e-11,1.114680086816901e-10,32,5,2
26,MNISTPatchClassifier,MNIST patch filters=32 kernel=5 stride=2 lr=3e-03,1.0,0.003,Adam,1,2,512,64,2.3025693780422687,0.8828125,full_patch_and_classifier_activation,"[[0.008817536517057656,0.004030056011658542,0.0020064987742443572,0.0012866668979338363,0.0011391105635012117,0.0008918436399855514,0.0006717875761533217,0.0005167945717531779,0.00038615644553769145,0.00023634597803562883]]",10.0,3.8885902199447058,1.3207658723805238,0.3888590219944706,0.13207658723805238,0.3396515954821551,2.0295746311190366e-05,0.526182934001802,0.00200283346586784,2,1.6612432833237865,1.0093072704656032,1.6459242214290588,3.2063033601753515e-05,5.27733236176199e-05,32,5,2
27,MNISTPatchClassifier,MNIST patch filters=32 kernel=5 stride=2 lr=3e-03,1.0,0.003,Muon,1,2,512,64,2.3025609286238984,0.8828125,full_patch_and_classifier_activation,"[[0.0030000000000000022,0.0030000000000000014,0.0030000000000000014,0.0030000000000000014,0.0030000000000000014,0.0030000000000000014,0.0030000000000000014,0.0030000000000000014,0.0030000000000000014,0.003000000000000001,0.0030000000000000005,0.0030000000000000005,0.0030000000000000005,0.0030000000000000005,0.003,0.003,0.0029999999999999996,0.0029999999999999996,0.0029999999999999996,0.0029999999999999996,0.002999999999999999,0.002999999999999999,0.002999999999999999,0.0029999999999999988,0.0029999999999999983]]",25.0,25.0,24.99999999999997,1.0,0.9999999999999989,0.9999999999999989,1.702115577914347e-05,0.3337414539050282,0.0011347437186095646,1,2.784583951366055,1.805163375210847,1.5425661685833891,7.591538933030757e-11,1.1710451125576886e-10,32,5,2
27,MNISTPatchClassifier,MNIST patch filters=32 kernel=5 stride=2 lr=3e-03,1.0,0.003,Muon,1,2,512,64,2.3025609286238984,0.8828125,full_patch_and_classifier_activation,"[[0.003000000000000002,0.0030000000000000014,0.0030000000000000014,0.003000000000000001,0.0029999999999999996,0.0029999999999999996,0.002999999999999999,0.0029999999999999983,0.0029999999999999975,0.0029999999999999975]]",10.0,9.999999999999996,9.999999999999988,0.9999999999999997,0.9999999999999988,0.9999999999999991,1.5770029293793587e-05,0.395580122307284,0.0016623070445321464,2,1.5648363316464589,1.0068359520626742,1.5542118141894181,3.204425125107705e-05,4.980355387127799e-05,32,5,2
26,MNISTPatchClassifier,MNIST patch filters=32 kernel=5 stride=2 lr=3e-03,1.0,0.003,Adam,1,3,512,64,2.3025481152388045,0.859375,full_patch_and_classifier_activation,"[[0.01196847082702999,0.004004710285202968,0.0035508103402763975,0.0030512783046373845,0.002299477569014963,0.0016040443531501406,0.0014031213365170228,0.0011151735945908415,0.0009953655494476456,0.0008121705698226774,0.000771456136933306,0.0005392925959006534,0.0004419102207107111,0.0003903287332903161,0.0003633373996062713,0.0003121666692969519,0.0002603867444031565,0.00021884483773888943,0.0001562631622321272,0.0001364084169276528,0.00011302604920264438,7.871612509120051e-05,5.7286096871131424e-05,4.4081763225413554e-05,2.0001815428366984e-05]]",25.0,6.159701176198346,1.3652916789069756,0.24638804704793382,0.05461166715627902,0.22164901183560473,2.430275664234199e-05,0.42955637479207026,0.0017378174382392027,1,2.7057575136347576,1.805163375210847,1.4988989643769608,1.0747872867534684e-10,1.6109975510402976e-10,32,5,2
26,MNISTPatchClassifier,MNIST patch filters=32 kernel=5 stride=2 lr=3e-03,1.0,0.003,Adam,1,3,512,64,2.3025481152388045,0.859375,full_patch_and_classifier_activation,"[[0.009622533140490051,0.0039586458648261675,0.0020593435919056646,0.0019249235172002488,0.0011369216632872413,0.0006200199840639507,0.0004763540864622366,0.0003898509994552977,0.000326577666067445,0.0002268459004101321]]",10.0,3.632965068768159,1.2789745248271345,0.3632965068768159,0.12789745248271345,0.35204701961552315,2.5553976929222693e-05,0.555517200373544,0.0023482165025472054,2,1.5916458857368505,1.0085037036256628,1.5782251270022494,3.828059557301845e-05,6.041539780994879e-05,32,5,2
27,MNISTPatchClassifier,MNIST patch filters=32 kernel=5 stride=2 lr=3e-03,1.0,0.003,Muon,1,3,512,64,2.30256731960503,0.8828125,full_patch_and_classifier_activation,"[[0.0030000000000000014,0.0030000000000000014,0.0030000000000000014,0.0030000000000000014,0.003000000000000001,0.003000000000000001,0.003000000000000001,0.0030000000000000005,0.0030000000000000005,0.0030000000000000005,0.0030000000000000005,0.0030000000000000005,0.0030000000000000005,0.0030000000000000005,0.0030000000000000005,0.0030000000000000005,0.0029999999999999996,0.0029999999999999996,0.002999999999999999,0.002999999999999999,0.002999999999999999,0.002999999999999999,0.002999999999999999,0.002999999999999999,0.002999999999999999]]",25.0,25.0,24.999999999999982,1.0,0.9999999999999993,0.9999999999999993,2.1891820099826503e-05,0.3102933706231999,0.001459454673321767,1,2.4070493963176602,1.805163375210847,1.3334246802101841,1.4527496684678548e-10,1.9371322621022005e-10,32,5,2
27,MNISTPatchClassifier,MNIST patch filters=32 kernel=5 stride=2 lr=3e-03,1.0,0.003,Muon,1,3,512,64,2.30256731960503,0.8828125,full_patch_and_classifier_activation,"[[0.003000000000000001,0.0030000000000000005,0.0030000000000000005,0.003,0.003,0.003,0.003,0.0029999999999999996,0.0029999999999999983,0.0029999999999999983]]",10.0,10.0,9.999999999999993,1.0,0.9999999999999993,0.9999999999999993,1.698067015837018e-05,0.3879354454694206,0.0017899197965500625,2,1.5049390985155782,1.0068210646870133,1.494743357384376,3.82492705195281e-05,5.717284303386267e-05,32,5,2
26,MNISTPatchClassifier,MNIST patch filters=32 kernel=5 stride=2 lr=3e-03,1.0,0.003,Adam,1,4,512,64,2.3025258570272737,0.88671875,full_patch_and_classifier_activation,"[[0.012687116735365225,0.003818751917672263,0.003067454699703384,0.002743460093525251,0.0020226943654842065,0.0014678429757034657,0.0012238983850458198,0.00097900456996198,0.0008935971885285657,0.000740583192025851,0.0006991013754146304,0.0005389213716923511,0.0004423394894079019,0.0003696603570666489,0.000336096654222109,0.00026922332204275143,0.00021874902928804003,0.00016987145453768428,0.00014891557260839576,0.00010975566668669242,9.493180588725694e-05,7.163200617848826e-05,4.96465067207649e-05,3.64087352975153e-05,3.337875071384352e-05]]",25.0,5.415016467720901,1.2671102041650255,0.21660065870883602,0.05068440816660102,0.233999326081151,2.2003102996950466e-05,0.6612524104027819,0.001540684813163048,1,3.1341433345039866,1.805163375210847,1.7362103494582102,3.5649022262524054e-11,6.189420140026041e-11,32,5,2
26,MNISTPatchClassifier,MNIST patch filters=32 kernel=5 stride=2 lr=3e-03,1.0,0.003,Adam,1,4,512,64,2.3025258570272737,0.88671875,full_patch_and_classifier_activation,"[[0.009378907260510484,0.003907719544624935,0.0019665528327021103,0.0016716552029443354,0.0009927710099504213,0.000581431904271941,0.00045774899171644964,0.00040965973971110936,0.0003783677448408884,0.00028204384186289824]]",10.0,3.586802635946026,1.2711993929224723,0.3586802635946026,0.12711993929224724,0.35441018699574783,2.0456734400343207e-05,0.6237961363017976,0.0019345378291814922,2,1.7277174798678234,1.0071321457094293,1.7154824093622887,1.737959844114306e-05,2.9814395407561175e-05,32,5,2
27,MNISTPatchClassifier,MNIST patch filters=32 kernel=5 stride=2 lr=3e-03,1.0,0.003,Muon,1,4,512,64,2.3026064569136127,0.8828125,full_patch_and_classifier_activation,"[[0.0030000000000000027,0.0030000000000000027,0.0030000000000000027,0.0030000000000000022,0.0030000000000000022,0.0030000000000000022,0.003000000000000002,0.003000000000000002,0.003000000000000002,0.003000000000000002,0.003000000000000002,0.0030000000000000014,0.0030000000000000014,0.0030000000000000014,0.003000000000000001,0.003000000000000001,0.0030000000000000005,0.0030000000000000005,0.003,0.003,0.003,0.0029999999999999996,0.0029999999999999996,0.002999999999999999,0.0029999999999999988]]",25.0,25.000000000000007,24.99999999999998,1.0000000000000002,0.9999999999999991,0.9999999999999989,1.220350746009228e-05,0.3599529294886347,0.0008135671640061516,1,3.239152786186253,1.805163375210847,1.7943820657273821,3.354671159172376e-11,6.019561764431798e-11,32,5,2
27,MNISTPatchClassifier,MNIST patch filters=32 kernel=5 stride=2 lr=3e-03,1.0,0.003,Muon,1,4,512,64,2.3026064569136127,0.8828125,full_patch_and_classifier_activation,"[[0.003000000000000002,0.003000000000000001,0.003000000000000001,0.003000000000000001,0.0030000000000000005,0.003,0.003,0.003,0.0029999999999999996,0.0029999999999999988]]",10.0,9.999999999999998,9.999999999999993,0.9999999999999998,0.9999999999999993,0.9999999999999994,1.230139080006601e-05,0.412387017401327,0.0012966804438683188,2,1.7006305212116226,1.007310824714982,1.6882877454362857,1.753350295345325e-05,2.9601598170886047e-05,32,5,2
26,MNISTPatchClassifier,MNIST patch filters=32 kernel=5 stride=2 lr=3e-03,1.0,0.003,Adam,1,5,512,64,2.3025119779948544,0.88671875,full_patch_and_classifier_activation,,,,,,,,,,,1,2.974113696514735,1.805163375210847,1.6475592942757062,1.0142640263791129e-10,1.6710601235104077e-10,32,5,2
26,MNISTPatchClassifier,MNIST patch filters=32 kernel=5 stride=2 lr=3e-03,1.0,0.003,Adam,1,5,512,64,2.3025119779948544,0.88671875,full_patch_and_classifier_activation,,,,,,,,,,,2,1.5360833779378007,1.005679428788892,1.5274085697344506,3.46297531073978e-05,5.2893781664027616e-05,32,5,2
27,MNISTPatchClassifier,MNIST patch filters=32 kernel=5 stride=2 lr=3e-03,1.0,0.003,Muon,1,5,512,64,2.3025586606281294,0.8828125,full_patch_and_classifier_activation,,,,,,,,,,,1,2.942176711420595,1.805163375210847,1.629867275075278,9.397583496948372e-11,1.5316813806463646e-10,32,5,2
27,MNISTPatchClassifier,MNIST patch filters=32 kernel=5 stride=2 lr=3e-03,1.0,0.003,Muon,1,5,512,64,2.3025586606281294,0.8828125,full_patch_and_classifier_activation,,,,,,,,,,,2,1.6257979905136821,1.0077954527715898,1.6132221930973116,3.5083059942245336e-05,5.6596770900593454e-05,32,5,2
28,MNISTPatchClassifier,MNIST patch filters=32 kernel=5 stride=2 lr=3e-03,1.0,0.003,Adam,2,0,512,64,2.302454217058779,0.888671875,full_patch_and_classifier_activation,"[[0.013503890013840945,0.0036552258510156445,0.0029036448403378964,0.00251767822131347,0.002143375177256691,0.0018112694479253749,0.0016919693172032062,0.00121332612604857,0.0010629157888881655,0.0006988702097650185,0.000529663555166725,3.382075064342464e-06,2.668853660747955e-06,1.2491732270573344e-06,8.187161613871927e-07,4.543550412827674e-07,4.2726749095757433e-07,2.0661022941797273e-07,1.918885318524382e-07,7.304516665108826e-08,3.779875889056955e-08,3.64323267599491e-08,2.0071551795202907e-08,1.0329596767193394e-08,5.466254242672887e-09]]",25.0,4.485948092332146,1.2316304536939822,0.17943792369328584,0.049265218147759283,0.27455298820760193,4.8887615902633224e-05,0.6870486396900513,0.0032621186793397937,1,2.8369984082879784,1.827194742482911,1.5526524580696204,1.5172560100891658e-10,2.3557712735858474e-10,32,5,2
28,MNISTPatchClassifier,MNIST patch filters=32 kernel=5 stride=2 lr=3e-03,1.0,0.003,Adam,2,0,512,64,2.302454217058779,0.888671875,full_patch_and_classifier_activation,"[[0.008785745413814158,0.002637534205655142,0.002003944658566417,0.0012214005464488704,0.0008674377230671702,1.2906133830650239e-06,2.1017192686046245e-07,5.923818170393688e-08,3.684471063898397e-08,1.496719820406902e-08]]",10.0,2.66352113040368,1.1712238126958239,0.266352113040368,0.11712238126958238,0.4397276219536935,3.0525774646668565e-05,0.5575659350301628,0.0032104664252101153,2,1.3232553561521512,1.0063459160457693,1.3149110410778162,4.59888181818941e-05,6.0471204793492776e-05,32,5,2
29,MNISTPatchClassifier,MNIST patch filters=32 kernel=5 stride=2 lr=3e-03,1.0,0.003,Muon,2,0,512,64,2.302454217058779,0.888671875,full_patch_and_classifier_activation,"[[0.0030000000000000027,0.0030000000000000027,0.003000000000000002,0.0030000000000000014,0.0030000000000000014,0.0030000000000000014,0.0030000000000000014,0.003000000000000001,0.003000000000000001,0.003000000000000001,0.003000000000000001,0.003000000000000001,0.003000000000000001,0.0030000000000000005,0.0030000000000000005,0.0030000000000000005,0.0030000000000000005,0.003,0.003,0.0029999999999999996,0.0029999999999999996,0.0029999999999999996,0.002999999999999999,0.0029999999999999988,0.0029999999999999983]]",25.0,24.999999999999996,24.999999999999968,0.9999999999999999,0.9999999999999987,0.9999999999999989,2.399181333491096e-05,0.3368678321412111,0.0015994542223273967,1,2.8369984082879784,1.827194742482911,1.5526524580696204,1.5172560100891658e-10,2.3557712735858474e-10,32,5,2
29,MNISTPatchClassifier,MNIST patch filters=32 kernel=5 stride=2 lr=3e-03,1.0,0.003,Muon,2,0,512,64,2.302454217058779,0.888671875,full_patch_and_classifier_activation,"[[0.0030000000000000022,0.0030000000000000022,0.003000000000000001,0.0030000000000000005,0.0030000000000000005,0.0030000000000000005,0.0030000000000000005,0.003,0.002999999999999999,0.0029999999999999983]]",10.0,10.0,9.999999999999988,1.0,0.9999999999999988,0.9999999999999988,1.9870783206578735e-05,0.3637657702632493,0.0020945644608070975,2,1.3232553561521512,1.0063459160457693,1.3149110410778162,4.59888181818941e-05,6.0471204793492776e-05,32,5,2
28,MNISTPatchClassifier,MNIST patch filters=32 kernel=5 stride=2 lr=3e-03,1.0,0.003,Adam,2,1,512,64,2.3024013953254783,0.888671875,full_patch_and_classifier_activation,"[[0.014416386939735027,0.0027068212630309914,0.0024349524211433227,0.001860857738373845,0.0013963217917129056,0.0011391594047796634,0.0008799231363414417,0.0008156194443579985,0.0006732809182621923,0.0004934428872348534,0.0003667893616779952,0.00028062036507493933,0.00022602362399995249,0.00018747186726376762,0.00014952044467623975,0.00010470115715275332,7.188703701293357e-05,6.558668627226198e-05,5.724738168494555e-05,5.0839799867369224e-05,4.32307988656422e-05,2.8986247191934443e-05,2.1701241581721957e-05,1.4579503815676321e-05,9.290959419629452e-06]]",25.0,3.525955061016757,1.1080390812579914,0.14103820244067028,0.044321563250319655,0.31425218475089506,6.291131537684597e-05,0.6576231503948392,0.004145670642079224,1,2.161675461044861,1.827194742482911,1.183056962011305,2.674667040156205e-10,3.1642834629189687e-10,32,5,2
28,MNISTPatchClassifier,MNIST patch filters=32 kernel=5 stride=2 lr=3e-03,1.0,0.003,Adam,2,1,512,64,2.3024013953254783,0.888671875,full_patch_and_classifier_activation,"[[0.008617328700578826,0.0023205446721244363,0.0018754919806818575,0.0009478009892482766,0.000766321096535699,0.00039344217100655487,0.00024817991869924256,0.00018827606403744418,0.0001477130447451693,5.471946285628244e-05]]",10.0,2.8509120377368387,1.1436151378484873,0.28509120377368385,0.11436151378484874,0.4011400992772587,2.7224713570912884e-05,0.5006687498473624,0.002954273593018195,2,1.387854794701375,1.0051084865263773,1.3808009914409904,3.9564528801305515e-05,5.463074059473827e-05,32,5,2
29,MNISTPatchClassifier,MNIST patch filters=32 kernel=5 stride=2 lr=3e-03,1.0,0.003,Muon,2,1,512,64,2.302423796298616,0.888671875,full_patch_and_classifier_activation,"[[0.0030000000000000027,0.003000000000000002,0.003000000000000002,0.0030000000000000014,0.0030000000000000014,0.003000000000000001,0.003000000000000001,0.003000000000000001,0.0030000000000000005,0.0030000000000000005,0.0030000000000000005,0.0030000000000000005,0.0030000000000000005,0.003,0.003,0.003,0.003,0.003,0.0029999999999999996,0.0029999999999999996,0.0029999999999999996,0.002999999999999999,0.002999999999999999,0.002999999999999999,0.0029999999999999988]]",25.0,25.0,24.99999999999996,1.0,0.9999999999999984,0.9999999999999984,2.7260656933064343e-05,0.29961311937749757,0.0018173771288709558,1,2.2442005325778633,1.827194742482911,1.2282218640407743,2.476297302759846e-10,3.0414424891148393e-10,32,5,2
29,MNISTPatchClassifier,MNIST patch filters=32 kernel=5 stride=2 lr=3e-03,1.0,0.003,Muon,2,1,512,64,2.302423796298616,0.888671875,full_patch_and_classifier_activation,"[[0.003000000000000002,0.003000000000000002,0.0030000000000000014,0.003000000000000001,0.0030000000000000005,0.0030000000000000005,0.002999999999999999,0.002999999999999999,0.0029999999999999988,0.0029999999999999983]]",10.0,10.000000000000004,9.99999999999999,1.0000000000000004,0.9999999999999989,0.9999999999999986,1.9941172592087545e-05,0.3765393160874147,0.002101984153517347,2,1.417818565595779,1.005940366929858,1.4094459395470706,3.963544573019547e-05,5.586401804656229e-05,32,5,2
28,MNISTPatchClassifier,MNIST patch filters=32 kernel=5 stride=2 lr=3e-03,1.0,0.003,Adam,2,2,512,64,2.3026701415936666,0.888671875,full_patch_and_classifier_activation,"[[0.013702058739323576,0.0034421150288240485,0.0026388806445597703,0.002117857344670912,0.001766424491741864,0.0014177754472636456,0.0010959656005643749,0.0009274203581722259,0.0008185395895358795,0.00056922024106316,0.000509952616086961,0.00039367718537266133,0.0003643033955174114,0.00026008935351087457,0.00023584957775139032,0.00018103228359904293,0.00012868229195292874,0.00010203778732483136,7.370182221879404e-05,7.195433800832529e-05,5.271766167336019e-05,4.411739460234624e-05,3.754452869910457e-05,2.229484473227968e-05,1.6482780426414088e-05]]",25.0,4.366007119673392,1.171673350196616,0.17464028478693566,0.04686693400786464,0.2683626751126932,3.278390450940329e-05,0.3636005379970162,0.002210403579132395,1,2.562165266874762,1.827194742482911,1.4022398419301083,2.4873015265962237e-10,3.487793299486806e-10,32,5,2
28,MNISTPatchClassifier,MNIST patch filters=32 kernel=5 stride=2 lr=3e-03,1.0,0.003,Adam,2,2,512,64,2.3026701415936666,0.888671875,full_patch_and_classifier_activation,"[[0.009372079772187663,0.0019623189477001343,0.001498266232782035,0.0008634027355390096,0.0007822105527757301,0.0005585296158169003,0.00042018413147796907,0.0002793830806377098,0.00012980839921129106,8.947374047064434e-05]]",10.0,2.6552220663191632,1.0915825716108167,0.26552220663191634,0.10915825716108167,0.4111078261427819,2.7334262887513634e-05,0.4283589173328049,0.0027915351062823995,2,1.3251101988004288,1.0038831972546483,1.319984438851303,3.782860618940402e-05,4.99331715134474e-05,32,5,2
29,MNISTPatchClassifier,MNIST patch filters=32 kernel=5 stride=2 lr=3e-03,1.0,0.003,Muon,2,2,512,64,2.302627490527,0.888671875,full_patch_and_classifier_activation,"[[0.0030000000000000014,0.0030000000000000005,0.0030000000000000005,0.0030000000000000005,0.0030000000000000005,0.0030000000000000005,0.0030000000000000005,0.0029999999999999996,0.0029999999999999996,0.0029999999999999996,0.0029999999999999996,0.0029999999999999996,0.0029999999999999996,0.002999999999999999,0.002999999999999999,0.002999999999999999,0.002999999999999999,0.002999999999999999,0.002999999999999999,0.002999999999999999,0.002999999999999999,0.0029999999999999983,0.0029999999999999983,0.002999999999999998,0.002999999999999998]]",25.0,25.000000000000007,24.999999999999964,1.0000000000000002,0.9999999999999986,0.9999999999999983,2.7007997125646392e-05,0.3527123054587218,0.00180053314170976,1,3.1101492605501697,1.827194742482911,1.7021443791611928,1.7538616686821508e-10,2.985325781173593e-10,32,5,2
29,MNISTPatchClassifier,MNIST patch filters=32 kernel=5 stride=2 lr=3e-03,1.0,0.003,Muon,2,2,512,64,2.302627490527,0.888671875,full_patch_and_classifier_activation,"[[0.003000000000000002,0.003000000000000001,0.0030000000000000005,0.0030000000000000005,0.0030000000000000005,0.003,0.0029999999999999996,0.0029999999999999996,0.002999999999999999,0.0029999999999999988]]",10.0,10.000000000000002,9.99999999999999,1.0000000000000002,0.9999999999999989,0.9999999999999988,2.019111990886811e-05,0.3748600015526864,0.0021283309140531542,2,1.4052002076407988,1.0056415751286487,1.3973171380280651,3.793362462967125e-05,5.3005303802563156e-05,32,5,2
28,MNISTPatchClassifier,MNIST patch filters=32 kernel=5 stride=2 lr=3e-03,1.0,0.003,Adam,2,3,512,64,2.3022224927343387,0.888671875,full_patch_and_classifier_activation,"[[0.013909869060866014,0.003703050938376485,0.0030581774604725807,0.0021334240262391255,0.0017636318179177803,0.0012524886857238028,0.0011710312703778962,0.0008005240093436825,0.0007869875035000042,0.0006406965200881341,0.0005511871407470074,0.0004882181229611684,0.00037663499230077246,0.00023818369904399263,0.00018750238245017316,0.00017435847677689636,0.00013227851448138715,0.00012050173536752623,8.131090494861807e-05,7.035387387364235e-05,5.9306535007424265e-05,5.679069221083228e-05,4.6037722107083553e-05,2.337694860601186e-05,1.9605513577329193e-05]]",25.0,4.415403100417808,1.1870813469690669,0.1766161240167123,0.04748325387876268,0.2688500506005305,6.011737082339009e-05,0.5697009421912775,0.003966767045741158,1,2.089346675210126,1.827194742482911,1.1434723549888206,3.262975690901092e-10,3.7311224975459455e-10,32,5,2
28,MNISTPatchClassifier,MNIST patch filters=32 kernel=5 stride=2 lr=3e-03,1.0,0.003,Adam,2,3,512,64,2.3022224927343387,0.888671875,full_patch_and_classifier_activation,"[[0.009211971551773175,0.001980300015636893,0.0012569556598389746,0.000783405176306279,0.0007470484751684407,0.00044680429902148745,0.0003352391393971762,0.000268478849202426,0.00019979203929515666,0.00012424195547567176]]",10.0,2.5632748343548193,1.0838174494685524,0.25632748343548195,0.10838174494685524,0.42282529947333997,3.22397591798426e-05,0.42728883558125125,0.0033617168544998782,2,1.2531431396026929,1.0033967315982912,1.248900958254653,4.639561867935956e-05,5.794353262746964e-05,32,5,2
29,MNISTPatchClassifier,MNIST patch filters=32 kernel=5 stride=2 lr=3e-03,1.0,0.003,Muon,2,3,512,64,2.3023671494901436,0.888671875,full_patch_and_classifier_activation,"[[0.003000000000000001,0.003000000000000001,0.003000000000000001,0.0030000000000000005,0.003,0.003,0.003,0.003,0.003,0.003,0.003,0.0029999999999999996,0.0029999999999999996,0.0029999999999999996,0.0029999999999999996,0.0029999999999999996,0.0029999999999999996,0.0029999999999999996,0.0029999999999999996,0.0029999999999999988,0.0029999999999999988,0.0029999999999999988,0.0029999999999999988,0.0029999999999999983,0.002999999999999996]]",25.0,25.000000000000007,24.999999999999975,1.0000000000000002,0.999999999999999,0.9999999999999987,2.7469333925945147e-05,0.323162622759903,0.0018312889283963435,1,2.6108520187264843,1.827194742482911,1.4288854701818423,2.161254007797797e-10,3.088184449114546e-10,32,5,2
29,MNISTPatchClassifier,MNIST patch filters=32 kernel=5 stride=2 lr=3e-03,1.0,0.003,Muon,2,3,512,64,2.3023671494901436,0.888671875,full_patch_and_classifier_activation,"[[0.0030000000000000014,0.003000000000000001,0.0030000000000000005,0.0029999999999999996,0.0029999999999999996,0.0029999999999999996,0.002999999999999999,0.002999999999999999,0.002999999999999999,0.002999999999999999]]",10.0,9.999999999999998,9.999999999999993,0.9999999999999998,0.9999999999999993,0.9999999999999994,2.173954247165125e-05,0.36452410735589924,0.0022915489833461476,2,1.328778248436152,1.0058490693815583,1.321051327564627,4.70064403661582e-05,6.209792044980075e-05,32,5,2
28,MNISTPatchClassifier,MNIST patch filters=32 kernel=5 stride=2 lr=3e-03,1.0,0.003,Adam,2,4,512,64,2.3022436010633642,0.888671875,full_patch_and_classifier_activation,"[[0.013809070370409517,0.003805489604119838,0.0032435288053177425,0.0023857904094506397,0.0018133752808509416,0.0014991030642652855,0.0011965408418740133,0.0008972765008346103,0.0007385255802238805,0.0007354270005002148,0.0005249691731535528,0.0004582134025352032,0.00037606109300107,0.0002902210586565289,0.0001881386301443449,0.00017342311819080566,0.00013469040792759714,0.00011647474043930339,8.302687636360148e-05,7.657754671901676e-05,5.9654744209229075e-05,4.390197979541945e-05,3.923498842572652e-05,2.371031920056511e-05,1.3996417105683293e-05]]",25.0,4.634993837256847,1.2117666747842506,0.18539975349027388,0.04847066699137002,0.2614386808983153,5.6176741242545586e-05,0.6968072604675613,0.0036955799099481785,1,2.0982699745312474,1.827194742482911,1.1483559610509726,1.893102726957119e-10,2.1739558013830592e-10,32,5,2
28,MNISTPatchClassifier,MNIST patch filters=32 kernel=5 stride=2 lr=3e-03,1.0,0.003,Adam,2,4,512,64,2.3022436010633642,0.888671875,full_patch_and_classifier_activation,"[[0.009072309317359705,0.002154171335921414,0.0016913973024288934,0.0008168788089078922,0.0007237584957116251,0.0005472955087936974,0.000435740233430777,0.00030994616274365397,0.00022855317578986904,0.0001153818811756183]]",10.0,2.826648583521852,1.1135193547013373,0.28266485835218524,0.11135193547013374,0.3939362541182789,3.7613052176968184e-05,0.5090351298394872,0.003928907846401255,2,1.252493559869784,1.002534563779988,1.2493270607522424,3.4148694154751446e-05,4.26628876968829e-05,32,5,2
29,MNISTPatchClassifier,MNIST patch filters=32 kernel=5 stride=2 lr=3e-03,1.0,0.003,Muon,2,4,512,64,2.302379165780554,0.888671875,full_patch_and_classifier_activation,"[[0.0030000000000000022,0.0030000000000000022,0.003000000000000002,0.003000000000000002,0.003000000000000002,0.003000000000000002,0.003000000000000002,0.003000000000000002,0.0030000000000000014,0.0030000000000000014,0.0030000000000000014,0.0030000000000000014,0.0030000000000000014,0.003000000000000001,0.003000000000000001,0.003000000000000001,0.003000000000000001,0.003000000000000001,0.0030000000000000005,0.0030000000000000005,0.0030000000000000005,0.0030000000000000005,0.003,0.0029999999999999996,0.0029999999999999996]]",25.0,25.000000000000007,24.999999999999982,1.0000000000000002,0.9999999999999993,0.999999999999999,2.202931977010215e-05,0.30920291984269593,0.0014686213180068102,1,2.390161140981215,1.827194742482911,1.30810421320133,1.5183322045047468e-10,1.9861367537519225e-10,32,5,2
29,MNISTPatchClassifier,MNIST patch filters=32 kernel=5 stride=2 lr=3e-03,1.0,0.003,Muon,2,4,512,64,2.302379165780554,0.888671875,full_patch_and_classifier_activation,"[[0.003,0.003,0.0029999999999999996,0.0029999999999999996,0.0029999999999999996,0.0029999999999999996,0.002999999999999999,0.0029999999999999983,0.0029999999999999983,0.002999999999999997]]",10.0,10.000000000000002,9.999999999999993,1.0000000000000002,0.9999999999999993,0.9999999999999991,2.0006157313867876e-05,0.3704008460554265,0.0021088341446486203,2,1.3719678675857596,1.0054903192426785,1.364476456241873,3.493538555626525e-05,4.7668511081256334e-05,32,5,2
28,MNISTPatchClassifier,MNIST patch filters=32 kernel=5 stride=2 lr=3e-03,1.0,0.003,Adam,2,5,512,64,2.302537819948292,0.888671875,full_patch_and_classifier_activation,,,,,,,,,,,1,3.4530124161213975,1.827194742482911,1.8897889403015795,5.662432222871377e-11,1.0700801789989616e-10,32,5,2
28,MNISTPatchClassifier,MNIST patch filters=32 kernel=5 stride=2 lr=3e-03,1.0,0.003,Adam,2,5,512,64,2.302537819948292,0.888671875,full_patch_and_classifier_activation,,,,,,,,,,,2,1.3377634300981702,1.0018618625572433,1.335277327239048,1.9274620807715394e-05,2.573696415567235e-05,32,5,2
29,MNISTPatchClassifier,MNIST patch filters=32 kernel=5 stride=2 lr=3e-03,1.0,0.003,Muon,2,5,512,64,2.302559576235556,0.888671875,full_patch_and_classifier_activation,,,,,,,,,,,1,4.2107132424055695,1.827194742482911,2.3044687818463068,4.28381487934024e-11,9.871917656648287e-11,32,5,2
29,MNISTPatchClassifier,MNIST patch filters=32 kernel=5 stride=2 lr=3e-03,1.0,0.003,Muon,2,5,512,64,2.302559576235556,0.888671875,full_patch_and_classifier_activation,,,,,,,,,,,2,1.5821499812471114,1.005231084705317,1.5739166897240529,1.939197261920699e-05,3.0521349352041736e-05,32,5,2
30,MNISTPatchClassifier,MNIST patch filters=32 kernel=5 stride=2 lr=1e-02,1.0,0.01,Adam,0,0,512,64,2.3026346790366623,0.90625,full_patch_and_classifier_activation,"[[0.04555086321719031,0.013045881873463477,0.0090893250406859,0.007128170837029465,0.006280902221561497,0.005257314131736387,0.004250470833952179,0.003589751811494606,0.0031057810702615173,0.0028389653987779873,0.0015927768612598338,0.001138025183646409,2.6725186005757236e-06,1.5733102924652694e-06,1.2646121867646989e-06,4.727874758338545e-07,3.6119377409905235e-07,2.863026337066554e-07,1.6400997210071211e-07,1.1047168688523273e-07,8.892723487431378e-08,6.65077866215588e-08,3.109800534355617e-08,2.3535614263183754e-08,1.4920810782942733e-08]]",25.0,4.236585434265488,1.2039640881738236,0.16946341737061954,0.04815856352695294,0.2841826529535239,0.0001837796967207274,0.674075980978094,0.003677004424694428,1,2.3406130984260183,1.7960290538201074,1.303215609707201,1.9041098047737246e-10,2.481465620177649e-10,32,5,2
30,MNISTPatchClassifier,MNIST patch filters=32 kernel=5 stride=2 lr=1e-02,1.0,0.01,Adam,0,0,512,64,2.3026346790366623,0.90625,full_patch_and_classifier_activation,"[[0.02918546600362793,0.009450288989478339,0.005984286937773076,0.005000653887701226,1.29801913468101e-06,9.920331182129033e-07,6.152434804934326e-07,2.3040661081820171e-07,1.3899776850098708e-07,4.9120335701333146e-08]]",10.0,2.45783013988413,1.1762476000689328,0.245783013988413,0.11762476000689329,0.4785715582950679,0.00011874578244556902,0.7096225176457681,0.003751476119819727,2,1.4498293471789292,1.0069318213571763,1.4398485740820077,3.792732453381607e-05,5.460960414876061e-05,32,5,2
31,MNISTPatchClassifier,MNIST patch filters=32 kernel=5 stride=2 lr=1e-02,1.0,0.01,Muon,0,0,512,64,2.3026346790366623,0.90625,full_patch_and_classifier_activation,"[[0.010000000000000005,0.010000000000000005,0.010000000000000004,0.010000000000000004,0.010000000000000004,0.010000000000000002,0.010000000000000002,0.010000000000000002,0.010000000000000002,0.010000000000000002,0.010000000000000002,0.010000000000000002,0.010000000000000002,0.010000000000000002,0.010000000000000002,0.01,0.01,0.01,0.009999999999999998,0.009999999999999998,0.009999999999999998,0.009999999999999998,0.009999999999999997,0.009999999999999995,0.009999999999999995]]",25.0,24.999999999999996,24.999999999999975,0.9999999999999999,0.999999999999999,0.9999999999999991,8.345456842949559e-05,0.3059812476885484,0.001669091368589912,1,2.3406130984260183,1.7960290538201074,1.303215609707201,1.9041098047737246e-10,2.481465620177649e-10,32,5,2
31,MNISTPatchClassifier,MNIST patch filters=32 kernel=5 stride=2 lr=1e-02,1.0,0.01,Muon,0,0,512,64,2.3026346790366623,0.90625,full_patch_and_classifier_activation,"[[0.010000000000000005,0.010000000000000004,0.010000000000000002,0.010000000000000002,0.010000000000000002,0.01,0.009999999999999997,0.009999999999999997,0.009999999999999997,0.009999999999999995]]",10.0,10.000000000000002,9.99999999999999,1.0000000000000002,0.9999999999999989,0.9999999999999988,6.36551053830565e-05,0.3807662468206613,0.002012951177085035,2,1.4498293471789292,1.0069318213571763,1.4398485740820077,3.792732453381607e-05,5.460960414876061e-05,32,5,2
30,MNISTPatchClassifier,MNIST patch filters=32 kernel=5 stride=2 lr=1e-02,1.0,0.01,Adam,0,1,512,64,2.3025853738108246,0.8984375,full_patch_and_classifier_activation,"[[0.045677282319378384,0.012598679851465178,0.006818200840812417,0.005400961765634097,0.004608209055701631,0.0036228402154323816,0.002883515896009909,0.002571554502415093,0.001927455803463776,0.0014248236052881095,0.0011473853362176118,0.0010684229631418838,0.000995287455866177,0.0007598470317293443,0.0006823842622451763,0.0004958711984809898,0.00042154628218320456,0.00035754551791706315,0.00026953228091453936,0.00019927023268060507,0.00015324789509282182,0.00010088169909581475,9.392562467163532e-05,5.932195269469439e-05,3.397506821245744e-05]]",25.0,3.740418952982305,1.1412092087314958,0.1496167581192922,0.04564836834925983,0.30510197469232386,0.00012038496648623489,0.5792869818659079,0.0024671148413595444,1,2.524552957221226,1.7960290538201074,1.4056303553951799,1.1606802196898454e-10,1.6314873497027927e-10,32,5,2
30,MNISTPatchClassifier,MNIST patch filters=32 kernel=5 stride=2 lr=1e-02,1.0,0.01,Adam,0,1,512,64,2.3025853738108246,0.8984375,full_patch_and_classifier_activation,"[[0.03106669362984087,0.008785458730006456,0.0071720102657804345,0.005301729253987777,0.003091666726763304,0.0028118850643720694,0.0006955866958067607,0.0005228815839474514,0.00040872426589116375,0.00032360711980525833]]",10.0,3.1758823689674087,1.1815535285921324,0.31758823689674087,0.11815535285921323,0.37203944961484736,0.00014577465840935892,0.6257753976343798,0.004316783789343413,2,1.3391075869867353,1.0042899292622904,1.333387449150653,3.425933702864108e-05,4.568097001021223e-05,32,5,2
31,MNISTPatchClassifier,MNIST patch filters=32 kernel=5 stride=2 lr=1e-02,1.0,0.01,Muon,0,1,512,64,2.302589498937942,0.8984375,full_patch_and_classifier_activation,"[[0.010000000000000002,0.010000000000000002,0.009999999999999998,0.009999999999999998,0.009999999999999998,0.009999999999999998,0.009999999999999998,0.009999999999999998,0.009999999999999998,0.009999999999999998,0.009999999999999998,0.009999999999999998,0.009999999999999997,0.009999999999999997,0.009999999999999997,0.009999999999999997,0.009999999999999997,0.009999999999999997,0.009999999999999995,0.009999999999999995,0.009999999999999993,0.009999999999999993,0.009999999999999993,0.009999999999999992,0.009999999999999992]]",25.0,25.0,24.99999999999997,1.0,0.9999999999999989,0.9999999999999989,6.762713555326491e-05,0.33937789264426477,0.0013525427110652986,1,2.879433850391551,1.7960290538201074,1.6032223110573127,1.0163803698771216e-10,1.629483685507685e-10,32,5,2
31,MNISTPatchClassifier,MNIST patch filters=32 kernel=5 stride=2 lr=1e-02,1.0,0.01,Muon,0,1,512,64,2.302589498937942,0.8984375,full_patch_and_classifier_activation,"[[0.010000000000000007,0.010000000000000002,0.010000000000000002,0.01,0.009999999999999998,0.009999999999999998,0.009999999999999998,0.009999999999999998,0.009999999999999998,0.009999999999999995]]",10.0,10.000000000000002,9.999999999999986,1.0000000000000002,0.9999999999999986,0.9999999999999984,6.176746870899002e-05,0.3871908352955879,0.0019532588642358854,2,1.4991674293689503,1.0071971200596967,1.4884548411735872,3.442849664005378e-05,5.124526249821662e-05,32,5,2
30,MNISTPatchClassifier,MNIST patch filters=32 kernel=5 stride=2 lr=1e-02,1.0,0.01,Adam,0,2,512,64,2.302276000293126,0.8984375,full_patch_and_classifier_activation,"[[0.04698061768479629,0.010154546569821173,0.005919094122194625,0.005260307427207922,0.0035702933459675827,0.003046141234598429,0.0019199401305979677,0.0016227286921854471,0.0011781475406862846,0.0011585796374030514,0.0010623865607991998,0.000812722894331649,0.0006202256659036041,0.0004224627858660985,0.0003834441647990335,0.0003355386579723042,0.00030489411061157746,0.0002438985305629987,0.00018464956549603414,0.0001661910422590519,0.00011879934072547904,0.00010022032799586036,7.245577503218845e-05,5.588382788483886e-05,2.8073421955763892e-05]]",25.0,3.0529711777875588,1.0905030985112136,0.12211884711150235,0.04362012394044854,0.35719403656522053,0.00021207286069855962,0.7419191064575109,0.0043226783440269406,1,2.1333326921354847,1.7960290538201074,1.1878052237506633,2.1722715727182782e-10,2.5802355214798394e-10,32,5,2
30,MNISTPatchClassifier,MNIST patch filters=32 kernel=5 stride=2 lr=1e-02,1.0,0.01,Adam,0,2,512,64,2.302276000293126,0.8984375,full_patch_and_classifier_activation,"[[0.0324412236412797,0.008654302515404652,0.005609745949140397,0.0045901002206140675,0.0031730909410718692,0.0026382403916310653,0.0018650641059383397,0.0010476840621031897,0.0009007226746295405,0.0004839915581383251]]",10.0,3.135478601099551,1.1426083148042059,0.3135478601099551,0.11426083148042059,0.36441272933692337,0.0001840779012324451,0.56520808045516,0.005308303397727017,2,1.2597130761844924,1.00202300743573,1.2571698123062216,3.273596700908976e-05,4.115466950048004e-05,32,5,2
31,MNISTPatchClassifier,MNIST patch filters=32 kernel=5 stride=2 lr=1e-02,1.0,0.01,Muon,0,2,512,64,2.302480822961056,0.8984375,full_patch_and_classifier_activation,"[[0.010000000000000007,0.010000000000000005,0.010000000000000005,0.010000000000000005,0.010000000000000004,0.010000000000000004,0.010000000000000004,0.010000000000000002,0.010000000000000002,0.010000000000000002,0.010000000000000002,0.010000000000000002,0.010000000000000002,0.01,0.01,0.01,0.01,0.009999999999999998,0.009999999999999998,0.009999999999999998,0.009999999999999998,0.009999999999999998,0.009999999999999997,0.009999999999999997,0.009999999999999997]]",25.0,24.999999999999996,24.999999999999968,0.9999999999999999,0.9999999999999987,0.9999999999999989,7.520790544622726e-05,0.34739693267230953,0.0015041581089245447,1,3.0171157207532295,1.7960290538201074,1.679881355112771,1.199655111475879e-10,2.0152782543340617e-10,32,5,2
31,MNISTPatchClassifier,MNIST patch filters=32 kernel=5 stride=2 lr=1e-02,1.0,0.01,Muon,0,2,512,64,2.302480822961056,0.8984375,full_patch_and_classifier_activation,"[[0.010000000000000005,0.010000000000000002,0.01,0.01,0.01,0.009999999999999998,0.009999999999999997,0.009999999999999995,0.009999999999999995,0.009999999999999992]]",10.0,10.0,9.999999999999984,1.0,0.9999999999999984,0.9999999999999984,6.109387340099705e-05,0.3917197724704206,0.001931957910291282,2,1.53444380144278,1.0082591164805403,1.5218744629842333,3.261990969966931e-05,4.964340755677841e-05,32,5,2
30,MNISTPatchClassifier,MNIST patch filters=32 kernel=5 stride=2 lr=1e-02,1.0,0.01,Adam,0,3,512,64,2.302049504219029,0.8984375,full_patch_and_classifier_activation,"[[0.04984162231945221,0.011393398631875596,0.007306789154618276,0.0052951672131851596,0.003369764431290037,0.002543167754941829,0.0017412725866279828,0.0013294171919186293,0.000994898815978465,0.000722533226923996,0.0006121317276486191,0.0005472770536772655,0.00043739345435806376,0.00038297202183339076,0.000341443639104501,0.0002914652026519324,0.00020968327580325353,0.00017402781822949752,0.00013197953612505533,0.00012588117558398154,0.00011020399964384455,8.034647094239628e-05,4.7807841723309906e-05,4.458041289238865e-05,1.893463188106725e-05]]",25.0,2.852207276609488,1.0952892120570343,0.11408829106437952,0.04381156848228138,0.3840145914496931,0.0002571640902842621,0.7269463354702319,0.004930077538148062,1,1.7807645118047353,1.7960290538201074,0.991500949284253,2.9432298907309843e-10,2.918215230621559e-10,32,5,2
30,MNISTPatchClassifier,MNIST patch filters=32 kernel=5 stride=2 lr=1e-02,1.0,0.01,Adam,0,3,512,64,2.302049504219029,0.8984375,full_patch_and_classifier_activation,"[[0.030071043802332265,0.009275001623994987,0.006867410011687829,0.0035635761781794917,0.0031725895319140115,0.0019317691101668102,0.0016957095822564834,0.0012210494112461056,0.0009894325026035895,0.0004780212277533543]]",10.0,3.2840866994718243,1.1827522811337563,0.32840866994718243,0.11827522811337562,0.36014648496459517,0.00025575539217939457,0.5983096020342052,0.007820407768350662,2,1.1846639749931493,1.0007367497392972,1.1837918166808277,3.086055276974806e-05,3.65324698270746e-05,32,5,2
31,MNISTPatchClassifier,MNIST patch filters=32 kernel=5 stride=2 lr=1e-02,1.0,0.01,Muon,0,3,512,64,2.3024689389058177,0.8984375,full_patch_and_classifier_activation,"[[0.010000000000000005,0.010000000000000004,0.010000000000000004,0.010000000000000004,0.010000000000000002,0.010000000000000002,0.010000000000000002,0.010000000000000002,0.010000000000000002,0.010000000000000002,0.010000000000000002,0.010000000000000002,0.01,0.01,0.01,0.01,0.01,0.01,0.009999999999999998,0.009999999999999998,0.009999999999999998,0.009999999999999998,0.009999999999999998,0.009999999999999997,0.009999999999999997]]",25.0,24.999999999999996,24.999999999999975,0.9999999999999999,0.999999999999999,0.9999999999999991,8.726785885408964e-05,0.33368130356749026,0.0017453571770817925,1,2.783580308762491,1.7960290538201074,1.5498526055811221,1.750758625535491e-10,2.7134178175298047e-10,32,5,2
31,MNISTPatchClassifier,MNIST patch filters=32 kernel=5 stride=2 lr=1e-02,1.0,0.01,Muon,0,3,512,64,2.3024689389058177,0.8984375,full_patch_and_classifier_activation,"[[0.010000000000000005,0.010000000000000004,0.010000000000000004,0.010000000000000002,0.010000000000000002,0.010000000000000002,0.01,0.009999999999999998,0.009999999999999997,0.009999999999999997]]",10.0,10.0,9.999999999999991,1.0,0.9999999999999991,0.9999999999999991,6.992039197140014e-05,0.40355828364172536,0.002211076935213752,2,1.6285928829585523,1.0081625670645544,1.6154070148631798,3.221955367154865e-05,5.204769301678041e-05,32,5,2
30,MNISTPatchClassifier,MNIST patch filters=32 kernel=5 stride=2 lr=1e-02,1.0,0.01,Adam,0,4,512,64,2.3011934026477245,0.8984375,full_patch_and_classifier_activation,"[[0.05281765651664021,0.011358066376298978,0.0070514828984445475,0.005588549502386965,0.0034321791216288945,0.0022028100430309607,0.002108604172616843,0.0015652780390999965,0.0008394533676257482,0.0006823745928963382,0.0006106633108357068,0.0005052314112779316,0.00040993384337600333,0.0003926234839757886,0.00027038989413067375,0.00021803749640842383,0.0001569425923822405,0.00014206446443430675,0.00012156705795912842,0.00011646393583135359,6.714989452041693e-05,5.1222252924684965e-05,3.904209998250803e-05,2.7702675311311107e-05,1.1230524782620985e-05]]",25.0,2.724236777805826,1.0845299256793428,0.10896947111223304,0.04338119702717371,0.3981041348956652,0.0004445437954185361,0.8179272890311494,0.008081922007768763,1,1.629274091217398,1.7960290538201074,0.907153527250561,6.247716337833901e-10,5.66763791312698e-10,32,5,2
30,MNISTPatchClassifier,MNIST patch filters=32 kernel=5 stride=2 lr=1e-02,1.0,0.01,Adam,0,4,512,64,2.3011934026477245,0.8984375,full_patch_and_classifier_activation,"[[0.02952286533969678,0.009796544512305496,0.0073978057405357745,0.003030392260454975,0.0028019522400797347,0.00187069179379922,0.0014687242236005728,0.0013741495040359884,0.0008218784834248959,0.0005233472223876763]]",10.0,3.278151707274265,1.2021895538823204,0.3278151707274265,0.12021895538823205,0.3667278580227525,0.00038208309165815814,0.6026111605869628,0.011803555289358076,2,1.1196733111809383,1.000405829129769,1.1192190994677804,3.6046305263075695e-05,4.0343713315680296e-05,32,5,2
31,MNISTPatchClassifier,MNIST patch filters=32 kernel=5 stride=2 lr=1e-02,1.0,0.01,Muon,0,4,512,64,2.3023015351613627,0.8984375,full_patch_and_classifier_activation,"[[0.010000000000000007,0.010000000000000004,0.010000000000000004,0.010000000000000004,0.010000000000000002,0.010000000000000002,0.010000000000000002,0.010000000000000002,0.01,0.01,0.01,0.01,0.009999999999999998,0.009999999999999998,0.009999999999999998,0.009999999999999998,0.009999999999999998,0.009999999999999998,0.009999999999999998,0.009999999999999998,0.009999999999999997,0.009999999999999997,0.009999999999999997,0.009999999999999995,0.009999999999999993]]",25.0,25.000000000000004,24.99999999999996,1.0000000000000002,0.9999999999999984,0.9999999999999983,0.00010167397673733171,0.3233326415989058,0.0020334795347466345,1,2.6135999280831608,1.7960290538201074,1.4552102720855775,2.53105685193758e-10,3.683219930172151e-10,32,5,2
31,MNISTPatchClassifier,MNIST patch filters=32 kernel=5 stride=2 lr=1e-02,1.0,0.01,Muon,0,4,512,64,2.3023015351613627,0.8984375,full_patch_and_classifier_activation,"[[0.010000000000000007,0.01,0.01,0.01,0.01,0.01,0.009999999999999998,0.009999999999999998,0.009999999999999997,0.009999999999999995]]",10.0,9.999999999999998,9.999999999999986,0.9999999999999998,0.9999999999999986,0.9999999999999988,7.840561088404401e-05,0.38827654948746065,0.0024794031173046706,2,1.507586788818882,1.0077637473014223,1.4959724368492913,3.701779629119405e-05,5.5377602924528224e-05,32,5,2
30,MNISTPatchClassifier,MNIST patch filters=32 kernel=5 stride=2 lr=1e-02,1.0,0.01,Adam,0,5,512,64,2.302353039964646,0.8984375,full_patch_and_classifier_activation,,,,,,,,,,,1,1.7860741697578415,1.7960290538201074,0.9944572811664198,1.368993019003613e-10,1.3614050756141417e-10,32,5,2
30,MNISTPatchClassifier,MNIST patch filters=32 kernel=5 stride=2 lr=1e-02,1.0,0.01,Adam,0,5,512,64,2.302353039964646,0.8984375,full_patch_and_classifier_activation,,,,,,,,,,,2,1.111984123399382,1.00028929873018,1.1116625208437132,2.5984964605552996e-05,2.888651125744371e-05,32,5,2
31,MNISTPatchClassifier,MNIST patch filters=32 kernel=5 stride=2 lr=1e-02,1.0,0.01,Muon,0,5,512,64,2.30253797305297,0.8984375,full_patch_and_classifier_activation,,,,,,,,,,,1,2.784783393061915,1.7960290538201074,1.5505224635084565,1.293295943550268e-10,2.005284412439055e-10,32,5,2
31,MNISTPatchClassifier,MNIST patch filters=32 kernel=5 stride=2 lr=1e-02,1.0,0.01,Muon,0,5,512,64,2.30253797305297,0.8984375,full_patch_and_classifier_activation,,,,,,,,,,,2,1.6310967475391587,1.0073171067846622,1.6192485331114743,2.563477296354394e-05,4.1509068517864205e-05,32,5,2
32,MNISTPatchClassifier,MNIST patch filters=32 kernel=5 stride=2 lr=1e-02,1.0,0.01,Adam,1,0,512,64,2.302641018481587,0.8828125,full_patch_and_classifier_activation,"[[0.038966261138003486,0.01824592426877628,0.014475308626124306,0.01099293738705519,0.008311427635489862,0.007267244200564702,0.00698526895619968,0.0063509529722623895,0.005529259232402782,0.004898299157579784,0.003930750605915483,0.00361098882795617,0.0029487424228594084,0.0025791213234867025,0.002119176868456717,0.00097009984211771,4.8185028154479514e-05,1.9520034110998266e-05,6.18510830749428e-06,3.4537876571171932e-06,2.5076701448892743e-06,6.18410815853449e-07,3.0255947896925614e-07,2.4422879570342844e-07,4.903301763622818e-08]]",25.0,7.657298228047251,1.6442121166781294,0.30629192912189007,0.06576848466712518,0.2147248373657027,6.874006700834323e-05,0.6322935780753468,0.0013757587773885322,1,3.21172183289861,1.805163375210847,1.779186237103594,3.108863104931872e-11,5.5312464493339346e-11,32,5,2
32,MNISTPatchClassifier,MNIST patch filters=32 kernel=5 stride=2 lr=1e-02,1.0,0.01,Adam,1,0,512,64,2.302641018481587,0.8828125,full_patch_and_classifier_activation,"[[0.025502811507363506,0.013444853179529051,0.008536402416012489,0.006875943903145823,0.004688135122250884,0.0039217590984162096,0.002990140172915144,0.002423305004494411,8.065421156671197e-06,7.113609704794673e-07]]",10.0,4.661269028451469,1.542879228058291,0.46612690284514685,0.1542879228058291,0.33099982400519257,5.169802018208173e-05,0.6564654336272021,0.0016319989863390093,2,1.9045605739790759,1.005967745818485,1.8932620671942808,9.794964225058955e-06,1.8544434216829146e-05,32,5,2
33,MNISTPatchClassifier,MNIST patch filters=32 kernel=5 stride=2 lr=1e-02,1.0,0.01,Muon,1,0,512,64,2.302641018481587,0.8828125,full_patch_and_classifier_activation,"[[0.010000000000000002,0.010000000000000002,0.010000000000000002,0.010000000000000002,0.010000000000000002,0.010000000000000002,0.010000000000000002,0.010000000000000002,0.010000000000000002,0.009999999999999998,0.009999999999999998,0.009999999999999998,0.009999999999999998,0.009999999999999998,0.009999999999999998,0.009999999999999998,0.009999999999999998,0.009999999999999998,0.009999999999999998,0.009999999999999997,0.009999999999999997,0.009999999999999997,0.009999999999999997,0.009999999999999995,0.009999999999999992]]",25.0,25.000000000000004,24.999999999999982,1.0000000000000002,0.9999999999999993,0.9999999999999991,3.899352377795251e-05,0.3584255478002991,0.0007798704755590506,1,3.21172183289861,1.805163375210847,1.779186237103594,3.108863104931872e-11,5.5312464493339346e-11,32,5,2
33,MNISTPatchClassifier,MNIST patch filters=32 kernel=5 stride=2 lr=1e-02,1.0,0.01,Muon,1,0,512,64,2.302641018481587,0.8828125,full_patch_and_classifier_activation,"[[0.010000000000000002,0.010000000000000002,0.01,0.01,0.01,0.009999999999999998,0.009999999999999998,0.009999999999999997,0.009999999999999997,0.009999999999999997]]",10.0,10.0,9.999999999999993,1.0,0.9999999999999993,0.9999999999999993,3.430879116871372e-05,0.43641271452365793,0.0010849392386020561,2,1.9045605739790759,1.005967745818485,1.8932620671942808,9.794964225058955e-06,1.8544434216829146e-05,32,5,2
32,MNISTPatchClassifier,MNIST patch filters=32 kernel=5 stride=2 lr=1e-02,1.0,0.01,Adam,1,1,512,64,2.302600085387545,0.91015625,full_patch_and_classifier_activation,"[[0.04164027442259955,0.013191133705748663,0.010779734894881363,0.008730318644974183,0.007458980768740994,0.006483186661356267,0.005457928302884939,0.004075188506048141,0.0038377024294488538,0.0030693112944178537,0.002694463817748517,0.002501937218762021,0.002266171741723981,0.0016984614259440598,0.001559293603675084,0.0014396607040539976,0.0011167915150812145,0.0009209683123336688,0.0007003904993511221,0.0006127758059515546,0.000439597649651868,0.00040115524781487175,0.000278180914542752,0.00021977986163421062,0.00017886259992724946]]",25.0,6.450461005014709,1.3253667631633361,0.2580184402005884,0.05301467052653344,0.20546853350992605,7.809418566082893e-05,0.6066047445694225,0.001629059999199964,1,3.2660539687857097,1.805163375210847,1.8092844191480606,4.7360590671857216e-11,8.568877878424024e-11,32,5,2
32,MNISTPatchClassifier,MNIST patch filters=32 kernel=5 stride=2 lr=1e-02,1.0,0.01,Adam,1,1,512,64,2.302600085387545,0.91015625,full_patch_and_classifier_activation,"[[0.0291434222177885,0.014292686549269434,0.00890894694600814,0.006270591512388391,0.004256234659913443,0.0036885820195851882,0.0020804124110049846,0.0016673781008501218,0.000762396168807812,0.0003880961849862227]]",10.0,4.213610933127814,1.4268399547102413,0.42136109331278143,0.14268399547102412,0.338626412679037,7.303505160620934e-05,0.4858428001214365,0.0020979887797818657,2,1.5567084638363167,1.0083318417740434,1.5438453883371053,3.277541259918442e-05,5.0600169592096724e-05,32,5,2
33,MNISTPatchClassifier,MNIST patch filters=32 kernel=5 stride=2 lr=1e-02,1.0,0.01,Muon,1,1,512,64,2.302620070065096,0.8828125,full_patch_and_classifier_activation,"[[0.010000000000000007,0.010000000000000005,0.010000000000000004,0.010000000000000002,0.010000000000000002,0.010000000000000002,0.01,0.01,0.009999999999999998,0.009999999999999998,0.009999999999999998,0.009999999999999998,0.009999999999999997,0.009999999999999997,0.009999999999999997,0.009999999999999997,0.009999999999999997,0.009999999999999997,0.009999999999999997,0.009999999999999997,0.009999999999999997,0.009999999999999995,0.009999999999999995,0.009999999999999992,0.009999999999999992]]",25.0,24.999999999999996,24.999999999999957,0.9999999999999999,0.9999999999999983,0.9999999999999984,5.350460565428828e-05,0.32442984799209695,0.0010700921130857657,1,2.631368156704376,1.805163375210847,1.4576897542013483,7.14422750856411e-11,1.0414067240917329e-10,32,5,2
33,MNISTPatchClassifier,MNIST patch filters=32 kernel=5 stride=2 lr=1e-02,1.0,0.01,Muon,1,1,512,64,2.302620070065096,0.8828125,full_patch_and_classifier_activation,"[[0.010000000000000002,0.010000000000000002,0.009999999999999998,0.009999999999999998,0.009999999999999998,0.009999999999999998,0.009999999999999993,0.009999999999999993,0.009999999999999993,0.009999999999999992]]",10.0,10.000000000000002,9.99999999999999,1.0000000000000002,0.9999999999999989,0.9999999999999988,5.058133273648945e-05,0.3943842218570214,0.001599522185341442,2,1.5553891444976817,1.0078677668935347,1.5432472349936597,3.2342935634735985e-05,4.991314598988421e-05,32,5,2
32,MNISTPatchClassifier,MNIST patch filters=32 kernel=5 stride=2 lr=1e-02,1.0,0.01,Adam,1,2,512,64,2.3025271657061017,0.88671875,full_patch_and_classifier_activation,"[[0.04250837521323573,0.014455389851259107,0.011774754938587154,0.010056220739243771,0.008394193633091013,0.006396772405464942,0.004967198925430503,0.004524758680629746,0.0034610391128239715,0.00311599206014412,0.002495091321137365,0.002349813942044487,0.0017223642996163373,0.0014014558496357255,0.0011432479465760521,0.0010370706805368853,0.0009713081497396622,0.0007767238013238003,0.000706285846548435,0.0005168924274014466,0.00040224511976052286,0.00036604554270423383,0.00023467063574049036,0.0002151605253325146,0.00014287800883296703]]",25.0,6.275090313260171,1.3590209465878147,0.25100361253040687,0.05436083786351259,0.2165739262295568,8.835793779977315e-05,0.6168940374291547,0.0017830272913086163,1,3.0963394832740265,1.805163375210847,1.7152682830784596,5.485919013872217e-11,9.409822888032074e-11,32,5,2
32,MNISTPatchClassifier,MNIST patch filters=32 kernel=5 stride=2 lr=1e-02,1.0,0.01,Adam,1,2,512,64,2.3025271657061017,0.88671875,full_patch_and_classifier_activation,"[[0.028294971319487255,0.01293156757943718,0.009423606913220842,0.007043062627791896,0.0047465110973308475,0.0034936879752538227,0.0028415017397012314,0.0020830998511946856,0.001871653787097487,0.001134387148212399]]",10.0,4.710757262346647,1.4466284140831434,0.47107572623466465,0.14466284140831434,0.30709041742526777,7.89370112480661e-05,0.4953496376852131,0.002319492247484527,2,1.5646277492931673,1.0065166140546946,1.5544976878127763,3.215972924440325e-05,4.999222475110977e-05,32,5,2
33,MNISTPatchClassifier,MNIST patch filters=32 kernel=5 stride=2 lr=1e-02,1.0,0.01,Muon,1,2,512,64,2.3025204624153504,0.900390625,full_patch_and_classifier_activation,"[[0.010000000000000009,0.010000000000000007,0.010000000000000007,0.010000000000000007,0.010000000000000005,0.010000000000000005,0.010000000000000004,0.010000000000000004,0.010000000000000004,0.010000000000000004,0.010000000000000004,0.010000000000000004,0.010000000000000002,0.010000000000000002,0.010000000000000002,0.010000000000000002,0.010000000000000002,0.010000000000000002,0.010000000000000002,0.010000000000000002,0.009999999999999998,0.009999999999999998,0.009999999999999998,0.009999999999999998,0.009999999999999998]]",25.0,24.999999999999996,24.999999999999968,0.9999999999999999,0.9999999999999987,0.9999999999999989,5.687291786648677e-05,0.362318234376809,0.0011374583573297349,1,3.2818625740482075,1.805163375210847,1.8180418565521135,6.472099499889398e-11,1.1766547790568927e-10,32,5,2
33,MNISTPatchClassifier,MNIST patch filters=32 kernel=5 stride=2 lr=1e-02,1.0,0.01,Muon,1,2,512,64,2.3025204624153504,0.900390625,full_patch_and_classifier_activation,"[[0.010000000000000002,0.010000000000000002,0.010000000000000002,0.009999999999999998,0.009999999999999998,0.009999999999999998,0.009999999999999998,0.009999999999999997,0.009999999999999995,0.009999999999999993]]",10.0,10.0,9.999999999999993,1.0,0.9999999999999993,0.9999999999999993,5.05124724005883e-05,0.4110029918207623,0.0015973446303225221,2,1.6892345928561732,1.0092595299092715,1.6737365789432068,3.208726954589462e-05,5.37056367573742e-05,32,5,2
32,MNISTPatchClassifier,MNIST patch filters=32 kernel=5 stride=2 lr=1e-02,1.0,0.01,Adam,1,3,512,64,2.302415688597331,0.88671875,full_patch_and_classifier_activation,"[[0.04355733184055613,0.013465947336104156,0.011504862142062868,0.009880526245234687,0.008622538175419138,0.005963727494420552,0.004908267653661065,0.0034912408405078387,0.00275925900981244,0.0025893877761300993,0.002071993612139478,0.0015186571736557507,0.0014001861705631466,0.001212864089490553,0.0009331386226482098,0.0008514081372395948,0.0007817104109549926,0.0005439332751695126,0.00045770385062142004,0.00034679138863638565,0.0002588474103150839,0.00023506644507148358,0.00016301842388120958,9.78709258593834e-05,7.736205336716753e-05]]",25.0,5.58067524303418,1.3082679608389898,0.2232270097213672,0.05233071843355959,0.23442825533916795,0.00010959739665040015,0.49076994542200725,0.0021998375788109645,1,2.305335516449385,1.805163375210847,1.2770786002569527,1.319410304631911e-10,1.6849906650039208e-10,32,5,2
32,MNISTPatchClassifier,MNIST patch filters=32 kernel=5 stride=2 lr=1e-02,1.0,0.01,Adam,1,3,512,64,2.302415688597331,0.88671875,full_patch_and_classifier_activation,"[[0.029454791269591673,0.012210486576743923,0.010067340896081972,0.006806331422534795,0.004212645466117947,0.0030920673063760088,0.002541759255545033,0.0022240082346632784,0.0011188922278803355,0.0008359548388913216]]",10.0,4.36968797689577,1.3889398078568276,0.436968797689577,0.13889398078568277,0.3178578917306428,0.00014058921844853594,0.5211066339202927,0.0040499937644825085,2,1.3563089734027955,1.0033464356898225,1.3517853107937774,3.884677442534031e-05,5.251249903989442e-05,32,5,2
33,MNISTPatchClassifier,MNIST patch filters=32 kernel=5 stride=2 lr=1e-02,1.0,0.01,Muon,1,3,512,64,2.302519655684764,0.884765625,full_patch_and_classifier_activation,"[[0.010000000000000005,0.010000000000000005,0.010000000000000005,0.010000000000000005,0.010000000000000004,0.010000000000000002,0.010000000000000002,0.010000000000000002,0.010000000000000002,0.010000000000000002,0.010000000000000002,0.010000000000000002,0.01,0.01,0.01,0.01,0.009999999999999998,0.009999999999999998,0.009999999999999998,0.009999999999999998,0.009999999999999998,0.009999999999999997,0.009999999999999997,0.009999999999999997,0.009999999999999995]]",25.0,24.999999999999996,24.999999999999975,0.9999999999999999,0.999999999999999,0.9999999999999991,8.324017466055167e-05,0.3150724577066868,0.001664803493211033,1,2.481766340133296,1.805163375210847,1.3748153625393715,1.8334101513132408e-10,2.520600441861078e-10,32,5,2
33,MNISTPatchClassifier,MNIST patch filters=32 kernel=5 stride=2 lr=1e-02,1.0,0.01,Muon,1,3,512,64,2.302519655684764,0.884765625,full_patch_and_classifier_activation,"[[0.01,0.01,0.01,0.009999999999999998,0.009999999999999998,0.009999999999999998,0.009999999999999998,0.009999999999999995,0.009999999999999995,0.009999999999999993]]",10.0,10.0,9.999999999999995,1.0,0.9999999999999994,0.9999999999999994,6.0574592642959806e-05,0.3991573177091618,0.001915536810886317,2,1.593265642807726,1.0087030194399464,1.5795190577424278,3.839831456571936e-05,6.0650869641742384e-05,32,5,2
32,MNISTPatchClassifier,MNIST patch filters=32 kernel=5 stride=2 lr=1e-02,1.0,0.01,Adam,1,4,512,64,2.3020527436977583,0.88671875,full_patch_and_classifier_activation,"[[0.04718586557823421,0.013235177173790686,0.011440622523586928,0.00837733344899176,0.007846440607997902,0.005035964525920471,0.004633487252177709,0.0036764948331146877,0.0025136165391613724,0.0020241421454852467,0.001737221140375781,0.001260302228300212,0.00099518786586045,0.0008521261172514243,0.0007684483341929801,0.0005796692305773227,0.0005162725167696454,0.0004363550944212171,0.0002968335445620929,0.0002453759114489538,0.0001997219760944803,0.0001925479136359417,0.0001063147894929988,8.400196743015538e-05,6.204904498384392e-05]]",25.0,4.7629331840696265,1.2319868364763724,0.19051732736278507,0.049279473459054896,0.25866137291132796,0.00023416112802577898,0.7813690238003,0.004470950294401273,1,1.9489263486056012,1.805163375210847,1.0796398682628725,2.1500168261728447e-10,2.3212438829722096e-10,32,5,2
32,MNISTPatchClassifier,MNIST patch filters=32 kernel=5 stride=2 lr=1e-02,1.0,0.01,Adam,1,4,512,64,2.3020527436977583,0.88671875,full_patch_and_classifier_activation,"[[0.02961733768212313,0.01260968423411371,0.007004824798395909,0.005919385903285495,0.0035914523263807104,0.002804100763860337,0.00234707277878335,0.001993786232435262,0.0016926740350171907,0.0010345436587312854]]",10.0,4.078031558424396,1.3161148136251084,0.4078031558424396,0.13161148136251083,0.3227328662786532,0.00014411868823339393,0.5355814042591087,0.004241577385010582,2,1.3140743509893227,1.0014702572805656,1.3121451600146523,1.8150396588424702e-05,2.381595503584793e-05,32,5,2
33,MNISTPatchClassifier,MNIST patch filters=32 kernel=5 stride=2 lr=1e-02,1.0,0.01,Muon,1,4,512,64,2.3025003170137444,0.826171875,full_patch_and_classifier_activation,"[[0.010000000000000005,0.010000000000000005,0.010000000000000004,0.010000000000000004,0.010000000000000004,0.010000000000000002,0.010000000000000002,0.010000000000000002,0.010000000000000002,0.010000000000000002,0.010000000000000002,0.010000000000000002,0.01,0.01,0.009999999999999998,0.009999999999999998,0.009999999999999998,0.009999999999999998,0.009999999999999997,0.009999999999999997,0.009999999999999997,0.009999999999999995,0.009999999999999995,0.009999999999999995,0.009999999999999993]]",25.0,24.999999999999993,24.99999999999997,0.9999999999999997,0.9999999999999989,0.9999999999999991,4.533307357259742e-05,0.38175268468374457,0.0009066614714519487,1,3.6433778065811597,1.805163375210847,2.018309177226469,3.704082727839032e-11,7.475984162803572e-11,32,5,2
33,MNISTPatchClassifier,MNIST patch filters=32 kernel=5 stride=2 lr=1e-02,1.0,0.01,Muon,1,4,512,64,2.3025003170137444,0.826171875,full_patch_and_classifier_activation,"[[0.010000000000000007,0.010000000000000005,0.010000000000000004,0.010000000000000004,0.010000000000000002,0.01,0.01,0.009999999999999998,0.009999999999999998,0.009999999999999997]]",10.0,10.0,9.999999999999988,1.0,0.9999999999999988,0.9999999999999988,4.74156802369848e-05,0.4325967688859954,0.0014994154635510429,2,1.8713996445060337,1.0101656640117285,1.852567070112082,1.7638465338262846e-05,3.267644005297911e-05,32,5,2
32,MNISTPatchClassifier,MNIST patch filters=32 kernel=5 stride=2 lr=1e-02,1.0,0.01,Adam,1,5,512,64,2.3020246542548746,0.88671875,full_patch_and_classifier_activation,,,,,,,,,,,1,2.640900206127472,1.805163375210847,1.4629701900632728,1.840153874296221e-10,2.692090263224811e-10,32,5,2
32,MNISTPatchClassifier,MNIST patch filters=32 kernel=5 stride=2 lr=1e-02,1.0,0.01,Adam,1,5,512,64,2.3020246542548746,0.88671875,full_patch_and_classifier_activation,,,,,,,,,,,2,1.1967792009863745,1.000807283684535,1.1958138399836147,3.418021604590223e-05,4.087317540131991e-05,32,5,2
33,MNISTPatchClassifier,MNIST patch filters=32 kernel=5 stride=2 lr=1e-02,1.0,0.01,Muon,1,5,512,64,2.3024140031256985,0.822265625,full_patch_and_classifier_activation,,,,,,,,,,,1,3.0519452664841915,1.805163375210847,1.6906753750904777,1.3956514403089662e-10,2.359593522339927e-10,32,5,2
33,MNISTPatchClassifier,MNIST patch filters=32 kernel=5 stride=2 lr=1e-02,1.0,0.01,Muon,1,5,512,64,2.3024140031256985,0.822265625,full_patch_and_classifier_activation,,,,,,,,,,,2,1.720875575495954,1.0098545279562368,1.7040826454268572,3.518316335791572e-05,5.995501808944229e-05,32,5,2
34,MNISTPatchClassifier,MNIST patch filters=32 kernel=5 stride=2 lr=1e-02,1.0,0.01,Adam,2,0,512,64,2.302454217058779,0.888671875,full_patch_and_classifier_activation,"[[0.04501296671280316,0.012184086170052148,0.00967881613445965,0.008392260737711564,0.007144583924188966,0.006037564826417915,0.005639897724010685,0.0040444204201619,0.0035430526296272163,0.0023295673658833946,0.0017655451838890853,1.1273583547807358e-05,8.896178869160288e-06,4.16391075685679e-06,2.7290538712902743e-06,1.5145168042760445e-06,1.4242249698619203e-06,6.887007647256303e-07,6.396284395104332e-07,2.4348388883545086e-07,1.2599586296755572e-07,1.2144108920033945e-07,6.690517265060906e-08,3.443198922031285e-08,1.822084747771187e-08]]",25.0,4.485948092332144,1.2316304536939826,0.17943792369328576,0.049265218147759304,0.27455298820760216,0.00016295871967544404,0.6870486396900511,0.0032621186793397932,1,2.8369984082879784,1.827194742482911,1.5526524580696204,1.5172560100891658e-10,2.3557712735858474e-10,32,5,2
34,MNISTPatchClassifier,MNIST patch filters=32 kernel=5 stride=2 lr=1e-02,1.0,0.01,Adam,2,0,512,64,2.302454217058779,0.888671875,full_patch_and_classifier_activation,"[[0.029285818046047192,0.00879178068551714,0.006679815528554723,0.004071335154829569,0.002891459076890567,4.302044610216733e-06,7.005730895340669e-07,1.9746060567651306e-07,1.2281570213203508e-07,4.989066068010149e-08]]",10.0,2.663521130403681,1.1712238126958234,0.2663521130403681,0.11712238126958234,0.4397276219536932,0.00010175258215556187,0.5575659350301628,0.0032104664252101153,2,1.3232553561521512,1.0063459160457693,1.3149110410778162,4.59888181818941e-05,6.0471204793492776e-05,32,5,2
35,MNISTPatchClassifier,MNIST patch filters=32 kernel=5 stride=2 lr=1e-02,1.0,0.01,Muon,2,0,512,64,2.302454217058779,0.888671875,full_patch_and_classifier_activation,"[[0.010000000000000007,0.010000000000000007,0.010000000000000005,0.010000000000000005,0.010000000000000004,0.010000000000000004,0.010000000000000002,0.010000000000000002,0.010000000000000002,0.010000000000000002,0.010000000000000002,0.010000000000000002,0.01,0.01,0.01,0.01,0.01,0.009999999999999998,0.009999999999999998,0.009999999999999998,0.009999999999999998,0.009999999999999998,0.009999999999999998,0.009999999999999997,0.009999999999999995]]",25.0,25.000000000000007,24.999999999999968,1.0000000000000002,0.9999999999999987,0.9999999999999984,7.997271111636985e-05,0.336867832141211,0.0015994542223273964,1,2.8369984082879784,1.827194742482911,1.5526524580696204,1.5172560100891658e-10,2.3557712735858474e-10,32,5,2
35,MNISTPatchClassifier,MNIST patch filters=32 kernel=5 stride=2 lr=1e-02,1.0,0.01,Muon,2,0,512,64,2.302454217058779,0.888671875,full_patch_and_classifier_activation,"[[0.010000000000000007,0.010000000000000005,0.010000000000000005,0.010000000000000004,0.010000000000000002,0.010000000000000002,0.010000000000000002,0.010000000000000002,0.01,0.01]]",10.0,9.999999999999996,9.999999999999993,0.9999999999999997,0.9999999999999993,0.9999999999999997,6.623594402192913e-05,0.36376577026324936,0.0020945644608070975,2,1.3232553561521512,1.0063459160457693,1.3149110410778162,4.59888181818941e-05,6.0471204793492776e-05,32,5,2
34,MNISTPatchClassifier,MNIST patch filters=32 kernel=5 stride=2 lr=1e-02,1.0,0.01,Adam,2,1,512,64,2.3022543778346005,0.888671875,full_patch_and_classifier_activation,"[[0.047769784732407825,0.00864953593261216,0.007430749971576743,0.005490823678214831,0.004475326972371384,0.004101000970711755,0.003950481867466757,0.0036674456481254106,0.0025499536834439882,0.002074093543324006,0.0016951169115274555,0.001057560639423482,0.0008729056078695993,0.0007797833354202643,0.0006483910819720276,0.0005089750873933425,0.00036588656009551115,0.0002803403647194481,0.00018202643109750067,0.00014708147235862384,0.00013292045836961605,0.00010488532465934847,8.308731169284247e-05,7.298851453157838e-05,3.520996530586336e-05]]",25.0,3.735769900608315,1.1065919429194275,0.1494307960243326,0.044263677716777104,0.2962152306916,0.00023342052910501007,0.6620292785439217,0.00464506732580681,1,1.9207635780849257,1.827194742482911,1.051209010964462,3.313324357006807e-10,3.4829964203335876e-10,32,5,2
34,MNISTPatchClassifier,MNIST patch filters=32 kernel=5 stride=2 lr=1e-02,1.0,0.01,Adam,2,1,512,64,2.3022543778346005,0.888671875,full_patch_and_classifier_activation,"[[0.028985790567520646,0.008624411846712799,0.006708130798893571,0.0036332808403419354,0.0021962525224095307,0.0017095159196087088,0.0010262643337131674,0.0007145113144292751,0.00041952278458499184,0.00015737049682019844]]",10.0,2.987921722232281,1.1691201587196594,0.2987921722232281,0.11691201587196594,0.39128205736467814,0.00012481459614057744,0.5040482670788135,0.003982452929765275,2,1.2613410837213448,1.002510951719342,1.2581818498422386,3.981665480740499e-05,5.009659240011068e-05,32,5,2
35,MNISTPatchClassifier,MNIST patch filters=32 kernel=5 stride=2 lr=1e-02,1.0,0.01,Muon,2,1,512,64,2.3023408586407443,0.888671875,full_patch_and_classifier_activation,"[[0.010000000000000007,0.010000000000000007,0.010000000000000007,0.010000000000000005,0.010000000000000005,0.010000000000000004,0.010000000000000004,0.010000000000000004,0.010000000000000004,0.010000000000000004,0.010000000000000004,0.010000000000000002,0.010000000000000002,0.010000000000000002,0.010000000000000002,0.01,0.01,0.009999999999999998,0.009999999999999998,0.009999999999999998,0.009999999999999998,0.009999999999999997,0.009999999999999997,0.009999999999999997,0.009999999999999995]]",25.0,25.000000000000007,24.999999999999968,1.0000000000000002,0.9999999999999987,0.9999999999999984,9.468368451082124e-05,0.2954465459441822,0.0018936736902164246,1,2.1822165377586957,1.827194742482911,1.194298827060633,2.764946784563028e-10,3.3021727016886924e-10,32,5,2
35,MNISTPatchClassifier,MNIST patch filters=32 kernel=5 stride=2 lr=1e-02,1.0,0.01,Muon,2,1,512,64,2.3023408586407443,0.888671875,full_patch_and_classifier_activation,"[[0.010000000000000007,0.010000000000000007,0.010000000000000005,0.010000000000000005,0.010000000000000004,0.010000000000000002,0.01,0.009999999999999998,0.009999999999999998,0.009999999999999995]]",10.0,9.999999999999998,9.999999999999991,0.9999999999999998,0.9999999999999991,0.9999999999999993,7.299491516922663e-05,0.37203731184361954,0.0023083018954553128,2,1.384117614038267,1.0051751350942542,1.3769914970175618,3.96354700224142e-05,5.457770520115882e-05,32,5,2
34,MNISTPatchClassifier,MNIST patch filters=32 kernel=5 stride=2 lr=1e-02,1.0,0.01,Adam,2,2,512,64,2.302808855516279,0.888671875,full_patch_and_classifier_activation,"[[0.0460823353495626,0.010886584305566462,0.008958561519628684,0.007847292492141706,0.0044587656678842374,0.0035490090898840044,0.003000583098525602,0.0027555953280638916,0.001883049046261571,0.0016346883832049656,0.0012536019894918116,0.0008453978073156526,0.0007769794622106657,0.000589914391016104,0.00040504670532775426,0.0003471372283865212,0.000298582635908167,0.0002721810483113058,0.000209464365580343,0.0001895181433590753,0.00013850791724699654,9.760919232817405e-05,8.1111613399338e-05,6.577286171185094e-05,4.627246521034218e-05]]",25.0,3.8254809353066777,1.1504306411804632,0.1530192374122671,0.04601722564721853,0.3007283687033292,0.00014081568619150696,0.37418367840970035,0.0028489598941837404,1,1.7915716270918591,1.827194742482911,0.9805039306633266,3.901551209479017e-10,3.825486296578432e-10,32,5,2
34,MNISTPatchClassifier,MNIST patch filters=32 kernel=5 stride=2 lr=1e-02,1.0,0.01,Adam,2,2,512,64,2.302808855516279,0.888671875,full_patch_and_classifier_activation,"[[0.03033644733889384,0.010513912824585985,0.005442016874862275,0.004775129983543371,0.0042811353752269235,0.002175045201736255,0.0013301878876447778,0.0010039922296504209,0.0005434633421197643,0.00038772267480164085]]",10.0,3.3304819427407093,1.2056305470952982,0.33304819427407095,0.12056305470952981,0.3619988241410985,0.00017737258291897087,0.46449619809414305,0.005324939145684375,2,1.1581799011289033,1.0009022866700146,1.1571358328914891,3.757341604033459e-05,4.3477546064411005e-05,32,5,2
35,MNISTPatchClassifier,MNIST patch filters=32 kernel=5 stride=2 lr=1e-02,1.0,0.01,Muon,2,2,512,64,2.302643480233397,0.888671875,full_patch_and_classifier_activation,"[[0.010000000000000002,0.010000000000000002,0.010000000000000002,0.010000000000000002,0.010000000000000002,0.010000000000000002,0.010000000000000002,0.010000000000000002,0.010000000000000002,0.010000000000000002,0.010000000000000002,0.010000000000000002,0.010000000000000002,0.009999999999999998,0.009999999999999998,0.009999999999999998,0.009999999999999998,0.009999999999999998,0.009999999999999998,0.009999999999999998,0.009999999999999998,0.009999999999999997,0.009999999999999995,0.009999999999999995,0.009999999999999995]]",25.0,25.000000000000004,24.999999999999986,1.0000000000000002,0.9999999999999994,0.9999999999999993,8.93046544303554e-05,0.34429868053669777,0.0017860930886071083,1,2.96353953548278,1.827194742482911,1.6219067768637128,1.8112224126797344e-10,2.9376339055327054e-10,32,5,2
35,MNISTPatchClassifier,MNIST patch filters=32 kernel=5 stride=2 lr=1e-02,1.0,0.01,Muon,2,2,512,64,2.302643480233397,0.888671875,full_patch_and_classifier_activation,"[[0.010000000000000002,0.010000000000000002,0.010000000000000002,0.009999999999999998,0.009999999999999998,0.009999999999999998,0.009999999999999997,0.009999999999999997,0.009999999999999993,0.009999999999999993]]",10.0,10.000000000000002,9.999999999999991,1.0000000000000002,0.9999999999999991,0.9999999999999989,8.226651033972529e-05,0.3711250417764221,0.0026014954782732427,2,1.3773379663355103,1.0046608376209292,1.3709481993914416,3.788854913289961e-05,5.194323821130288e-05,32,5,2
34,MNISTPatchClassifier,MNIST patch filters=32 kernel=5 stride=2 lr=1e-02,1.0,0.01,Adam,2,3,512,64,2.3015601914139205,0.888671875,full_patch_and_classifier_activation,"[[0.048819976605650565,0.012928151869607983,0.011171405215689961,0.006916250919499192,0.005909060253049784,0.0049857992793834825,0.002853398010781774,0.0023515326070330566,0.0022331910266416496,0.0011894475580849463,0.0010741834590808443,0.000988384885984142,0.0006936282805718335,0.0005716004293815492,0.0005029093279120973,0.0004041970364088454,0.0002831155425961423,0.00024311627995438545,0.0001932985108793416,0.00016312420717975909,0.0001400406727987774,0.00012014501200910727,9.786684958314476e-05,8.20401631620051e-05,5.263276359752921e-05]]",25.0,3.9258529381058573,1.1775755903253742,0.1570341175242343,0.047103023613014966,0.29995407593987206,0.00033630541392884277,0.6184337629797206,0.006348072738764545,1,1.711778303765903,1.827194742482911,0.9368340790209517,7.091395805799877e-10,6.643461258699567e-10,32,5,2
34,MNISTPatchClassifier,MNIST patch filters=32 kernel=5 stride=2 lr=1e-02,1.0,0.01,Adam,2,3,512,64,2.3015601914139205,0.888671875,full_patch_and_classifier_activation,"[[0.03118028927487633,0.008396265407994322,0.005686770907586817,0.004252966865277157,0.002782424591805442,0.0016200462988583823,0.0014710543196927652,0.001129977443157147,0.0006325422064878727,0.0003433958021282839]]",10.0,2.9849917563579287,1.1391156426886597,0.29849917563579287,0.11391156426886598,0.3816143345328787,0.0002157201562262321,0.42240920449264036,0.006482263460601943,2,1.1145744304845058,1.000629225933777,1.1138735523584136,4.551024394939058e-05,5.069265709660568e-05,32,5,2
35,MNISTPatchClassifier,MNIST patch filters=32 kernel=5 stride=2 lr=1e-02,1.0,0.01,Muon,2,3,512,64,2.302207772535462,0.888671875,full_patch_and_classifier_activation,"[[0.010000000000000009,0.010000000000000004,0.010000000000000004,0.010000000000000002,0.010000000000000002,0.010000000000000002,0.010000000000000002,0.010000000000000002,0.010000000000000002,0.010000000000000002,0.010000000000000002,0.010000000000000002,0.010000000000000002,0.009999999999999998,0.009999999999999998,0.009999999999999998,0.009999999999999998,0.009999999999999998,0.009999999999999998,0.009999999999999998,0.009999999999999997,0.009999999999999995,0.009999999999999995,0.009999999999999993,0.009999999999999993]]",25.0,24.999999999999993,24.999999999999954,0.9999999999999997,0.9999999999999981,0.9999999999999984,0.00010140284693632148,0.3193772466517121,0.0020280569387264302,1,2.5500456419707107,1.827194742482911,1.3956069283045018,2.713855145955655e-10,3.787475044110537e-10,32,5,2
35,MNISTPatchClassifier,MNIST patch filters=32 kernel=5 stride=2 lr=1e-02,1.0,0.01,Muon,2,3,512,64,2.302207772535462,0.888671875,full_patch_and_classifier_activation,"[[0.010000000000000002,0.010000000000000002,0.010000000000000002,0.009999999999999998,0.009999999999999998,0.009999999999999998,0.009999999999999997,0.009999999999999997,0.009999999999999993,0.009999999999999993]]",10.0,10.000000000000002,9.999999999999991,1.0000000000000002,0.9999999999999991,0.9999999999999989,8.936369084542429e-05,0.3642966439848999,0.002825928031906788,2,1.327120448186607,1.005273993601594,1.3201579436387627,4.692236431352147e-05,6.194493198280736e-05,32,5,2
34,MNISTPatchClassifier,MNIST patch filters=32 kernel=5 stride=2 lr=1e-02,1.0,0.01,Adam,2,4,512,64,2.301324829744671,0.888671875,full_patch_and_classifier_activation,"[[0.05164230948519547,0.013476329107889335,0.009950846619328053,0.00626587049021005,0.005211589806351368,0.004585430478350296,0.0024686566232797126,0.0021462382890499133,0.0020110316456569853,0.0012610092928323994,0.0011217460195709834,0.0008943516651210983,0.0007430909259725664,0.0005470753472088358,0.00033453454888295644,0.00030970187165058446,0.0002718181460903342,0.000240440438525049,0.00017054816229326573,0.00013398172115666065,9.505217856532661e-05,9.24933776377677e-05,8.743950487054183e-05,5.9367917926221046e-05,3.999803086174109e-05]]",25.0,3.5517778626861354,1.145388373673536,0.14207111450744542,0.04581553494694144,0.32248311069975044,0.0003755522056762048,0.7978974121436216,0.006794981454354799,1,1.619607227553326,1.827194742482911,0.8863900436537478,4.881089364499792e-10,4.3265490148768145e-10,32,5,2
34,MNISTPatchClassifier,MNIST patch filters=32 kernel=5 stride=2 lr=1e-02,1.0,0.01,Adam,2,4,512,64,2.301324829744671,0.888671875,full_patch_and_classifier_activation,"[[0.03007209532998912,0.010163075393084116,0.005510199728553991,0.004842582155541661,0.0027123338032968253,0.0018916315705794413,0.0014314572151453743,0.0012385035568155465,0.0007211819546560094,0.0003020032835130776]]",10.0,3.220857956813554,1.1904505264177496,0.32208579568135537,0.11904505264177496,0.36960665213422866,0.00032208332761090685,0.5584321648554413,0.009816323886141358,2,1.0967865742033673,1.0003755804804648,1.096374797230254,3.329486323242886e-05,3.6503648925263235e-05,32,5,2
35,MNISTPatchClassifier,MNIST patch filters=32 kernel=5 stride=2 lr=1e-02,1.0,0.01,Muon,2,4,512,64,2.302129669741773,0.888671875,full_patch_and_classifier_activation,"[[0.010000000000000007,0.010000000000000007,0.010000000000000005,0.010000000000000005,0.010000000000000004,0.010000000000000004,0.010000000000000004,0.010000000000000004,0.010000000000000004,0.010000000000000004,0.010000000000000002,0.010000000000000002,0.010000000000000002,0.010000000000000002,0.010000000000000002,0.01,0.01,0.01,0.01,0.01,0.01,0.01,0.01,0.01,0.009999999999999997]]",25.0,25.000000000000004,24.999999999999975,1.0000000000000002,0.999999999999999,0.9999999999999989,9.263631253177818e-05,0.28746087766407213,0.0018527262506355636,1,2.0658439046849657,1.827194742482911,1.1306095933035374,2.7957564523243193e-10,3.1609090655381395e-10,32,5,2
35,MNISTPatchClassifier,MNIST patch filters=32 kernel=5 stride=2 lr=1e-02,1.0,0.01,Muon,2,4,512,64,2.302129669741773,0.888671875,full_patch_and_classifier_activation,"[[0.010000000000000005,0.010000000000000002,0.010000000000000002,0.01,0.009999999999999998,0.009999999999999998,0.009999999999999997,0.009999999999999997,0.009999999999999997,0.009999999999999995]]",10.0,10.0,9.999999999999988,1.0,0.9999999999999988,0.9999999999999988,9.036502425388681e-05,0.3688256037025215,0.0028575929745864007,2,1.3603232594652934,1.0047851523628983,1.353844905317615,3.456531877971691e-05,4.679608073059902e-05,32,5,2
34,MNISTPatchClassifier,MNIST patch filters=32 kernel=5 stride=2 lr=1e-02,1.0,0.01,Adam,2,5,512,64,2.3023237506056478,0.888671875,full_patch_and_classifier_activation,,,,,,,,,,,1,2.511928197341302,1.827194742482911,1.3747457449050728,8.50990240613774e-11,1.1698952122395298e-10,32,5,2
34,MNISTPatchClassifier,MNIST patch filters=32 kernel=5 stride=2 lr=1e-02,1.0,0.01,Adam,2,5,512,64,2.3023237506056478,0.888671875,full_patch_and_classifier_activation,,,,,,,,,,,2,1.1315214640165976,1.00028117300225,1.131203400160419,1.9125787968955653e-05,2.163515638122987e-05,32,5,2
35,MNISTPatchClassifier,MNIST patch filters=32 kernel=5 stride=2 lr=1e-02,1.0,0.01,Muon,2,5,512,64,2.3024450349086476,0.888671875,full_patch_and_classifier_activation,,,,,,,,,,,1,3.854665252008558,1.827194742482911,2.1096083314965037,6.31753217597561e-11,1.3327518512935384e-10,32,5,2
35,MNISTPatchClassifier,MNIST patch filters=32 kernel=5 stride=2 lr=1e-02,1.0,0.01,Muon,2,5,512,64,2.3024450349086476,0.888671875,full_patch_and_classifier_activation,,,,,,,,,,,2,1.5622405937085675,1.0044724796258069,1.5552846149558466,1.9486109089454324e-05,3.0306445672179585e-05,32,5,2
36,MNISTPatchClassifier,MNIST patch filters=32 kernel=7 stride=2 lr=3e-03,1.0,0.003,Adam,0,0,512,64,2.3026180205673974,0.921875,full_patch_and_classifier_activation,"[[0.015111524083146114,0.004689977411964323,0.003975397316708784,0.003460514352862459,0.00280213126454563,0.002491264650273437,0.002184799442166465,0.002044260838236254,0.0016994802614236201,0.001605466062001178,0.0014236009451280803,0.001305024206810121,0.0011067529821202934,0.0009791203434295183,0.0009394215588571916,0.0006092923044190988,3.687153530582812e-06,2.5109114984107597e-07,1.515373686076677e-07,6.84490213673175e-08,4.8996889883416724e-08,3.7794393256430546e-08,3.370830994579615e-08,2.5013009412533027e-08,1.8553769222754972e-08,1.2494533807981222e-08,8.513846318430962e-09,6.929896693480956e-09,3.737345289073635e-09,3.3533700008436092e-09,2.108901793546706e-09,6.777397984550427e-10]]",32.0,6.871026425065989,1.3740542768371875,0.21471957578331216,0.04293919615116211,0.19997802247194693,8.855479536297735e-05,0.6735994463875995,0.004999215659829113,1,2.61798753819698,2.1757091732102114,1.2032800938804686,2.2639506319083102e-10,2.724166728903378e-10,32,7,2
36,MNISTPatchClassifier,MNIST patch filters=32 kernel=7 stride=2 lr=3e-03,1.0,0.003,Adam,0,0,512,64,2.3026180205673974,0.921875,full_patch_and_classifier_activation,"[[0.007133553205146823,0.0025402235106276086,0.0019322502723626127,0.0014251716872362553,0.001057577774030288,6.438179317089347e-07,8.48614028466033e-08,5.373677065286212e-08,4.4474335709270797e-08,1.3290458172114698e-08]]",10.0,3.091038592696121,1.2620661419394965,0.3091038592696121,0.12620661419394966,0.4082984097712849,5.517663450467399e-05,0.6370218808420594,0.0068850681681527255,2,1.4111229820119238,1.0045872859680771,1.4046793162946372,3.879245755921881e-05,5.4490962761672206e-05,32,7,2
37,MNISTPatchClassifier,MNIST patch filters=32 kernel=7 stride=2 lr=3e-03,1.0,0.003,Muon,0,0,512,64,2.3026180205673974,0.921875,full_patch_and_classifier_activation,"[[0.0030000000000000014,0.0030000000000000014,0.0030000000000000014,0.0030000000000000014,0.0030000000000000014,0.0030000000000000005,0.0030000000000000005,0.0030000000000000005,0.0030000000000000005,0.0030000000000000005,0.0030000000000000005,0.0030000000000000005,0.0030000000000000005,0.0030000000000000005,0.0030000000000000005,0.0030000000000000005,0.0029999999999999996,0.0029999999999999996,0.0029999999999999996,0.0029999999999999996,0.0029999999999999996,0.002999999999999999,0.002999999999999999,0.002999999999999999,0.002999999999999999,0.002999999999999999,0.002999999999999999,0.002999999999999999,0.002999999999999999,0.002999999999999999,0.0029999999999999983,0.002999999999999998]]",32.0,32.0,31.99999999999997,1.0,0.9999999999999991,0.9999999999999991,3.6025099808033496e-05,0.286028163943091,0.0021227993639318897,1,2.61798753819698,2.1757091732102114,1.2032800938804686,2.2639506319083102e-10,2.724166728903378e-10,32,7,2
37,MNISTPatchClassifier,MNIST patch filters=32 kernel=7 stride=2 lr=3e-03,1.0,0.003,Muon,0,0,512,64,2.3026180205673974,0.921875,full_patch_and_classifier_activation,"[[0.003000000000000001,0.0030000000000000005,0.0030000000000000005,0.0030000000000000005,0.003,0.003,0.003,0.0029999999999999988,0.0029999999999999988,0.0029999999999999975]]",10.0,10.0,9.999999999999993,1.0,0.9999999999999993,0.9999999999999993,3.851745480870407e-05,0.3756491690409985,0.004060096228937001,2,1.4111229820119238,1.0045872859680771,1.4046793162946372,3.879245755921881e-05,5.4490962761672206e-05,32,7,2
36,MNISTPatchClassifier,MNIST patch filters=32 kernel=7 stride=2 lr=3e-03,1.0,0.003,Adam,0,1,512,64,2.3027048580361007,0.8984375,full_patch_and_classifier_activation,"[[0.015312848953448043,0.004907216800251589,0.004069224485594319,0.003557137727038958,0.0025421370697790713,0.0021034802099490885,0.001700126623633718,0.0015958440682953593,0.0013119203686692137,0.0009306353891962315,0.0007137588166919529,0.0006550597757353135,0.0005237972743742254,0.00048161846236104177,0.0004103668794797565,0.0004006130269204718,0.0003883387942923722,0.00030896651440252945,0.0002585846463359732,0.0002096051711030628,0.00019493022435959392,0.0001548762211299432,0.00011621669558628669,0.00010604898107502451,7.170944421402918e-05,5.9278162478993636e-05,4.660425675077503e-05,3.820529092195324e-05,3.073722703323316e-05,2.569678403086986e-05,1.8452529872530695e-05,8.254591939259491e-06]]",32.0,6.055824049554831,1.3174465248305087,0.18924450154858846,0.0411702039009534,0.21755033073118354,7.67116579823509e-05,0.5813891228723828,0.0043645439647899695,1,2.8769684251150527,2.1757091732102114,1.3223129545711059,2.316384188098298e-10,3.0629848196860525e-10,32,7,2
36,MNISTPatchClassifier,MNIST patch filters=32 kernel=7 stride=2 lr=3e-03,1.0,0.003,Adam,0,1,512,64,2.3027048580361007,0.8984375,full_patch_and_classifier_activation,"[[0.007788527957999958,0.0019716900198925164,0.00168773010454075,0.0012483875549136885,0.0011249126502581499,0.0006715519118418198,0.0005532753299691882,0.00029061145592610473,6.774098460303322e-05,4.6778003148908196e-05]]",10.0,3.3592488531765827,1.1715796511318242,0.3359248853176583,0.11715796511318241,0.3487623877653338,5.131266255644643e-05,0.57248801641177,0.006086719064330465,2,1.3592248713518948,1.004181366843582,1.3535651190425015,3.5238412872758894e-05,4.769748651498471e-05,32,7,2
37,MNISTPatchClassifier,MNIST patch filters=32 kernel=7 stride=2 lr=3e-03,1.0,0.003,Muon,0,1,512,64,2.3027005352649406,0.8984375,full_patch_and_classifier_activation,"[[0.0030000000000000014,0.0030000000000000014,0.003000000000000001,0.0030000000000000005,0.0030000000000000005,0.0030000000000000005,0.0030000000000000005,0.0030000000000000005,0.0030000000000000005,0.0030000000000000005,0.0029999999999999996,0.0029999999999999996,0.0029999999999999996,0.0029999999999999996,0.0029999999999999996,0.0029999999999999996,0.0029999999999999996,0.002999999999999999,0.002999999999999999,0.002999999999999999,0.002999999999999999,0.002999999999999999,0.002999999999999999,0.002999999999999999,0.002999999999999999,0.002999999999999999,0.002999999999999999,0.0029999999999999983,0.0029999999999999983,0.0029999999999999983,0.002999999999999998,0.002999999999999998]]",32.0,31.99999999999999,31.999999999999964,0.9999999999999997,0.9999999999999989,0.9999999999999992,3.952402807136798e-05,0.29313473229330317,0.002328975689089313,1,2.7496950808533303,2.1757091732102114,1.2638155479191253,2.594549753911962e-10,3.2790323188436773e-10,32,7,2
37,MNISTPatchClassifier,MNIST patch filters=32 kernel=7 stride=2 lr=3e-03,1.0,0.003,Muon,0,1,512,64,2.3027005352649406,0.8984375,full_patch_and_classifier_activation,"[[0.0030000000000000027,0.003000000000000001,0.003000000000000001,0.003000000000000001,0.003000000000000001,0.003000000000000001,0.0030000000000000005,0.0030000000000000005,0.003,0.002999999999999999]]",10.0,9.999999999999998,9.999999999999988,0.9999999999999998,0.9999999999999988,0.9999999999999989,3.623058139248664e-05,0.3707858784590717,0.0038190386050790887,2,1.3748216766466543,1.0045027269055913,1.3686589790371646,3.5321846722151285e-05,4.834356267244679e-05,32,7,2
36,MNISTPatchClassifier,MNIST patch filters=32 kernel=7 stride=2 lr=3e-03,1.0,0.003,Adam,0,2,512,64,2.302554242968664,0.8984375,full_patch_and_classifier_activation,"[[0.015804039609998988,0.004299587182851248,0.003730304074914451,0.0026615684724630904,0.0022551422390274397,0.0018077209344287365,0.0015474236848604488,0.001277198579748718,0.0010601411849422103,0.0008150580916974055,0.000737382305169008,0.0007097570065761093,0.0005442855103980284,0.00045857549913230636,0.00042053649804600597,0.0003359830128221743,0.00029912659242581715,0.0002753649316046622,0.0002180595446671384,0.00016576766969637798,0.0001535886607705797,0.00014786317570008643,0.0001070487345966089,8.969300538639333e-05,7.123171259741778e-05,5.819994108495544e-05,5.2285263752935865e-05,4.695336710929259e-05,4.194971437141442e-05,4.080894368505755e-05,2.6886999702850358e-05,1.719192125587315e-05]]",32.0,5.3085085193400525,1.2234875142467472,0.16589089122937664,0.03823398482021085,0.2304766978877995,7.058950684390472e-05,0.6574048547580492,0.004038055349104016,1,3.142456125421554,2.1757091732102114,1.4443364784756267,1.550762792493274e-10,2.2398232706607645e-10,32,7,2
36,MNISTPatchClassifier,MNIST patch filters=32 kernel=7 stride=2 lr=3e-03,1.0,0.003,Adam,0,2,512,64,2.302554242968664,0.8984375,full_patch_and_classifier_activation,"[[0.008109286103498894,0.0019192499655021735,0.0017365446602532893,0.0010032892998917099,0.0007182355469155365,0.0006666265490806337,0.00045735256469412025,0.0003414936420999362,0.00020059819676557342,9.915616036346754e-05]]",10.0,3.109774693164379,1.1374960412039574,0.3109774693164379,0.11374960412039574,0.3657808534181903,4.906703177936483e-05,0.5462148165886413,0.0056732538557770044,2,1.3761495942629023,1.003973971834712,1.3707024612879735,3.2320483862327466e-05,4.4301766780110484e-05,32,7,2
37,MNISTPatchClassifier,MNIST patch filters=32 kernel=7 stride=2 lr=3e-03,1.0,0.003,Muon,0,2,512,64,2.3025900044618908,0.8984375,full_patch_and_classifier_activation,"[[0.0030000000000000014,0.0030000000000000014,0.003000000000000001,0.003000000000000001,0.0030000000000000005,0.0030000000000000005,0.0030000000000000005,0.0030000000000000005,0.0030000000000000005,0.0030000000000000005,0.0030000000000000005,0.0030000000000000005,0.0029999999999999996,0.0029999999999999996,0.0029999999999999996,0.0029999999999999996,0.0029999999999999996,0.0029999999999999996,0.0029999999999999996,0.002999999999999999,0.002999999999999999,0.002999999999999999,0.002999999999999999,0.002999999999999999,0.002999999999999999,0.002999999999999999,0.0029999999999999983,0.0029999999999999983,0.0029999999999999983,0.0029999999999999983,0.002999999999999998,0.002999999999999997]]",32.0,32.0,31.999999999999964,1.0,0.9999999999999989,0.9999999999999989,3.369856102078445e-05,0.3087552103817032,0.0019857067511687794,1,3.050552958011193,2.1757091732102114,1.402095921446233,1.700075800623095e-10,2.3836693462030804e-10,32,7,2
37,MNISTPatchClassifier,MNIST patch filters=32 kernel=7 stride=2 lr=3e-03,1.0,0.003,Muon,0,2,512,64,2.3025900044618908,0.8984375,full_patch_and_classifier_activation,"[[0.0030000000000000014,0.003000000000000001,0.0030000000000000005,0.0030000000000000005,0.0029999999999999996,0.0029999999999999996,0.002999999999999999,0.002999999999999999,0.002999999999999999,0.002999999999999998]]",10.0,9.999999999999998,9.999999999999991,0.9999999999999998,0.9999999999999991,0.9999999999999993,3.4748606156529484e-05,0.37774074919566103,0.003662824699026086,2,1.4268807360289917,1.004703344510305,1.420201041258061,3.224648868214616e-05,4.579649680330025e-05,32,7,2
36,MNISTPatchClassifier,MNIST patch filters=32 kernel=7 stride=2 lr=3e-03,1.0,0.003,Adam,0,3,512,64,2.302340629366446,0.8984375,full_patch_and_classifier_activation,"[[0.015864240231035612,0.004725587022572412,0.004179569430899275,0.002180058529320981,0.002170120853388659,0.0018799535525526058,0.0018101462514732573,0.0012679281756012102,0.0011274734801766588,0.001040745790224193,0.0007495343744938993,0.0006967193864790523,0.0005590451566794619,0.0005058145705134678,0.00043222489282101166,0.00035344442056179054,0.0002866647505868745,0.00027596706742284135,0.00020658744835759586,0.00018749248449107143,0.0001470322341320971,0.00013982561676225297,0.00013207106555790618,0.00011189624285462707,9.750932082802729e-05,7.309233224751026e-05,6.806494669386352e-05,4.212547818096001e-05,3.8247445711870266e-05,3.2573933869059063e-05,2.032951880948667e-05,1.5706088352997663e-05]]",32.0,5.463719120358891,1.2475184205240855,0.17074122251121535,0.03898495064137767,0.22832770005976089,5.9992668429198227e-05,0.5720235961644512,0.003385754140279331,1,3.0357967131125183,2.1757091732102114,1.3953136524369507,1.4399572534126057e-10,2.0091920146122225e-10,32,7,2
36,MNISTPatchClassifier,MNIST patch filters=32 kernel=7 stride=2 lr=3e-03,1.0,0.003,Adam,0,3,512,64,2.302340629366446,0.8984375,full_patch_and_classifier_activation,"[[0.007815132969710125,0.0020852891377709593,0.001187680006909656,0.0010758109901108626,0.0006877817539795556,0.0004309248939237857,0.00041115510614515843,0.00033787093275982385,0.00022913654863957052,0.00017797187171079653]]",10.0,3.0205913872514736,1.1300423614173478,0.30205913872514734,0.11300423614173478,0.37411295224727736,4.7471070465713444e-05,0.5341645947464428,0.005714066513948955,2,1.3908779128676165,1.0034332317304835,1.3861190449801633,3.0113157344862858e-05,4.1740420900198684e-05,32,7,2
37,MNISTPatchClassifier,MNIST patch filters=32 kernel=7 stride=2 lr=3e-03,1.0,0.003,Muon,0,3,512,64,2.3024158801865324,0.8984375,full_patch_and_classifier_activation,"[[0.003000000000000002,0.003000000000000002,0.003000000000000002,0.0030000000000000014,0.0030000000000000014,0.0030000000000000014,0.0030000000000000014,0.003000000000000001,0.003000000000000001,0.0030000000000000005,0.0030000000000000005,0.003,0.003,0.003,0.003,0.003,0.003,0.003,0.003,0.003,0.003,0.003,0.0029999999999999996,0.0029999999999999996,0.0029999999999999996,0.0029999999999999996,0.0029999999999999996,0.002999999999999999,0.002999999999999999,0.002999999999999999,0.002999999999999999,0.0029999999999999988]]",32.0,31.999999999999993,31.99999999999997,0.9999999999999998,0.9999999999999991,0.9999999999999993,3.0480921597999757e-05,0.33920932683095295,0.0017961055298967602,1,3.6820149570914613,2.1757091732102114,1.692328645036105,1.1523775293574534e-10,1.9502015028275534e-10,32,7,2
37,MNISTPatchClassifier,MNIST patch filters=32 kernel=7 stride=2 lr=3e-03,1.0,0.003,Muon,0,3,512,64,2.3024158801865324,0.8984375,full_patch_and_classifier_activation,"[[0.003000000000000001,0.0030000000000000005,0.0030000000000000005,0.003,0.003,0.003,0.003,0.0029999999999999996,0.0029999999999999988,0.0029999999999999988]]",10.0,10.0,9.999999999999993,1.0,0.9999999999999993,0.9999999999999993,3.437864548622788e-05,0.3857028873641533,0.003623827420264897,2,1.4876671732104458,1.004641228742531,1.4807944673667224,3.0247463459902126e-05,4.479027654330017e-05,32,7,2
36,MNISTPatchClassifier,MNIST patch filters=32 kernel=7 stride=2 lr=3e-03,1.0,0.003,Adam,0,4,512,64,2.3021867871734654,0.8984375,full_patch_and_classifier_activation,"[[0.016044944148155146,0.00432783169870687,0.0038928960355599724,0.0025230421615279365,0.0019301967880393138,0.0017161686942552684,0.0016031467093621141,0.001233745301992195,0.0010150191573702826,0.0009182426093207041,0.0007665763110073656,0.0005787077489628558,0.0005319760326744384,0.00042401413659792217,0.0003840865432172112,0.00029585555532611596,0.00026351803272230514,0.00020170361836615197,0.0001857574646252161,0.00016611288214096758,0.00013629021602251732,0.0001339813515035343,0.00010472343969856055,0.00010185094701870518,7.561738756421417e-05,5.809144204364375e-05,4.9246273928944356e-05,3.840610859275887e-05,3.0497547627096596e-05,2.941809135525983e-05,1.7069062584027454e-05,1.336220094543235e-05]]",32.0,5.071897322250922,1.2126815007453566,0.1584967913203413,0.037896296898292395,0.23909819613760738,0.00011313294692877481,0.6903755418419888,0.006402911719393102,1,2.3199939009728885,2.1757091732102114,1.0663161830355241,3.5355003544133145e-10,3.769961243038748e-10,32,7,2
36,MNISTPatchClassifier,MNIST patch filters=32 kernel=7 stride=2 lr=3e-03,1.0,0.003,Adam,0,4,512,64,2.3021867871734654,0.8984375,full_patch_and_classifier_activation,"[[0.007923572059019944,0.0021707174659853943,0.0012333743605778217,0.0008961703612225098,0.0005863231709810925,0.0005463025486130276,0.0004050976461876648,0.0003624360828684917,0.00018011101637944044,0.00014304412109612956]]",10.0,2.9476107677886403,1.1278520561770966,0.29476107677886404,0.11278520561770966,0.3826326286028718,5.8962296392214004e-05,0.5466381464202011,0.007006922433211644,2,1.2955068026764636,1.0027129038595546,1.2920017262068857,3.3799508385560496e-05,4.3669023179088265e-05,32,7,2
37,MNISTPatchClassifier,MNIST patch filters=32 kernel=7 stride=2 lr=3e-03,1.0,0.003,Muon,0,4,512,64,2.3024157499451,0.8984375,full_patch_and_classifier_activation,"[[0.0030000000000000027,0.0030000000000000027,0.0030000000000000027,0.0030000000000000022,0.0030000000000000022,0.0030000000000000022,0.003000000000000002,0.003000000000000002,0.003000000000000002,0.0030000000000000014,0.0030000000000000014,0.0030000000000000014,0.0030000000000000014,0.0030000000000000014,0.003000000000000001,0.003000000000000001,0.003000000000000001,0.003000000000000001,0.003000000000000001,0.003000000000000001,0.003000000000000001,0.003000000000000001,0.0030000000000000005,0.0030000000000000005,0.0030000000000000005,0.003,0.003,0.003,0.003,0.003,0.0029999999999999996,0.0029999999999999988]]",32.0,31.999999999999993,31.99999999999997,0.9999999999999998,0.9999999999999991,0.9999999999999993,3.7625387169619817e-05,0.3137560345415597,0.0022170972010339563,1,3.1501711747598224,2.1757091732102114,1.4478824714021008,2.0523524482259684e-10,2.971565134925567e-10,32,7,2
37,MNISTPatchClassifier,MNIST patch filters=32 kernel=7 stride=2 lr=3e-03,1.0,0.003,Muon,0,4,512,64,2.3024157499451,0.8984375,full_patch_and_classifier_activation,"[[0.003,0.002999999999999999,0.002999999999999999,0.002999999999999999,0.0029999999999999988,0.0029999999999999988,0.002999999999999998,0.002999999999999998,0.002999999999999998,0.002999999999999998]]",10.0,10.000000000000002,9.99999999999999,1.0000000000000002,0.9999999999999989,0.9999999999999988,3.635085060127404e-05,0.3747970151275976,0.0038317160928175746,2,1.4047280254855674,1.0044816165266992,1.3984606610749553,3.3786258078998417e-05,4.724875280840518e-05,32,7,2
36,MNISTPatchClassifier,MNIST patch filters=32 kernel=7 stride=2 lr=3e-03,1.0,0.003,Adam,0,5,512,64,2.302785086493564,0.8984375,full_patch_and_classifier_activation,,,,,,,,,,,1,2.4392869496492007,2.1757091732102114,1.1211456842138905,2.217580786292946e-10,2.486231127947982e-10,32,7,2
36,MNISTPatchClassifier,MNIST patch filters=32 kernel=7 stride=2 lr=3e-03,1.0,0.003,Adam,0,5,512,64,2.302785086493564,0.8984375,full_patch_and_classifier_activation,,,,,,,,,,,2,1.2776773659746665,1.0019886771471274,1.2751415211721582,2.5856542833706758e-05,3.297075136122591e-05,32,7,2
37,MNISTPatchClassifier,MNIST patch filters=32 kernel=7 stride=2 lr=3e-03,1.0,0.003,Muon,0,5,512,64,2.302680431257792,0.8984375,full_patch_and_classifier_activation,,,,,,,,,,,1,2.823403932759872,2.1757091732102114,1.2976936290588879,2.2017757550853377e-10,2.857230369990565e-10,32,7,2
37,MNISTPatchClassifier,MNIST patch filters=32 kernel=7 stride=2 lr=3e-03,1.0,0.003,Muon,0,5,512,64,2.302680431257792,0.8984375,full_patch_and_classifier_activation,,,,,,,,,,,2,1.4541829817204222,1.0043600353685809,1.447870216367943,2.530668253658472e-05,3.6640791919799764e-05,32,7,2
38,MNISTPatchClassifier,MNIST patch filters=32 kernel=7 stride=2 lr=3e-03,1.0,0.003,Adam,1,0,512,64,2.3025671770494394,0.931640625,full_patch_and_classifier_activation,"[[0.01359428368227842,0.005705085035223768,0.00466636290935346,0.004484104433979358,0.0034283250552131416,0.0028789066262529554,0.002538873443096555,0.002371741090461452,0.002182937218700982,0.0019489683949021194,0.001684797819330161,0.001660612961634852,0.0014788618781441673,0.0013848936663083313,0.0011385032822360704,0.001058222709369307,0.0009189540671598346,0.000698745600623407,0.0006329222554865321,1.68450537870658e-06,4.0979848127975987e-07,3.1671046328043484e-07,2.471049983433342e-07,2.072871442345544e-07,1.2073870516693812e-07,7.093424772366555e-08,3.6410336448735974e-08,2.1341035599003387e-08,1.4371125881399162e-08,1.3653773124769592e-08,4.6999637074652495e-09,2.951897552392808e-09]]",32.0,9.45243789811206,1.6978013107079666,0.29538868431600185,0.053056290959623956,0.17961517748210432,5.3593448736467974e-05,0.6791100883770848,0.003025603013655809,1,3.943036540347834,2.188943934324429,1.8013419523989627,8.393731731829435e-11,1.5119981105726763e-10,32,7,2
38,MNISTPatchClassifier,MNIST patch filters=32 kernel=7 stride=2 lr=3e-03,1.0,0.003,Adam,1,0,512,64,2.3025671770494394,0.931640625,full_patch_and_classifier_activation,"[[0.006723146250515629,0.0028207366322195535,0.0022378595968069142,0.0017511754170807588,0.0012354673353740713,0.001116767267843727,0.0004828688191431249,1.4303076050490037e-06,4.231346056954381e-07,7.20625802390703e-08]]",10.0,4.171560103331157,1.4211859805591192,0.4171560103331157,0.14211859805591193,0.34068452697690854,2.2516688861969836e-05,0.6827352251915033,0.002809354282272574,2,2.146500316419094,1.0072136850261864,2.1311270372217863,8.866184274665213e-06,1.889496502472967e-05,32,7,2
39,MNISTPatchClassifier,MNIST patch filters=32 kernel=7 stride=2 lr=3e-03,1.0,0.003,Muon,1,0,512,64,2.3025671770494394,0.931640625,full_patch_and_classifier_activation,"[[0.0030000000000000014,0.003000000000000001,0.0030000000000000005,0.0030000000000000005,0.0030000000000000005,0.0030000000000000005,0.0030000000000000005,0.0030000000000000005,0.0030000000000000005,0.0030000000000000005,0.0030000000000000005,0.0030000000000000005,0.0030000000000000005,0.0030000000000000005,0.0029999999999999996,0.0029999999999999996,0.0029999999999999996,0.0029999999999999996,0.0029999999999999996,0.0029999999999999996,0.002999999999999999,0.002999999999999999,0.002999999999999999,0.002999999999999999,0.002999999999999999,0.002999999999999999,0.002999999999999999,0.002999999999999999,0.0029999999999999983,0.0029999999999999983,0.002999999999999998,0.002999999999999997]]",32.0,32.00000000000001,31.999999999999964,1.0000000000000002,0.9999999999999989,0.9999999999999987,2.6540458275402767e-05,0.3510269104867456,0.0015639115018613273,1,3.943036540347834,2.188943934324429,1.8013419523989627,8.393731731829435e-11,1.5119981105726763e-10,32,7,2
39,MNISTPatchClassifier,MNIST patch filters=32 kernel=7 stride=2 lr=3e-03,1.0,0.003,Muon,1,0,512,64,2.3025671770494394,0.931640625,full_patch_and_classifier_activation,"[[0.003000000000000001,0.003000000000000001,0.003000000000000001,0.0030000000000000005,0.0030000000000000005,0.003,0.0029999999999999996,0.0029999999999999988,0.0029999999999999988,0.002999999999999996]]",10.0,10.0,9.999999999999991,1.0,0.9999999999999991,0.9999999999999991,1.8085933652667047e-05,0.46330339049256825,0.0019064247984372164,2,2.146500316419094,1.0072136850261864,2.1311270372217863,8.866184274665213e-06,1.889496502472967e-05,32,7,2
38,MNISTPatchClassifier,MNIST patch filters=32 kernel=7 stride=2 lr=3e-03,1.0,0.003,Adam,1,1,512,64,2.3025251840637893,0.91015625,full_patch_and_classifier_activation,"[[0.014544136061126608,0.005066001639019085,0.004770519873571486,0.0035275399466022394,0.002912035465955746,0.0027088632076944126,0.002047333328697095,0.001971263943290022,0.0016814661058372924,0.0015381939058815802,0.0013554090415534299,0.0012388348777155772,0.0010657825952948938,0.0009332480743106308,0.0007985519073549985,0.0007263050227490774,0.000685745497355562,0.0006061266834379142,0.0005288576808487475,0.00046303406853009796,0.00037501250066234056,0.0002940602640814067,0.00028527627912115625,0.00011197353846389597,9.413072574515555e-05,6.840169349587253e-05,5.0293039803951504e-05,3.7540863169563254e-05,3.081411126092241e-05,1.3366250370864573e-05,6.685569955313946e-06,4.192998085379086e-06]]",32.0,8.247912077064807,1.464089834713955,0.25774725240827523,0.045752807334811095,0.17751035911078505,7.464271254711717e-05,0.6691953394424998,0.0042414624066321694,1,3.136801990024747,2.188943934324429,1.4330207095929361,1.698779414229329e-10,2.4343860816207856e-10,32,7,2
38,MNISTPatchClassifier,MNIST patch filters=32 kernel=7 stride=2 lr=3e-03,1.0,0.003,Adam,1,1,512,64,2.3025251840637893,0.91015625,full_patch_and_classifier_activation,"[[0.0073122542856954775,0.0028558171434666375,0.002045422213024654,0.0011371070477604907,0.0009098807055272932,0.0006203583202811874,0.0003684747778338172,0.00033183666405976194,0.00023390030628935092,0.00015576104319876133]]",10.0,3.716057307161152,1.283716277801049,0.3716057307161152,0.12837162778010489,0.34545115203880755,4.0394226473649614e-05,0.5858023709288537,0.0048756608242044724,2,1.4812994406150022,1.0065032961362457,1.4717283552884517,3.1812044564596045e-05,4.681868802541586e-05,32,7,2
39,MNISTPatchClassifier,MNIST patch filters=32 kernel=7 stride=2 lr=3e-03,1.0,0.003,Muon,1,1,512,64,2.3025567353890075,0.91015625,full_patch_and_classifier_activation,"[[0.003000000000000002,0.0030000000000000014,0.0030000000000000014,0.003000000000000001,0.003000000000000001,0.003000000000000001,0.003000000000000001,0.0030000000000000005,0.0030000000000000005,0.0030000000000000005,0.0030000000000000005,0.0030000000000000005,0.0030000000000000005,0.0030000000000000005,0.0030000000000000005,0.0030000000000000005,0.0030000000000000005,0.0030000000000000005,0.003,0.0029999999999999996,0.0029999999999999996,0.0029999999999999996,0.0029999999999999996,0.0029999999999999996,0.0029999999999999996,0.002999999999999999,0.0029999999999999988,0.0029999999999999988,0.0029999999999999988,0.0029999999999999983,0.0029999999999999983,0.0029999999999999983]]",32.0,32.0,31.999999999999964,1.0,0.9999999999999989,0.9999999999999989,3.298954128096399e-05,0.3210072438279554,0.0019439273623335983,1,3.297460818880655,2.188943934324429,1.5064162983682567,1.5507506110697002e-10,2.3360759952199305e-10,32,7,2
39,MNISTPatchClassifier,MNIST patch filters=32 kernel=7 stride=2 lr=3e-03,1.0,0.003,Muon,1,1,512,64,2.3025567353890075,0.91015625,full_patch_and_classifier_activation,"[[0.003000000000000002,0.0030000000000000014,0.003000000000000001,0.0030000000000000005,0.003,0.003,0.0029999999999999996,0.0029999999999999996,0.0029999999999999996,0.002999999999999999]]",10.0,10.000000000000002,9.999999999999991,1.0000000000000002,0.9999999999999991,0.9999999999999989,2.883319133424814e-05,0.3869951575973886,0.0030392852275884464,2,1.4976525200382769,1.007166757091277,1.4869955838927162,3.172848421296666e-05,4.718011590829118e-05,32,7,2
38,MNISTPatchClassifier,MNIST patch filters=32 kernel=7 stride=2 lr=3e-03,1.0,0.003,Adam,1,2,512,64,2.3024970618828324,0.880859375,full_patch_and_classifier_activation,"[[0.01512199084797215,0.005162068610794208,0.00440849039057608,0.0033186609852495367,0.002807958710047763,0.0022926524143299007,0.0020447658786072387,0.0016521668620382828,0.001470579039915055,0.0014312046654121119,0.001141968008364076,0.001067975438142358,0.000809771983804719,0.0007264622349142188,0.0006594123046891644,0.0005590091636635852,0.00047039255638431246,0.00040445493359379716,0.00037586162077672637,0.00030301534043273296,0.00025720629367431973,0.00020477546995256935,0.00018582074601539421,0.00015053184494778275,0.0001105994949380164,7.221563073051975e-05,6.185947022400648e-05,4.8022135811408915e-05,3.813377559433544e-05,2.7323720449796432e-05,1.9384846648137685e-05,1.3879525151891893e-05]]",32.0,7.1332506818160315,1.3784540717954261,0.22291408380675098,0.043076689743607066,0.19324346406461773,7.214512529239214e-05,0.6826123794538862,0.004063515033295409,1,3.5452418170104756,2.188943934324429,1.6196128925086604,1.4985353151357404e-10,2.4270471162733733e-10,32,7,2
38,MNISTPatchClassifier,MNIST patch filters=32 kernel=7 stride=2 lr=3e-03,1.0,0.003,Adam,1,2,512,64,2.3024970618828324,0.880859375,full_patch_and_classifier_activation,"[[0.007209884197398115,0.002316045595502129,0.001538841088836304,0.0010527539508940957,0.0008938323419140445,0.0007134590343728656,0.0005678965887167399,0.00043171164413777387,0.00027702214988954466,0.0002381781010207973]]",10.0,3.699770178556632,1.2075836307940029,0.3699770178556632,0.12075836307940029,0.3263942278882603,3.6270539106678315e-05,0.5252812554560268,0.004577908549776093,2,1.4887197327451862,1.0059271806885335,1.4799478146382252,2.9336407662069644e-05,4.3416352408816056e-05,32,7,2
39,MNISTPatchClassifier,MNIST patch filters=32 kernel=7 stride=2 lr=3e-03,1.0,0.003,Muon,1,2,512,64,2.3025295713188987,0.869140625,full_patch_and_classifier_activation,"[[0.0030000000000000014,0.0030000000000000014,0.003000000000000001,0.003000000000000001,0.003000000000000001,0.003000000000000001,0.003000000000000001,0.003000000000000001,0.003000000000000001,0.003000000000000001,0.003000000000000001,0.0030000000000000005,0.0030000000000000005,0.0030000000000000005,0.0030000000000000005,0.0030000000000000005,0.0030000000000000005,0.0030000000000000005,0.0029999999999999996,0.0029999999999999996,0.0029999999999999996,0.0029999999999999996,0.0029999999999999996,0.0029999999999999996,0.0029999999999999996,0.002999999999999999,0.002999999999999999,0.002999999999999999,0.002999999999999999,0.002999999999999999,0.002999999999999999,0.002999999999999999]]",32.0,31.999999999999993,31.999999999999975,0.9999999999999998,0.9999999999999992,0.9999999999999994,3.400879669446358e-05,0.34319027129079843,0.0020039875635541526,1,3.76894599387686,2.188943934324429,1.7218102002416362,1.4418884693483617e-10,2.482658274134809e-10,32,7,2
39,MNISTPatchClassifier,MNIST patch filters=32 kernel=7 stride=2 lr=3e-03,1.0,0.003,Muon,1,2,512,64,2.3025295713188987,0.869140625,full_patch_and_classifier_activation,"[[0.0030000000000000022,0.0030000000000000014,0.0030000000000000014,0.003000000000000001,0.003,0.003,0.003,0.0029999999999999996,0.0029999999999999996,0.0029999999999999996]]",10.0,10.0,9.999999999999988,1.0,0.9999999999999988,0.9999999999999988,2.857667353458347e-05,0.3968599889726925,0.0030122458773446078,2,1.5749785084740542,1.0073146132162434,1.563541804923611,2.9306756266990333e-05,4.582233859014641e-05,32,7,2
38,MNISTPatchClassifier,MNIST patch filters=32 kernel=7 stride=2 lr=3e-03,1.0,0.003,Adam,1,3,512,64,2.3024840833552718,0.88671875,full_patch_and_classifier_activation,"[[0.014991341755288823,0.004723734262835756,0.004353695299631124,0.0034134534207419377,0.00265217135507798,0.002453506662832309,0.002073116952860614,0.0017813624046760603,0.0014927718506308986,0.0012999127931739522,0.0012093316380587258,0.0011894222149876252,0.0009347902654344954,0.000748978287319424,0.0006282989619688426,0.0005276898907837693,0.000512647201786747,0.00041922167891967195,0.00037951896776622444,0.00030037961699290504,0.0002559275796026226,0.00022656655759285097,0.0001711421220937063,0.00014112205770931818,0.00012589253256618257,9.611386251864932e-05,6.438508284069915e-05,4.9451344511481623e-05,2.9238866082257432e-05,2.5939631027180033e-05,1.7267911577644335e-05,1.455901798234688e-05]]",32.0,7.265754627707148,1.3702971441337548,0.22705483211584837,0.04282178575417984,0.18859667224492813,7.482026465777702e-05,0.5691461098145564,0.004263549985199231,1,2.9880156393481627,2.188943934324429,1.3650489592235036,2.3730491605741793e-10,3.239328286827993e-10,32,7,2
38,MNISTPatchClassifier,MNIST patch filters=32 kernel=7 stride=2 lr=3e-03,1.0,0.003,Adam,1,3,512,64,2.3024840833552718,0.88671875,full_patch_and_classifier_activation,"[[0.007759973551861431,0.0020910928474496366,0.0015268984394410643,0.0013229412388834614,0.0007658019404398331,0.0007100048486303426,0.0005648607852698653,0.00044172093149944154,0.00029370888005305213,0.0001825402395995711]]",10.0,3.483465959919026,1.1690313376158357,0.3483465959919026,0.11690313376158357,0.33559430494420855,5.240284743446349e-05,0.5488356039802633,0.006245706449602508,2,1.4334029519255724,1.0048421183189573,1.4264956910082278,3.8593992668262214e-05,5.505416424007919e-05,32,7,2
39,MNISTPatchClassifier,MNIST patch filters=32 kernel=7 stride=2 lr=3e-03,1.0,0.003,Muon,1,3,512,64,2.302595453498578,0.88671875,full_patch_and_classifier_activation,"[[0.0030000000000000027,0.003000000000000002,0.0030000000000000014,0.0030000000000000014,0.003000000000000001,0.003000000000000001,0.003000000000000001,0.003000000000000001,0.003000000000000001,0.003000000000000001,0.003000000000000001,0.0030000000000000005,0.0030000000000000005,0.0030000000000000005,0.0030000000000000005,0.0030000000000000005,0.003,0.003,0.003,0.003,0.0029999999999999996,0.0029999999999999996,0.0029999999999999996,0.0029999999999999996,0.0029999999999999996,0.002999999999999999,0.002999999999999999,0.002999999999999999,0.002999999999999999,0.0029999999999999988,0.0029999999999999988,0.0029999999999999975]]",32.0,31.999999999999993,31.99999999999995,0.9999999999999998,0.9999999999999984,0.9999999999999987,3.9622930602854184e-05,0.3053519733733279,0.002334803576646847,1,2.9836744845755425,2.188943934324429,1.3630657404189706,2.4723548198426545e-10,3.369982153087239e-10,32,7,2
39,MNISTPatchClassifier,MNIST patch filters=32 kernel=7 stride=2 lr=3e-03,1.0,0.003,Muon,1,3,512,64,2.302595453498578,0.88671875,full_patch_and_classifier_activation,"[[0.0030000000000000022,0.003000000000000002,0.003000000000000001,0.003000000000000001,0.003,0.0029999999999999996,0.0029999999999999996,0.0029999999999999996,0.002999999999999999,0.0029999999999999988]]",10.0,10.000000000000004,9.999999999999986,1.0000000000000004,0.9999999999999986,0.9999999999999982,3.322953987385276e-05,0.39596529599543223,0.003502701053358632,2,1.567885156327502,1.0073410497609354,1.5564591125315466,3.8758501447911105e-05,6.032602276666838e-05,32,7,2
38,MNISTPatchClassifier,MNIST patch filters=32 kernel=7 stride=2 lr=3e-03,1.0,0.003,Adam,1,4,512,64,2.302181633396348,0.88671875,full_patch_and_classifier_activation,"[[0.01522902548423111,0.004952611253799902,0.004020435700023062,0.0036130382366523846,0.002549899354946635,0.002211137256057238,0.0020984878539769183,0.0016724568031954684,0.0014279779020564846,0.0012434354501094896,0.0010344839826471666,0.0009681463353375063,0.000762847035715871,0.0006732153278999454,0.0006454860882014427,0.0004948244630272029,0.00043704547721356034,0.00041602174624078486,0.00031397756333867693,0.0002450035561910581,0.00023041126953083404,0.00014747068199124096,0.00013003556379819495,9.975249195828162e-05,8.611607766687269e-05,6.594528279913871e-05,5.475774366338375e-05,5.0233133174324594e-05,2.5974838880825538e-05,2.2903264270994262e-05,1.7045520119956392e-05,1.4215804848074135e-05]]",32.0,6.764408071824965,1.3461099202685525,0.21138775224453016,0.042065935008392265,0.19899892288807267,8.480558418011747e-05,0.7123142489173928,0.004799677688364074,1,2.713906987056404,2.188943934324429,1.2398248052406118,1.9199611702882208e-10,2.380415484022131e-10,32,7,2
38,MNISTPatchClassifier,MNIST patch filters=32 kernel=7 stride=2 lr=3e-03,1.0,0.003,Adam,1,4,512,64,2.302181633396348,0.88671875,full_patch_and_classifier_activation,"[[0.007754225573131008,0.0020804442657648098,0.001400772057216035,0.0010183998575909248,0.0007141463547650276,0.0006378986094533316,0.000530977532870307,0.0004811887622545089,0.00030157623142891457,0.00020489925668382776]]",10.0,3.314329559460679,1.1478658563358595,0.3314329559460679,0.11478658563358594,0.34633425425643094,3.9392715699098413e-05,0.5443159043372727,0.004741676512833795,2,1.5170915161447645,1.003682798689987,1.5115248743177443,1.7558554878526167e-05,2.654019245596548e-05,32,7,2
39,MNISTPatchClassifier,MNIST patch filters=32 kernel=7 stride=2 lr=3e-03,1.0,0.003,Muon,1,4,512,64,2.302432321451996,0.88671875,full_patch_and_classifier_activation,"[[0.003000000000000002,0.003000000000000002,0.0030000000000000014,0.0030000000000000014,0.0030000000000000005,0.0030000000000000005,0.0030000000000000005,0.0030000000000000005,0.0030000000000000005,0.003,0.003,0.003,0.003,0.003,0.003,0.003,0.003,0.0029999999999999996,0.0029999999999999996,0.0029999999999999996,0.0029999999999999996,0.0029999999999999996,0.002999999999999999,0.002999999999999999,0.002999999999999999,0.0029999999999999988,0.0029999999999999988,0.0029999999999999988,0.0029999999999999983,0.0029999999999999983,0.0029999999999999975,0.0029999999999999975]]",32.0,32.0,31.999999999999957,1.0,0.9999999999999987,0.9999999999999987,3.145015940269239e-05,0.31709799090771057,0.0018532184152534714,1,3.2176363468066067,2.188943934324429,1.4699491825036906,1.4443677876462757e-10,2.1231472486853075e-10,32,7,2
39,MNISTPatchClassifier,MNIST patch filters=32 kernel=7 stride=2 lr=3e-03,1.0,0.003,Muon,1,4,512,64,2.302432321451996,0.88671875,full_patch_and_classifier_activation,"[[0.0030000000000000014,0.003000000000000001,0.0030000000000000005,0.0030000000000000005,0.0030000000000000005,0.0029999999999999996,0.002999999999999999,0.002999999999999999,0.002999999999999999,0.0029999999999999983]]",10.0,9.999999999999998,9.999999999999991,0.9999999999999998,0.9999999999999991,0.9999999999999993,2.315555784376477e-05,0.4220329971981713,0.002440810109269134,2,1.781118507240717,1.0075521109275227,1.7677681262570846,1.6686097266840594e-05,2.9497150899946258e-05,32,7,2
38,MNISTPatchClassifier,MNIST patch filters=32 kernel=7 stride=2 lr=3e-03,1.0,0.003,Adam,1,5,512,64,2.3022976594186586,0.88671875,full_patch_and_classifier_activation,,,,,,,,,,,1,3.544416762464851,2.188943934324429,1.619235973514671,1.3857042397082465e-10,2.2437821535873897e-10,32,7,2
38,MNISTPatchClassifier,MNIST patch filters=32 kernel=7 stride=2 lr=3e-03,1.0,0.003,Adam,1,5,512,64,2.3022976594186586,0.88671875,full_patch_and_classifier_activation,,,,,,,,,,,2,1.3275039303511882,1.0025943294349338,1.3240688595350174,3.44804590124475e-05,4.565450204085527e-05,32,7,2
39,MNISTPatchClassifier,MNIST patch filters=32 kernel=7 stride=2 lr=3e-03,1.0,0.003,Muon,1,5,512,64,2.302438789285026,0.88671875,full_patch_and_classifier_activation,,,,,,,,,,,1,4.475890492259583,2.188943934324429,2.0447716463057657,1.0934392943392608e-10,2.2358336660215056e-10,32,7,2
39,MNISTPatchClassifier,MNIST patch filters=32 kernel=7 stride=2 lr=3e-03,1.0,0.003,Muon,1,5,512,64,2.302438789285026,0.88671875,full_patch_and_classifier_activation,,,,,,,,,,,2,1.593546018567435,1.0077204763635919,1.5813373410033535,3.507102147748034e-05,5.545911584947027e-05,32,7,2
40,MNISTPatchClassifier,MNIST patch filters=32 kernel=7 stride=2 lr=3e-03,1.0,0.003,Adam,2,0,512,64,2.3027285849661085,0.91015625,full_patch_and_classifier_activation,"[[0.016522944040225026,0.0033652060379527936,0.00303188706595786,0.002348033108478122,0.0023135720038817034,0.002023752836489643,0.0013847426253574921,0.0011424935810628934,0.0010101369265588483,0.0007985310677732219,0.0007422876486828983,2.630419399148593e-06,1.2812316600855679e-06,1.1077899516001888e-06,9.192478024893437e-07,2.912859292835441e-07,2.398333292741525e-07,1.9040007834711522e-07,1.7036231104504721e-07,1.0691511485349728e-07,1.0135902719569511e-07,8.713603264169055e-08,7.85370717574195e-08,6.386738910739805e-08,3.209951849583893e-08,1.7262063236072267e-08,1.2473387482595698e-08,9.56022019884321e-09,5.340157051357858e-09,4.420851328788977e-09,2.927646195966214e-09,2.45776158118079e-09]]",32.0,3.833681959292183,1.149850126439265,0.11980256122788072,0.035932816451227034,0.299933624815232,9.41135215489708e-05,0.7543848255823246,0.005311827628867851,1,3.5293476323643413,2.2237839628733282,1.5870910534870968,2.1555265523564306e-10,3.421016906798777e-10,32,7,2
40,MNISTPatchClassifier,MNIST patch filters=32 kernel=7 stride=2 lr=3e-03,1.0,0.003,Adam,2,0,512,64,2.3027285849661085,0.91015625,full_patch_and_classifier_activation,"[[0.007446344337796629,0.0017467249912064941,0.0015358950207313366,0.0012909736449754103,0.00099191460622657,0.0007573055305021215,3.3107185670680704e-08,2.720896755841923e-08,8.238678809286924e-09,7.466522972705234e-09]]",10.0,2.9585774153766753,1.1557140756242013,0.29585774153766753,0.11557140756242013,0.3906316831925995,4.3594576996686924e-05,0.6017465476595806,0.005445830895572669,2,1.4058618413073456,1.0085171713097116,1.3939889982057738,4.420610388578238e-05,6.162282247032214e-05,32,7,2
41,MNISTPatchClassifier,MNIST patch filters=32 kernel=7 stride=2 lr=3e-03,1.0,0.003,Muon,2,0,512,64,2.3027285849661085,0.91015625,full_patch_and_classifier_activation,"[[0.003000000000000002,0.003000000000000002,0.003000000000000002,0.0030000000000000014,0.0030000000000000014,0.003000000000000001,0.003000000000000001,0.003000000000000001,0.003000000000000001,0.003000000000000001,0.003000000000000001,0.0030000000000000005,0.0030000000000000005,0.003,0.003,0.003,0.003,0.003,0.003,0.003,0.003,0.003,0.0029999999999999996,0.0029999999999999996,0.0029999999999999996,0.0029999999999999996,0.0029999999999999996,0.002999999999999999,0.002999999999999999,0.002999999999999999,0.002999999999999999,0.0029999999999999988]]",32.0,31.999999999999993,31.99999999999997,0.9999999999999998,0.9999999999999991,0.9999999999999993,3.968437117195559e-05,0.33210256474677463,0.002338423996901144,1,3.5293476323643413,2.2237839628733282,1.5870910534870968,2.1555265523564306e-10,3.421016906798777e-10,32,7,2
41,MNISTPatchClassifier,MNIST patch filters=32 kernel=7 stride=2 lr=3e-03,1.0,0.003,Muon,2,0,512,64,2.3027285849661085,0.91015625,full_patch_and_classifier_activation,"[[0.003000000000000002,0.003000000000000001,0.003,0.003,0.0029999999999999996,0.0029999999999999996,0.0029999999999999988,0.0029999999999999988,0.0029999999999999988,0.0029999999999999983]]",10.0,10.000000000000002,9.999999999999986,1.0000000000000002,0.9999999999999986,0.9999999999999984,3.219164134425517e-05,0.37494824193578324,0.003393296942236365,2,1.4058618413073456,1.0085171713097116,1.3939889982057738,4.420610388578238e-05,6.162282247032214e-05,32,7,2
40,MNISTPatchClassifier,MNIST patch filters=32 kernel=7 stride=2 lr=3e-03,1.0,0.003,Adam,2,1,512,64,2.30254891364178,0.91015625,full_patch_and_classifier_activation,"[[0.016489671122690956,0.004168266866341467,0.0031160942807677235,0.002484021749944686,0.0020345307156215617,0.00167004606545206,0.001436744435958944,0.001085840971700402,0.0009146869890737645,0.0007712951779127564,0.0006256254339259913,0.0005580844374425464,0.00048367156720729385,0.00043073096245588034,0.0003808722890464555,0.0003044483858126616,0.00027877863183487276,0.0002191806559029423,0.0001786235358783262,0.00014297373795797865,9.547608043340651e-05,8.23965301843117e-05,7.501482351824185e-05,6.709649960924647e-05,5.879918486748144e-05,5.050601617398091e-05,3.913215253948594e-05,3.006457954808057e-05,1.8252084843389032e-05,1.7753665807123865e-05,1.2827871570773257e-05,2.2100533607654116e-06]]",32.0,4.613632096119159,1.1707611804974776,0.1441760030037237,0.036586286890546174,0.25376127877259325,8.838363968330203e-05,0.6946412513534806,0.004953654709406078,1,3.250145545753458,2.2237839628733282,1.4615383508540003,2.2109638382089552e-10,3.231408441893747e-10,32,7,2
40,MNISTPatchClassifier,MNIST patch filters=32 kernel=7 stride=2 lr=3e-03,1.0,0.003,Adam,2,1,512,64,2.30254891364178,0.91015625,full_patch_and_classifier_activation,"[[0.007443330598288066,0.0020035759071712904,0.0015249968234281792,0.0008857768361216323,0.0006753315003829006,0.0004610779538907172,0.0002655168157238705,0.00025285995359078156,0.00017649666457668893,5.8393064955085915e-05]]",10.0,2.982540952226981,1.1437137251717546,0.2982540952226981,0.11437137251717547,0.38346957962732253,3.571136613704813e-05,0.5380429818963803,0.004486219194750743,2,1.5457586401887333,1.0086002309010187,1.532578114529928,3.7606998286085875e-05,5.763566252641972e-05,32,7,2
41,MNISTPatchClassifier,MNIST patch filters=32 kernel=7 stride=2 lr=3e-03,1.0,0.003,Muon,2,1,512,64,2.302575839128829,0.91015625,full_patch_and_classifier_activation,"[[0.003000000000000001,0.0030000000000000005,0.0030000000000000005,0.0030000000000000005,0.0030000000000000005,0.0030000000000000005,0.0030000000000000005,0.003,0.003,0.003,0.003,0.003,0.003,0.003,0.003,0.0029999999999999996,0.0029999999999999996,0.0029999999999999996,0.0029999999999999996,0.0029999999999999996,0.0029999999999999996,0.0029999999999999988,0.0029999999999999988,0.0029999999999999988,0.0029999999999999988,0.0029999999999999988,0.0029999999999999988,0.0029999999999999988,0.0029999999999999983,0.0029999999999999983,0.0029999999999999983,0.0029999999999999975]]",32.0,32.0,31.999999999999975,1.0,0.9999999999999992,0.9999999999999992,3.963951208900019e-05,0.3200474282810624,0.002335780650088179,1,3.277771403178304,2.2237839628733282,1.4739612560849344,2.3157237352746327e-10,3.413287065591094e-10,32,7,2
41,MNISTPatchClassifier,MNIST patch filters=32 kernel=7 stride=2 lr=3e-03,1.0,0.003,Muon,2,1,512,64,2.302575839128829,0.91015625,full_patch_and_classifier_activation,"[[0.003000000000000002,0.003000000000000002,0.003000000000000002,0.003000000000000001,0.0030000000000000005,0.003,0.0029999999999999996,0.0029999999999999996,0.0029999999999999996,0.0029999999999999988]]",10.0,10.0,9.999999999999993,1.0,0.9999999999999993,0.9999999999999993,3.0328566470898128e-05,0.3929273637879132,0.003196911607195096,2,1.5439191321331918,1.0086789668059626,1.5306348034817228,3.731144120618521e-05,5.7110190478249154e-05,32,7,2
40,MNISTPatchClassifier,MNIST patch filters=32 kernel=7 stride=2 lr=3e-03,1.0,0.003,Adam,2,2,512,64,2.3024855638302877,0.88671875,full_patch_and_classifier_activation,"[[0.0164310892667049,0.004533964440749081,0.0030236442491359213,0.0027908006939573863,0.0020674431907917344,0.0018725942186683371,0.0015307411658808804,0.0012355856470489589,0.0010046204889302185,0.0008316333620382223,0.0007627165163012196,0.0006400230683022397,0.0006033581436239714,0.0004812263138990741,0.00041699761448303195,0.00038174172460628237,0.0003520170596441252,0.0003136826148714113,0.0002731998931857792,0.0001990903155550885,0.0001845666586705503,0.0001529190813336657,0.0001260644991270197,0.0001031162452656961,7.37754002912487e-05,6.971824754798236e-05,5.812362406822288e-05,5.277953649869268e-05,4.2923862549354616e-05,4.063671555525057e-05,3.3129937738765444e-05,2.296223592444565e-05]]",32.0,5.1275060407230635,1.1970075005156904,0.16023456377259573,0.037406484391115324,0.23344828675168025,6.329145894490512e-05,0.5116435494147409,0.0035207105029235824,1,3.0678811043172147,2.2237839628733282,1.3795769533085567,2.0586235820153967e-10,2.8400296492859485e-10,32,7,2
40,MNISTPatchClassifier,MNIST patch filters=32 kernel=7 stride=2 lr=3e-03,1.0,0.003,Adam,2,2,512,64,2.3024855638302877,0.88671875,full_patch_and_classifier_activation,"[[0.007528042475185966,0.00125466526756995,0.0011099379037317685,0.000563827188086514,0.0005362764977162669,0.0004428092405822448,0.0003473107431097465,0.00022893860755244922,0.00017902491813904416,0.00010121110420983127]]",10.0,2.497655253005697,1.0674599594987122,0.24976552530056967,0.10674599594987122,0.4273848275153759,3.183087497133664e-05,0.45222810298944194,0.004092519139054277,2,1.4697231347863704,1.0074411746039775,1.45886744738631,3.952504754297943e-05,5.766180521684894e-05,32,7,2
41,MNISTPatchClassifier,MNIST patch filters=32 kernel=7 stride=2 lr=3e-03,1.0,0.003,Muon,2,2,512,64,2.302483005301004,0.91015625,full_patch_and_classifier_activation,"[[0.0030000000000000022,0.003000000000000002,0.0030000000000000014,0.003000000000000001,0.003000000000000001,0.003000000000000001,0.003000000000000001,0.0030000000000000005,0.0030000000000000005,0.0030000000000000005,0.003,0.003,0.0029999999999999996,0.0029999999999999996,0.0029999999999999996,0.0029999999999999996,0.0029999999999999996,0.0029999999999999996,0.002999999999999999,0.002999999999999999,0.002999999999999999,0.002999999999999999,0.0029999999999999988,0.0029999999999999988,0.0029999999999999988,0.0029999999999999988,0.0029999999999999983,0.0029999999999999983,0.0029999999999999983,0.0029999999999999983,0.0029999999999999983,0.002999999999999998]]",32.0,32.0,31.999999999999947,1.0,0.9999999999999983,0.9999999999999983,3.808435028329597e-05,0.331422130255021,0.002244141861866866,1,3.5149001095288344,2.2237839628733282,1.5805942340672645,1.9933746139106277e-10,3.1507164210831975e-10,32,7,2
41,MNISTPatchClassifier,MNIST patch filters=32 kernel=7 stride=2 lr=3e-03,1.0,0.003,Muon,2,2,512,64,2.302483005301004,0.91015625,full_patch_and_classifier_activation,"[[0.003000000000000002,0.003,0.0029999999999999996,0.0029999999999999996,0.0029999999999999996,0.0029999999999999996,0.0029999999999999996,0.002999999999999999,0.002999999999999999,0.002999999999999999]]",10.0,9.999999999999998,9.999999999999988,0.9999999999999998,0.9999999999999988,0.9999999999999989,3.115803491562464e-05,0.3879522741996499,0.0032843452582808712,2,1.5050696705668023,1.0087333307078845,1.4920391988144288,3.9886391267212935e-05,5.9512059269931216e-05,32,7,2
40,MNISTPatchClassifier,MNIST patch filters=32 kernel=7 stride=2 lr=3e-03,1.0,0.003,Adam,2,3,512,64,2.3024311869022824,0.888671875,full_patch_and_classifier_activation,"[[0.016564154150839762,0.004655768294107445,0.002746725291888632,0.0025256904796839437,0.0020224592314553383,0.0018955136316589443,0.0015449890371090228,0.001365581135847837,0.0011967164501847807,0.0010235074237292597,0.0008102696578689299,0.0007437099422107115,0.0006723332700345391,0.0006046485160470657,0.00046816742788354914,0.0003952277377797337,0.0003457182871503075,0.0002642837270816042,0.00022236725622280687,0.00018921202021816212,0.00017011538481067953,0.00015248857073810965,0.0001340958612397496,0.00011489484540595702,0.000108652055217488,7.056575662680765e-05,6.02451829450839e-05,5.058321962317518e-05,4.37744968346983e-05,3.8358913413624516e-05,3.196407084379907e-05,2.4622484609854282e-05]]",32.0,5.202647690450168,1.1924518370420636,0.16258274032656775,0.03726411990756449,0.22920095843331736,8.370928059027037e-05,0.6229192319546576,0.004627899535746058,1,2.9526914642402704,2.2237839628733282,1.3277780186997699,2.39969299688213e-10,3.186259612887868e-10,32,7,2
40,MNISTPatchClassifier,MNIST patch filters=32 kernel=7 stride=2 lr=3e-03,1.0,0.003,Adam,2,3,512,64,2.3024311869022824,0.888671875,full_patch_and_classifier_activation,"[[0.007282564481017446,0.0013582404523735656,0.0009879895265314247,0.0006876405756488145,0.000553882367121964,0.00040639128711329216,0.00037832731975566116,0.0002784704667784567,0.0002463706271276904,0.00010181245753598416]]",10.0,2.6419933483906117,1.0765044620217048,0.26419933483906116,0.10765044620217049,0.4074591870859421,3.72730396670563e-05,0.4518218127629957,0.0049329027739763755,2,1.3386474006016909,1.0053788558830585,1.3314855318156769,4.562430654336709e-05,6.074810406161659e-05,32,7,2
41,MNISTPatchClassifier,MNIST patch filters=32 kernel=7 stride=2 lr=3e-03,1.0,0.003,Muon,2,3,512,64,2.3026181005592488,0.896484375,full_patch_and_classifier_activation,"[[0.0030000000000000022,0.003000000000000002,0.003000000000000002,0.0030000000000000014,0.0030000000000000014,0.003000000000000001,0.003000000000000001,0.003000000000000001,0.0030000000000000005,0.0030000000000000005,0.0030000000000000005,0.0030000000000000005,0.0030000000000000005,0.0030000000000000005,0.0030000000000000005,0.003,0.003,0.003,0.003,0.003,0.003,0.003,0.003,0.003,0.0029999999999999996,0.0029999999999999996,0.0029999999999999996,0.0029999999999999996,0.002999999999999999,0.0029999999999999988,0.0029999999999999983,0.002999999999999998]]",32.0,31.999999999999993,31.999999999999957,0.9999999999999998,0.9999999999999987,0.9999999999999989,4.173589160198897e-05,0.3323663667977291,0.0024593109975527563,1,3.5349568569063234,2.2237839628733282,1.5896134318456197,2.380367884615372e-10,3.783864762118539e-10,32,7,2
41,MNISTPatchClassifier,MNIST patch filters=32 kernel=7 stride=2 lr=3e-03,1.0,0.003,Muon,2,3,512,64,2.3026181005592488,0.896484375,full_patch_and_classifier_activation,"[[0.0030000000000000014,0.0030000000000000014,0.0030000000000000005,0.0030000000000000005,0.0030000000000000005,0.0030000000000000005,0.0030000000000000005,0.0029999999999999996,0.002999999999999999,0.002999999999999998]]",10.0,10.000000000000002,9.999999999999991,1.0000000000000002,0.9999999999999991,0.9999999999999989,3.357867215866921e-05,0.3779764711257588,0.003539502827515918,2,1.4286621272468174,1.0085700306533765,1.4165224861195755,4.645642869129017e-05,6.580657586602313e-05,32,7,2
40,MNISTPatchClassifier,MNIST patch filters=32 kernel=7 stride=2 lr=3e-03,1.0,0.003,Adam,2,4,512,64,2.3023503280997013,0.888671875,full_patch_and_classifier_activation,"[[0.016988637281258052,0.004092670936000713,0.002558734990686592,0.0023888289697104738,0.002003057837606722,0.0018176732652251271,0.0015292818375399254,0.0013787333959591277,0.0011272963912225327,0.0009579032234468741,0.0007320314534140101,0.0006907265650574871,0.0006201215491062636,0.0005813255768776315,0.00046234459301233195,0.00040340429847331773,0.00036038866120947824,0.00024972512435362723,0.00020241701499276637,0.0001731821751184826,0.00014749080395752074,0.00013906491758814378,0.00011486446029529594,0.00010136519314688903,8.116735966510226e-05,7.347778528942366e-05,5.26150072993703e-05,4.985673018744025e-05,4.6102490988516696e-05,3.313009509157878e-05,2.158943332964949e-05,2.0469622103196953e-05]]",32.0,4.840936754782319,1.156641244105106,0.15127927358694748,0.03614503887828456,0.23892922025111568,9.073811383503524e-05,0.6855258894700076,0.00496628760007094,1,2.541367518490766,2.2237839628733282,1.1428122339757731,2.2817461599956483e-10,2.6076074264702684e-10,32,7,2
40,MNISTPatchClassifier,MNIST patch filters=32 kernel=7 stride=2 lr=3e-03,1.0,0.003,Adam,2,4,512,64,2.3023503280997013,0.888671875,full_patch_and_classifier_activation,"[[0.007021894092480232,0.0016153209884083213,0.0011485041477843638,0.0008217654662938353,0.0006003395010268346,0.0005060028880606441,0.0004386513539373398,0.0003240786735384226,0.0002263747516666592,0.00011517408154530071]]",10.0,2.993382765697168,1.113209515237014,0.2993382765697168,0.1113209515237014,0.37189013312761027,4.2266299399912975e-05,0.5342023831887129,0.005704945438668676,2,1.3368140691387942,1.0036236732127017,1.331987382142468,3.307874716895392e-05,4.4060473846127505e-05,32,7,2
41,MNISTPatchClassifier,MNIST patch filters=32 kernel=7 stride=2 lr=3e-03,1.0,0.003,Muon,2,4,512,64,2.3025459955512533,0.91015625,full_patch_and_classifier_activation,"[[0.003000000000000003,0.003000000000000003,0.0030000000000000022,0.0030000000000000022,0.0030000000000000022,0.0030000000000000022,0.0030000000000000022,0.003000000000000002,0.003000000000000002,0.003000000000000002,0.003000000000000001,0.003000000000000001,0.003000000000000001,0.003000000000000001,0.003000000000000001,0.003000000000000001,0.003000000000000001,0.003000000000000001,0.003000000000000001,0.003000000000000001,0.003000000000000001,0.003000000000000001,0.0030000000000000005,0.0030000000000000005,0.0030000000000000005,0.0030000000000000005,0.0030000000000000005,0.0030000000000000005,0.0029999999999999996,0.0029999999999999996,0.002999999999999999,0.002999999999999999]]",32.0,32.00000000000001,31.999999999999957,1.0000000000000002,0.9999999999999987,0.9999999999999984,3.449772068946895e-05,0.3296363951985102,0.0020327976862502452,1,3.477124897262989,2.2237839628733282,1.563607326662358,1.6533672124426944e-10,2.5852170870387164e-10,32,7,2
41,MNISTPatchClassifier,MNIST patch filters=32 kernel=7 stride=2 lr=3e-03,1.0,0.003,Muon,2,4,512,64,2.3025459955512533,0.91015625,full_patch_and_classifier_activation,"[[0.003000000000000002,0.003000000000000001,0.003000000000000001,0.003000000000000001,0.0030000000000000005,0.0030000000000000005,0.0030000000000000005,0.003,0.002999999999999999,0.002999999999999999]]",10.0,9.999999999999996,9.999999999999993,0.9999999999999997,0.9999999999999993,0.9999999999999997,2.9213275090771993e-05,0.38712334607476934,0.0030793495733300548,2,1.4986448507612546,1.0087839187920726,1.4855955005267591,3.39025013314737e-05,5.03654034346398e-05,32,7,2
40,MNISTPatchClassifier,MNIST patch filters=32 kernel=7 stride=2 lr=3e-03,1.0,0.003,Adam,2,5,512,64,2.3023775503220354,0.888671875,full_patch_and_classifier_activation,,,,,,,,,,,1,3.90794415438292,2.2237839628733282,1.757339840392367,6.484857034898944e-11,1.1396097626676629e-10,32,7,2
40,MNISTPatchClassifier,MNIST patch filters=32 kernel=7 stride=2 lr=3e-03,1.0,0.003,Adam,2,5,512,64,2.3023775503220354,0.888671875,full_patch_and_classifier_activation,,,,,,,,,,,2,1.4122956826436923,1.0024124826268555,1.408896743726419,1.9380239259512915e-05,2.7304755985366658e-05,32,7,2
41,MNISTPatchClassifier,MNIST patch filters=32 kernel=7 stride=2 lr=3e-03,1.0,0.003,Muon,2,5,512,64,2.3024266339579276,0.908203125,full_patch_and_classifier_activation,,,,,,,,,,,1,4.8872068523194585,2.2237839628733282,2.1976985777003035,9.075536015679107e-11,1.9945292593525855e-10,32,7,2
41,MNISTPatchClassifier,MNIST patch filters=32 kernel=7 stride=2 lr=3e-03,1.0,0.003,Muon,2,5,512,64,2.3024266339579276,0.908203125,full_patch_and_classifier_activation,,,,,,,,,,,2,1.8037279554429337,1.008822893755607,1.7879530357683349,1.96534983980565e-05,3.5139532124273224e-05,32,7,2
42,MNISTPatchClassifier,MNIST patch filters=32 kernel=7 stride=2 lr=1e-02,1.0,0.01,Adam,0,0,512,64,2.3026180205673974,0.921875,full_patch_and_classifier_activation,"[[0.05037174694382036,0.01563325803988107,0.01325132438902928,0.011535047842874867,0.009340437548485441,0.008304215500911457,0.007282664807221553,0.0068142027941208464,0.005664934204745399,0.005351553540003928,0.0047453364837602655,0.004350080689367069,0.0036891766070676468,0.0032637344780983932,0.003131405196190637,0.0020309743480636626,1.229051176861133e-05,8.369704994719456e-07,5.051245620250512e-07,2.28163404558488e-07,1.6332296627686545e-07,1.259813108525916e-07,1.1236103315338648e-07,8.337669804101479e-08,6.184589741054277e-08,4.1648446028549325e-08,2.837948772781788e-08,2.3099655644762936e-08,1.2457817631570377e-08,1.1177900003063062e-08,7.029672646103741e-09,2.2591326636362555e-09]]",32.0,6.871026425065991,1.374054276837188,0.21471957578331222,0.04293919615116212,0.19997802247194693,0.0002951826512099246,0.6735994463875996,0.004999215659829114,1,2.61798753819698,2.1757091732102114,1.2032800938804686,2.2639506319083102e-10,2.724166728903378e-10,32,7,2
42,MNISTPatchClassifier,MNIST patch filters=32 kernel=7 stride=2 lr=1e-02,1.0,0.01,Adam,0,0,512,64,2.3026180205673974,0.921875,full_patch_and_classifier_activation,"[[0.02377851068382275,0.00846741170209203,0.006440834241208709,0.004750572290787519,0.003525259246767628,2.146059772361991e-06,2.82871342822268e-07,1.7912256884150654e-07,1.482477856935937e-07,4.430152724092931e-08]]",10.0,3.0910385926961186,1.2620661419394967,0.30910385926961187,0.12620661419394968,0.40829840977128523,0.00018392211501558,0.6370218808420595,0.006885068168152727,2,1.4111229820119238,1.0045872859680771,1.4046793162946372,3.879245755921881e-05,5.4490962761672206e-05,32,7,2
43,MNISTPatchClassifier,MNIST patch filters=32 kernel=7 stride=2 lr=1e-02,1.0,0.01,Muon,0,0,512,64,2.3026180205673974,0.921875,full_patch_and_classifier_activation,"[[0.010000000000000002,0.010000000000000002,0.010000000000000002,0.010000000000000002,0.009999999999999998,0.009999999999999998,0.009999999999999998,0.009999999999999998,0.009999999999999998,0.009999999999999998,0.009999999999999998,0.009999999999999998,0.009999999999999998,0.009999999999999998,0.009999999999999998,0.009999999999999998,0.009999999999999998,0.009999999999999998,0.009999999999999998,0.009999999999999998,0.009999999999999998,0.009999999999999997,0.009999999999999997,0.009999999999999997,0.009999999999999997,0.009999999999999997,0.009999999999999997,0.009999999999999997,0.009999999999999995,0.009999999999999995,0.009999999999999995,0.009999999999999995]]",32.0,32.0,31.999999999999975,1.0,0.9999999999999992,0.9999999999999992,0.00012008366602677832,0.28602816394309105,0.00212279936393189,1,2.61798753819698,2.1757091732102114,1.2032800938804686,2.2639506319083102e-10,2.724166728903378e-10,32,7,2
43,MNISTPatchClassifier,MNIST patch filters=32 kernel=7 stride=2 lr=1e-02,1.0,0.01,Muon,0,0,512,64,2.3026180205673974,0.921875,full_patch_and_classifier_activation,"[[0.010000000000000002,0.010000000000000002,0.010000000000000002,0.010000000000000002,0.009999999999999998,0.009999999999999998,0.009999999999999998,0.009999999999999998,0.009999999999999998,0.009999999999999992]]",10.0,10.0,9.999999999999993,1.0,0.9999999999999993,0.9999999999999993,0.00012839151602901357,0.3756491690409984,0.0040600962289370005,2,1.4111229820119238,1.0045872859680771,1.4046793162946372,3.879245755921881e-05,5.4490962761672206e-05,32,7,2
42,MNISTPatchClassifier,MNIST patch filters=32 kernel=7 stride=2 lr=1e-02,1.0,0.01,Adam,0,1,512,64,2.3026702189986574,0.8984375,full_patch_and_classifier_activation,"[[0.05248148479119561,0.016740866346541483,0.012568221814253587,0.00983682094575469,0.00792497817373376,0.007041285138875308,0.005491831147182419,0.005469460900141821,0.003238524790017262,0.002772928080960527,0.0024261747453163565,0.002250967766011093,0.001703309984317439,0.0014771084648451784,0.0013131637731894983,0.001093836301149719,0.0008864289819705153,0.0008415202608478941,0.0007100348029592156,0.0005739145483369105,0.0005541174656987524,0.000510444251123576,0.00042296913873616593,0.0003734165657184049,0.00024571370558272283,0.00018567409665965284,0.00016587044942440444,0.00014822965561826245,9.90491287607775e-05,7.452600076477877e-05,5.124289631887493e-05,3.782230129929436e-05]]",32.0,5.573383442797954,1.2715571382391038,0.17416823258743605,0.03973616056997199,0.22814815296482738,0.00022992882594359483,0.5787870376326258,0.003885253569701305,1,3.0207952848321744,2.1757091732102114,1.388418692179827,1.852114343743071e-10,2.571510174907253e-10,32,7,2
42,MNISTPatchClassifier,MNIST patch filters=32 kernel=7 stride=2 lr=1e-02,1.0,0.01,Adam,0,1,512,64,2.3026702189986574,0.8984375,full_patch_and_classifier_activation,"[[0.025001695015755294,0.0076527221975800875,0.006368328921435638,0.004258010185118693,0.003627924203425294,0.00275950186531657,0.0023969189855057656,0.0012463472863005309,0.00039826331189884496,0.0002756220674597424]]",10.0,3.7817881517362477,1.232864884498187,0.3781788151736248,0.12328648844981871,0.3260005148443256,0.00019669883236146126,0.5376933448346333,0.00708556664673929,2,1.286980169689693,1.0027010909088687,1.2835132836278735,3.511956789363532e-05,4.507643190675191e-05,32,7,2
43,MNISTPatchClassifier,MNIST patch filters=32 kernel=7 stride=2 lr=1e-02,1.0,0.01,Muon,0,1,512,64,2.3026594057879697,0.8984375,full_patch_and_classifier_activation,"[[0.010000000000000007,0.010000000000000007,0.010000000000000005,0.010000000000000004,0.010000000000000004,0.010000000000000004,0.010000000000000004,0.010000000000000004,0.010000000000000002,0.010000000000000002,0.010000000000000002,0.010000000000000002,0.010000000000000002,0.010000000000000002,0.010000000000000002,0.010000000000000002,0.010000000000000002,0.01,0.01,0.01,0.01,0.01,0.01,0.009999999999999998,0.009999999999999998,0.009999999999999998,0.009999999999999998,0.009999999999999998,0.009999999999999997,0.009999999999999997,0.009999999999999997,0.009999999999999995]]",32.0,31.999999999999996,31.99999999999996,0.9999999999999999,0.9999999999999988,0.9999999999999989,0.00013462475086218722,0.290569307675814,0.0023798518562550518,1,2.701776722022461,2.1757091732102114,1.2417912997241485,2.7571920711364047e-10,3.4238571256055926e-10,32,7,2
43,MNISTPatchClassifier,MNIST patch filters=32 kernel=7 stride=2 lr=1e-02,1.0,0.01,Muon,0,1,512,64,2.3026594057879697,0.8984375,full_patch_and_classifier_activation,"[[0.010000000000000005,0.010000000000000004,0.010000000000000004,0.010000000000000004,0.010000000000000002,0.010000000000000002,0.01,0.01,0.009999999999999998,0.009999999999999998]]",10.0,10.000000000000002,9.999999999999991,1.0000000000000002,0.9999999999999991,0.9999999999999989,0.00012249816744050484,0.3711470543909561,0.0038737321830867393,2,1.3775013598308323,1.0044157171128452,1.3714454447112872,3.5352889631408034e-05,4.8484559442375446e-05,32,7,2
42,MNISTPatchClassifier,MNIST patch filters=32 kernel=7 stride=2 lr=1e-02,1.0,0.01,Adam,0,2,512,64,2.302277365517847,0.8984375,full_patch_and_classifier_activation,"[[0.05441987993155063,0.013668743983292578,0.011616742462476208,0.008007671052100686,0.007329868959331706,0.005238016104258618,0.004931331522917987,0.004195767427509851,0.0029729508688830474,0.0027417418084081124,0.001997016280729032,0.0016655643320933496,0.001469538567903778,0.0011331975032330527,0.0010830061684188735,0.0009414076364540052,0.0008590504179435195,0.0007618294556037835,0.0006140844017958691,0.0005503375529044884,0.0004496593900560588,0.0003923759773474205,0.00037749291236606534,0.0003323070008446817,0.00025866870298219463,0.00022564805659749045,0.00017568184108761821,0.00015500524387530404,0.00012244884203220553,8.423148096936724e-05,7.248501192386292e-05,6.013663162122355e-05]]",32.0,4.744849230563069,1.1824817717942506,0.14827653845509592,0.03695255536857033,0.24921377146770288,0.0002574784173845429,0.6355830807396514,0.0043509693547136965,1,2.469103228457564,2.1757091732102114,1.134849849814466,1.926167472833918e-10,2.1859108672630812e-10,32,7,2
42,MNISTPatchClassifier,MNIST patch filters=32 kernel=7 stride=2 lr=1e-02,1.0,0.01,Adam,0,2,512,64,2.302277365517847,0.8984375,full_patch_and_classifier_activation,"[[0.026070577518942012,0.007278948923875454,0.005239518894006853,0.003164518366425195,0.0027667220700674793,0.002339566797181927,0.0018536755516446574,0.0012560214896401739,0.0006578925470187437,0.0003063905643568555]]",10.0,3.288890044162699,1.1605451941596943,0.3288890044162699,0.11605451941596942,0.35286834724666244,0.00023699604986012992,0.5235536795980503,0.008438386763552677,2,1.2346846096149826,1.0015630723008049,1.232757720168983,3.249148642264675e-05,4.005413072728348e-05,32,7,2
43,MNISTPatchClassifier,MNIST patch filters=32 kernel=7 stride=2 lr=1e-02,1.0,0.01,Muon,0,2,512,64,2.302471136833895,0.8984375,full_patch_and_classifier_activation,"[[0.010000000000000009,0.010000000000000005,0.010000000000000004,0.010000000000000004,0.010000000000000004,0.010000000000000002,0.010000000000000002,0.010000000000000002,0.010000000000000002,0.010000000000000002,0.010000000000000002,0.010000000000000002,0.010000000000000002,0.009999999999999998,0.009999999999999998,0.009999999999999998,0.009999999999999998,0.009999999999999998,0.009999999999999998,0.009999999999999998,0.009999999999999998,0.009999999999999998,0.009999999999999998,0.009999999999999997,0.009999999999999997,0.009999999999999997,0.009999999999999997,0.009999999999999997,0.009999999999999997,0.009999999999999995,0.009999999999999995,0.009999999999999993]]",32.0,32.00000000000001,31.99999999999994,1.0000000000000002,0.9999999999999981,0.9999999999999979,0.00011963172907764286,0.3167816694336191,0.002114810171896829,1,3.21122003485282,2.1757091732102114,1.4759417639052994,1.831847626587115e-10,2.703700417190723e-10,32,7,2
43,MNISTPatchClassifier,MNIST patch filters=32 kernel=7 stride=2 lr=1e-02,1.0,0.01,Muon,0,2,512,64,2.302471136833895,0.8984375,full_patch_and_classifier_activation,"[[0.010000000000000005,0.010000000000000002,0.01,0.01,0.01,0.01,0.009999999999999998,0.009999999999999997,0.009999999999999995,0.009999999999999995]]",10.0,9.999999999999998,9.99999999999999,0.9999999999999998,0.9999999999999989,0.9999999999999991,0.00011880495722498264,0.38252455681104863,0.003756942621498225,2,1.4632503656348903,1.0054520484958545,1.45531591270205,3.256300367704659e-05,4.7389457416581266e-05,32,7,2
42,MNISTPatchClassifier,MNIST patch filters=32 kernel=7 stride=2 lr=1e-02,1.0,0.01,Adam,0,3,512,64,2.301797059588876,0.8984375,full_patch_and_classifier_activation,"[[0.05640917408772417,0.014595014353678036,0.012067139363540482,0.009391420772063034,0.006671953066767026,0.005127712092878163,0.004353590248100453,0.003282389952759571,0.0030524545036009205,0.002581248073821862,0.002067284423569758,0.0018448897268403416,0.001404990476938468,0.001283575277616523,0.0010684433236341749,0.0009668076568102229,0.0007984268327135129,0.0007169924519009097,0.0006123522041438375,0.0005061565206293701,0.0004521656599289197,0.00037771428917994325,0.00032859197603994536,0.0002989790178331404,0.00022968632682316363,0.0001982588350105678,0.0001537231350420837,0.00011252777676691795,0.00010175282513131078,7.882619478652931e-05,5.3064299901075604e-05,4.290310695181058e-05]]",32.0,4.5786988668826325,1.1820234055601766,0.14308433959008227,0.03693823142375552,0.2581570528932703,0.0003213123903994754,0.66596084226604,0.005239196579653729,1,2.2362848564447324,2.1757091732102114,1.0278418108359322,2.5438918929604655e-10,2.6147184498313314e-10,32,7,2
42,MNISTPatchClassifier,MNIST patch filters=32 kernel=7 stride=2 lr=1e-02,1.0,0.01,Adam,0,3,512,64,2.301797059588876,0.8984375,full_patch_and_classifier_activation,"[[0.023831272866866766,0.008697100654343579,0.0060939046014190585,0.003727915687002516,0.0025916405159965837,0.002051897345491993,0.001934876557090754,0.0009404130157785102,0.0009029227290612803,0.0005634815454383309]]",10.0,3.7049953243433396,1.2524263307260752,0.370499532434334,0.12524263307260752,0.3380372230154031,0.00030551985082233075,0.5333348127699371,0.011455554061384144,2,1.2187333977409986,1.000858010932496,1.2176886076032991,2.986982591584968e-05,3.637214672882394e-05,32,7,2
43,MNISTPatchClassifier,MNIST patch filters=32 kernel=7 stride=2 lr=1e-02,1.0,0.01,Muon,0,3,512,64,2.3022598798486498,0.8984375,full_patch_and_classifier_activation,"[[0.010000000000000005,0.010000000000000004,0.010000000000000004,0.010000000000000004,0.010000000000000004,0.010000000000000004,0.010000000000000002,0.010000000000000002,0.010000000000000002,0.010000000000000002,0.010000000000000002,0.010000000000000002,0.010000000000000002,0.010000000000000002,0.010000000000000002,0.010000000000000002,0.010000000000000002,0.01,0.01,0.01,0.01,0.01,0.01,0.01,0.01,0.009999999999999998,0.009999999999999998,0.009999999999999998,0.009999999999999998,0.009999999999999997,0.009999999999999997,0.009999999999999995]]",32.0,32.00000000000001,31.999999999999968,1.0000000000000002,0.999999999999999,0.9999999999999988,0.00012600018390138755,0.3297700011375251,0.00222738961168558,1,3.479944116807786,2.1757091732102114,1.599452794360932,1.875153131239175e-10,2.9992189156151493e-10,32,7,2
43,MNISTPatchClassifier,MNIST patch filters=32 kernel=7 stride=2 lr=1e-02,1.0,0.01,Muon,0,3,512,64,2.3022598798486498,0.8984375,full_patch_and_classifier_activation,"[[0.010000000000000002,0.01,0.009999999999999998,0.009999999999999998,0.009999999999999998,0.009999999999999997,0.009999999999999997,0.009999999999999995,0.009999999999999995,0.009999999999999992]]",10.0,10.0,9.999999999999991,1.0,0.9999999999999991,0.9999999999999991,0.0001281148784635289,0.4000864002128049,0.004051348181004046,2,1.6006912763524062,1.0056349717030857,1.5917219681029662,3.05385582495877e-05,4.8608894040060815e-05,32,7,2
42,MNISTPatchClassifier,MNIST patch filters=32 kernel=7 stride=2 lr=1e-02,1.0,0.01,Adam,0,4,512,64,2.3008572022280624,0.8984375,full_patch_and_classifier_activation,"[[0.057824457026650504,0.014924956254459125,0.01054058848193398,0.008874387817078052,0.006343670418579413,0.0054689695649420425,0.0041484704093120404,0.0033404372243788947,0.003048359545354063,0.0021332617008077317,0.002089949279896478,0.001783358904425769,0.0015352553853201763,0.001128612948838538,0.0010271991633177126,0.0008368507537181013,0.0007829204203770954,0.0007386463487729575,0.00047838774158215705,0.0004465272541903436,0.00032122004553700173,0.0002815009957050591,0.00023838096614473835,0.0002003698901139788,0.00015697953602265334,0.00014138933063338114,0.00011309836477759415,8.050943057391505e-05,7.082182950773826e-05,5.1746528047984864e-05,3.9394050332874176e-05,2.6331608578546582e-05]]",32.0,4.299460374573499,1.1614547441405565,0.13435813670542185,0.03629546075439239,0.27013965543426394,0.0006377759940209588,0.7584143271211238,0.010234236736001413,1,1.7177389431965275,2.1757091732102114,0.7895076071504727,7.484529622073477e-10,5.909093072570062e-10,32,7,2
42,MNISTPatchClassifier,MNIST patch filters=32 kernel=7 stride=2 lr=1e-02,1.0,0.01,Adam,0,4,512,64,2.3008572022280624,0.8984375,full_patch_and_classifier_activation,"[[0.02452609343100179,0.009612706210679453,0.0062378447050433095,0.003624820958111864,0.002440494255117084,0.0017562609666009988,0.0014499896491416153,0.0011331057099954194,0.0007607341248850255,0.0007213823984527098]]",10.0,3.59635630480496,1.26263082663669,0.359635630480496,0.12626308266366898,0.3510861326364507,0.0004778068670032555,0.541515288360303,0.017337473673852334,2,1.1363602899277354,1.0005119376200575,1.1357788420104449,3.416838081297868e-05,3.880772399313683e-05,32,7,2
43,MNISTPatchClassifier,MNIST patch filters=32 kernel=7 stride=2 lr=1e-02,1.0,0.01,Muon,0,4,512,64,2.302141876566353,0.8984375,full_patch_and_classifier_activation,"[[0.010000000000000007,0.010000000000000004,0.010000000000000002,0.010000000000000002,0.010000000000000002,0.010000000000000002,0.01,0.01,0.01,0.01,0.01,0.01,0.01,0.009999999999999998,0.009999999999999998,0.009999999999999998,0.009999999999999998,0.009999999999999998,0.009999999999999998,0.009999999999999998,0.009999999999999997,0.009999999999999997,0.009999999999999997,0.009999999999999997,0.009999999999999997,0.009999999999999997,0.009999999999999995,0.009999999999999995,0.009999999999999995,0.009999999999999995,0.009999999999999993,0.00999999999999999]]",32.0,32.0,31.999999999999943,1.0,0.9999999999999982,0.9999999999999982,0.00014800228633414747,0.3256179009470376,0.0026163355074497203,1,3.3928645573489478,2.1757091732102114,1.5594292652371595,2.653609278805278e-10,4.1381159678738227e-10,32,7,2
43,MNISTPatchClassifier,MNIST patch filters=32 kernel=7 stride=2 lr=1e-02,1.0,0.01,Muon,0,4,512,64,2.302141876566353,0.8984375,full_patch_and_classifier_activation,"[[0.010000000000000002,0.01,0.009999999999999997,0.009999999999999997,0.009999999999999997,0.009999999999999997,0.009999999999999995,0.009999999999999995,0.009999999999999995,0.009999999999999992]]",10.0,10.000000000000002,9.999999999999988,1.0000000000000002,0.9999999999999988,0.9999999999999986,0.0001491525090147766,0.38672467032538604,0.0047166164721549105,2,1.4955597063827875,1.0055630433365434,1.4872858706306404,3.4607653722385804e-05,5.14714743969823e-05,32,7,2
42,MNISTPatchClassifier,MNIST patch filters=32 kernel=7 stride=2 lr=1e-02,1.0,0.01,Adam,0,5,512,64,2.3028969704644555,0.8984375,full_patch_and_classifier_activation,,,,,,,,,,,1,2.074726177049743,2.1757091732102114,0.9535861697859782,2.0293464834173808e-10,1.9351567402906241e-10,32,7,2
42,MNISTPatchClassifier,MNIST patch filters=32 kernel=7 stride=2 lr=1e-02,1.0,0.01,Adam,0,5,512,64,2.3028969704644555,0.8984375,full_patch_and_classifier_activation,,,,,,,,,,,2,1.137806262630316,1.0003795315844128,1.1373745930489452,2.608277541959686e-05,2.9665886078451018e-05,32,7,2
43,MNISTPatchClassifier,MNIST patch filters=32 kernel=7 stride=2 lr=1e-02,1.0,0.01,Muon,0,5,512,64,2.302632143157712,0.8984375,full_patch_and_classifier_activation,,,,,,,,,,,1,2.9933046133230166,2.1757091732102114,1.3757834227938015,2.717008060363856e-10,3.738014649045733e-10,32,7,2
43,MNISTPatchClassifier,MNIST patch filters=32 kernel=7 stride=2 lr=1e-02,1.0,0.01,Muon,0,5,512,64,2.302632143157712,0.8984375,full_patch_and_classifier_activation,,,,,,,,,,,2,1.580983946148415,1.0052753329076525,1.5726874960470643,2.5852082221765694e-05,4.0657246456951514e-05,32,7,2
44,MNISTPatchClassifier,MNIST patch filters=32 kernel=7 stride=2 lr=1e-02,1.0,0.01,Adam,1,0,512,64,2.3025671770494394,0.931640625,full_patch_and_classifier_activation,"[[0.045314278940928106,0.01901695011741258,0.015554543031178213,0.014947014779931201,0.01142775018404382,0.00959635542084319,0.008462911476988532,0.007905803634871514,0.0072764573956699465,0.0064965613163404014,0.005615992731100544,0.005535376538782841,0.004929539593813892,0.004616312221027777,0.0037950109407869073,0.003527409031231024,0.003063180223866119,0.0023291520020780236,0.0021097408516217754,5.615017929021269e-06,1.3659949375999461e-06,1.055701544268103e-06,8.236833278106648e-07,6.90957147450252e-07,4.0246235055537406e-07,2.3644749241278826e-07,1.2136778816017515e-07,7.113678532891144e-08,4.7903752938134375e-08,4.551257708279406e-08,1.5666545691740194e-08,9.839658509170723e-09]]",32.0,9.452437898112061,1.6978013107079668,0.2953886843160019,0.05305629095962396,0.17961517748210432,0.00017864482912156003,0.6791100883770849,0.00302560301365581,1,3.943036540347834,2.188943934324429,1.8013419523989627,8.393731731829435e-11,1.5119981105726763e-10,32,7,2
44,MNISTPatchClassifier,MNIST patch filters=32 kernel=7 stride=2 lr=1e-02,1.0,0.01,Adam,1,0,512,64,2.3025671770494394,0.931640625,full_patch_and_classifier_activation,"[[0.02241048750171878,0.009402455440731849,0.007459531989356391,0.0058372513902692,0.004118224451246911,0.003722557559479091,0.0016095627304770883,4.767692016831443e-06,1.4104486856513554e-06,2.402086007965649e-07]]",10.0,4.171560103331156,1.4211859805591194,0.41715601033311556,0.14211859805591193,0.34068452697690876,7.505562953989952e-05,0.6827352251915034,0.0028093542822725747,2,2.146500316419094,1.0072136850261864,2.1311270372217863,8.866184274665213e-06,1.889496502472967e-05,32,7,2
45,MNISTPatchClassifier,MNIST patch filters=32 kernel=7 stride=2 lr=1e-02,1.0,0.01,Muon,1,0,512,64,2.3025671770494394,0.931640625,full_patch_and_classifier_activation,"[[0.010000000000000005,0.010000000000000004,0.010000000000000004,0.010000000000000002,0.010000000000000002,0.01,0.01,0.01,0.01,0.01,0.009999999999999998,0.009999999999999998,0.009999999999999998,0.009999999999999998,0.009999999999999998,0.009999999999999998,0.009999999999999998,0.009999999999999998,0.009999999999999997,0.009999999999999997,0.009999999999999997,0.009999999999999997,0.009999999999999997,0.009999999999999997,0.009999999999999997,0.009999999999999995,0.009999999999999995,0.009999999999999995,0.009999999999999993,0.009999999999999993,0.009999999999999992,0.00999999999999999]]",32.0,32.0,31.999999999999954,1.0,0.9999999999999986,0.9999999999999986,8.846819425134257e-05,0.3510269104867455,0.001563911501861327,1,3.943036540347834,2.188943934324429,1.8013419523989627,8.393731731829435e-11,1.5119981105726763e-10,32,7,2
45,MNISTPatchClassifier,MNIST patch filters=32 kernel=7 stride=2 lr=1e-02,1.0,0.01,Muon,1,0,512,64,2.3025671770494394,0.931640625,full_patch_and_classifier_activation,"[[0.010000000000000005,0.010000000000000005,0.01,0.01,0.01,0.01,0.009999999999999998,0.009999999999999998,0.009999999999999998,0.009999999999999997]]",10.0,9.999999999999998,9.99999999999999,0.9999999999999998,0.9999999999999989,0.9999999999999991,6.028644550889016e-05,0.46330339049256825,0.0019064247984372164,2,2.146500316419094,1.0072136850261864,2.1311270372217863,8.866184274665213e-06,1.889496502472967e-05,32,7,2
44,MNISTPatchClassifier,MNIST patch filters=32 kernel=7 stride=2 lr=1e-02,1.0,0.01,Adam,1,1,512,64,2.302368516132135,0.91015625,full_patch_and_classifier_activation,"[[0.047920546226185044,0.018025469108143916,0.01571273586290629,0.012401097553907175,0.00997662396474279,0.008614472597357889,0.007551778775190989,0.0060483935812957286,0.005597009411217755,0.00548668097929833,0.004462943279721126,0.003994407402696021,0.003854930195824503,0.003781148613355955,0.0027243522093632045,0.002622834142166203,0.002394275373428236,0.00204767196790772,0.0016285049529045463,0.0015411392045417114,0.0011243616551394522,0.000831250430958101,0.0007635096491016517,0.0005058676363315338,0.0002914663259486143,0.0002396138302239605,0.00018559921039739262,0.0001467627758467928,0.0001269354711127284,0.00011064373540774217,6.949632827804547e-05,3.5428485020159425e-05]]",32.0,8.46234945459868,1.501524907476764,0.26444842045620875,0.046922653358648876,0.1774359373283495,0.0002491714092049558,0.6315346710090811,0.0042433629320050474,1,2.825450633931177,2.188943934324429,1.2907825502635326,1.9091388749548968e-10,2.464283145821533e-10,32,7,2
44,MNISTPatchClassifier,MNIST patch filters=32 kernel=7 stride=2 lr=1e-02,1.0,0.01,Adam,1,1,512,64,2.302368516132135,0.91015625,full_patch_and_classifier_activation,"[[0.023936397658984077,0.009818364730192465,0.006839528890660544,0.0045203959740324415,0.0036057881233652776,0.002553332064574852,0.0021915345684545653,0.0014695234746907738,0.0010590193245499765,0.00038016376586090994]]",10.0,4.158019854122831,1.3339953309229502,0.4158019854122831,0.13339953309229502,0.32082466600063114,0.00016732171763632518,0.544614907274676,0.006052243158366912,2,1.3910418763921601,1.0039902898869844,1.38551327677556,3.2349472826920424e-05,4.482062409838846e-05,32,7,2
45,MNISTPatchClassifier,MNIST patch filters=32 kernel=7 stride=2 lr=1e-02,1.0,0.01,Muon,1,1,512,64,2.3024920269366627,0.91015625,full_patch_and_classifier_activation,"[[0.010000000000000007,0.010000000000000007,0.010000000000000005,0.010000000000000005,0.010000000000000004,0.010000000000000004,0.010000000000000004,0.010000000000000004,0.010000000000000002,0.010000000000000002,0.010000000000000002,0.010000000000000002,0.010000000000000002,0.01,0.01,0.01,0.01,0.01,0.01,0.01,0.01,0.01,0.01,0.01,0.01,0.009999999999999998,0.009999999999999998,0.009999999999999998,0.009999999999999998,0.009999999999999997,0.009999999999999997,0.009999999999999993]]",32.0,32.00000000000001,31.99999999999996,1.0000000000000002,0.9999999999999988,0.9999999999999986,0.00011171453656513126,0.3221386081041819,0.0019748526590579202,1,3.3207450506015874,2.188943934324429,1.5170534971360354,1.5892616484885773e-10,2.410994941703777e-10,32,7,2
45,MNISTPatchClassifier,MNIST patch filters=32 kernel=7 stride=2 lr=1e-02,1.0,0.01,Muon,1,1,512,64,2.3024920269366627,0.91015625,full_patch_and_classifier_activation,"[[0.009999999999999997,0.009999999999999997,0.009999999999999997,0.009999999999999997,0.009999999999999997,0.009999999999999995,0.009999999999999995,0.009999999999999995,0.009999999999999995,0.009999999999999992]]",10.0,9.999999999999998,9.999999999999998,0.9999999999999998,0.9999999999999998,1.0,0.00010080470801785492,0.38956481752882494,0.003187724762046591,2,1.5176074705626643,1.007312658030989,1.506590290971978,3.1723845610493975e-05,4.7794837789064235e-05,32,7,2
44,MNISTPatchClassifier,MNIST patch filters=32 kernel=7 stride=2 lr=1e-02,1.0,0.01,Adam,1,2,512,64,2.302244335561559,0.88671875,full_patch_and_classifier_activation,"[[0.05167582657492339,0.017115599081975175,0.013762770029293523,0.010281186723026803,0.00829802426379594,0.007249431328739905,0.00573237728925031,0.005261751074810865,0.004910996161825319,0.004158859578458579,0.0033388028614367176,0.0031361737563604737,0.0023884626498874863,0.002316887592652748,0.0018922031464910297,0.0017579478380782556,0.0014848875668864172,0.0011888887562615431,0.001068040870293581,0.000897806343921568,0.0008161543980124577,0.0005678928963223334,0.0004554605564414801,0.00035486864680481223,0.0003240722706043064,0.00022834258573559658,0.00019795751400777259,0.00012543826433105408,8.346122346285544e-05,6.319892081708488e-05,3.369505071789263e-05,3.106229150881598e-05]]",32.0,6.480494652175078,1.3210282532451325,0.20251545788047118,0.04128213291391039,0.203846824069479,0.0002704893669402544,0.6994161506423576,0.004554143514004826,1,2.7638510947404162,2.188943934324429,1.262641336491526,1.792890112757192e-10,2.263777168154184e-10,32,7,2
44,MNISTPatchClassifier,MNIST patch filters=32 kernel=7 stride=2 lr=1e-02,1.0,0.01,Adam,1,2,512,64,2.302244335561559,0.88671875,full_patch_and_classifier_activation,"[[0.024120813639585716,0.0073815915939261,0.006897664364217628,0.005109313823886855,0.003392903465600553,0.0029769596906472342,0.002264422950343321,0.001547528526002965,0.0010906269831034204,0.0006734048435878219]]",10.0,4.158462731097841,1.2710665791060092,0.4158462731097841,0.1271066579106009,0.30565780224521705,0.0002196565922445835,0.5117697599525214,0.008077335805761145,2,1.2822842953402984,1.0016620761750632,1.2801565775923318,2.969205303887074e-05,3.8010476999930755e-05,32,7,2
45,MNISTPatchClassifier,MNIST patch filters=32 kernel=7 stride=2 lr=1e-02,1.0,0.01,Muon,1,2,512,64,2.3023972631381415,0.88671875,full_patch_and_classifier_activation,"[[0.010000000000000005,0.010000000000000005,0.010000000000000005,0.010000000000000004,0.010000000000000002,0.010000000000000002,0.010000000000000002,0.010000000000000002,0.010000000000000002,0.01,0.01,0.01,0.01,0.01,0.01,0.01,0.01,0.01,0.01,0.009999999999999998,0.009999999999999998,0.009999999999999998,0.009999999999999998,0.009999999999999998,0.009999999999999997,0.009999999999999997,0.009999999999999997,0.009999999999999997,0.009999999999999997,0.009999999999999997,0.009999999999999997,0.009999999999999992]]",32.0,31.999999999999986,31.999999999999964,0.9999999999999996,0.9999999999999989,0.9999999999999993,0.00012295589973315574,0.3396515199585287,0.0021735737622051907,1,3.691620960324442,2.188943934324429,1.6864849311290298,1.731781922557665e-10,2.920624116395163e-10,32,7,2
45,MNISTPatchClassifier,MNIST patch filters=32 kernel=7 stride=2 lr=1e-02,1.0,0.01,Muon,1,2,512,64,2.3023972631381415,0.88671875,full_patch_and_classifier_activation,"[[0.01,0.01,0.009999999999999998,0.009999999999999997,0.009999999999999997,0.009999999999999997,0.009999999999999997,0.009999999999999995,0.009999999999999993,0.009999999999999993]]",10.0,10.0,9.999999999999993,1.0,0.9999999999999993,0.9999999999999993,0.00010875155871000167,0.4060065316100502,0.003439026246171284,2,1.648413037100226,1.0079780717548628,1.6353659700457404,2.9542840611570945e-05,4.8313356194648405e-05,32,7,2
44,MNISTPatchClassifier,MNIST patch filters=32 kernel=7 stride=2 lr=1e-02,1.0,0.01,Adam,1,3,512,64,2.302001017965758,0.88671875,full_patch_and_classifier_activation,"[[0.05170586599936665,0.01981212465084089,0.012352684239038209,0.010103311208191348,0.008768572707072517,0.0069478879404268,0.005855222566736695,0.005066093063662669,0.004629709892312632,0.003739242771687213,0.003354850726658842,0.0029013648598968014,0.002500728790452655,0.002070654521984078,0.0017808141361182579,0.0015629577751552503,0.001523078879200872,0.0012199549891330865,0.0009038396694386904,0.0008830628204772718,0.0007075537340405035,0.0005544103266605693,0.0004291587915744212,0.00035853616094300237,0.00030555794675393006,0.00025714315712783287,0.00021704188335096595,0.00012606871053250036,0.0001178563767474876,0.00010593112303907798,6.472812162275009e-05,3.5548870337999715e-05]]",32.0,6.358974512937784,1.3404975305293476,0.19871795352930574,0.04189054782904211,0.2108040420357104,0.00026752139875357877,0.5199702802749095,0.004468746315174029,1,2.3281878937477636,2.188943934324429,1.06361239191186,3.123387873201597e-10,3.322074046684449e-10,32,7,2
44,MNISTPatchClassifier,MNIST patch filters=32 kernel=7 stride=2 lr=1e-02,1.0,0.01,Adam,1,3,512,64,2.302001017965758,0.88671875,full_patch_and_classifier_activation,"[[0.02577468160106679,0.007261470995892228,0.0068875770172942136,0.004496870899866645,0.0034822180836634868,0.002814063055696513,0.0023183019071991154,0.0018504891589498742,0.001576815273845709,0.0008717463697894773]]",10.0,4.024436193493805,1.2295221878952234,0.40244361934938044,0.12295221878952234,0.30551414627543555,0.00039592030675854333,0.5457447163140375,0.013853078111204198,2,1.2222916914605297,1.0010888614491282,1.2209622327544418,3.813909169119044e-05,4.6566390546502264e-05,32,7,2
45,MNISTPatchClassifier,MNIST patch filters=32 kernel=7 stride=2 lr=1e-02,1.0,0.01,Muon,1,3,512,64,2.3024007527917467,0.88671875,full_patch_and_classifier_activation,"[[0.010000000000000009,0.010000000000000004,0.010000000000000004,0.010000000000000002,0.010000000000000002,0.010000000000000002,0.010000000000000002,0.010000000000000002,0.010000000000000002,0.010000000000000002,0.010000000000000002,0.010000000000000002,0.010000000000000002,0.010000000000000002,0.010000000000000002,0.010000000000000002,0.010000000000000002,0.010000000000000002,0.010000000000000002,0.010000000000000002,0.010000000000000002,0.009999999999999998,0.009999999999999998,0.009999999999999998,0.009999999999999998,0.009999999999999998,0.009999999999999997,0.009999999999999997,0.009999999999999997,0.009999999999999995,0.009999999999999995,0.009999999999999995]]",32.0,32.0,31.999999999999943,1.0,0.9999999999999982,0.9999999999999982,0.00014363157779435313,0.3010749886561619,0.002539071566272755,1,2.900676761417858,2.188943934324429,1.3251489523933788,3.0075446780070447e-10,3.985444679337317e-10,32,7,2
45,MNISTPatchClassifier,MNIST patch filters=32 kernel=7 stride=2 lr=1e-02,1.0,0.01,Muon,1,3,512,64,2.3024007527917467,0.88671875,full_patch_and_classifier_activation,"[[0.010000000000000005,0.010000000000000005,0.010000000000000004,0.010000000000000004,0.010000000000000002,0.010000000000000002,0.010000000000000002,0.01,0.009999999999999998,0.009999999999999998]]",10.0,10.0,9.999999999999993,1.0,0.9999999999999993,0.9999999999999993,0.00013741938940336422,0.40329800944236865,0.004345582651842379,2,1.6264928442017692,1.008110313706771,1.61340760240934,3.926086342419273e-05,6.334377552574735e-05,32,7,2
44,MNISTPatchClassifier,MNIST patch filters=32 kernel=7 stride=2 lr=1e-02,1.0,0.01,Adam,1,4,512,64,2.30062322787094,0.88671875,full_patch_and_classifier_activation,"[[0.056793479996066716,0.01663327080131795,0.011399347896783159,0.00923250801840402,0.007006273466557109,0.005761655060199582,0.004434589802904414,0.0034858073493400812,0.0031707859335586785,0.0025704792608976018,0.0024198817280981053,0.002135821444630106,0.0016457409192380903,0.00140315009326462,0.001314828618061038,0.0010331055505559035,0.0009167241025309286,0.0008250085575160147,0.0007293423752407736,0.0005953032270518917,0.00048369645767734176,0.0004584171700966924,0.00029584466444394173,0.00023157609071793205,0.00016681749127524692,0.00014326576077402603,9.771377111191162e-05,6.708674512788321e-05,5.862995765626834e-05,4.330394739548761e-05,3.3617249325254954e-05,3.0218331285394785e-05]]",32.0,4.753616230120247,1.1995243172972168,0.14855050719125773,0.037485134915538024,0.25233932636309464,0.0006318785186844661,0.8423143791132884,0.010158523330346066,1,1.9502353265292294,2.188943934324429,0.8909480484849093,6.150696480728378e-10,5.479951026327949e-10,32,7,2
44,MNISTPatchClassifier,MNIST patch filters=32 kernel=7 stride=2 lr=1e-02,1.0,0.01,Adam,1,4,512,64,2.30062322787094,0.88671875,full_patch_and_classifier_activation,"[[0.025470476247317398,0.0067540990592073824,0.004942602968608747,0.004408694539173448,0.003494835532674346,0.0022031366055128686,0.0017675634585153455,0.0015745136794648841,0.0012940823081915027,0.0009887306111643504]]",10.0,3.6648130666791516,1.1769678916004884,0.3664813066679152,0.11769678916004885,0.32115359506371516,0.0003362251871322355,0.534188894198678,0.012167766609287195,2,1.276720538045465,1.0008446521652603,1.2756430633698903,1.7448670304773607e-05,2.225827523931264e-05,32,7,2
45,MNISTPatchClassifier,MNIST patch filters=32 kernel=7 stride=2 lr=1e-02,1.0,0.01,Muon,1,4,512,64,2.302114111754025,0.84765625,full_patch_and_classifier_activation,"[[0.010000000000000005,0.010000000000000004,0.010000000000000004,0.010000000000000004,0.010000000000000002,0.010000000000000002,0.010000000000000002,0.01,0.01,0.01,0.01,0.01,0.01,0.01,0.009999999999999998,0.009999999999999998,0.009999999999999998,0.009999999999999998,0.009999999999999998,0.009999999999999998,0.009999999999999998,0.009999999999999998,0.009999999999999998,0.009999999999999998,0.009999999999999997,0.009999999999999997,0.009999999999999997,0.009999999999999995,0.009999999999999995,0.009999999999999995,0.009999999999999995,0.009999999999999995]]",32.0,31.999999999999996,31.999999999999957,0.9999999999999999,0.9999999999999987,0.9999999999999988,0.0001283011109056401,0.3192169190840034,0.002268064638878635,1,3.260782125743466,2.188943934324429,1.4896599563888955,2.1347676485444848e-10,3.1800778822312025e-10,32,7,2
45,MNISTPatchClassifier,MNIST patch filters=32 kernel=7 stride=2 lr=1e-02,1.0,0.01,Muon,1,4,512,64,2.302114111754025,0.84765625,full_patch_and_classifier_activation,"[[0.010000000000000005,0.010000000000000002,0.010000000000000002,0.01,0.01,0.01,0.01,0.009999999999999998,0.009999999999999997,0.009999999999999995]]",10.0,9.999999999999998,9.99999999999999,0.9999999999999998,0.9999999999999989,0.9999999999999991,0.00010397159087383221,0.43872232517827925,0.0032878703911248617,2,1.9247727860983563,1.0087022418721299,1.9081674514037157,1.7284826693347176e-05,3.298234369939919e-05,32,7,2
44,MNISTPatchClassifier,MNIST patch filters=32 kernel=7 stride=2 lr=1e-02,1.0,0.01,Adam,1,5,512,64,2.3007381402652363,0.88671875,full_patch_and_classifier_activation,,,,,,,,,,,1,2.335487773689337,2.188943934324429,1.0669472785789444,4.091384867494839e-10,4.365291949992694e-10,32,7,2
44,MNISTPatchClassifier,MNIST patch filters=32 kernel=7 stride=2 lr=1e-02,1.0,0.01,Adam,1,5,512,64,2.3007381402652363,0.88671875,full_patch_and_classifier_activation,,,,,,,,,,,2,1.1737086276266895,1.0005759818168503,1.1730329819585157,3.364484304051211e-05,3.9466510559338145e-05,32,7,2
45,MNISTPatchClassifier,MNIST patch filters=32 kernel=7 stride=2 lr=1e-02,1.0,0.01,Muon,1,5,512,64,2.302034481383415,0.88671875,full_patch_and_classifier_activation,,,,,,,,,,,1,4.118136428165201,2.188943934324429,1.881334813372539,2.2107857244924637e-10,4.159228148394703e-10,32,7,2
45,MNISTPatchClassifier,MNIST patch filters=32 kernel=7 stride=2 lr=1e-02,1.0,0.01,Muon,1,5,512,64,2.302034481383415,0.88671875,full_patch_and_classifier_activation,,,,,,,,,,,2,1.6928411476698586,1.0085682118003498,1.6784597490417072,3.535222051997407e-05,5.933727918202277e-05,32,7,2
46,MNISTPatchClassifier,MNIST patch filters=32 kernel=7 stride=2 lr=1e-02,1.0,0.01,Adam,2,0,512,64,2.3027285849661085,0.91015625,full_patch_and_classifier_activation,"[[0.055076480134083415,0.011217353459842648,0.010106290219859534,0.007826777028260411,0.007711906679605677,0.006745842788298807,0.004615808751191641,0.003808311936876314,0.003367123088529493,0.0026617702259107406,0.0024742921622763294,8.768064663826898e-06,4.270772200284844e-06,3.6926331720005197e-06,3.064159341630385e-06,9.70953097614063e-07,7.994444309123176e-07,6.34666927826361e-07,5.678743701503933e-07,3.563837161778086e-07,3.3786342398995304e-07,2.904534421396187e-07,2.6179023919376364e-07,2.1289129702582727e-07,1.0699839498739375e-07,5.7540210786838536e-08,4.157795827359021e-08,3.186740066499397e-08,1.780052350380615e-08,1.4736171097443298e-08,9.758820652649107e-09,8.192538601288479e-09]]",32.0,3.833681959292184,1.149850126439265,0.11980256122788074,0.035932816451227034,0.29993362481523195,0.00031371173849656934,0.7543848255823247,0.005311827628867852,1,3.5293476323643413,2.2237839628733282,1.5870910534870968,2.1555265523564306e-10,3.421016906798777e-10,32,7,2
46,MNISTPatchClassifier,MNIST patch filters=32 kernel=7 stride=2 lr=1e-02,1.0,0.01,Adam,2,0,512,64,2.3027285849661085,0.91015625,full_patch_and_classifier_activation,"[[0.024821147792655426,0.0058224166373549826,0.005119650069104457,0.004303245483251369,0.0033063820207552327,0.002524351768340407,1.1035728557137313e-07,9.069655852682751e-08,2.7462262698852304e-08,2.4888409908534854e-08]]",10.0,2.9585774153766766,1.1557140756242013,0.29585774153766764,0.11557140756242013,0.39063168319259933,0.00014531525665562305,0.6017465476595806,0.005445830895572668,2,1.4058618413073456,1.0085171713097116,1.3939889982057738,4.420610388578238e-05,6.162282247032214e-05,32,7,2
47,MNISTPatchClassifier,MNIST patch filters=32 kernel=7 stride=2 lr=1e-02,1.0,0.01,Muon,2,0,512,64,2.3027285849661085,0.91015625,full_patch_and_classifier_activation,"[[0.010000000000000009,0.010000000000000007,0.010000000000000005,0.010000000000000004,0.010000000000000004,0.010000000000000004,0.010000000000000004,0.010000000000000004,0.010000000000000002,0.010000000000000002,0.010000000000000002,0.010000000000000002,0.010000000000000002,0.010000000000000002,0.010000000000000002,0.010000000000000002,0.010000000000000002,0.010000000000000002,0.010000000000000002,0.010000000000000002,0.010000000000000002,0.010000000000000002,0.009999999999999998,0.009999999999999998,0.009999999999999998,0.009999999999999998,0.009999999999999998,0.009999999999999998,0.009999999999999998,0.009999999999999998,0.009999999999999997,0.009999999999999993]]",32.0,32.00000000000001,31.999999999999947,1.0000000000000002,0.9999999999999983,0.9999999999999981,0.00013228123723985197,0.3321025647467747,0.002338423996901144,1,3.5293476323643413,2.2237839628733282,1.5870910534870968,2.1555265523564306e-10,3.421016906798777e-10,32,7,2
47,MNISTPatchClassifier,MNIST patch filters=32 kernel=7 stride=2 lr=1e-02,1.0,0.01,Muon,2,0,512,64,2.3027285849661085,0.91015625,full_patch_and_classifier_activation,"[[0.010000000000000002,0.010000000000000002,0.010000000000000002,0.009999999999999998,0.009999999999999998,0.009999999999999998,0.009999999999999998,0.009999999999999997,0.009999999999999995,0.009999999999999995]]",10.0,10.0,9.999999999999993,1.0,0.9999999999999993,0.9999999999999993,0.00010730547114751724,0.37494824193578324,0.0033932969422363645,2,1.4058618413073456,1.0085171713097116,1.3939889982057738,4.420610388578238e-05,6.162282247032214e-05,32,7,2
46,MNISTPatchClassifier,MNIST patch filters=32 kernel=7 stride=2 lr=1e-02,1.0,0.01,Adam,2,1,512,64,2.302389908706166,0.888671875,full_patch_and_classifier_activation,"[[0.05605285840771422,0.011726139359401882,0.009047311680814981,0.008347816424529274,0.006756139322711144,0.006280375525009391,0.004999677442927774,0.004105642639033697,0.0037967215890597514,0.0031118765437243927,0.0020471310713962654,0.001643878287821827,0.0014310644493110405,0.001351247324122274,0.0011032810166496999,0.0009322659277204648,0.0007660057238917029,0.0005619593092863932,0.0005171166499597829,0.00047999230494780816,0.0004391814534289135,0.00031885612433007234,0.0003101793759232039,0.0002713785514175219,0.0002427952446231102,0.00020219267174099325,0.0001768802338084964,0.00012781657847528715,0.00010211587848182958,8.191242769727522e-05,7.983038415057138e-05,5.354205526020453e-05]]",32.0,4.517051882121915,1.1448076774960627,0.14115787131630986,0.03577523992175196,0.25344133903511457,0.00026174795314642756,0.6664339082729287,0.004364346901021283,1,2.9467535728128342,2.2237839628733282,1.3251078441115136,1.864557035094335e-10,2.47073915299681e-10,32,7,2
46,MNISTPatchClassifier,MNIST patch filters=32 kernel=7 stride=2 lr=1e-02,1.0,0.01,Adam,2,1,512,64,2.302389908706166,0.888671875,full_patch_and_classifier_activation,"[[0.02494559501385639,0.007843100810544549,0.0058936176163846225,0.003400134578203911,0.0023998018992283945,0.0016479855634620995,0.0011644832897866855,0.0007924290822917421,0.00060672427728154,0.00027631515569224047]]",10.0,3.236292101840454,1.1907705408339735,0.3236292101840454,0.11907705408339735,0.36794285044813835,0.00013727671190382718,0.47926372919768595,0.005042999904726415,2,1.3949264785148887,1.0047588916052288,1.3883196159491737,3.8677950931433155e-05,5.369735798282826e-05,32,7,2
47,MNISTPatchClassifier,MNIST patch filters=32 kernel=7 stride=2 lr=1e-02,1.0,0.01,Muon,2,1,512,64,2.302471139948364,0.91015625,full_patch_and_classifier_activation,"[[0.010000000000000002,0.010000000000000002,0.010000000000000002,0.010000000000000002,0.010000000000000002,0.010000000000000002,0.010000000000000002,0.010000000000000002,0.010000000000000002,0.010000000000000002,0.010000000000000002,0.010000000000000002,0.009999999999999998,0.009999999999999998,0.009999999999999998,0.009999999999999998,0.009999999999999998,0.009999999999999998,0.009999999999999998,0.009999999999999998,0.009999999999999998,0.009999999999999998,0.009999999999999998,0.009999999999999998,0.009999999999999998,0.009999999999999998,0.009999999999999998,0.009999999999999998,0.009999999999999998,0.009999999999999998,0.009999999999999997,0.009999999999999995]]",32.0,31.999999999999993,31.999999999999982,0.9999999999999998,0.9999999999999994,0.9999999999999997,0.00012854481350101316,0.3230607248127981,0.0022723727328231606,1,3.3397834213302615,2.2237839628733282,1.5018470665715935,2.1510085188769099e-10,3.230485834245795e-10,32,7,2
47,MNISTPatchClassifier,MNIST patch filters=32 kernel=7 stride=2 lr=1e-02,1.0,0.01,Muon,2,1,512,64,2.302471139948364,0.91015625,full_patch_and_classifier_activation,"[[0.01,0.009999999999999998,0.009999999999999998,0.009999999999999997,0.009999999999999997,0.009999999999999995,0.009999999999999995,0.009999999999999993,0.009999999999999993,0.009999999999999993]]",10.0,10.000000000000002,9.999999999999991,1.0000000000000002,0.9999999999999991,0.9999999999999989,9.867045555617249e-05,0.39439011965476206,0.0031202337732392136,2,1.5554356648129772,1.008963709245738,1.5416170577391335,3.7361186770928323e-05,5.759664282344077e-05,32,7,2
46,MNISTPatchClassifier,MNIST patch filters=32 kernel=7 stride=2 lr=1e-02,1.0,0.01,Adam,2,2,512,64,2.302404084125698,0.888671875,full_patch_and_classifier_activation,"[[0.05902290313868769,0.010797509234691954,0.007350692185403728,0.006085312539863014,0.005178397468596102,0.00450922806807443,0.0037688900965239624,0.0034092585084636038,0.0030575708336051163,0.0024994706896324707,0.0022643965519825145,0.0019095267204319714,0.001589246103399816,0.0013286402446955061,0.001265520598813575,0.0010992017500329723,0.0009395430945248187,0.0008033654987710247,0.0006523915281909374,0.0005898390838773903,0.0005441784639380638,0.0004646540328954222,0.00040069076901110787,0.00035517593731884526,0.0003283966404114964,0.0002617337419957168,0.00018317855078860102,0.0001710809985773722,0.00013497365119320665,0.00011166165096278463,7.882814731774454e-05,5.510597972299678e-05]]",32.0,3.8671507283477573,1.0905578274969763,0.12084846026086742,0.03407993210928051,0.2820055136467147,0.00019694239610714434,0.46007149012589826,0.0031951724336648384,1,2.202644791377442,2.2237839628733282,0.9904940534472726,2.0969557982818147e-10,2.0770222485399159e-10,32,7,2
46,MNISTPatchClassifier,MNIST patch filters=32 kernel=7 stride=2 lr=1e-02,1.0,0.01,Adam,2,2,512,64,2.302404084125698,0.888671875,full_patch_and_classifier_activation,"[[0.022837353617422226,0.008056586176716453,0.004672032240708451,0.00404088319115329,0.0028994476976524908,0.002264988958460361,0.0016791130352742185,0.0009034045106930551,0.0005408419016382809,0.00046688382817294035]]",10.0,3.6413883998248977,1.2315203683559661,0.36413883998248975,0.12315203683559661,0.33820077210527333,0.00017137079327015216,0.4280708789477882,0.006761923153514671,2,1.197756139366944,1.0013068259750506,1.1961929233834947,3.855370061558878e-05,4.6117663846613184e-05,32,7,2
47,MNISTPatchClassifier,MNIST patch filters=32 kernel=7 stride=2 lr=1e-02,1.0,0.01,Muon,2,2,512,64,2.3024179389312365,0.888671875,full_patch_and_classifier_activation,"[[0.010000000000000005,0.010000000000000005,0.010000000000000004,0.010000000000000004,0.010000000000000004,0.010000000000000002,0.010000000000000002,0.010000000000000002,0.010000000000000002,0.010000000000000002,0.010000000000000002,0.010000000000000002,0.010000000000000002,0.010000000000000002,0.01,0.01,0.01,0.01,0.01,0.01,0.01,0.009999999999999998,0.009999999999999998,0.009999999999999998,0.009999999999999998,0.009999999999999998,0.009999999999999998,0.009999999999999998,0.009999999999999998,0.009999999999999998,0.009999999999999997,0.009999999999999997]]",32.0,32.000000000000014,31.999999999999964,1.0000000000000004,0.9999999999999989,0.9999999999999984,0.00012943844872115686,0.3291873231694616,0.0022881701209249293,1,3.4676573995352236,2.2237839628733282,1.5593499447017773,2.10059212784069e-10,3.2755582183893685e-10,32,7,2
47,MNISTPatchClassifier,MNIST patch filters=32 kernel=7 stride=2 lr=1e-02,1.0,0.01,Muon,2,2,512,64,2.3024179389312365,0.888671875,full_patch_and_classifier_activation,"[[0.010000000000000009,0.010000000000000004,0.010000000000000002,0.010000000000000002,0.010000000000000002,0.010000000000000002,0.010000000000000002,0.010000000000000002,0.009999999999999998,0.009999999999999998]]",10.0,9.999999999999998,9.999999999999986,0.9999999999999998,0.9999999999999986,0.9999999999999988,0.00011072372580028873,0.3887579253891954,0.003501391645488622,2,1.5113272455291134,1.0085643595824068,1.4984936074430333,3.968147090631048e-05,5.946243048704297e-05,32,7,2
46,MNISTPatchClassifier,MNIST patch filters=32 kernel=7 stride=2 lr=1e-02,1.0,0.01,Adam,2,3,512,64,2.3016710814740815,0.888671875,full_patch_and_classifier_activation,"[[0.060440290482527616,0.010610953661979916,0.008212734361575116,0.006815454834437338,0.005689202813393873,0.004490798564513969,0.003906136882933921,0.0034244524331760585,0.0032153772073343235,0.002635850588682902,0.0020564949594962865,0.0018732798370698297,0.0016326723694534474,0.001111219927045987,0.001081643493737804,0.0008945096998630059,0.0007518554716711837,0.0006869932388078589,0.0005778616175793614,0.0005344090296410148,0.0004350738240669606,0.0003970830863789452,0.00037434054349314976,0.0003021734839404194,0.00026232536087047553,0.00021558243805737997,0.0001745227170302785,0.00014624829185662936,0.00011326409236868469,9.386604011345994e-05,7.440769080541456e-05,7.128072184204342e-05]]",32.0,3.808132603188958,1.0928929589648375,0.11900414384965494,0.03415290496765117,0.2869892077942982,0.0003791507278217258,0.6110387340242123,0.006000625691203075,1,1.7076166295326924,2.2237839628733282,0.7678878245557175,4.192826673385339e-10,3.2196205529650537e-10,32,7,2
46,MNISTPatchClassifier,MNIST patch filters=32 kernel=7 stride=2 lr=1e-02,1.0,0.01,Adam,2,3,512,64,2.3016710814740815,0.888671875,full_patch_and_classifier_activation,"[[0.02300330571127475,0.00679018099995651,0.004812012655989637,0.004237954305835649,0.003238782532872137,0.001800490210795997,0.0015181330480455407,0.0009539892089779755,0.0009049183084084765,0.0003444126922903508]]",10.0,3.572926757200437,1.1986311377218497,0.3572926757200437,0.11986311377218498,0.3354759890631052,0.0002502728092857443,0.41509771381849603,0.009937580040152955,2,1.120781486781172,1.0004844507497903,1.1202387862612235,4.441553283675685e-05,4.9756002596194014e-05,32,7,2
47,MNISTPatchClassifier,MNIST patch filters=32 kernel=7 stride=2 lr=1e-02,1.0,0.01,Muon,2,3,512,64,2.3024000470956993,0.8828125,full_patch_and_classifier_activation,"[[0.010000000000000007,0.010000000000000007,0.010000000000000007,0.010000000000000005,0.010000000000000005,0.010000000000000004,0.010000000000000004,0.010000000000000004,0.010000000000000004,0.010000000000000004,0.010000000000000004,0.010000000000000004,0.010000000000000002,0.010000000000000002,0.010000000000000002,0.010000000000000002,0.010000000000000002,0.010000000000000002,0.010000000000000002,0.01,0.01,0.01,0.01,0.01,0.01,0.01,0.01,0.009999999999999998,0.009999999999999998,0.009999999999999998,0.009999999999999998,0.009999999999999997]]",32.0,32.00000000000001,31.999999999999964,1.0000000000000002,0.9999999999999989,0.9999999999999987,0.00014121714810099627,0.33628557692948113,0.0024963900760509856,1,3.6188156560254057,2.2237839628733282,1.6273233895209729,2.39585058723822e-10,3.898823698410313e-10,32,7,2
47,MNISTPatchClassifier,MNIST patch filters=32 kernel=7 stride=2 lr=1e-02,1.0,0.01,Muon,2,3,512,64,2.3024000470956993,0.8828125,full_patch_and_classifier_activation,"[[0.010000000000000007,0.010000000000000004,0.010000000000000002,0.010000000000000002,0.01,0.01,0.009999999999999998,0.009999999999999998,0.009999999999999997,0.009999999999999995]]",10.0,10.000000000000002,9.999999999999986,1.0000000000000002,0.9999999999999986,0.9999999999999984,0.0001308808562257168,0.38146757054844166,0.004138816077862938,2,1.455175073801302,1.0080533700753715,1.4435496343735248,4.609008525467741e-05,6.653332571763416e-05,32,7,2
46,MNISTPatchClassifier,MNIST patch filters=32 kernel=7 stride=2 lr=1e-02,1.0,0.01,Adam,2,4,512,64,2.3012060742950444,0.888671875,full_patch_and_classifier_activation,"[[0.06263386548195482,0.011221727799431404,0.009264696498961177,0.0066804790861961115,0.006018545143166079,0.004588204293633333,0.003989445270009374,0.003189003537352895,0.003052445047483682,0.002508022547076711,0.0021264271982475553,0.001628402513123399,0.0011650853461682537,0.0010761796126257776,0.0009407728102260663,0.0007918856532490161,0.0007310498916263948,0.0006421608534420818,0.0005279323906490558,0.00047181180627285695,0.00036932748705301204,0.0003169425762501919,0.00028562220396741763,0.00023538596634036538,0.0002088041987500797,0.00018063953849247936,0.0001328110175462629,9.551398119182482e-05,7.299303959544077e-05,7.204623534684583e-05,5.938294516376531e-05,4.620020216862215e-05]]",32.0,3.659804869712853,1.0939332752745856,0.11436890217852666,0.0341854148523308,0.29890480892234433,0.000505353819076312,0.7463445157281601,0.007714200464156412,1,1.4845269664230625,2.2237839628733282,0.6675679792676086,4.6446657626664336e-10,3.100630137556677e-10,32,7,2
46,MNISTPatchClassifier,MNIST patch filters=32 kernel=7 stride=2 lr=1e-02,1.0,0.01,Adam,2,4,512,64,2.3012060742950444,0.888671875,full_patch_and_classifier_activation,"[[0.023088809270572906,0.00911826440515421,0.00484107493895768,0.004559964516478833,0.0031416731943274363,0.0025000005887124708,0.0017296131260603575,0.0009900293693917686,0.0008584160815154462,0.0004645489739806759]]",10.0,3.860414440354406,1.2784064209247046,0.3860414440354406,0.12784064209247045,0.33115781755477536,0.0004221775906354634,0.5660782544790148,0.016171830070647836,2,1.1019629064513712,1.0002306780979597,1.1017087663686398,3.226643004592108e-05,3.5548208841011724e-05,32,7,2
47,MNISTPatchClassifier,MNIST patch filters=32 kernel=7 stride=2 lr=1e-02,1.0,0.01,Muon,2,4,512,64,2.3022212827595268,0.888671875,full_patch_and_classifier_activation,"[[0.010000000000000005,0.010000000000000005,0.010000000000000004,0.010000000000000004,0.010000000000000004,0.010000000000000004,0.010000000000000002,0.010000000000000002,0.010000000000000002,0.010000000000000002,0.010000000000000002,0.010000000000000002,0.010000000000000002,0.010000000000000002,0.010000000000000002,0.01,0.01,0.01,0.01,0.01,0.01,0.01,0.01,0.009999999999999998,0.009999999999999998,0.009999999999999998,0.009999999999999998,0.009999999999999998,0.009999999999999998,0.009999999999999997,0.009999999999999997,0.009999999999999995]]",32.0,32.00000000000001,31.999999999999968,1.0000000000000002,0.999999999999999,0.9999999999999988,0.00013060047693813035,0.32081500468653873,0.0023087120717287333,1,3.29351255142476,2.2237839628733282,1.4810397981147623,2.2515496120222282e-10,3.334634582834772e-10,32,7,2
47,MNISTPatchClassifier,MNIST patch filters=32 kernel=7 stride=2 lr=1e-02,1.0,0.01,Muon,2,4,512,64,2.3022212827595268,0.888671875,full_patch_and_classifier_activation,"[[0.010000000000000005,0.010000000000000002,0.010000000000000002,0.01,0.01,0.009999999999999998,0.009999999999999998,0.009999999999999997,0.009999999999999997,0.009999999999999997]]",10.0,9.999999999999998,9.99999999999999,0.9999999999999998,0.9999999999999989,0.9999999999999991,0.00012074342948961406,0.3879129302054724,0.0038182424968712246,2,1.504764414205956,1.0082145044622426,1.4925042315360868,3.3512758546283024e-05,5.001793394077456e-05,32,7,2
46,MNISTPatchClassifier,MNIST patch filters=32 kernel=7 stride=2 lr=1e-02,1.0,0.01,Adam,2,5,512,64,2.301788089745607,0.888671875,full_patch_and_classifier_activation,,,,,,,,,,,1,1.9758468696001519,2.2237839628733282,0.8885066636811161,9.856268409770492e-11,8.75736016111076e-11,32,7,2
46,MNISTPatchClassifier,MNIST patch filters=32 kernel=7 stride=2 lr=1e-02,1.0,0.01,Adam,2,5,512,64,2.301788089745607,0.888671875,full_patch_and_classifier_activation,,,,,,,,,,,2,1.1119891118425953,1.0001451949023616,1.1118276801311358,1.9077422325485937e-05,2.121080620702696e-05,32,7,2
47,MNISTPatchClassifier,MNIST patch filters=32 kernel=7 stride=2 lr=1e-02,1.0,0.01,Muon,2,5,512,64,2.3022152883439353,0.888671875,full_patch_and_classifier_activation,,,,,,,,,,,1,4.1809438006617485,2.2237839628733282,1.8801034050356198,1.8459272639201947e-10,3.470534134344443e-10,32,7,2
47,MNISTPatchClassifier,MNIST patch filters=32 kernel=7 stride=2 lr=1e-02,1.0,0.01,Muon,2,5,512,64,2.3022152883439353,0.888671875,full_patch_and_classifier_activation,,,,,,,,,,,2,1.781662684112986,1.0074217286129905,1.7685370818494888,2.0141980121535198e-05,3.562183874681027e-05,32,7,2
