run_id,problem_family,setting,kappa,lr,algo,seed,step,num_samples,train_batch_size,loss,delta_loss,recovery_error,diagnostic_A_definition,nrG,stA,condition_score,delta_gd_pred,delta_spec_pred,sigma_G,sigma_A,sigma_update,nrUpdate,stUpdate,nrUpdateFrac,stUpdateFrac,update_flatness,update_grad_inner,update_grad_cosine,update_grad_per_update_norm,update_fro_norm,update_op_norm,relative_update_fro_norm,mean_relative_layer_update_norm,elapsed_s,filters,kernel_size,stride
0,MNISTPatchClassifier,MNIST patch filters=16 kernel=5 stride=2 lr=3e-03,1.0,0.003,Adam,0,0,512,64,2.302608185233685,5.3153569490316244e-05,0.921875,full_patch_and_classifier_activation,1.9619368244807986,1.4010899407330044,1.3976246538522399,3.788011494785123e-05,5.258356359246644e-05,"[[0.002713090124039969,0.0006311382556221938,0.00036926149608135537,0.00021071555044575177,0.00013860304495573922,9.736205025443198e-05,8.03927414716356e-05,5.3662549773046555e-05,4.485077777952613e-05,4.089344539272923e-05,3.5748926272728296e-05,2.424132162115283e-05,1.9876450792649016e-05,1.4775450855833148e-05,1.2814724244473194e-05,4.545979004716907e-06],[0.0040133971852713965,0.0002890601646633408,0.00015048367665029737,0.0001284199059421552,6.712712415310378e-05,5.3274745962441433e-05,2.843561799191253e-05,1.980884766489411e-05,1.2407180566818698e-05,1.6194180708946867e-19]]","[[395.31136966712677,195.45029926973734,165.68082986607993,123.29519539466884,97.27393037028926,93.04241616052647,74.42487988933318,61.26353996202877,50.047678244470596,49.44139343827181,45.49281440429085,37.896204647816965,35.80561069723701,30.139722484383505,30.030811852001257,28.715711501690123,25.87090471024154,24.38340032625083,23.78212810168266,21.516353767964723,19.78051422772709,18.79389441253032,16.790303168534358,15.691367805256563,13.979570025804959],[0.6547431028310383,0.030688302579284045,0.026920043265603016,0.019207895121904673,0.013670849387123495,0.010939908370277657,0.009190408323025746,0.007398747931022547,0.006698172593123833,0.005208495005493353,0.005019374414764948,0.004503816424353507,0.0038184876385234973,0.0030719487531786793,0.0026749563513426794,0.0026383831452815357]]","[[0.012396666707427485,0.003035222420287944,0.0016813853062933527,0.001184005776964553,5.283938833710709e-07,3.267358847654854e-07,3.006962250795889e-07,1.5382828702954957e-07,1.2804961563914784e-07,1.0247822697898248e-07,4.912151177687254e-08,2.5819819507747346e-08,1.5842492022863224e-08,1.322446875848426e-08,7.804233339318067e-09,5.50736529697778e-09],[0.0077056688947321145,0.002230920766582331,0.001589594823368436,4.889325512945395e-07,3.4115838320116405e-07,6.323784481199059e-08,3.8196841827821294e-08,1.595384320640571e-08,7.422194636587634e-09,1.0964787956429588e-09]]",1.9952016114649345,1.1069204435349131,0.16195133736574274,0.09030206183124775,0.5548426593734818,5.489567395230697e-05,0.729147729157789,0.003588642470444107,0.015297058540778358,0.012396666707427485,0.06274127699601431,0.06391748852462073,0.053126333048567176,16,5,2
1,MNISTPatchClassifier,MNIST patch filters=16 kernel=5 stride=2 lr=3e-03,1.0,0.003,Muon,0,0,512,64,2.302608185233685,2.739254755068643e-05,0.921875,full_patch_and_classifier_activation,1.9619368244807986,1.4010899407330044,1.3976246538522399,3.788011494785123e-05,5.258356359246644e-05,"[[0.002713090124039969,0.0006311382556221938,0.00036926149608135537,0.00021071555044575177,0.00013860304495573922,9.736205025443198e-05,8.03927414716356e-05,5.3662549773046555e-05,4.485077777952613e-05,4.089344539272923e-05,3.5748926272728296e-05,2.424132162115283e-05,1.9876450792649016e-05,1.4775450855833148e-05,1.2814724244473194e-05,4.545979004716907e-06],[0.0040133971852713965,0.0002890601646633408,0.00015048367665029737,0.0001284199059421552,6.712712415310378e-05,5.3274745962441433e-05,2.843561799191253e-05,1.980884766489411e-05,1.2407180566818698e-05,1.6194180708946867e-19]]","[[395.31136966712677,195.45029926973734,165.68082986607993,123.29519539466884,97.27393037028926,93.04241616052647,74.42487988933318,61.26353996202877,50.047678244470596,49.44139343827181,45.49281440429085,37.896204647816965,35.80561069723701,30.139722484383505,30.030811852001257,28.715711501690123,25.87090471024154,24.38340032625083,23.78212810168266,21.516353767964723,19.78051422772709,18.79389441253032,16.790303168534358,15.691367805256563,13.979570025804959],[0.6547431028310383,0.030688302579284045,0.026920043265603016,0.019207895121904673,0.013670849387123495,0.010939908370277657,0.009190408323025746,0.007398747931022547,0.006698172593123833,0.005208495005493353,0.005019374414764948,0.004503816424353507,0.0038184876385234973,0.0030719487531786793,0.0026749563513426794,0.0026383831452815357]]","[[0.0030000000000000027,0.0030000000000000022,0.0030000000000000022,0.003000000000000002,0.0030000000000000014,0.0030000000000000014,0.0030000000000000014,0.0030000000000000014,0.0030000000000000005,0.0030000000000000005,0.0030000000000000005,0.003,0.003,0.0029999999999999996,0.0029999999999999996,0.002999999999999999],[0.0030000000000000014,0.0030000000000000014,0.0030000000000000005,0.0030000000000000005,0.0030000000000000005,0.0030000000000000005,0.0030000000000000005,0.0030000000000000005,0.002999999999999999,0.002999999999999999]]",13.0,12.99999999999999,0.9999999999999999,0.9999999999999991,0.9999999999999993,2.776316201242288e-05,0.3687621460515325,0.001814934677697207,0.01529705854077836,0.0030000000000000027,0.06274127699601433,0.06702630215430147,0.08257975010201335,16,5,2
0,MNISTPatchClassifier,MNIST patch filters=16 kernel=5 stride=2 lr=3e-03,1.0,0.003,Adam,0,1,512,64,2.3025546894036375,5.731529004426861e-05,0.921875,full_patch_and_classifier_activation,1.7492571439111808,1.400831282466556,1.2851216017025915,3.404526761385193e-05,4.814420086668462e-05,"[[0.003714953358814515,0.000584569683986381,0.0003450086367693994,0.0002846733476064071,0.00014265852542507055,6.772701528640987e-05,6.448415696928702e-05,5.428893503036138e-05,5.150039252484996e-05,4.1956210750083525e-05,3.196164530613775e-05,2.669570305663996e-05,2.0138090300530118e-05,1.4755949685949791e-05,1.1326115508721065e-05,7.957388171503267e-06],[0.0038623958960118314,0.0002345483723352203,0.00016831608463966844,0.0001556240054966064,6.80566177675819e-05,4.9992304720467506e-05,3.791828132261194e-05,2.8124901190908638e-05,1.905623318750477e-05,2.575980127221133e-19]]","[[395.31136966712677,195.45029926973734,165.68082986607993,123.29519539466884,97.27393037028926,93.04241616052647,74.42487988933318,61.26353996202877,50.047678244470596,49.44139343827181,45.49281440429085,37.896204647816965,35.80561069723701,30.139722484383505,30.030811852001257,28.715711501690123,25.87090471024154,24.38340032625083,23.78212810168266,21.516353767964723,19.78051422772709,18.79389441253032,16.790303168534358,15.691367805256563,13.979570025804959],[0.664552837218659,0.030917098968012462,0.024343243111792853,0.019388193826416898,0.012235012725036102,0.010616683764068697,0.008630954613004697,0.007941649227160015,0.006952816027109978,0.00510961078295271,0.00483806303961164,0.004691223164255238,0.004052026179562314,0.0034095635877514512,0.003056703864519527,0.002518584036837751]]","[[0.012903532079416937,0.0019660686937672534,0.0012694940414708835,0.0007265689611410409,0.0004630666147058392,0.0003227742219738782,0.00021389427981515714,0.0001755058647855628,0.00015076392703906391,0.00012500753250768433,7.753996114945566e-05,5.164963764520964e-05,3.963059949700558e-05,3.329897025960709e-05,8.983542265534527e-06,6.954288369255296e-06],[0.0076945060096084575,0.001157111342232936,0.0011089768948791096,0.0007356685167071769,0.00037306747570708905,0.0002402330031376307,9.976635071274898e-05,4.3414380844991714e-05,2.2478188858187255e-05,1.2181359802944765e-05]]",2.0484259572229155,1.0474013980309431,0.16759908332633053,0.08526379839251888,0.5116622201778831,5.7338829024352326e-05,0.6889314064479305,0.0037365916267241847,0.0153452222646606,0.012903532079416937,0.0628688958755774,0.06328839291391514,0.11478800000622869,16,5,2
1,MNISTPatchClassifier,MNIST patch filters=16 kernel=5 stride=2 lr=3e-03,1.0,0.003,Muon,0,1,512,64,2.3025709338958693,3.021338310738031e-05,0.921875,full_patch_and_classifier_activation,1.7691145510467066,1.401070400750068,1.30296790605321,3.4011023351062705e-05,4.9175043511493226e-05,"[[0.003744311806996428,0.0005678736684606532,0.00041480965534040806,0.0002812386975880684,0.0001199699105664476,8.294529555095456e-05,7.02742825242637e-05,4.490523161119032e-05,4.4666138614131216e-05,3.9454205747962496e-05,3.728727769462947e-05,2.3017763863635715e-05,1.7972536365419347e-05,1.3456533303534906e-05,1.1211120083233774e-05,7.270797482761896e-06],[0.003769441822080134,0.00025062943533547724,0.0001772233674032101,0.00016428217232076323,7.271470849152278e-05,4.8023785937820064e-05,3.992333101749579e-05,2.9009468619716097e-05,1.6090740091687425e-05,2.209752335546249e-19]]","[[395.31136966712677,195.45029926973734,165.68082986607993,123.29519539466884,97.27393037028926,93.04241616052647,74.42487988933318,61.26353996202877,50.047678244470596,49.44139343827181,45.49281440429085,37.896204647816965,35.80561069723701,30.139722484383505,30.030811852001257,28.715711501690123,25.87090471024154,24.38340032625083,23.78212810168266,21.516353767964723,19.78051422772709,18.79389441253032,16.790303168534358,15.691367805256563,13.979570025804959],[0.6493341205437164,0.03035120126663297,0.025306000797354355,0.02055835767404552,0.01348073503237751,0.010760121013048166,0.008871275123437616,0.0073598909240314,0.0070471578422606025,0.005320494292383968,0.005107655192069301,0.004336288186224338,0.00388447202427155,0.003097649833730608,0.002795010456657845,0.0026370698952610993]]","[[0.003000000000000003,0.0030000000000000014,0.0030000000000000014,0.003000000000000001,0.003000000000000001,0.003000000000000001,0.003000000000000001,0.003,0.003,0.0029999999999999988,0.0029999999999999988,0.0029999999999999988,0.0029999999999999983,0.0029999999999999983,0.0029999999999999983,0.0029999999999999983],[0.0030000000000000022,0.0030000000000000014,0.003000000000000001,0.0030000000000000005,0.0030000000000000005,0.003,0.003,0.0029999999999999996,0.0029999999999999996,0.0029999999999999996]]",13.0,12.999999999999979,0.9999999999999999,0.9999999999999984,0.9999999999999984,3.0264011259274654e-05,0.36758573578144693,0.00197842030731581,0.015297058540778358,0.003000000000000003,0.0628688958755774,0.06714153981584231,0.14308091602288187,16,5,2
0,MNISTPatchClassifier,MNIST patch filters=16 kernel=5 stride=2 lr=3e-03,1.0,0.003,Adam,0,2,512,64,2.302584327825583,4.942365049220854e-05,0.884765625,full_patch_and_classifier_activation,1.82753573115171,1.4003431987484969,1.310282228748139,3.298030398771049e-05,4.382271328255918e-05,"[[0.0030637107170131423,0.0006885589834147875,0.0002733258204064179,0.00021705833794063997,0.000163910830899189,0.000112186271958755,8.726308335338287e-05,5.4753513345013845e-05,4.41814320026139e-05,3.278256589335279e-05,2.3757613991214933e-05,2.0656607251013583e-05,1.5482013464676224e-05,1.024731847019591e-05,9.336004683615305e-06,8.425804693736439e-06],[0.004303378840113729,0.00024045146052544791,0.00018422758260890445,8.317448330015035e-05,5.446579424504435e-05,4.30063475003105e-05,3.557096318668492e-05,2.853929195393628e-05,1.3473221342168359e-05,3.420880144710503e-19]]","[[395.31136966712677,195.45029926973734,165.68082986607993,123.29519539466884,97.27393037028926,93.04241616052647,74.42487988933318,61.26353996202877,50.047678244470596,49.44139343827181,45.49281440429085,37.896204647816965,35.80561069723701,30.139722484383505,30.030811852001257,28.715711501690123,25.87090471024154,24.38340032625083,23.78212810168266,21.516353767964723,19.78051422772709,18.79389441253032,16.790303168534358,15.691367805256563,13.979570025804959],[0.7514829915771412,0.036689658200892816,0.020336750360032824,0.018770334935015186,0.011789648093889877,0.010390434031401517,0.007786179493157682,0.007423818017734798,0.00676994327304865,0.005191013268543066,0.004919531551748054,0.004303182256954805,0.004051353080347836,0.0031256587832527182,0.003054606309983122,0.0020928510812263782]]","[[0.012779701649738151,0.0015879566092779818,0.0012450179756101948,0.0007869870439375887,0.0005695318717362189,0.00043194714879359866,0.00031019995176472567,0.00022479257014253184,0.0001738923712856324,0.0001464332256201026,8.359588320291375e-05,6.873900148111787e-05,5.090014806428356e-05,4.151820718488386e-05,3.206792787221682e-05,1.6539915986084697e-05],[0.00806268089922642,0.0011908631684985813,0.0007350295139206668,0.0005990232127177675,0.0004765992657726335,0.0004016891336043003,0.00019063266066167967,0.00013585441127019542,5.5158077293595186e-05,3.329614094902138e-05]]",2.0610091178513956,1.037850885204926,0.16786543318081237,0.08441310668800672,0.5035966967805356,5.0355987009779004e-05,0.611611458758652,0.003274359246493889,0.015378882773385076,0.012779701649738151,0.06274648101287693,0.06400462648966006,0.17425654106773436,16,5,2
1,MNISTPatchClassifier,MNIST patch filters=16 kernel=5 stride=2 lr=3e-03,1.0,0.003,Muon,0,2,512,64,2.3026235187038817,2.864426968152145e-05,0.921875,full_patch_and_classifier_activation,1.7528906576335017,1.4009490660503443,1.2841991198081066,3.2944185479346713e-05,4.615988817697169e-05,"[[0.0035538989739356793,0.000582393820876059,0.0003018380688305074,0.0002166893721490304,0.0001742464645629745,0.0001234579662878075,6.643411210720047e-05,6.190199087621279e-05,4.592834508989052e-05,3.168538664453106e-05,2.6047032824616248e-05,2.153244607622292e-05,1.8400500294618494e-05,1.3448737790153225e-05,8.955578308292977e-06,6.867854847119588e-06],[0.00376509024666639,0.00027442640465161016,0.0001522420012273685,9.37570773697962e-05,6.510691290034647e-05,5.115747958465919e-05,4.518796965900543e-05,2.59332207924371e-05,1.5330938686831288e-05,2.2685161490405115e-19]]","[[395.31136966712677,195.45029926973734,165.68082986607993,123.29519539466884,97.27393037028926,93.04241616052647,74.42487988933318,61.26353996202877,50.047678244470596,49.44139343827181,45.49281440429085,37.896204647816965,35.80561069723701,30.139722484383505,30.030811852001257,28.715711501690123,25.87090471024154,24.38340032625083,23.78212810168266,21.516353767964723,19.78051422772709,18.79389441253032,16.790303168534358,15.691367805256563,13.979570025804959],[0.6586772778111735,0.030668543689698496,0.02389843753778687,0.021051136177799468,0.013566190369824836,0.010642188554839555,0.008639877018094858,0.007437575468966355,0.0071250717760515895,0.005488904785305469,0.005159732792471445,0.004229132123186334,0.003695025290830049,0.0031928936468654844,0.002803284184718674,0.002667613617016792]]","[[0.0030000000000000027,0.0030000000000000027,0.0030000000000000027,0.0030000000000000014,0.0030000000000000014,0.0030000000000000014,0.0030000000000000014,0.003000000000000001,0.0030000000000000005,0.0030000000000000005,0.0030000000000000005,0.003,0.0029999999999999996,0.0029999999999999996,0.0029999999999999996,0.0029999999999999975],[0.003000000000000001,0.0030000000000000005,0.0030000000000000005,0.0030000000000000005,0.003,0.003,0.003,0.003,0.0029999999999999988,0.0029999999999999988]]",13.000000000000002,12.999999999999988,1.0000000000000002,0.9999999999999991,0.9999999999999989,2.922587670911808e-05,0.364599303787792,0.001910555328739102,0.015297058540778355,0.0030000000000000027,0.06274648101287691,0.06687519630805351,0.20131533313542604,16,5,2
0,MNISTPatchClassifier,MNIST patch filters=16 kernel=5 stride=2 lr=3e-03,1.0,0.003,Adam,0,3,512,64,2.30248225764372,5.532270528663119e-05,0.884765625,full_patch_and_classifier_activation,1.690134094565379,1.399642026774723,1.2381640630577446,3.112190829451546e-05,4.189852171951411e-05,"[[0.003201099523072561,0.0005421991618132357,0.00025794824435952814,0.00017736000174415652,0.00010530837233349458,9.828763373020848e-05,5.751604828041045e-05,5.358191877074614e-05,3.938114754003248e-05,3.2546747890380495e-05,2.1461358667646442e-05,1.8544505488278606e-05,1.69510156764858e-05,1.559951038419881e-05,1.0212491902071794e-05,5.606692081510607e-06],[0.004793150470428593,0.0002848677370522962,0.00018907790245695515,0.00012105071325990084,8.67415788465301e-05,4.972721430484104e-05,2.9970851133155247e-05,1.959715300783552e-05,1.3613450034787732e-05,3.133421091027028e-19]]","[[395.31136966712677,195.45029926973734,165.68082986607993,123.29519539466884,97.27393037028926,93.04241616052647,74.42487988933318,61.26353996202877,50.047678244470596,49.44139343827181,45.49281440429085,37.896204647816965,35.80561069723701,30.139722484383505,30.030811852001257,28.715711501690123,25.87090471024154,24.38340032625083,23.78212810168266,21.516353767964723,19.78051422772709,18.79389441253032,16.790303168534358,15.691367805256563,13.979570025804959],[0.8618585791228817,0.03696432858929281,0.017618127420177272,0.015959252708342118,0.011506063320793064,0.010225175795258374,0.008510614173466519,0.006842014041247676,0.005844656483354597,0.005009737954602656,0.004814249124067161,0.004085899129856494,0.003296570361744153,0.003131765229418945,0.0026322735205028987,0.001853663517231761]]","[[0.012933133126885949,0.0020536153753094415,0.0016950804088862988,0.0012959412659033992,0.0007694064139276286,0.0003518354174974907,0.00022746576046042677,0.0001858606819122346,0.00013721893586525317,0.00012140945003908475,6.672383136679739e-05,5.118620159334079e-05,3.8805011234752615e-05,3.339890798334782e-05,2.746924577981422e-05,1.5439382211371662e-05],[0.007768184010263694,0.0014812816128640307,0.001170919571770368,0.0005710066802259473,0.00043005567468002576,0.00027334678467132384,0.0002182324712564907,0.000165022475692847,0.00010094918102057764,4.7002037239425216e-05]]",2.2883804160489394,1.0638626477225475,0.18642005823913976,0.08655829432666595,0.4649263223955661,5.2522467210159486e-05,0.5814881283383068,0.003380008564398367,0.01553915210848241,0.012933133126885949,0.06299078938199434,0.06355310524019053,0.233280458021909,16,5,2
1,MNISTPatchClassifier,MNIST patch filters=16 kernel=5 stride=2 lr=3e-03,1.0,0.003,Muon,0,3,512,64,2.3025343417919855,2.821920136186762e-05,0.921875,full_patch_and_classifier_activation,1.958809352416959,1.4010500418274219,1.4236017999381485,3.211977887739097e-05,4.863117368172812e-05,"[[0.0029536286820862154,0.0006105221981207197,0.00027465528243669887,0.00025463933528781826,0.00020971088973691654,0.00010027945224868617,7.43982668102707e-05,6.409258947233811e-05,4.751624409187935e-05,2.9585906693508846e-05,2.8577710846067845e-05,2.2623759533852886e-05,1.8788590149310293e-05,1.5341578686527304e-05,1.0019796353922648e-05,5.950628067034338e-06],[0.003641131584167795,0.0003077357910509542,0.0002161486715528796,0.00014141977652068203,0.00010375690891778545,3.9465484341355667e-05,3.4377651449401144e-05,2.605709834201524e-05,1.3485192972820265e-05,1.533215777228463e-19]]","[[395.31136966712677,195.45029926973734,165.68082986607993,123.29519539466884,97.27393037028926,93.04241616052647,74.42487988933318,61.26353996202877,50.047678244470596,49.44139343827181,45.49281440429085,37.896204647816965,35.80561069723701,30.139722484383505,30.030811852001257,28.715711501690123,25.87090471024154,24.38340032625083,23.78212810168266,21.516353767964723,19.78051422772709,18.79389441253032,16.790303168534358,15.691367805256563,13.979570025804959],[0.6467117560598145,0.030866022319181723,0.023441883260534674,0.02182930248046183,0.013130225844738741,0.01010249247814214,0.008322951440021417,0.007388981539438296,0.007048918526877317,0.00542932527455029,0.004992408895894213,0.004130867000275789,0.0038112956745727216,0.0033022581895618287,0.0029594954769054356,0.0025880217529970755]]","[[0.0030000000000000022,0.0030000000000000014,0.003000000000000001,0.003000000000000001,0.003000000000000001,0.0030000000000000005,0.003,0.003,0.003,0.003,0.0029999999999999996,0.002999999999999999,0.002999999999999999,0.002999999999999999,0.0029999999999999975,0.0029999999999999975],[0.003000000000000002,0.003000000000000001,0.0030000000000000005,0.003,0.003,0.003,0.003,0.0029999999999999996,0.002999999999999999,0.0029999999999999988]]",13.000000000000004,12.999999999999982,1.0000000000000002,0.9999999999999987,0.9999999999999984,2.773172720981237e-05,0.38017122582435603,0.0018128797203649392,0.015297058540778355,0.0030000000000000022,0.06299078938199436,0.06701779693660645,0.26156683312729,16,5,2
0,MNISTPatchClassifier,MNIST patch filters=16 kernel=5 stride=2 lr=3e-03,1.0,0.003,Adam,0,4,512,64,2.3025027608172595,6.682775799005114e-05,0.8828125,full_patch_and_classifier_activation,1.4601552108283207,1.3989533113660855,1.0794528826068654,3.6268003481935496e-05,4.371179377077287e-05,"[[0.004538743013456825,0.0004965203569757225,0.00030502993004086584,0.00022333399727702966,0.00010166042666887635,7.470885329369634e-05,7.15283565405851e-05,4.3921185945962114e-05,3.745847292151203e-05,2.9941730642105672e-05,2.1611765833925603e-05,1.8838381665982786e-05,1.3873121624579744e-05,1.1541424951359188e-05,7.062526345452032e-06,3.9312350079068455e-06],[0.006253480357675065,0.00020491637756506512,0.00015297382310779236,0.00011031967349457296,5.760696226593768e-05,3.945123124467443e-05,2.7376279717654126e-05,1.926513812089708e-05,1.3705018854581694e-05,4.772263160928108e-19]]","[[395.31136966712677,195.45029926973734,165.68082986607993,123.29519539466884,97.27393037028926,93.04241616052647,74.42487988933318,61.26353996202877,50.047678244470596,49.44139343827181,45.49281440429085,37.896204647816965,35.80561069723701,30.139722484383505,30.030811852001257,28.715711501690123,25.87090471024154,24.38340032625083,23.78212810168266,21.516353767964723,19.78051422772709,18.79389441253032,16.790303168534358,15.691367805256563,13.979570025804959],[1.0395019168423558,0.033713316486175544,0.01580045333707154,0.013537647558996493,0.011282665341259213,0.009951436679144813,0.008912589448872575,0.006694599329151836,0.0052836834305344865,0.0050320036982068675,0.004598563362450913,0.0035643442887926266,0.0029694043868724977,0.002477660260565362,0.0019995783868266242,0.0016426065239228814]]","[[0.012672937323301424,0.002158981337743952,0.0018593138495362838,0.0010975727505499928,0.0008092117657591612,0.00036086218162140177,0.00027064885276540523,0.0002371207309673945,0.00016110714206856268,0.00012298277972908617,9.944500931694715e-05,7.550012366450696e-05,5.035738790862453e-05,3.5170232249255056e-05,3.0899420660047354e-05,1.5198137078840552e-05],[0.00818937016677581,0.0018213818241672214,0.0009464880350194373,0.0006452197465130616,0.00043603501957118303,0.00027097847700934924,0.0002105999110661017,0.00014559016997215413,8.934260748560987e-05,4.266203108969186e-05]]",2.3137969226394053,1.0691055596016876,0.18724313765219797,0.086958168335484,0.46223331860752354,6.291578334437635e-05,0.5202278735159,0.004036575369635451,0.015586426012914597,0.012672937323301424,0.062446027613194365,0.06413089378220856,0.2936039580963552,16,5,2
1,MNISTPatchClassifier,MNIST patch filters=16 kernel=5 stride=2 lr=3e-03,1.0,0.003,Muon,0,4,512,64,2.3025630566697135,3.1059228848384635e-05,0.921875,full_patch_and_classifier_activation,1.8624298799294188,1.4009402914834057,1.3472011891928106,3.6908538944088176e-05,5.2051066766674526e-05,"[[0.0034542060538384337,0.00060844255986146,0.00047664312795110453,0.0002917205460241732,0.00017651172567162773,0.00011028361281650555,6.94022762050055e-05,6.330275380146616e-05,4.071525875476796e-05,2.734016624670509e-05,2.099637352361254e-05,1.9711497667209632e-05,1.6913552243315376e-05,1.1861337992472494e-05,9.883646020692873e-06,7.734343981956106e-06],[0.004104485333928106,0.00037433067359009134,0.00014452217814391995,0.00012592151426853556,5.488176957550375e-05,4.6463925668627855e-05,3.306203742519284e-05,1.6488797390279208e-05,1.4929713575809102e-05,3.671557521113751e-19]]","[[395.31136966712677,195.45029926973734,165.68082986607993,123.29519539466884,97.27393037028926,93.04241616052647,74.42487988933318,61.26353996202877,50.047678244470596,49.44139343827181,45.49281440429085,37.896204647816965,35.80561069723701,30.139722484383505,30.030811852001257,28.715711501690123,25.87090471024154,24.38340032625083,23.78212810168266,21.516353767964723,19.78051422772709,18.79389441253032,16.790303168534358,15.691367805256563,13.979570025804959],[0.6792815094676015,0.03225477524706751,0.02533840338734751,0.02132580763983713,0.013303897930799797,0.010387523763266477,0.008044025358712742,0.007170897609152328,0.007116662646684361,0.005394443285508478,0.004840293839736685,0.004291715374378583,0.003912217214783684,0.003213719670822667,0.002847019355713021,0.002545862327517219]]","[[0.0030000000000000022,0.0030000000000000022,0.003000000000000002,0.0030000000000000014,0.003000000000000001,0.003000000000000001,0.0030000000000000005,0.003,0.003,0.0029999999999999996,0.0029999999999999996,0.002999999999999999,0.0029999999999999988,0.0029999999999999988,0.0029999999999999988,0.0029999999999999983],[0.0030000000000000022,0.0030000000000000014,0.003000000000000001,0.0030000000000000005,0.0030000000000000005,0.003,0.0029999999999999996,0.0029999999999999996,0.0029999999999999996,0.002999999999999999]]",12.999999999999996,12.999999999999984,0.9999999999999998,0.9999999999999988,0.999999999999999,3.096226432849973e-05,0.37140137267241685,0.0020240665384107424,0.015297058540778357,0.0030000000000000022,0.06244602761319437,0.06627158306535912,0.3213136661797762,16,5,2
0,MNISTPatchClassifier,MNIST patch filters=16 kernel=5 stride=2 lr=3e-03,1.0,0.003,Adam,0,5,512,64,2.3024947534158597,,0.8984375,full_patch_and_classifier_activation,1.7440990097828786,1.3986251483710874,1.2389234646372247,2.5751492085534373e-05,3.117128231172972e-05,"[[0.0021752760822759446,0.0003345612644750161,0.00028368281870998864,0.00015452026699016165,0.00011236404245551944,9.024267588096294e-05,5.81191366480304e-05,3.4169582260118075e-05,2.8379457538642038e-05,2.167130149516075e-05,1.9077589155809026e-05,1.5627293812202694e-05,1.4453580238793669e-05,1.084274243708916e-05,8.223763820212592e-06,4.201454354956533e-06],[0.006150223224775374,0.00018906155455170094,0.00015061937244031896,0.00010461528230799084,7.628366469247107e-05,3.824967003466419e-05,2.9743361471943147e-05,2.646092226578665e-05,1.2431715427122875e-05,5.142434876469052e-19]]","[[395.31136966712677,195.45029926973734,165.68082986607993,123.29519539466884,97.27393037028926,93.04241616052647,74.42487988933318,61.26353996202877,50.047678244470596,49.44139343827181,45.49281440429085,37.896204647816965,35.80561069723701,30.139722484383505,30.030811852001257,28.715711501690123,25.87090471024154,24.38340032625083,23.78212810168266,21.516353767964723,19.78051422772709,18.79389441253032,16.790303168534358,15.691367805256563,13.979570025804959],[1.2132199446837253,0.03128614057098488,0.015378176752798674,0.01232321680414946,0.010832105866157555,0.009625476073682204,0.00900298683004398,0.006325904509769956,0.0054386841391712085,0.0050140542038769175,0.00426791000284876,0.0032703678018360083,0.0025247915049792916,0.0021664321801425235,0.0015571493176039196,0.0014831864395892607]]",,,,,,,,,,,,,,0.3523151660338044,16,5,2
1,MNISTPatchClassifier,MNIST patch filters=16 kernel=5 stride=2 lr=3e-03,1.0,0.003,Muon,0,5,512,64,2.302538329675965,,0.921875,full_patch_and_classifier_activation,2.2399101424848036,1.4011332649387447,1.5903522934144734,2.5672699729706917e-05,4.0073555448367376e-05,"[[0.002079404087455128,0.0005261184950745263,0.00029192637943814017,0.0002499585322161066,0.0001515751581154323,0.00010448936384920938,8.135051841663247e-05,6.846064252672045e-05,5.0386206719640966e-05,3.670240155483608e-05,2.7951288725161046e-05,1.7956502332630583e-05,1.5849812148896278e-05,1.3851774536974212e-05,1.10901651391784e-05,9.471500487238719e-06],[0.0034592286669935354,0.00034791733404557104,0.0001844244293602698,0.00016020587586831387,0.00010093784958645609,4.241798899752221e-05,3.203671171407685e-05,2.317635863072839e-05,2.0113654130489777e-05,3.771469570374703e-19]]","[[395.31136966712677,195.45029926973734,165.68082986607993,123.29519539466884,97.27393037028926,93.04241616052647,74.42487988933318,61.26353996202877,50.047678244470596,49.44139343827181,45.49281440429085,37.896204647816965,35.80561069723701,30.139722484383505,30.030811852001257,28.715711501690123,25.87090471024154,24.38340032625083,23.78212810168266,21.516353767964723,19.78051422772709,18.79389441253032,16.790303168534358,15.691367805256563,13.979570025804959],[0.6882530187165653,0.03402641374870211,0.02756997240540093,0.021567937811054313,0.013245154787428982,0.010782583679711012,0.008275558023746559,0.007118443027374859,0.006872064894971887,0.005513522052778829,0.004750025209467344,0.004458987979258123,0.003946442858962641,0.0031795173163276366,0.0028718167071028968,0.002590714021011072]]",,,,,,,,,,,,,,0.3797387080267072,16,5,2
2,MNISTPatchClassifier,MNIST patch filters=16 kernel=5 stride=2 lr=3e-03,1.0,0.003,Adam,1,0,512,64,2.3025953489123343,2.3509132715204828e-05,0.923828125,full_patch_and_classifier_activation,2.5319599643621338,1.405885015918547,1.831110589269055,1.0063622562347123e-05,1.9495542946553384e-05,"[[0.0014512145756569344,0.00042488025559928,0.00022191516055316833,0.00015609436372886787,0.00010496807786757079,9.00186861729881e-05,6.42332230947209e-05,5.0576840834584805e-05,4.360698960008869e-05,3.194377313945855e-05,2.6801494222678522e-05,1.787605758366268e-05,1.497260229559957e-05,1.1246254899970184e-05,1.0137453633505362e-05,7.804321661121394e-06],[0.0017021451507262032,0.0002977490860379804,0.00014013056823603513,8.742273549598008e-05,7.30898112088888e-05,4.17446467637512e-05,3.8718211123515024e-05,2.825061620464897e-05,1.8682991680259633e-05,6.826360509911656e-20]]","[[390.23185824645077,195.18686611323614,161.79959583816836,124.70170629486346,95.24338688287415,90.64784280728632,75.73183997088778,60.98797149185639,49.55656364117996,48.153608662399236,46.68779265981902,37.755694463668874,35.72557611569003,30.26753208141558,30.015824533000373,27.7484789702651,26.16951182467305,24.52093847338149,23.218004471467978,21.97486352300743,19.833741908261363,18.780552148931818,17.260255681991797,15.782347748565027,13.995750653715579],[0.5480744787157695,0.03351486785038378,0.018579184681688794,0.011374200376886403,0.010381235637839107,0.008709847734612433,0.007597683989808401,0.00580629310654628,0.005085671664159804,0.004892306989762544,0.003993826710106029,0.00374415935747732,0.003249397658187433,0.002904445959685709,0.002712633243966573,0.002355762691511776]]","[[0.010330444133321487,0.004543377847461898,0.003902901517695668,0.002773527923759565,0.0026708024402578843,0.0018597257518414418,0.001586182322535573,0.0014002915636588354,0.0010307723548839143,0.0007367339298890165,1.7435260431271666e-05,2.045487442267481e-07,1.14258504663578e-07,2.999550953961339e-08,2.3292769933246496e-08,1.2671735581990633e-08],[0.006880417952481708,0.003168148601665022,0.0021585457359813917,0.001722993978992629,0.0011365569740085068,0.0008621534148650097,6.052596621689322e-07,1.833613786179578e-07,1.4050266745754801e-07,4.2078952879481635e-08]]",4.743210872945579,1.4903174514886954,0.36742227364853164,0.11969751866261807,0.3242711070036407,2.5161306999802328e-05,0.7069523624290712,0.001644846094608856,0.015297058540778357,0.010330444133321487,0.06566581690556583,0.06718086106844026,0.08512779115699232,16,5,2
3,MNISTPatchClassifier,MNIST patch filters=16 kernel=5 stride=2 lr=3e-03,1.0,0.003,Muon,1,0,512,64,2.3025953489123343,1.525151399084379e-05,0.923828125,full_patch_and_classifier_activation,2.5319599643621338,1.405885015918547,1.831110589269055,1.0063622562347123e-05,1.9495542946553384e-05,"[[0.0014512145756569344,0.00042488025559928,0.00022191516055316833,0.00015609436372886787,0.00010496807786757079,9.00186861729881e-05,6.42332230947209e-05,5.0576840834584805e-05,4.360698960008869e-05,3.194377313945855e-05,2.6801494222678522e-05,1.787605758366268e-05,1.497260229559957e-05,1.1246254899970184e-05,1.0137453633505362e-05,7.804321661121394e-06],[0.0017021451507262032,0.0002977490860379804,0.00014013056823603513,8.742273549598008e-05,7.30898112088888e-05,4.17446467637512e-05,3.8718211123515024e-05,2.825061620464897e-05,1.8682991680259633e-05,6.826360509911656e-20]]","[[390.23185824645077,195.18686611323614,161.79959583816836,124.70170629486346,95.24338688287415,90.64784280728632,75.73183997088778,60.98797149185639,49.55656364117996,48.153608662399236,46.68779265981902,37.755694463668874,35.72557611569003,30.26753208141558,30.015824533000373,27.7484789702651,26.16951182467305,24.52093847338149,23.218004471467978,21.97486352300743,19.833741908261363,18.780552148931818,17.260255681991797,15.782347748565027,13.995750653715579],[0.5480744787157695,0.03351486785038378,0.018579184681688794,0.011374200376886403,0.010381235637839107,0.008709847734612433,0.007597683989808401,0.00580629310654628,0.005085671664159804,0.004892306989762544,0.003993826710106029,0.00374415935747732,0.003249397658187433,0.002904445959685709,0.002712633243966573,0.002355762691511776]]","[[0.003000000000000002,0.0030000000000000014,0.0030000000000000014,0.003000000000000001,0.0030000000000000005,0.0030000000000000005,0.0030000000000000005,0.003,0.003,0.003,0.003,0.0029999999999999996,0.002999999999999999,0.0029999999999999988,0.0029999999999999988,0.0029999999999999983],[0.003000000000000002,0.003000000000000002,0.0030000000000000014,0.0030000000000000014,0.0030000000000000014,0.0030000000000000014,0.003000000000000001,0.003000000000000001,0.0030000000000000005,0.0029999999999999996]]",12.999999999999996,12.999999999999991,0.9999999999999998,0.9999999999999993,0.9999999999999996,1.5468671844064385e-05,0.4346202724638783,0.0010112187125929175,0.015297058540778358,0.003000000000000002,0.06566581690556583,0.07047612724506183,0.11538366600871086,16,5,2
2,MNISTPatchClassifier,MNIST patch filters=16 kernel=5 stride=2 lr=3e-03,1.0,0.003,Adam,1,1,512,64,2.3025797498388982,3.5346464362095986e-05,0.8984375,full_patch_and_classifier_activation,2.0318035541273334,1.4065197428145728,1.465788143557352,3.2257614125889776e-05,4.9698755620562313e-05,"[[0.002412382732767716,0.0005530477807689833,0.00032064044655087225,0.00022124671935672445,0.00010860484045391926,8.389191647254922e-05,7.550462495638571e-05,6.73675189019312e-05,3.8060500481251804e-05,3.2904131121417396e-05,1.9268528013316846e-05,1.600197899948897e-05,1.143758357343636e-05,9.092191744788416e-06,7.103368033277008e-06,3.693977190321962e-06],[0.0028846399413155546,0.00027536062868385047,0.00017888366661617563,9.474618763836936e-05,6.301834854793476e-05,4.580570867423019e-05,3.9726475252800485e-05,2.7326531922128776e-05,1.2074403699019527e-05,8.007856502664322e-20]]","[[390.23185824645077,195.18686611323614,161.79959583816836,124.70170629486346,95.24338688287415,90.64784280728632,75.73183997088778,60.98797149185639,49.55656364117996,48.153608662399236,46.68779265981902,37.755694463668874,35.72557611569003,30.26753208141558,30.015824533000373,27.7484789702651,26.16951182467305,24.52093847338149,23.218004471467978,21.97486352300743,19.833741908261363,18.780552148931818,17.260255681991797,15.782347748565027,13.995750653715579],[0.511708025991766,0.033183630529148765,0.02033311572151626,0.011745695371638836,0.01117405792824768,0.009230652006192573,0.007345417251193795,0.0062273436636466105,0.0050237103278839654,0.0046804484898353045,0.0041023247905823375,0.0036083396098423415,0.0031160732426997345,0.0029066096511961015,0.0027897841647955106,0.00200911802167031]]","[[0.010723592654273027,0.003770474409368284,0.003603620389236139,0.002431381178699069,0.0018618167095512798,0.0014677630603642502,0.0013174812678323601,0.0010881475671218478,0.0007301797236601279,0.00037439366561453603,0.00027028854919857885,0.00020752896730186982,0.0001438310812965323,0.00010008759371446045,3.070479553024158e-05,1.1763208544204713e-05],[0.007289317201512271,0.003845277798644142,0.0022742703478579643,0.0007624620716585744,0.0007141880149697853,0.00031639894653716583,0.00025906031380152207,0.00020669402008347495,0.00014028277329257443,4.033650564684169e-05]]",4.2006682416281125,1.384943773070126,0.32582721817444216,0.1128186798083218,0.3436958419054663,3.636307070409276e-05,0.6216347632088849,0.0023879360166476514,0.01522782455249439,0.010723592654273027,0.0654841191393998,0.06822485379398334,0.14683891599997878,16,5,2
3,MNISTPatchClassifier,MNIST patch filters=16 kernel=5 stride=2 lr=3e-03,1.0,0.003,Muon,1,1,512,64,2.30259034596428,2.4010707606159087e-05,0.923828125,full_patch_and_classifier_activation,1.914767114048184,1.406047948964035,1.3946191726211126,3.237518928156938e-05,4.8893340941787126e-05,"[[0.0027716964213977554,0.0005253888280483759,0.00033929252716257167,0.00023363741304107029,0.00011112535140386197,9.297486975599374e-05,7.361164996555138e-05,5.300952744960208e-05,5.022853770634154e-05,2.9481756583519282e-05,1.7166672737998888e-05,1.2726353900391305e-05,1.0431823802247483e-05,9.85462868165337e-06,6.215281679251471e-06,4.058834668800391e-06],[0.0030513599095177047,0.00028373211603089027,0.00018811354014048343,8.475554882510492e-05,5.883055258746075e-05,4.4859387794611824e-05,4.0501709880803246e-05,2.5914993357756636e-05,1.1117907944564512e-05,1.592517353238162e-19]]","[[390.23185824645077,195.18686611323614,161.79959583816836,124.70170629486346,95.24338688287415,90.64784280728632,75.73183997088778,60.98797149185639,49.55656364117996,48.153608662399236,46.68779265981902,37.755694463668874,35.72557611569003,30.26753208141558,30.015824533000373,27.7484789702651,26.16951182467305,24.52093847338149,23.218004471467978,21.97486352300743,19.833741908261363,18.780552148931818,17.260255681991797,15.782347748565027,13.995750653715579],[0.5400340566564201,0.03340380227223688,0.01956242165242062,0.011429822272909356,0.010457551019248765,0.009134619068461462,0.007317455715133527,0.005994259250288542,0.005131476678293396,0.004707014560295375,0.003973656178198134,0.00377843385592066,0.0032591833601062804,0.003021305376107466,0.0026307066297741625,0.0022653408138476596]]","[[0.0030000000000000027,0.003000000000000002,0.0030000000000000014,0.0030000000000000014,0.003000000000000001,0.003000000000000001,0.003000000000000001,0.003000000000000001,0.0030000000000000005,0.0030000000000000005,0.0030000000000000005,0.003,0.003,0.0029999999999999996,0.002999999999999999,0.002999999999999999],[0.003000000000000001,0.0030000000000000005,0.0030000000000000005,0.003,0.003,0.003,0.003,0.0029999999999999996,0.0029999999999999988,0.0029999999999999988]]",12.999999999999998,12.999999999999988,0.9999999999999999,0.9999999999999991,0.9999999999999992,2.4390258432193104e-05,0.38002594645240473,0.0015944410729144048,0.015297058540778357,0.0030000000000000027,0.06548411913939979,0.0700786849177271,0.175148333190009,16,5,2
2,MNISTPatchClassifier,MNIST patch filters=16 kernel=5 stride=2 lr=3e-03,1.0,0.003,Adam,1,2,512,64,2.3025373125737554,4.0199496458726e-05,0.8984375,full_patch_and_classifier_activation,1.8976050924911008,1.4059835878766087,1.392259118363937,3.221124802254955e-05,4.967899318945534e-05,"[[0.0029612493674544696,0.0006909771241609287,0.00026935046010181045,0.00018416528179295962,0.00012056859784607915,8.423763445978235e-05,5.701941109675062e-05,4.882813108102528e-05,4.464756488489216e-05,3.979679202177506e-05,2.540740592379452e-05,1.859140375465889e-05,1.7416609010642918e-05,1.1062615659416646e-05,8.756906111085255e-06,5.498251299046758e-06],[0.003208759402487004,0.0003631747630324139,0.00017528026332321394,8.768220253682068e-05,6.695916895837449e-05,4.722995566886793e-05,3.7217168758639346e-05,2.7875993875308198e-05,1.898855035730325e-05,1.958889210141711e-19]]","[[390.23185824645077,195.18686611323614,161.79959583816836,124.70170629486346,95.24338688287415,90.64784280728632,75.73183997088778,60.98797149185639,49.55656364117996,48.153608662399236,46.68779265981902,37.755694463668874,35.72557611569003,30.26753208141558,30.015824533000373,27.7484789702651,26.16951182467305,24.52093847338149,23.218004471467978,21.97486352300743,19.833741908261363,18.780552148931818,17.260255681991797,15.782347748565027,13.995750653715579],[0.5702795184682116,0.034257414795717166,0.022568737700080044,0.011940041522077928,0.011166980031865842,0.009123579900225096,0.0067498728203729,0.005862306524771369,0.005315293135568273,0.004654726279839906,0.003488376697998661,0.003268206436741982,0.003187058159921985,0.002672521844760351,0.0025282127830867003,0.0017063044085628735]]","[[0.011336124445959743,0.004059322394457458,0.0032143593727392552,0.0025285962809795544,0.0017015870284642265,0.0013000086122540234,0.0011911874179234296,0.0010115416103252228,0.0009450593955108098,0.0005159114495056359,0.00037115127868228543,0.0003272939811889756,0.00013451291849788508,7.608931379377549e-05,6.743971004720972e-05,2.084455778182797e-05],[0.007037256520941785,0.003456455260848051,0.0013918762669486262,0.0009637813030090749,0.0007221239846320512,0.000648779270793246,0.00038303569793093613,0.00029562124885993145,0.00013983736372260322,1.9277980616357618e-05]]",4.167246106492855,1.3237483638255496,0.3253283634873911,0.10754573493093825,0.3270558934754728,3.854166395581032e-05,0.5633079805713429,0.002510418149725971,0.015352686945805182,0.011336124445959743,0.065530824687024,0.06671578956933233,0.20701254112645984,16,5,2
3,MNISTPatchClassifier,MNIST patch filters=16 kernel=5 stride=2 lr=3e-03,1.0,0.003,Muon,1,2,512,64,2.302549616138123,2.5331094906988483e-05,0.923828125,full_patch_and_classifier_activation,1.9750567158109462,1.405958642895774,1.4361053552928,3.226504053894597e-05,4.989609181356225e-05,"[[0.0027357774798945095,0.0006498960497723625,0.0003025089359477353,0.00022124092289635118,0.00012154873901456301,8.22297301970126e-05,6.579192993850216e-05,5.171093859438888e-05,4.3349631297016156e-05,3.225994273247434e-05,2.6326775332832986e-05,2.2391791660886768e-05,1.6297665568558488e-05,1.1734279109406771e-05,8.715896568769419e-06,5.760674022972978e-06],[0.0030698976307825324,0.000369391483414476,0.0001467337563621716,8.322398906948338e-05,6.251900678320555e-05,4.695264144575201e-05,3.809771611918148e-05,2.770891675549591e-05,2.1086669618718016e-05,1.2389767321527653e-19]]","[[390.23185824645077,195.18686611323614,161.79959583816836,124.70170629486346,95.24338688287415,90.64784280728632,75.73183997088778,60.98797149185639,49.55656364117996,48.153608662399236,46.68779265981902,37.755694463668874,35.72557611569003,30.26753208141558,30.015824533000373,27.7484789702651,26.16951182467305,24.52093847338149,23.218004471467978,21.97486352300743,19.833741908261363,18.780552148931818,17.260255681991797,15.782347748565027,13.995750653715579],[0.5454106549685335,0.03371709164479255,0.018950724921948745,0.011126306356134763,0.010570216484597444,0.00948842367926312,0.006854269694177076,0.0056853257547370825,0.0048970152856888695,0.0046034526900416975,0.0040830455117774785,0.0037439885575125515,0.003252795371690396,0.0029619160360018692,0.002777926128964804,0.0023113393711840222]]","[[0.003,0.003,0.003,0.003,0.0029999999999999996,0.0029999999999999996,0.0029999999999999996,0.0029999999999999996,0.0029999999999999996,0.0029999999999999996,0.0029999999999999996,0.0029999999999999996,0.0029999999999999996,0.002999999999999999,0.0029999999999999983,0.0029999999999999983],[0.003000000000000003,0.003000000000000002,0.003000000000000001,0.0030000000000000005,0.0030000000000000005,0.0030000000000000005,0.0030000000000000005,0.0030000000000000005,0.0029999999999999996,0.0029999999999999996]]",12.999999999999998,12.999999999999991,0.9999999999999998,0.9999999999999991,0.9999999999999993,2.4789459578698078e-05,0.3854227672143876,0.0016205376682461674,0.015297058540778357,0.003000000000000003,0.06553082468702401,0.07008410267345742,0.23527245805598795,16,5,2
2,MNISTPatchClassifier,MNIST patch filters=16 kernel=5 stride=2 lr=3e-03,1.0,0.003,Adam,1,3,512,64,2.3025537785076238,3.614538798357714e-05,0.8984375,full_patch_and_classifier_activation,2.172930886178541,1.4049028499813836,1.51067213198155,3.7712865192542685e-05,5.220578276763198e-05,"[[0.001986268285237654,0.00044019778004148434,0.00036895250083080356,0.0002795663133308476,0.00020212848599917012,9.900282293861787e-05,6.280914882077846e-05,3.7990905928781645e-05,3.5827976846162825e-05,2.8030799483461578e-05,2.0077901678376594e-05,1.801094593036044e-05,1.1125223180777447e-05,1.0091259113794784e-05,6.6600721352783005e-06,4.271057522132892e-06],[0.004251164817280007,0.00033449811101209125,0.00024196024311893036,9.148551765552312e-05,4.901165383649419e-05,2.479490013441839e-05,1.8396962099728334e-05,1.5728530620960425e-05,1.1566168792052202e-05,1.1210199941942177e-19]]","[[390.23185824645077,195.18686611323614,161.79959583816836,124.70170629486346,95.24338688287415,90.64784280728632,75.73183997088778,60.98797149185639,49.55656364117996,48.153608662399236,46.68779265981902,37.755694463668874,35.72557611569003,30.26753208141558,30.015824533000373,27.7484789702651,26.16951182467305,24.52093847338149,23.218004471467978,21.97486352300743,19.833741908261363,18.780552148931818,17.260255681991797,15.782347748565027,13.995750653715579],[0.6957378543010846,0.03363714459061265,0.024860771222417217,0.01239127582651821,0.010073503618555127,0.009060460049911779,0.006897757427045097,0.005240383938075377,0.004749292713373655,0.004472392346951691,0.003445275667681986,0.003176703648398692,0.002686731750906928,0.0025004985269669396,0.002253060379199156,0.0015455394467540004]]","[[0.011740922419526522,0.004156457938288981,0.002251348599392925,0.001790569803133757,0.0014903176533226437,0.001166687612282255,0.0009986859704622607,0.0008209265286719921,0.0005965208740194253,0.0004060174738677925,0.0003555005333311755,0.0002503985192060531,0.00010725120299144496,9.784792937437086e-05,7.013690618602712e-05,3.039361634367885e-05],[0.00726140041689391,0.003308607915959297,0.0016289792159496063,0.000907919627732098,0.0005645777696546058,0.0004824100530492556,0.0003615160262392193,0.00016343753632532402,9.903803226634946e-05,6.227629445297356e-05]]",3.6686799453382086,1.258040842562063,0.2901293878430503,0.102763930430518,0.3484905922283006,3.371257171049373e-05,0.4596991912183696,0.002188640938272072,0.01540342736031875,0.011740922419526522,0.06492778324131883,0.06639269490956225,0.26813170802779496,16,5,2
3,MNISTPatchClassifier,MNIST patch filters=16 kernel=5 stride=2 lr=3e-03,1.0,0.003,Muon,1,3,512,64,2.302565908888804,2.5206006614819643e-05,0.923828125,full_patch_and_classifier_activation,2.1517431816661556,1.4058678226325965,1.511795441848868,3.825042219883163e-05,5.530180174752179e-05,"[[0.0023097130416950573,0.0005145076045887965,0.00040363454807487,0.000266372108909431,0.00017761685326258314,9.686520910320096e-05,8.974703747458273e-05,7.038990419535301e-05,4.1044605841062046e-05,3.6506092905047444e-05,3.295150043956381e-05,2.0663773212690925e-05,1.4752505201929922e-05,9.52414959030502e-06,7.566943498597766e-06,4.75817940593421e-06],[0.0035076106532222224,0.0003006717707598133,0.00022680449239944535,7.303542727425701e-05,5.200299308456795e-05,3.764847416822691e-05,3.1720736412366e-05,1.811760109753044e-05,9.983766488308656e-06,1.3215672318885382e-19]]","[[390.23185824645077,195.18686611323614,161.79959583816836,124.70170629486346,95.24338688287415,90.64784280728632,75.73183997088778,60.98797149185639,49.55656364117996,48.153608662399236,46.68779265981902,37.755694463668874,35.72557611569003,30.26753208141558,30.015824533000373,27.7484789702651,26.16951182467305,24.52093847338149,23.218004471467978,21.97486352300743,19.833741908261363,18.780552148931818,17.260255681991797,15.782347748565027,13.995750653715579],[0.5706535966045712,0.03491195670865892,0.020053100210254818,0.011938608516604565,0.009926769751258,0.009366728797340754,0.0069218051428373735,0.005642127046203505,0.004922004456287158,0.0044962885543727675,0.0043203858953226575,0.0037125275114287043,0.0034089246502978098,0.002929001684856146,0.002875415947740941,0.0023125540832158787]]","[[0.003000000000000002,0.0030000000000000014,0.003000000000000001,0.003000000000000001,0.003000000000000001,0.0030000000000000005,0.0030000000000000005,0.003,0.003,0.003,0.003,0.003,0.0029999999999999996,0.0029999999999999996,0.002999999999999999,0.0029999999999999988],[0.003000000000000001,0.0030000000000000005,0.003,0.003,0.003,0.003,0.0029999999999999996,0.0029999999999999988,0.0029999999999999988,0.0029999999999999983]]",13.000000000000004,12.99999999999999,1.0000000000000002,0.9999999999999991,0.9999999999999989,2.506262991691723e-05,0.3824907102580889,0.0016383953719014777,0.015297058540778357,0.003000000000000002,0.06492778324131883,0.06929869111729939,0.296302666189149,16,5,2
2,MNISTPatchClassifier,MNIST patch filters=16 kernel=5 stride=2 lr=3e-03,1.0,0.003,Adam,1,4,512,64,2.302479665597961,4.210538588012014e-05,0.8984375,full_patch_and_classifier_activation,1.7159818389978656,1.4041578132120511,1.2727565361153816,1.8456820717731295e-05,2.6766682668449982e-05,"[[0.002456671916738392,0.00035861715607582076,0.00020546440132240208,0.00011312728667141992,9.845881775622774e-05,6.968491176999053e-05,6.362137764321919e-05,4.510690726979006e-05,2.9229342299394227e-05,2.0134017473990195e-05,1.871877683948955e-05,1.0580924443832885e-05,8.010289405944995e-06,6.500888654029333e-06,5.525934033408402e-06,3.4033277470591047e-06],[0.0036267897168991256,0.0003256586011263628,0.00019714629546902293,8.459536255721193e-05,5.266283339755162e-05,4.3789042819448484e-05,2.898165559661547e-05,2.856478529216334e-05,1.2565194443192165e-05,8.243529229164047e-20]]","[[390.23185824645077,195.18686611323614,161.79959583816836,124.70170629486346,95.24338688287415,90.64784280728632,75.73183997088778,60.98797149185639,49.55656364117996,48.153608662399236,46.68779265981902,37.755694463668874,35.72557611569003,30.26753208141558,30.015824533000373,27.7484789702651,26.16951182467305,24.52093847338149,23.218004471467978,21.97486352300743,19.833741908261363,18.780552148931818,17.260255681991797,15.782347748565027,13.995750653715579],[0.8492718024380285,0.03341535995570381,0.026146313584124583,0.012671481141053697,0.009441300985796175,0.00912338522753892,0.006367154165327471,0.004979135686449669,0.004528596942142859,0.003915219357564823,0.0035750021631442575,0.0028007226925547968,0.002680133349303143,0.0024547589059116573,0.0018627680624510332,0.001403926808746389]]","[[0.011710048931578874,0.004117971608606143,0.0026472515223056646,0.0022813491278407725,0.0013604755168894864,0.0010810419294610797,0.0008947350822308512,0.0008599668450449089,0.0005199511463425115,0.00043521476848033445,0.0002855774358423028,0.00014309517320756777,9.070015503564004e-05,7.807263697602814e-05,6.523479395299385e-05,2.2865075655833268e-05],[0.007481614305580709,0.0034457573103902294,0.001575044273802517,0.0007149052638274583,0.000586525867442777,0.0005094949912824802,0.00029444170337680975,0.00019088472086831027,8.82320016657579e-05,6.391145993202585e-05]]",3.6240427969946043,1.264489283502931,0.28505575543249184,0.10300740771463293,0.3562761622356183,3.916589012111917e-05,0.5681714642460189,0.0025124195534592946,0.01558891311253828,0.011710048931578874,0.06470181619816585,0.06651855374037385,0.3283527500461787,16,5,2
3,MNISTPatchClassifier,MNIST patch filters=16 kernel=5 stride=2 lr=3e-03,1.0,0.003,Muon,1,4,512,64,2.3025443571174677,1.927475413809887e-05,0.8984375,full_patch_and_classifier_activation,2.0261665383443965,1.405864175533687,1.4824644251764032,1.7811543956339593e-05,2.8991156822738427e-05,"[[0.0020019183752338267,0.00037989650066302065,0.00018785380015870032,0.00016054196536852217,0.00011802203015329031,0.00010311601612665469,6.025644540020774e-05,4.7109759413440436e-05,3.5391410952563524e-05,3.3393327554288994e-05,2.3529662111555214e-05,1.8171054979286897e-05,1.2059420531642604e-05,9.498223249549321e-06,6.475452243787676e-06,4.681265844985769e-06],[0.0024208386086323314,0.0002879647920510526,0.00019584610689827477,7.400786432004254e-05,5.096509574671778e-05,4.57291320446765e-05,3.1984150350974317e-05,1.5860070242868807e-05,1.0345816465676983e-05,1.9472808813819e-19]]","[[390.23185824645077,195.18686611323614,161.79959583816836,124.70170629486346,95.24338688287415,90.64784280728632,75.73183997088778,60.98797149185639,49.55656364117996,48.153608662399236,46.68779265981902,37.755694463668874,35.72557611569003,30.26753208141558,30.015824533000373,27.7484789702651,26.16951182467305,24.52093847338149,23.218004471467978,21.97486352300743,19.833741908261363,18.780552148931818,17.260255681991797,15.782347748565027,13.995750653715579],[0.5800722223742154,0.03510997667992721,0.021906706420688826,0.011937623939253926,0.009488510027030182,0.008374750141334883,0.006760425327220132,0.005361076292970207,0.005029378728983286,0.004715650466427904,0.004410127349924475,0.003907052486977389,0.0035912536413258357,0.003098507973983461,0.002985163157259195,0.0023703799272700153]]","[[0.003000000000000001,0.003000000000000001,0.003000000000000001,0.0030000000000000005,0.003,0.003,0.003,0.003,0.003,0.003,0.003,0.0029999999999999996,0.0029999999999999988,0.0029999999999999988,0.0029999999999999988,0.0029999999999999983],[0.0030000000000000027,0.003000000000000002,0.003000000000000002,0.003000000000000001,0.0030000000000000005,0.0030000000000000005,0.003,0.0029999999999999996,0.0029999999999999988,0.0029999999999999983]]",13.0,12.999999999999986,1.0,0.9999999999999989,0.9999999999999989,1.900636904021381e-05,0.3882707351730433,0.0012424852130589231,0.015297058540778353,0.0030000000000000027,0.06470181619816585,0.0687901718620394,0.3582996251061559,16,5,2
2,MNISTPatchClassifier,MNIST patch filters=16 kernel=5 stride=2 lr=3e-03,1.0,0.003,Adam,1,5,512,64,2.3024113300294675,,0.8984375,full_patch_and_classifier_activation,1.5704522154119371,1.403740529465598,1.1689940256104383,3.430580490646129e-05,4.612924401069284e-05,"[[0.003894400110414814,0.00033146469501728847,0.0003105844684118822,0.0002401843306296927,0.00015443119271932174,0.00010570456907148746,6.62763643794348e-05,3.88511316844535e-05,3.154789235382077e-05,2.7483566158066783e-05,1.95936916256884e-05,1.6574167519834512e-05,1.2619055576352672e-05,8.583314729853848e-06,5.0678621297187536e-06,4.1751246211164555e-06],[0.00600454867385743,0.0004905108282211716,0.00016948554423611606,0.0001307745607685006,6.630814449692887e-05,5.795856928662251e-05,3.888539096328949e-05,2.520264848067375e-05,1.581763117817474e-05,2.36073167255061e-19]]","[[390.23185824645077,195.18686611323614,161.79959583816836,124.70170629486346,95.24338688287415,90.64784280728632,75.73183997088778,60.98797149185639,49.55656364117996,48.153608662399236,46.68779265981902,37.755694463668874,35.72557611569003,30.26753208141558,30.015824533000373,27.7484789702651,26.16951182467305,24.52093847338149,23.218004471467978,21.97486352300743,19.833741908261363,18.780552148931818,17.260255681991797,15.782347748565027,13.995750653715579],[1.029380960395126,0.03499942709393465,0.027757885422965964,0.01295446117361286,0.009272536640955174,0.008967808809245414,0.005893312973602283,0.004973340502722052,0.004451175295919696,0.0037461969505242255,0.0033433928741513764,0.002751944002620916,0.002435352944496584,0.001953851095574121,0.0015863144879796041,0.00136665347455772]]",,,,,,,,,,,,,,0.39069045800715685,16,5,2
3,MNISTPatchClassifier,MNIST patch filters=16 kernel=5 stride=2 lr=3e-03,1.0,0.003,Muon,1,5,512,64,2.302488440051152,,0.8984375,full_patch_and_classifier_activation,1.8321595663370889,1.405585160062556,1.356414779077542,3.487091237306528e-05,5.379196423986013e-05,"[[0.003077425359356736,0.00031471586723977676,0.0002479238497327121,0.00022268292423521338,0.000167446132321328,0.0001442596072776116,0.00010805653032902222,9.119060635482463e-05,4.2534477654175656e-05,3.562622474189616e-05,2.850347991999913e-05,1.9436423173987817e-05,1.4374697153768081e-05,9.793865974954764e-06,8.347911330493843e-06,6.9778170105634285e-06],[0.003618065111223455,0.00046076965670543805,0.00013940808204511196,0.00011572676082828142,8.435087790027758e-05,5.175565234013682e-05,3.957070834911589e-05,2.4956402456393237e-05,1.666395630612259e-05,1.0021621085232372e-19]]","[[390.23185824645077,195.18686611323614,161.79959583816836,124.70170629486346,95.24338688287415,90.64784280728632,75.73183997088778,60.98797149185639,49.55656364117996,48.153608662399236,46.68779265981902,37.755694463668874,35.72557611569003,30.26753208141558,30.015824533000373,27.7484789702651,26.16951182467305,24.52093847338149,23.218004471467978,21.97486352300743,19.833741908261363,18.780552148931818,17.260255681991797,15.782347748565027,13.995750653715579],[0.6186904973733348,0.03534618460904874,0.023629726212437155,0.012378354289151888,0.009358365678657768,0.008048233504701614,0.006341489115695506,0.005443307419509481,0.005057412286054787,0.0047920737673767195,0.004077878096752981,0.003779027689413783,0.00359884896283335,0.003193043570624091,0.0029166341217836986,0.0022545266897085153]]",,,,,,,,,,,,,,0.42073341622017324,16,5,2
4,MNISTPatchClassifier,MNIST patch filters=16 kernel=5 stride=2 lr=3e-03,1.0,0.003,Adam,2,0,512,64,2.302593098266341,4.225545590275104e-05,0.900390625,full_patch_and_classifier_activation,2.198413170571286,1.4187883170004567,1.512223082253929,4.82890697487037e-05,6.677041248120395e-05,"[[0.0025302947599091215,0.00069201603548164,0.0003784005030841874,0.00026758644142617686,0.000228954827432196,0.00015136232443582938,0.00010686438514161104,0.00010008813838864003,5.5959690006900315e-05,3.2770982392379704e-05,2.7427114100208564e-05,2.6454155857159462e-05,1.8624134260762508e-05,1.430313675132299e-05,1.0731272566884284e-05,5.284924498477075e-06],[0.0030866284021064125,0.00022594559677182615,9.859453195446088e-05,7.785054138411567e-05,6.498571007817822e-05,4.511213393818239e-05,2.4585035703953065e-05,2.021069040857682e-05,1.864964805030455e-05,1.4282089201731808e-19]]","[[385.4631266039292,193.67353929315215,163.5305164540714,123.66467601351606,96.43792511662514,92.57642915252309,74.85731861801413,61.4777093141017,49.55457513665488,48.955697500583675,45.84377864680122,37.75946415749075,35.91847983117771,30.072392062238123,30.01825061553237,28.280470726059434,26.556973510387824,24.504327569148856,23.662344317995107,21.60515119876028,19.950283507702544,18.95950195925815,16.96441509084872,15.994711848174608,14.108516018558104],[0.44591334696067747,0.02611091560783335,0.0255411481671514,0.01625576215964076,0.012450238849223022,0.008488138936774478,0.00753223030005637,0.00656624770603535,0.0063197750747120895,0.005271156332824117,0.004494561272490917,0.0041491419398301515,0.0035654008578371818,0.003166087435682901,0.0029792993933575457,0.0015104320441485524]]","[[0.010979918785502528,0.004025896611472711,0.003497103115619974,0.0027670051368565733,0.0020216915816624274,0.0017618301771029543,0.0012730251782844023,0.0009634489199913793,2.6645443125604756e-05,6.338201661732085e-07,4.006772116887727e-07,9.507276853050315e-08,6.823802023336423e-08,4.195911170754609e-08,3.837903961786735e-08,2.6889250452755393e-08],[0.007658699731657881,0.002357709419569857,0.001664042098596869,0.0007894030739016754,1.941018090073277e-06,1.3957749525966428e-07,7.150737890582037e-08,2.8834927973970595e-08,1.2602700697471297e-08,5.140954511854954e-09]]",3.3928955774735785,1.2663941940527244,0.2551967152840882,0.1007609299023543,0.4043428460965225,4.1037721904120636e-05,0.6544987984121907,0.0026827198049039136,0.015297058540778348,0.010979918785502528,0.06440360352459318,0.06486645525116924,0.040430499939247966,16,5,2
5,MNISTPatchClassifier,MNIST patch filters=16 kernel=5 stride=2 lr=3e-03,1.0,0.003,Muon,2,0,512,64,2.302593098266341,2.500116559467358e-05,0.900390625,full_patch_and_classifier_activation,2.198413170571286,1.4187883170004567,1.512223082253929,4.82890697487037e-05,6.677041248120395e-05,"[[0.0025302947599091215,0.00069201603548164,0.0003784005030841874,0.00026758644142617686,0.000228954827432196,0.00015136232443582938,0.00010686438514161104,0.00010008813838864003,5.5959690006900315e-05,3.2770982392379704e-05,2.7427114100208564e-05,2.6454155857159462e-05,1.8624134260762508e-05,1.430313675132299e-05,1.0731272566884284e-05,5.284924498477075e-06],[0.0030866284021064125,0.00022594559677182615,9.859453195446088e-05,7.785054138411567e-05,6.498571007817822e-05,4.511213393818239e-05,2.4585035703953065e-05,2.021069040857682e-05,1.864964805030455e-05,1.4282089201731808e-19]]","[[385.4631266039292,193.67353929315215,163.5305164540714,123.66467601351606,96.43792511662514,92.57642915252309,74.85731861801413,61.4777093141017,49.55457513665488,48.955697500583675,45.84377864680122,37.75946415749075,35.91847983117771,30.072392062238123,30.01825061553237,28.280470726059434,26.556973510387824,24.504327569148856,23.662344317995107,21.60515119876028,19.950283507702544,18.95950195925815,16.96441509084872,15.994711848174608,14.108516018558104],[0.44591334696067747,0.02611091560783335,0.0255411481671514,0.01625576215964076,0.012450238849223022,0.008488138936774478,0.00753223030005637,0.00656624770603535,0.0063197750747120895,0.005271156332824117,0.004494561272490917,0.0041491419398301515,0.0035654008578371818,0.003166087435682901,0.0029792993933575457,0.0015104320441485524]]","[[0.0030000000000000014,0.0030000000000000014,0.0030000000000000014,0.003000000000000001,0.003000000000000001,0.0030000000000000005,0.0030000000000000005,0.0030000000000000005,0.0030000000000000005,0.0030000000000000005,0.0029999999999999996,0.0029999999999999996,0.0029999999999999996,0.002999999999999999,0.002999999999999999,0.002999999999999999],[0.0030000000000000014,0.0030000000000000005,0.0030000000000000005,0.0029999999999999996,0.002999999999999999,0.002999999999999999,0.002999999999999999,0.002999999999999999,0.0029999999999999983,0.0029999999999999983]]",13.0,12.999999999999986,1.0,0.9999999999999989,0.9999999999999989,2.4929055348388526e-05,0.397586318489891,0.0016296633291906116,0.015297058540778351,0.0030000000000000014,0.06440360352459319,0.06771013211571747,0.07283845893107355,16,5,2
4,MNISTPatchClassifier,MNIST patch filters=16 kernel=5 stride=2 lr=3e-03,1.0,0.003,Adam,2,1,512,64,2.302560814908263,4.72535310001021e-05,0.90234375,full_patch_and_classifier_activation,1.9761551013711938,1.4180872757076153,1.425401526708887,3.811141822505132e-05,5.853372085791758e-05,"[[0.003058244172839429,0.0005854453837787624,0.0004482056099364072,0.0002673247782085889,0.00013660037722503405,9.764108661645901e-05,8.041542773412258e-05,6.838823322728972e-05,4.513125584070593e-05,3.582553865919852e-05,2.2654959045043966e-05,2.1217371724352875e-05,1.2614224349645911e-05,9.625360002114733e-06,9.009505650275424e-06,6.277861342456331e-06],[0.002927013902235517,0.0003014255703074427,0.00014993944676105028,0.00010597764962705457,7.713836725761648e-05,4.0843353753873886e-05,3.028588588450175e-05,2.339821152158712e-05,1.6034525636693503e-05,4.34943067290177e-19]]","[[385.4631266039292,193.67353929315215,163.5305164540714,123.66467601351606,96.43792511662514,92.57642915252309,74.85731861801413,61.4777093141017,49.55457513665488,48.955697500583675,45.84377864680122,37.75946415749075,35.91847983117771,30.072392062238123,30.01825061553237,28.280470726059434,26.556973510387824,24.504327569148856,23.662344317995107,21.60515119876028,19.950283507702544,18.95950195925815,16.96441509084872,15.994711848174608,14.108516018558104],[0.47782121533424804,0.027528114733783787,0.021667204096200935,0.018904580080820917,0.014111937516483793,0.007928228398576953,0.006828819656602351,0.006317161949791326,0.00575421300010181,0.005066566563417743,0.003976177104527165,0.00373435219527178,0.0033341182036608647,0.002847098889872927,0.002700628595564448,0.0014018244964075753]]","[[0.011893246659331799,0.003432045388239405,0.002312469131944677,0.0017078239785064077,0.0015961738476452923,0.0012918265179305203,0.0011877445752907331,0.0008227196607169699,0.0006008122366222257,0.000549772341758622,0.0003217545732359372,0.00016443400548787554,5.7480391094941024e-05,3.122742553308677e-05,2.2965345261618054e-05,1.8001184622008154e-05],[0.0075616145413004866,0.0020129858800976676,0.0014741343834490967,0.000904598360525524,0.000337300585064904,0.00022447356200385417,0.0001331086173246083,7.32885378870141e-05,4.598298247957739e-05,2.988849414065244e-05]]",3.2777133236264007,1.1592137235803248,0.25253068878138163,0.0935729690359085,0.3700411977154334,4.531427248343842e-05,0.6862390474661206,0.002968590232754324,0.015264576425354209,0.011893246659331799,0.0644020540237922,0.06435265922243091,0.10510645899921656,16,5,2
5,MNISTPatchClassifier,MNIST patch filters=16 kernel=5 stride=2 lr=3e-03,1.0,0.003,Muon,2,1,512,64,2.3025720315729368,2.528537221779814e-05,0.900390625,full_patch_and_classifier_activation,2.0636591703028087,1.41885350958783,1.484814369755065,3.823945285472067e-05,6.081226136248013e-05,"[[0.002941501593254021,0.0005984467162906151,0.00046356332723178855,0.00027173689442426064,0.00015639383824520885,9.597305178298176e-05,7.833938096708809e-05,7.027506400865114e-05,4.919306086958672e-05,3.7127230345246084e-05,2.443871867347941e-05,1.969461909988498e-05,1.7133034599112793e-05,1.4255608322317403e-05,9.259345672229597e-06,6.886750331272689e-06],[0.002753623147370554,0.00033423042481130547,0.00015672154494947464,9.209913752962339e-05,7.512621594692303e-05,4.628481989670167e-05,2.9006288339176964e-05,2.3375339455948843e-05,1.5562675842050548e-05,1.1060706663828545e-19]]","[[385.4631266039292,193.67353929315215,163.5305164540714,123.66467601351606,96.43792511662514,92.57642915252309,74.85731861801413,61.4777093141017,49.55457513665488,48.955697500583675,45.84377864680122,37.75946415749075,35.91847983117771,30.072392062238123,30.01825061553237,28.280470726059434,26.556973510387824,24.504327569148856,23.662344317995107,21.60515119876028,19.950283507702544,18.95950195925815,16.96441509084872,15.994711848174608,14.108516018558104],[0.4498004537528723,0.02707950361879123,0.025089172529983366,0.01695096111969005,0.013351626708664528,0.008246915951325394,0.007317190810379637,0.00679838708141537,0.005932984499383514,0.005249404355137232,0.004417864775534005,0.003988921065007661,0.003557119753549383,0.0030550453151121718,0.0028817511996948363,0.0014946516493389388]]","[[0.0030000000000000022,0.003000000000000002,0.0030000000000000014,0.003000000000000001,0.003000000000000001,0.003000000000000001,0.0030000000000000005,0.0030000000000000005,0.003,0.0029999999999999996,0.0029999999999999996,0.0029999999999999996,0.002999999999999999,0.002999999999999999,0.002999999999999999,0.0029999999999999983],[0.0030000000000000014,0.0030000000000000005,0.0030000000000000005,0.0029999999999999996,0.0029999999999999996,0.0029999999999999996,0.002999999999999999,0.002999999999999999,0.002999999999999999,0.002999999999999999]]",12.999999999999998,12.999999999999984,0.9999999999999999,0.9999999999999988,0.9999999999999989,2.5140743484778513e-05,0.39760247498840284,0.0016435018155784142,0.015297058540778355,0.0030000000000000022,0.06440205402379222,0.06781451011200104,0.13321216707117856,16,5,2
4,MNISTPatchClassifier,MNIST patch filters=16 kernel=5 stride=2 lr=3e-03,1.0,0.003,Adam,2,2,512,64,2.3025990335967954,3.0051468576708373e-05,0.876953125,full_patch_and_classifier_activation,1.9043326722024236,1.416242579307224,1.3466552921436754,3.784954525295378e-05,5.123350736430321e-05,"[[0.00291835182251458,0.0005030825889247992,0.0003281664515635834,0.00027577076552001733,0.00015068775275211844,0.00012138819171061003,0.00010256294608066903,7.554342285466654e-05,5.8590984040713084e-05,5.104264486550031e-05,3.199380165878638e-05,2.851148786993988e-05,1.877556732293079e-05,1.3290754590705132e-05,1.0872747383992045e-05,9.233755118718113e-06],[0.0035974943041682246,0.00022774671810495256,0.00012367923114957557,0.0001008610022677068,6.141591759601601e-05,3.7663106995494206e-05,2.89010208374059e-05,2.368294176253104e-05,8.704605395403974e-06,1.0472715523884794e-19]]","[[385.4631266039292,193.67353929315215,163.5305164540714,123.66467601351606,96.43792511662514,92.57642915252309,74.85731861801413,61.4777093141017,49.55457513665488,48.955697500583675,45.84377864680122,37.75946415749075,35.91847983117771,30.072392062238123,30.01825061553237,28.280470726059434,26.556973510387824,24.504327569148856,23.662344317995107,21.60515119876028,19.950283507702544,18.95950195925815,16.96441509084872,15.994711848174608,14.108516018558104],[0.586644468238759,0.027204639668173103,0.018396387911446824,0.017141277724766476,0.014700601617580812,0.008112635466561364,0.006255173757352347,0.005942571375601393,0.0048190177964725234,0.00450731326076948,0.003719261477899264,0.003332855701401567,0.003026657066060741,0.0025222015634034064,0.0024830552228882028,0.0013534085759921365]]","[[0.011157930139235427,0.004926926214847818,0.0030574731763444167,0.0019708096385433866,0.0014526739507916707,0.001285911254291108,0.00092648747317409,0.0006364041916094406,0.0005126799582316813,0.00033808860287270397,0.00022763932707187123,0.0001964660057317357,0.00010226152275406576,6.603326336671752e-05,5.889696775034551e-05,3.907218378929112e-05],[0.00787005828455884,0.0016628185680518295,0.0012087852201322948,0.0008462306162299822,0.0005028933392691471,0.00041534884696657555,0.00021543915196574275,0.00014746073730566338,9.196031617924895e-05,5.502501240079182e-05]]",3.42580200849596,1.2167515392257011,0.2612530781435355,0.09644599193743747,0.3714734373767596,2.754066311842028e-05,0.38273954509150393,0.0017969143977025982,0.01532664168845869,0.011157930139235427,0.06432358085864658,0.06460728812729838,0.1688298750668764,16,5,2
5,MNISTPatchClassifier,MNIST patch filters=16 kernel=5 stride=2 lr=3e-03,1.0,0.003,Muon,2,2,512,64,2.3025853257273092,2.447257752757892e-05,0.884765625,full_patch_and_classifier_activation,2.242630438842326,1.4186120616741134,1.568922501925036,3.801214400719606e-05,5.806229463431336e-05,"[[0.0025772325402399106,0.000502500429198576,0.0004087882877887755,0.00035203242763820594,0.00017675031936275126,0.0001517288475304366,0.00010587653358089864,9.883413821015454e-05,5.5688371932904207e-05,5.293383741858526e-05,3.5520876610587734e-05,3.0503672139246247e-05,2.4458151012994456e-05,2.2448771635972196e-05,1.576023155471934e-05,1.4245983008323917e-05],[0.0028665081173399596,0.000329451880290344,0.00011802670440465799,9.2664463694192e-05,7.84097735254795e-05,5.0154096343476485e-05,2.554975545581224e-05,2.139062000183127e-05,8.702439254727788e-06,1.1789760152137568e-19]]","[[385.4631266039292,193.67353929315215,163.5305164540714,123.66467601351606,96.43792511662514,92.57642915252309,74.85731861801413,61.4777093141017,49.55457513665488,48.955697500583675,45.84377864680122,37.75946415749075,35.91847983117771,30.072392062238123,30.01825061553237,28.280470726059434,26.556973510387824,24.504327569148856,23.662344317995107,21.60515119876028,19.950283507702544,18.95950195925815,16.96441509084872,15.994711848174608,14.108516018558104],[0.46890450659793215,0.02811938529908371,0.024987697065691324,0.01786115465861627,0.013575035808140954,0.008244418780458411,0.007180231861173147,0.006542442893317427,0.00574469549378404,0.005142173208130842,0.004412285690640504,0.003763315729784378,0.003530401081749328,0.002935126131876143,0.002839333921724103,0.0014975223187968039]]","[[0.003,0.003,0.0029999999999999996,0.0029999999999999996,0.0029999999999999996,0.0029999999999999996,0.0029999999999999996,0.002999999999999999,0.002999999999999999,0.002999999999999999,0.002999999999999999,0.0029999999999999983,0.0029999999999999983,0.0029999999999999983,0.0029999999999999983,0.002999999999999997],[0.0030000000000000027,0.0030000000000000022,0.003000000000000002,0.0030000000000000014,0.0030000000000000014,0.0030000000000000014,0.0030000000000000014,0.003000000000000001,0.003000000000000001,0.0030000000000000005]]",13.0,12.999999999999993,1.0,0.9999999999999993,0.9999999999999993,2.4648483807520568e-05,0.40759229479783604,0.0016113217937823482,0.015297058540778355,0.0030000000000000027,0.06432358085864659,0.06782138916814523,0.197288875002414,16,5,2
4,MNISTPatchClassifier,MNIST patch filters=16 kernel=5 stride=2 lr=3e-03,1.0,0.003,Adam,2,3,512,64,2.3024998709489233,5.460175726135219e-05,0.888671875,full_patch_and_classifier_activation,1.6659668724917502,1.4151852939968597,1.1848445733420565,4.5429034125728646e-05,5.5018023657820075e-05,"[[0.0038821889536428387,0.0006592640985645497,0.000356738000260009,0.0002850928554658805,0.00012898946869148187,0.00010312006899628112,8.923081913931174e-05,7.421108317911468e-05,5.739701352836332e-05,3.871058194550223e-05,2.924396912255153e-05,2.1423627891562143e-05,2.0402871648502524e-05,1.3962151566946996e-05,1.0387624937606595e-05,6.200018391834372e-06],[0.004562612773375472,0.00018865461444895177,9.149535172104323e-05,5.759810060213074e-05,4.770303983139691e-05,4.161297977937712e-05,2.2798816426585992e-05,1.3615612941528446e-05,9.267892059688836e-06,3.2058347638629647e-19]]","[[385.4631266039292,193.67353929315215,163.5305164540714,123.66467601351606,96.43792511662514,92.57642915252309,74.85731861801413,61.4777093141017,49.55457513665488,48.955697500583675,45.84377864680122,37.75946415749075,35.91847983117771,30.072392062238123,30.01825061553237,28.280470726059434,26.556973510387824,24.504327569148856,23.662344317995107,21.60515119876028,19.950283507702544,18.95950195925815,16.96441509084872,15.994711848174608,14.108516018558104],[0.6777818172588064,0.023130687769282655,0.01735560255606966,0.016355946262761253,0.011669987794912209,0.0084527073814575,0.0059735689470024125,0.005823809820818326,0.004657316876580385,0.004117230464343342,0.003385831951315212,0.002893750430828378,0.0026953741484570895,0.0023219045658282827,0.0023047040755282944,0.0012240700620090887]]","[[0.0116756271454609,0.004183175765001983,0.003007621050483827,0.0021373212771469943,0.00143599349283869,0.0010908430635869332,0.000725770392181805,0.00046037881851194285,0.0003965085311345141,0.0003181480973012862,0.0002362332652158692,0.00015174478340162345,0.00012294759484506872,9.612837148213958e-05,4.1335397828180476e-05,3.726293215661801e-05],[0.007595236322606836,0.001684738801643021,0.001114856898204934,0.0009792442418892495,0.0006390357076027378,0.00019778002770862356,0.00018252348595700858,0.00016269573144114867,7.684733243682737e-05,6.840283777932828e-05]]",3.260669500901936,1.1782653179300815,0.2516186348934328,0.09419808672096813,0.37359600566718326,5.13269776144158e-05,0.5531612177907609,0.0033479590613416017,0.01533082593723471,0.0116756271454609,0.06390918108910613,0.06358048652324666,0.22935933410190046,16,5,2
5,MNISTPatchClassifier,MNIST patch filters=16 kernel=5 stride=2 lr=3e-03,1.0,0.003,Muon,2,3,512,64,2.3025751588176693,2.9810520774997684e-05,0.90234375,full_patch_and_classifier_activation,1.9643606867794428,1.418758074541791,1.3942678240967388,4.6713331766172075e-05,6.670555455301028e-05,"[[0.003753876749539198,0.000802159027922593,0.00045714579515599476,0.0003770176919720088,0.000197580564915509,0.00017241519207848147,9.31744817484395e-05,7.29542307072627e-05,5.7803914979529225e-05,4.434631165872273e-05,2.76630784025049e-05,2.6783519914377187e-05,2.128855187668358e-05,1.680283045692271e-05,1.2299016280252715e-05,9.112945243148316e-06],[0.0031435638594378658,0.00030957287791727846,0.00011788664239332249,6.812060295618364e-05,5.0866662876514805e-05,4.1899831408240295e-05,3.455931902492197e-05,2.0008432293162854e-05,1.2297863931275937e-05,2.5508897673560855e-19]]","[[385.4631266039292,193.67353929315215,163.5305164540714,123.66467601351606,96.43792511662514,92.57642915252309,74.85731861801413,61.4777093141017,49.55457513665488,48.955697500583675,45.84377864680122,37.75946415749075,35.91847983117771,30.072392062238123,30.01825061553237,28.280470726059434,26.556973510387824,24.504327569148856,23.662344317995107,21.60515119876028,19.950283507702544,18.95950195925815,16.96441509084872,15.994711848174608,14.108516018558104],[0.4627360888937155,0.027277667427638274,0.025512534785020257,0.01790056567684299,0.014273076996832902,0.008283994205553502,0.007737128897285238,0.0068056429892602984,0.005701436233562748,0.004595469234802724,0.004361469014632937,0.0037047456817648193,0.003599233135186168,0.002909070863925001,0.002561937642852306,0.0013412515104918336]]","[[0.0030000000000000014,0.003000000000000001,0.0030000000000000005,0.0030000000000000005,0.0030000000000000005,0.0030000000000000005,0.0030000000000000005,0.0029999999999999996,0.0029999999999999996,0.0029999999999999996,0.0029999999999999996,0.0029999999999999996,0.0029999999999999996,0.002999999999999999,0.002999999999999998,0.002999999999999997],[0.003,0.0029999999999999996,0.0029999999999999996,0.0029999999999999996,0.002999999999999999,0.002999999999999999,0.0029999999999999983,0.0029999999999999983,0.0029999999999999983,0.0029999999999999966]]",13.0,12.999999999999986,1.0,0.999999999999999,0.9999999999999989,2.982359998527119e-05,0.3885362319973184,0.001949629721672863,0.015297058540778353,0.0030000000000000014,0.06390918108910615,0.06740596947734935,0.2576451669447124,16,5,2
4,MNISTPatchClassifier,MNIST patch filters=16 kernel=5 stride=2 lr=3e-03,1.0,0.003,Adam,2,4,512,64,2.30252620959787,5.230785543375305e-05,0.888671875,full_patch_and_classifier_activation,1.6696931337629595,1.4145231758503596,1.1846914394761292,3.411973889876516e-05,4.092408652627093e-05,"[[0.002531123521476391,0.0003722746962888975,0.0002214174835077586,0.0001700925180089021,0.00011073762323309617,8.152379024580786e-05,6.0253360751167316e-05,5.170722874376703e-05,4.344978477930195e-05,3.5566812627766006e-05,2.9481467150911193e-05,2.437826483536161e-05,1.7264055967280495e-05,9.677372777399561e-06,7.259233491239746e-06,5.172829488232403e-06],[0.004733566774978204,0.00015691508958140136,0.00010914661921819189,6.62861544111769e-05,4.146825021821541e-05,2.7726954450413888e-05,2.288499315391984e-05,1.979051620478583e-05,1.6294782298772728e-05,2.8404338251233396e-19]]","[[385.4631266039292,193.67353929315215,163.5305164540714,123.66467601351606,96.43792511662514,92.57642915252309,74.85731861801413,61.4777093141017,49.55457513665488,48.955697500583675,45.84377864680122,37.75946415749075,35.91847983117771,30.072392062238123,30.01825061553237,28.280470726059434,26.556973510387824,24.504327569148856,23.662344317995107,21.60515119876028,19.950283507702544,18.95950195925815,16.96441509084872,15.994711848174608,14.108516018558104],[0.8111809191181643,0.020236574406331656,0.017751612106200874,0.014188116648790832,0.009626252536844392,0.008448716886246446,0.005864835657714782,0.00518501486870365,0.00458883055551371,0.003687602238726468,0.003147812860232062,0.0024678128592262854,0.0023635056581595634,0.002264421005013881,0.0020436255233577945,0.0012543335457232726]]","[[0.011664278534951002,0.004358716993444641,0.002975740375763136,0.0023240919687966656,0.0012788649965649003,0.000997549410403113,0.0006186660107830473,0.0005137102985223592,0.0003479554617646757,0.00031119572194144885,0.00024423398416089563,0.00013279989275811178,0.00010599369446001521,9.649987529114764e-05,4.79199608928447e-05,2.947596761154103e-05],[0.0074940237667284705,0.0020397807551659963,0.0015376130876514145,0.0008489625070534043,0.000603458636570129,0.0001904333171858148,0.00014322844529016053,0.00011693250197799529,7.830287036275814e-05,5.065150498243812e-05]]",3.306553523666567,1.2038822830146418,0.25708061301067164,0.09655973499018383,0.37332486565533674,4.850056028997674e-05,0.5842718804107827,0.003152074252680264,0.015386871121051754,0.011664278534951002,0.06348470653866606,0.06319321980529197,0.29251279192976654,16,5,2
5,MNISTPatchClassifier,MNIST patch filters=16 kernel=5 stride=2 lr=3e-03,1.0,0.003,Muon,2,4,512,64,2.302578163058896,2.1973816825227033e-05,0.888671875,full_patch_and_classifier_activation,2.331769236984516,1.4188282531084844,1.6056592455971117,3.6394128144271206e-05,5.3658383143482266e-05,"[[0.002087040554763158,0.0004801229667515323,0.0003754899129108666,0.000284725810601575,0.0001716742584758144,0.00014469308292276118,9.611773123268358e-05,7.348919492406833e-05,6.090394220969174e-05,5.064284026270433e-05,3.331561792061718e-05,2.537276122189878e-05,1.8811044919810086e-05,1.454252688434839e-05,1.0031798872722944e-05,9.355160496309472e-06],[0.002822177782179495,0.00024375679469581008,0.00012001281242063805,8.211370559895797e-05,5.985410051818599e-05,4.608222508497973e-05,3.7626022438643854e-05,2.9583937527846915e-05,2.266927847742938e-05,2.423905803228611e-19]]","[[385.4631266039292,193.67353929315215,163.5305164540714,123.66467601351606,96.43792511662514,92.57642915252309,74.85731861801413,61.4777093141017,49.55457513665488,48.955697500583675,45.84377864680122,37.75946415749075,35.91847983117771,30.072392062238123,30.01825061553237,28.280470726059434,26.556973510387824,24.504327569148856,23.662344317995107,21.60515119876028,19.950283507702544,18.95950195925815,16.96441509084872,15.994711848174608,14.108516018558104],[0.4704179847374388,0.02808320614955785,0.02620885197300699,0.018588531327578272,0.01442825544833732,0.008310416182988212,0.007595276491393239,0.006427294884814044,0.005531321791384491,0.004657630845974571,0.004587756097804164,0.003728529489565129,0.003406424731837128,0.002882658759378709,0.002858697843574673,0.0015658962802132818]]","[[0.003,0.0029999999999999996,0.0029999999999999996,0.0029999999999999996,0.0029999999999999996,0.0029999999999999996,0.0029999999999999996,0.002999999999999999,0.002999999999999999,0.0029999999999999983,0.0029999999999999983,0.0029999999999999983,0.0029999999999999983,0.0029999999999999983,0.002999999999999998,0.002999999999999998],[0.0030000000000000022,0.0030000000000000014,0.0030000000000000014,0.0030000000000000014,0.003000000000000001,0.0030000000000000005,0.0030000000000000005,0.0029999999999999996,0.002999999999999999,0.0029999999999999988]]",13.0,12.99999999999999,1.0,0.9999999999999991,0.9999999999999991,2.2200617592937654e-05,0.40351405883518493,0.0014512997733359023,0.015297058540778353,0.0030000000000000022,0.06348470653866607,0.06693237042082113,0.32183587504550815,16,5,2
4,MNISTPatchClassifier,MNIST patch filters=16 kernel=5 stride=2 lr=3e-03,1.0,0.003,Adam,2,5,512,64,2.3025333934995786,,0.888671875,full_patch_and_classifier_activation,1.686748941889111,1.4142095565252535,1.210473388380944,1.9051938343202063e-05,2.4220427122251032e-05,"[[0.002858977882828707,0.00042430630294512965,0.00026622304682826273,0.0002045585993819997,0.00011827346630999056,7.927095596684361e-05,7.052613520486737e-05,5.410802707860025e-05,3.5674865378204253e-05,3.0080289092956324e-05,2.3112657922808673e-05,1.8856747739990023e-05,1.6690293819173836e-05,1.0592878162075404e-05,7.300594158878098e-06,6.596069926316224e-06],[0.004152759237228945,0.00018796745611107923,0.0001223021609741462,8.444160655857915e-05,5.640817520335567e-05,3.657222118127133e-05,2.7464329558564845e-05,1.611002470175687e-05,9.684765940767531e-06,3.0521352337989573e-19]]","[[385.4631266039292,193.67353929315215,163.5305164540714,123.66467601351606,96.43792511662514,92.57642915252309,74.85731861801413,61.4777093141017,49.55457513665488,48.955697500583675,45.84377864680122,37.75946415749075,35.91847983117771,30.072392062238123,30.01825061553237,28.280470726059434,26.556973510387824,24.504327569148856,23.662344317995107,21.60515119876028,19.950283507702544,18.95950195925815,16.96441509084872,15.994711848174608,14.108516018558104],[0.9531477694716062,0.019520170887545298,0.01745140443995066,0.012837540385806761,0.009356217056949058,0.007998357973220911,0.005346836371257105,0.00476381855942178,0.004649261323922463,0.003168773474738893,0.002913244603864876,0.0023973158687155246,0.002143838544324854,0.0020222948358752835,0.0017192296336510473,0.0012691365600068982]]",,,,,,,,,,,,,,0.3529024999588728,16,5,2
5,MNISTPatchClassifier,MNIST patch filters=16 kernel=5 stride=2 lr=3e-03,1.0,0.003,Muon,2,5,512,64,2.302547564955079,,0.888671875,full_patch_and_classifier_activation,2.7500287277693642,1.4188425035583778,1.9265006461803014,1.9584199035756312e-05,3.693152357749033e-05,"[[0.0017612494362657658,0.0005913727978076371,0.00042150239359759677,0.0002775414460017798,0.00016943589256457534,0.00012395853736612262,7.67609114916065e-05,5.783413316735891e-05,5.085427539339125e-05,3.64612938638457e-05,3.221063056460282e-05,2.66001270927306e-05,2.2776964418361804e-05,1.40018645208344e-05,1.0574583601154598e-05,6.2355589590688705e-06],[0.002048523955053598,0.0003551843606564544,0.00016942369223262935,0.0001305280827562559,6.138805753230188e-05,4.4095457059792985e-05,3.789351076091771e-05,2.9284741343439073e-05,1.1528007946362823e-05,1.0817204413750843e-19]]","[[385.4631266039292,193.67353929315215,163.5305164540714,123.66467601351606,96.43792511662514,92.57642915252309,74.85731861801413,61.4777093141017,49.55457513665488,48.955697500583675,45.84377864680122,37.75946415749075,35.91847983117771,30.072392062238123,30.01825061553237,28.280470726059434,26.556973510387824,24.504327569148856,23.662344317995107,21.60515119876028,19.950283507702544,18.95950195925815,16.96441509084872,15.994711848174608,14.108516018558104],[0.47272680122277055,0.02836121627626736,0.025588079514874178,0.019348530189810063,0.015031750547751006,0.008723457539906056,0.007498079946435234,0.006163181267994801,0.005262663806791458,0.004690796603291922,0.004665971049803452,0.003580339893453575,0.0033757759402802123,0.0030055100025579307,0.0027359406627417825,0.0015264729326206997]]",,,,,,,,,,,,,,0.3818732090294361,16,5,2
6,MNISTPatchClassifier,MNIST patch filters=16 kernel=5 stride=2 lr=1e-02,1.0,0.01,Adam,0,0,512,64,2.302608185233685,0.00017698857181080996,0.921875,full_patch_and_classifier_activation,1.9619368244807986,1.4010899407330044,1.3976246538522399,3.788011494785123e-05,5.258356359246644e-05,"[[0.002713090124039969,0.0006311382556221938,0.00036926149608135537,0.00021071555044575177,0.00013860304495573922,9.736205025443198e-05,8.03927414716356e-05,5.3662549773046555e-05,4.485077777952613e-05,4.089344539272923e-05,3.5748926272728296e-05,2.424132162115283e-05,1.9876450792649016e-05,1.4775450855833148e-05,1.2814724244473194e-05,4.545979004716907e-06],[0.0040133971852713965,0.0002890601646633408,0.00015048367665029737,0.0001284199059421552,6.712712415310378e-05,5.3274745962441433e-05,2.843561799191253e-05,1.980884766489411e-05,1.2407180566818698e-05,1.6194180708946867e-19]]","[[395.31136966712677,195.45029926973734,165.68082986607993,123.29519539466884,97.27393037028926,93.04241616052647,74.42487988933318,61.26353996202877,50.047678244470596,49.44139343827181,45.49281440429085,37.896204647816965,35.80561069723701,30.139722484383505,30.030811852001257,28.715711501690123,25.87090471024154,24.38340032625083,23.78212810168266,21.516353767964723,19.78051422772709,18.79389441253032,16.790303168534358,15.691367805256563,13.979570025804959],[0.6547431028310383,0.030688302579284045,0.026920043265603016,0.019207895121904673,0.013670849387123495,0.010939908370277657,0.009190408323025746,0.007398747931022547,0.006698172593123833,0.005208495005493353,0.005019374414764948,0.004503816424353507,0.0038184876385234973,0.0030719487531786793,0.0026749563513426794,0.0026383831452815357]]","[[0.041322222358091604,0.010117408067626472,0.005604617687644507,0.0039466859232151754,1.7613129445701378e-06,1.0891196158835231e-06,1.0023207502664872e-06,5.127609567650237e-07,4.268320521303617e-07,3.4159408993067034e-07,1.637383725882096e-07,8.606606502589525e-08,5.28083067434591e-08,4.408156252577639e-08,2.6014111130196276e-08,1.8357884321688602e-08],[0.025685562982440374,0.007436402555274436,0.005298649411228117,1.6297751709771615e-06,1.1371946106698337e-06,2.1079281604064834e-07,1.2732280609092286e-07,5.317947735403545e-08,2.474064878870244e-08,3.6549293207437476e-09]]",1.9952016114649331,1.1069204435349134,0.16195133736574263,0.09030206183124775,0.5548426593734821,0.0001829855798410232,0.729147729157789,0.0035886424704441064,0.050990195135927854,0.041322222358091604,0.20913758998671436,0.21305829508206905,0.028944249963387847,16,5,2
7,MNISTPatchClassifier,MNIST patch filters=16 kernel=5 stride=2 lr=1e-02,1.0,0.01,Muon,0,0,512,64,2.302608185233685,8.712547529432513e-05,0.921875,full_patch_and_classifier_activation,1.9619368244807986,1.4010899407330044,1.3976246538522399,3.788011494785123e-05,5.258356359246644e-05,"[[0.002713090124039969,0.0006311382556221938,0.00036926149608135537,0.00021071555044575177,0.00013860304495573922,9.736205025443198e-05,8.03927414716356e-05,5.3662549773046555e-05,4.485077777952613e-05,4.089344539272923e-05,3.5748926272728296e-05,2.424132162115283e-05,1.9876450792649016e-05,1.4775450855833148e-05,1.2814724244473194e-05,4.545979004716907e-06],[0.0040133971852713965,0.0002890601646633408,0.00015048367665029737,0.0001284199059421552,6.712712415310378e-05,5.3274745962441433e-05,2.843561799191253e-05,1.980884766489411e-05,1.2407180566818698e-05,1.6194180708946867e-19]]","[[395.31136966712677,195.45029926973734,165.68082986607993,123.29519539466884,97.27393037028926,93.04241616052647,74.42487988933318,61.26353996202877,50.047678244470596,49.44139343827181,45.49281440429085,37.896204647816965,35.80561069723701,30.139722484383505,30.030811852001257,28.715711501690123,25.87090471024154,24.38340032625083,23.78212810168266,21.516353767964723,19.78051422772709,18.79389441253032,16.790303168534358,15.691367805256563,13.979570025804959],[0.6547431028310383,0.030688302579284045,0.026920043265603016,0.019207895121904673,0.013670849387123495,0.010939908370277657,0.009190408323025746,0.007398747931022547,0.006698172593123833,0.005208495005493353,0.005019374414764948,0.004503816424353507,0.0038184876385234973,0.0030719487531786793,0.0026749563513426794,0.0026383831452815357]]","[[0.010000000000000009,0.010000000000000005,0.010000000000000004,0.010000000000000004,0.010000000000000004,0.010000000000000004,0.010000000000000004,0.010000000000000002,0.010000000000000002,0.010000000000000002,0.010000000000000002,0.010000000000000002,0.010000000000000002,0.010000000000000002,0.009999999999999998,0.009999999999999997],[0.010000000000000002,0.010000000000000002,0.010000000000000002,0.010000000000000002,0.01,0.01,0.01,0.01,0.009999999999999998,0.009999999999999997]]",13.0,12.999999999999988,1.0,0.9999999999999991,0.9999999999999991,9.254387337474294e-05,0.36876214605153257,0.001814934677697207,0.05099019513592787,0.010000000000000009,0.20913758998671442,0.22342100718100494,0.057629792019724846,16,5,2
6,MNISTPatchClassifier,MNIST patch filters=16 kernel=5 stride=2 lr=1e-02,1.0,0.01,Adam,0,1,512,64,2.302480476214223,0.00022305278507506188,0.884765625,full_patch_and_classifier_activation,1.6134754827678859,1.3993519936173455,1.1732666553434898,3.44365875963964e-05,4.286334504529765e-05,"[[0.003685160934530766,0.00047407861110868943,0.000315402527729549,0.00022227070247262466,0.00018171939672000426,0.0001125143409036424,7.485721545680991e-05,4.8372495109189775e-05,4.259311956990855e-05,2.8430306348980767e-05,2.3720707415205356e-05,1.8453079514549697e-05,1.3741885417489836e-05,9.534841280672202e-06,8.765911203032378e-06,6.101204364214969e-06],[0.005248678786670513,0.00021281904299601638,0.00014118250516828145,0.00011427310948884117,6.525323055303065e-05,3.8789617900712913e-05,2.5118133776321525e-05,1.775048274752865e-05,8.764783303793753e-06,3.353571082752614e-19]]","[[395.31136966712677,195.45029926973734,165.68082986607993,123.29519539466884,97.27393037028926,93.04241616052647,74.42487988933318,61.26353996202877,50.047678244470596,49.44139343827181,45.49281440429085,37.896204647816965,35.80561069723701,30.139722484383505,30.030811852001257,28.715711501690123,25.87090471024154,24.38340032625083,23.78212810168266,21.516353767964723,19.78051422772709,18.79389441253032,16.790303168534358,15.691367805256563,13.979570025804959],[0.895797834102949,0.033610744064470385,0.018562324553367853,0.016276951400550046,0.010579021035559053,0.009782797160843834,0.0071595849666685795,0.005747853023521487,0.005289109205375631,0.005220963064459752,0.004545818607553434,0.0037162566998117275,0.0030070986846838644,0.0029216435634699545,0.002200444502019415,0.0018122305174264185]]","[[0.0435620263982501,0.003966511819217341,0.0034403512188912796,0.002478657612130892,0.001500814493415516,0.0012522662173802535,0.0009123698481668895,0.0007800257704141482,0.0005433683460896256,0.00036887346583127777,0.0003402945103952289,0.00029683914822090926,0.00024278680073799356,0.00017581104624575907,9.166099140896366e-05,3.569015341902058e-05],[0.025023815659930917,0.007547805950865682,0.004609265508500961,0.0032356477707324587,0.0008006788563396295,0.0006260414097842378,0.000361309416386954,0.00025988938327883165,0.00022076241173782789,9.733261278775086e-05]]",2.2066197055002097,1.0823045349909481,0.1858342629197744,0.08908810103744066,0.4985611307537087,0.00018904204036922153,0.5686747548138531,0.0036698378447243647,0.05151236876609739,0.0435620263982501,0.2073722882145656,0.20925820878523504,0.08839816693216562,16,5,2
7,MNISTPatchClassifier,MNIST patch filters=16 kernel=5 stride=2 lr=1e-02,1.0,0.01,Muon,0,1,512,64,2.3025390651619517,0.00010393292361987605,0.921875,full_patch_and_classifier_activation,1.6981513116612195,1.4008849405434363,1.2610176230072596,3.423475352762521e-05,4.90957492574593e-05,"[[0.0038441002101676724,0.000543035358021501,0.00038373410259179936,0.00018269993149229772,0.00011859445666488989,8.657400892050739e-05,6.650818415119334e-05,5.2609598558262034e-05,4.180657847117555e-05,3.9045163291740165e-05,2.735255414133036e-05,2.340759695131275e-05,2.0662788716018748e-05,1.60335549573782e-05,1.0136454817962866e-05,9.05339096694548e-06],[0.0038533609273622713,0.00028629889715675735,0.00016241285258643417,0.00014961066893397123,6.938447909814297e-05,4.405810646538052e-05,3.635076847239197e-05,3.068027195446327e-05,1.7380298092988244e-05,1.379474096785736e-19]]","[[395.31136966712677,195.45029926973734,165.68082986607993,123.29519539466884,97.27393037028926,93.04241616052647,74.42487988933318,61.26353996202877,50.047678244470596,49.44139343827181,45.49281440429085,37.896204647816965,35.80561069723701,30.139722484383505,30.030811852001257,28.715711501690123,25.87090471024154,24.38340032625083,23.78212810168266,21.516353767964723,19.78051422772709,18.79389441253032,16.790303168534358,15.691367805256563,13.979570025804959],[0.6616757491165415,0.030336530876938148,0.023602503460774138,0.021153158772339208,0.013359447861467751,0.010551216971632305,0.008501446382525339,0.007838860506864281,0.006929146869894054,0.005788386293015737,0.004872813090232592,0.004370015925972548,0.003675436006182498,0.003404064670309175,0.002889974227215871,0.002691857269279027]]","[[0.010000000000000005,0.010000000000000004,0.010000000000000002,0.010000000000000002,0.010000000000000002,0.010000000000000002,0.010000000000000002,0.010000000000000002,0.010000000000000002,0.010000000000000002,0.010000000000000002,0.01,0.009999999999999998,0.009999999999999998,0.009999999999999998,0.009999999999999995],[0.010000000000000005,0.010000000000000002,0.010000000000000002,0.01,0.01,0.01,0.01,0.009999999999999998,0.009999999999999998,0.009999999999999995]]",12.999999999999998,12.999999999999986,0.9999999999999998,0.9999999999999989,0.9999999999999991,0.00010114891203004788,0.36052107749430257,0.001983693370076516,0.05099019513592785,0.010000000000000005,0.2073722882145656,0.22060332123422666,0.11706054210662842,16,5,2
6,MNISTPatchClassifier,MNIST patch filters=16 kernel=5 stride=2 lr=1e-02,1.0,0.01,Adam,0,2,512,64,2.3024233067818396,0.0002669604951095472,0.884765625,full_patch_and_classifier_activation,1.354883593358367,1.3983235100622127,1.0029251404014166,3.283469419878167e-05,3.685483081115134e-05,"[[0.0034531091618907935,0.00025629829128038747,0.00016387543296435817,0.00012522255550226441,0.00010660519127091711,7.024063852719892e-05,5.279183297548417e-05,3.235894324759872e-05,2.8091676363444712e-05,2.437422470800969e-05,1.7316701521325258e-05,1.3442928258475107e-05,9.946446638389253e-06,7.652199634252633e-06,6.515732039392466e-06,5.484404035523046e-06],[0.008218467434944483,0.00019713403303398358,0.00011627017262951996,6.932282146688646e-05,3.70183758641044e-05,3.39140504432644e-05,1.877889941166434e-05,1.3862615330163485e-05,8.873138116467612e-06,7.720780189717891e-19]]","[[395.31136966712677,195.45029926973734,165.68082986607993,123.29519539466884,97.27393037028926,93.04241616052647,74.42487988933318,61.26353996202877,50.047678244470596,49.44139343827181,45.49281440429085,37.896204647816965,35.80561069723701,30.139722484383505,30.030811852001257,28.715711501690123,25.87090471024154,24.38340032625083,23.78212810168266,21.516353767964723,19.78051422772709,18.79389441253032,16.790303168534358,15.691367805256563,13.979570025804959],[1.434890408174811,0.027107298341569084,0.011917856516377058,0.011442118836552615,0.008354563920898186,0.007976113404422855,0.0062325882647183235,0.005872993566007777,0.004123047753013388,0.003585606529020517,0.0029373766673058085,0.002763692033548257,0.0022822871302636267,0.0017924574979150082,0.00142026924186489,0.0011219549473497018]]","[[0.04437703604459659,0.004640312545709131,0.0030483895515499774,0.0019648583351192478,0.0014621678738786898,0.0008268905344399322,0.0007286577853679658,0.0005883768102035354,0.0005112734656956553,0.0004228611119606615,0.00039442355636519163,0.00029764387858421503,0.0002192884044920387,0.00014911168899314634,0.00010945826150700512,2.872542259254705e-05],[0.025953451008713914,0.00681424393910714,0.004409663090193356,0.0025815048209987383,0.002176464577523315,0.0008249937774333652,0.0006435922068652796,0.0003960446278797825,0.00033658548358899494,0.00024855705564767153]]",2.198692340151143,1.0683647416055546,0.18651937099601057,0.08771370460624314,0.4999421338576607,0.00020999128510254628,0.4477877571716598,0.0039965640870150585,0.05254295453057126,0.04437703604459659,0.2011033015665632,0.20346965821079827,0.14901083311997354,16,5,2
7,MNISTPatchClassifier,MNIST patch filters=16 kernel=5 stride=2 lr=1e-02,1.0,0.01,Muon,0,2,512,64,2.3025703720046935,9.834217152393521e-05,0.884765625,full_patch_and_classifier_activation,1.8246801233684131,1.400349324292042,1.3197086570553196,3.266940122930009e-05,4.504388136339252e-05,"[[0.0032497487339555524,0.0005870665207224437,0.00027609418585756784,0.0002636531164886676,0.00017277770247997148,0.00011125456044442004,8.01766878598358e-05,6.559325614117725e-05,5.308353120224853e-05,5.06877369497688e-05,3.3082307596479354e-05,2.4429217673170002e-05,2.0591251360929978e-05,1.1818178497979279e-05,9.676535291198876e-06,6.1541362810498105e-06],[0.004287867812302655,0.0003077578390904821,0.00017047529921123986,0.00010341967216994805,5.791152746596591e-05,5.1736202291797084e-05,4.233076511144303e-05,2.80898751842112e-05,1.6665352808403488e-05,3.8608035750281283e-19]]","[[395.31136966712677,195.45029926973734,165.68082986607993,123.29519539466884,97.27393037028926,93.04241616052647,74.42487988933318,61.26353996202877,50.047678244470596,49.44139343827181,45.49281440429085,37.896204647816965,35.80561069723701,30.139722484383505,30.030811852001257,28.715711501690123,25.87090471024154,24.38340032625083,23.78212810168266,21.516353767964723,19.78051422772709,18.79389441253032,16.790303168534358,15.691367805256563,13.979570025804959],[0.7531090889164637,0.03299434313512519,0.025916396158901078,0.01658815533854843,0.013643557562601771,0.011871788293897304,0.008464119618613632,0.007619774544107729,0.0064881607656390216,0.00534757262776059,0.005044140578362135,0.004218849560991636,0.003659694596181119,0.003320487853242616,0.003161924943063938,0.0028064955130842804]]","[[0.010000000000000002,0.010000000000000002,0.01,0.01,0.01,0.01,0.009999999999999998,0.009999999999999998,0.009999999999999998,0.009999999999999998,0.009999999999999998,0.009999999999999998,0.009999999999999997,0.009999999999999997,0.009999999999999995,0.009999999999999995],[0.010000000000000002,0.010000000000000002,0.010000000000000002,0.009999999999999998,0.009999999999999998,0.009999999999999998,0.009999999999999998,0.009999999999999998,0.009999999999999998,0.009999999999999995]]",13.0,12.99999999999999,1.0,0.9999999999999993,0.9999999999999993,0.00010082142004438605,0.3631771643466457,0.0019772707238248435,0.05099019513592784,0.010000000000000002,0.20110330156656325,0.2110125462257602,0.17726087500341237,16,5,2
6,MNISTPatchClassifier,MNIST patch filters=16 kernel=5 stride=2 lr=1e-02,1.0,0.01,Adam,0,3,512,64,2.302149761698988,0.00043146393196691335,0.8984375,full_patch_and_classifier_activation,1.2102598505843534,1.3981060004764765,0.9128488016778404,3.067268534564571e-05,3.308685091987646e-05,"[[0.004652853598879739,0.0002939157492175793,9.932276572518786e-05,7.386199155447349e-05,6.055200740266958e-05,5.58738955990438e-05,3.629184871183164e-05,3.0649389794909475e-05,2.619652479060501e-05,1.9960859859553295e-05,1.6429074330441634e-05,1.3646779103389626e-05,8.763805946450152e-06,7.370849728537802e-06,4.852765264305631e-06,2.746402290042901e-06],[0.011689997708595388,0.00018334325275422885,9.868374227956338e-05,7.336215370869343e-05,3.6739952559923614e-05,2.8852586108088916e-05,2.0039762968429313e-05,8.87704261287602e-06,4.836565521291902e-06,4.412393030579035e-19]]","[[395.31136966712677,195.45029926973734,165.68082986607993,123.29519539466884,97.27393037028926,93.04241616052647,74.42487988933318,61.26353996202877,50.047678244470596,49.44139343827181,45.49281440429085,37.896204647816965,35.80561069723701,30.139722484383505,30.030811852001257,28.715711501690123,25.87090471024154,24.38340032625083,23.78212810168266,21.516353767964723,19.78051422772709,18.79389441253032,16.790303168534358,15.691367805256563,13.979570025804959],[2.1111602762158626,0.01978973319696816,0.012645276409566229,0.009601497164486425,0.007976873343933625,0.007176531386077034,0.005262786603104796,0.0033308113870130795,0.0024980979674766915,0.0019142635411554625,0.001494249357784198,0.0013901749243755666,0.0011901736942371607,0.0009921316263649088,0.0008940022698419392,0.0006891780097204323]]","[[0.048685758176005955,0.0031127849899987687,0.0026429095686497962,0.0023726200170830045,0.0013438412970818165,0.000911802936424905,0.0007416295456577481,0.0006573011175611444,0.0005405067747456814,0.0003338203114102767,0.00029886764431650187,0.0001941038471975624,0.0001791588259340035,0.00012941536088532276,5.7788470193478644e-05,1.852734476879491e-05],[0.023702076182972914,0.00971913663060271,0.0044992847812750135,0.002428204677434157,0.002031909455809534,0.0012967149844894563,0.000843711222222036,0.000474847621039212,0.0002959534141802599,0.00013267760065835838]]",2.3044733626954947,1.1190272581084069,0.2001615056643251,0.09294305174319878,0.517921077377889,0.00035294298876968253,0.5046971430545526,0.006353352666042836,0.05555224262239985,0.048685758176005955,0.19629636436438444,0.19221641213685137,0.2104537500999868,16,5,2
7,MNISTPatchClassifier,MNIST patch filters=16 kernel=5 stride=2 lr=1e-02,1.0,0.01,Muon,0,3,512,64,2.3024513249700647,0.00011839127360691037,0.884765625,full_patch_and_classifier_activation,2.0492400731271907,1.4005826303164726,1.4706988930592626,3.157028157264954e-05,4.727624146008773e-05,"[[0.003142119402343952,0.0006337039006411613,0.00040005962290117316,0.00030418849898649757,0.00020035395046583392,0.00012476156429338067,0.00011475258027237722,7.440909793957676e-05,6.785175238458745e-05,4.4532261886648076e-05,3.889546905664651e-05,3.0445235592444717e-05,2.2615713021768147e-05,2.084324858306499e-05,1.6341226517747967e-05,1.0040389789020426e-05],[0.004515309470392402,0.00041228870660388686,0.0002841020667075821,0.00015403539266056683,0.00011106248692977863,3.813562171778135e-05,3.102285044410999e-05,2.0852281357564183e-05,1.2065936415281542e-05,3.034329788344312e-19]]","[[395.31136966712677,195.45029926973734,165.68082986607993,123.29519539466884,97.27393037028926,93.04241616052647,74.42487988933318,61.26353996202877,50.047678244470596,49.44139343827181,45.49281440429085,37.896204647816965,35.80561069723701,30.139722484383505,30.030811852001257,28.715711501690123,25.87090471024154,24.38340032625083,23.78212810168266,21.516353767964723,19.78051422772709,18.79389441253032,16.790303168534358,15.691367805256563,13.979570025804959],[0.8093067019378533,0.03724250245392464,0.03150212096869683,0.01858191845629709,0.014141559802559388,0.012175763181262378,0.009295201024985144,0.007886914369241165,0.006089135345945854,0.005078788498647226,0.004838491419991245,0.004100383331412016,0.0035891715291737937,0.0033601179916569004,0.0028553161722309705,0.0026768401802619505]]","[[0.010000000000000005,0.010000000000000005,0.010000000000000005,0.010000000000000004,0.010000000000000004,0.010000000000000004,0.010000000000000002,0.010000000000000002,0.010000000000000002,0.010000000000000002,0.01,0.01,0.01,0.009999999999999998,0.009999999999999997,0.009999999999999997],[0.010000000000000005,0.010000000000000002,0.010000000000000002,0.010000000000000002,0.01,0.01,0.01,0.009999999999999998,0.009999999999999998,0.009999999999999998]]",13.0,12.99999999999999,0.9999999999999999,0.9999999999999991,0.9999999999999992,0.00010824788727904834,0.37951832164850063,0.0021229157290040754,0.050990195135927854,0.010000000000000005,0.1962963643643844,0.20404558330339462,0.23864495800808072,16,5,2
6,MNISTPatchClassifier,MNIST patch filters=16 kernel=5 stride=2 lr=1e-02,1.0,0.01,Adam,0,4,512,64,2.3018396388434867,0.0006654487863295699,0.8984375,full_patch_and_classifier_activation,1.113013655465204,1.3980468391370457,0.8514309474473084,3.621048419362455e-05,3.7866179267028515e-05,"[[0.007237756137738124,0.0002701570584997809,9.526638478186855e-05,6.798425097440923e-05,4.678891722405912e-05,3.86528902324234e-05,2.6667516046020305e-05,2.2173033006091654e-05,1.9916711182335184e-05,1.516444928365049e-05,9.238568380121088e-06,6.8662825776841515e-06,5.228318031112395e-06,3.355577835738293e-06,3.1956154172734166e-06,1.5065022626196233e-06],[0.01779362679752417,0.00015232478063287194,0.00011921031098536401,5.292896028539924e-05,4.2953235940044656e-05,1.936844491100672e-05,9.42312466453718e-06,5.439297386743712e-06,2.4469188136139716e-06,8.196820209196812e-19]]","[[395.31136966712677,195.45029926973734,165.68082986607993,123.29519539466884,97.27393037028926,93.04241616052647,74.42487988933318,61.26353996202877,50.047678244470596,49.44139343827181,45.49281440429085,37.896204647816965,35.80561069723701,30.139722484383505,30.030811852001257,28.715711501690123,25.87090471024154,24.38340032625083,23.78212810168266,21.516353767964723,19.78051422772709,18.79389441253032,16.790303168534358,15.691367805256563,13.979570025804959],[2.957185123171173,0.015459296184874096,0.012005057545321036,0.008700105494794887,0.006657658642527716,0.005914419655555776,0.0032566621243046876,0.0024704523359550656,0.0019282139042926518,0.0018001123224741238,0.0012498392192662026,0.0009263476418637795,0.0006539998987798108,0.0005121871200701268,0.00043665112229785476,0.0002470473779703629]]","[[0.05051911891692706,0.0033759029146425345,0.0025128169841578175,0.0014149313127314884,0.0012922972945913936,0.0009063478174967498,0.0007787563345254118,0.0005393082438527978,0.000436688963023362,0.00035135993873238483,0.00031452362011874117,0.00020472807573725395,0.00016130619290145013,6.19110480805321e-05,3.061707390087338e-05,2.0229007582789227e-05],[0.024728851516383835,0.010178681183955027,0.00453806973909168,0.0022439884117908906,0.0017418757389918121,0.001257184839190794,0.0009621128689518072,0.0004151494865230065,0.0002725707317568316,9.774878486673867e-05]]",2.212711450584152,1.115028391406535,0.192451848803856,0.09257954618551104,0.5396404569024619,0.0005691008018139378,0.5138982032712078,0.009873443771015464,0.057639544520888784,0.05051911891692706,0.1838454784699803,0.18097562777126752,0.27037283312529325,16,5,2
7,MNISTPatchClassifier,MNIST patch filters=16 kernel=5 stride=2 lr=1e-02,1.0,0.01,Muon,0,4,512,64,2.3024424879080465,0.00013927053600770734,0.8984375,full_patch_and_classifier_activation,1.9360549706051513,1.4003523828880025,1.3794480039007868,3.6635242491476325e-05,5.0134423915597386e-05,"[[0.0036982402746727205,0.0008199838283268106,0.0005172440257680367,0.00030375709170343807,0.00023580364424796176,0.00012979319122039708,9.961649025625937e-05,6.337880569666549e-05,4.634884861660705e-05,4.377332820503354e-05,4.0048819111755833e-05,2.5852548750557943e-05,2.43771882940431e-05,1.3404224532255306e-05,1.2091588305683989e-05,6.270683101714738e-06],[0.005987743015068953,0.000553981958308206,0.0001760875260431627,0.00015236434843296113,6.886915463050533e-05,4.722069307363955e-05,3.455297812788708e-05,2.0780902512725504e-05,1.5458602863273354e-05,2.96615868444121e-19]]","[[395.31136966712677,195.45029926973734,165.68082986607993,123.29519539466884,97.27393037028926,93.04241616052647,74.42487988933318,61.26353996202877,50.047678244470596,49.44139343827181,45.49281440429085,37.896204647816965,35.80561069723701,30.139722484383505,30.030811852001257,28.715711501690123,25.87090471024154,24.38340032625083,23.78212810168266,21.516353767964723,19.78051422772709,18.79389441253032,16.790303168534358,15.691367805256563,13.979570025804959],[0.9943593544130469,0.04415143434213193,0.03937652993525844,0.018450060492735496,0.014931461821029056,0.014590077402443108,0.010429505902316467,0.008272936191153366,0.007012536649009351,0.006118084000319272,0.005081724617360733,0.004639634674241147,0.00399536678316673,0.0029666862211009037,0.002585749439658656,0.002098961798708279]]","[[0.010000000000000007,0.010000000000000004,0.010000000000000002,0.01,0.01,0.01,0.01,0.009999999999999998,0.009999999999999998,0.009999999999999998,0.009999999999999997,0.009999999999999995,0.009999999999999995,0.009999999999999995,0.009999999999999995,0.009999999999999993],[0.010000000000000007,0.010000000000000005,0.010000000000000005,0.010000000000000002,0.010000000000000002,0.01,0.01,0.01,0.009999999999999998,0.009999999999999993]]",13.0,12.999999999999979,1.0,0.9999999999999984,0.9999999999999984,0.0001313704375987126,0.36067476303898294,0.0025763862493271487,0.050990195135927854,0.010000000000000007,0.18384547846998037,0.18996067703674396,0.29914879193529487,16,5,2
6,MNISTPatchClassifier,MNIST patch filters=16 kernel=5 stride=2 lr=1e-02,1.0,0.01,Adam,0,5,512,64,2.302238117654257,,0.8984375,full_patch_and_classifier_activation,1.1534958070978907,1.39802943450522,0.8703754351770545,2.5896570220525665e-05,2.6659407597614945e-05,"[[0.002740738526613543,0.00011198951733241778,5.746686105708035e-05,4.788668194283554e-05,3.6522601623476745e-05,2.737859539614997e-05,2.262773795235823e-05,1.6979790444529476e-05,1.2720248820903828e-05,7.498104676066447e-06,6.51927613120247e-06,4.885999309389208e-06,4.23070511135506e-06,3.2133321407580313e-06,8.511512963278403e-07,6.529532227905515e-07],[0.01975227185036189,0.00011847169221112188,6.616322805787759e-05,4.262308009974152e-05,2.501920126612381e-05,1.8142215732974802e-05,8.397496219116786e-06,6.4004187880551915e-06,4.4453695685496e-06,2.7420375606982813e-19]]","[[395.31136966712677,195.45029926973734,165.68082986607993,123.29519539466884,97.27393037028926,93.04241616052647,74.42487988933318,61.26353996202877,50.047678244470596,49.44139343827181,45.49281440429085,37.896204647816965,35.80561069723701,30.139722484383505,30.030811852001257,28.715711501690123,25.87090471024154,24.38340032625083,23.78212810168266,21.516353767964723,19.78051422772709,18.79389441253032,16.790303168534358,15.691367805256563,13.979570025804959],[3.881576924350405,0.015101340297094895,0.008973569688495187,0.008398018446608273,0.005322289762205486,0.004654683857643285,0.0026179636971800386,0.0021056366645993427,0.0019465286516438037,0.0017284610476974696,0.0010842413250132248,0.0006941070255485791,0.0005150031197989109,0.000300405982723313,0.0002035438937452153,3.8331694907497264e-05]]",,,,,,,,,,,,,,0.33061675005592406,16,5,2
7,MNISTPatchClassifier,MNIST patch filters=16 kernel=5 stride=2 lr=1e-02,1.0,0.01,Muon,0,5,512,64,2.3024588053791497,,0.8984375,full_patch_and_classifier_activation,2.181508268100835,1.4005556955233667,1.5413436805742227,2.6096953465222332e-05,3.872176649587947e-05,"[[0.0024111156241913797,0.0006068433456302819,0.00032119506528125683,0.00020181900832177233,0.00017011268053323644,0.0001541647654786473,9.753886323664387e-05,7.974102550030596e-05,7.335102204231521e-05,6.117181452697424e-05,3.7985146824196955e-05,2.3944441088334555e-05,1.7752405239117184e-05,1.3740136993392994e-05,1.0584383389126734e-05,8.026796785124043e-06],[0.005687052754946708,0.0006405956323256238,0.0002236383541952635,0.00019386951886338113,0.00011626656199330447,5.440470468020564e-05,4.1718124344797055e-05,2.789698438071796e-05,1.484013478479653e-05,3.2908820620077204e-19]]","[[395.31136966712677,195.45029926973734,165.68082986607993,123.29519539466884,97.27393037028926,93.04241616052647,74.42487988933318,61.26353996202877,50.047678244470596,49.44139343827181,45.49281440429085,37.896204647816965,35.80561069723701,30.139722484383505,30.030811852001257,28.715711501690123,25.87090471024154,24.38340032625083,23.78212810168266,21.516353767964723,19.78051422772709,18.79389441253032,16.790303168534358,15.691367805256563,13.979570025804959],[1.122115469358038,0.05292299376643647,0.0462122620811716,0.02165832725410887,0.017607482673035937,0.01631180451227145,0.011573199423893529,0.008894487218661477,0.008663474623321725,0.006987830524990928,0.0048108195377800245,0.004557857567717603,0.004172928739636907,0.0032957636917440936,0.002286456379167811,0.0018531747429385195]]",,,,,,,,,,,,,,0.3589757501613349,16,5,2
8,MNISTPatchClassifier,MNIST patch filters=16 kernel=5 stride=2 lr=1e-02,1.0,0.01,Adam,1,0,512,64,2.3025953489123343,7.091708740958325e-05,0.923828125,full_patch_and_classifier_activation,2.5319599643621338,1.405885015918547,1.831110589269055,1.0063622562347123e-05,1.9495542946553384e-05,"[[0.0014512145756569344,0.00042488025559928,0.00022191516055316833,0.00015609436372886787,0.00010496807786757079,9.00186861729881e-05,6.42332230947209e-05,5.0576840834584805e-05,4.360698960008869e-05,3.194377313945855e-05,2.6801494222678522e-05,1.787605758366268e-05,1.497260229559957e-05,1.1246254899970184e-05,1.0137453633505362e-05,7.804321661121394e-06],[0.0017021451507262032,0.0002977490860379804,0.00014013056823603513,8.742273549598008e-05,7.30898112088888e-05,4.17446467637512e-05,3.8718211123515024e-05,2.825061620464897e-05,1.8682991680259633e-05,6.826360509911656e-20]]","[[390.23185824645077,195.18686611323614,161.79959583816836,124.70170629486346,95.24338688287415,90.64784280728632,75.73183997088778,60.98797149185639,49.55656364117996,48.153608662399236,46.68779265981902,37.755694463668874,35.72557611569003,30.26753208141558,30.015824533000373,27.7484789702651,26.16951182467305,24.52093847338149,23.218004471467978,21.97486352300743,19.833741908261363,18.780552148931818,17.260255681991797,15.782347748565027,13.995750653715579],[0.5480744787157695,0.03351486785038378,0.018579184681688794,0.011374200376886403,0.010381235637839107,0.008709847734612433,0.007597683989808401,0.00580629310654628,0.005085671664159804,0.004892306989762544,0.003993826710106029,0.00374415935747732,0.003249397658187433,0.002904445959685709,0.002712633243966573,0.002355762691511776]]","[[0.03443481377773828,0.015144592824872998,0.013009671725652226,0.009245093079198545,0.008902674800859618,0.006199085839471471,0.005287274408451909,0.004667638545529452,0.003435907849613045,0.0024557797662967244,5.8117534770909385e-05,6.818291474225619e-07,3.8086168221165463e-07,9.998503179939887e-08,7.764256644303185e-08,4.223911860892371e-08],[0.02293472650827236,0.010560495338883409,0.007195152453271303,0.005743313263308767,0.0037885232466950245,0.002873844716216696,2.0175322072286695e-06,6.112045953947965e-07,4.6834222485833506e-07,1.4026317626771116e-07]]",4.743210872945578,1.4903174514886954,0.3674222736485315,0.11969751866261809,0.3242711070036408,8.38710233326744e-05,0.7069523624290711,0.0016448460946088556,0.050990195135927854,0.03443481377773828,0.2188860563518861,0.22393620356146748,0.03567295894026756,16,5,2
9,MNISTPatchClassifier,MNIST patch filters=16 kernel=5 stride=2 lr=1e-02,1.0,0.01,Muon,1,0,512,64,2.3025953489123343,4.929294506261783e-05,0.923828125,full_patch_and_classifier_activation,2.5319599643621338,1.405885015918547,1.831110589269055,1.0063622562347123e-05,1.9495542946553384e-05,"[[0.0014512145756569344,0.00042488025559928,0.00022191516055316833,0.00015609436372886787,0.00010496807786757079,9.00186861729881e-05,6.42332230947209e-05,5.0576840834584805e-05,4.360698960008869e-05,3.194377313945855e-05,2.6801494222678522e-05,1.787605758366268e-05,1.497260229559957e-05,1.1246254899970184e-05,1.0137453633505362e-05,7.804321661121394e-06],[0.0017021451507262032,0.0002977490860379804,0.00014013056823603513,8.742273549598008e-05,7.30898112088888e-05,4.17446467637512e-05,3.8718211123515024e-05,2.825061620464897e-05,1.8682991680259633e-05,6.826360509911656e-20]]","[[390.23185824645077,195.18686611323614,161.79959583816836,124.70170629486346,95.24338688287415,90.64784280728632,75.73183997088778,60.98797149185639,49.55656364117996,48.153608662399236,46.68779265981902,37.755694463668874,35.72557611569003,30.26753208141558,30.015824533000373,27.7484789702651,26.16951182467305,24.52093847338149,23.218004471467978,21.97486352300743,19.833741908261363,18.780552148931818,17.260255681991797,15.782347748565027,13.995750653715579],[0.5480744787157695,0.03351486785038378,0.018579184681688794,0.011374200376886403,0.010381235637839107,0.008709847734612433,0.007597683989808401,0.00580629310654628,0.005085671664159804,0.004892306989762544,0.003993826710106029,0.00374415935747732,0.003249397658187433,0.002904445959685709,0.002712633243966573,0.002355762691511776]]","[[0.010000000000000007,0.010000000000000005,0.010000000000000004,0.010000000000000004,0.010000000000000002,0.010000000000000002,0.010000000000000002,0.010000000000000002,0.01,0.01,0.01,0.01,0.009999999999999998,0.009999999999999997,0.009999999999999997,0.009999999999999995],[0.010000000000000007,0.010000000000000005,0.010000000000000005,0.010000000000000004,0.010000000000000004,0.010000000000000004,0.010000000000000004,0.010000000000000004,0.010000000000000002,0.010000000000000002]]",13.0,12.999999999999988,1.0000000000000002,0.9999999999999991,0.999999999999999,5.156223948021462e-05,0.4346202724638783,0.0010112187125929175,0.05099019513592786,0.010000000000000007,0.21888605635188613,0.23492042415020614,0.06501474999822676,16,5,2
8,MNISTPatchClassifier,MNIST patch filters=16 kernel=5 stride=2 lr=1e-02,1.0,0.01,Adam,1,1,512,64,2.302539214021781,0.000127564736298158,0.8984375,full_patch_and_classifier_activation,1.974803836127179,1.4059148712240703,1.4154299494008378,3.332019074541724e-05,4.8428455349464384e-05,"[[0.0020507226099516734,0.0005279370752514925,0.00022746427075736014,0.00016337511289713446,0.00010494721970307462,8.08583045577133e-05,6.537206199844461e-05,3.5559785045923426e-05,2.9199152761739947e-05,2.5846488388529088e-05,2.00561832495808e-05,1.3507077685026788e-05,1.2736150028072166e-05,1.1100418287670658e-05,4.92447735197433e-06,4.019406087807448e-06],[0.0034656819972648145,0.0002954427541200113,0.00021543061087162855,8.007615407120871e-05,6.509296600978969e-05,4.023673885822637e-05,3.301068962387465e-05,1.4288191453253056e-05,8.437722180526584e-06,1.441400316691311e-19]]","[[390.23185824645077,195.18686611323614,161.79959583816836,124.70170629486346,95.24338688287415,90.64784280728632,75.73183997088778,60.98797149185639,49.55656364117996,48.153608662399236,46.68779265981902,37.755694463668874,35.72557611569003,30.26753208141558,30.015824533000373,27.7484789702651,26.16951182467305,24.52093847338149,23.218004471467978,21.97486352300743,19.833741908261363,18.780552148931818,17.260255681991797,15.782347748565027,13.995750653715579],[0.6040634512043204,0.03521860475345914,0.02698464809165725,0.010981315454423197,0.010184143890232613,0.009406397078255677,0.006518875359823182,0.005100814152458396,0.0046690102685856385,0.0039893980080040305,0.0035813515837162225,0.00328521279512461,0.002983649015394222,0.0024231826360398214,0.002106669321369721,0.0014632035290316906]]","[[0.035652782393496056,0.012301320919835058,0.010201988470987725,0.009872668438407936,0.007303752661622697,0.004738360397146624,0.003952091042282964,0.0032842960676413343,0.002430785336493379,0.002086911529679471,0.0009986031832727152,0.0007866827529538866,0.0005787366314786231,0.00038336022671785756,0.0002173066444775493,0.00012460277371648947],[0.023178929644384727,0.012748277632667403,0.007157028135094674,0.004850440593774393,0.00242211952356231,0.0021098900058612326,0.0010174673607779292,0.0007054738969611793,0.0003730026291076949,0.00021234590504423526]]",4.4979764034100205,1.4159056945090671,0.352643957261995,0.1159445921363472,0.32389324714977197,0.000102693502217554,0.4993847076840999,0.0020436012791934964,0.050251241894936474,0.035652782393496056,0.2134015488396107,0.22078861992198104,0.09798929211683571,16,5,2
9,MNISTPatchClassifier,MNIST patch filters=16 kernel=5 stride=2 lr=1e-02,1.0,0.01,Muon,1,1,512,64,2.3025648123003477,8.267964706432096e-05,0.8984375,full_patch_and_classifier_activation,1.932956723151858,1.4064631820161155,1.4118145059387945,3.2896452383052376e-05,5.079260436330414e-05,"[[0.0028180588975500183,0.0005380191293289404,0.00027716292512258006,0.00023012566615398012,0.00015277223758993562,9.506938248569202e-05,6.878907407697017e-05,6.506555644628147e-05,4.533221558546548e-05,3.577088221800545e-05,2.3388045051968392e-05,2.053138008453975e-05,1.350700709204073e-05,9.544513489289738e-06,7.55181898294408e-06,5.983724534749315e-06],[0.0031294658497557394,0.00030673721653581837,0.00021796504888641537,9.892636546736436e-05,6.914797009443242e-05,4.4665248596637186e-05,3.8169079947315735e-05,1.656794686609047e-05,1.3818853107936545e-05,6.82700830475229e-20]]","[[390.23185824645077,195.18686611323614,161.79959583816836,124.70170629486346,95.24338688287415,90.64784280728632,75.73183997088778,60.98797149185639,49.55656364117996,48.153608662399236,46.68779265981902,37.755694463668874,35.72557611569003,30.26753208141558,30.015824533000373,27.7484789702651,26.16951182467305,24.52093847338149,23.218004471467978,21.97486352300743,19.833741908261363,18.780552148931818,17.260255681991797,15.782347748565027,13.995750653715579],[0.5500684759988131,0.035278159603851916,0.02389102468483373,0.011964152722687985,0.00989859168303709,0.009430727856038415,0.0075498450621961,0.005982670084207312,0.00512530537395601,0.004333622218497782,0.004174428126839025,0.003918706213839387,0.003371341207962474,0.002994297117471303,0.002856237727671784,0.0020938223929789826]]","[[0.010000000000000005,0.010000000000000002,0.010000000000000002,0.01,0.01,0.01,0.01,0.01,0.01,0.009999999999999998,0.009999999999999998,0.009999999999999995,0.009999999999999995,0.009999999999999995,0.009999999999999993,0.009999999999999992],[0.010000000000000005,0.010000000000000005,0.01,0.01,0.009999999999999998,0.009999999999999998,0.009999999999999998,0.009999999999999997,0.009999999999999997,0.009999999999999997]]",13.0,12.999999999999982,0.9999999999999999,0.9999999999999987,0.9999999999999989,8.34213603505115e-05,0.38181249412089585,0.0016360274779912063,0.05099019513592784,0.010000000000000005,0.21340154883961068,0.22622375922871488,0.12626158399507403,16,5,2
8,MNISTPatchClassifier,MNIST patch filters=16 kernel=5 stride=2 lr=1e-02,1.0,0.01,Adam,1,2,512,64,2.3024478256771834,0.00020605053535494022,0.8984375,full_patch_and_classifier_activation,1.6719141515822333,1.4037121008758193,1.2228846659493642,3.202137800239802e-05,4.2721003727322616e-05,"[[0.0034216927043804117,0.0006677609431736591,0.00030740216985560405,0.00015063449526524572,0.0001156770886191087,7.188256948858876e-05,5.091209291587476e-05,4.275463332382215e-05,3.4856789277281695e-05,3.148726180567647e-05,1.8378889953687525e-05,1.7358045984444157e-05,1.5841420540179103e-05,8.3398709194959e-06,7.148858057624454e-06,5.428400839985207e-06],[0.0059178123943793405,0.0004633414365559554,0.00022070220554101146,9.077621662667658e-05,6.125543021231209e-05,4.0402146782078744e-05,3.0864302712488825e-05,2.4439595173758972e-05,2.0702640394168713e-05,2.2624780787662867e-19]]","[[390.23185824645077,195.18686611323614,161.79959583816836,124.70170629486346,95.24338688287415,90.64784280728632,75.73183997088778,60.98797149185639,49.55656364117996,48.153608662399236,46.68779265981902,37.755694463668874,35.72557611569003,30.26753208141558,30.015824533000373,27.7484789702651,26.16951182467305,24.52093847338149,23.218004471467978,21.97486352300743,19.833741908261363,18.780552148931818,17.260255681991797,15.782347748565027,13.995750653715579],[1.0499408330974276,0.03664825764504833,0.02725352108487172,0.011883661994215273,0.009539006062415983,0.007854356288968602,0.0064290698587905724,0.004728182495453454,0.003851480023764904,0.00324805491713606,0.002727854711027684,0.0025272107495681096,0.002016469259690135,0.0017869254121061554,0.0013175737689774434,0.0007940678166211008]]","[[0.03807767922877282,0.012711908321708243,0.010077633136611846,0.00874143103424626,0.006029810903983642,0.005772070624652005,0.004673492486581575,0.004179532365135571,0.00306401906626211,0.002566610424231948,0.0018372044850900478,0.0007204424586338694,0.0005277648710185846,0.0004053209358124748,0.00014191632452329638,6.155832540008086e-05],[0.022105469228107473,0.012191649090250023,0.0075968146385805724,0.005000244186510157,0.0034473865448825824,0.002509116917428954,0.0016984198708127173,0.001398975659394347,0.0005169113137742144,0.00032443013618470366]]",4.753517691359358,1.4223557371957942,0.37843699829103894,0.11742201267352412,0.30335569410219276,0.00015996974767974276,0.4493961225104416,0.003100403001763165,0.05159643684668404,0.03807767922877282,0.206462981070564,0.20935805328213347,0.15866029192693532,16,5,2
9,MNISTPatchClassifier,MNIST patch filters=16 kernel=5 stride=2 lr=1e-02,1.0,0.01,Muon,1,2,512,64,2.3024941046967924,0.00010072232325075703,0.8984375,full_patch_and_classifier_activation,2.0348515565092606,1.4055589899529708,1.4655911348406427,3.2200999137765677e-05,4.921797793924626e-05,"[[0.0027177317785496554,0.0007327978112117787,0.00026638751962326107,0.00023187698442331625,0.00016695616779652378,9.087182944238311e-05,7.208887324081502e-05,5.9407664902783604e-05,4.6949725069025695e-05,4.0961977522138e-05,3.323555035235044e-05,2.390577710558742e-05,1.735131098560001e-05,1.267145483119556e-05,8.415676143318294e-06,6.883885631649705e-06],[0.003617318809287679,0.0004332421833316025,0.00017281756334006906,9.963464486763027e-05,6.718756764691193e-05,4.8760516335567165e-05,3.608073450049907e-05,2.5878406007877118e-05,2.4935158317775205e-05,1.4078112418099458e-19]]","[[390.23185824645077,195.18686611323614,161.79959583816836,124.70170629486346,95.24338688287415,90.64784280728632,75.73183997088778,60.98797149185639,49.55656364117996,48.153608662399236,46.68779265981902,37.755694463668874,35.72557611569003,30.26753208141558,30.015824533000373,27.7484789702651,26.16951182467305,24.52093847338149,23.218004471467978,21.97486352300743,19.833741908261363,18.780552148931818,17.260255681991797,15.782347748565027,13.995750653715579],[0.6432057910487059,0.03732083132127015,0.024203260542127136,0.012653568623602389,0.009196753368059968,0.00849400538672736,0.005828920398106478,0.005538175670478972,0.004766571669829419,0.004516290082662406,0.003961023897163251,0.0035858990289679444,0.0033328100395313355,0.0029644762006993904,0.0028606832714582467,0.001904098534385814]]","[[0.010000000000000009,0.010000000000000005,0.010000000000000005,0.010000000000000004,0.010000000000000004,0.010000000000000004,0.010000000000000004,0.010000000000000002,0.010000000000000002,0.010000000000000002,0.010000000000000002,0.010000000000000002,0.010000000000000002,0.009999999999999998,0.009999999999999998,0.009999999999999997],[0.010000000000000002,0.010000000000000002,0.010000000000000002,0.010000000000000002,0.009999999999999998,0.009999999999999998,0.009999999999999997,0.009999999999999997,0.009999999999999997,0.009999999999999992]]",13.0,12.999999999999986,1.0,0.9999999999999989,0.9999999999999988,9.054349570466993e-05,0.38366588471019203,0.0017757040439500633,0.05099019513592785,0.010000000000000009,0.206462981070564,0.2154146681752926,0.1874588339123875,16,5,2
8,MNISTPatchClassifier,MNIST patch filters=16 kernel=5 stride=2 lr=1e-02,1.0,0.01,Adam,1,3,512,64,2.3024654010194454,0.00027092934062178387,0.8984375,full_patch_and_classifier_activation,1.9083401635034827,1.4032439986688112,1.328016158229135,3.8297543248140824e-05,4.6590021716032624e-05,"[[0.0022098965800563444,0.000542465536951099,0.00036248741509703497,0.000183821422656997,0.00012599132743150744,9.366032183927274e-05,4.58196505632791e-05,4.254481725082622e-05,3.9536827792319394e-05,2.577792089867976e-05,2.3860417861997007e-05,1.9390681303833512e-05,8.985066153700186e-06,8.015262675433724e-06,3.4472083803911544e-06,1.561427347883963e-06],[0.010053597929326787,0.0006040164894996831,0.00022387679340793237,8.383291897770952e-05,6.777565966188532e-05,3.2306299311599335e-05,2.3771546028303454e-05,2.1018273942893053e-05,9.400441467759342e-06,1.2377410779789354e-19]]","[[390.23185824645077,195.18686611323614,161.79959583816836,124.70170629486346,95.24338688287415,90.64784280728632,75.73183997088778,60.98797149185639,49.55656364117996,48.153608662399236,46.68779265981902,37.755694463668874,35.72557611569003,30.26753208141558,30.015824533000373,27.7484789702651,26.16951182467305,24.52093847338149,23.218004471467978,21.97486352300743,19.833741908261363,18.780552148931818,17.260255681991797,15.782347748565027,13.995750653715579],[1.6280035780046365,0.04691991906694195,0.029818634984962275,0.01287469154376752,0.009517581118419672,0.0077832823823402964,0.0057562439239211925,0.005077586647739961,0.004599227565328829,0.0026251003337790786,0.002338109551175301,0.0020774480023169305,0.00182491559490632,0.001582483505440995,0.000763310230688287,0.0002477328172894456]]","[[0.03985127583212226,0.014019555314009195,0.008680882471632553,0.007311859603591083,0.004544165898811038,0.004358193778793372,0.00380124025070723,0.003413258174040184,0.0028352023131914274,0.0022187876636381066,0.0014530041996688244,0.0008487399329499695,0.0003759717030048444,0.00025278966340610946,0.0001368027033320961,7.675477706798588e-05],[0.023855711256649797,0.011017017060586432,0.008802828128564942,0.004106164272628701,0.0019700849038878864,0.0017218019258178527,0.001563451115897455,0.0010627600833655615,0.0005215858227462873,0.0003399955372390259]]",4.121013818058006,1.327209653460844,0.3287514243104964,0.10916417618375439,0.32542749718593966,0.00020794898489187542,0.38075050050435266,0.003936277702260349,0.052828839990751615,0.03985127583212226,0.19389927131765117,0.19691284630165312,0.22495933412574232,16,5,2
9,MNISTPatchClassifier,MNIST patch filters=16 kernel=5 stride=2 lr=1e-02,1.0,0.01,Muon,1,3,512,64,2.302521044654852,0.00011278735615949387,0.859375,full_patch_and_classifier_activation,2.014568350481103,1.4052542301539075,1.4289549343616201,3.839392879529265e-05,5.423690772968971e-05,"[[0.0028225013807021315,0.0006254575024510222,0.0004119385294117243,0.0002878334056676641,0.00020935764308646176,0.00011469800996611171,7.018402202631678e-05,5.473095810355198e-05,3.966894031558511e-05,3.3996233130317606e-05,2.7000332032192264e-05,2.185047161198461e-05,1.5876298835876975e-05,1.092990221933643e-05,8.14595115788352e-06,4.4502450764679415e-06],[0.004974957767336078,0.0004601450783261121,0.0002666731786289144,0.00010124875642150097,5.2718352497340066e-05,3.841540184731701e-05,3.672011527675369e-05,1.6900761532109983e-05,1.670688600951552e-05,1.4552240917332015e-19]]","[[390.23185824645077,195.18686611323614,161.79959583816836,124.70170629486346,95.24338688287415,90.64784280728632,75.73183997088778,60.98797149185639,49.55656364117996,48.153608662399236,46.68779265981902,37.755694463668874,35.72557611569003,30.26753208141558,30.015824533000373,27.7484789702651,26.16951182467305,24.52093847338149,23.218004471467978,21.97486352300743,19.833741908261363,18.780552148931818,17.260255681991797,15.782347748565027,13.995750653715579],[0.8077339462633089,0.04532297230071786,0.02935645222264122,0.014743641057677583,0.00936486604886572,0.009087332463097134,0.0068013820207288795,0.005292616631649483,0.0050810240909609766,0.004729572642562239,0.004643838985261155,0.003446055785892148,0.0031106635635132513,0.002877146976852465,0.0025461282532944995,0.001831334406976843]]","[[0.01000000000000001,0.010000000000000007,0.010000000000000007,0.010000000000000005,0.010000000000000005,0.010000000000000004,0.010000000000000004,0.010000000000000004,0.010000000000000004,0.010000000000000004,0.01,0.01,0.01,0.01,0.009999999999999997,0.009999999999999993],[0.010000000000000002,0.01,0.01,0.009999999999999998,0.009999999999999998,0.009999999999999998,0.009999999999999997,0.009999999999999997,0.009999999999999997,0.009999999999999995]]",13.0,12.999999999999984,1.0,0.9999999999999989,0.9999999999999989,0.00010723106123670271,0.36210292330103255,0.0021029741296508075,0.050990195135927854,0.01000000000000001,0.19389927131765108,0.2000876975263392,0.254862624919042,16,5,2
8,MNISTPatchClassifier,MNIST patch filters=16 kernel=5 stride=2 lr=1e-02,1.0,0.01,Adam,1,4,512,64,2.30199745702943,0.0003880251440349092,0.8984375,full_patch_and_classifier_activation,1.4384793736203902,1.40308551816771,1.0735975785921692,1.8404298898751038e-05,2.286535519233611e-05,"[[0.005147423783285938,0.0006082798888691029,0.0003373360768012746,0.00018167122493189714,0.00015050346264705258,5.9551827654129774e-05,3.9931103183076674e-05,3.058175299213488e-05,2.4114993922689455e-05,2.1546862694526967e-05,1.641297035277325e-05,1.3239153530234363e-05,7.125319070721262e-06,3.857590760100202e-06,2.526095932704134e-06,1.9310509667245027e-06],[0.009712084013784813,0.0006734592277024906,0.0002538705273504454,8.763690498940633e-05,4.465470440577361e-05,3.564768966702776e-05,2.67603663085254e-05,1.558939850772959e-05,1.149759729944631e-05,8.845479855436611e-20]]","[[390.23185824645077,195.18686611323614,161.79959583816836,124.70170629486346,95.24338688287415,90.64784280728632,75.73183997088778,60.98797149185639,49.55656364117996,48.153608662399236,46.68779265981902,37.755694463668874,35.72557611569003,30.26753208141558,30.015824533000373,27.7484789702651,26.16951182467305,24.52093847338149,23.218004471467978,21.97486352300743,19.833741908261363,18.780552148931818,17.260255681991797,15.782347748565027,13.995750653715579],[2.2702395085938396,0.056722702146639326,0.0382005563541541,0.014659805422376023,0.010708348849711195,0.008812079196377597,0.006993349668233339,0.005638668036366278,0.00322509014382134,0.0026864269100817565,0.002071124105160085,0.0018761732832774075,0.0014893050866597837,0.0009498379584146669,0.0004899296799719663,6.711732349575258e-05]]","[[0.041879985747325654,0.01445396965696209,0.009020298198691731,0.007515891738793258,0.00531974491535473,0.004628535443975411,0.003724609906011608,0.0028934783031097813,0.0023723176107327514,0.0018867395188932273,0.0009563883164133113,0.0008491463785457042,0.0003695718240742002,0.00013381950254631695,8.019949364435164e-05,3.3944882295689646e-05],[0.025440999872587806,0.011032659654859745,0.007053380214518375,0.003881066466288031,0.0021554926965259907,0.0014997139956520055,0.001461308898624169,0.0008965933212958711,0.0007035762329361405,0.0003065359880095998]]",3.870217634082187,1.2746528887786233,0.3076927889736265,0.10412141643419721,0.3329544163009159,0.0003341467431848374,0.5500114183833322,0.006072526587513505,0.0550259827387037,0.041879985747325654,0.18321695799135598,0.18536799899890372,0.28584408410824835,16,5,2
9,MNISTPatchClassifier,MNIST patch filters=16 kernel=5 stride=2 lr=1e-02,1.0,0.01,Muon,1,4,512,64,2.302431319069284,0.0001033634288205576,0.8984375,full_patch_and_classifier_activation,1.7814228526051636,1.405372597792693,1.3382738525433049,1.8197710602176394e-05,2.887573050361827e-05,"[[0.0032963727038529023,0.00036463584585071893,0.00026780129358754725,0.0002497357407832243,0.00014692498194037357,8.661961395643882e-05,6.322180962620445e-05,5.771142226700291e-05,4.3047812231164904e-05,2.6396586432805775e-05,2.4415073316885263e-05,1.8987112008434194e-05,1.4618438264367253e-05,1.2502958260040953e-05,8.972447405554448e-06,6.390672571048733e-06],[0.0037706465949662324,0.0005165535363705281,0.00024154852611489155,9.283159487358067e-05,7.172822335064069e-05,5.0112928284180376e-05,3.8477073420913254e-05,2.4777097828756777e-05,1.3581242271181262e-05,2.7814671423213953e-19]]","[[390.23185824645077,195.18686611323614,161.79959583816836,124.70170629486346,95.24338688287415,90.64784280728632,75.73183997088778,60.98797149185639,49.55656364117996,48.153608662399236,46.68779265981902,37.755694463668874,35.72557611569003,30.26753208141558,30.015824533000373,27.7484789702651,26.16951182467305,24.52093847338149,23.218004471467978,21.97486352300743,19.833741908261363,18.780552148931818,17.260255681991797,15.782347748565027,13.995750653715579],[0.8945313843875954,0.049772981959505,0.03629768117910872,0.015680625372509704,0.010300201701530235,0.008885916059464764,0.0073888709079643795,0.00691871217321651,0.006056601827061529,0.00516634467724043,0.004840449763436639,0.004070528894769281,0.003620081463317288,0.0033467990006302564,0.0028076475817996843,0.0016321893937163321]]","[[0.010000000000000009,0.010000000000000009,0.010000000000000007,0.010000000000000007,0.010000000000000007,0.010000000000000005,0.010000000000000004,0.010000000000000004,0.010000000000000004,0.010000000000000004,0.010000000000000004,0.010000000000000002,0.010000000000000002,0.010000000000000002,0.010000000000000002,0.010000000000000002],[0.010000000000000002,0.010000000000000002,0.009999999999999998,0.009999999999999998,0.009999999999999998,0.009999999999999998,0.009999999999999998,0.009999999999999998,0.009999999999999997,0.009999999999999995]]",13.0,12.99999999999999,1.0,0.9999999999999993,0.9999999999999993,9.508611329835619e-05,0.3675936839357456,0.0018647921045385101,0.05099019513592785,0.010000000000000009,0.18321695799135604,0.18684963517794945,0.31461900006979704,16,5,2
8,MNISTPatchClassifier,MNIST patch filters=16 kernel=5 stride=2 lr=1e-02,1.0,0.01,Adam,1,5,512,64,2.301708115852279,,0.8984375,full_patch_and_classifier_activation,1.40985853206766,1.4029711811967331,1.0449096484348068,3.407369748779704e-05,4.035831088144989e-05,"[[0.006215611878592798,0.0008869074977762826,0.000429832866431077,0.00017926047582017963,8.219944525139956e-05,6.596399588415114e-05,5.1510568543812235e-05,3.4483646737059064e-05,3.169364378533443e-05,2.346315090467398e-05,2.0382020012405885e-05,1.1019160407251217e-05,1.046171466417981e-05,4.026616236312885e-06,3.115868631526789e-06,4.934411524090107e-07],[0.01743444392365974,0.0009341778501947902,0.00031994829439362256,0.00013862830124133934,7.88650206832413e-05,6.0699875519843076e-05,2.8233386787678585e-05,1.2517943664968198e-05,5.5155228423430945e-06,9.637459204677122e-19]]","[[390.23185824645077,195.18686611323614,161.79959583816836,124.70170629486346,95.24338688287415,90.64784280728632,75.73183997088778,60.98797149185639,49.55656364117996,48.153608662399236,46.68779265981902,37.755694463668874,35.72557611569003,30.26753208141558,30.015824533000373,27.7484789702651,26.16951182467305,24.52093847338149,23.218004471467978,21.97486352300743,19.833741908261363,18.780552148931818,17.260255681991797,15.782347748565027,13.995750653715579],[2.9916929976664983,0.0669386398382544,0.04402713627018701,0.01605671202738181,0.010358610416846055,0.009654583434626707,0.007407085058440621,0.0034551010610276794,0.0030826653312095824,0.0026013079162047876,0.00215971329899409,0.0020462636847317886,0.0015511390879125704,0.0004139269233680746,0.000332831385858835,1.107503616183705e-05]]",,,,,,,,,,,,,,0.35039949999190867,16,5,2
9,MNISTPatchClassifier,MNIST patch filters=16 kernel=5 stride=2 lr=1e-02,1.0,0.01,Muon,1,5,512,64,2.3023172579004068,,0.884765625,full_patch_and_classifier_activation,1.8557552595374798,1.405036042941854,1.3583802768255282,3.46171882195435e-05,5.159284082428244e-05,"[[0.004463989994434913,0.000562979881360222,0.0004917302973481739,0.0003560204476111593,0.0002291424078457719,0.0001952895119305666,0.00013778693488724887,0.00010581564912538158,5.698433977647536e-05,4.7154992159190894e-05,4.266679119947715e-05,2.534675980237963e-05,2.1538249546599797e-05,1.8523163761933002e-05,1.3288121765995154e-05,8.173072483093213e-06],[0.00631641763440503,0.0007775971223955925,0.00022067125356677476,0.00019764108658527676,0.00011368970197723333,6.0123142439559354e-05,5.6376894361102264e-05,4.003650740255854e-05,1.6373629264817388e-05,4.632524495997656e-19]]","[[390.23185824645077,195.18686611323614,161.79959583816836,124.70170629486346,95.24338688287415,90.64784280728632,75.73183997088778,60.98797149185639,49.55656364117996,48.153608662399236,46.68779265981902,37.755694463668874,35.72557611569003,30.26753208141558,30.015824533000373,27.7484789702651,26.16951182467305,24.52093847338149,23.218004471467978,21.97486352300743,19.833741908261363,18.780552148931818,17.260255681991797,15.782347748565027,13.995750653715579],[1.0831223824343732,0.05649719433043207,0.041904559553817805,0.017763858963498226,0.011943105630034166,0.0089915807544552,0.008252119317805095,0.007244877064140714,0.006106512275456706,0.005924984564396276,0.0052045771706030804,0.004519950101198653,0.0033245902320541863,0.002953605919473654,0.0026665501457520512,0.0020790783511181383]]",,,,,,,,,,,,,,0.38286945899017155,16,5,2
10,MNISTPatchClassifier,MNIST patch filters=16 kernel=5 stride=2 lr=1e-02,1.0,0.01,Adam,2,0,512,64,2.302593098266341,0.0001561394839093566,0.900390625,full_patch_and_classifier_activation,2.198413170571286,1.4187883170004567,1.512223082253929,4.82890697487037e-05,6.677041248120395e-05,"[[0.0025302947599091215,0.00069201603548164,0.0003784005030841874,0.00026758644142617686,0.000228954827432196,0.00015136232443582938,0.00010686438514161104,0.00010008813838864003,5.5959690006900315e-05,3.2770982392379704e-05,2.7427114100208564e-05,2.6454155857159462e-05,1.8624134260762508e-05,1.430313675132299e-05,1.0731272566884284e-05,5.284924498477075e-06],[0.0030866284021064125,0.00022594559677182615,9.859453195446088e-05,7.785054138411567e-05,6.498571007817822e-05,4.511213393818239e-05,2.4585035703953065e-05,2.021069040857682e-05,1.864964805030455e-05,1.4282089201731808e-19]]","[[385.4631266039292,193.67353929315215,163.5305164540714,123.66467601351606,96.43792511662514,92.57642915252309,74.85731861801413,61.4777093141017,49.55457513665488,48.955697500583675,45.84377864680122,37.75946415749075,35.91847983117771,30.072392062238123,30.01825061553237,28.280470726059434,26.556973510387824,24.504327569148856,23.662344317995107,21.60515119876028,19.950283507702544,18.95950195925815,16.96441509084872,15.994711848174608,14.108516018558104],[0.44591334696067747,0.02611091560783335,0.0255411481671514,0.01625576215964076,0.012450238849223022,0.008488138936774478,0.00753223030005637,0.00656624770603535,0.0063197750747120895,0.005271156332824117,0.004494561272490917,0.0041491419398301515,0.0035654008578371818,0.003166087435682901,0.0029792993933575457,0.0015104320441485524]]","[[0.03659972928500843,0.013419655371575703,0.011657010385399914,0.009223350456188583,0.00673897193887476,0.005872767257009848,0.004243417260948008,0.003211496399971261,8.88181437520159e-05,2.1127338872439983e-06,1.3355907056302446e-06,3.169092284369242e-07,2.27460067446232e-07,1.3986370569354865e-07,1.2793013205734697e-07,8.963083484085334e-08],[0.02552899910552627,0.00785903139856619,0.005546806995322895,0.002631343579672253,6.470060300245033e-06,4.6525831753537433e-07,2.3835792968670687e-07,9.611642657789339e-08,4.200900232449866e-08,1.7136515039613733e-08]]",3.3928955774735776,1.2663941940527246,0.25519671528408816,0.10076092990235433,0.4043428460965226,0.0001367924063470688,0.6544987984121906,0.002682719804903913,0.050990195135927834,0.03659972928500843,0.21467867841531063,0.2162215175038975,0.03105612494982779,16,5,2
11,MNISTPatchClassifier,MNIST patch filters=16 kernel=5 stride=2 lr=1e-02,1.0,0.01,Muon,2,0,512,64,2.302593098266341,8.25217649031984e-05,0.900390625,full_patch_and_classifier_activation,2.198413170571286,1.4187883170004567,1.512223082253929,4.82890697487037e-05,6.677041248120395e-05,"[[0.0025302947599091215,0.00069201603548164,0.0003784005030841874,0.00026758644142617686,0.000228954827432196,0.00015136232443582938,0.00010686438514161104,0.00010008813838864003,5.5959690006900315e-05,3.2770982392379704e-05,2.7427114100208564e-05,2.6454155857159462e-05,1.8624134260762508e-05,1.430313675132299e-05,1.0731272566884284e-05,5.284924498477075e-06],[0.0030866284021064125,0.00022594559677182615,9.859453195446088e-05,7.785054138411567e-05,6.498571007817822e-05,4.511213393818239e-05,2.4585035703953065e-05,2.021069040857682e-05,1.864964805030455e-05,1.4282089201731808e-19]]","[[385.4631266039292,193.67353929315215,163.5305164540714,123.66467601351606,96.43792511662514,92.57642915252309,74.85731861801413,61.4777093141017,49.55457513665488,48.955697500583675,45.84377864680122,37.75946415749075,35.91847983117771,30.072392062238123,30.01825061553237,28.280470726059434,26.556973510387824,24.504327569148856,23.662344317995107,21.60515119876028,19.950283507702544,18.95950195925815,16.96441509084872,15.994711848174608,14.108516018558104],[0.44591334696067747,0.02611091560783335,0.0255411481671514,0.01625576215964076,0.012450238849223022,0.008488138936774478,0.00753223030005637,0.00656624770603535,0.0063197750747120895,0.005271156332824117,0.004494561272490917,0.0041491419398301515,0.0035654008578371818,0.003166087435682901,0.0029792993933575457,0.0015104320441485524]]","[[0.010000000000000007,0.010000000000000004,0.010000000000000004,0.010000000000000002,0.010000000000000002,0.01,0.01,0.01,0.009999999999999998,0.009999999999999998,0.009999999999999998,0.009999999999999998,0.009999999999999998,0.009999999999999997,0.009999999999999997,0.009999999999999997],[0.010000000000000005,0.010000000000000004,0.010000000000000002,0.01,0.009999999999999998,0.009999999999999998,0.009999999999999997,0.009999999999999995,0.009999999999999995,0.009999999999999993]]",13.000000000000002,12.999999999999982,1.0,0.9999999999999987,0.9999999999999986,8.309685116129507e-05,0.3975863184898909,0.0016296633291906111,0.05099019513592784,0.010000000000000007,0.21467867841531066,0.22570044038572495,0.0638557078782469,16,5,2
10,MNISTPatchClassifier,MNIST patch filters=16 kernel=5 stride=2 lr=1e-02,1.0,0.01,Adam,2,1,512,64,2.302486189562795,0.0002250915861958802,0.888671875,full_patch_and_classifier_activation,1.5968512812069804,1.4149469920953244,1.155055058844892,3.895110941877058e-05,4.853293197606227e-05,"[[0.0032746861934803586,0.0004808806525934226,0.00032726425406075715,0.00016705601626848112,9.153485712387176e-05,7.432512619307123e-05,7.027467211182153e-05,3.825555235071406e-05,3.259702795711927e-05,2.746900792288675e-05,2.0584558206247154e-05,1.2780941976414159e-05,1.2267186463512961e-05,8.84645712960439e-06,5.3777858609596345e-06,4.144706645702552e-06],[0.004376012545220103,0.00018695354740785037,9.251617395712244e-05,8.454707375672154e-05,6.707893016901708e-05,3.3427178004951325e-05,2.200087138559445e-05,2.183358179085633e-05,1.4237971414019133e-05,5.467349048566083e-19]]","[[385.4631266039292,193.67353929315215,163.5305164540714,123.66467601351606,96.43792511662514,92.57642915252309,74.85731861801413,61.4777093141017,49.55457513665488,48.955697500583675,45.84377864680122,37.75946415749075,35.91847983117771,30.072392062238123,30.01825061553237,28.280470726059434,26.556973510387824,24.504327569148856,23.662344317995107,21.60515119876028,19.950283507702544,18.95950195925815,16.96441509084872,15.994711848174608,14.108516018558104],[0.7022139044618682,0.024079334182253196,0.01597234445477506,0.014098181145140457,0.01104199869882131,0.007177202538336871,0.005877058305829122,0.005064772906871136,0.004232832889991897,0.003529370436347508,0.003053535181898663,0.002943610089724841,0.0023148609783944537,0.0022254974341724128,0.0018729370700655815,0.0012279130128353098]]","[[0.040087569720769364,0.009853567977169369,0.007926852017935743,0.005367939661865726,0.0048064177470196895,0.004004964227550753,0.0022843697382094125,0.0018164154730472015,0.0009254310250317183,0.0007923381272477168,0.00041133901677770795,0.00025274501945760726,0.0001789844655349294,0.0001383116434732763,8.104132225542655e-05,5.5075115271818326e-05],[0.025041980864360734,0.006444108815912413,0.0051147660166922316,0.0041098366555742324,0.0023171550226010556,0.0011869361373621878,0.000713640018912773,0.0004454179609493876,0.00012745826940719937,0.00011006509262374649]]",3.1367797557236585,1.147533280601465,0.25028652138965385,0.0932243404275737,0.3680435220789937,0.00017470798543457852,0.6265537899447569,0.003450015605774934,0.0506397667135584,0.040087569720769364,0.21128100038868147,0.2110223129553554,0.09742754208855331,16,5,2
11,MNISTPatchClassifier,MNIST patch filters=16 kernel=5 stride=2 lr=1e-02,1.0,0.01,Muon,2,1,512,64,2.3025289648898397,8.803743771990113e-05,0.888671875,full_patch_and_classifier_activation,1.9889312315292345,1.41837037747205,1.4358342057352502,3.806364098450313e-05,5.908612217400581e-05,"[[0.002839692366779758,0.0005697545768518571,0.00043818201523948926,0.00021896083310616864,0.0001123983060180871,9.142274403383073e-05,7.975402267387803e-05,6.017239877494563e-05,4.355289444701389e-05,3.409141150040668e-05,2.1614804345892703e-05,1.7838735442475004e-05,1.53953381876061e-05,1.2813511268505789e-05,7.946493079772763e-06,6.539199676691877e-06],[0.0029950988357218085,0.000329106965656401,0.00016313988431525958,9.537701370333653e-05,7.908091702213013e-05,4.241363408413896e-05,3.474394381838258e-05,2.6152813879746732e-05,1.6381625758828846e-05,1.4069509660342245e-19]]","[[385.4631266039292,193.67353929315215,163.5305164540714,123.66467601351606,96.43792511662514,92.57642915252309,74.85731861801413,61.4777093141017,49.55457513665488,48.955697500583675,45.84377864680122,37.75946415749075,35.91847983117771,30.072392062238123,30.01825061553237,28.280470726059434,26.556973510387824,24.504327569148856,23.662344317995107,21.60515119876028,19.950283507702544,18.95950195925815,16.96441509084872,15.994711848174608,14.108516018558104],[0.4896187976795424,0.029228925818522246,0.024652691277045728,0.018167262375928816,0.014888147837036566,0.008715500584105312,0.006909475556735156,0.0059373350186112325,0.0055589812983716895,0.004895031751440586,0.004320966479645328,0.0035217010151049155,0.00347179814102075,0.002983147104929385,0.002617768218174618,0.001395130303176625]]","[[0.010000000000000009,0.010000000000000007,0.010000000000000005,0.010000000000000005,0.010000000000000005,0.010000000000000004,0.010000000000000002,0.010000000000000002,0.010000000000000002,0.010000000000000002,0.010000000000000002,0.010000000000000002,0.010000000000000002,0.009999999999999998,0.009999999999999998,0.009999999999999997],[0.010000000000000002,0.010000000000000002,0.010000000000000002,0.009999999999999998,0.009999999999999998,0.009999999999999998,0.009999999999999998,0.009999999999999998,0.009999999999999998,0.009999999999999998]]",13.0,12.999999999999986,1.0,0.999999999999999,0.999999999999999,8.351625285386413e-05,0.38834121039042835,0.0016378884730923163,0.050990195135927854,0.010000000000000009,0.21128100038868147,0.22270960199193957,0.12774150003679097,16,5,2
10,MNISTPatchClassifier,MNIST patch filters=16 kernel=5 stride=2 lr=1e-02,1.0,0.01,Adam,2,2,512,64,2.3026284338184877,0.00021082276043982162,0.888671875,full_patch_and_classifier_activation,1.3203560695560677,1.413847643044455,0.971181284016675,3.738645974976203e-05,4.107981143161268e-05,"[[0.0034947712247873123,0.00021008405163869896,0.00015258707170237741,0.00011383207601316048,8.535413807958974e-05,6.188824187066182e-05,4.97137695478307e-05,4.215827734914127e-05,3.7541490551264084e-05,2.785853988149656e-05,2.5011075767913653e-05,1.889417667864436e-05,1.3665422493034214e-05,1.0952776974626954e-05,7.477018472158254e-06,4.641825253579302e-06],[0.007851124660896014,0.00014264244723756562,7.515010692005882e-05,6.15650509762144e-05,3.809261080491717e-05,2.3614708459096334e-05,1.8474095853343752e-05,1.2166082576531447e-05,1.1188691619756446e-05,1.9522012000668306e-19]]","[[385.4631266039292,193.67353929315215,163.5305164540714,123.66467601351606,96.43792511662514,92.57642915252309,74.85731861801413,61.4777093141017,49.55457513665488,48.955697500583675,45.84377864680122,37.75946415749075,35.91847983117771,30.072392062238123,30.01825061553237,28.280470726059434,26.556973510387824,24.504327569148856,23.662344317995107,21.60515119876028,19.950283507702544,18.95950195925815,16.96441509084872,15.994711848174608,14.108516018558104],[1.2843675381555313,0.02048534830903009,0.012584278614700366,0.010352712697364437,0.006913647328967308,0.0054390384230202544,0.004075142367553593,0.0035316237297487543,0.003062475845122596,0.0027050817576135503,0.0022509089784066476,0.0019793001007673474,0.001673149671547214,0.0014922970843860189,0.0013014024285406879,0.0012818778873313215]]","[[0.038332992554807654,0.014137031718636183,0.007952617854514826,0.006416239511803223,0.005017597625643751,0.004264262770612945,0.002193037902442479,0.001978246669756356,0.0014027604452854895,0.0012944649237816583,0.0008424788871356385,0.0005202839762740345,0.0004636198590276421,0.00023925383508864391,0.00016210213273951801,9.337194422938444e-05],[0.026254907862226406,0.009640210598144449,0.005385169519532778,0.003996448057476059,0.003203873812900224,0.0022344793323781174,0.0010468560473821766,0.0004949544275333498,0.0003440282412261608,0.0002937004611986143]]",3.6451578518987087,1.2351518773150287,0.289976095646677,0.10015517415703237,0.3413838252825624,0.00016667370981084475,0.374674838774188,0.003222754349357446,0.05171778290954016,0.038332992554807654,0.20463541699887902,0.20753163584981366,0.15947104198858142,16,5,2
11,MNISTPatchClassifier,MNIST patch filters=16 kernel=5 stride=2 lr=1e-02,1.0,0.01,Muon,2,2,512,64,2.3025860986880433,9.128401125435559e-05,0.888671875,full_patch_and_classifier_activation,2.111163513266543,1.4168520727860296,1.474926714237422,3.811943837155676e-05,5.42344172445119e-05,"[[0.0027345953562679694,0.0004907236338194484,0.0004538683286373478,0.0003340807008228399,0.00015836452327241962,0.0001365618158010066,0.00010912745867194033,8.737131183772085e-05,6.043358944377327e-05,5.0197059543598195e-05,4.215268630137864e-05,3.21464279471394e-05,2.449502438466424e-05,1.93059969850141e-05,1.5354715396756865e-05,8.252676794384885e-06],[0.003891571154234153,0.00034398745180118633,0.0001519482316827908,0.00010168721325841954,8.202327819655078e-05,5.6806068057011576e-05,2.3927727032189246e-05,1.7912093691989694e-05,1.2005502027801267e-05,1.2497125552564278e-19]]","[[385.4631266039292,193.67353929315215,163.5305164540714,123.66467601351606,96.43792511662514,92.57642915252309,74.85731861801413,61.4777093141017,49.55457513665488,48.955697500583675,45.84377864680122,37.75946415749075,35.91847983117771,30.072392062238123,30.01825061553237,28.280470726059434,26.556973510387824,24.504327569148856,23.662344317995107,21.60515119876028,19.950283507702544,18.95950195925815,16.96441509084872,15.994711848174608,14.108516018558104],[0.6336846079655537,0.030893820065565028,0.027605399212266388,0.019660931234001713,0.014996437827526203,0.0095818307571873,0.007189321497920256,0.005687786263755249,0.005497057910528508,0.00489302459619236,0.003908985213608363,0.00335520323850363,0.003257112665728802,0.003156085441129861,0.002613185125506313,0.0014196775947833572]]","[[0.010000000000000002,0.010000000000000002,0.010000000000000002,0.010000000000000002,0.010000000000000002,0.010000000000000002,0.009999999999999998,0.009999999999999998,0.009999999999999998,0.009999999999999998,0.009999999999999998,0.009999999999999998,0.009999999999999998,0.009999999999999998,0.009999999999999998,0.009999999999999998],[0.010000000000000002,0.010000000000000002,0.010000000000000002,0.010000000000000002,0.010000000000000002,0.009999999999999998,0.009999999999999998,0.009999999999999998,0.009999999999999997,0.009999999999999995]]",12.999999999999996,12.999999999999993,0.9999999999999998,0.9999999999999996,0.9999999999999998,9.438900025909496e-05,0.38253289641850563,0.0018511205930370753,0.050990195135927854,0.010000000000000002,0.20463541699887902,0.21512895883317953,0.19120816700160503,16,5,2
10,MNISTPatchClassifier,MNIST patch filters=16 kernel=5 stride=2 lr=1e-02,1.0,0.01,Adam,2,3,512,64,2.302089402371895,0.000420103716505249,0.888671875,full_patch_and_classifier_activation,1.1730788449754184,1.4137210552364405,0.879962196067171,4.5411777427057554e-05,4.775213490677394e-05,"[[0.0063002177409693895,0.0004406732374082595,0.00011158710159183493,6.998624290030756e-05,5.494389673235258e-05,4.780262575140831e-05,4.1832511978691384e-05,3.105362258726314e-05,2.5205972548638536e-05,2.3797390364600554e-05,1.0510978924912465e-05,9.789044994038843e-06,8.361764598275078e-06,6.3448517484223695e-06,3.016815615658074e-06,2.5631232167882086e-06],[0.01175769339772618,7.733949878169144e-05,6.808843022493119e-05,6.006338895774462e-05,3.2756659908786764e-05,2.6657168836448077e-05,1.7850586080772035e-05,1.3326548322586951e-05,5.309780860543647e-06,9.74148215366614e-19]]","[[385.4631266039292,193.67353929315215,163.5305164540714,123.66467601351606,96.43792511662514,92.57642915252309,74.85731861801413,61.4777093141017,49.55457513665488,48.955697500583675,45.84377864680122,37.75946415749075,35.91847983117771,30.072392062238123,30.01825061553237,28.280470726059434,26.556973510387824,24.504327569148856,23.662344317995107,21.60515119876028,19.950283507702544,18.95950195925815,16.96441509084872,15.994711848174608,14.108516018558104],[1.74487826618253,0.02119077528832476,0.011369993887566638,0.0076220648925801535,0.007275963299681318,0.004655568392985201,0.003940761777360885,0.002938240405282223,0.002644149715867463,0.0019273892262249193,0.0016021679539877048,0.0013840813913545732,0.0012929316148868064,0.0008333575107218054,0.0004975434957517177,0.0003681376562179363]]","[[0.04396312088066108,0.010683232719253744,0.007004962400527815,0.005407044125087459,0.004463286403970637,0.0034647411243541684,0.0025755942906050076,0.0012287153971792448,0.0006141497479935383,0.0005689747582510334,0.0003856625686086737,0.00029036352705042395,0.000234631278282046,0.00014858756417529637,7.465848022224207e-05,5.9860734629666404e-05],[0.023411370247851684,0.0075023525483268756,0.004251711265869084,0.003429346710915296,0.0030651174728236787,0.0016843950539479654,0.0007489375205701213,0.0005201248059618043,0.0003126184259608598,7.738397858530934e-05]]",3.0848427046668947,1.1509905870688053,0.25146107930154177,0.0940835814928871,0.37304791229109147,0.0003561505081673886,0.5030088066344947,0.006714248626840706,0.05304398570283063,0.04396312088066108,0.19597623406063722,0.1895114437518146,0.22246616706252098,16,5,2
11,MNISTPatchClassifier,MNIST patch filters=16 kernel=5 stride=2 lr=1e-02,1.0,0.01,Muon,2,3,512,64,2.302497927311731,0.00012047651812707727,0.888671875,full_patch_and_classifier_activation,1.821167777040987,1.4177423041306099,1.3095532029699042,4.6438935048571264e-05,6.483387425129902e-05,"[[0.004224734026940748,0.0009181961694043988,0.0003719886495582016,0.0003401813954372128,0.00016967005317942188,0.00011501624974804127,9.48503384251293e-05,6.480329685803321e-05,4.8924550725307014e-05,4.4258938771550556e-05,3.497458732905097e-05,2.3346805884593754e-05,2.04831703139081e-05,1.9042578734612308e-05,1.6002203938022526e-05,1.0916497417815996e-05],[0.0041913866919416716,0.0004008312959381878,0.00014430904563300892,7.271304310303149e-05,5.851828425674374e-05,4.9204212633610526e-05,4.1365654482822465e-05,2.4262409011228866e-05,1.7874089473031765e-05,1.5840331561209528e-19]]","[[385.4631266039292,193.67353929315215,163.5305164540714,123.66467601351606,96.43792511662514,92.57642915252309,74.85731861801413,61.4777093141017,49.55457513665488,48.955697500583675,45.84377864680122,37.75946415749075,35.91847983117771,30.072392062238123,30.01825061553237,28.280470726059434,26.556973510387824,24.504327569148856,23.662344317995107,21.60515119876028,19.950283507702544,18.95950195925815,16.96441509084872,15.994711848174608,14.108516018558104],[0.6184679573347043,0.035680490008461546,0.029904145576944614,0.019898929207238972,0.016649136687123613,0.009734336933436602,0.008468907385627973,0.006717633005676823,0.005319340850895235,0.004980126693119278,0.004538856724012671,0.003997722805119043,0.003645219734369912,0.003146734751016072,0.002340719290969336,0.000651164136054635]]","[[0.010000000000000009,0.010000000000000005,0.010000000000000004,0.010000000000000002,0.010000000000000002,0.010000000000000002,0.010000000000000002,0.010000000000000002,0.010000000000000002,0.010000000000000002,0.010000000000000002,0.010000000000000002,0.010000000000000002,0.010000000000000002,0.009999999999999998,0.009999999999999997],[0.010000000000000009,0.010000000000000005,0.010000000000000005,0.010000000000000005,0.010000000000000004,0.010000000000000002,0.010000000000000002,0.010000000000000002,0.010000000000000002,0.010000000000000002]]",13.0,12.999999999999986,0.9999999999999999,0.9999999999999989,0.999999999999999,0.00011517854239139391,0.37250498133106114,0.0022588370584649665,0.050990195135927854,0.010000000000000009,0.19597623406063722,0.20472161071445494,0.25291025009937584,16,5,2
10,MNISTPatchClassifier,MNIST patch filters=16 kernel=5 stride=2 lr=1e-02,1.0,0.01,Adam,2,4,512,64,2.3019993204191436,0.0005311867563784212,0.888671875,full_patch_and_classifier_activation,1.1853843719576225,1.4136725830086037,0.8883576509587608,3.344481596998765e-05,3.540975809186469e-05,"[[0.005091499326073785,0.00032736753152547767,0.00015647100032949025,6.864995796635155e-05,4.9399285232177964e-05,4.27660933652676e-05,2.8744336185684483e-05,2.2378400570988568e-05,1.6563421913523274e-05,1.3237982786498698e-05,1.0089998466512113e-05,7.800405202846082e-06,7.481638145544863e-06,3.2737427980150184e-06,1.3028830010157437e-06,6.100343664360815e-07],[0.01440279748079378,0.00015429468899579832,0.0001314209129615509,5.3487739271333e-05,3.4245196464004165e-05,2.5439829419349654e-05,1.0224693303349944e-05,6.356337369195913e-06,4.354778718120808e-06,1.8235583402712246e-19]]","[[385.4631266039292,193.67353929315215,163.5305164540714,123.66467601351606,96.43792511662514,92.57642915252309,74.85731861801413,61.4777093141017,49.55457513665488,48.955697500583675,45.84377864680122,37.75946415749075,35.91847983117771,30.072392062238123,30.01825061553237,28.280470726059434,26.556973510387824,24.504327569148856,23.662344317995107,21.60515119876028,19.950283507702544,18.95950195925815,16.96441509084872,15.994711848174608,14.108516018558104],[2.4907586912506257,0.021351113222426468,0.015102080381819233,0.011607389338912939,0.006750030337834655,0.0057714426519283185,0.004229577982036932,0.0025858316026238634,0.0020950075754443223,0.0014922014964831127,0.0012633484413450682,0.0011085003138331835,0.0010352003474589277,0.0006870248868499762,0.00027275501249971666,0.00016772553498775207]]","[[0.04644669182642306,0.01084543916274532,0.007508473905279561,0.0062296489136636195,0.0040175656607287814,0.003013739269989048,0.0024131362642456447,0.0010591606381205796,0.0005123397336641613,0.00047201862743051503,0.0002907221367435839,0.0002455292709037402,0.00021682241442445776,0.0001005696246319471,5.779275835359049e-05,4.460285925255661e-05],[0.023975686142353705,0.009413979615999532,0.0045258389732756475,0.0034821384024746457,0.0029062483861875404,0.0013273022757443688,0.0006240889882037327,0.0004395023729528566,0.00034718466871140716,0.00013666775218431834]]",3.024009110784653,1.171895663561175,0.2480309752728026,0.09630433773154325,0.3873963095771157,0.0004479917951623519,0.5256544714550829,0.008033274908863425,0.055767019085586754,0.04644669182642306,0.1874709473529709,0.1813979125291563,0.28836679202504456,16,5,2
11,MNISTPatchClassifier,MNIST patch filters=16 kernel=5 stride=2 lr=1e-02,1.0,0.01,Muon,2,4,512,64,2.3024523681011453,0.00011199275641926576,0.888671875,full_patch_and_classifier_activation,1.9537274190250393,1.4172764821728938,1.3816218749991955,3.570192695342354e-05,4.9710893026183414e-05,"[[0.0032117491128164912,0.0007264681654562282,0.0003868652768296593,0.00026138102447835726,0.00022475121898210857,0.00011211549684544744,8.867502922718654e-05,7.562350687143609e-05,5.0322854584783144e-05,4.0279774306572824e-05,3.387474236600096e-05,2.275687701210633e-05,1.7687980005734375e-05,1.4403866476412485e-05,8.888832623057334e-06,7.5528699403142254e-06],[0.004292062487303725,0.00035981579386628107,0.00013843695848948575,9.59212983692061e-05,8.177128251001808e-05,4.743040968328143e-05,3.595628419734053e-05,3.471700113261044e-05,2.045488074830758e-05,3.4117286414158195e-19]]","[[385.4631266039292,193.67353929315215,163.5305164540714,123.66467601351606,96.43792511662514,92.57642915252309,74.85731861801413,61.4777093141017,49.55457513665488,48.955697500583675,45.84377864680122,37.75946415749075,35.91847983117771,30.072392062238123,30.01825061553237,28.280470726059434,26.556973510387824,24.504327569148856,23.662344317995107,21.60515119876028,19.950283507702544,18.95950195925815,16.96441509084872,15.994711848174608,14.108516018558104],[0.7216251851677451,0.041593581931188874,0.033096950241773164,0.019328468783867573,0.017476824628710946,0.009753107193373276,0.008328220551120816,0.006008371471209633,0.0058356160573874395,0.0054623201199460215,0.0046853108671150705,0.004054584339690601,0.0032184748992612777,0.0025099077700141913,0.0021859970969669972,0.0017250326521150061]]","[[0.010000000000000007,0.010000000000000007,0.010000000000000005,0.010000000000000004,0.010000000000000004,0.010000000000000004,0.010000000000000004,0.010000000000000002,0.010000000000000002,0.010000000000000002,0.010000000000000002,0.01,0.01,0.01,0.009999999999999998,0.009999999999999997],[0.010000000000000002,0.010000000000000002,0.009999999999999998,0.009999999999999998,0.009999999999999998,0.009999999999999998,0.009999999999999998,0.009999999999999998,0.009999999999999998,0.009999999999999998]]",12.999999999999998,12.99999999999999,0.9999999999999998,0.9999999999999991,0.9999999999999993,0.00010389963025122151,0.3736700038620774,0.002037639392715591,0.050990195135927854,0.010000000000000007,0.18747094735297093,0.19379170840014925,0.31715687504038215,16,5,2
10,MNISTPatchClassifier,MNIST patch filters=16 kernel=5 stride=2 lr=1e-02,1.0,0.01,Adam,2,5,512,64,2.302248613878096,,0.888671875,full_patch_and_classifier_activation,1.3086546420289915,1.4136635249269998,0.9594917639582681,1.9109944630223865e-05,2.0542132823941347e-05,"[[0.0037766539983349373,0.000603855876657698,0.00012763958080481966,7.615870607078985e-05,4.795063909304979e-05,3.394647126990406e-05,2.987361254668743e-05,2.046940709668613e-05,1.2454397521568254e-05,7.95634912932361e-06,6.639825015376359e-06,4.495383201238984e-06,2.331003099416969e-06,2.111000804902736e-06,9.656304210489615e-07,5.603114562517285e-07],[0.014632502328148684,0.00025862184662500616,0.00012641752980302616,5.8207347149336675e-05,3.9076705173055396e-05,2.8818165652944762e-05,2.0502022552432213e-05,7.2744595478215265e-06,3.658816485221883e-06,2.877073328061e-19]]","[[385.4631266039292,193.67353929315215,163.5305164540714,123.66467601351606,96.43792511662514,92.57642915252309,74.85731861801413,61.4777093141017,49.55457513665488,48.955697500583675,45.84377864680122,37.75946415749075,35.91847983117771,30.072392062238123,30.01825061553237,28.280470726059434,26.556973510387824,24.504327569148856,23.662344317995107,21.60515119876028,19.950283507702544,18.95950195925815,16.96441509084872,15.994711848174608,14.108516018558104],[3.3479607062817767,0.02676676749715806,0.02118752139597084,0.011721768666338091,0.009875148205988464,0.006569239979379136,0.004417806351255196,0.0030062057435639097,0.0025747650354321218,0.0012258498685496447,0.000967365562404777,0.0009589977766472778,0.0008106468647436529,0.0005709746240476737,0.000186504792746686,9.062731507688083e-05]]",,,,,,,,,,,,,,0.3485189168713987,16,5,2
11,MNISTPatchClassifier,MNIST patch filters=16 kernel=5 stride=2 lr=1e-02,1.0,0.01,Muon,2,5,512,64,2.3024674673580963,,0.888671875,full_patch_and_classifier_activation,2.6012356779076953,1.4165030537768812,1.794900603159773,2.01148513561855e-05,3.32265404565447e-05,"[[0.0019885496776844936,0.0007364497216281413,0.0003906489318314054,0.00027642633383947286,0.00024060071470757992,0.00011909232968304144,0.00011760705110675597,7.085705137162472e-05,5.438179274014851e-05,4.146847818981052e-05,3.038687110259117e-05,2.0067703293070028e-05,1.5064344152902552e-05,1.1896756591617139e-05,1.0503261570400735e-05,8.680439217990162e-06],[0.00387832907533355,0.0005780694164518425,0.00025381097338930897,0.000152098638840972,8.014090004849144e-05,4.309838907749329e-05,3.686295899406842e-05,3.433660632649769e-05,1.369599792040568e-05,2.0212666410487894e-19]]","[[385.4631266039292,193.67353929315215,163.5305164540714,123.66467601351606,96.43792511662514,92.57642915252309,74.85731861801413,61.4777093141017,49.55457513665488,48.955697500583675,45.84377864680122,37.75946415749075,35.91847983117771,30.072392062238123,30.01825061553237,28.280470726059434,26.556973510387824,24.504327569148856,23.662344317995107,21.60515119876028,19.950283507702544,18.95950195925815,16.96441509084872,15.994711848174608,14.108516018558104],[0.8770926679474983,0.04494140177547808,0.037439376242206696,0.01988531875011876,0.01723017321020925,0.010830777272631424,0.008804537151679677,0.006822770123084428,0.00578903436982816,0.005173402354186075,0.004517197883186462,0.0039738262392232625,0.0026028434794181463,0.002554409439150232,0.001938838432769456,0.0014087913284755677]]",,,,,,,,,,,,,,0.3777577499859035,16,5,2
12,MNISTPatchClassifier,MNIST patch filters=16 kernel=7 stride=2 lr=3e-03,1.0,0.003,Adam,0,0,512,64,2.302613307810712,0.00010274195360082672,0.8828125,full_patch_and_classifier_activation,1.9039248603319128,1.5905616391836048,1.2553047416020902,3.881003108161725e-05,5.4867677365892626e-05,"[[0.006674119523953643,0.0008968915943794816,0.0007543140774606866,0.000646529701704856,0.0003389679449164621,0.00031813213935493926,0.00019205921169944816,0.00015440247335477594,0.00013102114913281945,0.00010934871736598452,8.664310102812127e-05,7.672305596233321e-05,5.472815347669126e-05,4.601058579156776e-05,4.4211879619497236e-05,2.850121503057473e-05],[0.007865925407900213,0.0005789707137336257,0.0002788522546540449,0.0002682459507676697,0.0001488890375695795,0.0001393951880814933,8.862466017428699e-05,3.674692239366403e-05,1.2844468565188868e-05,5.233878605932999e-19]]","[[493.249523472008,259.3155638768555,219.34766548159106,182.69048460444037,149.34176873294834,139.8823110381165,127.45508590555716,103.67481985576804,92.21811308023099,88.9926945590207,86.9319001198511,71.8432407434568,66.43131197486345,59.87086843416599,55.71662000289082,54.91622546651539,50.69915502062711,45.19189543562701,43.158568733325545,41.46455473859853,36.18397278295872,35.34369828579487,35.184854101328504,33.62503052155534,30.947266350936772,30.3047789384516,29.695401568992565,26.75159141493728,26.73237492494285,25.60821476846905,25.48296926398514,24.493409845846493,23.860011949991172,23.667766599894254,23.029059718911363,21.715419462100876,20.847994104793695,20.22232520784444,19.567168405049486,19.454750056425002,18.347057286216053,17.656129275198484,16.80769747129716,16.521667337916252,15.634412589127907,14.938334213015617,14.358819432588886,13.71449839592815,13.035741762725436],[1.2680943013382342,0.0686621853896149,0.03356463309127298,0.029084665713086138,0.0237871687790338,0.02123935183973126,0.015365359642002276,0.013165232580912647,0.012365132254864224,0.010852306271355631,0.009341889429036269,0.008556026094375422,0.007839636062798677,0.00634284860183568,0.005697864650788319,0.005250243106430837]]","[[0.012408519114460701,0.004333015954470059,0.0031290705845167487,0.002404822198898268,0.002106401065440503,0.001243601014249188,3.978944939610938e-06,9.400365673917721e-07,7.158796603514027e-07,2.8507443376168113e-07,8.118809399430611e-08,2.6564980248204632e-08,2.262826896838496e-08,1.5944019364951e-08,8.268754500149648e-09,2.107936195529878e-09],[0.0055916512596451765,0.002104642434411823,0.0015034155482840303,0.0012184510059062795,0.0005048985940551557,4.1702990310958755e-08,2.948309394446168e-08,2.589621331917666e-08,9.061892206813069e-09,2.3067635546787402e-09]]",3.1934529975080497,1.2657726365271207,0.25594846912792485,0.10291570458727203,0.39780972117344604,0.00010017740516436517,0.6270567463649892,0.006548801843002421,0.015297058540778346,0.012408519114460701,0.048968978829925854,0.048323515681616365,0.05401354096829891,16,7,2
13,MNISTPatchClassifier,MNIST patch filters=16 kernel=7 stride=2 lr=3e-03,1.0,0.003,Muon,0,0,512,64,2.302613307810712,5.9328424148130665e-05,0.8828125,full_patch_and_classifier_activation,1.9039248603319128,1.5905616391836048,1.2553047416020902,3.881003108161725e-05,5.4867677365892626e-05,"[[0.006674119523953643,0.0008968915943794816,0.0007543140774606866,0.000646529701704856,0.0003389679449164621,0.00031813213935493926,0.00019205921169944816,0.00015440247335477594,0.00013102114913281945,0.00010934871736598452,8.664310102812127e-05,7.672305596233321e-05,5.472815347669126e-05,4.601058579156776e-05,4.4211879619497236e-05,2.850121503057473e-05],[0.007865925407900213,0.0005789707137336257,0.0002788522546540449,0.0002682459507676697,0.0001488890375695795,0.0001393951880814933,8.862466017428699e-05,3.674692239366403e-05,1.2844468565188868e-05,5.233878605932999e-19]]","[[493.249523472008,259.3155638768555,219.34766548159106,182.69048460444037,149.34176873294834,139.8823110381165,127.45508590555716,103.67481985576804,92.21811308023099,88.9926945590207,86.9319001198511,71.8432407434568,66.43131197486345,59.87086843416599,55.71662000289082,54.91622546651539,50.69915502062711,45.19189543562701,43.158568733325545,41.46455473859853,36.18397278295872,35.34369828579487,35.184854101328504,33.62503052155534,30.947266350936772,30.3047789384516,29.695401568992565,26.75159141493728,26.73237492494285,25.60821476846905,25.48296926398514,24.493409845846493,23.860011949991172,23.667766599894254,23.029059718911363,21.715419462100876,20.847994104793695,20.22232520784444,19.567168405049486,19.454750056425002,18.347057286216053,17.656129275198484,16.80769747129716,16.521667337916252,15.634412589127907,14.938334213015617,14.358819432588886,13.71449839592815,13.035741762725436],[1.2680943013382342,0.0686621853896149,0.03356463309127298,0.029084665713086138,0.0237871687790338,0.02123935183973126,0.015365359642002276,0.013165232580912647,0.012365132254864224,0.010852306271355631,0.009341889429036269,0.008556026094375422,0.007839636062798677,0.00634284860183568,0.005697864650788319,0.005250243106430837]]","[[0.003000000000000001,0.0030000000000000005,0.003,0.003,0.003,0.003,0.0029999999999999996,0.0029999999999999996,0.0029999999999999996,0.0029999999999999996,0.0029999999999999996,0.0029999999999999996,0.0029999999999999988,0.0029999999999999988,0.0029999999999999988,0.0029999999999999988],[0.003000000000000002,0.0030000000000000014,0.003000000000000001,0.0030000000000000005,0.003,0.003,0.0029999999999999996,0.002999999999999999,0.002999999999999999,0.0029999999999999988]]",13.0,12.99999999999999,1.0,0.9999999999999991,0.999999999999999,5.9913297384214944e-05,0.37502505939440905,0.00391665477545897,0.01529705854077835,0.003000000000000002,0.04896897882992587,0.05685766921524829,0.10627562506124377,16,7,2
12,MNISTPatchClassifier,MNIST patch filters=16 kernel=7 stride=2 lr=3e-03,1.0,0.003,Adam,0,1,512,64,2.3026037956701564,7.497587596549948e-05,0.900390625,full_patch_and_classifier_activation,2.3196025046763697,1.5905450202390896,1.4408950950696076,3.5059577522635675e-05,4.8851928210600304e-05,"[[0.003828074978833648,0.0007308717986472724,0.0006573145519749373,0.0005287162733289407,0.00033543618331712476,0.0002696638837028679,0.00020537787666783243,0.00014420531656864568,0.00013898166664918642,9.60147002511951e-05,8.648867052390574e-05,7.411488235989082e-05,4.802826367790964e-05,4.430317578520893e-05,3.1748880179102923e-05,2.2610622332509028e-05],[0.0077179744301424,0.00044300030805077053,0.00032865477434460303,0.00020572626395228675,0.00018188480028847337,0.00010180197175051896,9.644207306645768e-05,5.090885581689029e-05,3.9441395277786655e-05,2.6359149403951626e-19]]","[[493.249523472008,259.3155638768555,219.34766548159106,182.69048460444037,149.34176873294834,139.8823110381165,127.45508590555716,103.67481985576804,92.21811308023099,88.9926945590207,86.9319001198511,71.8432407434568,66.43131197486345,59.87086843416599,55.71662000289082,54.91622546651539,50.69915502062711,45.19189543562701,43.158568733325545,41.46455473859853,36.18397278295872,35.34369828579487,35.184854101328504,33.62503052155534,30.947266350936772,30.3047789384516,29.695401568992565,26.75159141493728,26.73237492494285,25.60821476846905,25.48296926398514,24.493409845846493,23.860011949991172,23.667766599894254,23.029059718911363,21.715419462100876,20.847994104793695,20.22232520784444,19.567168405049486,19.454750056425002,18.347057286216053,17.656129275198484,16.80769747129716,16.521667337916252,15.634412589127907,14.938334213015617,14.358819432588886,13.71449839592815,13.035741762725436],[1.3078752041852113,0.07007659109568741,0.03729238885170695,0.029651409234288117,0.024369246126879417,0.02031067319962102,0.01587205926508246,0.012911432889592378,0.012435039636023238,0.010716984444981311,0.009220295894557293,0.008415300699740622,0.008180852096264476,0.006609558923555401,0.006152753449881721,0.004972272670431534]]","[[0.013469594967328344,0.003130305519318302,0.0018882800037033224,0.0011120707490003203,0.0010208407697171425,0.0007836980912270282,0.000694036763072451,0.00046794132787663826,0.000360869668267791,0.00030254014816126707,0.00022297125604838402,0.0002075773143537257,0.00012438081944981955,9.235173665630716e-05,5.186657781435093e-05,1.9350773672610433e-05],[0.00551534807943011,0.0013740607754448618,0.0009591965259162823,0.000641062631204242,0.0004533120125848929,0.0003287685764909603,0.00015435686567694945,0.00010559752984779777,4.3187758355290265e-05,2.7491796898758372e-05]]",2.799406753951759,1.1063602175316114,0.2258276814277379,0.09009817342806725,0.3957129216083094,7.144054082713683e-05,0.5365968229099201,0.004683050295944654,0.015255129950024593,0.013469594967328344,0.04873982365038845,0.046767507455907464,0.16253687511198223,16,7,2
13,MNISTPatchClassifier,MNIST patch filters=16 kernel=7 stride=2 lr=3e-03,1.0,0.003,Muon,0,1,512,64,2.3026262020397796,4.7334981831514966e-05,0.912109375,full_patch_and_classifier_activation,2.394995771102096,1.5907331791080068,1.481839631220693,3.5019854135381636e-05,4.963184127852153e-05,"[[0.003700926108702075,0.0007281747866313739,0.0006299739133337552,0.0005062096484520408,0.0003349745999180279,0.00028852651785035016,0.00021462000874120134,0.00016409785700663933,0.00015348553768535335,0.00011942711906603251,8.275747763940407e-05,7.711897360073663e-05,4.911472581189123e-05,4.285316864610173e-05,3.418464916915346e-05,2.615907366204849e-05],[0.007379601754755132,0.0004186515329488512,0.0003497108343338012,0.00022074396623773923,0.00018457695436782057,0.00011004145450273896,9.766038042180122e-05,4.7084798459497655e-05,3.5205799643436284e-05,2.9126130160452936e-19]]","[[493.249523472008,259.3155638768555,219.34766548159106,182.69048460444037,149.34176873294834,139.8823110381165,127.45508590555716,103.67481985576804,92.21811308023099,88.9926945590207,86.9319001198511,71.8432407434568,66.43131197486345,59.87086843416599,55.71662000289082,54.91622546651539,50.69915502062711,45.19189543562701,43.158568733325545,41.46455473859853,36.18397278295872,35.34369828579487,35.184854101328504,33.62503052155534,30.947266350936772,30.3047789384516,29.695401568992565,26.75159141493728,26.73237492494285,25.60821476846905,25.48296926398514,24.493409845846493,23.860011949991172,23.667766599894254,23.029059718911363,21.715419462100876,20.847994104793695,20.22232520784444,19.567168405049486,19.454750056425002,18.347057286216053,17.656129275198484,16.80769747129716,16.521667337916252,15.634412589127907,14.938334213015617,14.358819432588886,13.71449839592815,13.035741762725436],[1.2516615446341666,0.06910671203559171,0.03527978580713292,0.031078763276367296,0.02380611225454716,0.021681156076910617,0.015312250237302292,0.012914976685547634,0.012235601387640375,0.01099713307069347,0.00921904296534419,0.008449808143440941,0.008132525261302634,0.006537689981439516,0.00570864462334039,0.0051644501210987345]]","[[0.0030000000000000022,0.003000000000000002,0.003000000000000002,0.003000000000000002,0.003000000000000002,0.0030000000000000014,0.0030000000000000014,0.003000000000000001,0.003000000000000001,0.003000000000000001,0.003000000000000001,0.003000000000000001,0.003000000000000001,0.003000000000000001,0.0030000000000000005,0.002999999999999999],[0.003000000000000002,0.003000000000000002,0.0030000000000000014,0.0030000000000000014,0.003000000000000001,0.0030000000000000005,0.0030000000000000005,0.0030000000000000005,0.003,0.002999999999999999]]",13.000000000000002,12.99999999999999,1.0,0.9999999999999993,0.9999999999999991,4.7987644924761015e-05,0.37476362600070817,0.003137050485675873,0.01529705854077836,0.0030000000000000022,0.04873982365038845,0.05655133264028671,0.2136578750796616,16,7,2
12,MNISTPatchClassifier,MNIST patch filters=16 kernel=7 stride=2 lr=3e-03,1.0,0.003,Adam,0,2,512,64,2.3025018770483907,9.450081147477363e-05,0.900390625,full_patch_and_classifier_activation,1.9334306844125155,1.590101488567523,1.266102644920267,3.2535795091658425e-05,4.562728138248313e-05,"[[0.005959330823102137,0.000923737015037592,0.0006157380454329215,0.0005420072248477773,0.00045327794744059834,0.00027224514360890955,0.00017739794792383977,0.00011567937565304476,9.935494750962143e-05,9.297314955706278e-05,8.460322911674937e-05,7.164696014805474e-05,6.665302676839073e-05,5.3586173748357415e-05,3.777313662548117e-05,2.2884595357802784e-05],[0.007968674236850461,0.00045603021036113634,0.00039998344990349426,0.00019326212515315464,0.0001678440086089802,0.0001281923325345285,8.135602972155613e-05,5.9821565193768254e-05,3.696976578635671e-05,7.696775986311666e-19]]","[[493.249523472008,259.3155638768555,219.34766548159106,182.69048460444037,149.34176873294834,139.8823110381165,127.45508590555716,103.67481985576804,92.21811308023099,88.9926945590207,86.9319001198511,71.8432407434568,66.43131197486345,59.87086843416599,55.71662000289082,54.91622546651539,50.69915502062711,45.19189543562701,43.158568733325545,41.46455473859853,36.18397278295872,35.34369828579487,35.184854101328504,33.62503052155534,30.947266350936772,30.3047789384516,29.695401568992565,26.75159141493728,26.73237492494285,25.60821476846905,25.48296926398514,24.493409845846493,23.860011949991172,23.667766599894254,23.029059718911363,21.715419462100876,20.847994104793695,20.22232520784444,19.567168405049486,19.454750056425002,18.347057286216053,17.656129275198484,16.80769747129716,16.521667337916252,15.634412589127907,14.938334213015617,14.358819432588886,13.71449839592815,13.035741762725436],[1.4020992176992524,0.06710269043532546,0.03793104007949486,0.029227686267007037,0.02496656549586103,0.019922848899690652,0.01678730716413988,0.013118941601531401,0.012205257517927665,0.010845361776595591,0.008724120513592698,0.00843398245768402,0.007855268120772562,0.0061208811124245045,0.00540546105751241,0.00470161078637838]]","[[0.013491668160806202,0.0026360836910959114,0.0018467780256532277,0.0016256887740159075,0.0010188327361754178,0.0008874381630451509,0.0005359084093223859,0.0004535918080827983,0.0002973954902849539,0.00022728034446729004,0.00015397183744621928,0.00011661905985970675,9.233473734446763e-05,6.675229975270188e-05,5.429532525397953e-05,1.8844196262773304e-05],[0.005709234262653513,0.000951504305119562,0.000834468876858721,0.0007410609456103322,0.00048103957288554277,0.0002740653393542539,0.00021349647108390195,0.00018188987882671788,9.93410386321935e-05,3.463471120263843e-05]]",2.6902856427577984,1.0816883569425388,0.2165054909095827,0.08782071215181356,0.4027024577495397,9.107914072078351e-05,0.5930511607127669,0.005970866621561351,0.015253923172875494,0.013491668160806202,0.04863054723412005,0.04695623714439266,0.26835712511092424,16,7,2
13,MNISTPatchClassifier,MNIST patch filters=16 kernel=7 stride=2 lr=3e-03,1.0,0.003,Muon,0,2,512,64,2.302554188343747,5.537800954868999e-05,0.89453125,full_patch_and_classifier_activation,2.025857979183545,1.5909807550429371,1.3303428996634126,3.266913368665667e-05,4.8528116660956855e-05,"[[0.006032407312257754,0.0009817227032409303,0.000709126074826671,0.0005921012106601931,0.00047386836205940726,0.00024184542924546879,0.00018069422366080815,0.0001412899255334904,0.00013176296347059077,0.00010093219040517573,8.894651371734222e-05,8.076987179416978e-05,5.5913781175932465e-05,5.21545663221233e-05,4.3145555713181365e-05,2.7217730739702913e-05],[0.006924569660929574,0.00048705730972998157,0.00037410128111360874,0.00020216691034223444,0.00018819786296387286,0.00014698897220890726,9.726666382893046e-05,6.178479321485821e-05,2.6855979960573486e-05,5.008568759978161e-19]]","[[493.249523472008,259.3155638768555,219.34766548159106,182.69048460444037,149.34176873294834,139.8823110381165,127.45508590555716,103.67481985576804,92.21811308023099,88.9926945590207,86.9319001198511,71.8432407434568,66.43131197486345,59.87086843416599,55.71662000289082,54.91622546651539,50.69915502062711,45.19189543562701,43.158568733325545,41.46455473859853,36.18397278295872,35.34369828579487,35.184854101328504,33.62503052155534,30.947266350936772,30.3047789384516,29.695401568992565,26.75159141493728,26.73237492494285,25.60821476846905,25.48296926398514,24.493409845846493,23.860011949991172,23.667766599894254,23.029059718911363,21.715419462100876,20.847994104793695,20.22232520784444,19.567168405049486,19.454750056425002,18.347057286216053,17.656129275198484,16.80769747129716,16.521667337916252,15.634412589127907,14.938334213015617,14.358819432588886,13.71449839592815,13.035741762725436],[1.217667316038369,0.06950703745950539,0.03645549095250866,0.031970606079245095,0.024536153077757965,0.021861821233305507,0.01582225643036082,0.012501436182896316,0.012160065109152844,0.011357223409486354,0.009032886091791833,0.008453119611699728,0.008394410703328919,0.0065255314819796404,0.005775575502692221,0.005017478581832625]]","[[0.0030000000000000022,0.003000000000000002,0.003000000000000002,0.0030000000000000014,0.0030000000000000014,0.0030000000000000014,0.0030000000000000005,0.0030000000000000005,0.003,0.003,0.003,0.003,0.003,0.0029999999999999996,0.0029999999999999988,0.0029999999999999983],[0.0030000000000000027,0.0030000000000000014,0.0030000000000000014,0.0030000000000000014,0.0030000000000000014,0.0030000000000000014,0.003000000000000001,0.0030000000000000005,0.003,0.003]]",13.0,12.999999999999986,0.9999999999999999,0.999999999999999,0.9999999999999991,5.532866354734648e-05,0.3877062559869313,0.003616947885755505,0.01529705854077836,0.0030000000000000027,0.04863054723412006,0.05611145101451659,0.32028820808045566,16,7,2
12,MNISTPatchClassifier,MNIST patch filters=16 kernel=7 stride=2 lr=3e-03,1.0,0.003,Adam,0,3,512,64,2.302480418122496,7.607347545812715e-05,0.900390625,full_patch_and_classifier_activation,1.92883450631666,1.5896204858928709,1.2659122648678631,3.0193675852879094e-05,4.252345840459708e-05,"[[0.0051477908704071675,0.000712531085936242,0.000615392589565789,0.000449546054131143,0.00030518825024040123,0.00027232600198523303,0.00015150092082352,0.0001479033626035577,0.00010581583751142416,7.938922419326232e-05,6.317626180709001e-05,6.279629378928507e-05,4.232015968122379e-05,3.98342779264592e-05,2.9390294159619702e-05,2.2967182636227057e-05],[0.008435275092335853,0.0005247863894975832,0.00041598022099381855,0.00025234899144355877,0.00016963834464573093,0.00010869305616104806,7.459227898933242e-05,4.547564973787588e-05,4.089692736165007e-05,2.659151560495693e-19]]","[[493.249523472008,259.3155638768555,219.34766548159106,182.69048460444037,149.34176873294834,139.8823110381165,127.45508590555716,103.67481985576804,92.21811308023099,88.9926945590207,86.9319001198511,71.8432407434568,66.43131197486345,59.87086843416599,55.71662000289082,54.91622546651539,50.69915502062711,45.19189543562701,43.158568733325545,41.46455473859853,36.18397278295872,35.34369828579487,35.184854101328504,33.62503052155534,30.947266350936772,30.3047789384516,29.695401568992565,26.75159141493728,26.73237492494285,25.60821476846905,25.48296926398514,24.493409845846493,23.860011949991172,23.667766599894254,23.029059718911363,21.715419462100876,20.847994104793695,20.22232520784444,19.567168405049486,19.454750056425002,18.347057286216053,17.656129275198484,16.80769747129716,16.521667337916252,15.634412589127907,14.938334213015617,14.358819432588886,13.71449839592815,13.035741762725436],[1.541169838081666,0.063767440945394,0.038065004261126655,0.028672805724034894,0.025167965698390093,0.02025625443102003,0.017415480577439944,0.013092633493405142,0.012679692440452995,0.010664606667691453,0.008403957992317078,0.007914008098461323,0.007302220231521696,0.00561147993704867,0.004841312339196678,0.0041120119066258105]]","[[0.013566344252252185,0.0027154644470096276,0.0017775780432180252,0.0016902459040008533,0.0012070304040744117,0.0008830399293890325,0.0006220674361284174,0.00048206287995470796,0.0003561480686414038,0.0001595456112671832,0.00011821177202920894,0.00010561461077555072,8.283053550360224e-05,6.59401742601317e-05,5.197963214202766e-05,3.594724823797028e-05],[0.005332136451117531,0.0012047831686955721,0.0010059336356324064,0.00047300395334904104,0.0003773734947414876,0.0002697805538673167,0.0002574383183525437,0.00014303336931093235,0.00011124997595393997,6.843010429261521e-05]]",2.785774019074764,1.0975261602422597,0.2250662898719354,0.08932784944718966,0.3942833384875757,7.210638153919786e-05,0.47455791700722816,0.004734805528108691,0.015229005945678326,0.013566344252252185,0.04835848227094821,0.04574416257882841,0.3761130829807371,16,7,2
13,MNISTPatchClassifier,MNIST patch filters=16 kernel=7 stride=2 lr=3e-03,1.0,0.003,Muon,0,3,512,64,2.3025443826973384,4.9907844821284186e-05,0.90234375,full_patch_and_classifier_activation,2.2843280797142422,1.5910842871810633,1.4658685900353707,3.0545286489186256e-05,4.7282851853404383e-05,"[[0.004554890864361024,0.0007821998256967472,0.0006573818400633306,0.000535848337026302,0.00042162973695403927,0.00033133518378855635,0.00024301356230611832,0.00015154566619204521,0.00012389011012232517,0.000101522897229657,8.463830284875584e-05,7.16874469317508e-05,5.290267227734687e-05,4.813188890005824e-05,3.511897357027905e-05,3.348471346273867e-05],[0.006727377624650885,0.0005550088058537665,0.0004417869419698655,0.00025277304381508185,0.00021683124034225265,0.00011209725054115416,7.282399149066487e-05,5.097182675322659e-05,2.604876972388957e-05,2.708716738762122e-19]]","[[493.249523472008,259.3155638768555,219.34766548159106,182.69048460444037,149.34176873294834,139.8823110381165,127.45508590555716,103.67481985576804,92.21811308023099,88.9926945590207,86.9319001198511,71.8432407434568,66.43131197486345,59.87086843416599,55.71662000289082,54.91622546651539,50.69915502062711,45.19189543562701,43.158568733325545,41.46455473859853,36.18397278295872,35.34369828579487,35.184854101328504,33.62503052155534,30.947266350936772,30.3047789384516,29.695401568992565,26.75159141493728,26.73237492494285,25.60821476846905,25.48296926398514,24.493409845846493,23.860011949991172,23.667766599894254,23.029059718911363,21.715419462100876,20.847994104793695,20.22232520784444,19.567168405049486,19.454750056425002,18.347057286216053,17.656129275198484,16.80769747129716,16.521667337916252,15.634412589127907,14.938334213015617,14.358819432588886,13.71449839592815,13.035741762725436],[1.2257479994400187,0.06973709749971735,0.03851575201096383,0.0339012708463005,0.02592102458518831,0.022241094193900603,0.01603439934741426,0.012805785505002555,0.0127369153794527,0.011459927866418501,0.008983522912005746,0.008647100210948881,0.008263373141614662,0.00647494936240999,0.006106489543410715,0.004976894096173539]]","[[0.003000000000000002,0.003000000000000001,0.003000000000000001,0.0030000000000000005,0.0030000000000000005,0.0030000000000000005,0.003,0.003,0.0029999999999999996,0.002999999999999999,0.002999999999999999,0.002999999999999999,0.002999999999999999,0.0029999999999999988,0.0029999999999999983,0.0029999999999999983],[0.003,0.0029999999999999996,0.0029999999999999996,0.0029999999999999996,0.0029999999999999996,0.002999999999999999,0.002999999999999999,0.002999999999999999,0.0029999999999999983,0.0029999999999999983]]",13.000000000000004,12.999999999999986,1.0000000000000004,0.9999999999999991,0.9999999999999988,5.005482455061557e-05,0.39568930430575755,0.003272186245295539,0.015297058540778351,0.003000000000000002,0.04835848227094821,0.05555075272646698,0.4305926251690835,16,7,2
12,MNISTPatchClassifier,MNIST patch filters=16 kernel=7 stride=2 lr=3e-03,1.0,0.003,Adam,0,4,512,64,2.3024349221045624,8.458729481608529e-05,0.900390625,full_patch_and_classifier_activation,2.1216041236000236,1.5891290653069414,1.3189580890641275,3.440023928153595e-05,4.387060228763436e-05,"[[0.004427753140017627,0.000986091998931268,0.0006274703560593835,0.0005579031866587607,0.00029439870736130296,0.00025933524765817855,0.0002230961797591502,0.00012590454148028816,0.00012270651391903205,7.944714738364691e-05,7.27436708449662e-05,6.787198626431172e-05,5.1457961018865674e-05,3.873844045922737e-05,3.507237951739028e-05,2.0986946935820963e-05],[0.01021720449395232,0.00046862232459101317,0.00030802492278343783,0.00021208948910591882,0.00014997710060395258,8.487900435126854e-05,6.402277279479265e-05,5.456454787180385e-05,1.543081810792984e-05,4.274033215281922e-19]]","[[493.249523472008,259.3155638768555,219.34766548159106,182.69048460444037,149.34176873294834,139.8823110381165,127.45508590555716,103.67481985576804,92.21811308023099,88.9926945590207,86.9319001198511,71.8432407434568,66.43131197486345,59.87086843416599,55.71662000289082,54.91622546651539,50.69915502062711,45.19189543562701,43.158568733325545,41.46455473859853,36.18397278295872,35.34369828579487,35.184854101328504,33.62503052155534,30.947266350936772,30.3047789384516,29.695401568992565,26.75159141493728,26.73237492494285,25.60821476846905,25.48296926398514,24.493409845846493,23.860011949991172,23.667766599894254,23.029059718911363,21.715419462100876,20.847994104793695,20.22232520784444,19.567168405049486,19.454750056425002,18.347057286216053,17.656129275198484,16.80769747129716,16.521667337916252,15.634412589127907,14.938334213015617,14.358819432588886,13.71449839592815,13.035741762725436],[1.745320059112166,0.06109715902379991,0.03608118938164145,0.027939064174176766,0.024688351183677758,0.020288040184223824,0.01735053080855443,0.012946683556257043,0.011559762367957364,0.010803853198059252,0.007883705240676008,0.007138427786265169,0.0061896587741260235,0.005119475683527955,0.004120676851682887,0.0038001471594299903]]","[[0.013509645783084034,0.0027632295258815625,0.0017311735620701332,0.0014353808804144455,0.0010184642950721527,0.0008812782485690048,0.000771653484764479,0.0005562538623904135,0.00043319719063491765,0.00020819182180858116,0.00017915972512711306,0.0001266728802110873,9.226458187436324e-05,7.889705309615493e-05,5.3066968271091666e-05,3.2724675731584315e-05],[0.00565003619356318,0.001308430092611895,0.0008137750278835232,0.0004127493762169553,0.00040294744385265,0.0002710134526261049,0.00017852917895644954,0.00016891066185171258,8.59096684757579e-05,5.669269615151653e-05]]",2.6941141633897683,1.087697260056514,0.21550943747088208,0.08840585216912583,0.4055951594985192,7.792666616950815e-05,0.4542197271180223,0.005105210162751249,0.015264144606245296,0.013509645783084034,0.04819775238380603,0.04644238588674828,0.4857370830141008,16,7,2
13,MNISTPatchClassifier,MNIST patch filters=16 kernel=7 stride=2 lr=3e-03,1.0,0.003,Muon,0,4,512,64,2.3025087605089873,4.953977337285309e-05,0.8828125,full_patch_and_classifier_activation,2.5308034934969696,1.5910658307444465,1.5622578743588142,3.4416323441100045e-05,5.1109423813652583e-05,"[[0.0037078380636120047,0.0010523481626971093,0.0007678287633367552,0.0006037765555224529,0.00034866559773785233,0.00024711478607637814,0.00019559201496790728,0.0001524818197263313,0.00012135993381199176,8.791431437745366e-05,6.859013548862166e-05,5.9101198330942756e-05,5.161160870852819e-05,4.885766267649374e-05,3.4646623291111344e-05,2.8473629490472745e-05],[0.007206369517293423,0.0006082543390108815,0.0003661762229517665,0.00021439712533248488,0.00019013799923302063,9.747896443404344e-05,8.258591833191662e-05,7.252786746160616e-05,2.3500121576333323e-05,3.984566692606129e-19]]","[[493.249523472008,259.3155638768555,219.34766548159106,182.69048460444037,149.34176873294834,139.8823110381165,127.45508590555716,103.67481985576804,92.21811308023099,88.9926945590207,86.9319001198511,71.8432407434568,66.43131197486345,59.87086843416599,55.71662000289082,54.91622546651539,50.69915502062711,45.19189543562701,43.158568733325545,41.46455473859853,36.18397278295872,35.34369828579487,35.184854101328504,33.62503052155534,30.947266350936772,30.3047789384516,29.695401568992565,26.75159141493728,26.73237492494285,25.60821476846905,25.48296926398514,24.493409845846493,23.860011949991172,23.667766599894254,23.029059718911363,21.715419462100876,20.847994104793695,20.22232520784444,19.567168405049486,19.454750056425002,18.347057286216053,17.656129275198484,16.80769747129716,16.521667337916252,15.634412589127907,14.938334213015617,14.358819432588886,13.71449839592815,13.035741762725436],[1.235559086386076,0.06827777937211015,0.04036292939518204,0.0352116533369734,0.027050894711611546,0.02195225792393139,0.01665813486629302,0.013499711244741336,0.012333560090152273,0.011137062429961864,0.00926962468689284,0.00856392583710216,0.00778559101105618,0.006608635825627859,0.00599453043741479,0.0049698404087135835]]","[[0.0030000000000000014,0.003000000000000001,0.0030000000000000005,0.0030000000000000005,0.0030000000000000005,0.0029999999999999996,0.002999999999999999,0.002999999999999999,0.002999999999999999,0.002999999999999999,0.002999999999999999,0.002999999999999999,0.002999999999999999,0.002999999999999999,0.0029999999999999983,0.0029999999999999983],[0.0030000000000000022,0.0030000000000000022,0.003000000000000002,0.0030000000000000014,0.003000000000000001,0.003000000000000001,0.0029999999999999996,0.0029999999999999996,0.002999999999999999,0.002999999999999999]]",13.0,12.999999999999986,0.9999999999999999,0.9999999999999989,0.999999999999999,4.931288683643364e-05,0.38912634440821353,0.003223684259622665,0.015297058540778357,0.0030000000000000022,0.04819775238380602,0.05511886716716849,0.53898312500678,16,7,2
12,MNISTPatchClassifier,MNIST patch filters=16 kernel=7 stride=2 lr=3e-03,1.0,0.003,Adam,0,5,512,64,2.302554416978893,,0.900390625,full_patch_and_classifier_activation,1.9179957233516483,1.5886973930583301,1.2183815008177508,2.5797106353177872e-05,3.220609593300898e-05,"[[0.0038288569773733973,0.0007050118402908485,0.0005433420796675488,0.0002789577667054416,0.00021244841282590124,0.00015544103109457538,0.00012361907262786032,0.00010202773008188452,8.682333661493656e-05,7.298484465780791e-05,6.226828313551243e-05,5.495089014746219e-05,4.374627940536199e-05,3.33373062764918e-05,3.09843207212018e-05,2.6123244025803942e-05],[0.010135915945695503,0.00039704741757224385,0.00025797470774082553,0.00017578844858662322,0.00012801946426006946,9.406662643767692e-05,6.531440246162878e-05,5.5232314475785394e-05,4.1350846386982096e-05,7.239500785375069e-19]]","[[493.249523472008,259.3155638768555,219.34766548159106,182.69048460444037,149.34176873294834,139.8823110381165,127.45508590555716,103.67481985576804,92.21811308023099,88.9926945590207,86.9319001198511,71.8432407434568,66.43131197486345,59.87086843416599,55.71662000289082,54.91622546651539,50.69915502062711,45.19189543562701,43.158568733325545,41.46455473859853,36.18397278295872,35.34369828579487,35.184854101328504,33.62503052155534,30.947266350936772,30.3047789384516,29.695401568992565,26.75159141493728,26.73237492494285,25.60821476846905,25.48296926398514,24.493409845846493,23.860011949991172,23.667766599894254,23.029059718911363,21.715419462100876,20.847994104793695,20.22232520784444,19.567168405049486,19.454750056425002,18.347057286216053,17.656129275198484,16.80769747129716,16.521667337916252,15.634412589127907,14.938334213015617,14.358819432588886,13.71449839592815,13.035741762725436],[1.9984293108441125,0.05621123575847366,0.03366372607877948,0.02651450823249329,0.023386919683611954,0.019069337964023186,0.01657493957683132,0.012594488447176361,0.010552734376593141,0.009630706126352128,0.0076590422661001675,0.0069083399032660265,0.005858792304836709,0.004676651982056005,0.00371712238044153,0.0033836558865671987]]",,,,,,,,,,,,,,0.5940842081326991,16,7,2
13,MNISTPatchClassifier,MNIST patch filters=16 kernel=7 stride=2 lr=3e-03,1.0,0.003,Muon,0,5,512,64,2.3025672008595923,,0.8828125,full_patch_and_classifier_activation,2.2762753254141144,1.5911618743024476,1.4531992130280673,2.568581183001955e-05,3.890847525277933e-05,"[[0.004169128285026164,0.0007030809982531618,0.0006131916585730372,0.0005427063976122853,0.0003592209205337538,0.00021731804567976076,0.00020203685832659323,0.0001499029384923085,0.00011151069710087325,9.546850711793162e-05,9.374791432584672e-05,9.066759150230805e-05,6.791862004299714e-05,5.196446404073581e-05,4.5555253912174875e-05,3.833486255547961e-05],[0.0063313954803537525,0.0005347595923313365,0.00031446233257947795,0.0002326038597542318,0.0001359842722816202,0.00012075665145963227,7.333918479885795e-05,6.669344836934368e-05,5.5347063533973605e-05,3.457157561856784e-19]]","[[493.249523472008,259.3155638768555,219.34766548159106,182.69048460444037,149.34176873294834,139.8823110381165,127.45508590555716,103.67481985576804,92.21811308023099,88.9926945590207,86.9319001198511,71.8432407434568,66.43131197486345,59.87086843416599,55.71662000289082,54.91622546651539,50.69915502062711,45.19189543562701,43.158568733325545,41.46455473859853,36.18397278295872,35.34369828579487,35.184854101328504,33.62503052155534,30.947266350936772,30.3047789384516,29.695401568992565,26.75159141493728,26.73237492494285,25.60821476846905,25.48296926398514,24.493409845846493,23.860011949991172,23.667766599894254,23.029059718911363,21.715419462100876,20.847994104793695,20.22232520784444,19.567168405049486,19.454750056425002,18.347057286216053,17.656129275198484,16.80769747129716,16.521667337916252,15.634412589127907,14.938334213015617,14.358819432588886,13.71449839592815,13.035741762725436],[1.256795141115739,0.06936783743683705,0.04295481688311203,0.03597843864701851,0.02897428614551585,0.023380374540551165,0.016583512591776418,0.01434986359350646,0.013185046402410146,0.010772936068405516,0.009699161161104183,0.008687129706993929,0.007903215725518864,0.007031871906473573,0.005708603991199724,0.005046315444821921]]",,,,,,,,,,,,,,0.6480912079568952,16,7,2
14,MNISTPatchClassifier,MNIST patch filters=16 kernel=7 stride=2 lr=3e-03,1.0,0.003,Adam,1,0,512,64,2.3026027968024763,2.468495399332582e-05,0.916015625,full_patch_and_classifier_activation,3.5044324207194126,1.598716368998259,2.193629305062861,8.395991717318423e-06,1.8454090298748245e-05,"[[0.0014219484826711553,0.00041654113951407963,0.0002911407532671412,0.00021066575312515882,0.00020680891336165535,0.0001870383491152385,0.0001335756518112582,0.00011347534899942422,0.00010160764707376897,8.195628198930335e-05,6.551574687556138e-05,5.959863943963416e-05,5.523871207998323e-05,3.7069415334800244e-05,3.1049701158824097e-05,2.2962321794757028e-05],[0.0023103579090368565,0.0003973059270764556,0.00029161840399515964,0.00021678365958203343,9.674655203215501e-05,8.548907138417336e-05,6.806903766861579e-05,5.190108094901132e-05,2.1297810256379873e-05,1.2545437649415227e-19]]","[[486.28874669539056,259.27414960329753,213.03936384515686,184.23653009260758,145.06839137811886,136.90298852550637,129.07237700138333,103.17078888661877,89.65221735447119,88.90553091164806,86.5891683289304,71.28863050046226,65.68077277510008,61.69168310165961,53.970330507961606,53.302681667427414,50.78796275514989,45.00095488432484,43.021585534356205,42.339045430686994,35.99668744174552,35.466766946876426,33.97571937757405,33.727994930346064,31.154524976410887,30.35060916458369,29.260952928368337,27.047701107549777,26.29809746742937,25.425285709269765,24.80681480954793,24.356928793594285,24.12683638212423,23.55399454184446,22.34737686589061,21.723997328406305,20.87077286047728,20.188830626765483,20.055269065445508,19.35292196773006,18.432453955544425,17.740179845625764,17.047117710720165,16.869937783566197,15.79824680439517,15.043429935784632,14.580386897168548,13.70175004983193,12.861489379973637],[0.8204815989675588,0.055980400157744054,0.031007714081435,0.022701857667129725,0.01636532525025259,0.013571981487574563,0.012280715580581705,0.011433034998405448,0.009433937295766807,0.008376043757943624,0.007943180267636045,0.0071494989434923014,0.005259317446187696,0.00503406001667202,0.00490836349215511,0.004461677914337293]]","[[0.011034660459506926,0.0046722579933981484,0.0036432505863282045,0.0030608418591094875,0.002535912212909699,0.0025202466611618474,0.002107569381470484,0.001975036287909016,0.0014659806512978997,0.0014433603260889344,0.001271837379702635,0.0010000875084910236,2.3743112325120432e-06,5.794250374209476e-07,1.29897449199844e-07,6.35221907454054e-08],[0.0050692440031168,0.0024052943653399624,0.0018587101774584257,0.0016819581807529533,0.0010372847095384318,0.0008275044015677387,0.0005116732698836066,4.143418165079092e-07,3.7180138754024584e-08,1.639273725442701e-08]]",5.727813529626942,1.5716794525368425,0.442504176644954,0.1272620258751706,0.2865332051956445,2.6379209432829917e-05,0.6053187092587917,0.0017244628673224439,0.015297058540778353,0.011034660459506926,0.050549092773404795,0.05068531289673281,0.05577345797792077,16,7,2
15,MNISTPatchClassifier,MNIST patch filters=16 kernel=7 stride=2 lr=3e-03,1.0,0.003,Muon,1,0,512,64,2.3026027968024763,2.0186293451907034e-05,0.916015625,full_patch_and_classifier_activation,3.5044324207194126,1.598716368998259,2.193629305062861,8.395991717318423e-06,1.8454090298748245e-05,"[[0.0014219484826711553,0.00041654113951407963,0.0002911407532671412,0.00021066575312515882,0.00020680891336165535,0.0001870383491152385,0.0001335756518112582,0.00011347534899942422,0.00010160764707376897,8.195628198930335e-05,6.551574687556138e-05,5.959863943963416e-05,5.523871207998323e-05,3.7069415334800244e-05,3.1049701158824097e-05,2.2962321794757028e-05],[0.0023103579090368565,0.0003973059270764556,0.00029161840399515964,0.00021678365958203343,9.674655203215501e-05,8.548907138417336e-05,6.806903766861579e-05,5.190108094901132e-05,2.1297810256379873e-05,1.2545437649415227e-19]]","[[486.28874669539056,259.27414960329753,213.03936384515686,184.23653009260758,145.06839137811886,136.90298852550637,129.07237700138333,103.17078888661877,89.65221735447119,88.90553091164806,86.5891683289304,71.28863050046226,65.68077277510008,61.69168310165961,53.970330507961606,53.302681667427414,50.78796275514989,45.00095488432484,43.021585534356205,42.339045430686994,35.99668744174552,35.466766946876426,33.97571937757405,33.727994930346064,31.154524976410887,30.35060916458369,29.260952928368337,27.047701107549777,26.29809746742937,25.425285709269765,24.80681480954793,24.356928793594285,24.12683638212423,23.55399454184446,22.34737686589061,21.723997328406305,20.87077286047728,20.188830626765483,20.055269065445508,19.35292196773006,18.432453955544425,17.740179845625764,17.047117710720165,16.869937783566197,15.79824680439517,15.043429935784632,14.580386897168548,13.70175004983193,12.861489379973637],[0.8204815989675588,0.055980400157744054,0.031007714081435,0.022701857667129725,0.01636532525025259,0.013571981487574563,0.012280715580581705,0.011433034998405448,0.009433937295766807,0.008376043757943624,0.007943180267636045,0.0071494989434923014,0.005259317446187696,0.00503406001667202,0.00490836349215511,0.004461677914337293]]","[[0.003000000000000003,0.003000000000000002,0.003000000000000002,0.003000000000000001,0.003000000000000001,0.003000000000000001,0.0030000000000000005,0.0030000000000000005,0.0030000000000000005,0.0029999999999999996,0.0029999999999999996,0.0029999999999999996,0.0029999999999999996,0.0029999999999999996,0.002999999999999999,0.002999999999999998],[0.003000000000000002,0.003000000000000001,0.003,0.003,0.003,0.003,0.003,0.0029999999999999996,0.0029999999999999996,0.002999999999999999]]",13.000000000000002,12.99999999999998,1.0,0.9999999999999987,0.9999999999999984,2.0927286928777753e-05,0.4802144789165186,0.0013680595437999096,0.015297058540778358,0.003000000000000003,0.05054909277340481,0.060002753812041024,0.10824333294294775,16,7,2
14,MNISTPatchClassifier,MNIST patch filters=16 kernel=7 stride=2 lr=3e-03,1.0,0.003,Adam,1,1,512,64,2.302556625398418,4.840526449489957e-05,0.916015625,full_patch_and_classifier_activation,2.3722648718117756,1.5987471060320955,1.5009790846868556,3.156463126059863e-05,4.884437022423454e-05,"[[0.0027925113441026857,0.0005467390764526031,0.00047079948983416486,0.000304531646754856,0.00029353181292335036,0.0001712717320771345,0.0001413770263935601,0.00010961975512970922,8.575655055447547e-05,6.628704965654394e-05,5.991952641359183e-05,4.9054641832285916e-05,4.593416206681479e-05,3.478870738277709e-05,3.095995811576686e-05,2.3999836508072055e-05],[0.004563532366049512,0.0004095186006507596,0.00024177638333779713,0.00017253024653575305,0.000142092637838876,8.251895731716313e-05,5.7084166410534696e-05,4.437505612190958e-05,2.705280001996248e-05,2.8494218117567466e-19]]","[[486.28874669539056,259.27414960329753,213.03936384515686,184.23653009260758,145.06839137811886,136.90298852550637,129.07237700138333,103.17078888661877,89.65221735447119,88.90553091164806,86.5891683289304,71.28863050046226,65.68077277510008,61.69168310165961,53.970330507961606,53.302681667427414,50.78796275514989,45.00095488432484,43.021585534356205,42.339045430686994,35.99668744174552,35.466766946876426,33.97571937757405,33.727994930346064,31.154524976410887,30.35060916458369,29.260952928368337,27.047701107549777,26.29809746742937,25.425285709269765,24.80681480954793,24.356928793594285,24.12683638212423,23.55399454184446,22.34737686589061,21.723997328406305,20.87077286047728,20.188830626765483,20.055269065445508,19.35292196773006,18.432453955544425,17.740179845625764,17.047117710720165,16.869937783566197,15.79824680439517,15.043429935784632,14.580386897168548,13.70175004983193,12.861489379973637],[0.8178854850289728,0.05695283044052924,0.029954254691369482,0.020806371478976782,0.016975822225462893,0.014676432806560625,0.01292502161988637,0.011828565086713176,0.009144234070358642,0.00813645908400333,0.007855558341328272,0.007002119317319787,0.00500777608495847,0.004666977475178509,0.00407758930197015,0.0033490119321431893]]","[[0.011884794779493698,0.003784052351107669,0.0035103698607220906,0.002654194588081139,0.0024121227165618256,0.002071314979253442,0.001332697790414313,0.001144897277790217,0.0008693269660875983,0.0007285275255967868,0.0005169914500467806,0.0004613855522548829,0.0003807526186641987,0.00022429427676583447,0.0001903487573533122,6.88984141446789e-05],[0.0057810465513007,0.0023481038085760996,0.0018321202527514361,0.0010958431132522628,0.0008365638673954786,0.0005096955616941167,0.0003506904674779709,0.00030364658759481387,0.00017303925559349084,8.471987958328187e-05]]",4.715621714456317,1.341850610568562,0.3690919609362656,0.10894583229609833,0.2917814639497604,4.612976010239365e-05,0.5523918612055212,0.003010218803120765,0.015324387733732124,0.011884794779493698,0.05061806619320897,0.051909266288275795,0.16348320781253278,16,7,2
15,MNISTPatchClassifier,MNIST patch filters=16 kernel=7 stride=2 lr=3e-03,1.0,0.003,Muon,1,1,512,64,2.302560534257616,3.365896221607656e-05,0.916015625,full_patch_and_classifier_activation,2.3290170924891873,1.5987679681353728,1.4795575063714517,3.122602820117527e-05,4.8129366346993356e-05,"[[0.0029883920554489886,0.0005421399100429295,0.00048173720771585557,0.0003418672807948415,0.00027006722063312177,0.00017080294441724076,0.00014435921037160045,0.00012534461512647208,9.826269538976984e-05,8.076581267563473e-05,6.681593381746199e-05,5.771198736189162e-05,4.6990659205861815e-05,3.552237267764317e-05,2.895501977297145e-05,1.8422884961300767e-05],[0.004498661829837012,0.00040686805943128624,0.00023436438345664616,0.00018228938483232063,0.0001285813576934141,8.30741030294006e-05,5.2602733911489045e-05,3.8445039013868154e-05,2.3075056167943304e-05,1.4346609917747144e-19]]","[[486.28874669539056,259.27414960329753,213.03936384515686,184.23653009260758,145.06839137811886,136.90298852550637,129.07237700138333,103.17078888661877,89.65221735447119,88.90553091164806,86.5891683289304,71.28863050046226,65.68077277510008,61.69168310165961,53.970330507961606,53.302681667427414,50.78796275514989,45.00095488432484,43.021585534356205,42.339045430686994,35.99668744174552,35.466766946876426,33.97571937757405,33.727994930346064,31.154524976410887,30.35060916458369,29.260952928368337,27.047701107549777,26.29809746742937,25.425285709269765,24.80681480954793,24.356928793594285,24.12683638212423,23.55399454184446,22.34737686589061,21.723997328406305,20.87077286047728,20.188830626765483,20.055269065445508,19.35292196773006,18.432453955544425,17.740179845625764,17.047117710720165,16.869937783566197,15.79824680439517,15.043429935784632,14.580386897168548,13.70175004983193,12.861489379973637],[0.8106421725727418,0.055913074891731133,0.02975873982912942,0.021661813787419625,0.017921911404007382,0.013529075794690336,0.013091285739600014,0.011427351319414704,0.009600131960866697,0.008413241950921408,0.007878024474135797,0.0071558559143707475,0.005023196122297411,0.004786145078870488,0.004505215799462062,0.003770602063873698]]","[[0.003,0.0029999999999999996,0.0029999999999999996,0.0029999999999999996,0.0029999999999999996,0.002999999999999999,0.002999999999999999,0.002999999999999999,0.002999999999999999,0.0029999999999999983,0.0029999999999999983,0.0029999999999999983,0.0029999999999999983,0.0029999999999999983,0.002999999999999998,0.002999999999999998],[0.0030000000000000027,0.0030000000000000014,0.003000000000000001,0.0030000000000000005,0.0030000000000000005,0.0030000000000000005,0.003,0.0029999999999999996,0.0029999999999999996,0.002999999999999999]]",13.0,12.999999999999988,1.0,0.999999999999999,0.9999999999999989,3.34383592733609e-05,0.3973735926983722,0.0021859339286845326,0.01529705854077835,0.0030000000000000027,0.05061806619320897,0.05979370394502875,0.2147497918922454,16,7,2
14,MNISTPatchClassifier,MNIST patch filters=16 kernel=7 stride=2 lr=3e-03,1.0,0.003,Adam,1,2,512,64,2.302518988659876,4.817296026127238e-05,0.88671875,full_patch_and_classifier_activation,2.085911659824996,1.5981855634000968,1.370512502404233,2.9997258505645415e-05,4.641386545001122e-05,"[[0.004087233615396869,0.0006043572708274626,0.0004706796117757722,0.00046211959020366663,0.00027395849031893794,0.00024973345817641237,0.0001662450733225871,9.904204946225855e-05,8.648915667327068e-05,7.890460388333027e-05,6.414328651837619e-05,4.654732844774959e-05,4.595030227103241e-05,3.6953430833823536e-05,1.8496661453056397e-05,1.085297808785112e-05],[0.004791214674962544,0.0004346411471446485,0.00029035749529435434,0.00016279640543860523,0.00011064898800582243,7.891503909647152e-05,6.929136144936683e-05,5.567055677576677e-05,3.077636823751103e-05,1.5173543840788298e-19]]","[[486.28874669539056,259.27414960329753,213.03936384515686,184.23653009260758,145.06839137811886,136.90298852550637,129.07237700138333,103.17078888661877,89.65221735447119,88.90553091164806,86.5891683289304,71.28863050046226,65.68077277510008,61.69168310165961,53.970330507961606,53.302681667427414,50.78796275514989,45.00095488432484,43.021585534356205,42.339045430686994,35.99668744174552,35.466766946876426,33.97571937757405,33.727994930346064,31.154524976410887,30.35060916458369,29.260952928368337,27.047701107549777,26.29809746742937,25.425285709269765,24.80681480954793,24.356928793594285,24.12683638212423,23.55399454184446,22.34737686589061,21.723997328406305,20.87077286047728,20.188830626765483,20.055269065445508,19.35292196773006,18.432453955544425,17.740179845625764,17.047117710720165,16.869937783566197,15.79824680439517,15.043429935784632,14.580386897168548,13.70175004983193,12.861489379973637],[0.8810025646404459,0.05693344118627883,0.02858793505770623,0.02164220290991324,0.019686438704070806,0.014537584017548776,0.013089586075163433,0.01112654834945903,0.009508396026736912,0.008325787657560313,0.007688077966460062,0.0069899262019755505,0.005663621769097299,0.004576784810014564,0.004342912289099119,0.0020114758583053885]]","[[0.012875323756368254,0.0034930499745257355,0.002584931262114873,0.0020748606360265222,0.0015908609182424664,0.0012902269511563067,0.0011065020241093476,0.0009654724960065511,0.0006445471305865677,0.0005176663297149,0.00043935038994073245,0.00037243988603757774,0.0003093101786788405,0.00025697928931353136,0.0001670370620017302,9.37077906310933e-05],[0.005534343586742278,0.0015304373421238184,0.0014538875906328179,0.001067055305654128,0.0007384044134477734,0.0006321339032882815,0.00035333460038777315,0.00023158494425013382,0.00017804580043213428,0.0001287364328882382]]",3.9845404623956977,1.2032130698566736,0.3194176437845504,0.09809286463919174,0.30324438530282005,4.5884361208820554e-05,0.46860085494982123,0.003000048065476198,0.015294542023124993,0.012875323756368254,0.05038249968384578,0.04983952449840483,0.2707430829759687,16,7,2
15,MNISTPatchClassifier,MNIST patch filters=16 kernel=7 stride=2 lr=3e-03,1.0,0.003,Muon,1,2,512,64,2.3025211543588933,3.969774416434646e-05,0.916015625,full_patch_and_classifier_activation,2.1176992338130973,1.598827208975749,1.400085547994033,2.9431205050154038e-05,4.7230675873359056e-05,"[[0.0042940329279414465,0.0006267830368752175,0.000561057036717977,0.00047596681776759656,0.0002964385919067014,0.00021134324496666968,0.00017027456418137115,0.00011051049104224946,0.00010223912459576671,7.826744781782643e-05,6.861208104436584e-05,5.142510016905496e-05,4.301877377512524e-05,2.8296611598441987e-05,2.0627990846705558e-05,1.778025789314681e-05],[0.004489448743372121,0.0004411943356400655,0.000296736357319201,0.00020713013905995632,0.00011580260885156746,8.09668473978442e-05,5.495178248303301e-05,5.0577931216553745e-05,2.4771944365544274e-05,2.0001541162681385e-19]]","[[486.28874669539056,259.27414960329753,213.03936384515686,184.23653009260758,145.06839137811886,136.90298852550637,129.07237700138333,103.17078888661877,89.65221735447119,88.90553091164806,86.5891683289304,71.28863050046226,65.68077277510008,61.69168310165961,53.970330507961606,53.302681667427414,50.78796275514989,45.00095488432484,43.021585534356205,42.339045430686994,35.99668744174552,35.466766946876426,33.97571937757405,33.727994930346064,31.154524976410887,30.35060916458369,29.260952928368337,27.047701107549777,26.29809746742937,25.425285709269765,24.80681480954793,24.356928793594285,24.12683638212423,23.55399454184446,22.34737686589061,21.723997328406305,20.87077286047728,20.188830626765483,20.055269065445508,19.35292196773006,18.432453955544425,17.740179845625764,17.047117710720165,16.869937783566197,15.79824680439517,15.043429935784632,14.580386897168548,13.70175004983193,12.861489379973637],[0.8347314101981368,0.05770565208045098,0.029097968627280067,0.024814682789513143,0.020011585961215547,0.013897035419255716,0.013210150365189622,0.011207748093413437,0.009807254420948507,0.009227250706164147,0.0080904259371073,0.007266858907201976,0.005275556592225454,0.005105441149244976,0.004594679926528595,0.002924106344541055]]","[[0.003000000000000003,0.003000000000000001,0.003000000000000001,0.003000000000000001,0.003000000000000001,0.0030000000000000005,0.0030000000000000005,0.0030000000000000005,0.0029999999999999996,0.0029999999999999996,0.0029999999999999996,0.0029999999999999996,0.0029999999999999996,0.0029999999999999996,0.002999999999999999,0.0029999999999999988],[0.003000000000000003,0.0030000000000000022,0.0030000000000000022,0.003000000000000001,0.003000000000000001,0.003000000000000001,0.003000000000000001,0.003000000000000001,0.0030000000000000005,0.0029999999999999996]]",12.999999999999998,12.999999999999979,0.9999999999999999,0.9999999999999984,0.9999999999999986,3.8754764366536654e-05,0.4001736453104315,0.002533478201918727,0.015297058540778357,0.003000000000000003,0.0503824996838458,0.05941081864028529,0.32492141681723297,16,7,2
14,MNISTPatchClassifier,MNIST patch filters=16 kernel=7 stride=2 lr=3e-03,1.0,0.003,Adam,1,3,512,64,2.3025355545746096,7.303433877448029e-05,0.88671875,full_patch_and_classifier_activation,1.884561471128304,1.5968689222392052,1.2442305197686556,3.7940272722735426e-05,5.376255102424882e-05,"[[0.00501553526889998,0.0007564103819632005,0.000491867305695393,0.0003509533149837492,0.00028748271854113006,0.0002325140297903923,0.00018236848423599524,0.00013848012426636124,0.00011205694934562636,7.74339434274265e-05,6.308230876549466e-05,5.090510253438902e-05,3.937939703648782e-05,3.4295753873520266e-05,1.6924707394157576e-05,5.57372736666772e-06],[0.0064725614162257535,0.0005511945445613363,0.00023215750369409257,0.00020876755453815663,8.95273022795277e-05,8.121999308748416e-05,6.068694575351599e-05,3.456278198029816e-05,3.1431513480809024e-05,1.3657200783806972e-19]]","[[486.28874669539056,259.27414960329753,213.03936384515686,184.23653009260758,145.06839137811886,136.90298852550637,129.07237700138333,103.17078888661877,89.65221735447119,88.90553091164806,86.5891683289304,71.28863050046226,65.68077277510008,61.69168310165961,53.970330507961606,53.302681667427414,50.78796275514989,45.00095488432484,43.021585534356205,42.339045430686994,35.99668744174552,35.466766946876426,33.97571937757405,33.727994930346064,31.154524976410887,30.35060916458369,29.260952928368337,27.047701107549777,26.29809746742937,25.425285709269765,24.80681480954793,24.356928793594285,24.12683638212423,23.55399454184446,22.34737686589061,21.723997328406305,20.87077286047728,20.188830626765483,20.055269065445508,19.35292196773006,18.432453955544425,17.740179845625764,17.047117710720165,16.869937783566197,15.79824680439517,15.043429935784632,14.580386897168548,13.70175004983193,12.861489379973637],[1.0560921600676698,0.05451750558437441,0.02810033073559469,0.022019483208465376,0.018403978311294745,0.014307496083044068,0.01212928595213152,0.010360574617558896,0.008459778611061229,0.007763960023263029,0.007426803032854976,0.006730658663379375,0.005396033296855378,0.004568324634511943,0.004278210614372226,0.0012970702890960715]]","[[0.013233394253503266,0.0025257754566680554,0.00196721369875347,0.0018007828983363356,0.001555407264946362,0.0010324924938315064,0.0009589591564095417,0.0007455239605628414,0.0004165273855544208,0.0003217946827759617,0.00029117416699478557,0.00026224809457623365,0.00021958569623173563,0.00015825988153531355,0.00010958260874703844,9.993969772074584e-05],[0.00585745684698519,0.0015742902852719548,0.0010666835304274339,0.0009919340688222934,0.0007192241047788945,0.0006297327018384054,0.0003135973105990247,0.00018686600294980617,0.00013234406107982645,0.00010715917697232634]]",3.377809225979588,1.1369078552374683,0.27398497110430864,0.09290875747153744,0.33666096872400497,6.757863886179438e-05,0.5331824768064133,0.004416926547440416,0.015299923631502505,0.013233394253503266,0.050131455396627084,0.050250604123178014,0.3803573749028146,16,7,2
15,MNISTPatchClassifier,MNIST patch filters=16 kernel=7 stride=2 lr=3e-03,1.0,0.003,Muon,1,3,512,64,2.3025923907505503,4.394474013080796e-05,0.88671875,full_patch_and_classifier_activation,2.297359566671015,1.5987063357830127,1.481164661770893,3.8277523686368426e-05,6.127298466282958e-05,"[[0.004312904717599103,0.0010732978609010943,0.0005416537922304909,0.0003970558466060597,0.00037239716351213743,0.00027444094591204,0.00020233435110413256,0.00014457154240175892,0.0001242799480604973,9.456882847949973e-05,7.482832200023622e-05,7.013986439857893e-05,5.043565432658546e-05,4.3138867811001105e-05,2.4659706570333938e-05,1.970409936493127e-05],[0.005437702880221784,0.0006063827397681971,0.0002932068128858184,0.0002682741634151454,0.00013093246179694338,0.00010556753467865086,5.46658898252833e-05,5.21518334798565e-05,2.517140900093191e-05,1.1279764211334906e-19]]","[[486.28874669539056,259.27414960329753,213.03936384515686,184.23653009260758,145.06839137811886,136.90298852550637,129.07237700138333,103.17078888661877,89.65221735447119,88.90553091164806,86.5891683289304,71.28863050046226,65.68077277510008,61.69168310165961,53.970330507961606,53.302681667427414,50.78796275514989,45.00095488432484,43.021585534356205,42.339045430686994,35.99668744174552,35.466766946876426,33.97571937757405,33.727994930346064,31.154524976410887,30.35060916458369,29.260952928368337,27.047701107549777,26.29809746742937,25.425285709269765,24.80681480954793,24.356928793594285,24.12683638212423,23.55399454184446,22.34737686589061,21.723997328406305,20.87077286047728,20.188830626765483,20.055269065445508,19.35292196773006,18.432453955544425,17.740179845625764,17.047117710720165,16.869937783566197,15.79824680439517,15.043429935784632,14.580386897168548,13.70175004983193,12.861489379973637],[0.8871970606710828,0.060381825018545304,0.030118767103900157,0.0281448105335931,0.02084174812576558,0.013989886921937221,0.013351072535965043,0.011113674493967137,0.009922831974698482,0.009606226389150919,0.007877220887738208,0.007101487392574663,0.005657372091613854,0.005217972542198255,0.004378158815050922,0.002679541288857065]]","[[0.0030000000000000022,0.003000000000000002,0.0030000000000000014,0.003000000000000001,0.003000000000000001,0.0030000000000000005,0.0030000000000000005,0.003,0.003,0.003,0.003,0.003,0.0029999999999999996,0.0029999999999999996,0.0029999999999999996,0.0029999999999999988],[0.003000000000000002,0.003000000000000001,0.0030000000000000005,0.0030000000000000005,0.003,0.0029999999999999996,0.002999999999999999,0.002999999999999999,0.002999999999999999,0.0029999999999999988]]",13.0,12.999999999999984,1.0,0.9999999999999988,0.9999999999999988,4.438340170905328e-05,0.4076865796455198,0.0029014337358216668,0.015297058540778357,0.0030000000000000022,0.0501314553966271,0.05883722760275344,0.43235579202882946,16,7,2
14,MNISTPatchClassifier,MNIST patch filters=16 kernel=7 stride=2 lr=3e-03,1.0,0.003,Adam,1,4,512,64,2.3024584789920612,5.49276072612237e-05,0.88671875,full_patch_and_classifier_activation,1.743093129567848,1.5959792611457781,1.1909831494016194,1.7467553716572255e-05,2.5448799536335607e-05,"[[0.0037519014369744386,0.0003355927310627074,0.00024215887347809773,0.00020844120470709537,0.00017190898457064154,0.0001419627836610414,0.00011223374514980587,9.193069114023506e-05,8.698655399195167e-05,6.945584015555704e-05,4.6351795370615206e-05,4.086388972891919e-05,3.5937875047511594e-05,3.222833033482186e-05,2.531671545831774e-05,3.075658010314736e-06],[0.005230220626827553,0.00042076362169699515,0.00022486787042406633,0.0001607008847371683,0.00010658312017546098,6.967145161680343e-05,6.504309598739936e-05,5.166007268282471e-05,2.497828471441921e-05,1.1390319438738621e-19]]","[[486.28874669539056,259.27414960329753,213.03936384515686,184.23653009260758,145.06839137811886,136.90298852550637,129.07237700138333,103.17078888661877,89.65221735447119,88.90553091164806,86.5891683289304,71.28863050046226,65.68077277510008,61.69168310165961,53.970330507961606,53.302681667427414,50.78796275514989,45.00095488432484,43.021585534356205,42.339045430686994,35.99668744174552,35.466766946876426,33.97571937757405,33.727994930346064,31.154524976410887,30.35060916458369,29.260952928368337,27.047701107549777,26.29809746742937,25.425285709269765,24.80681480954793,24.356928793594285,24.12683638212423,23.55399454184446,22.34737686589061,21.723997328406305,20.87077286047728,20.188830626765483,20.055269065445508,19.35292196773006,18.432453955544425,17.740179845625764,17.047117710720165,16.869937783566197,15.79824680439517,15.043429935784632,14.580386897168548,13.70175004983193,12.861489379973637],[1.2577485899819343,0.051017577354305774,0.02652246346206438,0.021415470099636232,0.016789291087346163,0.013799206311202449,0.012472756264383524,0.010026480110263462,0.007576020266764168,0.00742584151783301,0.0071608862111313025,0.006408322615705672,0.005764392632743737,0.0045408491820034145,0.003999689971344038,0.0009421219170778016]]","[[0.012971312639494642,0.0029140213788063315,0.0020108910339262194,0.0019114420225830719,0.0017463282594924567,0.0010956206397517568,0.0010096661568301522,0.000779573034385092,0.0006176080768215041,0.00041617640222749413,0.00030434073051703776,0.00022910345919531464,0.0001784153285549559,0.0001606052588169199,9.563512801582658e-05,7.866554140128556e-05],[0.006141317601653516,0.0017061662319883503,0.0011012687887603765,0.0008893223044452856,0.0005196123700396605,0.0003545524346526346,0.0003086188284598161,0.00019019034828932945,0.0001735791092285289,6.983926296668512e-05]]",3.3589759163759387,1.1404759052153939,0.2668922855216493,0.09275248688456586,0.3428024212625846,4.973040092830974e-05,0.501247892840366,0.003248991117375137,0.015306413323926528,0.012971312639494642,0.04980860734509247,0.05067436052398379,0.4876066669821739,16,7,2
15,MNISTPatchClassifier,MNIST patch filters=16 kernel=7 stride=2 lr=3e-03,1.0,0.003,Muon,1,4,512,64,2.3025270016917014,2.9673106942684768e-05,0.88671875,full_patch_and_classifier_activation,2.400653919438569,1.5992526115462968,1.599176961882987,1.6235618326127255e-05,3.028162618351382e-05,"[[0.0027051902931292857,0.0005116505937480602,0.00029411775354019925,0.00022785314757321285,0.00018126870789214597,0.00016275999289069824,0.00014943855041826994,0.00012894144206341112,9.191063202744464e-05,7.568207203344187e-05,6.933917827210597e-05,5.557583040410783e-05,4.795313584904951e-05,3.6446060221893244e-05,3.300034716578177e-05,1.3230648240449455e-05],[0.0034057829483919166,0.000490644239340283,0.0003026737112936393,0.00021611090999868504,0.00011398130458486019,8.290138938676874e-05,7.37446526806915e-05,4.5589287225299385e-05,2.3311537587304453e-05,1.8988883099390019e-19]]","[[486.28874669539056,259.27414960329753,213.03936384515686,184.23653009260758,145.06839137811886,136.90298852550637,129.07237700138333,103.17078888661877,89.65221735447119,88.90553091164806,86.5891683289304,71.28863050046226,65.68077277510008,61.69168310165961,53.970330507961606,53.302681667427414,50.78796275514989,45.00095488432484,43.021585534356205,42.339045430686994,35.99668744174552,35.466766946876426,33.97571937757405,33.727994930346064,31.154524976410887,30.35060916458369,29.260952928368337,27.047701107549777,26.29809746742937,25.425285709269765,24.80681480954793,24.356928793594285,24.12683638212423,23.55399454184446,22.34737686589061,21.723997328406305,20.87077286047728,20.188830626765483,20.055269065445508,19.35292196773006,18.432453955544425,17.740179845625764,17.047117710720165,16.869937783566197,15.79824680439517,15.043429935784632,14.580386897168548,13.70175004983193,12.861489379973637],[0.8599459339629935,0.059835066419509156,0.03531968617978245,0.028743640016614985,0.021511349430911476,0.014617270978225162,0.013726836458034318,0.012172869187720451,0.010387684591473935,0.009349780841798274,0.00791741253141847,0.007324760927307063,0.005944627886012708,0.0054645584810750275,0.0046548039735181184,0.0022788440458334273]]","[[0.0030000000000000022,0.003000000000000002,0.0030000000000000005,0.0030000000000000005,0.0030000000000000005,0.003,0.003,0.003,0.0029999999999999996,0.0029999999999999996,0.0029999999999999996,0.002999999999999999,0.002999999999999999,0.0029999999999999983,0.002999999999999998,0.0029999999999999975],[0.0030000000000000014,0.0030000000000000005,0.0030000000000000005,0.0029999999999999996,0.0029999999999999996,0.002999999999999999,0.002999999999999999,0.002999999999999999,0.002999999999999999,0.002999999999999998]]",13.000000000000004,12.99999999999998,1.0000000000000002,0.9999999999999986,0.9999999999999983,2.861729509787703e-05,0.4198961541472673,0.0018707711042348471,0.015297058540778358,0.0030000000000000022,0.04980860734509248,0.058322216178119515,0.5416806668508798,16,7,2
14,MNISTPatchClassifier,MNIST patch filters=16 kernel=7 stride=2 lr=3e-03,1.0,0.003,Adam,1,5,512,64,2.302542480890205,,0.88671875,full_patch_and_classifier_activation,1.610273059668826,1.5953957529591887,1.0774840222824118,3.4344513026750925e-05,4.3297678958191416e-05,"[[0.004744263752842575,0.00046206047036158305,0.0003398847581575463,0.00023829920733024095,0.00021563115306053425,0.00015655115170038346,0.00010216987569421861,0.00010004390032925796,8.671325859844383e-05,6.139776986467756e-05,5.826896026307829e-05,4.7138544378205425e-05,3.4768997219866e-05,3.341524480931221e-05,2.7308365961069347e-05,2.7857129407347242e-06],[0.00904967975203578,0.0003496223438234652,0.00030887701002026266,0.00015743487941323461,9.903979974587938e-05,9.087793190468374e-05,6.233882950871921e-05,4.08557234557414e-05,2.822496855324884e-05,4.6723981901154095e-19]]","[[486.28874669539056,259.27414960329753,213.03936384515686,184.23653009260758,145.06839137811886,136.90298852550637,129.07237700138333,103.17078888661877,89.65221735447119,88.90553091164806,86.5891683289304,71.28863050046226,65.68077277510008,61.69168310165961,53.970330507961606,53.302681667427414,50.78796275514989,45.00095488432484,43.021585534356205,42.339045430686994,35.99668744174552,35.466766946876426,33.97571937757405,33.727994930346064,31.154524976410887,30.35060916458369,29.260952928368337,27.047701107549777,26.29809746742937,25.425285709269765,24.80681480954793,24.356928793594285,24.12683638212423,23.55399454184446,22.34737686589061,21.723997328406305,20.87077286047728,20.188830626765483,20.055269065445508,19.35292196773006,18.432453955544425,17.740179845625764,17.047117710720165,16.869937783566197,15.79824680439517,15.043429935784632,14.580386897168548,13.70175004983193,12.861489379973637],[1.546719392902459,0.049059534330314195,0.024159564936424578,0.021089514079248015,0.016744633443566026,0.013651726447574444,0.011765289859997937,0.010013016790545882,0.007886289067248165,0.007498093936975377,0.006778817470352892,0.006521064343218657,0.006172287411745298,0.004855194123067457,0.0031932098391362186,0.0007333366661474]]",,,,,,,,,,,,,,0.5983128328807652,16,7,2
15,MNISTPatchClassifier,MNIST patch filters=16 kernel=7 stride=2 lr=3e-03,1.0,0.003,Muon,1,5,512,64,2.3025533340200384,,0.88671875,full_patch_and_classifier_activation,2.440873426937628,1.5989317730127115,1.5483309260234859,3.473346163355762e-05,5.5827652891367305e-05,"[[0.0032465289612918164,0.0009636430704785627,0.0005318765748377473,0.00036650303477619815,0.0002843974621308586,0.00018672770410751345,0.00017145397554224306,0.00010591513891186602,8.777854521924472e-05,7.88552559122321e-05,6.339948119787241e-05,4.896854640107796e-05,4.467378987593796e-05,3.9817681214417884e-05,3.651030391415227e-05,1.5238293900716773e-05],[0.00540497714581123,0.0005615873263583158,0.0003599347191339671,0.00020490502616570225,0.00015739115786393622,0.00010425212869927317,7.28987219740814e-05,4.828650269165034e-05,3.097962811910312e-05,4.0179907768793e-19]]","[[486.28874669539056,259.27414960329753,213.03936384515686,184.23653009260758,145.06839137811886,136.90298852550637,129.07237700138333,103.17078888661877,89.65221735447119,88.90553091164806,86.5891683289304,71.28863050046226,65.68077277510008,61.69168310165961,53.970330507961606,53.302681667427414,50.78796275514989,45.00095488432484,43.021585534356205,42.339045430686994,35.99668744174552,35.466766946876426,33.97571937757405,33.727994930346064,31.154524976410887,30.35060916458369,29.260952928368337,27.047701107549777,26.29809746742937,25.425285709269765,24.80681480954793,24.356928793594285,24.12683638212423,23.55399454184446,22.34737686589061,21.723997328406305,20.87077286047728,20.188830626765483,20.055269065445508,19.35292196773006,18.432453955544425,17.740179845625764,17.047117710720165,16.869937783566197,15.79824680439517,15.043429935784632,14.580386897168548,13.70175004983193,12.861489379973637],[0.9254071656991297,0.06205388995370142,0.03842711820272745,0.029415183492180884,0.021554839547120473,0.014597324564689105,0.013987316406795553,0.012451586518915774,0.010745128338505015,0.009178529252055385,0.008010768120002175,0.007692668646936689,0.006302109419905483,0.005460507797628623,0.004574341368135795,0.002022428901364185]]",,,,,,,,,,,,,,0.6508623328991234,16,7,2
16,MNISTPatchClassifier,MNIST patch filters=16 kernel=7 stride=2 lr=3e-03,1.0,0.003,Adam,2,0,512,64,2.302510297999061,6.788484798470051e-05,0.880859375,full_patch_and_classifier_activation,1.9947735213481583,1.615851717775611,1.2701607293760824,4.474728594499236e-05,6.107722958453674e-05,"[[0.004853073075765288,0.000778552570339309,0.0005095810865237928,0.0003930035982084965,0.00035123982559154076,0.00028415919150150907,0.0001994824460104525,0.00015327975309853317,0.00011444706885093884,9.998095140803973e-05,7.243963753127697e-05,7.004268652269526e-05,6.0820025730866985e-05,5.4144648957591646e-05,3.8216140322939156e-05,3.212128835488778e-05],[0.006150819775100115,0.0003238866938142251,0.00022031546819752538,0.00018381179514012093,0.00012048897781322124,0.00011434227335825022,5.187756270568972e-05,4.4987731697543675e-05,2.4864928390344457e-05,4.343141514006053e-19]]","[[479.594662436219,256.2215144027865,214.57435727124826,182.1663032390331,147.1893296343453,139.32190980415552,128.0218411116315,104.31123832451749,91.17786453710958,88.58518655848493,87.69991284327756,71.78805371027745,66.41160128245113,60.51282591096309,54.90768178358891,53.82225475142251,50.86693472784388,45.08141675428369,43.46826899255752,41.726722814615535,36.17073074328796,35.17317960660556,34.79596058552498,33.790513624078955,30.781643480452832,30.117300271737186,29.67695385430035,27.242008436032652,26.62890718005539,25.534446741788425,25.235141306248053,24.728303700811132,23.896161758947827,23.54567329675369,22.816119472767003,21.806789524729414,20.989100163480277,20.366356389380638,19.68484364550203,19.676701640225154,18.366151746700304,17.81151699716961,17.03713031607076,16.626487042601156,15.954986087638042,15.251645792906348,14.527868570052929,13.97291848408352,13.071916837660135],[0.9221681687229416,0.058875863044793954,0.031738816906813606,0.0281663553465141,0.02060785014637912,0.016628023881298866,0.013173592384513651,0.011146891426463718,0.010753445141090853,0.008668106917084008,0.008277714102948945,0.007552451951056457,0.006723085626635596,0.006457338605973632,0.006024254544653859,0.0053960069352560844]]","[[0.011656857887441115,0.0044658817571697285,0.0036713904551872543,0.0031077874479009775,0.0027841719406773422,0.001896000681454173,0.0015435044459026924,0.001277899565544253,5.632931401724311e-06,4.211207128449137e-06,1.9128374941949243e-06,1.4277701836262153e-06,1.0956004494156117e-06,1.464303391381982e-07,2.0156104478838027e-08,3.81437818525072e-09],[0.005891423894910182,0.0014592885818967203,0.0009954096416354644,0.0009944521630675693,0.0006982839100479267,0.0006069739993536132,2.7310386666282567e-08,9.642057708095011e-09,7.295787833966657e-09,1.4342109086229003e-09]]",3.808988218354388,1.2865798163064448,0.291623684197709,0.10184354045605237,0.3502489876810324,6.793875799048238e-05,0.5598390839214711,0.004441295547727274,0.015297058540778357,0.011656857887441115,0.04959321763097808,0.048586675152461616,0.05614195903763175,16,7,2
17,MNISTPatchClassifier,MNIST patch filters=16 kernel=7 stride=2 lr=3e-03,1.0,0.003,Muon,2,0,512,64,2.302510297999061,4.705238117086452e-05,0.880859375,full_patch_and_classifier_activation,1.9947735213481583,1.615851717775611,1.2701607293760824,4.474728594499236e-05,6.107722958453674e-05,"[[0.004853073075765288,0.000778552570339309,0.0005095810865237928,0.0003930035982084965,0.00035123982559154076,0.00028415919150150907,0.0001994824460104525,0.00015327975309853317,0.00011444706885093884,9.998095140803973e-05,7.243963753127697e-05,7.004268652269526e-05,6.0820025730866985e-05,5.4144648957591646e-05,3.8216140322939156e-05,3.212128835488778e-05],[0.006150819775100115,0.0003238866938142251,0.00022031546819752538,0.00018381179514012093,0.00012048897781322124,0.00011434227335825022,5.187756270568972e-05,4.4987731697543675e-05,2.4864928390344457e-05,4.343141514006053e-19]]","[[479.594662436219,256.2215144027865,214.57435727124826,182.1663032390331,147.1893296343453,139.32190980415552,128.0218411116315,104.31123832451749,91.17786453710958,88.58518655848493,87.69991284327756,71.78805371027745,66.41160128245113,60.51282591096309,54.90768178358891,53.82225475142251,50.86693472784388,45.08141675428369,43.46826899255752,41.726722814615535,36.17073074328796,35.17317960660556,34.79596058552498,33.790513624078955,30.781643480452832,30.117300271737186,29.67695385430035,27.242008436032652,26.62890718005539,25.534446741788425,25.235141306248053,24.728303700811132,23.896161758947827,23.54567329675369,22.816119472767003,21.806789524729414,20.989100163480277,20.366356389380638,19.68484364550203,19.676701640225154,18.366151746700304,17.81151699716961,17.03713031607076,16.626487042601156,15.954986087638042,15.251645792906348,14.527868570052929,13.97291848408352,13.071916837660135],[0.9221681687229416,0.058875863044793954,0.031738816906813606,0.0281663553465141,0.02060785014637912,0.016628023881298866,0.013173592384513651,0.011146891426463718,0.010753445141090853,0.008668106917084008,0.008277714102948945,0.007552451951056457,0.006723085626635596,0.006457338605973632,0.006024254544653859,0.0053960069352560844]]","[[0.0030000000000000014,0.0030000000000000014,0.003000000000000001,0.003000000000000001,0.003000000000000001,0.0030000000000000005,0.0030000000000000005,0.0030000000000000005,0.0029999999999999996,0.0029999999999999996,0.0029999999999999996,0.002999999999999999,0.002999999999999999,0.002999999999999999,0.002999999999999999,0.002999999999999999],[0.0030000000000000014,0.0030000000000000014,0.003000000000000001,0.003000000000000001,0.0030000000000000005,0.0029999999999999996,0.0029999999999999996,0.002999999999999999,0.002999999999999999,0.0029999999999999983]]",13.0,12.99999999999999,0.9999999999999999,0.9999999999999991,0.9999999999999992,4.589993760280558e-05,0.3782315099608859,0.0030005727885820104,0.015297058540778358,0.0030000000000000014,0.049593217630978084,0.05698797771135858,0.11172316689044237,16,7,2
16,MNISTPatchClassifier,MNIST patch filters=16 kernel=7 stride=2 lr=3e-03,1.0,0.003,Adam,2,1,512,64,2.302472578404479,6.813827186258337e-05,0.888671875,full_patch_and_classifier_activation,2.1217378640680495,1.6151990119982573,1.3527827377725763,3.881801322625348e-05,5.654828579572625e-05,"[[0.004359511803646076,0.0009461435525078084,0.0006351099739152264,0.00035306205476477644,0.00028043793151355127,0.00022965198863005796,0.00017385866679364841,0.0001252072894042445,0.00010422089020667755,8.040447975787267e-05,7.019656993735388e-05,6.156925372848097e-05,4.87971696926125e-05,3.9675981896890444e-05,3.5592884924399065e-05,2.7098696426407483e-05],[0.006461428737513946,0.0004295136459290534,0.0003782299853126659,0.00021437020981251697,0.00015234726075341235,0.00010987077217447885,5.9134501799431366e-05,3.332710421391981e-05,2.491541948885567e-05,2.7695054074085366e-19]]","[[479.594662436219,256.2215144027865,214.57435727124826,182.1663032390331,147.1893296343453,139.32190980415552,128.0218411116315,104.31123832451749,91.17786453710958,88.58518655848493,87.69991284327756,71.78805371027745,66.41160128245113,60.51282591096309,54.90768178358891,53.82225475142251,50.86693472784388,45.08141675428369,43.46826899255752,41.726722814615535,36.17073074328796,35.17317960660556,34.79596058552498,33.790513624078955,30.781643480452832,30.117300271737186,29.67695385430035,27.242008436032652,26.62890718005539,25.534446741788425,25.235141306248053,24.728303700811132,23.896161758947827,23.54567329675369,22.816119472767003,21.806789524729414,20.989100163480277,20.366356389380638,19.68484364550203,19.676701640225154,18.366151746700304,17.81151699716961,17.03713031607076,16.626487042601156,15.954986087638042,15.251645792906348,14.527868570052929,13.97291848408352,13.071916837660135],[1.0422096486162025,0.0616066373243933,0.03373857813255704,0.029748739565569938,0.019600075107047712,0.017306922840869092,0.012081363866069766,0.010909437977995172,0.010188626520405817,0.008328650613245968,0.007881983924931201,0.007280138985773939,0.00662033123999646,0.005663104423057276,0.005334204031931663,0.004921479026594094]]","[[0.01247552431458505,0.0047196300976172735,0.0030039298343343774,0.0024156371720712067,0.0017603888720915729,0.0011741014976862955,0.0008330271318699004,0.0007597022720779977,0.00036047245531081837,0.00030158290796486584,0.00021479028067797446,0.0001656861866964567,0.00013141694718437277,0.0001158295764091297,7.669758015935072e-05,3.305447986800035e-05],[0.0056153918781777215,0.001641681944494717,0.001148443939027071,0.0007844995841056929,0.0005280257900024288,0.0002859908006251094,0.0002205061686050124,0.00017764641010853489,9.528427495915991e-05,2.0370647122872456e-05]]",3.5590427426435456,1.2193772616887124,0.27909363675570603,0.09798161697665689,0.34808039776763533,6.47129172760148e-05,0.5321582899789636,0.004217229536645784,0.015344888561006543,0.01247552431458505,0.04962894206798532,0.04800119399839205,0.1693323750514537,16,7,2
17,MNISTPatchClassifier,MNIST patch filters=16 kernel=7 stride=2 lr=3e-03,1.0,0.003,Muon,2,1,512,64,2.3024831290456214,4.666754489113245e-05,0.888671875,full_patch_and_classifier_activation,2.189822200281541,1.615505753343659,1.3895542123585232,3.839415723744001e-05,5.682298491315079e-05,"[[0.004293627146629067,0.0008904947697215222,0.0006168308568902731,0.00040411050504937906,0.0003241081083417191,0.0002551019150244861,0.00019783825052110328,0.00013674969818659318,0.00011852058765743999,8.715886350466542e-05,7.94216318197327e-05,5.153860153369916e-05,4.895754625508936e-05,3.883204814851184e-05,3.556309861518944e-05,2.9357914348071575e-05],[0.006057920451927499,0.0004395454883565837,0.0003577103904914436,0.00021052191432929308,0.0001435599279176835,0.00011100880949247594,5.949500398617099e-05,3.3594189061627353e-05,2.354748486219102e-05,2.1172932144851668e-19]]","[[479.594662436219,256.2215144027865,214.57435727124826,182.1663032390331,147.1893296343453,139.32190980415552,128.0218411116315,104.31123832451749,91.17786453710958,88.58518655848493,87.69991284327756,71.78805371027745,66.41160128245113,60.51282591096309,54.90768178358891,53.82225475142251,50.86693472784388,45.08141675428369,43.46826899255752,41.726722814615535,36.17073074328796,35.17317960660556,34.79596058552498,33.790513624078955,30.781643480452832,30.117300271737186,29.67695385430035,27.242008436032652,26.62890718005539,25.534446741788425,25.235141306248053,24.728303700811132,23.896161758947827,23.54567329675369,22.816119472767003,21.806789524729414,20.989100163480277,20.366356389380638,19.68484364550203,19.676701640225154,18.366151746700304,17.81151699716961,17.03713031607076,16.626487042601156,15.954986087638042,15.251645792906348,14.527868570052929,13.97291848408352,13.071916837660135],[0.9830299948481864,0.06065294686235904,0.033219387633845895,0.028003955466827945,0.02037278206575963,0.015913508054743578,0.013315625847418012,0.010860493096806659,0.0106964825989834,0.00858829700549879,0.00826434724877344,0.00736483481454652,0.006561707349343576,0.006176070254848546,0.005797385302898927,0.005359437724545797]]","[[0.0030000000000000014,0.003000000000000001,0.0030000000000000005,0.0030000000000000005,0.0030000000000000005,0.0030000000000000005,0.0030000000000000005,0.0030000000000000005,0.0029999999999999996,0.002999999999999999,0.002999999999999999,0.002999999999999999,0.002999999999999999,0.002999999999999999,0.0029999999999999983,0.002999999999999998],[0.0030000000000000022,0.0030000000000000014,0.0030000000000000014,0.0030000000000000005,0.0030000000000000005,0.0030000000000000005,0.003,0.0029999999999999996,0.002999999999999999,0.0029999999999999988]]",13.000000000000002,12.999999999999986,1.0,0.9999999999999989,0.9999999999999987,4.5135345608014525e-05,0.39034076832406994,0.0029505898462566732,0.015297058540778351,0.0030000000000000022,0.0496289420679853,0.056851864582063455,0.22292395890690386,16,7,2
16,MNISTPatchClassifier,MNIST patch filters=16 kernel=7 stride=2 lr=3e-03,1.0,0.003,Adam,2,2,512,64,2.3024741258588386,6.578486235042647e-05,0.888671875,full_patch_and_classifier_activation,2.132928444508388,1.614199738703345,1.3210848359487966,3.8732112538706166e-05,5.11408533610626e-05,"[[0.00497250718962942,0.001055672035926044,0.0006374529598962568,0.0005574001748128823,0.0004381901246011489,0.0003228646032980062,0.00018256728034745455,0.00016129880987231167,0.00012726360619080482,9.593623259178345e-05,9.098473647541518e-05,8.2215037344333e-05,5.510765545581578e-05,4.7956063033733445e-05,4.010394519108633e-05,3.474607906664512e-05],[0.007658760096326383,0.00045995914779224954,0.00024294407398274128,0.00014185976273689492,0.00010632129573377671,9.619041276389996e-05,7.31060451643531e-05,4.2996409428849934e-05,2.258958427833657e-05,1.6605870974313967e-19]]","[[479.594662436219,256.2215144027865,214.57435727124826,182.1663032390331,147.1893296343453,139.32190980415552,128.0218411116315,104.31123832451749,91.17786453710958,88.58518655848493,87.69991284327756,71.78805371027745,66.41160128245113,60.51282591096309,54.90768178358891,53.82225475142251,50.86693472784388,45.08141675428369,43.46826899255752,41.726722814615535,36.17073074328796,35.17317960660556,34.79596058552498,33.790513624078955,30.781643480452832,30.117300271737186,29.67695385430035,27.242008436032652,26.62890718005539,25.534446741788425,25.235141306248053,24.728303700811132,23.896161758947827,23.54567329675369,22.816119472767003,21.806789524729414,20.989100163480277,20.366356389380638,19.68484364550203,19.676701640225154,18.366151746700304,17.81151699716961,17.03713031607076,16.626487042601156,15.954986087638042,15.251645792906348,14.527868570052929,13.97291848408352,13.071916837660135],[1.233960211621685,0.060456953365873305,0.034564817632471226,0.029763179038603465,0.019163790300251,0.01701590927154701,0.01172170405305677,0.01101664348682173,0.009501161365902844,0.008335514397399511,0.007629450680483766,0.007229074682990919,0.006106462137409417,0.005522671163480263,0.004880709320431176,0.0038528892532128456]]","[[0.012396306229353988,0.00482307115919729,0.0031702943789833644,0.001942310311640101,0.0015166060646974316,0.0008804774751099641,0.0008211243267802916,0.000710664091978479,0.0006749018795915027,0.0004821197470554149,0.0003389900630848487,0.00030600136515086915,0.00023171110090041888,0.000167359975076793,0.00013899477327167147,6.283927010121952e-05],[0.006213043225549614,0.0011792363487439356,0.0008236966745226444,0.000480739046950112,0.00044503796126803583,0.00033240342799412814,0.00025569651004811634,0.00012766359269738838,5.768466500480932e-05,4.199149884454367e-05]]",3.2962296990182662,1.1726829455680854,0.25102884177880225,0.09335196445993492,0.3749600411797273,5.88475625392155e-05,0.4120810956364644,0.003820084600213624,0.015404779919252225,0.012396306229353988,0.04955812048133588,0.0490265658829213,0.2796787500847131,16,7,2
17,MNISTPatchClassifier,MNIST patch filters=16 kernel=7 stride=2 lr=3e-03,1.0,0.003,Muon,2,2,512,64,2.3024719333637846,5.40896596121776e-05,0.888671875,full_patch_and_classifier_activation,2.175172995709084,1.6151851361692762,1.354533435903059,3.908583601963961e-05,5.3755436189141924e-05,"[[0.0053990035334557695,0.0011484589001952126,0.0007642926111186013,0.0005597887614115402,0.0004899462157550514,0.0003397379303482482,0.00022546201089816288,0.0001755252838016298,0.00014117575138990372,0.00011739732345032857,8.624867704834148e-05,7.546091144391525e-05,6.26094890198555e-05,5.4407656457576675e-05,4.507042840549403e-05,3.629295836812812e-05],[0.0065377146976100375,0.0004551520377214384,0.00022504365369596847,0.00015654367559029297,0.00011649786766830201,8.223781027917105e-05,7.878328180385093e-05,4.068338391140302e-05,2.754532008175605e-05,2.0023037089775925e-19]]","[[479.594662436219,256.2215144027865,214.57435727124826,182.1663032390331,147.1893296343453,139.32190980415552,128.0218411116315,104.31123832451749,91.17786453710958,88.58518655848493,87.69991284327756,71.78805371027745,66.41160128245113,60.51282591096309,54.90768178358891,53.82225475142251,50.86693472784388,45.08141675428369,43.46826899255752,41.726722814615535,36.17073074328796,35.17317960660556,34.79596058552498,33.790513624078955,30.781643480452832,30.117300271737186,29.67695385430035,27.242008436032652,26.62890718005539,25.534446741788425,25.235141306248053,24.728303700811132,23.896161758947827,23.54567329675369,22.816119472767003,21.806789524729414,20.989100163480277,20.366356389380638,19.68484364550203,19.676701640225154,18.366151746700304,17.81151699716961,17.03713031607076,16.626487042601156,15.954986087638042,15.251645792906348,14.527868570052929,13.97291848408352,13.071916837660135],[1.049524763257393,0.06105401996412084,0.035708721776229455,0.028480079864242298,0.020636239915876237,0.015820321169954982,0.013818921267147023,0.011206159364512516,0.010392563666429775,0.008859775181944288,0.008190617055471038,0.007321249910364219,0.006569785899132734,0.006356679751260848,0.005560406754412722,0.00516337072444037]]","[[0.0030000000000000027,0.003000000000000002,0.003000000000000001,0.003000000000000001,0.0030000000000000005,0.0030000000000000005,0.0030000000000000005,0.003,0.0029999999999999996,0.0029999999999999996,0.0029999999999999996,0.0029999999999999996,0.002999999999999999,0.0029999999999999988,0.0029999999999999983,0.0029999999999999975],[0.0030000000000000027,0.0030000000000000027,0.003000000000000001,0.003,0.003,0.002999999999999999,0.0029999999999999988,0.0029999999999999983,0.0029999999999999975,0.0029999999999999975]]",13.0,12.999999999999979,1.0,0.9999999999999982,0.9999999999999982,5.232324051278993e-05,0.3951923046278093,0.003420477235758006,0.01529705854077835,0.0030000000000000027,0.049558120481335864,0.0565257721172822,0.3305201670154929,16,7,2
16,MNISTPatchClassifier,MNIST patch filters=16 kernel=7 stride=2 lr=3e-03,1.0,0.003,Adam,2,3,512,64,2.30242879329403,7.03917103010987e-05,0.888671875,full_patch_and_classifier_activation,1.9526573308522241,1.6135270481316586,1.2169631173262516,4.6457139545797395e-05,5.7369878189887176e-05,"[[0.004234972160351824,0.0009074487245210399,0.00039739235072622496,0.0003354484837504817,0.0002994210676260409,0.00020535854286434868,0.00014492765301325818,0.00012240550369412088,0.00011701564527304411,0.00010592238795479057,8.776252907300668e-05,5.879346607170575e-05,5.221600246469624e-05,3.8569837049249646e-05,3.128169009874137e-05,2.3266250495393316e-05],[0.009973727665448911,0.00035140624242265277,0.0002689033489626505,0.0002051696098288046,0.00012030111287540954,7.772401685014207e-05,5.953247368160467e-05,3.9193007283633795e-05,2.0271638561466372e-05,4.870237021680158e-19]]","[[479.594662436219,256.2215144027865,214.57435727124826,182.1663032390331,147.1893296343453,139.32190980415552,128.0218411116315,104.31123832451749,91.17786453710958,88.58518655848493,87.69991284327756,71.78805371027745,66.41160128245113,60.51282591096309,54.90768178358891,53.82225475142251,50.86693472784388,45.08141675428369,43.46826899255752,41.726722814615535,36.17073074328796,35.17317960660556,34.79596058552498,33.790513624078955,30.781643480452832,30.117300271737186,29.67695385430035,27.242008436032652,26.62890718005539,25.534446741788425,25.235141306248053,24.728303700811132,23.896161758947827,23.54567329675369,22.816119472767003,21.806789524729414,20.989100163480277,20.366356389380638,19.68484364550203,19.676701640225154,18.366151746700304,17.81151699716961,17.03713031607076,16.626487042601156,15.954986087638042,15.251645792906348,14.527868570052929,13.97291848408352,13.071916837660135],[1.4652339174424163,0.058926245231589736,0.03767540170906465,0.028957058783894703,0.02030588472393886,0.016002619031712333,0.012379193380203012,0.011042240964985666,0.009601233804493783,0.008499165206536485,0.006973222417293882,0.006664700978651851,0.005587149138779923,0.005290784437242037,0.00442506337133154,0.0032545800931612226]]","[[0.012359296743005286,0.004992306982568972,0.003157871650532029,0.001877446329314959,0.001497617540080369,0.0011370987587733573,0.0009429303999138387,0.0007866000933153747,0.0006631171197626442,0.0006259160196651601,0.00041558781422029083,0.00031441181927951387,0.0002692615873664567,0.00023689036693832905,0.00013035917038064222,4.929741045101323e-05],[0.006032453630582203,0.0013652042346539864,0.0006399935415635696,0.0005863469321495491,0.00036762507375280557,0.00031673045718400505,0.00017994253386489497,0.0001249845828126256,6.16121917087331e-05,3.6857618168051554e-05]]",3.3970535441235645,1.1862894060556393,0.25731918409856924,0.09439028427957748,0.37205607910609806,6.504335636659955e-05,0.38753679783302997,0.0042271304195391395,0.01538711842576432,0.012359296743005286,0.04907195139242067,0.048099248340203696,0.3954508339520544,16,7,2
17,MNISTPatchClassifier,MNIST patch filters=16 kernel=7 stride=2 lr=3e-03,1.0,0.003,Muon,2,3,512,64,2.3025053074698953,4.940382708618074e-05,0.888671875,full_patch_and_classifier_activation,2.431097222037854,1.6152388924348546,1.459369047265175,4.698233048343078e-05,6.28616767041368e-05,"[[0.0037599774340622864,0.000858735171180265,0.0005369451268504826,0.0004819608012882938,0.00038105671556112,0.00030527056061632177,0.00022471473022590979,0.000210700953922244,0.0001728521129247844,0.0001268651378542102,0.00010642862414126011,8.715406792212956e-05,7.18289592730345e-05,5.464885596747398e-05,4.0657756754992994e-05,3.386641116466962e-05],[0.0074490420292505025,0.000364279852208426,0.0003236237564588743,0.00019755557536156612,0.0001178432175310525,8.344328439358006e-05,6.415420867261774e-05,4.275465958269464e-05,2.614270965210049e-05,8.849018591314605e-19]]","[[479.594662436219,256.2215144027865,214.57435727124826,182.1663032390331,147.1893296343453,139.32190980415552,128.0218411116315,104.31123832451749,91.17786453710958,88.58518655848493,87.69991284327756,71.78805371027745,66.41160128245113,60.51282591096309,54.90768178358891,53.82225475142251,50.86693472784388,45.08141675428369,43.46826899255752,41.726722814615535,36.17073074328796,35.17317960660556,34.79596058552498,33.790513624078955,30.781643480452832,30.117300271737186,29.67695385430035,27.242008436032652,26.62890718005539,25.534446741788425,25.235141306248053,24.728303700811132,23.896161758947827,23.54567329675369,22.816119472767003,21.806789524729414,20.989100163480277,20.366356389380638,19.68484364550203,19.676701640225154,18.366151746700304,17.81151699716961,17.03713031607076,16.626487042601156,15.954986087638042,15.251645792906348,14.527868570052929,13.97291848408352,13.071916837660135],[1.0897318516302759,0.06404879407565049,0.03629655517641045,0.031074877399457964,0.021181285517581076,0.01657927808837922,0.014278699369824876,0.011651000131416175,0.010724672362282254,0.009944973382090029,0.00861831585546603,0.007610413526217714,0.006748464563672657,0.006634261038963077,0.005847841913040052,0.005537851972288225]]","[[0.0030000000000000027,0.0030000000000000022,0.003000000000000001,0.003000000000000001,0.003000000000000001,0.003000000000000001,0.0030000000000000005,0.0030000000000000005,0.0030000000000000005,0.0030000000000000005,0.0030000000000000005,0.0030000000000000005,0.003,0.0029999999999999996,0.0029999999999999996,0.0029999999999999996],[0.003000000000000001,0.003000000000000001,0.0030000000000000005,0.003,0.003,0.003,0.0029999999999999996,0.0029999999999999996,0.0029999999999999988,0.0029999999999999988]]",13.0,12.999999999999988,1.0,0.9999999999999991,0.9999999999999991,4.8367508138462696e-05,0.37367939148575874,0.0031618829207933218,0.015297058540778357,0.0030000000000000027,0.049071951392420675,0.05579362099909793,0.4535318750422448,16,7,2
16,MNISTPatchClassifier,MNIST patch filters=16 kernel=7 stride=2 lr=3e-03,1.0,0.003,Adam,2,4,512,64,2.302357179630538,8.762898381275974e-05,0.888671875,full_patch_and_classifier_activation,1.9116433688124699,1.6130274680697754,1.2107238329378203,3.336650748901055e-05,4.265320596185087e-05,"[[0.004327348563074653,0.0007072052741675569,0.0005436191611087471,0.00040326010265300856,0.0003151781060082732,0.00016554984097834815,0.00013124995581621727,0.00010729642733304377,9.145417548840092e-05,7.106592371916957e-05,6.632940986261238e-05,5.377086283254916e-05,3.808549575810858e-05,3.550143017447221e-05,2.8551042839927072e-05,2.0615745921105717e-05],[0.010065369189956942,0.0004039691997221077,0.00034995909862395406,0.00021815032965202805,0.00017173126690352993,6.709547210497204e-05,6.032471740993461e-05,4.530938845222361e-05,3.222353275037188e-05,7.689713975947257e-19]]","[[479.594662436219,256.2215144027865,214.57435727124826,182.1663032390331,147.1893296343453,139.32190980415552,128.0218411116315,104.31123832451749,91.17786453710958,88.58518655848493,87.69991284327756,71.78805371027745,66.41160128245113,60.51282591096309,54.90768178358891,53.82225475142251,50.86693472784388,45.08141675428369,43.46826899255752,41.726722814615535,36.17073074328796,35.17317960660556,34.79596058552498,33.790513624078955,30.781643480452832,30.117300271737186,29.67695385430035,27.242008436032652,26.62890718005539,25.534446741788425,25.235141306248053,24.728303700811132,23.896161758947827,23.54567329675369,22.816119472767003,21.806789524729414,20.989100163480277,20.366356389380638,19.68484364550203,19.676701640225154,18.366151746700304,17.81151699716961,17.03713031607076,16.626487042601156,15.954986087638042,15.251645792906348,14.527868570052929,13.97291848408352,13.071916837660135],[1.7457215953191034,0.05733050180765208,0.03946302926183792,0.0279888336772964,0.020900213542027257,0.015418764967488464,0.013450304460900842,0.010992997053738638,0.010041864774259028,0.00765197014511326,0.006444281330750918,0.006267937359872313,0.005514469258179293,0.00486603621733674,0.003834165345070752,0.002844091857821095]]","[[0.012569819405298886,0.005005003988176901,0.002803332666722902,0.002161159658675858,0.0014434419479754756,0.0011666737403850924,0.0009472198229004611,0.0007124963941017439,0.0006266792708875746,0.00048116942634561077,0.00041921620341779095,0.00032088725420020885,0.00030953435666019,0.0002124599549254868,8.670936721750423e-05,4.447578166523163e-05],[0.005991078773906411,0.0013241984726394406,0.0011750462561869253,0.0006398906210183945,0.00041739773744062816,0.0003636697584335587,0.00021361084546873827,0.0001272486499433694,9.228003992573701e-05,5.4178958938511675e-05]]",3.489792990668439,1.1922565585506568,0.2690320481799431,0.09531558596858504,0.35377413074204567,8.047094623507081e-05,0.46987654261700634,0.005180375508161756,0.01553380563016864,0.012569819405298886,0.04900779858149712,0.04802825321731717,0.5103349999990314,16,7,2
17,MNISTPatchClassifier,MNIST patch filters=16 kernel=7 stride=2 lr=3e-03,1.0,0.003,Muon,2,4,512,64,2.3024392177392197,4.744963333136454e-05,0.888671875,full_patch_and_classifier_activation,2.083084368734773,1.6149905733093908,1.3280120711935597,3.359974554215166e-05,4.8022949986708976e-05,"[[0.004328500957215938,0.0006934424757696348,0.0005633876335012781,0.0004078781855586712,0.00036063063069744243,0.00022870523634258477,0.00017535184118834643,0.00011420937153866819,9.929363771762816e-05,9.316764683557231e-05,7.58302140911602e-05,6.636273892756184e-05,5.553846326057449e-05,4.810189568827012e-05,4.0019375831496e-05,2.9327676165389964e-05],[0.006633674447119302,0.0004129622406191182,0.00030056426590253276,0.00021467288722747167,0.000180134261914476,8.322407507993835e-05,6.664219657962458e-05,6.076544603996169e-05,3.466430595883374e-05,4.71137346728995e-19]]","[[479.594662436219,256.2215144027865,214.57435727124826,182.1663032390331,147.1893296343453,139.32190980415552,128.0218411116315,104.31123832451749,91.17786453710958,88.58518655848493,87.69991284327756,71.78805371027745,66.41160128245113,60.51282591096309,54.90768178358891,53.82225475142251,50.86693472784388,45.08141675428369,43.46826899255752,41.726722814615535,36.17073074328796,35.17317960660556,34.79596058552498,33.790513624078955,30.781643480452832,30.117300271737186,29.67695385430035,27.242008436032652,26.62890718005539,25.534446741788425,25.235141306248053,24.728303700811132,23.896161758947827,23.54567329675369,22.816119472767003,21.806789524729414,20.989100163480277,20.366356389380638,19.68484364550203,19.676701640225154,18.366151746700304,17.81151699716961,17.03713031607076,16.626487042601156,15.954986087638042,15.251645792906348,14.527868570052929,13.97291848408352,13.071916837660135],[1.149038912495377,0.06447486514717919,0.03872831947651987,0.031476457417035,0.021035539475057673,0.016307226117374802,0.01438216329006718,0.011738109470130636,0.010526642461243983,0.009717411733657005,0.008515303619020365,0.007336191063941393,0.006846257051394759,0.0066512401830611705,0.005750025507624626,0.005062925699116093]]","[[0.0030000000000000022,0.003000000000000002,0.003000000000000002,0.003000000000000002,0.003000000000000002,0.003000000000000001,0.003000000000000001,0.003000000000000001,0.0030000000000000005,0.0030000000000000005,0.003,0.003,0.0029999999999999996,0.002999999999999999,0.002999999999999999,0.0029999999999999975],[0.0030000000000000027,0.0030000000000000014,0.003000000000000001,0.0030000000000000005,0.0030000000000000005,0.003,0.0029999999999999996,0.0029999999999999996,0.002999999999999999,0.002999999999999999]]",13.0,12.999999999999986,0.9999999999999999,0.9999999999999989,0.9999999999999989,4.610115632031444e-05,0.3757642453045467,0.0030137268676471104,0.015297058540778358,0.0030000000000000027,0.0490077985814971,0.05529399265826464,0.5629757500719279,16,7,2
16,MNISTPatchClassifier,MNIST patch filters=16 kernel=7 stride=2 lr=3e-03,1.0,0.003,Adam,2,5,512,64,2.3025364465476357,,0.888671875,full_patch_and_classifier_activation,3.0897317883319,1.6127149381412105,1.7550904834060344,1.9459784099009934e-05,2.5897084623855588e-05,"[[0.001698497717611067,0.0008742289656723171,0.0006455153377406769,0.0003214423981465996,0.0002612316384972216,0.0001555464890000496,0.00014697881803990204,0.00010237818595578478,8.597393119059319e-05,7.413413426282664e-05,5.712196469010592e-05,4.91311941133881e-05,3.9163882626257466e-05,2.9380199939274514e-05,2.4157036659521396e-05,8.31045897576603e-06],[0.009037208312267902,0.000525054017057084,0.00028776753599194714,0.00021735306851337826,0.00018632469637391006,7.300815022637784e-05,5.8014843797114175e-05,5.033699080231302e-05,2.771862719418e-05,2.9277898709306673e-19]]","[[479.594662436219,256.2215144027865,214.57435727124826,182.1663032390331,147.1893296343453,139.32190980415552,128.0218411116315,104.31123832451749,91.17786453710958,88.58518655848493,87.69991284327756,71.78805371027745,66.41160128245113,60.51282591096309,54.90768178358891,53.82225475142251,50.86693472784388,45.08141675428369,43.46826899255752,41.726722814615535,36.17073074328796,35.17317960660556,34.79596058552498,33.790513624078955,30.781643480452832,30.117300271737186,29.67695385430035,27.242008436032652,26.62890718005539,25.534446741788425,25.235141306248053,24.728303700811132,23.896161758947827,23.54567329675369,22.816119472767003,21.806789524729414,20.989100163480277,20.366356389380638,19.68484364550203,19.676701640225154,18.366151746700304,17.81151699716961,17.03713031607076,16.626487042601156,15.954986087638042,15.251645792906348,14.527868570052929,13.97291848408352,13.071916837660135],[2.054306052910751,0.05839015144130878,0.03722151965367729,0.028062265286637886,0.021600269948155813,0.016602582744241045,0.014501734717307741,0.011162295791041377,0.009549274260725276,0.007237042950817227,0.0065757795592533835,0.005929093519500708,0.005238841798503227,0.0043898123882081894,0.0034134363478786393,0.0025014762902901594]]",,,,,,,,,,,,,,0.6192214170005172,16,7,2
17,MNISTPatchClassifier,MNIST patch filters=16 kernel=7 stride=2 lr=3e-03,1.0,0.003,Muon,2,5,512,64,2.302528051175184,,0.888671875,full_patch_and_classifier_activation,2.961226615933964,1.6148630227538465,1.7788712582172077,1.961257446049742e-05,3.203478203089416e-05,"[[0.0026772930987808484,0.0011459762294023987,0.0007943720304398357,0.00047234535706979034,0.0002668441286552799,0.0002044762970641802,0.00016274357559405064,0.0001517342479966333,0.0001337788418995212,0.00010167604518361424,6.885260518977667e-05,6.591670306532448e-05,5.234261627637648e-05,4.2079660088498626e-05,3.546970213693555e-05,1.3926986912584499e-05],[0.0053770806099848875,0.0005518183006873959,0.00034369598490762706,0.00029479460383969707,0.00013919030038003042,8.817360915952097e-05,7.175784769961742e-05,5.659996345003735e-05,3.4184520220002394e-05,1.3630650295184652e-19]]","[[479.594662436219,256.2215144027865,214.57435727124826,182.1663032390331,147.1893296343453,139.32190980415552,128.0218411116315,104.31123832451749,91.17786453710958,88.58518655848493,87.69991284327756,71.78805371027745,66.41160128245113,60.51282591096309,54.90768178358891,53.82225475142251,50.86693472784388,45.08141675428369,43.46826899255752,41.726722814615535,36.17073074328796,35.17317960660556,34.79596058552498,33.790513624078955,30.781643480452832,30.117300271737186,29.67695385430035,27.242008436032652,26.62890718005539,25.534446741788425,25.235141306248053,24.728303700811132,23.896161758947827,23.54567329675369,22.816119472767003,21.806789524729414,20.989100163480277,20.366356389380638,19.68484364550203,19.676701640225154,18.366151746700304,17.81151699716961,17.03713031607076,16.626487042601156,15.954986087638042,15.251645792906348,14.527868570052929,13.97291848408352,13.071916837660135],[1.225585546781059,0.06695530303958203,0.04206742731640427,0.032934531843064226,0.02094073414884635,0.016708927461480432,0.015627521699714948,0.01212821996704093,0.010519085190057106,0.009666080771252706,0.008636178111581029,0.0072517941801414154,0.007041806465551088,0.006641043483506833,0.005705990452779128,0.004634529450629724]]",,,,,,,,,,,,,,0.6711113338824362,16,7,2
18,MNISTPatchClassifier,MNIST patch filters=16 kernel=7 stride=2 lr=1e-02,1.0,0.01,Adam,0,0,512,64,2.302613307810712,0.0003741039449778327,0.8828125,full_patch_and_classifier_activation,1.9039248603319128,1.5905616391836048,1.2553047416020902,3.881003108161725e-05,5.4867677365892626e-05,"[[0.006674119523953643,0.0008968915943794816,0.0007543140774606866,0.000646529701704856,0.0003389679449164621,0.00031813213935493926,0.00019205921169944816,0.00015440247335477594,0.00013102114913281945,0.00010934871736598452,8.664310102812127e-05,7.672305596233321e-05,5.472815347669126e-05,4.601058579156776e-05,4.4211879619497236e-05,2.850121503057473e-05],[0.007865925407900213,0.0005789707137336257,0.0002788522546540449,0.0002682459507676697,0.0001488890375695795,0.0001393951880814933,8.862466017428699e-05,3.674692239366403e-05,1.2844468565188868e-05,5.233878605932999e-19]]","[[493.249523472008,259.3155638768555,219.34766548159106,182.69048460444037,149.34176873294834,139.8823110381165,127.45508590555716,103.67481985576804,92.21811308023099,88.9926945590207,86.9319001198511,71.8432407434568,66.43131197486345,59.87086843416599,55.71662000289082,54.91622546651539,50.69915502062711,45.19189543562701,43.158568733325545,41.46455473859853,36.18397278295872,35.34369828579487,35.184854101328504,33.62503052155534,30.947266350936772,30.3047789384516,29.695401568992565,26.75159141493728,26.73237492494285,25.60821476846905,25.48296926398514,24.493409845846493,23.860011949991172,23.667766599894254,23.029059718911363,21.715419462100876,20.847994104793695,20.22232520784444,19.567168405049486,19.454750056425002,18.347057286216053,17.656129275198484,16.80769747129716,16.521667337916252,15.634412589127907,14.938334213015617,14.358819432588886,13.71449839592815,13.035741762725436],[1.2680943013382342,0.0686621853896149,0.03356463309127298,0.029084665713086138,0.0237871687790338,0.02123935183973126,0.015365359642002276,0.013165232580912647,0.012365132254864224,0.010852306271355631,0.009341889429036269,0.008556026094375422,0.007839636062798677,0.00634284860183568,0.005697864650788319,0.005250243106430837]]","[[0.041361730381535664,0.0144433865149002,0.010430235281722497,0.008016073996327564,0.007021336884801683,0.004145336714163956,1.326314979870504e-05,3.133455224639051e-06,2.3862655345064868e-06,9.502481125380348e-07,2.7062697998139655e-07,8.854993416090458e-08,7.542756322879367e-08,5.314673121918627e-08,2.75625149977795e-08,7.0264539869836764e-09],[0.018638837532150593,0.0070154747813727485,0.005011385160946769,0.004061503353020932,0.0016829953135171856,1.390099677053159e-07,9.827697981175063e-08,8.632071106797832e-08,3.020630735590237e-08,7.689211846040011e-09]]",3.1934529975080497,1.265772636527121,0.25594846912792485,0.10291570458727206,0.3978097211734461,0.00033392468388121737,0.627056746364989,0.0065488018430024195,0.05099019513592786,0.041361730381535664,0.1632299294330863,0.16107838560538798,0.05392241710796952,16,7,2
19,MNISTPatchClassifier,MNIST patch filters=16 kernel=7 stride=2 lr=1e-02,1.0,0.01,Muon,0,0,512,64,2.302613307810712,0.00019325852137130894,0.8828125,full_patch_and_classifier_activation,1.9039248603319128,1.5905616391836048,1.2553047416020902,3.881003108161725e-05,5.4867677365892626e-05,"[[0.006674119523953643,0.0008968915943794816,0.0007543140774606866,0.000646529701704856,0.0003389679449164621,0.00031813213935493926,0.00019205921169944816,0.00015440247335477594,0.00013102114913281945,0.00010934871736598452,8.664310102812127e-05,7.672305596233321e-05,5.472815347669126e-05,4.601058579156776e-05,4.4211879619497236e-05,2.850121503057473e-05],[0.007865925407900213,0.0005789707137336257,0.0002788522546540449,0.0002682459507676697,0.0001488890375695795,0.0001393951880814933,8.862466017428699e-05,3.674692239366403e-05,1.2844468565188868e-05,5.233878605932999e-19]]","[[493.249523472008,259.3155638768555,219.34766548159106,182.69048460444037,149.34176873294834,139.8823110381165,127.45508590555716,103.67481985576804,92.21811308023099,88.9926945590207,86.9319001198511,71.8432407434568,66.43131197486345,59.87086843416599,55.71662000289082,54.91622546651539,50.69915502062711,45.19189543562701,43.158568733325545,41.46455473859853,36.18397278295872,35.34369828579487,35.184854101328504,33.62503052155534,30.947266350936772,30.3047789384516,29.695401568992565,26.75159141493728,26.73237492494285,25.60821476846905,25.48296926398514,24.493409845846493,23.860011949991172,23.667766599894254,23.029059718911363,21.715419462100876,20.847994104793695,20.22232520784444,19.567168405049486,19.454750056425002,18.347057286216053,17.656129275198484,16.80769747129716,16.521667337916252,15.634412589127907,14.938334213015617,14.358819432588886,13.71449839592815,13.035741762725436],[1.2680943013382342,0.0686621853896149,0.03356463309127298,0.029084665713086138,0.0237871687790338,0.02123935183973126,0.015365359642002276,0.013165232580912647,0.012365132254864224,0.010852306271355631,0.009341889429036269,0.008556026094375422,0.007839636062798677,0.00634284860183568,0.005697864650788319,0.005250243106430837]]","[[0.01,0.01,0.01,0.01,0.009999999999999998,0.009999999999999998,0.009999999999999998,0.009999999999999997,0.009999999999999997,0.009999999999999997,0.009999999999999995,0.009999999999999995,0.009999999999999995,0.009999999999999995,0.009999999999999993,0.009999999999999992],[0.010000000000000007,0.010000000000000004,0.010000000000000004,0.010000000000000002,0.01,0.01,0.01,0.009999999999999998,0.009999999999999998,0.009999999999999997]]",13.0,12.999999999999988,1.0,0.9999999999999989,0.9999999999999989,0.00019971099128071644,0.375025059394409,0.003916654775458968,0.05099019513592784,0.010000000000000007,0.16322992943308626,0.18952556405082766,0.10586233413778245,16,7,2
18,MNISTPatchClassifier,MNIST patch filters=16 kernel=7 stride=2 lr=1e-02,1.0,0.01,Adam,0,1,512,64,2.302474036853624,0.00036032239367855823,0.900390625,full_patch_and_classifier_activation,1.8619634169562433,1.5895018784939305,1.2098627836423423,3.5101322479792044e-05,4.612728663002796e-05,"[[0.005565006385765997,0.0009124665808424375,0.0005697095324563418,0.000436273394902319,0.0003114127076424143,0.00025151763989622524,0.00021012441500715316,0.0001328761386665389,0.00010478474185114401,9.068125797432995e-05,7.148845045971569e-05,6.022788944664429e-05,5.069247136963058e-05,3.3844742686945956e-05,2.9932271807534732e-05,2.0560152671311618e-05],[0.009889352437392177,0.0005476785915010776,0.00031523217024596303,0.0002219214932045655,0.00014493414085330823,9.656570670196214e-05,8.560139811322835e-05,4.914255845352488e-05,3.3289769769597307e-05,4.90712076033298e-19]]","[[493.249523472008,259.3155638768555,219.34766548159106,182.69048460444037,149.34176873294834,139.8823110381165,127.45508590555716,103.67481985576804,92.21811308023099,88.9926945590207,86.9319001198511,71.8432407434568,66.43131197486345,59.87086843416599,55.71662000289082,54.91622546651539,50.69915502062711,45.19189543562701,43.158568733325545,41.46455473859853,36.18397278295872,35.34369828579487,35.184854101328504,33.62503052155534,30.947266350936772,30.3047789384516,29.695401568992565,26.75159141493728,26.73237492494285,25.60821476846905,25.48296926398514,24.493409845846493,23.860011949991172,23.667766599894254,23.029059718911363,21.715419462100876,20.847994104793695,20.22232520784444,19.567168405049486,19.454750056425002,18.347057286216053,17.656129275198484,16.80769747129716,16.521667337916252,15.634412589127907,14.938334213015617,14.358819432588886,13.71449839592815,13.035741762725436],[1.6733687238893753,0.06830259087154665,0.042696883574451276,0.028024530257305356,0.024972404952255993,0.017901701206540808,0.016909783365140915,0.013635304482834574,0.012444755232904113,0.011029969052276262,0.008684180072900052,0.00822819801452899,0.006774886596277186,0.005291746590411343,0.004910466834698783,0.004255606692429815]]","[[0.04390730260216153,0.011928711226095906,0.006708859291759191,0.00592071384074283,0.0034782918562938814,0.0023888725892897804,0.0019335575422827016,0.0013994962345388966,0.0010112119741583665,0.0005617838255469566,0.0005040080962452481,0.00035402628446366173,0.00025785314628786696,0.00019207347161373785,0.00013034053635316945,5.996239027300095e-05],[0.01785610030290256,0.005561275915812167,0.004169242179536299,0.002733315727856922,0.0014155936643659621,0.001286344507879312,0.0005902781030178952,0.00037210045471669896,0.00024083982726976006,0.00011578881142810018]]",3.0545811769744207,1.1583312326223365,0.24927866192930642,0.09467401231954517,0.37916285142562733,0.0002962529637950782,0.512405851887153,0.005861637676884957,0.05054098873482667,0.04390730260216153,0.15929090468093954,0.1534875333534098,0.1631740420125425,16,7,2
19,MNISTPatchClassifier,MNIST patch filters=16 kernel=7 stride=2 lr=1e-02,1.0,0.01,Muon,0,1,512,64,2.302563884766286,0.00016985910296662965,0.900390625,full_patch_and_classifier_activation,2.37214896085349,1.5910049682419114,1.4814651009265454,3.50496407750972e-05,5.101782993923011e-05,"[[0.004084246892319545,0.0008187129330184976,0.0007338234168085638,0.0004926509026492111,0.0003432381051874613,0.000258272604480661,0.00024134791368345227,0.00018877097782930336,0.00014763668208384324,0.0001243441337800392,0.00010138321806356292,8.542794448843278e-05,5.176220847410288e-05,4.5085515012471606e-05,3.562430142291699e-05,3.112279173288058e-05],[0.007361371317412011,0.00046723084865171006,0.0004121713264197052,0.00021169124334194912,0.0001891952953119218,0.00011637406852911867,0.00010278104043303157,5.020831467497795e-05,3.899815544415354e-05,1.5720150361829123e-19]]","[[493.249523472008,259.3155638768555,219.34766548159106,182.69048460444037,149.34176873294834,139.8823110381165,127.45508590555716,103.67481985576804,92.21811308023099,88.9926945590207,86.9319001198511,71.8432407434568,66.43131197486345,59.87086843416599,55.71662000289082,54.91622546651539,50.69915502062711,45.19189543562701,43.158568733325545,41.46455473859853,36.18397278295872,35.34369828579487,35.184854101328504,33.62503052155534,30.947266350936772,30.3047789384516,29.695401568992565,26.75159141493728,26.73237492494285,25.60821476846905,25.48296926398514,24.493409845846493,23.860011949991172,23.667766599894254,23.029059718911363,21.715419462100876,20.847994104793695,20.22232520784444,19.567168405049486,19.454750056425002,18.347057286216053,17.656129275198484,16.80769747129716,16.521667337916252,15.634412589127907,14.938334213015617,14.358819432588886,13.71449839592815,13.035741762725436],[1.2491071063152361,0.06993815464666592,0.03962114247147217,0.034893072369758006,0.02588362353616945,0.021876720213365643,0.016064464506328882,0.012741271974313807,0.012179063563511332,0.010168367110900356,0.009557395816118466,0.008379455070353871,0.00779277777093944,0.006678038100832598,0.005973618695370041,0.005378104480898452]]","[[0.010000000000000002,0.010000000000000002,0.010000000000000002,0.010000000000000002,0.010000000000000002,0.009999999999999998,0.009999999999999998,0.009999999999999998,0.009999999999999998,0.009999999999999998,0.009999999999999998,0.009999999999999998,0.009999999999999998,0.009999999999999998,0.009999999999999995,0.009999999999999995],[0.010000000000000002,0.010000000000000002,0.010000000000000002,0.01,0.01,0.01,0.01,0.009999999999999998,0.009999999999999998,0.009999999999999997]]",12.999999999999996,12.999999999999993,0.9999999999999998,0.9999999999999996,0.9999999999999998,0.00016733472151253526,0.38367550545752116,0.0032817038857462758,0.05099019513592785,0.010000000000000002,0.1592909046809396,0.18356672868992985,0.21424979204311967,16,7,2
18,MNISTPatchClassifier,MNIST patch filters=16 kernel=7 stride=2 lr=1e-02,1.0,0.01,Adam,0,2,512,64,2.302182593124268,0.000494213002645072,0.900390625,full_patch_and_classifier_activation,1.5105371266376513,1.588357002022085,1.0140568057652786,3.256639878382286e-05,3.857686886560617e-05,"[[0.0073507854280015425,0.0009651917430035571,0.00043388253326653723,0.0002735687959280619,0.0002288371819082429,0.00019915252847697013,0.00016593163613056708,0.0001049242130893941,8.627745536366325e-05,7.491830493356962e-05,5.065425102560827e-05,4.810071658918273e-05,3.255267862103253e-05,3.1507140458609406e-05,2.2714447269174723e-05,1.2668943767367157e-05],[0.014912113576603507,0.0004958645341284348,0.0002729027028618622,0.00017063783540239265,0.00013054642300357067,0.00010790692400510726,7.699690399508625e-05,5.4534310901863346e-05,3.0799860349857825e-05,1.2299421769464208e-18]]","[[493.249523472008,259.3155638768555,219.34766548159106,182.69048460444037,149.34176873294834,139.8823110381165,127.45508590555716,103.67481985576804,92.21811308023099,88.9926945590207,86.9319001198511,71.8432407434568,66.43131197486345,59.87086843416599,55.71662000289082,54.91622546651539,50.69915502062711,45.19189543562701,43.158568733325545,41.46455473859853,36.18397278295872,35.34369828579487,35.184854101328504,33.62503052155534,30.947266350936772,30.3047789384516,29.695401568992565,26.75159141493728,26.73237492494285,25.60821476846905,25.48296926398514,24.493409845846493,23.860011949991172,23.667766599894254,23.029059718911363,21.715419462100876,20.847994104793695,20.22232520784444,19.567168405049486,19.454750056425002,18.347057286216053,17.656129275198484,16.80769747129716,16.521667337916252,15.634412589127907,14.938334213015617,14.358819432588886,13.71449839592815,13.035741762725436],[2.6153777166825454,0.05903275670466326,0.03034688580545658,0.02930228278983188,0.023724159097074433,0.018814812098298307,0.015008898932383975,0.01184108842792264,0.009647659473906223,0.008934931842543615,0.006869193410253415,0.0066047951856566325,0.005067858648427417,0.004154479586629036,0.003509072606089398,0.0027447392355720427]]","[[0.04525213435869477,0.009135993396096815,0.006173902735519452,0.0037811349888483875,0.003292038711496766,0.0027257953638652596,0.0019348093840782941,0.0013791739814430375,0.0007674383536385622,0.0005373358813326988,0.0004525962721876361,0.0002831121546442164,0.00027742292565451673,0.00018419558887764514,0.0001286422754735297,9.904606486175846e-05],[0.018395604392913358,0.0047225061890511025,0.004037428548931287,0.0023290493753377784,0.001116346919655754,0.000896259616345472,0.0005065110315507825,0.00036147163142285837,0.0002559432127054833,0.00022173130275084465]]",2.722363902146104,1.1081565540248617,0.22268267810409026,0.09059062477295124,0.40708757082996017,0.00042040085043110637,0.4949509022239204,0.00825454527774769,0.0509296195351194,0.04525213435869477,0.15543115244313985,0.1501918277895209,0.26922333403490484,16,7,2
19,MNISTPatchClassifier,MNIST patch filters=16 kernel=7 stride=2 lr=1e-02,1.0,0.01,Muon,0,2,512,64,2.302434355423246,0.00020786823766760776,0.900390625,full_patch_and_classifier_activation,2.106232571343851,1.5914519804916956,1.3794090792726341,3.2956945168740014e-05,5.048312237659999e-05,"[[0.0065509454259229235,0.0014294508169552236,0.0008058110957252662,0.0006471240767243474,0.00044907329586152406,0.00031793801034683215,0.00025229199623435415,0.00014166716196266634,0.00011622091658423563,0.00010138101033555348,7.926393873045852e-05,7.062539906261024e-05,6.152559526423919e-05,4.9360258397645276e-05,4.153384818926483e-05,2.231010202554068e-05],[0.0072882655954990645,0.0005505165162301196,0.0005003257955364902,0.00023508572993538113,0.000208890867395767,0.00014715080655818382,9.445670036428286e-05,5.325918475110023e-05,3.3140917468212565e-05,3.4998629548232783e-19]]","[[493.249523472008,259.3155638768555,219.34766548159106,182.69048460444037,149.34176873294834,139.8823110381165,127.45508590555716,103.67481985576804,92.21811308023099,88.9926945590207,86.9319001198511,71.8432407434568,66.43131197486345,59.87086843416599,55.71662000289082,54.91622546651539,50.69915502062711,45.19189543562701,43.158568733325545,41.46455473859853,36.18397278295872,35.34369828579487,35.184854101328504,33.62503052155534,30.947266350936772,30.3047789384516,29.695401568992565,26.75159141493728,26.73237492494285,25.60821476846905,25.48296926398514,24.493409845846493,23.860011949991172,23.667766599894254,23.029059718911363,21.715419462100876,20.847994104793695,20.22232520784444,19.567168405049486,19.454750056425002,18.347057286216053,17.656129275198484,16.80769747129716,16.521667337916252,15.634412589127907,14.938334213015617,14.358819432588886,13.71449839592815,13.035741762725436],[1.2777373980156814,0.07324017213113122,0.04658062645906754,0.03727658124135395,0.031392300411002494,0.024964816141732276,0.01859940444670083,0.015426218413793907,0.01251216583261682,0.01165025266731457,0.010461248129281314,0.009242276983521695,0.007111995238416358,0.0062811710353428574,0.005396373788891815,0.0048951816477548656]]","[[0.010000000000000007,0.010000000000000007,0.010000000000000004,0.010000000000000002,0.01,0.009999999999999998,0.009999999999999998,0.009999999999999998,0.009999999999999998,0.009999999999999998,0.009999999999999998,0.009999999999999997,0.009999999999999995,0.009999999999999995,0.009999999999999995,0.009999999999999992],[0.010000000000000005,0.010000000000000005,0.010000000000000004,0.01,0.01,0.01,0.01,0.009999999999999998,0.009999999999999997,0.009999999999999995]]",13.0,12.99999999999998,1.0,0.9999999999999986,0.9999999999999984,0.00020247615062061292,0.39656941246655175,0.0039708840117371426,0.050990195135927854,0.010000000000000007,0.1554311524431399,0.17438005774645587,0.322342042112723,16,7,2
18,MNISTPatchClassifier,MNIST patch filters=16 kernel=7 stride=2 lr=1e-02,1.0,0.01,Adam,0,3,512,64,2.3020090575282017,0.0005476878740182656,0.900390625,full_patch_and_classifier_activation,1.3502800987384882,1.5880417794664394,0.9242811211287802,2.9832485721334103e-05,3.353916877328915e-05,"[[0.007435849806883764,0.000685514091289428,0.00029496310898372116,0.0002294052412071133,0.00018870144499765837,0.00011829141874538701,9.441961470512722e-05,7.702927079610361e-05,7.507810092827317e-05,4.977395515157811e-05,3.7177673063963416e-05,3.121643669412463e-05,2.8757308642918554e-05,2.1843882387551184e-05,1.5495859558421893e-05,8.761889021496348e-06],[0.020124607525220974,0.0004560192735299979,0.00025742240088162503,0.0001716341419894804,0.00012373181090600483,7.818567168990455e-05,6.216068174718781e-05,5.249160776841112e-05,2.4777179698899654e-05,9.033958130559676e-19]]","[[493.249523472008,259.3155638768555,219.34766548159106,182.69048460444037,149.34176873294834,139.8823110381165,127.45508590555716,103.67481985576804,92.21811308023099,88.9926945590207,86.9319001198511,71.8432407434568,66.43131197486345,59.87086843416599,55.71662000289082,54.91622546651539,50.69915502062711,45.19189543562701,43.158568733325545,41.46455473859853,36.18397278295872,35.34369828579487,35.184854101328504,33.62503052155534,30.947266350936772,30.3047789384516,29.695401568992565,26.75159141493728,26.73237492494285,25.60821476846905,25.48296926398514,24.493409845846493,23.860011949991172,23.667766599894254,23.029059718911363,21.715419462100876,20.847994104793695,20.22232520784444,19.567168405049486,19.454750056425002,18.347057286216053,17.656129275198484,16.80769747129716,16.521667337916252,15.634412589127907,14.938334213015617,14.358819432588886,13.71449839592815,13.035741762725436],[3.686060733598958,0.05351832937139532,0.026386953412108016,0.02355194574313086,0.01867408319356807,0.013572154886108922,0.012255072667443651,0.009136179973457247,0.008283811533403346,0.0067209355382876965,0.005858264308083675,0.004835171089286658,0.003773232164568139,0.003274092228554809,0.0024195153091143874,0.001653820937718866]]","[[0.046347925611193753,0.00966884214876912,0.006184091981270958,0.003366826079897619,0.002902442795249948,0.0025431338732538017,0.0011666012041692535,0.0010140066430927264,0.000574328281180061,0.0004870752325030807,0.0003320537918552639,0.00029026650267361065,0.00023775667231987655,0.0001634592662660291,0.00013469880481862582,0.00010764353663985617],[0.016002107454600463,0.006720982403383963,0.0030733347258182888,0.0019882862682971685,0.0016381350933898494,0.0007910354836326715,0.0005731608880505383,0.0004080980737956394,0.0002989455515973224,0.00022270275442280943]]",2.8136642893595867,1.1595903292415901,0.23505922048711475,0.095801816555076,0.4146514610932268,0.00046491497953697847,0.4222503449513661,0.009069148362842646,0.05126335582311005,0.046347925611193753,0.14921432622828254,0.13903967187609928,0.378116459120065,16,7,2
19,MNISTPatchClassifier,MNIST patch filters=16 kernel=7 stride=2 lr=1e-02,1.0,0.01,Muon,0,3,512,64,2.302376397737511,0.0002073376034554819,0.814453125,full_patch_and_classifier_activation,2.4043882832297774,1.591529270618702,1.54454466202048,3.0817827904342216e-05,5.043764163269759e-05,"[[0.005168178331639506,0.001110942217152643,0.0008847541465235055,0.0006215546567557162,0.0004159288015646098,0.0003732206696214141,0.0002875734446601812,0.0001910073301286892,0.00014807617886467418,0.00010436378898200872,8.44470572996477e-05,7.472830798303752e-05,6.38832169895297e-05,5.213276209591339e-05,4.8479555889195306e-05,4.2517181353330214e-05],[0.007844839706011695,0.0007385175812683265,0.0006613074934115113,0.00032589509437405386,0.0002733827554045262,0.0001199517575303778,9.182817985753525e-05,6.380426456513747e-05,5.045544613618074e-05,6.196674265432135e-19]]","[[493.249523472008,259.3155638768555,219.34766548159106,182.69048460444037,149.34176873294834,139.8823110381165,127.45508590555716,103.67481985576804,92.21811308023099,88.9926945590207,86.9319001198511,71.8432407434568,66.43131197486345,59.87086843416599,55.71662000289082,54.91622546651539,50.69915502062711,45.19189543562701,43.158568733325545,41.46455473859853,36.18397278295872,35.34369828579487,35.184854101328504,33.62503052155534,30.947266350936772,30.3047789384516,29.695401568992565,26.75159141493728,26.73237492494285,25.60821476846905,25.48296926398514,24.493409845846493,23.860011949991172,23.667766599894254,23.029059718911363,21.715419462100876,20.847994104793695,20.22232520784444,19.567168405049486,19.454750056425002,18.347057286216053,17.656129275198484,16.80769747129716,16.521667337916252,15.634412589127907,14.938334213015617,14.358819432588886,13.71449839592815,13.035741762725436],[1.4267684984799762,0.07875072458970721,0.05550073642836815,0.04470773757366944,0.036389993570919654,0.02804288396962959,0.02162538051210806,0.017576789135405904,0.014291126190278312,0.013402502366644793,0.01214421757183639,0.009834998687916414,0.007751954283327807,0.006895497806795219,0.005544130074884066,0.005138043747549184]]","[[0.010000000000000009,0.010000000000000007,0.010000000000000007,0.010000000000000004,0.010000000000000004,0.010000000000000004,0.010000000000000004,0.010000000000000002,0.010000000000000002,0.010000000000000002,0.010000000000000002,0.010000000000000002,0.009999999999999998,0.009999999999999998,0.009999999999999997,0.009999999999999995],[0.010000000000000002,0.010000000000000002,0.010000000000000002,0.009999999999999998,0.009999999999999998,0.009999999999999998,0.009999999999999998,0.009999999999999997,0.009999999999999997,0.009999999999999995]]",13.0,12.999999999999986,1.0,0.999999999999999,0.999999999999999,0.00019841769926062943,0.40495640394423765,0.0038912912322005156,0.050990195135927854,0.010000000000000009,0.1492143262282825,0.1636636198661574,0.4309090841561556,16,7,2
18,MNISTPatchClassifier,MNIST patch filters=16 kernel=7 stride=2 lr=1e-02,1.0,0.01,Adam,0,4,512,64,2.301532640930749,0.0007707588686725053,0.8984375,full_patch_and_classifier_activation,1.3575188685869115,1.587942007199958,0.9131958342387668,3.450788602072178e-05,3.694793804049297e-05,"[[0.008189262182142377,0.0010941062587846043,0.00036852785100349684,0.00035064685702101473,0.00020852420229470212,0.0001238539994315307,7.706557129440682e-05,5.8190310800603885e-05,5.0395808469903384e-05,3.029543843017867e-05,2.0098188986033616e-05,1.7041320034158827e-05,1.3126806744356947e-05,7.666181304499623e-06,5.678167601627548e-06,5.098647484012857e-06],[0.02924503751383856,0.0004323446011863197,0.00019600544386625865,0.0001285981288725357,0.00011867319175314484,5.983865883793742e-05,4.7957890025595414e-05,2.843379891696765e-05,1.1778326264663232e-05,2.6481399914551067e-18]]","[[493.249523472008,259.3155638768555,219.34766548159106,182.69048460444037,149.34176873294834,139.8823110381165,127.45508590555716,103.67481985576804,92.21811308023099,88.9926945590207,86.9319001198511,71.8432407434568,66.43131197486345,59.87086843416599,55.71662000289082,54.91622546651539,50.69915502062711,45.19189543562701,43.158568733325545,41.46455473859853,36.18397278295872,35.34369828579487,35.184854101328504,33.62503052155534,30.947266350936772,30.3047789384516,29.695401568992565,26.75159141493728,26.73237492494285,25.60821476846905,25.48296926398514,24.493409845846493,23.860011949991172,23.667766599894254,23.029059718911363,21.715419462100876,20.847994104793695,20.22232520784444,19.567168405049486,19.454750056425002,18.347057286216053,17.656129275198484,16.80769747129716,16.521667337916252,15.634412589127907,14.938334213015617,14.358819432588886,13.71449839592815,13.035741762725436],[4.979221993434799,0.0487744663176204,0.025894542563135822,0.02118178183213479,0.016028105083489598,0.013855179735931379,0.01148960612170322,0.00999219284294072,0.008561621545000373,0.0057728882016139195,0.005042822800201463,0.003310022078748735,0.0022715488423515505,0.0019043204502676026,0.0015898863684722573,0.0012584863573795444]]","[[0.04822870102085051,0.009658580263912515,0.005708283667344231,0.0035657229058182536,0.0025731756017701537,0.0016829606795356708,0.0009404580077053227,0.00071181010093926,0.00040143136968527436,0.0003745843218932963,0.00029485812620840316,0.0002590673297836246,0.00020447469709334586,0.00016770438389217802,8.654968135269577e-05,7.29720991252647e-05],[0.01636665031251171,0.006704058640779367,0.002799235725485133,0.0014976173587914743,0.0013428347545830944,0.000806931103061182,0.0005438952579845965,0.000389446903536073,0.00019390787520962198,0.00014856705370921115]]",2.5888194299859766,1.1404712801627688,0.21636309553527328,0.09408821606523851,0.44372400667165346,0.0006680739886681209,0.41518130165338024,0.012621289268687826,0.05293230940562836,0.04822870102085051,0.14483823616189073,0.13478876451370314,0.4874282921664417,16,7,2
19,MNISTPatchClassifier,MNIST patch filters=16 kernel=7 stride=2 lr=1e-02,1.0,0.01,Muon,0,4,512,64,2.302285692418528,0.0002324368477815142,0.8828125,full_patch_and_classifier_activation,2.6321632776721113,1.5910504896769797,1.6165274489755368,3.512508235965387e-05,5.3164802100099984e-05,"[[0.004637525811913051,0.0014491418417428717,0.0009815095433279757,0.0008638332885942411,0.0004401952966980065,0.00035643144073950044,0.00028984620742444667,0.00016388729616955629,0.00014113313731909137,0.00012803822133012022,9.583598924596441e-05,8.415969304799268e-05,5.985330347793136e-05,5.85168125532882e-05,4.251156946435864e-05,3.400822238751008e-05],[0.009606181617562244,0.0009855561274074644,0.0005445330515957892,0.0003114776765546391,0.00020319961264809606,0.00012021444562678296,8.770466506898338e-05,5.560019239704589e-05,3.3186920120570716e-05,4.356317806429895e-19]]","[[493.249523472008,259.3155638768555,219.34766548159106,182.69048460444037,149.34176873294834,139.8823110381165,127.45508590555716,103.67481985576804,92.21811308023099,88.9926945590207,86.9319001198511,71.8432407434568,66.43131197486345,59.87086843416599,55.71662000289082,54.91622546651539,50.69915502062711,45.19189543562701,43.158568733325545,41.46455473859853,36.18397278295872,35.34369828579487,35.184854101328504,33.62503052155534,30.947266350936772,30.3047789384516,29.695401568992565,26.75159141493728,26.73237492494285,25.60821476846905,25.48296926398514,24.493409845846493,23.860011949991172,23.667766599894254,23.029059718911363,21.715419462100876,20.847994104793695,20.22232520784444,19.567168405049486,19.454750056425002,18.347057286216053,17.656129275198484,16.80769747129716,16.521667337916252,15.634412589127907,14.938334213015617,14.358819432588886,13.71449839592815,13.035741762725436],[1.6333819291920026,0.08538688818598678,0.059205960036329566,0.046440731134238744,0.038127496456701916,0.030570793569637163,0.022736922052934493,0.017850129421160436,0.016463933616419183,0.014401685476865031,0.013204251043233183,0.008063462815019894,0.007652277265348862,0.006810631894491162,0.005245423745240869,0.005074759906122072]]","[[0.010000000000000002,0.010000000000000002,0.010000000000000002,0.010000000000000002,0.009999999999999998,0.009999999999999998,0.009999999999999998,0.009999999999999998,0.009999999999999998,0.009999999999999998,0.009999999999999997,0.009999999999999995,0.009999999999999995,0.009999999999999995,0.009999999999999995,0.009999999999999995],[0.010000000000000009,0.010000000000000005,0.010000000000000004,0.010000000000000004,0.010000000000000002,0.010000000000000002,0.010000000000000002,0.009999999999999998,0.009999999999999998,0.009999999999999998]]",13.0,12.999999999999986,1.0,0.9999999999999989,0.9999999999999989,0.0002177408198441752,0.3905978559143267,0.004270248804965925,0.050990195135927854,0.010000000000000009,0.1448382361618907,0.15584297492710114,0.5403903340920806,16,7,2
18,MNISTPatchClassifier,MNIST patch filters=16 kernel=7 stride=2 lr=1e-02,1.0,0.01,Adam,0,5,512,64,2.302524243613716,,0.8984375,full_patch_and_classifier_activation,1.5280136495972538,1.5879067827650584,0.9889159780315288,2.5921635817924445e-05,2.7499387887218112e-05,"[[0.003927513686264199,0.0004827571851417094,0.00033262814243315567,0.00027585135028264113,0.0001899233303102436,0.00014145570231392167,7.311531146661046e-05,5.509211085380852e-05,4.975903956004925e-05,3.5294063380443266e-05,2.4069963906057175e-05,1.6990152674379712e-05,1.3326460736975872e-05,8.527018898191471e-06,6.014757381806477e-06,2.41483416516519e-06],[0.032755952160291216,0.00031503640438951166,0.00025028275483294284,0.00015907806348994103,8.760376596881148e-05,7.307709551929442e-05,5.0889080024440233e-05,2.7116844373749664e-05,2.4033284512145182e-05,1.2228312221380756e-18]]","[[493.249523472008,259.3155638768555,219.34766548159106,182.69048460444037,149.34176873294834,139.8823110381165,127.45508590555716,103.67481985576804,92.21811308023099,88.9926945590207,86.9319001198511,71.8432407434568,66.43131197486345,59.87086843416599,55.71662000289082,54.91622546651539,50.69915502062711,45.19189543562701,43.158568733325545,41.46455473859853,36.18397278295872,35.34369828579487,35.184854101328504,33.62503052155534,30.947266350936772,30.3047789384516,29.695401568992565,26.75159141493728,26.73237492494285,25.60821476846905,25.48296926398514,24.493409845846493,23.860011949991172,23.667766599894254,23.029059718911363,21.715419462100876,20.847994104793695,20.22232520784444,19.567168405049486,19.454750056425002,18.347057286216053,17.656129275198484,16.80769747129716,16.521667337916252,15.634412589127907,14.938334213015617,14.358819432588886,13.71449839592815,13.035741762725436],[6.434293668276121,0.04502041633751389,0.02581440424356188,0.02424447049046597,0.021069537086094586,0.015370052900981337,0.012078789834475068,0.00965723922712874,0.007498793680248328,0.005644611739831398,0.004780000430952925,0.002144196043098596,0.0015135047010407352,0.0013295148141089553,0.0011081793964275708,0.0008313757469120104]]",,,,,,,,,,,,,,0.5967614590190351,16,7,2
19,MNISTPatchClassifier,MNIST patch filters=16 kernel=7 stride=2 lr=1e-02,1.0,0.01,Muon,0,5,512,64,2.302481694734746,,0.814453125,full_patch_and_classifier_activation,2.122307155819575,1.5910297402692217,1.3980494715427711,2.6078117599251805e-05,4.100925454800728e-05,"[[0.007199876183646236,0.0011926757456931852,0.0009948618831674928,0.0007125865194546348,0.0005208889798055947,0.0003174559944497659,0.0002610471812217539,0.00021919662716501193,0.00015545796276893805,0.00014626910742395008,0.00012068111431349477,9.265113176966791e-05,6.1803736199706e-05,5.4155502874392754e-05,5.0675319962214206e-05,3.566580301871354e-05],[0.009486937919775739,0.0010011304021477665,0.0004848290325668468,0.000364777632443299,0.00023767253951117147,0.00016517241204287359,0.00014274424554029745,8.865636400870809e-05,6.0695280123674366e-05,2.7155946701666763e-19]]","[[493.249523472008,259.3155638768555,219.34766548159106,182.69048460444037,149.34176873294834,139.8823110381165,127.45508590555716,103.67481985576804,92.21811308023099,88.9926945590207,86.9319001198511,71.8432407434568,66.43131197486345,59.87086843416599,55.71662000289082,54.91622546651539,50.69915502062711,45.19189543562701,43.158568733325545,41.46455473859853,36.18397278295872,35.34369828579487,35.184854101328504,33.62503052155534,30.947266350936772,30.3047789384516,29.695401568992565,26.75159141493728,26.73237492494285,25.60821476846905,25.48296926398514,24.493409845846493,23.860011949991172,23.667766599894254,23.029059718911363,21.715419462100876,20.847994104793695,20.22232520784444,19.567168405049486,19.454750056425002,18.347057286216053,17.656129275198484,16.80769747129716,16.521667337916252,15.634412589127907,14.938334213015617,14.358819432588886,13.71449839592815,13.035741762725436],[1.8730354409223322,0.09682111416117323,0.07091134777760995,0.05130209617644043,0.04380158553288792,0.034955997910935,0.0263019670938916,0.01980028691386346,0.017361523478015426,0.015129632136570976,0.0145629141934492,0.010150524087613601,0.008203249136435957,0.007367444403919099,0.006338930997055804,0.00351396424399132]]",,,,,,,,,,,,,,0.6495778751559556,16,7,2
20,MNISTPatchClassifier,MNIST patch filters=16 kernel=7 stride=2 lr=1e-02,1.0,0.01,Adam,1,0,512,64,2.3026027968024763,7.656192701377407e-05,0.916015625,full_patch_and_classifier_activation,3.5044324207194126,1.598716368998259,2.193629305062861,8.395991717318423e-06,1.8454090298748245e-05,"[[0.0014219484826711553,0.00041654113951407963,0.0002911407532671412,0.00021066575312515882,0.00020680891336165535,0.0001870383491152385,0.0001335756518112582,0.00011347534899942422,0.00010160764707376897,8.195628198930335e-05,6.551574687556138e-05,5.959863943963416e-05,5.523871207998323e-05,3.7069415334800244e-05,3.1049701158824097e-05,2.2962321794757028e-05],[0.0023103579090368565,0.0003973059270764556,0.00029161840399515964,0.00021678365958203343,9.674655203215501e-05,8.548907138417336e-05,6.806903766861579e-05,5.190108094901132e-05,2.1297810256379873e-05,1.2545437649415227e-19]]","[[486.28874669539056,259.27414960329753,213.03936384515686,184.23653009260758,145.06839137811886,136.90298852550637,129.07237700138333,103.17078888661877,89.65221735447119,88.90553091164806,86.5891683289304,71.28863050046226,65.68077277510008,61.69168310165961,53.970330507961606,53.302681667427414,50.78796275514989,45.00095488432484,43.021585534356205,42.339045430686994,35.99668744174552,35.466766946876426,33.97571937757405,33.727994930346064,31.154524976410887,30.35060916458369,29.260952928368337,27.047701107549777,26.29809746742937,25.425285709269765,24.80681480954793,24.356928793594285,24.12683638212423,23.55399454184446,22.34737686589061,21.723997328406305,20.87077286047728,20.188830626765483,20.055269065445508,19.35292196773006,18.432453955544425,17.740179845625764,17.047117710720165,16.869937783566197,15.79824680439517,15.043429935784632,14.580386897168548,13.70175004983193,12.861489379973637],[0.8204815989675588,0.055980400157744054,0.031007714081435,0.022701857667129725,0.01636532525025259,0.013571981487574563,0.012280715580581705,0.011433034998405448,0.009433937295766807,0.008376043757943624,0.007943180267636045,0.0071494989434923014,0.005259317446187696,0.00503406001667202,0.00490836349215511,0.004461677914337293]]","[[0.036782201531689755,0.015574193311327162,0.012144168621094015,0.010202806197031622,0.008453040709699,0.008400822203872824,0.007025231271568283,0.006583454293030058,0.0048866021709930004,0.004811201086963109,0.004239457932342117,0.003333625028303413,7.914370775041816e-06,1.931416791403782e-06,4.329914973348801e-07,2.117406358162108e-07],[0.016897480010389338,0.008017647884466544,0.0061957005915280845,0.005606527269176512,0.003457615698461437,0.0027583480052257954,0.0017055775662786906,1.3811393883605046e-06,1.23933795847078e-07,5.46424575129408e-08]]",5.727813529626943,1.5716794525368423,0.44250417664495406,0.1272620258751706,0.2865332051956444,8.793069810943309e-05,0.6053187092587918,0.001724462867322444,0.050990195135927854,0.036782201531689755,0.16849697591134935,0.1689510429891094,0.054300791118294,16,7,2
21,MNISTPatchClassifier,MNIST patch filters=16 kernel=7 stride=2 lr=1e-02,1.0,0.01,Muon,1,0,512,64,2.3026027968024763,6.131045107471422e-05,0.916015625,full_patch_and_classifier_activation,3.5044324207194126,1.598716368998259,2.193629305062861,8.395991717318423e-06,1.8454090298748245e-05,"[[0.0014219484826711553,0.00041654113951407963,0.0002911407532671412,0.00021066575312515882,0.00020680891336165535,0.0001870383491152385,0.0001335756518112582,0.00011347534899942422,0.00010160764707376897,8.195628198930335e-05,6.551574687556138e-05,5.959863943963416e-05,5.523871207998323e-05,3.7069415334800244e-05,3.1049701158824097e-05,2.2962321794757028e-05],[0.0023103579090368565,0.0003973059270764556,0.00029161840399515964,0.00021678365958203343,9.674655203215501e-05,8.548907138417336e-05,6.806903766861579e-05,5.190108094901132e-05,2.1297810256379873e-05,1.2545437649415227e-19]]","[[486.28874669539056,259.27414960329753,213.03936384515686,184.23653009260758,145.06839137811886,136.90298852550637,129.07237700138333,103.17078888661877,89.65221735447119,88.90553091164806,86.5891683289304,71.28863050046226,65.68077277510008,61.69168310165961,53.970330507961606,53.302681667427414,50.78796275514989,45.00095488432484,43.021585534356205,42.339045430686994,35.99668744174552,35.466766946876426,33.97571937757405,33.727994930346064,31.154524976410887,30.35060916458369,29.260952928368337,27.047701107549777,26.29809746742937,25.425285709269765,24.80681480954793,24.356928793594285,24.12683638212423,23.55399454184446,22.34737686589061,21.723997328406305,20.87077286047728,20.188830626765483,20.055269065445508,19.35292196773006,18.432453955544425,17.740179845625764,17.047117710720165,16.869937783566197,15.79824680439517,15.043429935784632,14.580386897168548,13.70175004983193,12.861489379973637],[0.8204815989675588,0.055980400157744054,0.031007714081435,0.022701857667129725,0.01636532525025259,0.013571981487574563,0.012280715580581705,0.011433034998405448,0.009433937295766807,0.008376043757943624,0.007943180267636045,0.0071494989434923014,0.005259317446187696,0.00503406001667202,0.00490836349215511,0.004461677914337293]]","[[0.010000000000000005,0.010000000000000004,0.010000000000000004,0.010000000000000004,0.010000000000000004,0.010000000000000004,0.010000000000000004,0.010000000000000004,0.010000000000000004,0.010000000000000002,0.010000000000000002,0.010000000000000002,0.01,0.01,0.01,0.009999999999999998],[0.010000000000000002,0.01,0.01,0.01,0.01,0.009999999999999998,0.009999999999999998,0.009999999999999997,0.009999999999999997,0.009999999999999997]]",13.0,12.999999999999993,1.0,0.9999999999999993,0.9999999999999994,6.975762309592584e-05,0.4802144789165186,0.0013680595437999099,0.050990195135927854,0.010000000000000005,0.16849697591134935,0.20000917937347007,0.10489233303815126,16,7,2
20,MNISTPatchClassifier,MNIST patch filters=16 kernel=7 stride=2 lr=1e-02,1.0,0.01,Adam,1,1,512,64,2.3025190331075884,0.00021989614038409044,0.88671875,full_patch_and_classifier_activation,2.07792239033483,1.5972696716966581,1.3320823478055708,3.282929903232884e-05,4.649296207931304e-05,"[[0.003115527218434809,0.0005242167840578757,0.00046730784962271824,0.0003466427955851983,0.0001594603561210792,0.00015516012169199825,0.00011608424560370906,8.959816030392553e-05,7.679844352404992e-05,7.219543630728262e-05,5.6902517355024284e-05,4.8214445130176e-05,4.037342164521842e-05,3.346737139764929e-05,2.0823139811409425e-05,1.008805854059586e-05],[0.006145847685321875,0.00041094059987709466,0.00025857700008396925,0.00021685985362460475,0.00012473458040385376,8.112415720033582e-05,6.595108288358162e-05,3.2110757647658244e-05,2.825389636574279e-05,3.144101660237406e-19]]","[[486.28874669539056,259.27414960329753,213.03936384515686,184.23653009260758,145.06839137811886,136.90298852550637,129.07237700138333,103.17078888661877,89.65221735447119,88.90553091164806,86.5891683289304,71.28863050046226,65.68077277510008,61.69168310165961,53.970330507961606,53.302681667427414,50.78796275514989,45.00095488432484,43.021585534356205,42.339045430686994,35.99668744174552,35.466766946876426,33.97571937757405,33.727994930346064,31.154524976410887,30.35060916458369,29.260952928368337,27.047701107549777,26.29809746742937,25.425285709269765,24.80681480954793,24.356928793594285,24.12683638212423,23.55399454184446,22.34737686589061,21.723997328406305,20.87077286047728,20.188830626765483,20.055269065445508,19.35292196773006,18.432453955544425,17.740179845625764,17.047117710720165,16.869937783566197,15.79824680439517,15.043429935784632,14.580386897168548,13.70175004983193,12.861489379973637],[1.0770412928902966,0.06251124427000827,0.030015740645399577,0.024961235448178905,0.020789158071725294,0.012035063693141175,0.01151149167500258,0.009222165283088663,0.008590955845045857,0.007380903379644882,0.006658941479817842,0.005828837395493006,0.005193049621502725,0.004615502157369753,0.002809907339334872,0.0013233987648580588]]","[[0.03784421762292867,0.014205160929428948,0.011625811383479658,0.00963212442066878,0.008011129641295321,0.007451742514151094,0.0058245458222482525,0.004367629868458347,0.004060234307636793,0.002909636195205589,0.0025871524296608548,0.001346202286055349,0.0009322664670334078,0.000808047714880413,0.0007659515256973622,0.0004757905177352073],[0.019306977621710457,0.008947212293326073,0.007381102576882689,0.004733810341438007,0.003535436631805495,0.0028475323148389373,0.002571213764301621,0.0016314162790379543,0.000726724717880314,0.00024686723611711453]]",5.482276671382049,1.4741992500834433,0.4329009078787017,0.12031436505183121,0.2736062252193779,0.00016496010766221678,0.4618618672487001,0.003216274848394381,0.051289182497748186,0.03784421762292867,0.16759473755821697,0.175734243941979,0.16102054109796882,16,7,2
21,MNISTPatchClassifier,MNIST patch filters=16 kernel=7 stride=2 lr=1e-02,1.0,0.01,Muon,1,1,512,64,2.3025368308656233,0.00012153311918305931,0.89453125,full_patch_and_classifier_activation,2.3219631020496942,1.5988282915898684,1.4818499221227983,3.147301152954964e-05,4.915884567611737e-05,"[[0.003076179599854331,0.0005768235983544867,0.0005178439558153685,0.00030389868248323457,0.0002620754048223081,0.0001867058932214357,0.0001411519631105185,0.00012205871750898727,0.00010242828017310453,9.48823420333369e-05,7.079366006689841e-05,5.8000180863070824e-05,4.592552159215688e-05,3.178881135418919e-05,1.9988694688804558e-05,1.837645489396995e-05],[0.004588357724550649,0.00042821434409420517,0.0002663707630480477,0.00020851737720686166,0.00012295488212431407,7.960455717279135e-05,4.915942221456828e-05,3.556554533050113e-05,2.468188626011323e-05,1.8545699562599033e-19]]","[[486.28874669539056,259.27414960329753,213.03936384515686,184.23653009260758,145.06839137811886,136.90298852550637,129.07237700138333,103.17078888661877,89.65221735447119,88.90553091164806,86.5891683289304,71.28863050046226,65.68077277510008,61.69168310165961,53.970330507961606,53.302681667427414,50.78796275514989,45.00095488432484,43.021585534356205,42.339045430686994,35.99668744174552,35.466766946876426,33.97571937757405,33.727994930346064,31.154524976410887,30.35060916458369,29.260952928368337,27.047701107549777,26.29809746742937,25.425285709269765,24.80681480954793,24.356928793594285,24.12683638212423,23.55399454184446,22.34737686589061,21.723997328406305,20.87077286047728,20.188830626765483,20.055269065445508,19.35292196773006,18.432453955544425,17.740179845625764,17.047117710720165,16.869937783566197,15.79824680439517,15.043429935784632,14.580386897168548,13.70175004983193,12.861489379973637],[0.8241384707117145,0.05580109890929764,0.02947635492781586,0.02613680310443726,0.019670452716294924,0.014294473132535342,0.013664551449633742,0.011037247036921027,0.00997112262054403,0.008603395629418694,0.0076629758474794085,0.006748085848643756,0.005688492879102948,0.004609451078956198,0.004271605770602783,0.0016017532256169904]]","[[0.010000000000000009,0.010000000000000009,0.010000000000000009,0.010000000000000007,0.010000000000000007,0.010000000000000007,0.010000000000000007,0.010000000000000007,0.010000000000000005,0.010000000000000005,0.010000000000000004,0.010000000000000004,0.010000000000000002,0.010000000000000002,0.010000000000000002,0.010000000000000002],[0.010000000000000002,0.010000000000000002,0.010000000000000002,0.01,0.01,0.01,0.009999999999999998,0.009999999999999997,0.009999999999999995,0.009999999999999995]]",13.0,12.999999999999991,1.0,0.9999999999999993,0.9999999999999993,0.00011432348262838251,0.3981988922160089,0.0022420679568615686,0.050990195135927875,0.010000000000000009,0.16759473755821688,0.19460659964974,0.21220833295956254,16,7,2
20,MNISTPatchClassifier,MNIST patch filters=16 kernel=7 stride=2 lr=1e-02,1.0,0.01,Adam,1,2,512,64,2.302463422771203,0.00027736489930285657,0.88671875,full_patch_and_classifier_activation,2.0385141898453574,1.5955207203799295,1.2785822051387252,3.031892636297988e-05,3.884137669819323e-05,"[[0.0033652124240764734,0.0007770983098526037,0.0004958298707481986,0.000309946581574269,0.00019732750490562706,0.0001678282092646139,0.000141923578370621,0.00011665688964926177,7.91730894355156e-05,6.380848665693705e-05,5.017121321918039e-05,4.3545074238587646e-05,3.0041595565741542e-05,2.687067642669371e-05,1.3003452110299684e-05,3.94244004331713e-06],[0.009073143573213982,0.0004022078596145273,0.00035372173192175555,0.00016561118313835368,0.00010802151694738826,8.289998155373064e-05,6.587878532046376e-05,3.482773094630403e-05,1.5048327465293026e-05,4.90971351357269e-19]]","[[486.28874669539056,259.27414960329753,213.03936384515686,184.23653009260758,145.06839137811886,136.90298852550637,129.07237700138333,103.17078888661877,89.65221735447119,88.90553091164806,86.5891683289304,71.28863050046226,65.68077277510008,61.69168310165961,53.970330507961606,53.302681667427414,50.78796275514989,45.00095488432484,43.021585534356205,42.339045430686994,35.99668744174552,35.466766946876426,33.97571937757405,33.727994930346064,31.154524976410887,30.35060916458369,29.260952928368337,27.047701107549777,26.29809746742937,25.425285709269765,24.80681480954793,24.356928793594285,24.12683638212423,23.55399454184446,22.34737686589061,21.723997328406305,20.87077286047728,20.188830626765483,20.055269065445508,19.35292196773006,18.432453955544425,17.740179845625764,17.047117710720165,16.869937783566197,15.79824680439517,15.043429935784632,14.580386897168548,13.70175004983193,12.861489379973637],[1.6511733458928146,0.05521296018308259,0.030839102775335112,0.025222852159118184,0.02218093747671455,0.01341129376787943,0.009918625725748292,0.008238205335825291,0.0079329827429528,0.007285084333731735,0.006797668675380088,0.006327917836329096,0.004041564035744892,0.003924971898619197,0.0032491176206055216,0.00046520256129329023]]","[[0.041304511769280856,0.012385253252869636,0.009851048668334108,0.007680430441785537,0.005700484805563209,0.005168233990037075,0.005007860796918337,0.0031113503205433737,0.0029269316322312147,0.0021423208822021395,0.0013720995864260096,0.0011668658373156545,0.0006653303694995372,0.0005637308328113275,0.00045915305999253325,0.00029251779069918875],[0.01942076360165267,0.006704749588898051,0.00504502189228761,0.0043871489820717265,0.004097579248127283,0.0022067514275731087,0.002159611985022007,0.0006356237557924917,0.0004967539869180824,0.00024803544002346495]]",4.428337403109701,1.2780313909349763,0.35503334825299504,0.1044279109551933,0.28996623653955683,0.0002043728569447083,0.40948356566432487,0.003992169519631675,0.05119343152631558,0.041304511769280856,0.16207089608363467,0.16466318717092163,0.2688065830152482,16,7,2
21,MNISTPatchClassifier,MNIST patch filters=16 kernel=7 stride=2 lr=1e-02,1.0,0.01,Muon,1,2,512,64,2.302463385625562,0.00015821888628364533,0.88671875,full_patch_and_classifier_activation,2.1942907976235277,1.5988790366183676,1.4483373901824976,3.0090147805508e-05,4.9772698544511356e-05,"[[0.00446901525945776,0.0007041033323768889,0.0005820353679350594,0.00043133620895808845,0.00038294388083921603,0.0002700216585307762,0.00021062724605867925,0.00014953238908893977,0.00010401381951236562,8.594898885397143e-05,6.528399079730716e-05,5.382178403978265e-05,4.126313743709865e-05,3.549209537198477e-05,1.9481981096455056e-05,7.862996497145094e-06],[0.00530189771758517,0.0005398073307510755,0.0004472379807590958,0.00024042418559712175,0.00013840901299473719,7.926919071175274e-05,7.460180706329331e-05,6.787793903693179e-05,3.0360042299203908e-05,2.5918468407573816e-19]]","[[486.28874669539056,259.27414960329753,213.03936384515686,184.23653009260758,145.06839137811886,136.90298852550637,129.07237700138333,103.17078888661877,89.65221735447119,88.90553091164806,86.5891683289304,71.28863050046226,65.68077277510008,61.69168310165961,53.970330507961606,53.302681667427414,50.78796275514989,45.00095488432484,43.021585534356205,42.339045430686994,35.99668744174552,35.466766946876426,33.97571937757405,33.727994930346064,31.154524976410887,30.35060916458369,29.260952928368337,27.047701107549777,26.29809746742937,25.425285709269765,24.80681480954793,24.356928793594285,24.12683638212423,23.55399454184446,22.34737686589061,21.723997328406305,20.87077286047728,20.188830626765483,20.055269065445508,19.35292196773006,18.432453955544425,17.740179845625764,17.047117710720165,16.869937783566197,15.79824680439517,15.043429935784632,14.580386897168548,13.70175004983193,12.861489379973637],[0.976558365036527,0.06287083502590743,0.04336342360157122,0.03065458335099791,0.024228870033591192,0.01606844685154842,0.014675712404314792,0.012017632112138818,0.011275510528819374,0.009593758215850122,0.0078718720029267,0.007069547440853851,0.006394529781682935,0.005563776304012636,0.004930115341948296,0.0007796355294488825]]","[[0.010000000000000009,0.010000000000000007,0.010000000000000005,0.010000000000000005,0.010000000000000004,0.010000000000000004,0.010000000000000002,0.010000000000000002,0.010000000000000002,0.010000000000000002,0.010000000000000002,0.010000000000000002,0.010000000000000002,0.010000000000000002,0.010000000000000002,0.010000000000000002],[0.010000000000000007,0.010000000000000005,0.010000000000000005,0.010000000000000004,0.010000000000000002,0.010000000000000002,0.010000000000000002,0.010000000000000002,0.01,0.009999999999999995]]",13.0,12.999999999999986,1.0,0.999999999999999,0.999999999999999,0.00014532669343649904,0.40304922833788726,0.0028500909449177872,0.050990195135927875,0.010000000000000009,0.16207089608363465,0.18564894898286738,0.32026937510818243,16,7,2
20,MNISTPatchClassifier,MNIST patch filters=16 kernel=7 stride=2 lr=1e-02,1.0,0.01,Adam,1,3,512,64,2.302155924129721,0.000564669723078115,0.88671875,full_patch_and_classifier_activation,1.4657623363027539,1.594808254289894,0.9844161004372776,3.779358588055422e-05,4.383234002262254e-05,"[[0.006922338780431278,0.0008443445070328457,0.0004850125635817354,0.000283552464392764,0.0001893797840617082,0.00014564187229312725,0.00011066787703152933,8.221865929297414e-05,6.539058029616623e-05,5.832933411355146e-05,4.3039160748374016e-05,2.817329448825699e-05,2.351740457656374e-05,2.0299560646791433e-05,1.4828775284189072e-05,2.0048634212951468e-06],[0.016249320201653494,0.0005852725268201223,0.00028426689689697214,0.00014728394248598856,0.00011113618849848483,6.371304015806384e-05,4.018646794050007e-05,2.589465388959756e-05,1.360908134584056e-05,1.3617786488180715e-18]]","[[486.28874669539056,259.27414960329753,213.03936384515686,184.23653009260758,145.06839137811886,136.90298852550637,129.07237700138333,103.17078888661877,89.65221735447119,88.90553091164806,86.5891683289304,71.28863050046226,65.68077277510008,61.69168310165961,53.970330507961606,53.302681667427414,50.78796275514989,45.00095488432484,43.021585534356205,42.339045430686994,35.99668744174552,35.466766946876426,33.97571937757405,33.727994930346064,31.154524976410887,30.35060916458369,29.260952928368337,27.047701107549777,26.29809746742937,25.425285709269765,24.80681480954793,24.356928793594285,24.12683638212423,23.55399454184446,22.34737686589061,21.723997328406305,20.87077286047728,20.188830626765483,20.055269065445508,19.35292196773006,18.432453955544425,17.740179845625764,17.047117710720165,16.869937783566197,15.79824680439517,15.043429935784632,14.580386897168548,13.70175004983193,12.861489379973637],[2.6455046935529656,0.05091233777595955,0.028260219583278574,0.019922504565193917,0.01762068180545556,0.014242173957041455,0.010851653759179323,0.009028849562205187,0.008559619759650755,0.007115790657873935,0.005723220614525744,0.005110340591871595,0.003703483123008474,0.002652471686087539,0.0018336238322983224,0.0001933016259276278]]","[[0.043456133347635754,0.011023806791464969,0.007554144961667027,0.0059793851988508675,0.004694045884988116,0.0034900282453174517,0.0030910267416014523,0.002939748688025168,0.0022074522087028076,0.0019569115938833444,0.0016299792302254205,0.0007607894178206176,0.0005662168933735606,0.0005336166870209978,0.00028319813192491394,0.00015869208369801222],[0.020120200837942862,0.006537219140311552,0.004943063952811783,0.00398250696905035,0.0031628281618232726,0.0023461205352622297,0.001650237502582892,0.000965307549616558,0.00037336151487871053,0.0002664116631306133]]",3.820410295984082,1.2004556845301315,0.3114755734755434,0.09852142572798492,0.3140866400060224,0.0004568704320079208,0.498861620297548,0.008833362592869288,0.05172100966134103,0.043456133347635754,0.15603665048918894,0.15828442093364736,0.3762048331554979,16,7,2
21,MNISTPatchClassifier,MNIST patch filters=16 kernel=7 stride=2 lr=1e-02,1.0,0.01,Muon,1,3,512,64,2.3025189366925374,0.00018381385767796132,0.88671875,full_patch_and_classifier_activation,2.3295012526789733,1.598188155927562,1.4894228175606614,3.767444809952439e-05,5.935773636511418e-05,"[[0.004827680965551139,0.0009864292336121884,0.0007118547769111889,0.0005457150888215727,0.00041423160053267533,0.0003065150804960281,0.0002479175626670736,0.00023250951953942612,0.00014019038884360816,0.00010326271208322312,8.074577641339167e-05,7.958590408384676e-05,6.381688963447497e-05,5.6721932557807006e-05,4.336952242056467e-05,1.2917256906860813e-05],[0.007456534370932942,0.0007650324665870456,0.00048562339151219026,0.0002989302542490123,0.0001796389437404111,0.00013532181056887218,7.42266446229124e-05,5.6552529813409036e-05,2.3968719184301225e-05,4.355103307476691e-19]]","[[486.28874669539056,259.27414960329753,213.03936384515686,184.23653009260758,145.06839137811886,136.90298852550637,129.07237700138333,103.17078888661877,89.65221735447119,88.90553091164806,86.5891683289304,71.28863050046226,65.68077277510008,61.69168310165961,53.970330507961606,53.302681667427414,50.78796275514989,45.00095488432484,43.021585534356205,42.339045430686994,35.99668744174552,35.466766946876426,33.97571937757405,33.727994930346064,31.154524976410887,30.35060916458369,29.260952928368337,27.047701107549777,26.29809746742937,25.425285709269765,24.80681480954793,24.356928793594285,24.12683638212423,23.55399454184446,22.34737686589061,21.723997328406305,20.87077286047728,20.188830626765483,20.055269065445508,19.35292196773006,18.432453955544425,17.740179845625764,17.047117710720165,16.869937783566197,15.79824680439517,15.043429935784632,14.580386897168548,13.70175004983193,12.861489379973637],[1.2253810429811083,0.06845725511512307,0.05774862267614905,0.03527335014300065,0.02620200000132793,0.01747292904907435,0.016389081935052587,0.012720067176615554,0.012218349966953408,0.010379776546510027,0.008543526046378617,0.007600680176515988,0.0058471012348624354,0.0053379190699048805,0.004484370638564971,0.0013457272118512673]]","[[0.010000000000000005,0.010000000000000004,0.010000000000000004,0.010000000000000004,0.010000000000000002,0.010000000000000002,0.010000000000000002,0.01,0.01,0.01,0.009999999999999998,0.009999999999999998,0.009999999999999998,0.009999999999999997,0.009999999999999997,0.009999999999999995],[0.01,0.01,0.01,0.009999999999999998,0.009999999999999998,0.009999999999999998,0.009999999999999997,0.009999999999999997,0.009999999999999997,0.009999999999999995]]",13.0,12.99999999999999,1.0,0.9999999999999991,0.9999999999999991,0.0001832929334228617,0.39675233740640853,0.003594670170103212,0.05099019513592784,0.010000000000000005,0.15603665048918897,0.17404277062234105,0.4278978749644011,16,7,2
20,MNISTPatchClassifier,MNIST patch filters=16 kernel=7 stride=2 lr=1e-02,1.0,0.01,Adam,1,4,512,64,2.301804883003332,0.0005318644594241029,0.88671875,full_patch_and_classifier_activation,1.4208659708825604,1.5946530686300533,0.9642704879421964,1.8009455538207213e-05,2.090574715554392e-05,"[[0.007316383467093586,0.0005721283786807236,0.0004588278558736827,0.0004041662406036316,0.00018723203674553924,0.00013205368307259892,0.00012190657805642489,9.084694193955868e-05,7.871810642049087e-05,5.711634729828902e-05,4.3292057178241307e-05,3.584087505948007e-05,2.4829407495056567e-05,1.9812036983483512e-05,1.030595173372322e-05,8.068409060849228e-07],[0.016151645232896774,0.0004556283111451549,0.0003224217062889986,0.0001822428346400979,9.131845210933637e-05,8.030962297903729e-05,7.420686458937484e-05,3.704869053012988e-05,2.261010006625177e-05,5.682506100777348e-19]]","[[486.28874669539056,259.27414960329753,213.03936384515686,184.23653009260758,145.06839137811886,136.90298852550637,129.07237700138333,103.17078888661877,89.65221735447119,88.90553091164806,86.5891683289304,71.28863050046226,65.68077277510008,61.69168310165961,53.970330507961606,53.302681667427414,50.78796275514989,45.00095488432484,43.021585534356205,42.339045430686994,35.99668744174552,35.466766946876426,33.97571937757405,33.727994930346064,31.154524976410887,30.35060916458369,29.260952928368337,27.047701107549777,26.29809746742937,25.425285709269765,24.80681480954793,24.356928793594285,24.12683638212423,23.55399454184446,22.34737686589061,21.723997328406305,20.87077286047728,20.188830626765483,20.055269065445508,19.35292196773006,18.432453955544425,17.740179845625764,17.047117710720165,16.869937783566197,15.79824680439517,15.043429935784632,14.580386897168548,13.70175004983193,12.861489379973637],[3.8086798380172295,0.05273150411113794,0.03241069648726328,0.02108260526023052,0.016257502274149547,0.014853016866771125,0.012293281135334747,0.010562755639910982,0.009832113194559742,0.008264392889795425,0.005704939023511356,0.004482118598052181,0.002615823326600235,0.0023586862358552806,0.0009773599598034127,8.625866248428237e-05]]","[[0.04552574533653027,0.010293313618794282,0.0067556160391436595,0.005143631706988635,0.0037696881122713326,0.003065485884239306,0.0028480272759162342,0.0018810850309430541,0.0017170555748269836,0.0015360310917654232,0.0007848532675486473,0.0006445537139714795,0.0003798110558133656,0.0003361843394429985,0.0001765851727601611,9.396080722190552e-05],[0.01962880008860236,0.005493054100639197,0.003950093966812958,0.0033649529024633988,0.0024643496183575243,0.001858439412510125,0.0015477193889324814,0.0009799815633440541,0.0005082396263176878,0.00033283259624662074]]",3.3410364343491077,1.1443563440228124,0.2750796332680578,0.09369590362907007,0.3429995820245713,0.0004535233605362048,0.4870063293593702,0.008651220260941542,0.05242305095198747,0.04552574533653027,0.14892799006216084,0.1469004352604408,0.48387295799329877,16,7,2
21,MNISTPatchClassifier,MNIST patch filters=16 kernel=7 stride=2 lr=1e-02,1.0,0.01,Muon,1,4,512,64,2.302382190575898,0.000167454631558428,0.88671875,full_patch_and_classifier_activation,2.3086618929632596,1.5993025462365105,1.571999541629936,1.66836717879146e-05,3.203951903391348e-05,"[[0.004936963169512678,0.0010504615602486705,0.000589231070253321,0.00033768426296783613,0.00029375300264398736,0.00023751559214711684,0.00021073344190560508,0.0001681699704228542,0.0001461774457946951,0.00010675477584358965,8.55533245460723e-05,6.679423110557906e-05,5.9373565461196085e-05,4.348638455118408e-05,3.4654251095384215e-05,1.0412565919944622e-05],[0.0049399445921299015,0.0008067660181419129,0.0004562232753434264,0.00035097898725554603,0.00016324899430337448,0.00013040747165242973,9.42817044775709e-05,4.559131337744681e-05,3.606598452682399e-05,3.3351875257593933e-19]]","[[486.28874669539056,259.27414960329753,213.03936384515686,184.23653009260758,145.06839137811886,136.90298852550637,129.07237700138333,103.17078888661877,89.65221735447119,88.90553091164806,86.5891683289304,71.28863050046226,65.68077277510008,61.69168310165961,53.970330507961606,53.302681667427414,50.78796275514989,45.00095488432484,43.021585534356205,42.339045430686994,35.99668744174552,35.466766946876426,33.97571937757405,33.727994930346064,31.154524976410887,30.35060916458369,29.260952928368337,27.047701107549777,26.29809746742937,25.425285709269765,24.80681480954793,24.356928793594285,24.12683638212423,23.55399454184446,22.34737686589061,21.723997328406305,20.87077286047728,20.188830626765483,20.055269065445508,19.35292196773006,18.432453955544425,17.740179845625764,17.047117710720165,16.869937783566197,15.79824680439517,15.043429935784632,14.580386897168548,13.70175004983193,12.861489379973637],[1.234878424790275,0.07821098923113774,0.06748836163926054,0.040636322253171375,0.028611858656385575,0.019906816226084974,0.01801703843372685,0.016539647694950737,0.013187927843230812,0.011952885360176359,0.010183784893221979,0.008391962165886774,0.007364992184284356,0.00582048186108246,0.003972087751942318,0.0012926805369544527]]","[[0.010000000000000007,0.010000000000000005,0.010000000000000004,0.010000000000000004,0.010000000000000002,0.01,0.01,0.01,0.01,0.01,0.009999999999999998,0.009999999999999998,0.009999999999999997,0.009999999999999997,0.009999999999999997,0.009999999999999995],[0.01,0.009999999999999998,0.009999999999999995,0.009999999999999995,0.009999999999999993,0.009999999999999992,0.009999999999999992,0.00999999999999999,0.00999999999999999,0.00999999999999999]]",13.0,12.999999999999982,1.0,0.9999999999999987,0.9999999999999987,0.00015401226955628146,0.42029064091385404,0.0030204291069238125,0.05099019513592784,0.010000000000000007,0.14892799006216093,0.16465781162663623,0.5346019580028951,16,7,2
20,MNISTPatchClassifier,MNIST patch filters=16 kernel=7 stride=2 lr=1e-02,1.0,0.01,Adam,1,5,512,64,2.301998977111878,,0.88671875,full_patch_and_classifier_activation,1.3529888465561002,1.5945564984105567,0.9084255163082882,3.4095851805885956e-05,3.6454344806140346e-05,"[[0.006502601593295258,0.000579509302813308,0.0004067125931325816,0.00018832353762646533,0.00016643957750065222,0.00014784081965098217,8.265752479546825e-05,8.119958457189418e-05,5.782246405263075e-05,5.1781381690254264e-05,4.096999780895354e-05,2.581822918726255e-05,2.2204065592347396e-05,1.4843803053077089e-05,8.492466866207404e-06,1.275732366003186e-06],[0.030017928740107926,0.00033897603176543496,0.00021020184993725196,0.0001704065367792357,0.00010749962890180049,9.484970168897801e-05,5.815738477195143e-05,3.218672086310474e-05,1.4892861161615112e-05,1.1887374398725658e-18]]","[[486.28874669539056,259.27414960329753,213.03936384515686,184.23653009260758,145.06839137811886,136.90298852550637,129.07237700138333,103.17078888661877,89.65221735447119,88.90553091164806,86.5891683289304,71.28863050046226,65.68077277510008,61.69168310165961,53.970330507961606,53.302681667427414,50.78796275514989,45.00095488432484,43.021585534356205,42.339045430686994,35.99668744174552,35.466766946876426,33.97571937757405,33.727994930346064,31.154524976410887,30.35060916458369,29.260952928368337,27.047701107549777,26.29809746742937,25.425285709269765,24.80681480954793,24.356928793594285,24.12683638212423,23.55399454184446,22.34737686589061,21.723997328406305,20.87077286047728,20.188830626765483,20.055269065445508,19.35292196773006,18.432453955544425,17.740179845625764,17.047117710720165,16.869937783566197,15.79824680439517,15.043429935784632,14.580386897168548,13.70175004983193,12.861489379973637],[5.141413178746567,0.040307844488519,0.03667425030271512,0.022188283723186743,0.01678940842573904,0.015455639108540944,0.011937040759087693,0.010258375200286402,0.009481551544906833,0.008960183691108322,0.00586279929113935,0.0047683971532834005,0.0026817996094123165,0.001894006478708425,0.0006425074637307668,4.411540349901428e-05]]",,,,,,,,,,,,,,0.5908740409649909,16,7,2
21,MNISTPatchClassifier,MNIST patch filters=16 kernel=7 stride=2 lr=1e-02,1.0,0.01,Muon,1,5,512,64,2.302396443437064,,0.88671875,full_patch_and_classifier_activation,2.500894220335368,1.5987778006409055,1.5935364838593964,3.444163064334278e-05,5.761615633082704e-05,"[[0.004372941549859374,0.0012409035837433482,0.0008794751496834329,0.00044337304992465176,0.0003498423802705422,0.000296883677533999,0.00020216410636114053,0.00017670238216970882,0.00013194211765634757,0.00012151696139207249,0.00010836613427420583,6.179111194080621e-05,5.1018535300502165e-05,4.834882930076108e-05,3.844462735387003e-05,9.628090992078897e-06],[0.00869940560263745,0.0012414507251315066,0.000549843332144734,0.0003519804459657123,0.00025256911051562564,0.0001530456663981114,9.80104187580354e-05,6.562553409498183e-05,4.1678562513444844e-05,4.123816987664325e-19]]","[[486.28874669539056,259.27414960329753,213.03936384515686,184.23653009260758,145.06839137811886,136.90298852550637,129.07237700138333,103.17078888661877,89.65221735447119,88.90553091164806,86.5891683289304,71.28863050046226,65.68077277510008,61.69168310165961,53.970330507961606,53.302681667427414,50.78796275514989,45.00095488432484,43.021585534356205,42.339045430686994,35.99668744174552,35.466766946876426,33.97571937757405,33.727994930346064,31.154524976410887,30.35060916458369,29.260952928368337,27.047701107549777,26.29809746742937,25.425285709269765,24.80681480954793,24.356928793594285,24.12683638212423,23.55399454184446,22.34737686589061,21.723997328406305,20.87077286047728,20.188830626765483,20.055269065445508,19.35292196773006,18.432453955544425,17.740179845625764,17.047117710720165,16.869937783566197,15.79824680439517,15.043429935784632,14.580386897168548,13.70175004983193,12.861489379973637],[1.502480220952137,0.08823906728663786,0.08070024013068974,0.046736952016868984,0.03176808006964992,0.020860885285421554,0.019125166636860407,0.018493267696657968,0.014849944584890102,0.013818071509792133,0.012320658150916004,0.009728515564515762,0.009018512286387304,0.005783253940106075,0.0054761084444262175,0.0015954206170336878]]",,,,,,,,,,,,,,0.6446200001519173,16,7,2
22,MNISTPatchClassifier,MNIST patch filters=16 kernel=7 stride=2 lr=1e-02,1.0,0.01,Adam,2,0,512,64,2.302510297999061,0.0002336055913341184,0.880859375,full_patch_and_classifier_activation,1.9947735213481583,1.615851717775611,1.2701607293760824,4.474728594499236e-05,6.107722958453674e-05,"[[0.004853073075765288,0.000778552570339309,0.0005095810865237928,0.0003930035982084965,0.00035123982559154076,0.00028415919150150907,0.0001994824460104525,0.00015327975309853317,0.00011444706885093884,9.998095140803973e-05,7.243963753127697e-05,7.004268652269526e-05,6.0820025730866985e-05,5.4144648957591646e-05,3.8216140322939156e-05,3.212128835488778e-05],[0.006150819775100115,0.0003238866938142251,0.00022031546819752538,0.00018381179514012093,0.00012048897781322124,0.00011434227335825022,5.187756270568972e-05,4.4987731697543675e-05,2.4864928390344457e-05,4.343141514006053e-19]]","[[479.594662436219,256.2215144027865,214.57435727124826,182.1663032390331,147.1893296343453,139.32190980415552,128.0218411116315,104.31123832451749,91.17786453710958,88.58518655848493,87.69991284327756,71.78805371027745,66.41160128245113,60.51282591096309,54.90768178358891,53.82225475142251,50.86693472784388,45.08141675428369,43.46826899255752,41.726722814615535,36.17073074328796,35.17317960660556,34.79596058552498,33.790513624078955,30.781643480452832,30.117300271737186,29.67695385430035,27.242008436032652,26.62890718005539,25.534446741788425,25.235141306248053,24.728303700811132,23.896161758947827,23.54567329675369,22.816119472767003,21.806789524729414,20.989100163480277,20.366356389380638,19.68484364550203,19.676701640225154,18.366151746700304,17.81151699716961,17.03713031607076,16.626487042601156,15.954986087638042,15.251645792906348,14.527868570052929,13.97291848408352,13.071916837660135],[0.9221681687229416,0.058875863044793954,0.031738816906813606,0.0281663553465141,0.02060785014637912,0.016628023881298866,0.013173592384513651,0.011146891426463718,0.010753445141090853,0.008668106917084008,0.008277714102948945,0.007552451951056457,0.006723085626635596,0.006457338605973632,0.006024254544653859,0.0053960069352560844]]","[[0.03885619295813703,0.014886272523899092,0.01223796818395751,0.010359291493003258,0.009280573135591138,0.006320002271513907,0.005145014819675644,0.0042596652184808395,1.877643800574568e-05,1.4037357094831164e-05,6.376124980649394e-06,4.759233945421498e-06,3.6520014980515594e-06,4.881011304618972e-07,6.71870149285451e-08,1.2714593951524251e-08],[0.01963807964970059,0.004864295272989065,0.0033180321387848814,0.0033148405435585605,0.002327613033493089,0.002023246664512043,9.103462221969883e-08,3.214019236499301e-08,2.4319292780170967e-08,4.7807030278086355e-09]]",3.8089882183543886,1.2865798163064452,0.29162368419770907,0.10184354045605239,0.3502489876810323,0.0002264625266349412,0.5598390839214709,0.004441295547727272,0.050990195135927854,0.03885619295813703,0.1653107254365936,0.1619555838415387,0.05514658289030194,16,7,2
23,MNISTPatchClassifier,MNIST patch filters=16 kernel=7 stride=2 lr=1e-02,1.0,0.01,Muon,2,0,512,64,2.302510297999061,0.00016393856688612374,0.880859375,full_patch_and_classifier_activation,1.9947735213481583,1.615851717775611,1.2701607293760824,4.474728594499236e-05,6.107722958453674e-05,"[[0.004853073075765288,0.000778552570339309,0.0005095810865237928,0.0003930035982084965,0.00035123982559154076,0.00028415919150150907,0.0001994824460104525,0.00015327975309853317,0.00011444706885093884,9.998095140803973e-05,7.243963753127697e-05,7.004268652269526e-05,6.0820025730866985e-05,5.4144648957591646e-05,3.8216140322939156e-05,3.212128835488778e-05],[0.006150819775100115,0.0003238866938142251,0.00022031546819752538,0.00018381179514012093,0.00012048897781322124,0.00011434227335825022,5.187756270568972e-05,4.4987731697543675e-05,2.4864928390344457e-05,4.343141514006053e-19]]","[[479.594662436219,256.2215144027865,214.57435727124826,182.1663032390331,147.1893296343453,139.32190980415552,128.0218411116315,104.31123832451749,91.17786453710958,88.58518655848493,87.69991284327756,71.78805371027745,66.41160128245113,60.51282591096309,54.90768178358891,53.82225475142251,50.86693472784388,45.08141675428369,43.46826899255752,41.726722814615535,36.17073074328796,35.17317960660556,34.79596058552498,33.790513624078955,30.781643480452832,30.117300271737186,29.67695385430035,27.242008436032652,26.62890718005539,25.534446741788425,25.235141306248053,24.728303700811132,23.896161758947827,23.54567329675369,22.816119472767003,21.806789524729414,20.989100163480277,20.366356389380638,19.68484364550203,19.676701640225154,18.366151746700304,17.81151699716961,17.03713031607076,16.626487042601156,15.954986087638042,15.251645792906348,14.527868570052929,13.97291848408352,13.071916837660135],[0.9221681687229416,0.058875863044793954,0.031738816906813606,0.0281663553465141,0.02060785014637912,0.016628023881298866,0.013173592384513651,0.011146891426463718,0.010753445141090853,0.008668106917084008,0.008277714102948945,0.007552451951056457,0.006723085626635596,0.006457338605973632,0.006024254544653859,0.0053960069352560844]]","[[0.010000000000000005,0.010000000000000004,0.010000000000000004,0.010000000000000004,0.010000000000000004,0.010000000000000002,0.010000000000000002,0.010000000000000002,0.01,0.01,0.01,0.009999999999999998,0.009999999999999998,0.009999999999999998,0.009999999999999997,0.009999999999999995],[0.010000000000000005,0.01,0.01,0.01,0.01,0.009999999999999998,0.009999999999999998,0.009999999999999997,0.009999999999999997,0.009999999999999995]]",13.000000000000002,12.999999999999986,1.0,0.9999999999999989,0.9999999999999988,0.00015299979200935194,0.378231509960886,0.0030005727885820113,0.050990195135927854,0.010000000000000005,0.1653107254365936,0.18995992570452858,0.1066350000910461,16,7,2
22,MNISTPatchClassifier,MNIST patch filters=16 kernel=7 stride=2 lr=1e-02,1.0,0.01,Adam,2,1,512,64,2.3023694881122396,0.0003210496725367662,0.888671875,full_patch_and_classifier_activation,1.833088257544595,1.6135198599689486,1.1878499094266743,3.9619587628614565e-05,5.2485102367055164e-05,"[[0.00521602384704218,0.0009520790051285524,0.0006224169540418449,0.0003744681712750613,0.0002245558207660404,0.00019308416119320846,0.0001430337851644411,0.00010841620924598058,8.703556235542912e-05,6.49161930881319e-05,5.8948986346379815e-05,4.695643290050384e-05,4.043248174164941e-05,2.8420439772544297e-05,2.4742501793960148e-05,1.6099908843886894e-05],[0.009064764048666364,0.000460758723713159,0.0003887312693982721,0.0001902714359563274,0.00014731738224648002,9.12952770977266e-05,7.34309598754096e-05,3.3427467252322924e-05,2.7973606656367006e-05,3.7696620049635027e-19]]","[[479.594662436219,256.2215144027865,214.57435727124826,182.1663032390331,147.1893296343453,139.32190980415552,128.0218411116315,104.31123832451749,91.17786453710958,88.58518655848493,87.69991284327756,71.78805371027745,66.41160128245113,60.51282591096309,54.90768178358891,53.82225475142251,50.86693472784388,45.08141675428369,43.46826899255752,41.726722814615535,36.17073074328796,35.17317960660556,34.79596058552498,33.790513624078955,30.781643480452832,30.117300271737186,29.67695385430035,27.242008436032652,26.62890718005539,25.534446741788425,25.235141306248053,24.728303700811132,23.896161758947827,23.54567329675369,22.816119472767003,21.806789524729414,20.989100163480277,20.366356389380638,19.68484364550203,19.676701640225154,18.366151746700304,17.81151699716961,17.03713031607076,16.626487042601156,15.954986087638042,15.251645792906348,14.527868570052929,13.97291848408352,13.071916837660135],[1.443955626248587,0.056452670449902466,0.03930989878351853,0.03028902841830914,0.018704679196527643,0.016097993935919312,0.01221253922640675,0.010093767326356745,0.008435276027354534,0.007132814976966192,0.006352976166229647,0.006066141771866819,0.005393042700690418,0.005277399369536065,0.0038382230329331766,0.0027899542152082985]]","[[0.04248103513931753,0.013380551622718466,0.010806924075107296,0.008382573839827025,0.005910204692337361,0.0024477181385332836,0.002267022895193878,0.001603788738572128,0.0011976588368228297,0.0009681879362061237,0.000912735152913435,0.0006711753934907024,0.0005797380550432937,0.00039420236568442807,0.0002807789294026822,8.725556252142383e-05],[0.01904113889932437,0.005732779733786146,0.0037249688036429633,0.0034810590275737513,0.0020754676429040773,0.0016812803537298191,0.0008174486582913502,0.0006377354757945134,0.00043078121141516037,0.0001366868122514097]]",3.5771238585513245,1.2088509674639576,0.2857640380525533,0.09778211619045818,0.33925951991476466,0.000256394917641901,0.47161176504246266,0.004977427779303493,0.05151152945061498,0.04248103513931753,0.16413867577135025,0.16138434127643683,0.16452620807103813,16,7,2
23,MNISTPatchClassifier,MNIST patch filters=16 kernel=7 stride=2 lr=1e-02,1.0,0.01,Muon,2,1,512,64,2.3024094676910436,0.00018918763100250757,0.888671875,full_patch_and_classifier_activation,2.098842090134617,1.6148645403773076,1.3324087156368971,3.8805069113271704e-05,5.507013344418954e-05,"[[0.004879620842437794,0.0010587715751035666,0.0007103166274376425,0.0005220335148967431,0.0002460806385433572,0.0002215123327285888,0.00019313835117530843,0.00014109203700029508,0.00011629900586381889,8.795645861485254e-05,8.299815735169204e-05,5.04091873935791e-05,4.726216607657117e-05,4.4833015681929336e-05,4.198080960086435e-05,2.8109772817283534e-05],[0.007137756695879057,0.0004656641370788681,0.00036581230099684315,0.00024248884287688958,0.00014269370896976828,9.670252421506617e-05,5.227452322239892e-05,3.3469724148730523e-05,2.8511505482954785e-05,1.4312667896353953e-19]]","[[479.594662436219,256.2215144027865,214.57435727124826,182.1663032390331,147.1893296343453,139.32190980415552,128.0218411116315,104.31123832451749,91.17786453710958,88.58518655848493,87.69991284327756,71.78805371027745,66.41160128245113,60.51282591096309,54.90768178358891,53.82225475142251,50.86693472784388,45.08141675428369,43.46826899255752,41.726722814615535,36.17073074328796,35.17317960660556,34.79596058552498,33.790513624078955,30.781643480452832,30.117300271737186,29.67695385430035,27.242008436032652,26.62890718005539,25.534446741788425,25.235141306248053,24.728303700811132,23.896161758947827,23.54567329675369,22.816119472767003,21.806789524729414,20.989100163480277,20.366356389380638,19.68484364550203,19.676701640225154,18.366151746700304,17.81151699716961,17.03713031607076,16.626487042601156,15.954986087638042,15.251645792906348,14.527868570052929,13.97291848408352,13.071916837660135],[1.1508048254568017,0.06468491308513438,0.038680158082574266,0.02903250105164458,0.019239586341048703,0.015463424211285133,0.014160968834742795,0.010892915741077236,0.010310187866992398,0.009103958019633025,0.00786121475715633,0.006758824246954293,0.006332741735128261,0.0059424480318172246,0.005454247948949389,0.004466894073057708]]","[[0.010000000000000002,0.010000000000000002,0.010000000000000002,0.010000000000000002,0.010000000000000002,0.009999999999999998,0.009999999999999998,0.009999999999999998,0.009999999999999998,0.009999999999999998,0.009999999999999998,0.009999999999999998,0.009999999999999998,0.009999999999999997,0.009999999999999997,0.009999999999999993],[0.010000000000000005,0.010000000000000005,0.010000000000000004,0.010000000000000004,0.010000000000000002,0.01,0.01,0.009999999999999998,0.009999999999999998,0.009999999999999998]]",12.999999999999998,12.999999999999991,0.9999999999999999,0.9999999999999993,0.9999999999999993,0.0001703778845559446,0.3800354987972235,0.0033413852232131547,0.05099019513592785,0.010000000000000005,0.16413867577135022,0.18583427262245583,0.2178479579742998,16,7,2
22,MNISTPatchClassifier,MNIST patch filters=16 kernel=7 stride=2 lr=1e-02,1.0,0.01,Adam,2,2,512,64,2.302402964237323,0.00036201088318765784,0.888671875,full_patch_and_classifier_activation,1.6548291484557203,1.6124737892500054,1.0709096988815934,3.842203307442122e-05,4.567086090089916e-05,"[[0.00638766227829929,0.0009820732055084748,0.0006618760586392082,0.0004575147359190752,0.00020142902493660696,0.00016086713523382515,0.00012736534036313101,0.00010689090236564086,9.136820907433847e-05,9.023386373063275e-05,7.112656909336352e-05,5.520951967638567e-05,4.213612111802298e-05,2.9104006236835007e-05,1.7308044221960404e-05,1.3071724066757178e-05],[0.0143261718444878,0.000599513841005979,0.0002853308525336469,0.0001774299764667725,9.576034503146254e-05,6.513312460706669e-05,4.8238094507017387e-05,3.20124810356187e-05,1.7351533281056718e-05,8.625471666441925e-19]]","[[479.594662436219,256.2215144027865,214.57435727124826,182.1663032390331,147.1893296343453,139.32190980415552,128.0218411116315,104.31123832451749,91.17786453710958,88.58518655848493,87.69991284327756,71.78805371027745,66.41160128245113,60.51282591096309,54.90768178358891,53.82225475142251,50.86693472784388,45.08141675428369,43.46826899255752,41.726722814615535,36.17073074328796,35.17317960660556,34.79596058552498,33.790513624078955,30.781643480452832,30.117300271737186,29.67695385430035,27.242008436032652,26.62890718005539,25.534446741788425,25.235141306248053,24.728303700811132,23.896161758947827,23.54567329675369,22.816119472767003,21.806789524729414,20.989100163480277,20.366356389380638,19.68484364550203,19.676701640225154,18.366151746700304,17.81151699716961,17.03713031607076,16.626487042601156,15.954986087638042,15.251645792906348,14.527868570052929,13.97291848408352,13.071916837660135],[2.3139724569374747,0.05066499255297903,0.04037224645998965,0.029144136645008607,0.0224849487668208,0.015794223725418513,0.012939888989625612,0.010197091869961561,0.006677734144445568,0.006261261969789601,0.0049860719075253265,0.0044230247369832,0.003480937076223674,0.0029798048500603905,0.0024370179893534473,0.0016419970724331457]]","[[0.04290342758914599,0.016452130949640233,0.010984223147512979,0.00500784297130441,0.0034203258672860066,0.0023544304431607132,0.0019317925854654828,0.0015862384393509005,0.001196902403981764,0.001162209671139206,0.0008691170729228631,0.0007847052737272951,0.0005325059473801203,0.0003787383388403654,0.0002550077490888783,0.0001994402995245148],[0.019481564469093982,0.004791649777202839,0.004599542056301619,0.0029862655520017487,0.00204340873255971,0.0016471535040727557,0.001136571173141892,0.00047796095965811316,0.0003974882638243764,0.00016945011216142552]]",3.386466923900693,1.2019546955864895,0.27216076509444276,0.09691683103322188,0.3551659876645862,0.0002999104823691763,0.36453228490850376,0.005743720224076194,0.052215370991091956,0.04290342758914599,0.15964135201884794,0.15754295343654995,0.27365824999287724,16,7,2
23,MNISTPatchClassifier,MNIST patch filters=16 kernel=7 stride=2 lr=1e-02,1.0,0.01,Muon,2,2,512,64,2.302459452327796,0.00023300723663943756,0.888671875,full_patch_and_classifier_activation,2.0919099098648117,1.614454710801642,1.3108441453938653,3.874978231830806e-05,5.234587993381589e-05,"[[0.006827269596710331,0.001444743294345755,0.0008756636472530715,0.0007718116532321522,0.0005779632524623851,0.00028552415012812754,0.0002613684223331731,0.00018822407328462028,0.00015645931787888127,0.00014456412638262428,0.0001039742955734215,8.937556976359425e-05,8.138100352247861e-05,6.70450328834526e-05,5.486798654129206e-05,3.501019165863521e-05],[0.008813863971862816,0.0006160576873977237,0.0003230368723081623,0.0001809963928476795,0.00015154043250358425,0.00011439688154317531,4.4522807739542494e-05,4.0713284509259476e-05,2.1913760651042904e-05,5.367934824262855e-19]]","[[479.594662436219,256.2215144027865,214.57435727124826,182.1663032390331,147.1893296343453,139.32190980415552,128.0218411116315,104.31123832451749,91.17786453710958,88.58518655848493,87.69991284327756,71.78805371027745,66.41160128245113,60.51282591096309,54.90768178358891,53.82225475142251,50.86693472784388,45.08141675428369,43.46826899255752,41.726722814615535,36.17073074328796,35.17317960660556,34.79596058552498,33.790513624078955,30.781643480452832,30.117300271737186,29.67695385430035,27.242008436032652,26.62890718005539,25.534446741788425,25.235141306248053,24.728303700811132,23.896161758947827,23.54567329675369,22.816119472767003,21.806789524729414,20.989100163480277,20.366356389380638,19.68484364550203,19.676701640225154,18.366151746700304,17.81151699716961,17.03713031607076,16.626487042601156,15.954986087638042,15.251645792906348,14.527868570052929,13.97291848408352,13.071916837660135],[1.4209664423011743,0.06905066756261416,0.04948434576305753,0.03721894411675798,0.02215251851193081,0.01911177965185625,0.0144176290152415,0.013074366821531435,0.01265782586234912,0.009847630326171556,0.008648485259178381,0.00804585756785267,0.006276723662867492,0.005733127505282978,0.005580390933973049,0.0034879884746837047]]","[[0.010000000000000005,0.010000000000000004,0.010000000000000002,0.010000000000000002,0.010000000000000002,0.010000000000000002,0.010000000000000002,0.01,0.01,0.01,0.01,0.009999999999999998,0.009999999999999998,0.009999999999999998,0.009999999999999997,0.009999999999999995],[0.010000000000000005,0.010000000000000005,0.010000000000000004,0.010000000000000004,0.010000000000000004,0.01,0.01,0.01,0.009999999999999998,0.009999999999999998]]",13.0,12.99999999999999,1.0,0.9999999999999991,0.9999999999999992,0.0002227228770531698,0.3847243184780543,0.0043679549854524595,0.05099019513592785,0.010000000000000005,0.15964135201884794,0.17632672968206822,0.3271711668930948,16,7,2
22,MNISTPatchClassifier,MNIST patch filters=16 kernel=7 stride=2 lr=1e-02,1.0,0.01,Adam,2,3,512,64,2.3019843899146903,0.0004815578560273259,0.888671875,full_patch_and_classifier_activation,1.5429461680904524,1.612315929013418,1.008270244484175,4.500648139353825e-05,5.1465988279683895e-05,"[[0.006533146573407437,0.0009866376855274736,0.0005248036986167258,0.00030139551075107016,0.00024407005342882897,0.00016135801752196384,0.00013252228319445808,9.053914162117263e-05,7.129344348826266e-05,5.496689013327888e-05,4.617062924382295e-05,3.643106476592975e-05,3.283441991292049e-05,2.323839329617126e-05,1.4950672233785063e-05,3.3901316215878178e-06],[0.021957215735450526,0.0005858293783508984,0.0003300761730845665,0.000323726674730831,0.0001345104202116478,7.708592083848387e-05,4.399054545178854e-05,3.577994990382768e-05,1.6080548315774023e-05,5.92392692145506e-19]]","[[479.594662436219,256.2215144027865,214.57435727124826,182.1663032390331,147.1893296343453,139.32190980415552,128.0218411116315,104.31123832451749,91.17786453710958,88.58518655848493,87.69991284327756,71.78805371027745,66.41160128245113,60.51282591096309,54.90768178358891,53.82225475142251,50.86693472784388,45.08141675428369,43.46826899255752,41.726722814615535,36.17073074328796,35.17317960660556,34.79596058552498,33.790513624078955,30.781643480452832,30.117300271737186,29.67695385430035,27.242008436032652,26.62890718005539,25.534446741788425,25.235141306248053,24.728303700811132,23.896161758947827,23.54567329675369,22.816119472767003,21.806789524729414,20.989100163480277,20.366356389380638,19.68484364550203,19.676701640225154,18.366151746700304,17.81151699716961,17.03713031607076,16.626487042601156,15.954986087638042,15.251645792906348,14.527868570052929,13.97291848408352,13.071916837660135],[3.274942989652996,0.0625354416175232,0.054012410067287804,0.03035752602408268,0.024437663391592812,0.017251520453795917,0.013763538172319153,0.011751622812303693,0.007377152214439619,0.005138058682984365,0.0043535293081693625,0.003042817595121819,0.002620410287702189,0.001782618384960026,0.0013902593084184468,0.0009625509516420189]]","[[0.04424141776097146,0.016234605751601027,0.011513232478002313,0.004502681535139567,0.0032791262440186346,0.0029199780560907494,0.0019093074648284397,0.0014621577000478953,0.0009696958838632902,0.0008953818730840322,0.0005985833702356852,0.0005166305951026516,0.0004104321542854424,0.0003452645398333482,0.00027904362656628326,0.00017746844012721122],[0.018173309047152055,0.004777533445799115,0.003794362185968802,0.002543872148513192,0.0017412150708169276,0.0011079146916067029,0.0009385333799224702,0.00044814634507609987,0.0003399968227847916,0.0001280712170966756]]",3.2186862256649666,1.1879106237233603,0.2582685584353713,0.09578567599212956,0.36948507558375376,0.0004064225523730619,0.3357663149838915,0.007706917859263282,0.05273477151239712,0.04424141776097146,0.1521016571345798,0.14551316965110941,0.3829205830115825,16,7,2
23,MNISTPatchClassifier,MNIST patch filters=16 kernel=7 stride=2 lr=1e-02,1.0,0.01,Muon,2,3,512,64,2.3023590197003703,0.00023857219201195434,0.888671875,full_patch_and_classifier_activation,2.233609268179579,1.614819953077725,1.376549830593754,4.670686676751821e-05,6.347142197382885e-05,"[[0.005576130942338902,0.0013334669383118388,0.0007832813585756452,0.0006086581254955824,0.00040974178351464437,0.0003391737140799261,0.0002811985313194474,0.00021462094346021723,0.00019942536275761134,0.00013157797041845435,0.00012708948129261293,9.590260987909795e-05,7.461693408660031e-05,6.797469642106106e-05,4.440093149723185e-05,3.382134988618874e-05],[0.010401227456056815,0.0006793017221210426,0.0004251323167326872,0.00028084732732641194,0.0001464126192125155,9.463843840012233e-05,7.484603069314981e-05,6.606119015943014e-05,3.481318391085397e-05,3.112591700919137e-19]]","[[479.594662436219,256.2215144027865,214.57435727124826,182.1663032390331,147.1893296343453,139.32190980415552,128.0218411116315,104.31123832451749,91.17786453710958,88.58518655848493,87.69991284327756,71.78805371027745,66.41160128245113,60.51282591096309,54.90768178358891,53.82225475142251,50.86693472784388,45.08141675428369,43.46826899255752,41.726722814615535,36.17073074328796,35.17317960660556,34.79596058552498,33.790513624078955,30.781643480452832,30.117300271737186,29.67695385430035,27.242008436032652,26.62890718005539,25.534446741788425,25.235141306248053,24.728303700811132,23.896161758947827,23.54567329675369,22.816119472767003,21.806789524729414,20.989100163480277,20.366356389380638,19.68484364550203,19.676701640225154,18.366151746700304,17.81151699716961,17.03713031607076,16.626487042601156,15.954986087638042,15.251645792906348,14.527868570052929,13.97291848408352,13.071916837660135],[1.5272857212969204,0.08153439445313043,0.053777578576731905,0.042895959101332225,0.02609664237951525,0.020832782634752717,0.01709378356542001,0.014607188401335191,0.01308994417163575,0.010535758430157248,0.010372980350699479,0.009011361663184265,0.008241426966028127,0.007202651861140372,0.006641654903073454,0.004895334503652318]]","[[0.010000000000000009,0.010000000000000005,0.010000000000000004,0.010000000000000004,0.010000000000000002,0.010000000000000002,0.010000000000000002,0.010000000000000002,0.010000000000000002,0.010000000000000002,0.010000000000000002,0.010000000000000002,0.010000000000000002,0.010000000000000002,0.010000000000000002,0.009999999999999997],[0.010000000000000005,0.010000000000000004,0.010000000000000002,0.010000000000000002,0.01,0.009999999999999997,0.009999999999999995,0.009999999999999995,0.009999999999999995,0.009999999999999995]]",13.0,12.999999999999982,1.0,0.9999999999999987,0.9999999999999987,0.00022524361957948098,0.3690044655244493,0.004417390813646321,0.05099019513592785,0.010000000000000009,0.15210165713457982,0.1654643964325497,0.4351445829961449,16,7,2
22,MNISTPatchClassifier,MNIST patch filters=16 kernel=7 stride=2 lr=1e-02,1.0,0.01,Adam,2,4,512,64,2.3016354017096514,0.0007092154290666564,0.888671875,full_patch_and_classifier_activation,1.4916891021219656,1.6122083374334495,0.9871614760213394,3.258454617048051e-05,3.7484558097596067e-05,"[[0.007049071364969594,0.0010865206825517,0.0005248409066789636,0.0003325346302067753,0.0001924862981697853,0.00013396237935448007,9.22014463242316e-05,8.20683641244265e-05,4.64268396199894e-05,3.8814297935956056e-05,3.5412636358999084e-05,2.9985087306249315e-05,2.5489737454475466e-05,1.3749635093935919e-05,8.888896293148426e-06,5.786235558050097e-06],[0.025421301167337235,0.0006748930400484465,0.0005214170597540701,0.00030440728593155336,0.00022022574413144125,6.479145772371003e-05,3.790748515815961e-05,2.9303724489305564e-05,1.866290456108233e-05,1.3582261982853364e-18]]","[[479.594662436219,256.2215144027865,214.57435727124826,182.1663032390331,147.1893296343453,139.32190980415552,128.0218411116315,104.31123832451749,91.17786453710958,88.58518655848493,87.69991284327756,71.78805371027745,66.41160128245113,60.51282591096309,54.90768178358891,53.82225475142251,50.86693472784388,45.08141675428369,43.46826899255752,41.726722814615535,36.17073074328796,35.17317960660556,34.79596058552498,33.790513624078955,30.781643480452832,30.117300271737186,29.67695385430035,27.242008436032652,26.62890718005539,25.534446741788425,25.235141306248053,24.728303700811132,23.896161758947827,23.54567329675369,22.816119472767003,21.806789524729414,20.989100163480277,20.366356389380638,19.68484364550203,19.676701640225154,18.366151746700304,17.81151699716961,17.03713031607076,16.626487042601156,15.954986087638042,15.251645792906348,14.527868570052929,13.97291848408352,13.071916837660135],[4.456432782730756,0.07516242456416597,0.0637306737999684,0.03705123450255275,0.024804338988156052,0.01931707512959897,0.014408390408987124,0.012393899313927852,0.009167622074387975,0.004661590281840893,0.0038105162511283047,0.002276666439462862,0.00215002512204654,0.0010512611558654785,0.0007271675533001217,0.0006292173741418528]]","[[0.04742052755524217,0.015834944905849604,0.010309797799326417,0.003692735426308208,0.003007207679312687,0.0024783757771535708,0.0019313093653669914,0.000915311346009277,0.0008492428656360172,0.0007823752179711817,0.0006183336153704114,0.0004680909924886271,0.0003742764550879152,0.0002896203243072004,0.00020052279884551013,0.00010382361211225757],[0.01832891574187095,0.0063727436246378225,0.004176105696417962,0.0023705318139042027,0.0019882588386863644,0.0009871610277406482,0.0009266110251345865,0.0006065927324529746,0.000340963860674493,0.00016327454382969472]]",3.1283869031288147,1.1914380410016154,0.2562602855168686,0.09711994837860008,0.38113543817775125,0.0006049330677617757,0.41465278300296166,0.01095853554819781,0.0552019989442166,0.04742052755524217,0.14829394982576097,0.14203318997647502,0.49141545803286135,16,7,2
23,MNISTPatchClassifier,MNIST patch filters=16 kernel=7 stride=2 lr=1e-02,1.0,0.01,Muon,2,4,512,64,2.302163788869175,0.00024924531892089874,0.888671875,full_patch_and_classifier_activation,1.8917911593026746,1.6144474718898418,1.2374181513527396,3.34148020617305e-05,4.715839093044628e-05,"[[0.007008223616262638,0.0010214418409962972,0.0008121845671500694,0.0005279620358242199,0.00038364932104698155,0.0002657809769823624,0.000199239918685222,0.0001481159377438264,0.00012081144808092911,0.00011541544762670471,0.00010304141653301131,9.171668082144362e-05,8.1747867752081e-05,6.689843900762826e-05,4.4202281679040784e-05,3.926264143257559e-05],[0.010070732942608018,0.0005848149608297484,0.0004990541469342885,0.0003601289504756712,0.00022199752126772314,0.00011001398122263834,8.552550153971225e-05,6.470843173023364e-05,4.4377211260530546e-05,5.552044542344917e-19]]","[[479.594662436219,256.2215144027865,214.57435727124826,182.1663032390331,147.1893296343453,139.32190980415552,128.0218411116315,104.31123832451749,91.17786453710958,88.58518655848493,87.69991284327756,71.78805371027745,66.41160128245113,60.51282591096309,54.90768178358891,53.82225475142251,50.86693472784388,45.08141675428369,43.46826899255752,41.726722814615535,36.17073074328796,35.17317960660556,34.79596058552498,33.790513624078955,30.781643480452832,30.117300271737186,29.67695385430035,27.242008436032652,26.62890718005539,25.534446741788425,25.235141306248053,24.728303700811132,23.896161758947827,23.54567329675369,22.816119472767003,21.806789524729414,20.989100163480277,20.366356389380638,19.68484364550203,19.676701640225154,18.366151746700304,17.81151699716961,17.03713031607076,16.626487042601156,15.954986087638042,15.251645792906348,14.527868570052929,13.97291848408352,13.071916837660135],[1.7490003996967718,0.0868797241004546,0.06172183723418226,0.04329658476383759,0.027330712255886562,0.022497342325146184,0.016187323350735354,0.01567162801393433,0.01328418118029433,0.011451425756850098,0.009579154306811843,0.009540441107185955,0.008019101882653229,0.006115268021132681,0.005716526997273632,0.004091860912682417]]","[[0.010000000000000002,0.01,0.01,0.01,0.009999999999999998,0.009999999999999998,0.009999999999999998,0.009999999999999998,0.009999999999999997,0.009999999999999997,0.009999999999999997,0.009999999999999997,0.009999999999999997,0.009999999999999995,0.009999999999999992,0.009999999999999992],[0.010000000000000002,0.010000000000000002,0.010000000000000002,0.010000000000000002,0.01,0.01,0.01,0.009999999999999998,0.009999999999999995,0.009999999999999995]]",13.0,12.99999999999999,1.0,0.9999999999999993,0.9999999999999992,0.00023071048085493586,0.36501419454910233,0.004524604784114203,0.05099019513592784,0.010000000000000002,0.14829394982576097,0.15697952798965994,0.5428126249462366,16,7,2
22,MNISTPatchClassifier,MNIST patch filters=16 kernel=7 stride=2 lr=1e-02,1.0,0.01,Adam,2,5,512,64,2.302324387744413,,0.888671875,full_patch_and_classifier_activation,2.537312121223356,1.6121276867357135,1.4661296491338867,1.9306533845931638e-05,2.2822409437448273e-05,"[[0.0017620459761384002,0.000875784593191945,0.0005500565062943391,0.00029587952669374307,0.0001933047524719148,0.00015055349500648352,8.069882093097885e-05,6.332366028048353e-05,4.200804614877628e-05,3.295157623099153e-05,1.8864119096211636e-05,1.3997877825559978e-05,1.2960527109518237e-05,8.288852802215133e-06,3.889929411077081e-06,3.4390605362487526e-06],[0.025450199169022258,0.0009388627929221743,0.0004997760991021705,0.0004047543686854254,0.00020042003697102987,0.00012278754038971205,4.163029471172691e-05,3.147870821921319e-05,1.6180843978837474e-05,1.111614214397839e-18]]","[[479.594662436219,256.2215144027865,214.57435727124826,182.1663032390331,147.1893296343453,139.32190980415552,128.0218411116315,104.31123832451749,91.17786453710958,88.58518655848493,87.69991284327756,71.78805371027745,66.41160128245113,60.51282591096309,54.90768178358891,53.82225475142251,50.86693472784388,45.08141675428369,43.46826899255752,41.726722814615535,36.17073074328796,35.17317960660556,34.79596058552498,33.790513624078955,30.781643480452832,30.117300271737186,29.67695385430035,27.242008436032652,26.62890718005539,25.534446741788425,25.235141306248053,24.728303700811132,23.896161758947827,23.54567329675369,22.816119472767003,21.806789524729414,20.989100163480277,20.366356389380638,19.68484364550203,19.676701640225154,18.366151746700304,17.81151699716961,17.03713031607076,16.626487042601156,15.954986087638042,15.251645792906348,14.527868570052929,13.97291848408352,13.071916837660135],[5.7981902950356305,0.08460456194277352,0.06898930621049572,0.04789658480559756,0.025247461534239606,0.02225802046564653,0.014781547753529552,0.013247841311864857,0.008554871101401906,0.004346885228038839,0.003086263946699276,0.001974244201984796,0.0018924962692507441,0.0006608219019020343,0.0005556302399956877,0.0003670698388236943]]",,,,,,,,,,,,,,0.6001683329232037,16,7,2
23,MNISTPatchClassifier,MNIST patch filters=16 kernel=7 stride=2 lr=1e-02,1.0,0.01,Muon,2,5,512,64,2.3023673879884914,,0.888671875,full_patch_and_classifier_activation,2.688595564312849,1.6142748857539098,1.645524661738936,1.9865190091433568e-05,3.1637040609814315e-05,"[[0.004564989076443038,0.001509541143962045,0.0010159204202966534,0.0007053412244286217,0.0004971053522294194,0.00028356421620978416,0.00021982847369337585,0.00020062448774349603,0.00015619811297229084,0.00013691843903664,0.00012518837431504037,0.0001009940569008395,9.890102193837811e-05,6.320850180258403e-05,4.9390963115784424e-05,1.849416316724665e-05],[0.00907716639430009,0.0011126930618180746,0.0004915620980291977,0.0003555200313217248,0.00022525077692012207,0.0001254320390205719,0.00010702699765732035,6.432012332680017e-05,4.061727838887545e-05,3.5205049179534896e-19]]","[[479.594662436219,256.2215144027865,214.57435727124826,182.1663032390331,147.1893296343453,139.32190980415552,128.0218411116315,104.31123832451749,91.17786453710958,88.58518655848493,87.69991284327756,71.78805371027745,66.41160128245113,60.51282591096309,54.90768178358891,53.82225475142251,50.86693472784388,45.08141675428369,43.46826899255752,41.726722814615535,36.17073074328796,35.17317960660556,34.79596058552498,33.790513624078955,30.781643480452832,30.117300271737186,29.67695385430035,27.242008436032652,26.62890718005539,25.534446741788425,25.235141306248053,24.728303700811132,23.896161758947827,23.54567329675369,22.816119472767003,21.806789524729414,20.989100163480277,20.366356389380638,19.68484364550203,19.676701640225154,18.366151746700304,17.81151699716961,17.03713031607076,16.626487042601156,15.954986087638042,15.251645792906348,14.527868570052929,13.97291848408352,13.071916837660135],[2.057375286280476,0.09705419726554344,0.07207290178156388,0.051215926473570345,0.029198321351952716,0.026659580180114863,0.01821209270833184,0.0168560137536862,0.015344902126616171,0.012686292852091849,0.011051317100380216,0.009812747581914593,0.007656791827654886,0.0065040386176738055,0.005381614440794923,0.003433528840318448]]",,,,,,,,,,,,,,0.6524444578681141,16,7,2
24,MNISTPatchClassifier,MNIST patch filters=32 kernel=5 stride=2 lr=3e-03,1.0,0.003,Adam,0,0,512,64,2.3026346790366623,9.247668389233965e-05,0.90625,full_patch_and_classifier_activation,1.8952212228024736,1.4014804375886418,1.3715320918946043,3.792751494479655e-05,5.4609852295322634e-05,"[[0.005327765260850626,0.0008718448390772843,0.0005327209307521475,0.00040793544859123204,0.00027294422132582877,0.00016989401195333082,0.00014300463700168725,0.00010754739128508665,8.571148671410373e-05,7.429250568359656e-05,5.874176891862485e-05,4.5850031960092264e-05,4.370853870440293e-05,3.851049671581262e-05,2.660915993742906e-05,2.5382551729993373e-05,2.3057234444595972e-05,1.9798136188515352e-05,1.7026247807137694e-05,1.467844922391144e-05,1.374466555993253e-05,8.91132774536631e-06,6.927870603352584e-06,5.463004975569459e-06,3.3866251998943723e-06],[0.005261172742216772,0.0003782886023050137,0.0002783849887156439,0.00017250761608745806,8.492618248717115e-05,7.654957015121425e-05,4.934149522525821e-05,3.727561259991061e-05,2.706372851720754e-05,3.832333342513037e-19]]","[[395.31136966712677,195.45029926973734,165.68082986607993,123.29519539466884,97.27393037028926,93.04241616052647,74.42487988933318,61.26353996202877,50.047678244470596,49.44139343827181,45.49281440429085,37.896204647816965,35.80561069723701,30.139722484383505,30.030811852001257,28.715711501690123,25.87090471024154,24.38340032625083,23.78212810168266,21.516353767964723,19.78051422772709,18.79389441253032,16.790303168534358,15.691367805256563,13.979570025804959],[0.8584177601620037,0.04458775630235996,0.032977506980601604,0.02776532707249164,0.016722425739593105,0.015067669575872463,0.014250728930509793,0.010740987621280536,0.009122971866579037,0.007546332790276096,0.006846625218985218,0.005954848474201941,0.005734797965349137,0.005108359137902702,0.004509007817923378,0.004407837967866019,0.004032836658550207,0.003551006131194173,0.003399183617746541,0.003235388107824259,0.0030617536559158784,0.0028431256323326122,0.002812600204343954,0.002759404157370845,0.0023210094626917557,0.0022045168226290032,0.002137423552644012,0.002086145395354269,0.0019885440591419726,0.001826540680321897,0.0015532118723226207,0.0015164312159008154]]","[[0.013665258965157084,0.003913764562039041,0.002726797512205768,0.002138451251108838,0.0018842706664684494,0.0015771942395209158,0.001275141250185653,0.0010769255434483812,0.0009317343210784551,0.0008516896196333951,0.00047783305837795025,0.0003414075550939237,8.017555801731472e-07,4.7199308773981785e-07,3.7938365602884235e-07,1.4183624275002904e-07,1.0835813222923392e-07,8.589079011151396e-08,4.9202991628477815e-08,3.314150606531578e-08,2.667817046134373e-08,1.9952335986553346e-08,9.329401602773068e-09,7.060684279855886e-09,4.47624323540647e-09],[0.008755639801088379,0.0028350866968435014,0.0017952860813319229,0.001500196166310368,3.894057404041859e-07,2.97609935464035e-07,1.8457304414810516e-07,6.912198324542758e-08,4.1699330551327546e-08,1.4736100710409047e-08]]",3.34720778707481,1.1901058441213783,0.2076232156795163,0.08289166176692311,0.38137710562429583,9.075764374988886e-05,0.6731723505502786,0.005113613917623571,0.01774823934929884,0.013665258965157084,0.05227323531032239,0.052195913048496134,0.03450987511314452,32,5,2
25,MNISTPatchClassifier,MNIST patch filters=32 kernel=5 stride=2 lr=3e-03,1.0,0.003,Muon,0,0,512,64,2.3026346790366623,4.385734233736116e-05,0.90625,full_patch_and_classifier_activation,1.8952212228024736,1.4014804375886418,1.3715320918946043,3.792751494479655e-05,5.4609852295322634e-05,"[[0.005327765260850626,0.0008718448390772843,0.0005327209307521475,0.00040793544859123204,0.00027294422132582877,0.00016989401195333082,0.00014300463700168725,0.00010754739128508665,8.571148671410373e-05,7.429250568359656e-05,5.874176891862485e-05,4.5850031960092264e-05,4.370853870440293e-05,3.851049671581262e-05,2.660915993742906e-05,2.5382551729993373e-05,2.3057234444595972e-05,1.9798136188515352e-05,1.7026247807137694e-05,1.467844922391144e-05,1.374466555993253e-05,8.91132774536631e-06,6.927870603352584e-06,5.463004975569459e-06,3.3866251998943723e-06],[0.005261172742216772,0.0003782886023050137,0.0002783849887156439,0.00017250761608745806,8.492618248717115e-05,7.654957015121425e-05,4.934149522525821e-05,3.727561259991061e-05,2.706372851720754e-05,3.832333342513037e-19]]","[[395.31136966712677,195.45029926973734,165.68082986607993,123.29519539466884,97.27393037028926,93.04241616052647,74.42487988933318,61.26353996202877,50.047678244470596,49.44139343827181,45.49281440429085,37.896204647816965,35.80561069723701,30.139722484383505,30.030811852001257,28.715711501690123,25.87090471024154,24.38340032625083,23.78212810168266,21.516353767964723,19.78051422772709,18.79389441253032,16.790303168534358,15.691367805256563,13.979570025804959],[0.8584177601620037,0.04458775630235996,0.032977506980601604,0.02776532707249164,0.016722425739593105,0.015067669575872463,0.014250728930509793,0.010740987621280536,0.009122971866579037,0.007546332790276096,0.006846625218985218,0.005954848474201941,0.005734797965349137,0.005108359137902702,0.004509007817923378,0.004407837967866019,0.004032836658550207,0.003551006131194173,0.003399183617746541,0.003235388107824259,0.0030617536559158784,0.0028431256323326122,0.002812600204343954,0.002759404157370845,0.0023210094626917557,0.0022045168226290032,0.002137423552644012,0.002086145395354269,0.0019885440591419726,0.001826540680321897,0.0015532118723226207,0.0015164312159008154]]","[[0.0030000000000000022,0.003000000000000002,0.003000000000000002,0.003000000000000002,0.0030000000000000014,0.0030000000000000014,0.0030000000000000014,0.003000000000000001,0.003000000000000001,0.003000000000000001,0.0030000000000000005,0.0030000000000000005,0.0030000000000000005,0.0030000000000000005,0.0030000000000000005,0.0030000000000000005,0.0030000000000000005,0.003,0.003,0.0029999999999999996,0.002999999999999999,0.0029999999999999988,0.0029999999999999988,0.0029999999999999988,0.0029999999999999988],[0.003,0.0029999999999999996,0.0029999999999999996,0.0029999999999999996,0.0029999999999999996,0.0029999999999999996,0.0029999999999999996,0.002999999999999999,0.0029999999999999983,0.0029999999999999983]]",17.5,17.499999999999986,1.0,0.9999999999999993,0.9999999999999992,4.413290214376563e-05,0.3273448741639517,0.0024866073346880534,0.017748239349298846,0.0030000000000000022,0.05227323531032241,0.05218106347914892,0.06790066696703434,32,5,2
24,MNISTPatchClassifier,MNIST patch filters=32 kernel=5 stride=2 lr=3e-03,1.0,0.003,Adam,0,1,512,64,2.3026131073595404,7.085138850237982e-05,0.8984375,full_patch_and_classifier_activation,2.0730768311612096,1.401366593991746,1.476504959646622,3.417645016898945e-05,5.011946128430133e-05,"[[0.003990534117762564,0.0007486355595718367,0.0004975233098308674,0.00038930451411140307,0.00019091949585309554,0.00018797995638781745,0.00014118993494695152,9.549638709760586e-05,7.829058109128048e-05,7.278461991020184e-05,5.9362599898270326e-05,4.89822812992834e-05,4.278027810848096e-05,3.790690049162135e-05,3.260136953955256e-05,2.1011913961689394e-05,1.834057169029226e-05,1.7173685306840877e-05,1.6182591346294328e-05,1.46386431512017e-05,1.0586620867960586e-05,8.297223139550933e-06,7.2961942587921e-06,6.1533575786973905e-06,4.662486735471735e-06],[0.005216492407185272,0.00042095800745637496,0.00023843207323972305,0.0001958151451674283,0.00011863654938636219,6.132513746792346e-05,5.308794874124842e-05,4.146709051289289e-05,2.6351053788099018e-05,2.707756198613879e-19]]","[[395.31136966712677,195.45029926973734,165.68082986607993,123.29519539466884,97.27393037028926,93.04241616052647,74.42487988933318,61.26353996202877,50.047678244470596,49.44139343827181,45.49281440429085,37.896204647816965,35.80561069723701,30.139722484383505,30.030811852001257,28.715711501690123,25.87090471024154,24.38340032625083,23.78212810168266,21.516353767964723,19.78051422772709,18.79389441253032,16.790303168534358,15.691367805256563,13.979570025804959],[0.8971413618710536,0.04660656300321562,0.034185190791284535,0.027946275125677152,0.01743304536610335,0.014888065530331932,0.013962676370374712,0.010498968500332492,0.009138028867495249,0.007850660787272624,0.0070305647473988975,0.005953684377538952,0.005338672894532435,0.005234325941617093,0.004551733467726386,0.004340603171515513,0.003986168434598905,0.0038782508505254584,0.0034424010544060668,0.003408161425671612,0.003146979390423392,0.0029389865182026824,0.002728965429916656,0.0026000926434761027,0.0024534993144437046,0.002154608018817987,0.002135612872938216,0.0020386228344122692,0.0018632109822290458,0.001754862452037903,0.0016571146797047577,0.0014395416878173095]]","[[0.013274012921131957,0.003755104860925642,0.003090203463554896,0.0017986044435874815,0.0015383685045545917,0.001503165259507972,0.0013165948106599707,0.0010439080397549843,0.0008672757272621836,0.0006745887373995633,0.0005407135111267318,0.0004038822081729077,0.0003438380044720879,0.00021255984332195824,0.00019166160415769212,0.00014935749405305793,0.00010774550860449097,0.00010000494409725057,8.468432938334318e-05,6.68506098837053e-05,4.5068954360880175e-05,3.336987039641216e-05,2.5503169764486316e-05,1.3108224985848474e-05,1.2711492885409178e-05],[0.009596757204444624,0.0021019622177364306,0.001859574750633065,0.0011991866549460955,0.0010456477862588061,0.0007285270475197088,0.00025717568977202243,0.00013760718524460282,0.00010480980485561741,4.724297844840189e-05]]",3.703924001789092,1.1628047255377898,0.23300002750180604,0.08010730460550514,0.3296256921531593,6.831568702692146e-05,0.5763714581753995,0.0038455479792015045,0.01776487704649745,0.013274012921131957,0.0522574617660496,0.05322388767772898,0.10468450002372265,32,5,2
25,MNISTPatchClassifier,MNIST patch filters=32 kernel=5 stride=2 lr=3e-03,1.0,0.003,Muon,0,1,512,64,2.302610392625321,3.8284790706999416e-05,0.8359375,full_patch_and_classifier_activation,2.1250999448935137,1.4015362428622096,1.509692056502138,3.4297817617357547e-05,5.0978258465135056e-05,"[[0.003908604691001238,0.0007644413778423588,0.0005044412924717076,0.00041346862011947406,0.0002045605525976676,0.0001809805671198705,0.00014211128716629546,0.00010664126141306106,8.297216128062279e-05,6.925639764226581e-05,6.329014323201373e-05,4.577430710850137e-05,4.338229166062852e-05,3.730411132034739e-05,2.8819411499703798e-05,2.591608378596187e-05,2.078076912389349e-05,1.7978192378055787e-05,1.4488528261119936e-05,1.4290287808182952e-05,9.428365296800896e-06,8.899246345824183e-06,6.3391879894513785e-06,5.060132324303643e-06,4.0690470878133775e-06],[0.0049649806537881685,0.0004192109862039581,0.00022912283445844639,0.00019380143913876207,0.0001149829255371204,6.231333916626045e-05,5.400111551577372e-05,4.441610533471923e-05,2.6979427364823025e-05,3.84472194419132e-19]]","[[395.31136966712677,195.45029926973734,165.68082986607993,123.29519539466884,97.27393037028926,93.04241616052647,74.42487988933318,61.26353996202877,50.047678244470596,49.44139343827181,45.49281440429085,37.896204647816965,35.80561069723701,30.139722484383505,30.030811852001257,28.715711501690123,25.87090471024154,24.38340032625083,23.78212810168266,21.516353767964723,19.78051422772709,18.79389441253032,16.790303168534358,15.691367805256563,13.979570025804959],[0.8527303284626728,0.04463487661325575,0.03331316760545348,0.02743444170971375,0.016980295192664988,0.014925471191529474,0.014272866538513432,0.010736546422703185,0.00913011025059432,0.007431230944345468,0.006774639065640039,0.005991729599172463,0.005858270448735833,0.005205573241188117,0.004551375900576484,0.004456962832537501,0.004024282897848394,0.0035867000891551958,0.003514242214333222,0.003208513927462986,0.003010627736777911,0.0028133019260586415,0.002764655150160748,0.002662358596689178,0.0023175809176415327,0.0021898448077619826,0.0021528466661693336,0.002072392959129338,0.001968054236118979,0.0018113162374949348,0.001584550880434549,0.0015159184774332418]]","[[0.003000000000000004,0.003000000000000003,0.0030000000000000022,0.003000000000000002,0.003000000000000002,0.0030000000000000014,0.0030000000000000014,0.0030000000000000014,0.0030000000000000014,0.0030000000000000014,0.0030000000000000014,0.0030000000000000005,0.0030000000000000005,0.0030000000000000005,0.0030000000000000005,0.0030000000000000005,0.0030000000000000005,0.0030000000000000005,0.0030000000000000005,0.0030000000000000005,0.0030000000000000005,0.003,0.003,0.002999999999999999,0.002999999999999999],[0.003,0.003,0.003,0.002999999999999999,0.002999999999999999,0.002999999999999999,0.002999999999999999,0.002999999999999999,0.002999999999999999,0.002999999999999998]]",17.5,17.49999999999997,1.0000000000000002,0.9999999999999987,0.9999999999999986,3.8499321421155586e-05,0.33730673564172964,0.0021691910202166907,0.01774823934929885,0.003000000000000004,0.05225746176604959,0.05219789578290902,0.1385449580848217,32,5,2
24,MNISTPatchClassifier,MNIST patch filters=32 kernel=5 stride=2 lr=3e-03,1.0,0.003,Adam,0,2,512,64,2.3025041413736362,8.434519560651665e-05,0.8984375,full_patch_and_classifier_activation,2.0746628758533934,1.4012594038205561,1.4711353258216506,3.261316234594486e-05,4.688618268194263e-05,"[[0.004238576211249973,0.000858211275895643,0.0005534303277766907,0.0004036117202936538,0.0002780922409727523,0.00018179331568592006,0.00012269789218551048,0.00010945674208076884,0.00010011156889981874,6.345862949706579e-05,5.764672396606438e-05,5.513316932523028e-05,3.634429513839329e-05,2.9806332599900335e-05,2.7045837298580245e-05,2.2962322670549085e-05,1.6457742062717313e-05,1.4265848725236668e-05,1.2930518318909572e-05,1.151029925188412e-05,9.345554720321131e-06,8.184948280488616e-06,7.0431887548971504e-06,5.900185470507768e-06,4.128049476154762e-06],[0.005375382253974681,0.0004111783132392103,0.00024737108682734395,0.00015355914784759143,8.478520097506166e-05,7.62570740324355e-05,6.669261219865019e-05,4.3791297431463656e-05,3.7702478883371765e-05,5.880130532139714e-19]]","[[395.31136966712677,195.45029926973734,165.68082986607993,123.29519539466884,97.27393037028926,93.04241616052647,74.42487988933318,61.26353996202877,50.047678244470596,49.44139343827181,45.49281440429085,37.896204647816965,35.80561069723701,30.139722484383505,30.030811852001257,28.715711501690123,25.87090471024154,24.38340032625083,23.78212810168266,21.516353767964723,19.78051422772709,18.79389441253032,16.790303168534358,15.691367805256563,13.979570025804959],[0.9457315103752303,0.050529134680203217,0.035456384689872084,0.02638370568932067,0.017710636836429663,0.014976165382563562,0.014146935057307436,0.01003652955185857,0.009435169388141266,0.00790566426838278,0.0073269447541291855,0.00635486066838885,0.005619960677127052,0.005302959238076435,0.004703289986088281,0.004202511968393999,0.004006787200297967,0.0037148281568184336,0.003440336586593496,0.0031861759061754353,0.0030379679475108297,0.0029374823220318486,0.0029085875801814287,0.0025372223046708493,0.002404358919119004,0.002193463167160965,0.0020413189251780807,0.002014354671491663,0.0017838939704488785,0.0016772812472412159,0.0016259824342403967,0.0014451942990069315]]","[[0.013523532426508056,0.003205445168353544,0.002583566774397904,0.0017946662804257379,0.0015099959224537064,0.0013144058765156169,0.0011043478102023604,0.0007059921851284634,0.0006695881949680709,0.0005639461239195739,0.0004124607839450778,0.0003679260339203863,0.0003149188072104185,0.0002234188917244243,0.00018072822014926295,0.00014957057326920486,0.00012046784422040246,0.00010292838063697565,8.201074531392255e-05,6.97853261791928e-05,4.280276999147905e-05,4.053865176364903e-05,2.85713949666591e-05,2.2040809444206865e-05,1.2493206748367979e-05],[0.009802527985920526,0.002495722945136907,0.0015413449046465387,0.0010889014110733752,0.0007520002461212282,0.0005898315236052972,0.000308233221867488,0.00015378922309879092,0.00014662093808191475,9.297280235651199e-05]]",3.368398712183637,1.1308710117003553,0.21554068647800972,0.07862302022658386,0.3486602028914405,8.191584106316923e-05,0.6605803994288206,0.004600549471133114,0.017805664644443737,0.013523532426508056,0.052218193418269325,0.05342694473203302,0.1758832500781864,32,5,2
25,MNISTPatchClassifier,MNIST patch filters=32 kernel=5 stride=2 lr=3e-03,1.0,0.003,Muon,0,2,512,64,2.302551361981968,3.834694090443236e-05,0.830078125,full_patch_and_classifier_activation,2.277433764291314,1.401682208126966,1.5923450931064043,3.253435484841607e-05,4.805441924903356e-05,"[[0.003696096456324994,0.0009358445048907012,0.0006093690014635643,0.0003933913618456585,0.0002721741698696362,0.00019789603111976904,0.00013279625647783836,0.00011620083338574754,0.00010594046808379252,6.392727493319767e-05,5.398898189087268e-05,4.4739738704652474e-05,3.2311444992284296e-05,2.796270163288548e-05,2.5258888956147013e-05,2.4401449773748223e-05,2.008779721946157e-05,1.8161181226732688e-05,1.4756344733841568e-05,1.39819735923522e-05,1.2470224241214399e-05,8.855416667638537e-06,5.6431818289966005e-06,5.072687721246186e-06,3.6498677333152387e-06],[0.004788033992342214,0.0003855026350051389,0.00023491855234205046,0.00015977716460270684,8.947036675156526e-05,7.773058995079395e-05,6.256794988278782e-05,4.1392390468657034e-05,3.2735519014968235e-05,2.71887183341883e-19]]","[[395.31136966712677,195.45029926973734,165.68082986607993,123.29519539466884,97.27393037028926,93.04241616052647,74.42487988933318,61.26353996202877,50.047678244470596,49.44139343827181,45.49281440429085,37.896204647816965,35.80561069723701,30.139722484383505,30.030811852001257,28.715711501690123,25.87090471024154,24.38340032625083,23.78212810168266,21.516353767964723,19.78051422772709,18.79389441253032,16.790303168534358,15.691367805256563,13.979570025804959],[0.8440003857319064,0.04509809310702271,0.0337063491269848,0.02766552762136758,0.01693918112973207,0.015514224642735809,0.014339391628705962,0.010643339717647029,0.00923987205673129,0.007384916457559097,0.007032979904182842,0.006210164864217859,0.005854327235286149,0.0051878922878391374,0.004517691636122038,0.004313314305221913,0.004074100521186813,0.0036608728901013363,0.0034786004962073735,0.0031970194084592167,0.0029959590411739157,0.002830550046265579,0.002785535714551715,0.0026195618698280337,0.0023778146950819,0.0022291055543297005,0.002162588865564232,0.002018758036438588,0.0019911592552514373,0.0017916797853426434,0.0016187898550631792,0.0014629119692616984]]","[[0.003000000000000002,0.003000000000000002,0.0030000000000000014,0.003000000000000001,0.003000000000000001,0.0030000000000000005,0.0030000000000000005,0.003,0.003,0.003,0.003,0.0029999999999999996,0.0029999999999999996,0.0029999999999999996,0.0029999999999999996,0.002999999999999999,0.002999999999999999,0.002999999999999999,0.002999999999999999,0.0029999999999999988,0.0029999999999999988,0.0029999999999999988,0.0029999999999999983,0.0029999999999999983,0.0029999999999999975],[0.003000000000000001,0.0030000000000000005,0.0030000000000000005,0.0029999999999999996,0.0029999999999999996,0.0029999999999999996,0.0029999999999999988,0.0029999999999999988,0.0029999999999999988,0.0029999999999999975]]",17.500000000000004,17.49999999999998,1.0000000000000004,0.9999999999999988,0.9999999999999986,3.812132219901352e-05,0.34658100951453324,0.0021478931768248626,0.017748239349298842,0.003000000000000002,0.05221819341826933,0.05217138771372885,0.20915404194965959,32,5,2
24,MNISTPatchClassifier,MNIST patch filters=32 kernel=5 stride=2 lr=3e-03,1.0,0.003,Adam,0,3,512,64,2.302489604382527,8.431643940420841e-05,0.8984375,full_patch_and_classifier_activation,2.0898264267501183,1.4007555177905067,1.4881906194616925,3.175722720355312e-05,4.68402029682831e-05,"[[0.004867052915762411,0.0009527597585577734,0.0006751059110936644,0.00041525227476157527,0.0003403482491364279,0.00020753406536055344,0.00016224672610224577,0.00012283778054918514,9.54830949103255e-05,7.424777858621091e-05,6.568027717848132e-05,5.511595122596044e-05,4.52590717641796e-05,3.4810510435606374e-05,3.1622473432904266e-05,3.0514342705514933e-05,2.206934576680216e-05,1.8088642309249825e-05,1.6967259937776736e-05,1.4375422652280221e-05,1.1883479606711882e-05,1.0605703744713992e-05,6.292094192926483e-06,5.090267935957539e-06,3.5549234572554443e-06],[0.005882964740516736,0.00045339400037898447,0.0003781073398757714,0.0001540061095888296,0.00014008931398929152,6.870889503695436e-05,5.38338405277456e-05,4.6254312273752797e-05,2.8436689951001073e-05,4.143087947751612e-19]]","[[395.31136966712677,195.45029926973734,165.68082986607993,123.29519539466884,97.27393037028926,93.04241616052647,74.42487988933318,61.26353996202877,50.047678244470596,49.44139343827181,45.49281440429085,37.896204647816965,35.80561069723701,30.139722484383505,30.030811852001257,28.715711501690123,25.87090471024154,24.38340032625083,23.78212810168266,21.516353767964723,19.78051422772709,18.79389441253032,16.790303168534358,15.691367805256563,13.979570025804959],[1.0499932823064688,0.05294430959396838,0.036002003506424435,0.025707256426857603,0.018296230488731975,0.01450984955358862,0.01346747373919226,0.00980591717962731,0.009411508600551394,0.0076789800801270285,0.007245383215449456,0.006429909678505906,0.005873294598678064,0.005125383653280239,0.004810283437520159,0.00447120135112815,0.004052510553609571,0.0038631092240127888,0.0036006352472634255,0.0032264378162086406,0.003046241160791021,0.0028361363501986287,0.002656957657268527,0.0024505651632505086,0.002432657720188354,0.002234672156519884,0.002196001987556285,0.0020020087079157005,0.0018808388863524972,0.0016464422764542336,0.0015178171860419176,0.0014840895871137975]]","[[0.013654398905635929,0.0035244201218761245,0.0029332036866717777,0.0019306649841146894,0.0010643726177670143,0.001022417278024444,0.0008035581755013554,0.0006467228463480683,0.0005063022534113136,0.000390339304613577,0.00033587732881738727,0.00026916345735177835,0.0002513895473070926,0.00022592067722069226,0.00017524643634896574,0.00015125904129794583,0.00010099906711607634,9.187883306088647e-05,6.470043125233281e-05,5.8069533836641277e-05,5.05517469078662e-05,4.0580831830510344e-05,3.4309866914732945e-05,2.979141553973772e-05,1.2116891803040041e-05],[0.00967055420276541,0.002557186571362091,0.0011710332792601438,0.0007049540184216332,0.0006190197832621241,0.00048350849135848765,0.00039149883821606904,0.00021003398822585817,0.00014085642649584612,0.00011202990710437704]]",3.124430677483563,1.1266842730597086,0.2002722501912212,0.07803601810436964,0.3733033157895169,8.019028777561915e-05,0.5782987353655961,0.004496807491571935,0.01783271530433856,0.013654398905635929,0.05201587372457678,0.052861029818689634,0.24814658309333026,32,5,2
25,MNISTPatchClassifier,MNIST patch filters=32 kernel=5 stride=2 lr=3e-03,1.0,0.003,Muon,0,3,512,64,2.3025603450537826,4.355320125348783e-05,0.890625,full_patch_and_classifier_activation,2.1524189951798904,1.401737312839818,1.5413967041588366,3.225880787151382e-05,5.039566085832531e-05,"[[0.00492046700243259,0.000991191970340802,0.0006675757402859454,0.00037859540882286246,0.000363064822037986,0.00022595801261640614,0.00017474601446573748,0.00013395121559369399,9.930391776454925e-05,7.951239541060001e-05,7.600157876842242e-05,5.3173563009674343e-05,4.55326797813702e-05,4.049333062709583e-05,3.6208417483503486e-05,2.8698885847121394e-05,2.6346338523736185e-05,2.3601614715712445e-05,1.8924954579803648e-05,1.3361613743481158e-05,1.0668172512870132e-05,9.685098170689557e-06,7.698547367701174e-06,5.416235465604529e-06,3.82960302688743e-06],[0.004818037620983496,0.0004485482227008581,0.00032196969972112324,0.00016589871229916577,0.00013828624808153846,6.41965572433656e-05,5.826657688365825e-05,4.7265977129909573e-05,2.8892345613999717e-05,4.0404455565502993e-19]]","[[395.31136966712677,195.45029926973734,165.68082986607993,123.29519539466884,97.27393037028926,93.04241616052647,74.42487988933318,61.26353996202877,50.047678244470596,49.44139343827181,45.49281440429085,37.896204647816965,35.80561069723701,30.139722484383505,30.030811852001257,28.715711501690123,25.87090471024154,24.38340032625083,23.78212810168266,21.516353767964723,19.78051422772709,18.79389441253032,16.790303168534358,15.691367805256563,13.979570025804959],[0.8548858533949051,0.04564993515507258,0.03537863480968835,0.028144921894350666,0.01749079754770397,0.01579630240845509,0.014168737556876556,0.0106871363595088,0.00905227038208458,0.0072069350068403775,0.006946197352526742,0.006452705128202068,0.005868815041284731,0.005323220171119433,0.00460517373550352,0.004259637667836033,0.004040197889215,0.0036442656210429565,0.0036330186065075703,0.00324735459667003,0.0029806507381565372,0.002856942232948682,0.0027840904220716427,0.00258164149059812,0.002479523058975223,0.0022594728722456748,0.0021943157363393845,0.0020766908583767715,0.002029679041210807,0.0018250847904389572,0.0016601429071625659,0.001423179105431168]]","[[0.0030000000000000022,0.0030000000000000022,0.0030000000000000022,0.003000000000000002,0.003000000000000002,0.003000000000000002,0.0030000000000000014,0.0030000000000000014,0.003000000000000001,0.003000000000000001,0.003000000000000001,0.003000000000000001,0.0030000000000000005,0.0030000000000000005,0.0030000000000000005,0.0030000000000000005,0.0030000000000000005,0.0030000000000000005,0.003,0.003,0.003,0.003,0.0029999999999999996,0.002999999999999999,0.002999999999999999],[0.0030000000000000022,0.0030000000000000022,0.0030000000000000014,0.003000000000000001,0.0030000000000000005,0.0030000000000000005,0.0030000000000000005,0.003,0.0029999999999999996,0.0029999999999999996]]",17.500000000000004,17.49999999999998,1.0,0.9999999999999989,0.9999999999999989,4.3576107282155894e-05,0.34854233313914823,0.002455235498268022,0.017748239349298856,0.0030000000000000022,0.05201587372457676,0.05199359277919475,0.28305450011976063,32,5,2
24,MNISTPatchClassifier,MNIST patch filters=32 kernel=5 stride=2 lr=3e-03,1.0,0.003,Adam,0,4,512,64,2.3023263944293126,0.00011511577548839469,0.8984375,full_patch_and_classifier_activation,1.7818473768028151,1.4000946568577515,1.284881489563725,3.655360161615445e-05,4.854650727186975e-05,"[[0.00595566787861766,0.0009716398494428912,0.0005864203343579189,0.000422120073108185,0.0002735889048801805,0.00020939387678365934,9.764779156213689e-05,8.589368456717973e-05,7.559319048406963e-05,6.700920158078076e-05,6.377749713529813e-05,5.6721237946256084e-05,4.0958661381057475e-05,3.9601301558881066e-05,3.0011001100238062e-05,2.230781239099117e-05,2.0289626291623527e-05,1.7545971044114084e-05,1.3495895037296824e-05,1.095182907967839e-05,9.50056283473363e-06,7.949374168364555e-06,6.853767197222363e-06,5.534200581119875e-06,4.860230502249763e-06],[0.007280968773368255,0.0005383134065194064,0.00019864122120484692,0.00017196241653644843,7.544539001786896e-05,6.067160093516975e-05,5.566917989627706e-05,3.1641572607397666e-05,2.4437613975310693e-05,6.6450305751110945e-19]]","[[395.31136966712677,195.45029926973734,165.68082986607993,123.29519539466884,97.27393037028926,93.04241616052647,74.42487988933318,61.26353996202877,50.047678244470596,49.44139343827181,45.49281440429085,37.896204647816965,35.80561069723701,30.139722484383505,30.030811852001257,28.715711501690123,25.87090471024154,24.38340032625083,23.78212810168266,21.516353767964723,19.78051422772709,18.79389441253032,16.790303168534358,15.691367805256563,13.979570025804959],[1.2085024152707746,0.05388032784602091,0.03585042217131885,0.024951149073772234,0.01941428748472947,0.013999843244278495,0.012618715938855283,0.00946244572702827,0.009093646878269098,0.007571297628014649,0.007243238916310134,0.006311563072785661,0.005453135754617457,0.005044312531480236,0.004772996524559331,0.004479625008069487,0.004084346122372937,0.003901798987227079,0.003612838599765354,0.003243695149147863,0.0031580240037738317,0.0027401886307648047,0.002491021599714196,0.002464844750971475,0.00240919422833441,0.0021782363229065093,0.001989198195804659,0.0019216631644196252,0.0018490036997942207,0.0015824624397721217,0.0013783227781858395,0.0013313680775587932]]","[[0.013788188223763598,0.0034498002977936745,0.002736381497706392,0.002144610263498994,0.0010886452960411006,0.0009589497151001237,0.0007328044738770679,0.000571948276875303,0.0005292944034199783,0.00037075592641710087,0.0003049618890325688,0.0002609915859764135,0.0002126405804528965,0.00019820189748489156,0.00014422062376049028,0.0001385236625070322,0.00011106247666371488,7.843005269011463e-05,6.374137498263755e-05,5.7454103103171314e-05,4.7214603742487664e-05,3.358145666602711e-05,3.078516772663792e-05,1.6812253114292788e-05,1.4117291147729427e-05],[0.00965675592821704,0.0027012446763112668,0.0013914443922002405,0.0007184518247458487,0.0006009976203771712,0.0003853878664776369,0.00034764461128922354,0.00020676890924299288,0.0001923360783662701,0.0001406351207161747]]",3.0978151232107236,1.1290137653183407,0.20114526630646656,0.0785317421441569,0.37423003076463945,0.00010900989336874684,0.6391057488940547,0.006079254541827106,0.017931457322394692,0.013788188223763598,0.05189930413492678,0.05272176591243474,0.320605207933113,32,5,2
25,MNISTPatchClassifier,MNIST patch filters=32 kernel=5 stride=2 lr=3e-03,1.0,0.003,Muon,0,4,512,64,2.302484920253726,4.4700300410482896e-05,0.896484375,full_patch_and_classifier_activation,2.118328463417487,1.4016749045053847,1.5044859828044377,3.6808232860597474e-05,5.448813342092318e-05,"[[0.004835396964006824,0.0011058480883473813,0.0007341912912259191,0.00041882466045949687,0.0002765505228102213,0.00025135825807407717,0.000131475312466031,0.00010189772393199209,9.270469358645427e-05,7.028072804291027e-05,6.249343023920369e-05,6.000727501015273e-05,4.330148237298589e-05,3.42809223552875e-05,3.0185719961452302e-05,2.3866052038078506e-05,2.0712785876225197e-05,1.6672629896174776e-05,1.4885377037758752e-05,1.1183357301873426e-05,1.0487778597717366e-05,9.110481520582922e-06,5.592300452421849e-06,4.643185910256526e-06,3.326031704879893e-06],[0.005205918167687236,0.0005540213887192565,0.0001958590505564665,0.0001758740874263189,7.868180251996778e-05,6.855913795872392e-05,5.8873800790777503e-05,4.2054275590115596e-05,2.3181727390244643e-05,5.300541217656928e-19]]","[[395.31136966712677,195.45029926973734,165.68082986607993,123.29519539466884,97.27393037028926,93.04241616052647,74.42487988933318,61.26353996202877,50.047678244470596,49.44139343827181,45.49281440429085,37.896204647816965,35.80561069723701,30.139722484383505,30.030811852001257,28.715711501690123,25.87090471024154,24.38340032625083,23.78212810168266,21.516353767964723,19.78051422772709,18.79389441253032,16.790303168534358,15.691367805256563,13.979570025804959],[0.8642735648117124,0.04558464334764801,0.03559048257397255,0.028139304905901958,0.01804675960156535,0.015775900065186168,0.013949302988425302,0.010729430437071058,0.009174142199972306,0.007196441944990006,0.00678617638251836,0.006501505034106754,0.005866612075454089,0.005371926016592464,0.004688058180011434,0.0043077380954269625,0.004072649784648296,0.0037978423155100756,0.0036247992974364936,0.0032847107811037127,0.0029669757551415536,0.002858843052952042,0.00274437187954572,0.0025957394584898257,0.0025042610918598225,0.0023353725392414354,0.0021802006522884504,0.002119152612540502,0.002057169050402101,0.0018390495544580103,0.001659975361254123,0.0014273155723111156]]","[[0.003000000000000003,0.0030000000000000022,0.003000000000000002,0.003000000000000002,0.003000000000000001,0.003000000000000001,0.003000000000000001,0.003000000000000001,0.003000000000000001,0.003000000000000001,0.003000000000000001,0.003000000000000001,0.003000000000000001,0.003000000000000001,0.003000000000000001,0.003000000000000001,0.003000000000000001,0.0030000000000000005,0.0030000000000000005,0.0029999999999999996,0.0029999999999999996,0.0029999999999999996,0.0029999999999999996,0.0029999999999999996,0.002999999999999998],[0.0030000000000000022,0.003000000000000002,0.0030000000000000014,0.0030000000000000014,0.0030000000000000014,0.003000000000000001,0.0029999999999999996,0.002999999999999999,0.0029999999999999988,0.0029999999999999983]]",17.500000000000004,17.49999999999997,1.0000000000000002,0.9999999999999986,0.9999999999999982,4.431690147559643e-05,0.34296283939409844,0.002496974522565653,0.01774823934929885,0.003000000000000003,0.05189930413492678,0.05181335089816534,0.35441158316098154,32,5,2
24,MNISTPatchClassifier,MNIST patch filters=32 kernel=5 stride=2 lr=3e-03,1.0,0.003,Adam,0,5,512,64,2.302585645644634,,0.8984375,full_patch_and_classifier_activation,1.9756625754629804,1.3995631304764806,1.3955548872010666,2.571794177231849e-05,3.4431577690863024e-05,"[[0.0036103421593725086,0.0005097897232663803,0.00046755444345877406,0.0003384356256355743,0.00022424263731087404,0.00018229038879962327,0.00011714808665777771,9.470551620233147e-05,6.511058050386135e-05,5.918231204242491e-05,5.101705559025595e-05,4.067899425447908e-05,3.4168025229656847e-05,3.1142719953998797e-05,2.9293697708872287e-05,2.6390584174982225e-05,2.3932128203258557e-05,1.8882687189557834e-05,1.5704142772569243e-05,1.1829506906802462e-05,1.1212754498875216e-05,8.300324137435193e-06,7.32959997482922e-06,5.854863999142271e-06,4.4443752263137206e-06],[0.007051596766416902,0.00042684184678634397,0.00022688811461479906,0.00018924976056209475,0.0001255750648747417,6.740539063181214e-05,4.4149958664595895e-05,3.379020326453181e-05,3.0439486340494682e-05,4.6067643350572455e-19]]","[[395.31136966712677,195.45029926973734,165.68082986607993,123.29519539466884,97.27393037028926,93.04241616052647,74.42487988933318,61.26353996202877,50.047678244470596,49.44139343827181,45.49281440429085,37.896204647816965,35.80561069723701,30.139722484383505,30.030811852001257,28.715711501690123,25.87090471024154,24.38340032625083,23.78212810168266,21.516353767964723,19.78051422772709,18.79389441253032,16.790303168534358,15.691367805256563,13.979570025804959],[1.3945992383181507,0.0535211643033427,0.03603388370114224,0.024721289690629797,0.02020494705657622,0.013707295602918326,0.012123781838045952,0.009140986961173186,0.008953432340650774,0.007235485834632688,0.00689600189181135,0.00624795205019253,0.005302105103784339,0.00493392050691548,0.004839984060525678,0.0044407329837325505,0.00427466219456259,0.0037897960909377203,0.003628833242874094,0.0030201301562932984,0.002981079150735282,0.0027116845448507706,0.0026062159741961606,0.0023593357100039534,0.002321119964978369,0.002008302084394066,0.00195658742909634,0.001798216865850332,0.0017663451944559233,0.0014754422613395114,0.001268857852141274,0.001177119967321973]]",,,,,,,,,,,,,,0.39260616712272167,32,5,2
25,MNISTPatchClassifier,MNIST patch filters=32 kernel=5 stride=2 lr=3e-03,1.0,0.003,Muon,0,5,512,64,2.3025821843260266,,0.8984375,full_patch_and_classifier_activation,2.2890314629213226,1.4016295407708896,1.6232651531713254,2.5341132252444134e-05,4.024772989389901e-05,"[[0.0032347618656756423,0.0005804455489039476,0.0005067984050679077,0.00036085802071080523,0.00023033462147198388,0.00019472306439343608,0.00011421004690463024,9.943735652164463e-05,8.581391164009542e-05,5.9556226643930854e-05,5.448112646534141e-05,4.49166807930608e-05,3.7335276678120174e-05,3.662843288288386e-05,3.3840902747658515e-05,2.4999175711696118e-05,2.1866934281960983e-05,2.0385018491400626e-05,1.6489564239253208e-05,1.2436777325592939e-05,1.1463260028142503e-05,8.582649124650721e-06,8.157963727462897e-06,5.4587978858246205e-06,3.39060950435089e-06],[0.004432765439941602,0.0004722084362688759,0.00024631201158327736,0.00019437227654789236,0.00011697644967704367,6.593054042167424e-05,4.688263217379319e-05,4.310562106797302e-05,3.6999223350080986e-05,4.400037304740555e-19]]","[[395.31136966712677,195.45029926973734,165.68082986607993,123.29519539466884,97.27393037028926,93.04241616052647,74.42487988933318,61.26353996202877,50.047678244470596,49.44139343827181,45.49281440429085,37.896204647816965,35.80561069723701,30.139722484383505,30.030811852001257,28.715711501690123,25.87090471024154,24.38340032625083,23.78212810168266,21.516353767964723,19.78051422772709,18.79389441253032,16.790303168534358,15.691367805256563,13.979570025804959],[0.8882611535861773,0.0464092258583994,0.037293596303257154,0.028677641177188174,0.018431512952049804,0.015734790906034885,0.01383559954442719,0.010564816804642814,0.009087371807909255,0.00706236944585484,0.0068223188071891315,0.00658838358450314,0.005887681442534505,0.00536308012425213,0.004756155089117107,0.004292468196557215,0.0040204824092753945,0.00379683649750645,0.0036868535994372576,0.003281304025533687,0.002966707153199763,0.0029095171710359245,0.002760918361547284,0.002633861139378405,0.002523877028351506,0.0023304690673572794,0.0021668216381812433,0.0021221980814551617,0.002061566433700811,0.0018706572362576371,0.0016538751406991376,0.0014270606801500216]]",,,,,,,,,,,,,,0.42582975002005696,32,5,2
26,MNISTPatchClassifier,MNIST patch filters=32 kernel=5 stride=2 lr=3e-03,1.0,0.003,Adam,1,0,512,64,2.302641018481587,3.3808678526980884e-05,0.8828125,full_patch_and_classifier_activation,2.5581412034388427,1.405565560514666,1.8362241521489375,9.794995313690004e-06,1.854448952929364e-05,"[[0.0020853734406276287,0.0003955333776618263,0.00032684365194880755,0.00021187059751769685,0.00015086764247978916,0.00012635775244711716,0.00011827113228051813,8.164759665301631e-05,7.56174889367256e-05,6.837699622784907e-05,5.1360745187011404e-05,4.51529197872644e-05,2.7808766539415152e-05,2.3145627766483117e-05,2.016975327269177e-05,1.8653899036299175e-05,1.6536751944888512e-05,1.300828138011809e-05,9.608528068511273e-06,9.536328516102784e-06,6.572339174778814e-06,5.393754035410096e-06,4.475704065532573e-06,3.904835885582312e-06,3.264466354186497e-06],[0.002442800059487023,0.00036181738199019475,0.00021639041882615237,0.0001328756644290016,9.345826776751983e-05,6.238743813104537e-05,4.9583164053090214e-05,4.216975208692828e-05,2.9396970100417305e-05,2.465649215498664e-19]]","[[390.23185824645077,195.18686611323614,161.79959583816836,124.70170629486346,95.24338688287415,90.64784280728632,75.73183997088778,60.98797149185639,49.55656364117996,48.153608662399236,46.68779265981902,37.755694463668874,35.72557611569003,30.26753208141558,30.015824533000373,27.7484789702651,26.16951182467305,24.52093847338149,23.218004471467978,21.97486352300743,19.833741908261363,18.780552148931818,17.260255681991797,15.782347748565027,13.995750653715579],[0.7943402961735307,0.04265972809748697,0.028156756311787292,0.016511127276154107,0.01488210910461115,0.012939072628565137,0.009223418140463782,0.008253290177842695,0.007789268092879863,0.005967727726152117,0.005605166680377972,0.0052923711074035346,0.005160726903783552,0.004781336711191427,0.004319114856303205,0.004014272496753762,0.003833184910008368,0.003391451942793194,0.003283196034413277,0.002995812553811557,0.0028122402224791832,0.002535330671599312,0.0024519550223465764,0.002410516776190248,0.002272366570149637,0.0021359189724052523,0.0020142150842664425,0.0019420917138370836,0.0016975848277429148,0.0016874359035479987,0.0013494735165628798,0.000979324580720767]]","[[0.011689878341401049,0.005473777280632886,0.004342592587837292,0.0032978812161165594,0.002493428290646959,0.002180173260169411,0.002095580686859905,0.0019052858916787172,0.0016587777697208356,0.0014694897472739357,0.0011792251817746451,0.0010832966483868519,0.0008846227268578232,0.0007737363970460106,0.0006357530605370149,0.00029102995263531286,1.4455508446345332e-05,5.856010233299448e-06,1.855532492248503e-06,1.0361362971347644e-06,7.523010434674852e-07,1.855232447556282e-07,9.07678436911552e-08,7.326863871062727e-08,1.4709905291173095e-08],[0.007650843452209054,0.004033455953858719,0.002560920724803748,0.002062783170943749,0.0014064405366752675,0.0011765277295248636,0.0008970420518745452,0.000726991501348323,2.4196263470011105e-06,2.1340829114365242e-07]]",6.159283628249363,1.5935456723682102,0.38620941598351866,0.11002820373647715,0.2728623306854475,3.61314261571275e-05,0.6162060704757883,0.002035775236407035,0.017748239349298846,0.011689878341401049,0.05426301777189378,0.054835781552059454,0.03906241711229086,32,5,2
27,MNISTPatchClassifier,MNIST patch filters=32 kernel=5 stride=2 lr=3e-03,1.0,0.003,Muon,1,0,512,64,2.302641018481587,2.1567537089595135e-05,0.8828125,full_patch_and_classifier_activation,2.5581412034388427,1.405565560514666,1.8362241521489375,9.794995313690004e-06,1.854448952929364e-05,"[[0.0020853734406276287,0.0003955333776618263,0.00032684365194880755,0.00021187059751769685,0.00015086764247978916,0.00012635775244711716,0.00011827113228051813,8.164759665301631e-05,7.56174889367256e-05,6.837699622784907e-05,5.1360745187011404e-05,4.51529197872644e-05,2.7808766539415152e-05,2.3145627766483117e-05,2.016975327269177e-05,1.8653899036299175e-05,1.6536751944888512e-05,1.300828138011809e-05,9.608528068511273e-06,9.536328516102784e-06,6.572339174778814e-06,5.393754035410096e-06,4.475704065532573e-06,3.904835885582312e-06,3.264466354186497e-06],[0.002442800059487023,0.00036181738199019475,0.00021639041882615237,0.0001328756644290016,9.345826776751983e-05,6.238743813104537e-05,4.9583164053090214e-05,4.216975208692828e-05,2.9396970100417305e-05,2.465649215498664e-19]]","[[390.23185824645077,195.18686611323614,161.79959583816836,124.70170629486346,95.24338688287415,90.64784280728632,75.73183997088778,60.98797149185639,49.55656364117996,48.153608662399236,46.68779265981902,37.755694463668874,35.72557611569003,30.26753208141558,30.015824533000373,27.7484789702651,26.16951182467305,24.52093847338149,23.218004471467978,21.97486352300743,19.833741908261363,18.780552148931818,17.260255681991797,15.782347748565027,13.995750653715579],[0.7943402961735307,0.04265972809748697,0.028156756311787292,0.016511127276154107,0.01488210910461115,0.012939072628565137,0.009223418140463782,0.008253290177842695,0.007789268092879863,0.005967727726152117,0.005605166680377972,0.0052923711074035346,0.005160726903783552,0.004781336711191427,0.004319114856303205,0.004014272496753762,0.003833184910008368,0.003391451942793194,0.003283196034413277,0.002995812553811557,0.0028122402224791832,0.002535330671599312,0.0024519550223465764,0.002410516776190248,0.002272366570149637,0.0021359189724052523,0.0020142150842664425,0.0019420917138370836,0.0016975848277429148,0.0016874359035479987,0.0013494735165628798,0.000979324580720767]]","[[0.003000000000000001,0.003000000000000001,0.003000000000000001,0.003000000000000001,0.0030000000000000005,0.0030000000000000005,0.003,0.003,0.003,0.003,0.003,0.003,0.003,0.003,0.003,0.003,0.003,0.003,0.003,0.0029999999999999996,0.0029999999999999996,0.0029999999999999996,0.0029999999999999996,0.0029999999999999988,0.0029999999999999988],[0.003,0.003,0.0029999999999999996,0.0029999999999999996,0.0029999999999999996,0.0029999999999999996,0.0029999999999999996,0.002999999999999999,0.002999999999999999,0.0029999999999999983]]",17.5,17.499999999999993,1.0,0.9999999999999997,0.9999999999999996,2.1990694483999867e-05,0.3750419199089942,0.0012390352671724939,0.01774823934929885,0.003000000000000001,0.05426301777189379,0.05480578149782461,0.07172733405604959,32,5,2
26,MNISTPatchClassifier,MNIST patch filters=32 kernel=5 stride=2 lr=3e-03,1.0,0.003,Adam,1,1,512,64,2.302635552045711,5.1821475916646875e-05,0.8828125,full_patch_and_classifier_activation,2.1783640595403426,1.4064766269690805,1.5450877083701229,3.258291835940594e-05,4.991569111526951e-05,"[[0.003058773602318647,0.0005738141233455337,0.00038701175259832723,0.0003364539078165925,0.00017992813292933842,0.0001472702204857414,0.00011649618619819066,8.438929202947773e-05,7.822210087300871e-05,6.745569752247515e-05,4.963485319292559e-05,4.501357370501211e-05,3.352958745730401e-05,3.295955651217771e-05,2.6361859113981863e-05,2.1190890302503008e-05,1.71590132717404e-05,1.4187785638732111e-05,1.1786791530095256e-05,8.42071269183999e-06,6.889878485354407e-06,6.055463338484645e-06,5.090582343762114e-06,3.968192013330777e-06,2.797386211309067e-06],[0.004163018477681278,0.00033334141086194437,0.0002660316109825878,0.00014546121461796193,8.343500034346158e-05,7.228108374421398e-05,6.295799907338933e-05,5.174498644982143e-05,2.7542064658160995e-05,2.0081167859948874e-19]]","[[390.23185824645077,195.18686611323614,161.79959583816836,124.70170629486346,95.24338688287415,90.64784280728632,75.73183997088778,60.98797149185639,49.55656364117996,48.153608662399236,46.68779265981902,37.755694463668874,35.72557611569003,30.26753208141558,30.015824533000373,27.7484789702651,26.16951182467305,24.52093847338149,23.218004471467978,21.97486352300743,19.833741908261363,18.780552148931818,17.260255681991797,15.782347748565027,13.995750653715579],[0.7339822220763313,0.04478232277717008,0.03142511160195292,0.015950516341889976,0.015402337014033086,0.01346971177732039,0.009472812208870656,0.008708941107112128,0.00814099920935448,0.006771021686583405,0.006058642335192252,0.005340346990729262,0.005113181468228864,0.004631803623680527,0.004450081862151062,0.004144155562371842,0.0037688208266815925,0.0036238341885613365,0.0034024256382344585,0.0029440886455622366,0.0029301964865581834,0.0028692800795184423,0.0026645982491933138,0.0024612207883162656,0.0023503902310005307,0.0021769913372220516,0.0020721818339483563,0.001830938325754443,0.0016955485793213525,0.0016514641025701436,0.0011757151696176569,0.0007789725985941319]]","[[0.01241186363336525,0.004272495331156177,0.003588680495866033,0.0022504052480485626,0.002135073855057346,0.0020931328086238633,0.0018590911554496252,0.001316242995947306,0.001083386328777145,0.0009101230975861871,0.0008858225802024713,0.0005362521610735681,0.0004544937028546303,0.0004230660130910682,0.00035646675472577726,0.0003429991589259784,0.00024161788960344192,0.00020191696543150862,0.0001416792127283673,0.00011592415833931109,6.170630302077637e-05,4.693133603269902e-05,4.201689152155442e-05,2.5356866570163272e-05,1.8535397452546983e-05],[0.008677163274512335,0.00437829764079969,0.0027828308733907348,0.0014390980554371056,0.0011887927701899632,0.0008918901741221981,0.0005792895315768397,0.00040844276204156756,0.0002049976203703562,0.0001249406976871598]]",5.076881021526084,1.3866847312072035,0.322879126483158,0.09811928450013457,0.287712824693901,5.413456523568163e-05,0.5803768521788425,0.0030488187051449854,0.01775591482180548,0.01241186363336525,0.05435212586308126,0.05650274371651402,0.10843525012023747,32,5,2
27,MNISTPatchClassifier,MNIST patch filters=32 kernel=5 stride=2 lr=3e-03,1.0,0.003,Muon,1,1,512,64,2.3026430779888933,3.193165389925312e-05,0.8828125,full_patch_and_classifier_activation,2.043407464352944,1.4058145604404846,1.4586879075780437,3.261422549733156e-05,4.816502785491256e-05,"[[0.0033162914393845633,0.0005340709334463471,0.0003810561552773996,0.00031300667807298676,0.000165329323301468,0.00014059891679202362,0.00011027883758917155,9.21901892097984e-05,7.932085619549171e-05,6.528627815198687e-05,5.857475132816202e-05,4.466757188824519e-05,3.532424234161332e-05,3.041872258811148e-05,2.6355920111897505e-05,2.3618678910791e-05,1.5475437769148216e-05,1.4129832646154468e-05,1.1174409482479232e-05,9.476710476686083e-06,8.720147243040192e-06,7.920677479650234e-06,5.531395680114674e-06,4.77647780619586e-06,2.063243740232433e-06],[0.004343445365742316,0.0003280141647822225,0.00023975253303848299,0.00013440770649095118,7.929718519283711e-05,6.592684730023376e-05,5.73173799169862e-05,4.9923646156299605e-05,2.5306311077099028e-05,3.267753366825293e-19]]","[[390.23185824645077,195.18686611323614,161.79959583816836,124.70170629486346,95.24338688287415,90.64784280728632,75.73183997088778,60.98797149185639,49.55656364117996,48.153608662399236,46.68779265981902,37.755694463668874,35.72557611569003,30.26753208141558,30.015824533000373,27.7484789702651,26.16951182467305,24.52093847338149,23.218004471467978,21.97486352300743,19.833741908261363,18.780552148931818,17.260255681991797,15.782347748565027,13.995750653715579],[0.7645809367413241,0.042222684204998195,0.029185936084682392,0.016495959921628216,0.014738122763925535,0.012866339724681135,0.008902081088347065,0.008424486039036679,0.00765135979006812,0.006230909322854713,0.00571653205372188,0.005326623461328459,0.005113268097069741,0.004588887226484332,0.0044079888085510905,0.004154737431109918,0.003831178259497349,0.0034529563458660997,0.00320766869098574,0.002928774009286822,0.0028799962532431397,0.002569511772542315,0.002502834664482181,0.0023629729251019088,0.0022476374256142355,0.002143489198288943,0.0020006606747164147,0.0018932892570199384,0.0017170810032431484,0.0016607337972472953,0.0013221713759910315,0.0009442994579087915]]","[[0.0030000000000000014,0.003000000000000001,0.003000000000000001,0.003000000000000001,0.0030000000000000005,0.0030000000000000005,0.0030000000000000005,0.0030000000000000005,0.0029999999999999996,0.0029999999999999996,0.0029999999999999996,0.002999999999999999,0.002999999999999999,0.002999999999999999,0.002999999999999999,0.002999999999999999,0.002999999999999999,0.002999999999999999,0.002999999999999999,0.0029999999999999983,0.002999999999999998,0.002999999999999998,0.002999999999999998,0.0029999999999999966,0.0029999999999999966],[0.0030000000000000022,0.003000000000000002,0.003000000000000001,0.003000000000000001,0.0030000000000000005,0.0030000000000000005,0.0030000000000000005,0.003,0.003,0.002999999999999999]]",17.499999999999996,17.49999999999998,0.9999999999999998,0.9999999999999987,0.9999999999999989,3.245714689983357e-05,0.3301626252542175,0.0018287530532495218,0.017748239349298846,0.0030000000000000022,0.05435212586308128,0.054825133084676035,0.14096670900471509,32,5,2
26,MNISTPatchClassifier,MNIST patch filters=32 kernel=5 stride=2 lr=3e-03,1.0,0.003,Adam,1,2,512,64,2.3025693780422687,4.85074517091455e-05,0.8828125,full_patch_and_classifier_activation,2.333279364604431,1.407235322838225,1.655384119479816,3.206310055577894e-05,5.277343508562858e-05,"[[0.0030362394385962193,0.0006747439002828215,0.0005850280460596065,0.00028679404439660135,0.00021217851659082883,0.0001299307644188478,9.952877590692153e-05,8.473472057482482e-05,7.116856217137925e-05,6.618103889738582e-05,5.4829870559191175e-05,4.4063203269737585e-05,3.203184753576911e-05,2.794442278706491e-05,2.4291550158664917e-05,2.417814219951555e-05,1.8686665676697667e-05,1.2594692865445607e-05,1.1026081134667407e-05,1.0846788973697017e-05,7.740262050837813e-06,6.532849616241459e-06,5.874398502538176e-06,4.774663328671702e-06,3.5471309454039265e-06],[0.003765830503967278,0.00045421439660900783,0.00025483355153382305,0.0001184085831977818,8.785812510038086e-05,8.387390112051687e-05,5.348322960486311e-05,4.953922895738252e-05,3.7926357574555566e-05,5.047374036176444e-19]]","[[390.23185824645077,195.18686611323614,161.79959583816836,124.70170629486346,95.24338688287415,90.64784280728632,75.73183997088778,60.98797149185639,49.55656364117996,48.153608662399236,46.68779265981902,37.755694463668874,35.72557611569003,30.26753208141558,30.015824533000373,27.7484789702651,26.16951182467305,24.52093847338149,23.218004471467978,21.97486352300743,19.833741908261363,18.780552148931818,17.260255681991797,15.782347748565027,13.995750653715579],[0.6722112495817544,0.04239567255038184,0.03425182277651726,0.016280765019589045,0.015936959808675773,0.013340824277067521,0.009339499658629317,0.00917327274964058,0.007820357321971954,0.007003300472675245,0.005908712121832043,0.005464622348329052,0.0051616271643927765,0.004454190556259014,0.00425909363011925,0.004149287341713926,0.0040392341357208695,0.003584247721858894,0.0033560117114238446,0.003226288142953627,0.0030601147216881694,0.0028730442232921313,0.0026980365167848658,0.002624674363221315,0.0025728204117833275,0.002187209118900653,0.0020201341671445485,0.0017998608784040057,0.0017370945574220842,0.0016216484286243839,0.0014992740762188957,0.0007851882520321143]]","[[0.012483003275650611,0.004103962622219964,0.00359174943169495,0.0028863061380856856,0.0026077064850758315,0.0018913491562276975,0.00139121267054411,0.0012124983751622335,0.0011495718128258269,0.0010270836028947283,0.000800881590870621,0.0007339339526596109,0.0006761660215066525,0.0006074889920976045,0.00043619098086619315,0.00040971547348568605,0.0003164996889853256,0.00022727306404463752,0.00018922126664158275,0.00013671284557682646,0.00010272477964332801,7.696633578130822e-05,6.81763990788959e-05,4.6165651341271773e-05,2.6689039016255712e-05],[0.008817536517057656,0.004030056011658542,0.0020064987742443572,0.0012866668979338363,0.0011391105635012117,0.0008918436399855514,0.0006717875761533217,0.0005167945717531779,0.00038615644553769145,0.00023634597803562883]]",5.197908933617528,1.3427282208660887,0.3245740639430423,0.09333210500605926,0.2746853971989142,4.746190062526749e-05,0.5379551410865024,0.002672726441126413,0.01775785950067707,0.012483003275650611,0.054350295328441996,0.05610349127247407,0.17802479211241007,32,5,2
27,MNISTPatchClassifier,MNIST patch filters=32 kernel=5 stride=2 lr=3e-03,1.0,0.003,Muon,1,2,512,64,2.3025609286238984,3.2783337862163364e-05,0.8828125,full_patch_and_classifier_activation,2.1747101415062566,1.4059996636367607,1.5483889913864037,3.2044327166466384e-05,4.980367097578924e-05,"[[0.003270845740322304,0.0006376552703864381,0.00053475711665296,0.0002771156832820377,0.00020522698226473722,0.0001224604342492422,9.184716745040477e-05,8.522330211801993e-05,7.720882644268825e-05,5.718835685795026e-05,5.426995326597477e-05,4.925243275114241e-05,3.837243123595056e-05,3.5195190781378086e-05,3.181760677145119e-05,2.4619509041404842e-05,1.753205328643196e-05,1.4063876802355751e-05,1.2241953818006131e-05,1.0912336236017163e-05,7.9174717428744e-06,6.198819851024024e-06,4.878723274614651e-06,4.081673897875614e-06,2.8356802645386183e-06],[0.00416854046348243,0.000442615940288256,0.00022969075911437472,0.00011546624985851027,8.734688794674746e-05,7.367156294453042e-05,5.6916684471550465e-05,4.703707074591714e-05,3.539081241221481e-05,3.771463979849004e-19]]","[[390.23185824645077,195.18686611323614,161.79959583816836,124.70170629486346,95.24338688287415,90.64784280728632,75.73183997088778,60.98797149185639,49.55656364117996,48.153608662399236,46.68779265981902,37.755694463668874,35.72557611569003,30.26753208141558,30.015824533000373,27.7484789702651,26.16951182467305,24.52093847338149,23.218004471467978,21.97486352300743,19.833741908261363,18.780552148931818,17.260255681991797,15.782347748565027,13.995750653715579],[0.7423380483832878,0.0413961411670535,0.030044862686839372,0.01622669554731786,0.01493462766089819,0.01334795494303362,0.008635359163730797,0.00858812380253778,0.007472307698421401,0.006141673785286233,0.005839828756487235,0.005313553122293144,0.005020381533967758,0.004556158541703446,0.004446289103210422,0.004266952112082368,0.003807561447350817,0.0035116235294137053,0.00317728489648079,0.002955120837007024,0.002846713861877904,0.0025580120625277917,0.002488174648364155,0.002352844471243613,0.002243992141366113,0.0021510911041905654,0.002024133145368987,0.0018453810537454333,0.0017503906520543735,0.0016258034171987793,0.0014662017153086542,0.0009988791314739047]]","[[0.0030000000000000022,0.0030000000000000014,0.0030000000000000014,0.0030000000000000014,0.0030000000000000014,0.0030000000000000014,0.0030000000000000014,0.0030000000000000014,0.0030000000000000014,0.003000000000000001,0.0030000000000000005,0.0030000000000000005,0.0030000000000000005,0.0030000000000000005,0.003,0.003,0.0029999999999999996,0.0029999999999999996,0.0029999999999999996,0.0029999999999999996,0.002999999999999999,0.002999999999999999,0.002999999999999999,0.0029999999999999988,0.0029999999999999983],[0.003000000000000002,0.0030000000000000014,0.0030000000000000014,0.003000000000000001,0.0029999999999999996,0.0029999999999999996,0.002999999999999999,0.0029999999999999983,0.0029999999999999975,0.0029999999999999975]]",17.5,17.49999999999998,0.9999999999999998,0.9999999999999989,0.999999999999999,3.2791185072937056e-05,0.3417979871715539,0.0018475739721321982,0.01774823934929885,0.0030000000000000022,0.054350295328442016,0.05477644417458072,0.2107757090125233,32,5,2
26,MNISTPatchClassifier,MNIST patch filters=32 kernel=5 stride=2 lr=3e-03,1.0,0.003,Adam,1,3,512,64,2.3025481152388045,5.362878521530945e-05,0.859375,full_patch_and_classifier_activation,2.148701699685804,1.4068335394182547,1.5385620456896052,3.828070305174713e-05,6.0415558909703895e-05,"[[0.003845482979022417,0.001072444520725319,0.0004906452415266222,0.00026647033819496513,0.00023817493963274947,0.00016875525133029783,0.00010478745619427978,8.457052174708111e-05,6.643635193157565e-05,4.743601791141362e-05,4.4509103940193356e-05,3.9952233831141075e-05,3.694374839119614e-05,2.5347269229056942e-05,2.0687936910647992e-05,1.9065004728231317e-05,1.618296872283843e-05,1.5475868334273985e-05,1.2144402855335738e-05,1.1603846959211e-05,8.787752940647938e-06,7.166043285734176e-06,5.16831748743708e-06,4.677343193453173e-06,1.7835762073862088e-06],[0.0041884626535835965,0.0004613134428350478,0.00027403099993401935,0.0001359302726387817,0.00010623106089392663,5.6021880796608356e-05,4.1830801477809194e-05,3.998347449935079e-05,2.9100457328021226e-05,3.013630775760867e-19]]","[[390.23185824645077,195.18686611323614,161.79959583816836,124.70170629486346,95.24338688287415,90.64784280728632,75.73183997088778,60.98797149185639,49.55656364117996,48.153608662399236,46.68779265981902,37.755694463668874,35.72557611569003,30.26753208141558,30.015824533000373,27.7484789702651,26.16951182467305,24.52093847338149,23.218004471467978,21.97486352300743,19.833741908261363,18.780552148931818,17.260255681991797,15.782347748565027,13.995750653715579],[0.6832053875006124,0.03828677992356532,0.035932585191304066,0.016545875779011034,0.015456240620230507,0.013326883724336372,0.009548824541768686,0.008688242552005673,0.007369761137894147,0.006758175986341348,0.005820648444206674,0.005710465045263809,0.0050636374053907845,0.004520865726165503,0.004432466462402254,0.004157295408156749,0.0036239313218150875,0.003582192232308831,0.0033362592325527885,0.003258168434212041,0.0029686517566513,0.0027976724510152063,0.002623186399511623,0.002573546215425689,0.0024911743456567004,0.0022668856799899807,0.0020861726070351343,0.001888805437450792,0.0017452402575747544,0.0016152630544015183,0.0014988860399532309,0.0008965183721997072]]","[[0.01196847082702999,0.004004710285202968,0.0035508103402763975,0.0030512783046373845,0.002299477569014963,0.0016040443531501406,0.0014031213365170228,0.0011151735945908415,0.0009953655494476456,0.0008121705698226774,0.000771456136933306,0.0005392925959006534,0.0004419102207107111,0.0003903287332903161,0.0003633373996062713,0.0003121666692969519,0.0002603867444031565,0.00021884483773888943,0.0001562631622321272,0.0001364084169276528,0.00011302604920264438,7.871612509120051e-05,5.7286096871131424e-05,4.4081763225413554e-05,2.0001815428366984e-05],[0.009622533140490051,0.0039586458648261675,0.0020593435919056646,0.0019249235172002488,0.0011369216632872413,0.0006200199840639507,0.0004763540864622366,0.0003898509994552977,0.000326577666067445,0.0002268459004101321]]",4.896333122483252,1.322133101867055,0.30484227696237487,0.09125455981949623,0.28684801572556395,4.9856733571564684e-05,0.4808686973016808,0.002813602822112173,0.017719890376758012,0.01196847082702999,0.05401498869006095,0.056982631164444075,0.24691204214468598,32,5,2
27,MNISTPatchClassifier,MNIST patch filters=32 kernel=5 stride=2 lr=3e-03,1.0,0.003,Muon,1,3,512,64,2.30256731960503,3.889941394685792e-05,0.8828125,full_patch_and_classifier_activation,1.9559942474166192,1.40599221994893,1.41408401879728,3.824941579449495e-05,5.717303674708888e-05,"[[0.004550115788192254,0.001005544015443361,0.0004420499215503741,0.000283294623874666,0.0002662080284299907,0.00016016119421783257,0.00011198909194622178,9.409636839753435e-05,7.079180159775689e-05,5.338565995856973e-05,4.413912253363992e-05,3.5296337375380436e-05,3.0800488392709585e-05,2.3819994160538936e-05,2.3425678440777567e-05,1.7235374413691654e-05,1.5290544933192796e-05,1.4151324754438365e-05,1.2206082584017444e-05,1.1135120949505073e-05,9.351813552719449e-06,8.086309031702582e-06,6.3641059913459655e-06,4.415329883353985e-06,3.919246003260916e-06],[0.004584115783271668,0.00039027429717227623,0.0003002758858112798,0.00012575511749579523,9.621908944708489e-05,5.484108465727768e-05,3.9912981495818884e-05,3.722086325679352e-05,3.160828351539816e-05,4.079732386068091e-19]]","[[390.23185824645077,195.18686611323614,161.79959583816836,124.70170629486346,95.24338688287415,90.64784280728632,75.73183997088778,60.98797149185639,49.55656364117996,48.153608662399236,46.68779265981902,37.755694463668874,35.72557611569003,30.26753208141558,30.015824533000373,27.7484789702651,26.16951182467305,24.52093847338149,23.218004471467978,21.97486352300743,19.833741908261363,18.780552148931818,17.260255681991797,15.782347748565027,13.995750653715579],[0.7460407161013849,0.04109530691659378,0.030855468091829208,0.016111340443782304,0.014965235905266897,0.013448920729137804,0.008930391977750238,0.008547722650240928,0.007251592909155478,0.0061743597293829975,0.005741951564371061,0.00553871133571929,0.004998059690223338,0.004641167787587483,0.004437246967063649,0.004387038867968273,0.003726418840048662,0.00355824982651352,0.003205557877551937,0.003000918903297185,0.0028662722625001544,0.0025837030955151302,0.0024093017304861407,0.0023729389422263198,0.0022740859737738796,0.0021155780245259315,0.0020259142345349325,0.0019043598501542686,0.001772372747813266,0.001639464216243,0.0014561992819607178,0.001022058010611484]]","[[0.0030000000000000014,0.0030000000000000014,0.0030000000000000014,0.0030000000000000014,0.003000000000000001,0.003000000000000001,0.003000000000000001,0.0030000000000000005,0.0030000000000000005,0.0030000000000000005,0.0030000000000000005,0.0030000000000000005,0.0030000000000000005,0.0030000000000000005,0.0030000000000000005,0.0030000000000000005,0.0029999999999999996,0.0029999999999999996,0.002999999999999999,0.002999999999999999,0.002999999999999999,0.002999999999999999,0.002999999999999999,0.002999999999999999,0.002999999999999999],[0.003000000000000001,0.0030000000000000005,0.0030000000000000005,0.003,0.003,0.003,0.003,0.0029999999999999996,0.0029999999999999983,0.0029999999999999983]]",17.5,17.499999999999986,1.0,0.9999999999999993,0.9999999999999993,3.8872490258196686e-05,0.3324190481839071,0.002190216702240516,0.017748239349298846,0.0030000000000000014,0.054014988690060946,0.0543776563681013,0.28053095913492143,32,5,2
26,MNISTPatchClassifier,MNIST patch filters=32 kernel=5 stride=2 lr=3e-03,1.0,0.003,Adam,1,4,512,64,2.3025258570272737,4.569187549385845e-05,0.88671875,full_patch_and_classifier_activation,2.430930407185905,1.4061477604601382,1.7258463794102494,1.737963409016532e-05,2.9814457301762575e-05,"[[0.002219995405844846,0.0005187768944428997,0.0003375650441692905,0.00023451928845809683,0.00014866656356951534,0.00010878655564765714,8.642712362433519e-05,7.799374192592381e-05,6.734085808791372e-05,5.5113798053659275e-05,4.519919241718613e-05,3.486654727936986e-05,3.414543391982994e-05,2.9103748533454305e-05,2.2467287107217856e-05,2.0363661481553948e-05,1.8682910886583837e-05,1.3323320917573185e-05,1.1004757665401933e-05,1.0447020180240247e-05,9.194510208492383e-06,6.882384744326807e-06,5.1244903437405194e-06,4.89651600216987e-06,3.942054925223085e-06],[0.0030590258686537712,0.0004294630773717887,0.0002268569575314768,9.039179978348438e-05,7.620520840160573e-05,6.901638919411722e-05,5.107080607621683e-05,3.741000041098422e-05,3.690467172624768e-05,3.810472529382931e-19]]","[[390.23185824645077,195.18686611323614,161.79959583816836,124.70170629486346,95.24338688287415,90.64784280728632,75.73183997088778,60.98797149185639,49.55656364117996,48.153608662399236,46.68779265981902,37.755694463668874,35.72557611569003,30.26753208141558,30.015824533000373,27.7484789702651,26.16951182467305,24.52093847338149,23.218004471467978,21.97486352300743,19.833741908261363,18.780552148931818,17.260255681991797,15.782347748565027,13.995750653715579],[0.7439002030456613,0.03865763662495556,0.035951916652679106,0.016894010770366952,0.015091088949999413,0.0122206724014579,0.00935587359671403,0.008255518567901568,0.0072786763843728265,0.006296725976107538,0.0058275056416504266,0.005681862017311346,0.004869081588580323,0.0047245011172489075,0.004308337287264091,0.003968030020794921,0.0036019558754978105,0.0035285515164478793,0.003328111004369312,0.003076096679908423,0.002993901164533425,0.002824236894465264,0.0025881199188711006,0.0025438538016516556,0.002347191374302425,0.002110859954349167,0.0020168941798879817,0.001946166554605382,0.0017477082223404394,0.0014897354915504196,0.0014810683077089728,0.0010677426817869925]]","[[0.012687116735365225,0.003818751917672263,0.003067454699703384,0.002743460093525251,0.0020226943654842065,0.0014678429757034657,0.0012238983850458198,0.00097900456996198,0.0008935971885285657,0.000740583192025851,0.0006991013754146304,0.0005389213716923511,0.0004423394894079019,0.0003696603570666489,0.000336096654222109,0.00026922332204275143,0.00021874902928804003,0.00016987145453768428,0.00014891557260839576,0.00010975566668669242,9.493180588725694e-05,7.163200617848826e-05,4.96465067207649e-05,3.64087352975153e-05,3.337875071384352e-05],[0.009378907260510484,0.003907719544624935,0.0019665528327021103,0.0016716552029443354,0.0009927710099504213,0.000581431904271941,0.00045774899171644964,0.00040965973971110936,0.0003783677448408884,0.00028204384186289824]]",4.500909551833463,1.2691547985437488,0.2876404611517193,0.08890217372942413,0.2942047565384494,4.245983739729367e-05,0.6159885854184224,0.0023893940803681227,0.017770127475477834,0.012687116735365225,0.05380652965562715,0.0561267029747794,0.31874758400954306,32,5,2
27,MNISTPatchClassifier,MNIST patch filters=32 kernel=5 stride=2 lr=3e-03,1.0,0.003,Muon,1,4,512,64,2.3026064569136127,2.3978477321939806e-05,0.8828125,full_patch_and_classifier_activation,2.4698916536989377,1.4062370999629143,1.741334905581834,1.7533536500164843e-05,2.9601658366503692e-05,"[[0.0021550659431970477,0.00047114064993488905,0.0003511714311250912,0.00021661556821402276,0.00016136324050877648,0.00012858238173969665,8.870869046333103e-05,7.09776095078891e-05,6.46572916020859e-05,5.742545025387668e-05,5.0320267559237874e-05,4.505419689051229e-05,3.520033097261492e-05,2.9445915658494933e-05,2.4191580478592703e-05,2.180130151694654e-05,2.0901150076374497e-05,1.6593891817920817e-05,1.4813311650981196e-05,1.2274004447782174e-05,9.859863089536792e-06,7.782596143922598e-06,6.327669513135998e-06,4.990516599432639e-06,2.570967068566647e-06],[0.003106702353669181,0.0003800684237931776,0.00025742299462500886,9.622214158872372e-05,7.857962603239953e-05,6.73273101966947e-05,4.594136896372278e-05,4.0577070427687135e-05,2.7622310725406174e-05,2.2752816399770934e-19]]","[[390.23185824645077,195.18686611323614,161.79959583816836,124.70170629486346,95.24338688287415,90.64784280728632,75.73183997088778,60.98797149185639,49.55656364117996,48.153608662399236,46.68779265981902,37.755694463668874,35.72557611569003,30.26753208141558,30.015824533000373,27.7484789702651,26.16951182467305,24.52093847338149,23.218004471467978,21.97486352300743,19.833741908261363,18.780552148931818,17.260255681991797,15.782347748565027,13.995750653715579],[0.7509199300638028,0.04311916046534678,0.03307282546163016,0.016030961286031677,0.014863215812633631,0.013657046816781374,0.009052770932714374,0.008874216742752032,0.007299192084025582,0.006095222328570714,0.0057606753510058934,0.005654491445366077,0.005080688253124784,0.0047613872202836695,0.004662552361432585,0.004294707897674464,0.0038601039385224,0.0034861769136381978,0.003182622709470565,0.003050916337870383,0.002875079119251004,0.002657882099514561,0.0024738025626631784,0.0023477834411597697,0.002271286550187972,0.0021209581542888196,0.0020000247587995392,0.0019447953963069205,0.001814417867128037,0.0016611062199679816,0.0014190037513185354,0.0010093808227855318]]","[[0.0030000000000000027,0.0030000000000000027,0.0030000000000000027,0.0030000000000000022,0.0030000000000000022,0.0030000000000000022,0.003000000000000002,0.003000000000000002,0.003000000000000002,0.003000000000000002,0.003000000000000002,0.0030000000000000014,0.0030000000000000014,0.0030000000000000014,0.003000000000000001,0.003000000000000001,0.0030000000000000005,0.0030000000000000005,0.003,0.003,0.003,0.0029999999999999996,0.0029999999999999996,0.002999999999999999,0.0029999999999999988],[0.003000000000000002,0.003000000000000001,0.003000000000000001,0.003000000000000001,0.0030000000000000005,0.003,0.003,0.003,0.0029999999999999996,0.0029999999999999988]]",17.500000000000004,17.499999999999986,1.0,0.9999999999999992,0.9999999999999991,2.450489826015829e-05,0.3565493420017545,0.0013806946017508128,0.017748239349298856,0.0030000000000000027,0.053806529655627135,0.05411187203112595,0.35255804215557873,32,5,2
26,MNISTPatchClassifier,MNIST patch filters=32 kernel=5 stride=2 lr=3e-03,1.0,0.003,Adam,1,5,512,64,2.3025119779948544,,0.88671875,full_patch_and_classifier_activation,2.2550985372262677,1.4054214019998694,1.5874839320050784,3.4629854533800434e-05,5.2893948770039966e-05,"[[0.0037517412087254044,0.0008439507869577742,0.0005887630275103342,0.0003598496407396487,0.00027846111553057743,0.00021762054790248417,0.00015088424595863722,9.944617575883844e-05,8.874202584529799e-05,7.218891939180627e-05,5.6767127502370736e-05,4.3707735055999534e-05,3.8605386860847895e-05,3.640898356528908e-05,2.962376996603158e-05,2.464980034499892e-05,2.0181622743684574e-05,1.6035815763337596e-05,1.5055737157173679e-05,1.2938211878437645e-05,9.181944875572318e-06,7.352687291319737e-06,6.306180380316966e-06,5.479098616649896e-06,3.6750983692616003e-06],[0.005033475503148269,0.0005757633925589873,0.00020545917401763408,0.00016745536513218805,0.00011505667261626138,7.527194231898194e-05,5.4932330960746244e-05,4.074305567935293e-05,2.2482526293059103e-05,2.619927298010248e-19]]","[[390.23185824645077,195.18686611323614,161.79959583816836,124.70170629486346,95.24338688287415,90.64784280728632,75.73183997088778,60.98797149185639,49.55656364117996,48.153608662399236,46.68779265981902,37.755694463668874,35.72557611569003,30.26753208141558,30.015824533000373,27.7484789702651,26.16951182467305,24.52093847338149,23.218004471467978,21.97486352300743,19.833741908261363,18.780552148931818,17.260255681991797,15.782347748565027,13.995750653715579],[0.8625072158260635,0.04001533458694799,0.03855024771193786,0.01756224391895534,0.014802779426056647,0.011499554667730826,0.009436604735523445,0.00787828525978562,0.007393916852822128,0.005994787597348436,0.005632793952582588,0.00557581493987999,0.005202122426194496,0.004529960029439424,0.004202782016648298,0.0038268629343091803,0.00355534776805988,0.0034885721204418506,0.003160546963414753,0.002963931129913502,0.0028102333362761737,0.0026950373279620078,0.0024663304897832015,0.002241861917861018,0.0022033217824490967,0.0020659127303922866,0.0018113867784136004,0.0016822740568561338,0.0016487496066796537,0.0014595663108679362,0.0014106357958608721,0.0012371555910888879]]",,,,,,,,,,,,,,0.388636999996379,32,5,2
27,MNISTPatchClassifier,MNIST patch filters=32 kernel=5 stride=2 lr=3e-03,1.0,0.003,Muon,1,5,512,64,2.3025586606281294,,0.8828125,full_patch_and_classifier_activation,2.2839873509671387,1.4064794139912182,1.621544734086295,3.5083153918080304e-05,5.659692406873152e-05,"[[0.0036406458961981765,0.0007177330826130698,0.00044384438194590485,0.0003645421048352911,0.0003009783857646368,0.0002383456015707642,0.00015886218657325856,0.00011191402239660113,8.875996807722488e-05,7.239434286615849e-05,6.028681302881683e-05,5.944990825634277e-05,4.588798552947273e-05,3.389426089855791e-05,2.6486505304439425e-05,2.3047769490374683e-05,2.1860982013616397e-05,1.6907650178577667e-05,1.659663002559657e-05,1.2512221771175253e-05,1.1030389893324418e-05,7.692492534188953e-06,6.879410193987615e-06,4.833362203761e-06,3.425701881047185e-06],[0.004304592449366308,0.0005532428674826496,0.00020959745462863347,0.0001704494807377216,0.00010419360394680332,7.583081959202929e-05,6.314397026128775e-05,4.140338172337456e-05,2.5414614204513456e-05,2.4018187563394495e-19]]","[[390.23185824645077,195.18686611323614,161.79959583816836,124.70170629486346,95.24338688287415,90.64784280728632,75.73183997088778,60.98797149185639,49.55656364117996,48.153608662399236,46.68779265981902,37.755694463668874,35.72557611569003,30.26753208141558,30.015824533000373,27.7484789702651,26.16951182467305,24.52093847338149,23.218004471467978,21.97486352300743,19.833741908261363,18.780552148931818,17.260255681991797,15.782347748565027,13.995750653715579],[0.7345885346957504,0.04231220216890628,0.035097549531050064,0.016314181042038488,0.014828202483928679,0.013561588249173653,0.009253318580048913,0.008871248664168323,0.007178778352744237,0.006303199781361126,0.005916592714720202,0.0057645733809381285,0.005034566914512059,0.004846944438518119,0.004681724028213589,0.004140579606739608,0.003879504288790939,0.0035228803413436824,0.003257927513648851,0.0031428402250641336,0.002937130748806415,0.002668288394120772,0.0024163113642545987,0.0024106358821363006,0.002326758634686361,0.0021129633015457604,0.0020274046176631515,0.001990974682103164,0.0018222625881948577,0.001710301087831153,0.001470937912208588,0.0010203362226590901]]",,,,,,,,,,,,,,0.42164350021630526,32,5,2
28,MNISTPatchClassifier,MNIST patch filters=32 kernel=5 stride=2 lr=3e-03,1.0,0.003,Adam,2,0,512,64,2.302454217058779,8.184507595165869e-05,0.888671875,full_patch_and_classifier_activation,2.080126882220065,1.41677032926434,1.4337817495737184,4.598896990749511e-05,6.0471440370620135e-05,"[[0.004571627543865357,0.0008882729103839112,0.0005818614716304829,0.00046727503006889,0.00041803965665439605,0.00023229737019106784,0.00015052190534073752,0.00011909532705196789,9.580868204380208e-05,8.875501604241489e-05,6.953820235904708e-05,5.986783010549338e-05,4.7087768336797944e-05,3.698062221983485e-05,2.777359171410635e-05,2.520565517388318e-05,2.319745191022101e-05,2.1240974531919036e-05,1.828656062292636e-05,1.603780493550409e-05,1.1586636732853887e-05,1.066807613893318e-05,7.0826910886762896e-06,5.441708824043208e-06,3.720623669714407e-06],[0.005744085151882932,0.0003212327767990234,0.0001465267237568102,0.00013469322581067167,8.823758215615124e-05,6.108577791412978e-05,5.714495183737229e-05,3.7447397061279156e-05,3.314081497454104e-05,6.143000123859437e-19]]","[[385.4631266039292,193.67353929315215,163.5305164540714,123.66467601351606,96.43792511662514,92.57642915252309,74.85731861801413,61.4777093141017,49.55457513665488,48.955697500583675,45.84377864680122,37.75946415749075,35.91847983117771,30.072392062238123,30.01825061553237,28.280470726059434,26.556973510387824,24.504327569148856,23.662344317995107,21.60515119876028,19.950283507702544,18.95950195925815,16.96441509084872,15.994711848174608,14.108516018558104],[0.8490744559978352,0.04461225075440609,0.0303871914348722,0.02516120918306079,0.015042081059008176,0.013592730993775443,0.01014914214248984,0.009176579410781704,0.008068911512568128,0.00769173046387284,0.006981419608371542,0.006354557715893461,0.005491256500774589,0.004950450488525848,0.004774030939822882,0.004216412465969473,0.003962557065595234,0.0037982302325839166,0.00369500524779568,0.0035696190747331403,0.003166038857560886,0.002839012464364608,0.0028128964260852604,0.0026073297499436747,0.0025101435914327776,0.002442629886794351,0.002269924959022635,0.0021103525437375843,0.0018831119010662082,0.001799603665880958,0.0015392302936880777,0.0010082612776181903]]","[[0.013503890013840945,0.0036552258510156445,0.0029036448403378964,0.00251767822131347,0.002143375177256691,0.0018112694479253749,0.0016919693172032062,0.00121332612604857,0.0010629157888881655,0.0006988702097650185,0.000529663555166725,3.382075064342464e-06,2.668853660747955e-06,1.2491732270573344e-06,8.187161613871927e-07,4.543550412827674e-07,4.2726749095757433e-07,2.0661022941797273e-07,1.918885318524382e-07,7.304516665108826e-08,3.779875889056955e-08,3.64323267599491e-08,2.0071551795202907e-08,1.0329596767193394e-08,5.466254242672887e-09],[0.008785745413814158,0.002637534205655142,0.002003944658566417,0.0012214005464488704,0.0008674377230671702,1.2906133830650239e-06,2.1017192686046245e-07,5.923818170393688e-08,3.684471063898397e-08,1.496719820406902e-08]]",3.574734611367913,1.201427133194903,0.2228950183668269,0.08319379970867083,0.35714030508064776,7.94133905493018e-05,0.5995392510151258,0.004474437660343982,0.01774823934929886,0.013503890013840945,0.05323558392374318,0.05303722468493825,0.03631441714242101,32,5,2
29,MNISTPatchClassifier,MNIST patch filters=32 kernel=5 stride=2 lr=3e-03,1.0,0.003,Muon,2,0,512,64,2.302454217058779,4.44384161064626e-05,0.888671875,full_patch_and_classifier_activation,2.080126882220065,1.41677032926434,1.4337817495737184,4.598896990749511e-05,6.0471440370620135e-05,"[[0.004571627543865357,0.0008882729103839112,0.0005818614716304829,0.00046727503006889,0.00041803965665439605,0.00023229737019106784,0.00015052190534073752,0.00011909532705196789,9.580868204380208e-05,8.875501604241489e-05,6.953820235904708e-05,5.986783010549338e-05,4.7087768336797944e-05,3.698062221983485e-05,2.777359171410635e-05,2.520565517388318e-05,2.319745191022101e-05,2.1240974531919036e-05,1.828656062292636e-05,1.603780493550409e-05,1.1586636732853887e-05,1.066807613893318e-05,7.0826910886762896e-06,5.441708824043208e-06,3.720623669714407e-06],[0.005744085151882932,0.0003212327767990234,0.0001465267237568102,0.00013469322581067167,8.823758215615124e-05,6.108577791412978e-05,5.714495183737229e-05,3.7447397061279156e-05,3.314081497454104e-05,6.143000123859437e-19]]","[[385.4631266039292,193.67353929315215,163.5305164540714,123.66467601351606,96.43792511662514,92.57642915252309,74.85731861801413,61.4777093141017,49.55457513665488,48.955697500583675,45.84377864680122,37.75946415749075,35.91847983117771,30.072392062238123,30.01825061553237,28.280470726059434,26.556973510387824,24.504327569148856,23.662344317995107,21.60515119876028,19.950283507702544,18.95950195925815,16.96441509084872,15.994711848174608,14.108516018558104],[0.8490744559978352,0.04461225075440609,0.0303871914348722,0.02516120918306079,0.015042081059008176,0.013592730993775443,0.01014914214248984,0.009176579410781704,0.008068911512568128,0.00769173046387284,0.006981419608371542,0.006354557715893461,0.005491256500774589,0.004950450488525848,0.004774030939822882,0.004216412465969473,0.003962557065595234,0.0037982302325839166,0.00369500524779568,0.0035696190747331403,0.003166038857560886,0.002839012464364608,0.0028128964260852604,0.0026073297499436747,0.0025101435914327776,0.002442629886794351,0.002269924959022635,0.0021103525437375843,0.0018831119010662082,0.001799603665880958,0.0015392302936880777,0.0010082612776181903]]","[[0.0030000000000000027,0.0030000000000000027,0.003000000000000002,0.0030000000000000014,0.0030000000000000014,0.0030000000000000014,0.0030000000000000014,0.003000000000000001,0.003000000000000001,0.003000000000000001,0.003000000000000001,0.003000000000000001,0.003000000000000001,0.0030000000000000005,0.0030000000000000005,0.0030000000000000005,0.0030000000000000005,0.003,0.003,0.0029999999999999996,0.0029999999999999996,0.0029999999999999996,0.002999999999999999,0.0029999999999999988,0.0029999999999999983],[0.0030000000000000022,0.0030000000000000022,0.003000000000000001,0.0030000000000000005,0.0030000000000000005,0.0030000000000000005,0.0030000000000000005,0.003,0.002999999999999999,0.0029999999999999983]]",17.5,17.49999999999998,1.0,0.9999999999999987,0.9999999999999989,4.3862596541489696e-05,0.3311450134059865,0.0024713773393653543,0.017748239349298856,0.0030000000000000027,0.053235583923743175,0.053002325954925586,0.06965666706673801,32,5,2
28,MNISTPatchClassifier,MNIST patch filters=32 kernel=5 stride=2 lr=3e-03,1.0,0.003,Adam,2,1,512,64,2.3024013953254783,9.336003110149704e-05,0.888671875,full_patch_and_classifier_activation,1.7747651278731182,1.4161516145046442,1.2819289767261477,3.956479626800953e-05,5.4631057023084563e-05,"[[0.0061944034983087305,0.0007821040174616298,0.0006074027523466554,0.0004360570004866765,0.00030373672932745784,0.00023601494088171498,0.00012731343951982718,0.00011006354050575317,8.977690450938624e-05,6.995308812805334e-05,5.419177412131178e-05,4.6323208849880854e-05,4.060386406939683e-05,3.0763729032928464e-05,2.6555731358688613e-05,2.439473034466816e-05,1.8204698267513073e-05,1.4722391084812596e-05,1.2975644863435383e-05,1.0711178672408921e-05,1.005702844036244e-05,8.414360488179251e-06,6.270831878336608e-06,4.4287004208648595e-06,3.1308000717553053e-06],[0.005878639990133419,0.0004065174483156547,0.00024001723102564954,0.00013006022955742454,9.266468993221156e-05,6.403376148212821e-05,5.9704215848376515e-05,4.7263897769462725e-05,3.249794462466847e-05,3.856156157910439e-19]]","[[385.4631266039292,193.67353929315215,163.5305164540714,123.66467601351606,96.43792511662514,92.57642915252309,74.85731861801413,61.4777093141017,49.55457513665488,48.955697500583675,45.84377864680122,37.75946415749075,35.91847983117771,30.072392062238123,30.01825061553237,28.280470726059434,26.556973510387824,24.504327569148856,23.662344317995107,21.60515119876028,19.950283507702544,18.95950195925815,16.96441509084872,15.994711848174608,14.108516018558104],[0.9380958801090638,0.04435184243740841,0.030527852237844825,0.02411572838027009,0.01585661643040437,0.014369875878060758,0.009273009830836737,0.008587325122101235,0.007484628065827526,0.007374483958434483,0.006894696693649365,0.006509833181019272,0.005142041396749888,0.004870276900602891,0.0045778986416042935,0.004111051380726046,0.003754109387664161,0.003540841382962574,0.003448454439884319,0.0032774513365702042,0.003087844149396694,0.0026844091505664612,0.0025934983919545795,0.00250072228007077,0.0024190287722974926,0.0023152813785734653,0.002160295346720619,0.002027476901952116,0.0019213139194118193,0.0017193428652705787,0.0014879180150243745,0.0010759772992060288]]","[[0.014416386939735027,0.0027068212630309914,0.0024349524211433227,0.001860857738373845,0.0013963217917129056,0.0011391594047796634,0.0008799231363414417,0.0008156194443579985,0.0006732809182621923,0.0004934428872348534,0.0003667893616779952,0.00028062036507493933,0.00022602362399995249,0.00018747186726376762,0.00014952044467623975,0.00010470115715275332,7.188703701293357e-05,6.558668627226198e-05,5.724738168494555e-05,5.0839799867369224e-05,4.32307988656422e-05,2.8986247191934443e-05,2.1701241581721957e-05,1.4579503815676321e-05,9.290959419629452e-06],[0.008617328700578826,0.0023205446721244363,0.0018754919806818575,0.0009478009892482766,0.000766321096535699,0.00039344217100655487,0.00024817991869924256,0.00018827606403744418,0.0001477130447451693,5.471946285628244e-05]]",3.188433549376798,1.1258271095532395,0.21306470310717707,0.0793415385175842,0.35769614201407685,9.013602894775885e-05,0.5879638639023296,0.00507690438620129,0.01775413166983073,0.014416386939735027,0.053039650902504516,0.05233344954267774,0.10689712502062321,32,5,2
29,MNISTPatchClassifier,MNIST patch filters=32 kernel=5 stride=2 lr=3e-03,1.0,0.003,Muon,2,1,512,64,2.302423796298616,4.7938585922668864e-05,0.888671875,full_patch_and_classifier_activation,1.8310095490868212,1.4165675547063845,1.3188339017939223,3.963569335992575e-05,5.58643221908112e-05,"[[0.0059486809416067375,0.0007642083356436429,0.0006142132161270184,0.0004819720906774289,0.0003213598503207271,0.00023785899454766563,0.00012540052538153416,0.0001021792683903047,9.558393160791314e-05,8.374926425103662e-05,6.25651884405038e-05,4.428118038097132e-05,4.026297184103092e-05,2.9825274428586002e-05,2.7662991633729774e-05,2.4269615145557428e-05,1.7688856447167052e-05,1.5404816467447945e-05,1.3600830635263644e-05,9.565430876943145e-06,8.508225875732844e-06,7.773641418210222e-06,4.316900127754137e-06,3.694544816818322e-06,2.2587572650568492e-06],[0.005557692550492295,0.00042509355071227177,0.0002393396772134898,0.0001346799874148296,8.99756668998873e-05,6.316660919361649e-05,6.178131664142968e-05,4.515422807560091e-05,3.0173944052425176e-05,5.81503656150148e-19]]","[[385.4631266039292,193.67353929315215,163.5305164540714,123.66467601351606,96.43792511662514,92.57642915252309,74.85731861801413,61.4777093141017,49.55457513665488,48.955697500583675,45.84377864680122,37.75946415749075,35.91847983117771,30.072392062238123,30.01825061553237,28.280470726059434,26.556973510387824,24.504327569148856,23.662344317995107,21.60515119876028,19.950283507702544,18.95950195925815,16.96441509084872,15.994711848174608,14.108516018558104],[0.8867010748616136,0.045350220847672984,0.03081459639415286,0.024847901478517682,0.015360360561207247,0.013974635306440782,0.010152785373417624,0.009210910771536343,0.007859920021505892,0.0076264843709636,0.006909647442723176,0.006564949387150788,0.005408683815620412,0.005209316730718581,0.004849170893007374,0.004209191343770275,0.004041499288611459,0.0037521253823620854,0.0036833779388311936,0.0035954914944502565,0.0031192688779321737,0.0027627917156906987,0.002719056580570562,0.0025903001145835386,0.0024483595661012347,0.002386571392175462,0.0022818069394306825,0.002044086752914284,0.0018499394929798478,0.0018076914600209757,0.001503264884934656,0.0009960455203268587]]","[[0.0030000000000000027,0.003000000000000002,0.003000000000000002,0.0030000000000000014,0.0030000000000000014,0.003000000000000001,0.003000000000000001,0.003000000000000001,0.0030000000000000005,0.0030000000000000005,0.0030000000000000005,0.0030000000000000005,0.0030000000000000005,0.003,0.003,0.003,0.003,0.003,0.0029999999999999996,0.0029999999999999996,0.0029999999999999996,0.002999999999999999,0.002999999999999999,0.002999999999999999,0.0029999999999999988],[0.003000000000000002,0.003000000000000002,0.0030000000000000014,0.003000000000000001,0.0030000000000000005,0.0030000000000000005,0.002999999999999999,0.002999999999999999,0.0029999999999999988,0.0029999999999999983]]",17.5,17.499999999999975,1.0000000000000002,0.9999999999999987,0.9999999999999984,4.720182952515189e-05,0.3226183063975939,0.0026595218036101487,0.01774823934929885,0.0030000000000000027,0.053039650902504516,0.052825277949697005,0.14064862509258091,32,5,2
28,MNISTPatchClassifier,MNIST patch filters=32 kernel=5 stride=2 lr=3e-03,1.0,0.003,Adam,2,2,512,64,2.3026701415936666,6.040539888552132e-05,0.888671875,full_patch_and_classifier_activation,1.9436377328375953,1.4155389698687797,1.3611121403907056,3.782885491955668e-05,4.9933520292777345e-05,"[[0.005888769725502609,0.0010661081746229748,0.0008423859724229231,0.0004347796409505442,0.00031317561819638754,0.00021752553749336694,0.00019908112565205177,0.00011766339543101304,0.00011133432594543129,0.000106066585318048,8.129585913264824e-05,7.055499353500348e-05,6.213529945239505e-05,4.456887194930482e-05,3.665172376003738e-05,2.8258294481034063e-05,2.5059010366679068e-05,2.1466891104722435e-05,1.6855745608673785e-05,1.4412110304542203e-05,1.1364984018390873e-05,7.503286024089245e-06,7.190150209291846e-06,3.884748788111007e-06,2.7545629377231624e-06],[0.006498067040474506,0.0004184168547726168,0.00016096065615867872,0.0001545488477262303,0.00010492108451386445,6.843500182740463e-05,4.598859626907038e-05,2.956558816070359e-05,2.0823753862244602e-05,3.2260357903557773e-19]]","[[385.4631266039292,193.67353929315215,163.5305164540714,123.66467601351606,96.43792511662514,92.57642915252309,74.85731861801413,61.4777093141017,49.55457513665488,48.955697500583675,45.84377864680122,37.75946415749075,35.91847983117771,30.072392062238123,30.01825061553237,28.280470726059434,26.556973510387824,24.504327569148856,23.662344317995107,21.60515119876028,19.950283507702544,18.95950195925815,16.96441509084872,15.994711848174608,14.108516018558104],[1.0595589194435158,0.04318532179643192,0.03177051536525683,0.022575440535267957,0.01647668058261827,0.015115697604175674,0.00837722426628768,0.007963861982639276,0.00696516537009377,0.006707973984328079,0.006418471140236484,0.00597414034238539,0.004883673588999062,0.004452706142269003,0.004261198443563485,0.004007119703503436,0.003642640280801536,0.0031556531030563135,0.00309386918269525,0.002933337054333373,0.00281948810146356,0.0026853375746441685,0.0025360406027284685,0.0023776256060601187,0.0021732199934342326,0.002056777567011117,0.0019789850781926953,0.001911483046407995,0.0017007154647020247,0.001572391770209846,0.0014308074152259882,0.0010498892045463074]]","[[0.013702058739323576,0.0034421150288240485,0.0026388806445597703,0.002117857344670912,0.001766424491741864,0.0014177754472636456,0.0010959656005643749,0.0009274203581722259,0.0008185395895358795,0.00056922024106316,0.000509952616086961,0.00039367718537266133,0.0003643033955174114,0.00026008935351087457,0.00023584957775139032,0.00018103228359904293,0.00012868229195292874,0.00010203778732483136,7.370182221879404e-05,7.195433800832529e-05,5.271766167336019e-05,4.411739460234624e-05,3.754452869910457e-05,2.229484473227968e-05,1.6482780426414088e-05],[0.009372079772187663,0.0019623189477001343,0.001498266232782035,0.0008634027355390096,0.0007822105527757301,0.0005585296158169003,0.00042018413147796907,0.0002793830806377098,0.00012980839921129106,8.947374047064434e-05]]",3.5106145929962773,1.1316279609037163,0.220081245709426,0.07801259558447315,0.3397352506277376,6.011816739691692e-05,0.3795593809810991,0.003382673479172514,0.017772382633757286,0.013702058739323576,0.052783930350896596,0.05298811410481649,0.177283083088696,32,5,2
29,MNISTPatchClassifier,MNIST patch filters=32 kernel=5 stride=2 lr=3e-03,1.0,0.003,Muon,2,2,512,64,2.302627490527,4.693364992114368e-05,0.888671875,full_patch_and_classifier_activation,2.257674734095484,1.4164181588057798,1.549730758594629,3.793380001583812e-05,5.3005602335141276e-05,"[[0.004838166592505583,0.0011478821053034123,0.0008857298781175664,0.0004844921747615253,0.000393473458245959,0.0002350278437779134,0.00019985996561470924,0.00011705124312105191,0.00011399742993976603,9.890084335486066e-05,9.656937394251633e-05,8.337649519386849e-05,7.15254639009628e-05,4.309038860370086e-05,3.929843841410045e-05,3.395976344259323e-05,2.4797442548342566e-05,2.1968043311895754e-05,1.7505162012469534e-05,1.5543161699748155e-05,1.3065039163549458e-05,1.0952920494993137e-05,6.541675903961843e-06,5.174311676559286e-06,4.716493497192313e-06],[0.005654710571934772,0.000423962346446345,0.00017083358461151575,0.00015940352933700619,0.00011912619992412876,7.949939886375698e-05,5.4268004384778235e-05,3.7884707169046586e-05,3.068496028468671e-05,3.2404039419501065e-19]]","[[385.4631266039292,193.67353929315215,163.5305164540714,123.66467601351606,96.43792511662514,92.57642915252309,74.85731861801413,61.4777093141017,49.55457513665488,48.955697500583675,45.84377864680122,37.75946415749075,35.91847983117771,30.072392062238123,30.01825061553237,28.280470726059434,26.556973510387824,24.504327569148856,23.662344317995107,21.60515119876028,19.950283507702544,18.95950195925815,16.96441509084872,15.994711848174608,14.108516018558104],[0.9218449468092151,0.0458047275671998,0.031921905341347055,0.02463953379877973,0.015697437752629002,0.01438266285924539,0.01037047326524558,0.009151340909920418,0.007834182117372432,0.0075562862350586485,0.007121190919643631,0.006472671130335376,0.0054892968935728904,0.005181727356046986,0.004776922486333655,0.004259771476407118,0.0040995995427033595,0.003743189770802571,0.0036775083032767066,0.00353333671095336,0.0030651339655406538,0.0027619929684973574,0.002612344699207144,0.0025505727041188553,0.0023652949400850484,0.0022834897895726734,0.002274363606714725,0.001989158003855099,0.0017902408200512507,0.0017662727113224022,0.0014375482201746971,0.0009549933414950531]]","[[0.0030000000000000014,0.0030000000000000005,0.0030000000000000005,0.0030000000000000005,0.0030000000000000005,0.0030000000000000005,0.0030000000000000005,0.0029999999999999996,0.0029999999999999996,0.0029999999999999996,0.0029999999999999996,0.0029999999999999996,0.0029999999999999996,0.002999999999999999,0.002999999999999999,0.002999999999999999,0.002999999999999999,0.002999999999999999,0.002999999999999999,0.002999999999999999,0.002999999999999999,0.0029999999999999983,0.0029999999999999983,0.002999999999999998,0.002999999999999998],[0.003000000000000002,0.003000000000000001,0.0030000000000000005,0.0030000000000000005,0.0030000000000000005,0.003,0.0029999999999999996,0.0029999999999999996,0.002999999999999999,0.0029999999999999988]]",17.500000000000004,17.49999999999998,1.0000000000000002,0.9999999999999987,0.9999999999999986,4.7199117034514505e-05,0.3483072403342257,0.0026593689720766102,0.017748239349298842,0.003000000000000002,0.05278393035089661,0.05260281325755791,0.21018412499688566,32,5,2
28,MNISTPatchClassifier,MNIST patch filters=32 kernel=5 stride=2 lr=3e-03,1.0,0.003,Adam,2,3,512,64,2.3022224927343387,9.576165651958846e-05,0.888671875,full_patch_and_classifier_activation,1.6712449074064093,1.415295737040601,1.196186656621737,4.639594497692865e-05,5.7943905739719395e-05,"[[0.0068433503583530736,0.0009584110782045426,0.0006036975788124757,0.00040408066230962193,0.0003343483707822618,0.00018559097359323597,0.00015929052993396276,0.00010635664361168175,8.208702340189899e-05,5.97708772797671e-05,5.2261123538909876e-05,5.0061860490965185e-05,4.114035176593651e-05,3.567797356020374e-05,3.0088051580891963e-05,2.4815248220430198e-05,1.9255222552394717e-05,1.6246993335613854e-05,1.4800333121942314e-05,1.1904142190753019e-05,8.047312585804943e-06,7.716065611543803e-06,6.584881834879312e-06,5.742834633080434e-06,3.238580289938812e-06],[0.007852790213880493,0.00041524308419539077,0.00018914504506440473,9.689431097747119e-05,7.660750317458543e-05,6.35295141878759e-05,5.1104480322827875e-05,3.449935536834165e-05,2.7428426203996024e-05,6.957518936383365e-19]]","[[385.4631266039292,193.67353929315215,163.5305164540714,123.66467601351606,96.43792511662514,92.57642915252309,74.85731861801413,61.4777093141017,49.55457513665488,48.955697500583675,45.84377864680122,37.75946415749075,35.91847983117771,30.072392062238123,30.01825061553237,28.280470726059434,26.556973510387824,24.504327569148856,23.662344317995107,21.60515119876028,19.950283507702544,18.95950195925815,16.96441509084872,15.994711848174608,14.108516018558104],[1.155050841584304,0.04456015466446373,0.0334013664529439,0.02179847774857307,0.016371349491523128,0.015215073113572558,0.008676671777448968,0.007982765818464996,0.007125396736061711,0.006544350711782119,0.006079116537137129,0.005438424456018284,0.004603274236444607,0.004153627674012757,0.004065113178335751,0.00388743507948093,0.0035681707812977334,0.003127690583780715,0.0029414137153124446,0.002817416712311109,0.0027437081031584367,0.002529209140141673,0.0024198724782824826,0.0022686635156791,0.0021124555849756253,0.0019960411400817006,0.0018042858491445807,0.0017680303052964612,0.0016909749959570987,0.001453199696585947,0.0013537227406368061,0.0009420952183104361]]","[[0.013909869060866014,0.003703050938376485,0.0030581774604725807,0.0021334240262391255,0.0017636318179177803,0.0012524886857238028,0.0011710312703778962,0.0008005240093436825,0.0007869875035000042,0.0006406965200881341,0.0005511871407470074,0.0004882181229611684,0.00037663499230077246,0.00023818369904399263,0.00018750238245017316,0.00017435847677689636,0.00013227851448138715,0.00012050173536752623,8.131090494861807e-05,7.035387387364235e-05,5.9306535007424265e-05,5.679069221083228e-05,4.6037722107083553e-05,2.337694860601186e-05,1.9605513577329193e-05],[0.009211971551773175,0.001980300015636893,0.0012569556598389746,0.000783405176306279,0.0007470484751684407,0.00044680429902148745,0.0003352391393971762,0.000268478849202426,0.00019979203929515666,0.00012424195547567176]]",3.4893389673863133,1.1354493982188096,0.21647180372609715,0.07793249941280896,0.34583767503693524,9.235713000323269e-05,0.4901506577129373,0.005149621145613025,0.017934742652265197,0.013909869060866014,0.05290923710378614,0.05267908533346981,0.24748175009153783,32,5,2
29,MNISTPatchClassifier,MNIST patch filters=32 kernel=5 stride=2 lr=3e-03,1.0,0.003,Muon,2,3,512,64,2.3023671494901436,5.015020302590045e-05,0.888671875,full_patch_and_classifier_activation,1.969815133581318,1.4165219059322345,1.3749683988732346,4.700665649155898e-05,6.209822926824567e-05,"[[0.00549603754817637,0.0008855473511530549,0.0007026554577487052,0.0005541772450689113,0.0004197489175417008,0.00023223558297421213,0.00019406792102866772,0.0001592827446256223,0.00011059140751126857,6.999385468616233e-05,5.2832220928002345e-05,4.26374899170552e-05,3.9292860810565565e-05,3.7504834822323173e-05,2.7000702873593413e-05,2.6120678865936976e-05,2.354215584583616e-05,1.8355902806041666e-05,1.5422767260762292e-05,1.3133541738858076e-05,1.0425240152768458e-05,8.351079328379088e-06,7.186813727802542e-06,6.680192926212993e-06,3.6201294629045857e-06],[0.006266716013052792,0.0004296482967832969,0.00019432729361399393,0.00010861645822620965,7.08201546188045e-05,5.7164951005511344e-05,4.6578521921122525e-05,3.799355510990496e-05,3.4648912885445674e-05,5.540637121606193e-19]]","[[385.4631266039292,193.67353929315215,163.5305164540714,123.66467601351606,96.43792511662514,92.57642915252309,74.85731861801413,61.4777093141017,49.55457513665488,48.955697500583675,45.84377864680122,37.75946415749075,35.91847983117771,30.072392062238123,30.01825061553237,28.280470726059434,26.556973510387824,24.504327569148856,23.662344317995107,21.60515119876028,19.950283507702544,18.95950195925815,16.96441509084872,15.994711848174608,14.108516018558104],[0.9169047180545482,0.04652328985934954,0.03346913461598584,0.023760532016013004,0.01580958086763532,0.014400389291337974,0.010329150689923705,0.008882274779226,0.007882830771084839,0.007629822595781223,0.006878356185641865,0.006595057593178331,0.005492168800336057,0.005202117414970394,0.004726247541116562,0.004229048724662506,0.004126540020624643,0.0037698493601639573,0.0037064560909986044,0.003531624706020037,0.00303430766236297,0.0027777601917068013,0.00265852526748318,0.0025082700577875473,0.0024722131678813586,0.002273273404623578,0.002201992888749531,0.0019318124645842606,0.0018063866051817473,0.0017645327217595736,0.001390709640657047,0.000906687512442073]]","[[0.003000000000000001,0.003000000000000001,0.003000000000000001,0.0030000000000000005,0.003,0.003,0.003,0.003,0.003,0.003,0.003,0.0029999999999999996,0.0029999999999999996,0.0029999999999999996,0.0029999999999999996,0.0029999999999999996,0.0029999999999999996,0.0029999999999999996,0.0029999999999999996,0.0029999999999999988,0.0029999999999999988,0.0029999999999999988,0.0029999999999999988,0.0029999999999999983,0.002999999999999996],[0.0030000000000000014,0.003000000000000001,0.0030000000000000005,0.0029999999999999996,0.0029999999999999996,0.0029999999999999996,0.002999999999999999,0.002999999999999999,0.002999999999999999,0.002999999999999999]]",17.500000000000004,17.499999999999986,1.0,0.9999999999999991,0.9999999999999991,4.92088763975964e-05,0.3275946372552235,0.0027726060838558853,0.017748239349298846,0.0030000000000000014,0.05290923710378613,0.05264426816147396,0.28066845797002316,32,5,2
28,MNISTPatchClassifier,MNIST patch filters=32 kernel=5 stride=2 lr=3e-03,1.0,0.003,Adam,2,4,512,64,2.3022436010633642,9.973404679763931e-05,0.888671875,full_patch_and_classifier_activation,1.6753817672005158,1.4148646531314495,1.1988415109016075,3.4148883465024145e-05,4.266310509246304e-05,"[[0.005224929284760361,0.0006396608743293875,0.0004099163522572411,0.0003300837192167906,0.00028114823949348304,0.00015061880589051894,0.00010687121355498695,9.977709244177542e-05,7.326189706560202e-05,6.345918013692528e-05,5.3777366867342376e-05,4.9294264151434104e-05,3.355172500292673e-05,2.961349453183015e-05,2.5101774903206288e-05,2.2102691664396174e-05,1.8004927760614538e-05,1.579775098490945e-05,1.2643634740868807e-05,1.0750857126779561e-05,9.862190306851246e-06,7.541158587337013e-06,6.804520026105521e-06,4.592578802605877e-06,3.2998120391990878e-06],[0.007706471515062894,0.0003371128173157878,0.00020204735124103773,9.999761499784663e-05,8.605735959938629e-05,6.951719951244436e-05,5.582984429273535e-05,4.3646206766077176e-05,3.7293007324854126e-05,1.016707288142929e-18]]","[[385.4631266039292,193.67353929315215,163.5305164540714,123.66467601351606,96.43792511662514,92.57642915252309,74.85731861801413,61.4777093141017,49.55457513665488,48.955697500583675,45.84377864680122,37.75946415749075,35.91847983117771,30.072392062238123,30.01825061553237,28.280470726059434,26.556973510387824,24.504327569148856,23.662344317995107,21.60515119876028,19.950283507702544,18.95950195925815,16.96441509084872,15.994711848174608,14.108516018558104],[1.32079992869979,0.043614732034356646,0.03423836447981756,0.019800637721062574,0.01673410136264539,0.015587160620517532,0.008832859542427657,0.007919446963854559,0.006952267888971117,0.006531244404832299,0.005492667733548296,0.005196585271539812,0.00447457769582921,0.004200398974655228,0.003916317083369918,0.0037119424217494255,0.00341382305833851,0.0031798223880401886,0.0028641216323590083,0.0027097285891272914,0.0024847111534808844,0.002356066129629508,0.002139266832454485,0.002025858933245524,0.0019044201002819043,0.0018255219894101886,0.0016526492119188895,0.0016347918885986424,0.0014335842930789466,0.001326642538543099,0.0012894002158686205,0.0008784872032850361]]","[[0.013809070370409517,0.003805489604119838,0.0032435288053177425,0.0023857904094506397,0.0018133752808509416,0.0014991030642652855,0.0011965408418740133,0.0008972765008346103,0.0007385255802238805,0.0007354270005002148,0.0005249691731535528,0.0004582134025352032,0.00037606109300107,0.0002902210586565289,0.0001881386301443449,0.00017342311819080566,0.00013469040792759714,0.00011647474043930339,8.302687636360148e-05,7.657754671901676e-05,5.9654744209229075e-05,4.390197979541945e-05,3.923498842572652e-05,2.371031920056511e-05,1.3996417105683293e-05],[0.009072309317359705,0.002154171335921414,0.0016913973024288934,0.0008168788089078922,0.0007237584957116251,0.0005472955087936974,0.000435740233430777,0.00030994616274365397,0.00022855317578986904,0.0001153818811756183]]",3.730821210389349,1.162643014742794,0.23403230592122956,0.07991130123075188,0.3276874675082971,9.378979341951377e-05,0.5574924041594018,0.005220846786450975,0.01796447918428002,0.013809070370409517,0.05241036331686846,0.052139968267791804,0.3186900420114398,32,5,2
29,MNISTPatchClassifier,MNIST patch filters=32 kernel=5 stride=2 lr=3e-03,1.0,0.003,Muon,2,4,512,64,2.302379165780554,4.288697050647272e-05,0.888671875,full_patch_and_classifier_activation,1.8810645042834873,1.4163425308627948,1.3362903347216015,3.49355373894857e-05,4.7668709694931706e-05,"[[0.004651527757477713,0.0006126123277929434,0.00048381267703649097,0.0003579292197052632,0.0003145204062723199,0.00018349565562393575,0.00011917305615870592,0.00011819013748414988,9.188957518546722e-05,6.742692518502293e-05,5.774189792887848e-05,5.362517313314104e-05,3.863439311439512e-05,3.0365135082667506e-05,2.7669845430650487e-05,2.4023054429318783e-05,2.369517856686527e-05,1.9452290306833405e-05,1.7016145608928534e-05,1.4339217536436855e-05,1.1387207091737374e-05,9.443437644987352e-06,7.340027822652779e-06,5.295365140064058e-06,2.500483274480048e-06],[0.005675226575546649,0.00036162133847440385,0.00020311059256354307,0.00011135093343684898,8.912665394395983e-05,8.274662673240413e-05,5.8237277298374e-05,4.5350326508675475e-05,4.194878011776767e-05,4.66595118829537e-19]]","[[385.4631266039292,193.67353929315215,163.5305164540714,123.66467601351606,96.43792511662514,92.57642915252309,74.85731861801413,61.4777093141017,49.55457513665488,48.955697500583675,45.84377864680122,37.75946415749075,35.91847983117771,30.072392062238123,30.01825061553237,28.280470726059434,26.556973510387824,24.504327569148856,23.662344317995107,21.60515119876028,19.950283507702544,18.95950195925815,16.96441509084872,15.994711848174608,14.108516018558104],[0.9632470428814894,0.047276486220783315,0.03430400587524737,0.02417927418013951,0.015984094516906012,0.01461457696604706,0.010704805842898438,0.009043316341084365,0.007938358923757403,0.007676768603027767,0.00725278003617591,0.006482948648046304,0.0057636379033646785,0.005064346980838408,0.00471222594399899,0.004348411202571393,0.00422616473629258,0.0038013606160070493,0.0036468468274804306,0.0035030169793564122,0.0029398047515572477,0.0028344702073439957,0.002674939368664609,0.002497812222487914,0.002392705133582546,0.002248728682080536,0.0021367838311256607,0.001902921335226304,0.001778343471762667,0.0017053835547602022,0.0013545321372872197,0.0009247650112834278]]","[[0.0030000000000000022,0.0030000000000000022,0.003000000000000002,0.003000000000000002,0.003000000000000002,0.003000000000000002,0.003000000000000002,0.003000000000000002,0.0030000000000000014,0.0030000000000000014,0.0030000000000000014,0.0030000000000000014,0.0030000000000000014,0.003000000000000001,0.003000000000000001,0.003000000000000001,0.003000000000000001,0.003000000000000001,0.0030000000000000005,0.0030000000000000005,0.0030000000000000005,0.0030000000000000005,0.003,0.0029999999999999996,0.0029999999999999996],[0.003,0.003,0.0029999999999999996,0.0029999999999999996,0.0029999999999999996,0.0029999999999999996,0.002999999999999999,0.0029999999999999983,0.0029999999999999983,0.002999999999999997]]",17.500000000000004,17.499999999999986,1.0000000000000002,0.9999999999999993,0.9999999999999991,4.2035477083970026e-05,0.31943386040944516,0.0023684308204706887,0.017748239349298846,0.0030000000000000022,0.05241036331686843,0.05218401912599445,0.3548832079395652,32,5,2
28,MNISTPatchClassifier,MNIST patch filters=32 kernel=5 stride=2 lr=3e-03,1.0,0.003,Adam,2,5,512,64,2.302537819948292,,0.888671875,full_patch_and_classifier_activation,2.3953879231097837,1.4145283025200772,1.6125331337703137,1.9274677432037622e-05,2.573707116369025e-05,"[[0.0027051392146278876,0.0007962193956219549,0.00046104978484915203,0.00034686192415235757,0.0002228981019956242,0.00018167269361449306,0.00011437837360045137,0.00010598467848207083,8.003836941106075e-05,7.243151492959712e-05,6.215893893849508e-05,4.132947731702755e-05,3.5255091390104435e-05,3.182232178170115e-05,2.4971386266538556e-05,2.3227787891562885e-05,1.985759311930308e-05,1.513223890306253e-05,1.3637430839936801e-05,1.0467893634921184e-05,8.641129982073735e-06,6.724326080435142e-06,4.593596033593057e-06,2.8120384632379017e-06,2.6283362532501267e-06],[0.006638514374035838,0.0003966517166597082,0.0002683356105406955,0.0001489735062793233,7.646926634170481e-05,5.6794536354916676e-05,5.414783125820346e-05,3.856101250945082e-05,2.287026559553902e-05,3.581580268605928e-19]]","[[385.4631266039292,193.67353929315215,163.5305164540714,123.66467601351606,96.43792511662514,92.57642915252309,74.85731861801413,61.4777093141017,49.55457513665488,48.955697500583675,45.84377864680122,37.75946415749075,35.91847983117771,30.072392062238123,30.01825061553237,28.280470726059434,26.556973510387824,24.504327569148856,23.662344317995107,21.60515119876028,19.950283507702544,18.95950195925815,16.96441509084872,15.994711848174608,14.108516018558104],[1.5166399163668187,0.04220938436230969,0.034667995054113485,0.01889882736124407,0.016410507713954685,0.01594685662893021,0.009098198286057452,0.007653763207467177,0.006895897118885943,0.006574525499087235,0.005162252906332816,0.005031872784154922,0.004454630865781453,0.004124414643240625,0.0039059213825555473,0.0036527189136433837,0.0034274713539958115,0.002989327988403551,0.0029420533838136276,0.0026843259555144523,0.0024809396257609493,0.0021852379668544143,0.001879528179785072,0.0018387474937763431,0.0017235021739447135,0.0016280521815678637,0.001580509670853442,0.0013483570590166367,0.001219333799389463,0.0011300375191467427,0.0010365030561059504,0.0008089818273764843]]",,,,,,,,,,,,,,0.3920321250334382,32,5,2
29,MNISTPatchClassifier,MNIST patch filters=32 kernel=5 stride=2 lr=3e-03,1.0,0.003,Muon,2,5,512,64,2.302559576235556,,0.888671875,full_patch_and_classifier_activation,2.8964316118263405,1.416212913594114,1.9391927357851797,1.9392015457355783e-05,3.05214480712183e-05,"[[0.0022650407284891595,0.0008165158103012216,0.0005254924157664929,0.0003838156817224811,0.00023761464106544458,0.000172833024589742,0.00013547044839263243,0.00011128693803548896,8.745253673399442e-05,7.752646008662481e-05,6.746444867546985e-05,5.194579200803155e-05,4.071207392602627e-05,3.8988440764164736e-05,2.8412414375877373e-05,2.7392996911820162e-05,2.5149224416688062e-05,2.0262529945775275e-05,1.4630534982578239e-05,1.1617700593350434e-05,1.0683188086455037e-05,8.446787630256985e-06,7.470066920246439e-06,6.472793383878727e-06,4.2767569941602e-06],[0.004424237523061927,0.00043889846333034725,0.00029037589361750855,0.00015831383697607695,8.0586067506794e-05,7.312222794728883e-05,5.8868230919400076e-05,4.723680598206021e-05,3.877687605002552e-05,3.8828478444634344e-19]]","[[385.4631266039292,193.67353929315215,163.5305164540714,123.66467601351606,96.43792511662514,92.57642915252309,74.85731861801413,61.4777093141017,49.55457513665488,48.955697500583675,45.84377864680122,37.75946415749075,35.91847983117771,30.072392062238123,30.01825061553237,28.280470726059434,26.556973510387824,24.504327569148856,23.662344317995107,21.60515119876028,19.950283507702544,18.95950195925815,16.96441509084872,15.994711848174608,14.108516018558104],[1.0128852312864012,0.048421217097024884,0.03580651892760841,0.02455349410431726,0.01630311472278259,0.014809196653394622,0.011164633777609699,0.009260908129181192,0.008116378629325113,0.007875999428622993,0.007397681612424627,0.006543682594472557,0.005889802766875805,0.004955636380704998,0.00482333625966538,0.00447665321364955,0.0042672926640146,0.0038629328640198994,0.0035082514156980563,0.0034387784212485772,0.0029476485265750104,0.002838905953660247,0.0026867931157034584,0.002518534957372623,0.0023491319849143627,0.002200766192754601,0.0020932338364292686,0.0018554321564411321,0.001779320471697124,0.001525814571110211,0.0012896721119777254,0.0008510771615592015]]",,,,,,,,,,,,,,0.42584575014188886,32,5,2
30,MNISTPatchClassifier,MNIST patch filters=32 kernel=5 stride=2 lr=1e-02,1.0,0.01,Adam,0,0,512,64,2.3026346790366623,0.00032696234215112696,0.90625,full_patch_and_classifier_activation,1.8952212228024736,1.4014804375886418,1.3715320918946043,3.792751494479655e-05,5.4609852295322634e-05,"[[0.005327765260850626,0.0008718448390772843,0.0005327209307521475,0.00040793544859123204,0.00027294422132582877,0.00016989401195333082,0.00014300463700168725,0.00010754739128508665,8.571148671410373e-05,7.429250568359656e-05,5.874176891862485e-05,4.5850031960092264e-05,4.370853870440293e-05,3.851049671581262e-05,2.660915993742906e-05,2.5382551729993373e-05,2.3057234444595972e-05,1.9798136188515352e-05,1.7026247807137694e-05,1.467844922391144e-05,1.374466555993253e-05,8.91132774536631e-06,6.927870603352584e-06,5.463004975569459e-06,3.3866251998943723e-06],[0.005261172742216772,0.0003782886023050137,0.0002783849887156439,0.00017250761608745806,8.492618248717115e-05,7.654957015121425e-05,4.934149522525821e-05,3.727561259991061e-05,2.706372851720754e-05,3.832333342513037e-19]]","[[395.31136966712677,195.45029926973734,165.68082986607993,123.29519539466884,97.27393037028926,93.04241616052647,74.42487988933318,61.26353996202877,50.047678244470596,49.44139343827181,45.49281440429085,37.896204647816965,35.80561069723701,30.139722484383505,30.030811852001257,28.715711501690123,25.87090471024154,24.38340032625083,23.78212810168266,21.516353767964723,19.78051422772709,18.79389441253032,16.790303168534358,15.691367805256563,13.979570025804959],[0.8584177601620037,0.04458775630235996,0.032977506980601604,0.02776532707249164,0.016722425739593105,0.015067669575872463,0.014250728930509793,0.010740987621280536,0.009122971866579037,0.007546332790276096,0.006846625218985218,0.005954848474201941,0.005734797965349137,0.005108359137902702,0.004509007817923378,0.004407837967866019,0.004032836658550207,0.003551006131194173,0.003399183617746541,0.003235388107824259,0.0030617536559158784,0.0028431256323326122,0.002812600204343954,0.002759404157370845,0.0023210094626917557,0.0022045168226290032,0.002137423552644012,0.002086145395354269,0.0019885440591419726,0.001826540680321897,0.0015532118723226207,0.0015164312159008154]]","[[0.04555086321719031,0.013045881873463477,0.0090893250406859,0.007128170837029465,0.006280902221561497,0.005257314131736387,0.004250470833952179,0.003589751811494606,0.0031057810702615173,0.0028389653987779873,0.0015927768612598338,0.001138025183646409,2.6725186005757236e-06,1.5733102924652694e-06,1.2646121867646989e-06,4.727874758338545e-07,3.6119377409905235e-07,2.863026337066554e-07,1.6400997210071211e-07,1.1047168688523273e-07,8.892723487431378e-08,6.65077866215588e-08,3.109800534355617e-08,2.3535614263183754e-08,1.4920810782942733e-08],[0.02918546600362793,0.009450288989478339,0.005984286937773076,0.005000653887701226,1.29801913468101e-06,9.920331182129033e-07,6.152434804934326e-07,2.3040661081820171e-07,1.3899776850098708e-07,4.9120335701333146e-08]]",3.347207787074809,1.190105844121378,0.20762321567951628,0.08289166176692311,0.38137710562429594,0.0003025254791662964,0.6731723505502787,0.005113613917623572,0.05916079783099616,0.04555086321719031,0.17424411770107473,0.17398637682832055,0.034385541919618845,32,5,2
31,MNISTPatchClassifier,MNIST patch filters=32 kernel=5 stride=2 lr=1e-02,1.0,0.01,Muon,0,0,512,64,2.3026346790366623,0.0001437142857851903,0.90625,full_patch_and_classifier_activation,1.8952212228024736,1.4014804375886418,1.3715320918946043,3.792751494479655e-05,5.4609852295322634e-05,"[[0.005327765260850626,0.0008718448390772843,0.0005327209307521475,0.00040793544859123204,0.00027294422132582877,0.00016989401195333082,0.00014300463700168725,0.00010754739128508665,8.571148671410373e-05,7.429250568359656e-05,5.874176891862485e-05,4.5850031960092264e-05,4.370853870440293e-05,3.851049671581262e-05,2.660915993742906e-05,2.5382551729993373e-05,2.3057234444595972e-05,1.9798136188515352e-05,1.7026247807137694e-05,1.467844922391144e-05,1.374466555993253e-05,8.91132774536631e-06,6.927870603352584e-06,5.463004975569459e-06,3.3866251998943723e-06],[0.005261172742216772,0.0003782886023050137,0.0002783849887156439,0.00017250761608745806,8.492618248717115e-05,7.654957015121425e-05,4.934149522525821e-05,3.727561259991061e-05,2.706372851720754e-05,3.832333342513037e-19]]","[[395.31136966712677,195.45029926973734,165.68082986607993,123.29519539466884,97.27393037028926,93.04241616052647,74.42487988933318,61.26353996202877,50.047678244470596,49.44139343827181,45.49281440429085,37.896204647816965,35.80561069723701,30.139722484383505,30.030811852001257,28.715711501690123,25.87090471024154,24.38340032625083,23.78212810168266,21.516353767964723,19.78051422772709,18.79389441253032,16.790303168534358,15.691367805256563,13.979570025804959],[0.8584177601620037,0.04458775630235996,0.032977506980601604,0.02776532707249164,0.016722425739593105,0.015067669575872463,0.014250728930509793,0.010740987621280536,0.009122971866579037,0.007546332790276096,0.006846625218985218,0.005954848474201941,0.005734797965349137,0.005108359137902702,0.004509007817923378,0.004407837967866019,0.004032836658550207,0.003551006131194173,0.003399183617746541,0.003235388107824259,0.0030617536559158784,0.0028431256323326122,0.002812600204343954,0.002759404157370845,0.0023210094626917557,0.0022045168226290032,0.002137423552644012,0.002086145395354269,0.0019885440591419726,0.001826540680321897,0.0015532118723226207,0.0015164312159008154]]","[[0.010000000000000005,0.010000000000000005,0.010000000000000004,0.010000000000000004,0.010000000000000004,0.010000000000000002,0.010000000000000002,0.010000000000000002,0.010000000000000002,0.010000000000000002,0.010000000000000002,0.010000000000000002,0.010000000000000002,0.010000000000000002,0.010000000000000002,0.01,0.01,0.01,0.009999999999999998,0.009999999999999998,0.009999999999999998,0.009999999999999998,0.009999999999999997,0.009999999999999995,0.009999999999999995],[0.010000000000000005,0.010000000000000004,0.010000000000000002,0.010000000000000002,0.010000000000000002,0.01,0.009999999999999997,0.009999999999999997,0.009999999999999997,0.009999999999999995]]",17.5,17.499999999999982,1.0,0.9999999999999989,0.9999999999999989,0.0001471096738125521,0.32734487416395164,0.002486607334688053,0.059160797830996155,0.010000000000000005,0.1742441177010747,0.17393687826382975,0.0675578338559717,32,5,2
30,MNISTPatchClassifier,MNIST patch filters=32 kernel=5 stride=2 lr=1e-02,1.0,0.01,Adam,0,1,512,64,2.3025853738108246,0.0003236604607375071,0.8984375,full_patch_and_classifier_activation,1.9318302721039808,1.4001594915411988,1.3695089022729166,3.4259453096663045e-05,4.5681133158947205e-05,"[[0.004146414852725635,0.0006912534335226114,0.00046477685837769935,0.00035119480543157494,0.00024042966069231958,0.00014180252125388818,0.00013082997510105885,0.00010415602313791243,7.876196357549506e-05,6.456381870063848e-05,5.7032914770235844e-05,4.656520909238498e-05,3.922429265815322e-05,3.790204015773045e-05,3.49904224060856e-05,2.5232423910893403e-05,2.2289244582073364e-05,1.6998416819692083e-05,1.563505130497607e-05,1.4545111054770429e-05,1.1585086583704099e-05,1.0380075422564718e-05,7.797151683192016e-06,6.979265700331086e-06,5.5294815383336995e-06],[0.006878997522210005,0.0003902566565032581,0.000243512247184275,0.00017512379334905836,0.00012550179259816698,5.42657032871341e-05,5.22678047875876e-05,4.17201535257256e-05,2.1049535171275098e-05,6.107118376147208e-19]]","[[395.31136966712677,195.45029926973734,165.68082986607993,123.29519539466884,97.27393037028926,93.04241616052647,74.42487988933318,61.26353996202877,50.047678244470596,49.44139343827181,45.49281440429085,37.896204647816965,35.80561069723701,30.139722484383505,30.030811852001257,28.715711501690123,25.87090471024154,24.38340032625083,23.78212810168266,21.516353767964723,19.78051422772709,18.79389441253032,16.790303168534358,15.691367805256563,13.979570025804959],[1.1785617309756389,0.05379608583219973,0.03453294443735666,0.025179957722044746,0.018246144677229514,0.014360492133799843,0.012954010213178062,0.009757064321328378,0.00859923323421821,0.008260035275004343,0.007438193458294981,0.006340653181494049,0.005331342901235116,0.0046638489887088795,0.004589328850277987,0.004217408392917228,0.0039076782744575786,0.003680029338943834,0.003440116505187761,0.0031972855692048176,0.003156687109929812,0.003009297794067899,0.0025778719204979103,0.002434426684215604,0.002301932041280415,0.0021695348923658126,0.0021274621823347013,0.0020550223694071755,0.0016932320411469804,0.0015633876332121885,0.0012229908410954162,0.0011254911511907057]]","[[0.045677282319378384,0.012598679851465178,0.006818200840812417,0.005400961765634097,0.004608209055701631,0.0036228402154323816,0.002883515896009909,0.002571554502415093,0.001927455803463776,0.0014248236052881095,0.0011473853362176118,0.0010684229631418838,0.000995287455866177,0.0007598470317293443,0.0006823842622451763,0.0004958711984809898,0.00042154628218320456,0.00035754551791706315,0.00026953228091453936,0.00019927023268060507,0.00015324789509282182,0.00010088169909581475,9.392562467163532e-05,5.932195269469439e-05,3.397506821245744e-05],[0.03106669362984087,0.008785458730006456,0.0071720102657804345,0.005301729253987777,0.003091666726763304,0.0028118850643720694,0.0006955866958067607,0.0005228815839474514,0.00040872426589116375,0.00032360711980525833]]",3.458150660974857,1.161381368661814,0.23360249750801654,0.08190186060423653,0.3385707121535856,0.0002661596248955938,0.5532491031793149,0.004485228381662225,0.059341376234883066,0.045677282319378384,0.17225189265158808,0.17534632669575442,0.10696854186244309,32,5,2
31,MNISTPatchClassifier,MNIST patch filters=32 kernel=5 stride=2 lr=1e-02,1.0,0.01,Muon,0,1,512,64,2.302589498937942,0.00012692291154747792,0.8984375,full_patch_and_classifier_activation,2.189300639880251,1.4016130869399022,1.5458385761154498,3.442859827809077e-05,5.124542544658517e-05,"[[0.003829213526719289,0.0007632021610202033,0.0005283409949578912,0.00046537632236874643,0.00022094554972345044,0.0001746726877385747,0.0001527043694251047,0.00011772745701504463,8.938101806850743e-05,7.360036172842648e-05,5.6536890382889145e-05,4.825500879141842e-05,4.5827986181943853e-05,3.7390805958741924e-05,3.086320287675418e-05,2.436558248157969e-05,2.2241253078612848e-05,1.788564533579394e-05,1.6876757399186557e-05,1.2763766452986639e-05,1.0455567020338742e-05,9.126692318894943e-06,6.0061526665740345e-06,4.8084713558885504e-06,4.145324259650099e-06],[0.0050145946025796015,0.00043712702172967475,0.00022400324910895408,0.00019281044951558935,0.00012257894874102582,6.0888113000578374e-05,5.4980504121047673e-05,4.339416548444523e-05,2.636981661808663e-05,3.839713003655212e-19]]","[[395.31136966712677,195.45029926973734,165.68082986607993,123.29519539466884,97.27393037028926,93.04241616052647,74.42487988933318,61.26353996202877,50.047678244470596,49.44139343827181,45.49281440429085,37.896204647816965,35.80561069723701,30.139722484383505,30.030811852001257,28.715711501690123,25.87090471024154,24.38340032625083,23.78212810168266,21.516353767964723,19.78051422772709,18.79389441253032,16.790303168534358,15.691367805256563,13.979570025804959],[0.8597569697728343,0.04578683894673928,0.0342375710769135,0.027223005655472407,0.017843520597548408,0.015253069742250321,0.013681917956801065,0.010694795132391181,0.009222549209443438,0.007466881260892466,0.0068811902443966224,0.006372758138736784,0.005944862420564705,0.005467554946359773,0.004826224758004912,0.004547252278225747,0.00416421068878015,0.003976225755506032,0.0036583305902633833,0.003312110168613121,0.002908281018762597,0.002873917067363332,0.002666860588736972,0.002616438231760271,0.002413502986937933,0.00230504062229252,0.002161743667173815,0.0020540870248991635,0.0018701222321556787,0.001815270687621493,0.001586878785171137,0.0014573380130720303]]","[[0.010000000000000002,0.010000000000000002,0.009999999999999998,0.009999999999999998,0.009999999999999998,0.009999999999999998,0.009999999999999998,0.009999999999999998,0.009999999999999998,0.009999999999999998,0.009999999999999998,0.009999999999999998,0.009999999999999997,0.009999999999999997,0.009999999999999997,0.009999999999999997,0.009999999999999997,0.009999999999999997,0.009999999999999995,0.009999999999999995,0.009999999999999993,0.009999999999999993,0.009999999999999993,0.009999999999999992,0.009999999999999992],[0.010000000000000007,0.010000000000000002,0.010000000000000002,0.01,0.009999999999999998,0.009999999999999998,0.009999999999999998,0.009999999999999998,0.009999999999999998,0.009999999999999995]]",17.5,17.49999999999998,1.0,0.9999999999999987,0.9999999999999987,0.00012939460426225494,0.3402035721231653,0.002187168006623149,0.05916079783099614,0.010000000000000007,0.17225189265158802,0.1723096318586274,0.14026170899160206,32,5,2
30,MNISTPatchClassifier,MNIST patch filters=32 kernel=5 stride=2 lr=1e-02,1.0,0.01,Adam,0,2,512,64,2.302276000293126,0.0004774940982477105,0.8984375,full_patch_and_classifier_activation,1.6965228841599886,1.3990260306279185,1.2224875180284425,3.2736184236247026e-05,4.115492752403219e-05,"[[0.005707699802475113,0.0009501704887499604,0.0004879735759260027,0.0003284530234140493,0.00023368819746788193,0.00015558979280824235,0.00011180913655948604,9.53445332754102e-05,7.203502846894134e-05,6.64456909305179e-05,5.860892480766589e-05,4.6823285989624725e-05,3.25178197371416e-05,2.7105938635632516e-05,2.6104954227388186e-05,2.131477092689244e-05,1.7449452715088773e-05,1.6342238517961984e-05,1.4046988096664176e-05,1.1829327407004082e-05,8.941601334781163e-06,6.362936750996407e-06,5.891590741122473e-06,4.345053701930901e-06,3.0294087868489376e-06],[0.00937419869890214,0.0004757544259339765,0.0002501052568338847,0.00014465210091904384,9.773277929705266e-05,6.042781076114005e-05,5.980784549187564e-05,4.384895650879272e-05,3.4505631487811386e-05,7.073294290774635e-19]]","[[395.31136966712677,195.45029926973734,165.68082986607993,123.29519539466884,97.27393037028926,93.04241616052647,74.42487988933318,61.26353996202877,50.047678244470596,49.44139343827181,45.49281440429085,37.896204647816965,35.80561069723701,30.139722484383505,30.030811852001257,28.715711501690123,25.87090471024154,24.38340032625083,23.78212810168266,21.516353767964723,19.78051422772709,18.79389441253032,16.790303168534358,15.691367805256563,13.979570025804959],[1.641476947111934,0.05030747869984447,0.035546821346023084,0.021445611677150835,0.01961918080444623,0.014668825959599114,0.01139221494236669,0.00955455670782798,0.008661423634307698,0.007102181037768826,0.006640367409851169,0.00575117967052183,0.005528908480656491,0.004838522507266514,0.004429555944118237,0.004149251878546801,0.0035784918434872107,0.0031417743927476937,0.0029965179558387525,0.002866205580555699,0.002572258429297891,0.002420413549231475,0.0022620751778217336,0.0021113469784340864,0.0020390349859190876,0.001790737402480414,0.0017332913713547658,0.0016751471059104758,0.0014709633585490603,0.0014322488948832473,0.0013335168817312092,0.0009251049874332188]]","[[0.04698061768479629,0.010154546569821173,0.005919094122194625,0.005260307427207922,0.0035702933459675827,0.003046141234598429,0.0019199401305979677,0.0016227286921854471,0.0011781475406862846,0.0011585796374030514,0.0010623865607991998,0.000812722894331649,0.0006202256659036041,0.0004224627858660985,0.0003834441647990335,0.0003355386579723042,0.00030489411061157746,0.0002438985305629987,0.00018464956549603414,0.0001661910422590519,0.00011879934072547904,0.00010022032799586036,7.245577503218845e-05,5.588382788483886e-05,2.8073421955763892e-05],[0.0324412236412797,0.008654302515404652,0.005609745949140397,0.0045901002206140675,0.0031730909410718692,0.0026382403916310653,0.0018650641059383397,0.0010476840621031897,0.0009007226746295405,0.0004839915581383251]]",3.094224889443555,1.1165557066577096,0.21783335361072872,0.07894047771043457,0.36080338295107195,0.00039615076193100473,0.5966094372949093,0.0065938606249195675,0.060078728451412634,0.04698061768479629,0.16885241666190812,0.17247575949793253,0.17679841700010002,32,5,2
31,MNISTPatchClassifier,MNIST patch filters=32 kernel=5 stride=2 lr=1e-02,1.0,0.01,Muon,0,2,512,64,2.302480822961056,0.00014109703738851564,0.8984375,full_patch_and_classifier_activation,2.2757797610980046,1.402144085150324,1.6008779090485021,3.262002966518046e-05,4.9643609084603844e-05,"[[0.00408033231353074,0.0011254561245587196,0.0007064516753365027,0.00039436236252960333,0.00028619707816068704,0.00020491507735939104,0.00012355790316995546,0.00011620780284889198,9.581666277424197e-05,7.148362846137418e-05,5.375026032049079e-05,4.37389176278365e-05,3.829253299281825e-05,3.2693032257227556e-05,2.5700029907783994e-05,2.2504306081793076e-05,1.94851533815737e-05,1.6466216827677064e-05,1.3806148069453794e-05,1.247435031700554e-05,1.0779290529365847e-05,9.810654379273117e-06,8.6001665128202e-06,4.809879576522388e-06,3.098977110973562e-06],[0.004897033683522653,0.000481170475975432,0.0002478155432236867,0.00016832650986690456,9.047743380337646e-05,8.438405584230867e-05,6.399569586718743e-05,4.015630532105165e-05,3.6027636677103236e-05,4.0047685507352326e-19]]","[[395.31136966712677,195.45029926973734,165.68082986607993,123.29519539466884,97.27393037028926,93.04241616052647,74.42487988933318,61.26353996202877,50.047678244470596,49.44139343827181,45.49281440429085,37.896204647816965,35.80561069723701,30.139722484383505,30.030811852001257,28.715711501690123,25.87090471024154,24.38340032625083,23.78212810168266,21.516353767964723,19.78051422772709,18.79389441253032,16.790303168534358,15.691367805256563,13.979570025804959],[0.8635366804395057,0.04931223719333527,0.03813210604338113,0.028350412282376176,0.01905847413465324,0.017127758121476197,0.01329847548772724,0.010844144359542824,0.009766099564438184,0.008456834929255398,0.007693346085678336,0.006796445254189457,0.006419156735099954,0.005464801565916219,0.005162006365712998,0.004534994212812071,0.004302267096232896,0.0038613035513883,0.0036604263535969413,0.0034923687723827034,0.00322116979421768,0.0030608729127620605,0.0028599468472309663,0.0025527763876174725,0.002519292750334816,0.0024752091078050218,0.00220399971892457,0.0021300744777871697,0.0019986302386994447,0.0018463119366573253,0.0016234166528380327,0.0015289045773167946]]","[[0.010000000000000007,0.010000000000000005,0.010000000000000005,0.010000000000000005,0.010000000000000004,0.010000000000000004,0.010000000000000004,0.010000000000000002,0.010000000000000002,0.010000000000000002,0.010000000000000002,0.010000000000000002,0.010000000000000002,0.01,0.01,0.01,0.01,0.009999999999999998,0.009999999999999998,0.009999999999999998,0.009999999999999998,0.009999999999999998,0.009999999999999997,0.009999999999999997,0.009999999999999997],[0.010000000000000005,0.010000000000000002,0.01,0.01,0.01,0.009999999999999998,0.009999999999999997,0.009999999999999995,0.009999999999999995,0.009999999999999992]]",17.5,17.499999999999975,1.0,0.9999999999999986,0.9999999999999987,0.0001363017788472243,0.3510521859821366,0.0023039205663959385,0.05916079783099617,0.010000000000000007,0.16885241666190814,0.16895922143796022,0.2105795000679791,32,5,2
30,MNISTPatchClassifier,MNIST patch filters=32 kernel=5 stride=2 lr=1e-02,1.0,0.01,Adam,0,3,512,64,2.302049504219029,0.0006155658770121697,0.8984375,full_patch_and_classifier_activation,1.4827142433989424,1.3983829017797023,1.0876463829825402,3.0860847092737134e-05,3.653276164859766e-05,"[[0.006724650145123413,0.0006662273160518878,0.000369305527371615,0.00029705218795534634,0.00021217154450345116,0.00015304839151270588,9.87579828598959e-05,8.31901273903791e-05,8.052383548821111e-05,6.640543495789376e-05,4.780451030371814e-05,4.346695224208643e-05,3.4535103121671745e-05,2.9631660834869463e-05,2.658179391301255e-05,2.261916055757827e-05,2.1651353501022796e-05,1.813232496591178e-05,1.2426408103933857e-05,1.1580049246906352e-05,9.063508212997194e-06,7.6023424993245976e-06,6.3497458674835025e-06,4.413236484445674e-06,2.9357426491683475e-06],[0.013057928674317302,0.0004532675855376809,0.0003080605807581149,0.00014004511840862597,9.21705652455571e-05,6.911611652270593e-05,4.8525188196468053e-05,3.3987929890958734e-05,2.3494828249624446e-05,1.2998194710811702e-18]]","[[395.31136966712677,195.45029926973734,165.68082986607993,123.29519539466884,97.27393037028926,93.04241616052647,74.42487988933318,61.26353996202877,50.047678244470596,49.44139343827181,45.49281440429085,37.896204647816965,35.80561069723701,30.139722484383505,30.030811852001257,28.715711501690123,25.87090471024154,24.38340032625083,23.78212810168266,21.516353767964723,19.78051422772709,18.79389441253032,16.790303168534358,15.691367805256563,13.979570025804959],[2.352889736581051,0.0384483646112948,0.03385429365384679,0.020636426004090935,0.019494719792921455,0.013599381418390614,0.00986344366186846,0.009408700993860951,0.008056625911720976,0.006008608336764892,0.0058707662072352545,0.005057843168054815,0.004762760545166259,0.004397976121561654,0.0036608758367282094,0.003308692192778648,0.0029184531218550184,0.0025693112044483705,0.0023984292902871304,0.002223950974313739,0.002065423771380236,0.0017723028151524903,0.001713723953370744,0.0016624852010087895,0.0015822552374504693,0.001488740255829539,0.0012315620113626676,0.0011956687189583792,0.0011157576723189783,0.0010276954536721189,0.0009084526917919692,0.0007135655979826558]]","[[0.04984162231945221,0.011393398631875596,0.007306789154618276,0.0052951672131851596,0.003369764431290037,0.002543167754941829,0.0017412725866279828,0.0013294171919186293,0.000994898815978465,0.000722533226923996,0.0006121317276486191,0.0005472770536772655,0.00043739345435806376,0.00038297202183339076,0.000341443639104501,0.0002914652026519324,0.00020968327580325353,0.00017402781822949752,0.00013197953612505533,0.00012588117558398154,0.00011020399964384455,8.034647094239628e-05,4.7807841723309906e-05,4.458041289238865e-05,1.893463188106725e-05],[0.030071043802332265,0.009275001623994987,0.006867410011687829,0.0035635761781794917,0.0031725895319140115,0.0019317691101668102,0.0016957095822564834,0.0012210494112461056,0.0009894325026035895,0.0004780212277533543]]",3.068146988040656,1.1390207465953952,0.22124848050578097,0.0810433982978285,0.37208053820714415,0.0005129194824636566,0.5657627943692134,0.008331151974955073,0.06156645371559467,0.04984162231945221,0.1638257846714258,0.16289032254257318,0.24966466706246138,32,5,2
31,MNISTPatchClassifier,MNIST patch filters=32 kernel=5 stride=2 lr=1e-02,1.0,0.01,Muon,0,3,512,64,2.3024689389058177,0.000159710815291092,0.8984375,full_patch_and_classifier_activation,2.206086595860522,1.402095810442331,1.582629810222151,3.22197287474112e-05,5.204796435856216e-05,"[[0.0050290274879042154,0.0010541318193644973,0.0007053401870123032,0.0004518366404032408,0.00035626908827413495,0.00021148417155593662,0.00017023576676132037,0.00013715951657581926,0.0001104477222502197,8.338093428632116e-05,7.215801182578717e-05,5.079796081029151e-05,4.5805338726592144e-05,4.4390224029081283e-05,3.5052464554021325e-05,3.32751765420773e-05,2.6726985467004086e-05,2.4135041816808637e-05,1.8720565902896995e-05,1.790696488374899e-05,1.6867355495502782e-05,1.1836395604317271e-05,8.6043388100199e-06,6.8612912186137024e-06,4.334435334198291e-06],[0.005419780991358052,0.0006682322018600062,0.0003708890894418213,0.00015911705211611398,0.00014659591879418504,7.362373847522979e-05,6.963262083038055e-05,5.180347662634795e-05,3.236410763787467e-05,5.314572563817792e-19]]","[[395.31136966712677,195.45029926973734,165.68082986607993,123.29519539466884,97.27393037028926,93.04241616052647,74.42487988933318,61.26353996202877,50.047678244470596,49.44139343827181,45.49281440429085,37.896204647816965,35.80561069723701,30.139722484383505,30.030811852001257,28.715711501690123,25.87090471024154,24.38340032625083,23.78212810168266,21.516353767964723,19.78051422772709,18.79389441253032,16.790303168534358,15.691367805256563,13.979570025804959],[0.9652455942313747,0.0543994517253046,0.04585516229531028,0.030582861550309343,0.021643772725007598,0.0170750877806203,0.013309867116653966,0.011467803785103496,0.009365050321582252,0.00854656242267239,0.007897163876384344,0.006819265914104586,0.006731868828600483,0.005928094383851495,0.005276085394461845,0.00476825988931312,0.004241264251078161,0.003998278288268846,0.003638182994271569,0.003504870156218247,0.003369863921147096,0.0032114708725058446,0.002950573388502418,0.0029168190311589146,0.002831438683145212,0.0026334745469910993,0.0025106524350315246,0.0021837633780472155,0.0020653276176896165,0.002036202641713946,0.00181833142767677,0.001517822482933371]]","[[0.010000000000000005,0.010000000000000004,0.010000000000000004,0.010000000000000004,0.010000000000000002,0.010000000000000002,0.010000000000000002,0.010000000000000002,0.010000000000000002,0.010000000000000002,0.010000000000000002,0.010000000000000002,0.01,0.01,0.01,0.01,0.01,0.01,0.009999999999999998,0.009999999999999998,0.009999999999999998,0.009999999999999998,0.009999999999999998,0.009999999999999997,0.009999999999999997],[0.010000000000000005,0.010000000000000004,0.010000000000000004,0.010000000000000002,0.010000000000000002,0.010000000000000002,0.01,0.009999999999999998,0.009999999999999997,0.009999999999999997]]",17.5,17.499999999999982,1.0,0.9999999999999991,0.9999999999999991,0.00015718825082548977,0.35076198313399726,0.0026569663795699187,0.05916079783099616,0.010000000000000005,0.16382578467142583,0.16355655575993772,0.28348841704428196,32,5,2
30,MNISTPatchClassifier,MNIST patch filters=32 kernel=5 stride=2 lr=1e-02,1.0,0.01,Adam,0,4,512,64,2.3011934026477245,0.0009544527988349927,0.8984375,full_patch_and_classifier_activation,1.3744737011991681,1.3982174414749382,1.0131863133591708,3.6046930034709476e-05,4.034428007947161e-05,"[[0.0098016832794332,0.0009708733876857708,0.0005894830558264557,0.0004508920016105796,0.0001527532932207113,0.00012011654111571174,9.51492968929066e-05,8.476181995227419e-05,7.121904255165495e-05,5.283811120748531e-05,3.703331542964085e-05,3.429903596432997e-05,3.3859144408137516e-05,2.6028447774563842e-05,2.0428571757772138e-05,1.5665652760903232e-05,1.2950178497789655e-05,9.687983447529354e-06,8.374176279274916e-06,7.631936238724976e-06,5.374873843189382e-06,4.320649364448397e-06,3.2840518035015526e-06,2.081166618990597e-06,1.5905660982772374e-06],[0.019577310548640876,0.0005621603968580353,0.00018872130464484408,0.00016747836944698539,8.824744104720812e-05,5.044986309382281e-05,4.402453083306202e-05,2.930040198996113e-05,1.858572202061475e-05,1.9351487364999228e-18]]","[[395.31136966712677,195.45029926973734,165.68082986607993,123.29519539466884,97.27393037028926,93.04241616052647,74.42487988933318,61.26353996202877,50.047678244470596,49.44139343827181,45.49281440429085,37.896204647816965,35.80561069723701,30.139722484383505,30.030811852001257,28.715711501690123,25.87090471024154,24.38340032625083,23.78212810168266,21.516353767964723,19.78051422772709,18.79389441253032,16.790303168534358,15.691367805256563,13.979570025804959],[3.2624607075497445,0.04047067579796098,0.03616911163442504,0.021911664395874192,0.018128365916521182,0.01386509855428008,0.009346619901383729,0.008114195212513763,0.007401619313855009,0.006095357216808598,0.0054989448588022675,0.004620474945176507,0.003993198811262115,0.003678053531510757,0.0034082343457704873,0.002729221757463171,0.002373784705801039,0.0021180937072126744,0.0018153378223300651,0.0016073128183432769,0.0014363106572513897,0.0013337151093903666,0.0012429892914021458,0.0011510653765065663,0.0009859548638673683,0.0009738381337137679,0.0008806147384443712,0.0007170024133378172,0.0006405002874699384,0.0005716872765741166,0.000522799394571748,0.0004781094648239679]]","[[0.05281765651664021,0.011358066376298978,0.0070514828984445475,0.005588549502386965,0.0034321791216288945,0.0022028100430309607,0.002108604172616843,0.0015652780390999965,0.0008394533676257482,0.0006823745928963382,0.0006106633108357068,0.0005052314112779316,0.00040993384337600333,0.0003926234839757886,0.00027038989413067375,0.00021803749640842383,0.0001569425923822405,0.00014206446443430675,0.00012156705795912842,0.00011646393583135359,6.714989452041693e-05,5.1222252924684965e-05,3.904209998250803e-05,2.7702675311311107e-05,1.1230524782620985e-05],[0.02952286533969678,0.009796544512305496,0.0073978057405357745,0.003030392260454975,0.0028019522400797347,0.00187069179379922,0.0014687242236005728,0.0013741495040359884,0.0008218784834248959,0.0005233472223876763]]",3.0011942425400457,1.1433597397808315,0.21839232091982977,0.08180007620770288,0.3824159964592089,0.0008266268870766942,0.5903734753532601,0.012951911278954394,0.06382277250616156,0.05281765651664021,0.15806732797832032,0.15522125022159977,0.32034583389759064,32,5,2
31,MNISTPatchClassifier,MNIST patch filters=32 kernel=5 stride=2 lr=1e-02,1.0,0.01,Muon,0,4,512,64,2.3023015351613627,0.00018806328111198312,0.8984375,full_patch_and_classifier_activation,2.0605933584510217,1.4018964005607648,1.4755913544674344,3.7018049396879243e-05,5.537797124652124e-05,"[[0.006044754880797223,0.00133604928482193,0.0008752503177824141,0.0004886093305823807,0.00030539701876243437,0.000228122297286777,0.0001554197378687476,0.00013638963539802418,9.284273789515736e-05,8.907643287282551e-05,8.01507693239885e-05,7.470412890557181e-05,4.915984488394588e-05,4.05433855162021e-05,3.266937157978107e-05,2.603010171748143e-05,2.347539041862326e-05,1.994566991425047e-05,1.8150845421775335e-05,1.3576610501258344e-05,1.2273627407411866e-05,8.058665729252784e-06,7.432119668761114e-06,5.38515405380444e-06,3.930314623146502e-06],[0.006329983428047185,0.0007713371865638906,0.00023625162631661634,0.0001850921062263368,9.072415993471679e-05,8.333902957068833e-05,6.772341432422842e-05,5.040595612574038e-05,2.5704181294990976e-05,8.291446627315287e-19]]","[[395.31136966712677,195.45029926973734,165.68082986607993,123.29519539466884,97.27393037028926,93.04241616052647,74.42487988933318,61.26353996202877,50.047678244470596,49.44139343827181,45.49281440429085,37.896204647816965,35.80561069723701,30.139722484383505,30.030811852001257,28.715711501690123,25.87090471024154,24.38340032625083,23.78212810168266,21.516353767964723,19.78051422772709,18.79389441253032,16.790303168534358,15.691367805256563,13.979570025804959],[1.0495441222600719,0.058400299513501085,0.05076190710948612,0.028330459631011756,0.02304438856090233,0.017580402164618154,0.013441397901023307,0.011598684544621972,0.01030223785305258,0.009309121238364118,0.008223124077888496,0.007305103390034351,0.006581896086404363,0.006110875959556436,0.005391709986560808,0.005062276099233502,0.004717841526225262,0.004432816720835849,0.003980282203103413,0.003756172838739689,0.0036084633026574,0.003380813908943436,0.0031696500534082127,0.0030364931909371185,0.0028338866088706265,0.0027617111971046694,0.0026316893556305515,0.002312512311437834,0.0021430547146776527,0.002017121826708424,0.0018399731851067626,0.0014515808633728713]]","[[0.010000000000000007,0.010000000000000004,0.010000000000000004,0.010000000000000004,0.010000000000000002,0.010000000000000002,0.010000000000000002,0.010000000000000002,0.01,0.01,0.01,0.01,0.009999999999999998,0.009999999999999998,0.009999999999999998,0.009999999999999998,0.009999999999999998,0.009999999999999998,0.009999999999999998,0.009999999999999998,0.009999999999999997,0.009999999999999997,0.009999999999999997,0.009999999999999995,0.009999999999999993],[0.010000000000000007,0.01,0.01,0.01,0.01,0.01,0.009999999999999998,0.009999999999999998,0.009999999999999997,0.009999999999999995]]",17.5,17.49999999999997,1.0,0.9999999999999984,0.9999999999999986,0.00018007958762137572,0.3396191378747786,0.003043900593359248,0.059160797830996155,0.010000000000000007,0.15806732797832032,0.156916224985769,0.3539374170359224,32,5,2
30,MNISTPatchClassifier,MNIST patch filters=32 kernel=5 stride=2 lr=1e-02,1.0,0.01,Adam,0,5,512,64,2.302353039964646,,0.8984375,full_patch_and_classifier_activation,1.4490291465786118,1.3981591762751435,1.0530599010050665,2.5985101504854895e-05,2.8886647397951272e-05,"[[0.004585736126729599,0.0004181165951481068,0.0002809494675086332,0.0002262630295178205,0.00017955563269453505,0.00010993028812971709,6.672275422006944e-05,5.876009700414087e-05,5.153888159020744e-05,4.268217063092136e-05,2.7710672902104548e-05,2.4794895929148175e-05,2.0142342878774253e-05,1.9654941656604412e-05,1.4258818342309703e-05,1.149571596713135e-05,9.500770633704943e-06,7.359233904230225e-06,6.222204041123135e-06,5.2296262524478405e-06,4.381773402173378e-06,3.6688613803245765e-06,2.7303031213341872e-06,2.3694907931110556e-06,1.6654321589671093e-06],[0.021813004015084212,0.0005618991157311855,0.0002079457536369346,0.0001916795289560076,8.069533718027707e-05,6.627709987934987e-05,4.0399240547495955e-05,2.7227721947250156e-05,2.2724693396228806e-05,1.8892423685596042e-18]]","[[395.31136966712677,195.45029926973734,165.68082986607993,123.29519539466884,97.27393037028926,93.04241616052647,74.42487988933318,61.26353996202877,50.047678244470596,49.44139343827181,45.49281440429085,37.896204647816965,35.80561069723701,30.139722484383505,30.030811852001257,28.715711501690123,25.87090471024154,24.38340032625083,23.78212810168266,21.516353767964723,19.78051422772709,18.79389441253032,16.790303168534358,15.691367805256563,13.979570025804959],[4.280960529860263,0.04908747904700777,0.037826599932969114,0.02321962485325345,0.01810360864840576,0.014704859177433258,0.009655619494958892,0.009513918318214049,0.007707733653997994,0.006028790757720871,0.0058626138116416385,0.004184481130917765,0.003339504216509522,0.00284833988994216,0.0026143191203094563,0.0022766020370846513,0.0017964828298816678,0.0017646667408789702,0.0015026472538259372,0.0012897502095810286,0.0010613701284882245,0.0008931627916423433,0.0008415812898257505,0.0007930886558082268,0.000789199144611861,0.0006890912703333647,0.0005648184262055499,0.0005022717314334962,0.00039832426057428164,0.00034930442053387843,0.00030784234087697455,0.0002813378543531277]]",,,,,,,,,,,,,,0.3909642919898033,32,5,2
31,MNISTPatchClassifier,MNIST patch filters=32 kernel=5 stride=2 lr=1e-02,1.0,0.01,Muon,0,5,512,64,2.30253797305297,,0.8984375,full_patch_and_classifier_activation,2.2079400703005367,1.401673080302385,1.5848854983099654,2.5634902293138296e-05,4.150926904630545e-05,"[[0.00433574009889311,0.0008327969353214024,0.0005893701698709219,0.0004257863021461663,0.0003023347864324026,0.0001774117288565167,0.0001403211781195284,0.00011661972038264332,0.00010357077456050607,8.790541906528102e-05,6.268459801664991e-05,5.579065212987231e-05,5.054203037844173e-05,3.998298272468562e-05,3.377057754820021e-05,2.730083612553711e-05,2.26360691144374e-05,1.9508338273768185e-05,1.8736781613516455e-05,1.4950212912037895e-05,1.4065356416014471e-05,1.1478983759247667e-05,8.431206080503661e-06,6.291493305748419e-06,4.092192214427303e-06],[0.005977296774534145,0.0008051689399239637,0.00031230284933558573,0.0002460180253235573,0.0001224920101051474,8.9105316594909e-05,7.152645769651691e-05,5.010275868958938e-05,4.900264027740348e-05,3.689676015687836e-19]]","[[395.31136966712677,195.45029926973734,165.68082986607993,123.29519539466884,97.27393037028926,93.04241616052647,74.42487988933318,61.26353996202877,50.047678244470596,49.44139343827181,45.49281440429085,37.896204647816965,35.80561069723701,30.139722484383505,30.030811852001257,28.715711501690123,25.87090471024154,24.38340032625083,23.78212810168266,21.516353767964723,19.78051422772709,18.79389441253032,16.790303168534358,15.691367805256563,13.979570025804959],[1.1943519506916054,0.06580270702748617,0.056293819835442384,0.03153793440280349,0.02455374439472493,0.018816366807116635,0.014183064929312256,0.012286278840822366,0.010546739467681527,0.009068389063093958,0.008561104340742419,0.0073608712951326654,0.006804487485955729,0.006171294735196183,0.005876487514801783,0.0051782949973272615,0.005080677048164854,0.0044680570782862465,0.0040796290092084495,0.003825371602426649,0.0037067628026136194,0.0035241176070182805,0.0032924130052663335,0.0032482463875720294,0.0029999596692221416,0.0027101001555439866,0.00261906323008552,0.002402826074697682,0.0020918192749323924,0.002047510703430095,0.0019231268988179947,0.0015714755907339153]]",,,,,,,,,,,,,,0.42473120894283056,32,5,2
32,MNISTPatchClassifier,MNIST patch filters=32 kernel=5 stride=2 lr=1e-02,1.0,0.01,Adam,1,0,512,64,2.302641018481587,9.893863864318675e-05,0.8828125,full_patch_and_classifier_activation,2.5581412034388427,1.405565560514666,1.8362241521489375,9.794995313690004e-06,1.854448952929364e-05,"[[0.0020853734406276287,0.0003955333776618263,0.00032684365194880755,0.00021187059751769685,0.00015086764247978916,0.00012635775244711716,0.00011827113228051813,8.164759665301631e-05,7.56174889367256e-05,6.837699622784907e-05,5.1360745187011404e-05,4.51529197872644e-05,2.7808766539415152e-05,2.3145627766483117e-05,2.016975327269177e-05,1.8653899036299175e-05,1.6536751944888512e-05,1.300828138011809e-05,9.608528068511273e-06,9.536328516102784e-06,6.572339174778814e-06,5.393754035410096e-06,4.475704065532573e-06,3.904835885582312e-06,3.264466354186497e-06],[0.002442800059487023,0.00036181738199019475,0.00021639041882615237,0.0001328756644290016,9.345826776751983e-05,6.238743813104537e-05,4.9583164053090214e-05,4.216975208692828e-05,2.9396970100417305e-05,2.465649215498664e-19]]","[[390.23185824645077,195.18686611323614,161.79959583816836,124.70170629486346,95.24338688287415,90.64784280728632,75.73183997088778,60.98797149185639,49.55656364117996,48.153608662399236,46.68779265981902,37.755694463668874,35.72557611569003,30.26753208141558,30.015824533000373,27.7484789702651,26.16951182467305,24.52093847338149,23.218004471467978,21.97486352300743,19.833741908261363,18.780552148931818,17.260255681991797,15.782347748565027,13.995750653715579],[0.7943402961735307,0.04265972809748697,0.028156756311787292,0.016511127276154107,0.01488210910461115,0.012939072628565137,0.009223418140463782,0.008253290177842695,0.007789268092879863,0.005967727726152117,0.005605166680377972,0.0052923711074035346,0.005160726903783552,0.004781336711191427,0.004319114856303205,0.004014272496753762,0.003833184910008368,0.003391451942793194,0.003283196034413277,0.002995812553811557,0.0028122402224791832,0.002535330671599312,0.0024519550223465764,0.002410516776190248,0.002272366570149637,0.0021359189724052523,0.0020142150842664425,0.0019420917138370836,0.0016975848277429148,0.0016874359035479987,0.0013494735165628798,0.000979324580720767]]","[[0.038966261138003486,0.01824592426877628,0.014475308626124306,0.01099293738705519,0.008311427635489862,0.007267244200564702,0.00698526895619968,0.0063509529722623895,0.005529259232402782,0.004898299157579784,0.003930750605915483,0.00361098882795617,0.0029487424228594084,0.0025791213234867025,0.002119176868456717,0.00097009984211771,4.8185028154479514e-05,1.9520034110998266e-05,6.18510830749428e-06,3.4537876571171932e-06,2.5076701448892743e-06,6.18410815853449e-07,3.0255947896925614e-07,2.4422879570342844e-07,4.903301763622818e-08],[0.025502811507363506,0.013444853179529051,0.008536402416012489,0.006875943903145823,0.004688135122250884,0.0039217590984162096,0.002990140172915144,0.002423305004494411,8.065421156671197e-06,7.113609704794673e-07]]",6.15928362824936,1.5935456723682102,0.38620941598351843,0.11002820373647713,0.27286233068544763,0.00012043808719042497,0.6162060704757883,0.002035775236407035,0.059160797830996134,0.038966261138003486,0.18087672590631254,0.18278593850686478,0.03588024992495775,32,5,2
33,MNISTPatchClassifier,MNIST patch filters=32 kernel=5 stride=2 lr=1e-02,1.0,0.01,Muon,1,0,512,64,2.302641018481587,6.819405786684385e-05,0.8828125,full_patch_and_classifier_activation,2.5581412034388427,1.405565560514666,1.8362241521489375,9.794995313690004e-06,1.854448952929364e-05,"[[0.0020853734406276287,0.0003955333776618263,0.00032684365194880755,0.00021187059751769685,0.00015086764247978916,0.00012635775244711716,0.00011827113228051813,8.164759665301631e-05,7.56174889367256e-05,6.837699622784907e-05,5.1360745187011404e-05,4.51529197872644e-05,2.7808766539415152e-05,2.3145627766483117e-05,2.016975327269177e-05,1.8653899036299175e-05,1.6536751944888512e-05,1.300828138011809e-05,9.608528068511273e-06,9.536328516102784e-06,6.572339174778814e-06,5.393754035410096e-06,4.475704065532573e-06,3.904835885582312e-06,3.264466354186497e-06],[0.002442800059487023,0.00036181738199019475,0.00021639041882615237,0.0001328756644290016,9.345826776751983e-05,6.238743813104537e-05,4.9583164053090214e-05,4.216975208692828e-05,2.9396970100417305e-05,2.465649215498664e-19]]","[[390.23185824645077,195.18686611323614,161.79959583816836,124.70170629486346,95.24338688287415,90.64784280728632,75.73183997088778,60.98797149185639,49.55656364117996,48.153608662399236,46.68779265981902,37.755694463668874,35.72557611569003,30.26753208141558,30.015824533000373,27.7484789702651,26.16951182467305,24.52093847338149,23.218004471467978,21.97486352300743,19.833741908261363,18.780552148931818,17.260255681991797,15.782347748565027,13.995750653715579],[0.7943402961735307,0.04265972809748697,0.028156756311787292,0.016511127276154107,0.01488210910461115,0.012939072628565137,0.009223418140463782,0.008253290177842695,0.007789268092879863,0.005967727726152117,0.005605166680377972,0.0052923711074035346,0.005160726903783552,0.004781336711191427,0.004319114856303205,0.004014272496753762,0.003833184910008368,0.003391451942793194,0.003283196034413277,0.002995812553811557,0.0028122402224791832,0.002535330671599312,0.0024519550223465764,0.002410516776190248,0.002272366570149637,0.0021359189724052523,0.0020142150842664425,0.0019420917138370836,0.0016975848277429148,0.0016874359035479987,0.0013494735165628798,0.000979324580720767]]","[[0.010000000000000002,0.010000000000000002,0.010000000000000002,0.010000000000000002,0.010000000000000002,0.010000000000000002,0.010000000000000002,0.010000000000000002,0.010000000000000002,0.009999999999999998,0.009999999999999998,0.009999999999999998,0.009999999999999998,0.009999999999999998,0.009999999999999998,0.009999999999999998,0.009999999999999998,0.009999999999999998,0.009999999999999998,0.009999999999999997,0.009999999999999997,0.009999999999999997,0.009999999999999997,0.009999999999999995,0.009999999999999992],[0.010000000000000002,0.010000000000000002,0.01,0.01,0.01,0.009999999999999998,0.009999999999999998,0.009999999999999997,0.009999999999999997,0.009999999999999997]]",17.5,17.499999999999986,1.0,0.9999999999999993,0.9999999999999992,7.330231494666624e-05,0.37504191990899444,0.0012390352671724945,0.05916079783099614,0.010000000000000002,0.18087672590631257,0.182685938326082,0.06900983303785324,32,5,2
32,MNISTPatchClassifier,MNIST patch filters=32 kernel=5 stride=2 lr=1e-02,1.0,0.01,Adam,1,1,512,64,2.302600085387545,0.00015836354661802332,0.91015625,full_patch_and_classifier_activation,2.411381216311013,1.406747608492445,1.676564903742583,3.277545995977509e-05,5.060025528087551e-05,"[[0.0025332419108176603,0.0006369193145057994,0.0004415852505395035,0.0003207339099804689,0.0001744696594597594,0.00015128097791208508,0.000125191026303861,8.464145855401669e-05,7.090329669605987e-05,5.5393118952719057e-05,4.418465498562524e-05,3.827080136245594e-05,3.3256982447430214e-05,2.8489199246083697e-05,2.3462652563215985e-05,1.8667472156386924e-05,1.6946867487968388e-05,1.3284568468871641e-05,1.0746746806120137e-05,8.476945051700889e-06,6.779061027797417e-06,6.322478809745367e-06,4.342241187658191e-06,3.4625801533956643e-06,2.311842281973689e-06],[0.004287204711154154,0.0003687336034307117,0.00030125018344697986,0.0001512137458460407,8.104843426695334e-05,6.963596070675992e-05,5.854590612782768e-05,4.595437630618201e-05,2.4207712778360576e-05,1.838360567538498e-19]]","[[390.23185824645077,195.18686611323614,161.79959583816836,124.70170629486346,95.24338688287415,90.64784280728632,75.73183997088778,60.98797149185639,49.55656364117996,48.153608662399236,46.68779265981902,37.755694463668874,35.72557611569003,30.26753208141558,30.015824533000373,27.7484789702651,26.16951182467305,24.52093847338149,23.218004471467978,21.97486352300743,19.833741908261363,18.780552148931818,17.260255681991797,15.782347748565027,13.995750653715579],[0.7542812398634879,0.049530604835196876,0.03385061099027476,0.015988447283181658,0.014246416633826853,0.013057727371481356,0.00937547194569898,0.00887899294744522,0.0072874335651968115,0.006900236060244573,0.0057252852221321565,0.005401034331037217,0.0049449146441501255,0.004428213525582702,0.004376856117511302,0.003999551633857427,0.0039733789824702315,0.0035552590023305362,0.003493884184189648,0.003194975471077673,0.0030194818670304063,0.002663361440170388,0.0025992960350917724,0.0024397237757696304,0.0023589102639313044,0.002185732555650867,0.0019519583546152536,0.001873898145095037,0.0017263426255053017,0.0014787367993606975,0.0007855685070312975,0.0004997194069867107]]","[[0.04164027442259955,0.013191133705748663,0.010779734894881363,0.008730318644974183,0.007458980768740994,0.006483186661356267,0.005457928302884939,0.004075188506048141,0.0038377024294488538,0.0030693112944178537,0.002694463817748517,0.002501937218762021,0.002266171741723981,0.0016984614259440598,0.001559293603675084,0.0014396607040539976,0.0011167915150812145,0.0009209683123336688,0.0007003904993511221,0.0006127758059515546,0.000439597649651868,0.00040115524781487175,0.000278180914542752,0.00021977986163421062,0.00017886259992724946],[0.0291434222177885,0.014292686549269434,0.00890894694600814,0.006270591512388391,0.004256234659913443,0.0036885820195851882,0.0020804124110049846,0.0016673781008501218,0.000762396168807812,0.0003880961849862227]]",5.332035969071262,1.3761033589367888,0.33968976675668494,0.09784933299877878,0.2720474730944815,0.00015112923726703827,0.5016371378960105,0.0025509302990808086,0.05924475369691424,0.04164027442259955,0.17980285035805715,0.1882222510643477,0.14611916709691286,32,5,2
33,MNISTPatchClassifier,MNIST patch filters=32 kernel=5 stride=2 lr=1e-02,1.0,0.01,Muon,1,1,512,64,2.302620070065096,9.90166764478495e-05,0.8828125,full_patch_and_classifier_activation,2.0933786506010286,1.4065155710521908,1.500468494597504,3.234300707701107e-05,4.991325013055662e-05,"[[0.0032055096871918083,0.0005382692944681333,0.00035190805148419555,0.0003321266210338002,0.0001555180121727811,0.00013523488004926328,0.00010588069076828209,8.46387075494668e-05,7.528435563103023e-05,6.97143716947303e-05,5.070583715276685e-05,4.07395923651874e-05,3.848715064014823e-05,2.905893861867329e-05,2.4287241514349054e-05,2.115292439075612e-05,1.777733309908294e-05,1.660847019427505e-05,1.3622952344925262e-05,1.0879096947569286e-05,9.833426264026804e-06,9.134306021862903e-06,6.702284788573462e-06,4.716276307143943e-06,2.6700627359941995e-06],[0.004027958431958157,0.00033946920089232167,0.00026505679647354473,0.00014980237729369822,7.831751270159791e-05,6.619869341376975e-05,5.549560089663369e-05,4.8387711292172436e-05,2.744694872704916e-05,2.322192775088818e-19]]","[[390.23185824645077,195.18686611323614,161.79959583816836,124.70170629486346,95.24338688287415,90.64784280728632,75.73183997088778,60.98797149185639,49.55656364117996,48.153608662399236,46.68779265981902,37.755694463668874,35.72557611569003,30.26753208141558,30.015824533000373,27.7484789702651,26.16951182467305,24.52093847338149,23.218004471467978,21.97486352300743,19.833741908261363,18.780552148931818,17.260255681991797,15.782347748565027,13.995750653715579],[0.713150216023355,0.04182520318605523,0.03286766021262733,0.016677296955301648,0.014856484229536417,0.013212297558946888,0.009044930974138565,0.008381766689447845,0.007246115072247366,0.007000300273784953,0.005781796703214025,0.005319321383225928,0.005162352285786854,0.0047615030320928,0.0043201527761841645,0.003984061367079048,0.003892914892152433,0.0034836640371762348,0.003073676850703626,0.0030117121912562714,0.002894567150356971,0.002738417121637121,0.0025302252395568406,0.00240869384251727,0.0023598999243393125,0.0021846942616400027,0.001998594362263111,0.0018672142098169625,0.0017272305194875844,0.0014782126167979844,0.0012578285312612061,0.0008661951670135298]]","[[0.010000000000000007,0.010000000000000005,0.010000000000000004,0.010000000000000002,0.010000000000000002,0.010000000000000002,0.01,0.01,0.009999999999999998,0.009999999999999998,0.009999999999999998,0.009999999999999998,0.009999999999999997,0.009999999999999997,0.009999999999999997,0.009999999999999997,0.009999999999999997,0.009999999999999997,0.009999999999999997,0.009999999999999997,0.009999999999999997,0.009999999999999995,0.009999999999999995,0.009999999999999992,0.009999999999999992],[0.010000000000000002,0.010000000000000002,0.009999999999999998,0.009999999999999998,0.009999999999999998,0.009999999999999998,0.009999999999999993,0.009999999999999993,0.009999999999999993,0.009999999999999992]]",17.5,17.49999999999997,1.0,0.9999999999999987,0.9999999999999987,0.00010408593839077772,0.33655123167869344,0.0017593734737675214,0.05916079783099614,0.010000000000000007,0.17980285035805713,0.1808104008071315,0.1870177499949932,32,5,2
32,MNISTPatchClassifier,MNIST patch filters=32 kernel=5 stride=2 lr=1e-02,1.0,0.01,Adam,1,2,512,64,2.3025271657061017,0.0002082293652683198,0.88671875,full_patch_and_classifier_activation,2.3304836162835967,1.4058399946327707,1.634882985445618,3.215978410359339e-05,4.9992318849338654e-05,"[[0.002738746387281222,0.0006306966213646402,0.0004956830304828272,0.00030766394378049046,0.00027518018999882405,0.00011515877867368734,9.935846491979889e-05,6.808849920135005e-05,5.3994453718605017e-05,4.773439073160462e-05,4.3245544891917506e-05,3.858049826486812e-05,3.0976689235968154e-05,2.3953969313587785e-05,2.246978734010643e-05,1.697272605508897e-05,1.5431379034653634e-05,1.137145301252053e-05,1.0001168361370441e-05,9.413862530549094e-06,8.60159443936806e-06,7.24155529592934e-06,6.211143682975017e-06,5.675103758504084e-06,3.4942802338345463e-06],[0.004637531031623134,0.000562325375915631,0.0002677277859332434,0.00011361542343487908,0.00010039594474473506,6.338135999618898e-05,5.017908711629848e-05,3.846739078006496e-05,2.352988414055574e-05,5.630424677475241e-19]]","[[390.23185824645077,195.18686611323614,161.79959583816836,124.70170629486346,95.24338688287415,90.64784280728632,75.73183997088778,60.98797149185639,49.55656364117996,48.153608662399236,46.68779265981902,37.755694463668874,35.72557611569003,30.26753208141558,30.015824533000373,27.7484789702651,26.16951182467305,24.52093847338149,23.218004471467978,21.97486352300743,19.833741908261363,18.780552148931818,17.260255681991797,15.782347748565027,13.995750653715579],[0.8257049416701367,0.045165651250726045,0.037969484737359206,0.01656781932456863,0.013967994619422113,0.009682819385452585,0.00847130526228692,0.007174803796049276,0.00642756400978354,0.006157543469374156,0.005639673308887651,0.005203371777304454,0.004850860331034699,0.004439167132733987,0.003837439024170264,0.0032362396496770683,0.0032086055479750956,0.0030630251901120654,0.002652524951077062,0.0025213864647996476,0.002299761599216884,0.0022404485530555392,0.0021388410954397427,0.0019820094287563675,0.0019485134352185364,0.0018525194021676294,0.00166936427465481,0.0016630764363481365,0.0011716377365897557,0.001054033311444325,0.0009518722279282443,0.0003757968342429721]]","[[0.04250837521323573,0.014455389851259107,0.011774754938587154,0.010056220739243771,0.008394193633091013,0.006396772405464942,0.004967198925430503,0.004524758680629746,0.0034610391128239715,0.00311599206014412,0.002495091321137365,0.002349813942044487,0.0017223642996163373,0.0014014558496357255,0.0011432479465760521,0.0010370706805368853,0.0009713081497396622,0.0007767238013238003,0.000706285846548435,0.0005168924274014466,0.00040224511976052286,0.00036604554270423383,0.00023467063574049036,0.0002151605253325146,0.00014287800883296703],[0.028294971319487255,0.01293156757943718,0.009423606913220842,0.007043062627791896,0.0047465110973308475,0.0034936879752538227,0.0028415017397012314,0.0020830998511946856,0.001871653787097487,0.001134387148212399]]",5.492923787803409,1.402824680335479,0.36103966938253573,0.09951183963591347,0.26183217182741225,0.00016729494904783925,0.5057281477505039,0.0027828904123275463,0.06011553610115662,0.04250837521323573,0.1778360635774139,0.18330045551563662,0.22410975000821054,32,5,2
33,MNISTPatchClassifier,MNIST patch filters=32 kernel=5 stride=2 lr=1e-02,1.0,0.01,Muon,1,2,512,64,2.3025204624153504,0.00011143543203218087,0.900390625,full_patch_and_classifier_activation,2.48554858345219,1.4072114525600592,1.7458892177476601,3.208733426688962e-05,5.3705754422852106e-05,"[[0.002954082143553795,0.0007201581261351976,0.0006119658767276096,0.0003159559352257027,0.00027248118380713974,0.00014060351836740523,0.00010602986428361146,9.148781886826352e-05,8.319934926709452e-05,6.733928293239449e-05,5.7400079414006044e-05,4.599014780845815e-05,3.793135899907009e-05,3.5630773355161556e-05,3.4438089065701244e-05,2.7367294549399134e-05,1.9910123796388384e-05,1.610370576437543e-05,1.266183436394757e-05,9.432986335522486e-06,8.971288880536565e-06,6.119155370022898e-06,5.289305104734883e-06,4.044033364977916e-06,2.698511308157381e-06],[0.003837488342110152,0.0005231249097671949,0.0002631281411570511,0.00012331452843804798,8.92647133532684e-05,7.319758310536117e-05,5.364599744182445e-05,4.7902073626893024e-05,4.01809510590332e-05,2.0153013449655082e-19]]","[[390.23185824645077,195.18686611323614,161.79959583816836,124.70170629486346,95.24338688287415,90.64784280728632,75.73183997088778,60.98797149185639,49.55656364117996,48.153608662399236,46.68779265981902,37.755694463668874,35.72557611569003,30.26753208141558,30.015824533000373,27.7484789702651,26.16951182467305,24.52093847338149,23.218004471467978,21.97486352300743,19.833741908261363,18.780552148931818,17.260255681991797,15.782347748565027,13.995750653715579],[0.6860997508733636,0.04028954870091032,0.03861626428093222,0.01655835307772332,0.015767840233942943,0.013744341474204584,0.0102697537501752,0.008492931620333856,0.00751501982611911,0.006757710387275441,0.0060624131893329495,0.005521727594383228,0.0050869911302452425,0.004896336971256677,0.004440227201305139,0.004128180273175177,0.003885555408287323,0.0034556148946566696,0.0032038317556568525,0.0029305467356516785,0.0028921621097935195,0.002568749058916709,0.002490158669758251,0.002439489778382709,0.0023484251406863505,0.0020955340846779587,0.00203379088998962,0.0018970982989489965,0.0016715171821813791,0.001655993267694194,0.001323510249244699,0.001031137445539375]]","[[0.010000000000000009,0.010000000000000007,0.010000000000000007,0.010000000000000007,0.010000000000000005,0.010000000000000005,0.010000000000000004,0.010000000000000004,0.010000000000000004,0.010000000000000004,0.010000000000000004,0.010000000000000004,0.010000000000000002,0.010000000000000002,0.010000000000000002,0.010000000000000002,0.010000000000000002,0.010000000000000002,0.010000000000000002,0.010000000000000002,0.009999999999999998,0.009999999999999998,0.009999999999999998,0.009999999999999998,0.009999999999999998],[0.010000000000000002,0.010000000000000002,0.010000000000000002,0.009999999999999998,0.009999999999999998,0.009999999999999998,0.009999999999999998,0.009999999999999997,0.009999999999999995,0.009999999999999993]]",17.5,17.49999999999998,1.0,0.999999999999999,0.9999999999999991,0.00010738539026707507,0.3633174375047127,0.0018151443895980139,0.05916079783099618,0.010000000000000009,0.1778360635774139,0.17790970723375543,0.2582986250054091,32,5,2
32,MNISTPatchClassifier,MNIST patch filters=32 kernel=5 stride=2 lr=1e-02,1.0,0.01,Adam,1,3,512,64,2.302415688597331,0.0003386120013311178,0.88671875,full_patch_and_classifier_activation,1.8308222449260902,1.4042549054503346,1.314431955525365,3.884690636637077e-05,5.251266753896092e-05,"[[0.004362959981028044,0.0007411011581548232,0.0005811730406075647,0.00028815791804908205,0.00018973895710565515,0.0001677144744831247,9.128561610719977e-05,6.377220907661798e-05,5.9114285199002134e-05,4.566478937576262e-05,3.6358764552306854e-05,2.7796970537900277e-05,2.675989179388252e-05,2.292498429752473e-05,1.8853957069377713e-05,1.5554119478934993e-05,1.3455416198684765e-05,1.1322162044969337e-05,1.0098728091470199e-05,9.036537879418585e-06,6.855469478413713e-06,5.3492859564053375e-06,4.649009029519328e-06,3.4217635789513758e-06,2.689065723662001e-06],[0.0077401357668844895,0.0005931857302652136,0.0003277602172992214,0.00013029435660263233,9.885141796670933e-05,5.062135414053028e-05,4.842459134647852e-05,3.322596479354605e-05,2.8719539840785776e-05,4.537865507926442e-19]]","[[390.23185824645077,195.18686611323614,161.79959583816836,124.70170629486346,95.24338688287415,90.64784280728632,75.73183997088778,60.98797149185639,49.55656364117996,48.153608662399236,46.68779265981902,37.755694463668874,35.72557611569003,30.26753208141558,30.015824533000373,27.7484789702651,26.16951182467305,24.52093847338149,23.218004471467978,21.97486352300743,19.833741908261363,18.780552148931818,17.260255681991797,15.782347748565027,13.995750653715579],[1.2469535349378664,0.0485109013678553,0.04206904081963638,0.016960151079573636,0.013900047390009112,0.012991681386621807,0.009707321685378455,0.007889094315789408,0.0070403863632333315,0.006335398228253417,0.005695814655564041,0.005445360626377463,0.004525534637564858,0.004141993648820768,0.004003031054957153,0.003626989557357647,0.0030322161459898664,0.002914043125922741,0.0025574650994011176,0.0024020494166581596,0.0021987713704752646,0.002121074271951558,0.0019982707019068784,0.001954936083461518,0.0017006805554716888,0.0015033888643377327,0.0011940562572303462,0.0009063153334292544,0.000704110471389985,0.0004254951736561128,0.0004073426455702693,0.0003530065428793227]]","[[0.04355733184055613,0.013465947336104156,0.011504862142062868,0.009880526245234687,0.008622538175419138,0.005963727494420552,0.004908267653661065,0.0034912408405078387,0.00275925900981244,0.0025893877761300993,0.002071993612139478,0.0015186571736557507,0.0014001861705631466,0.001212864089490553,0.0009331386226482098,0.0008514081372395948,0.0007817104109549926,0.0005439332751695126,0.00045770385062142004,0.00034679138863638565,0.0002588474103150839,0.00023506644507148358,0.00016301842388120958,9.78709258593834e-05,7.736205336716753e-05],[0.029454791269591673,0.012210486576743923,0.010067340896081972,0.006806331422534795,0.004212645466117947,0.0030920673063760088,0.002541759255545033,0.0022240082346632784,0.0011188922278803355,0.0008359548388913216]]",4.9751816099649755,1.3486038843479087,0.3300979037054721,0.09561234960962117,0.2761430735349054,0.0002501866150989361,0.4592367956471995,0.004120218721603716,0.060721682998798605,0.04355733184055613,0.1709605853264598,0.17612961080070122,0.2957983328960836,32,5,2
33,MNISTPatchClassifier,MNIST patch filters=32 kernel=5 stride=2 lr=1e-02,1.0,0.01,Muon,1,3,512,64,2.302519655684764,0.00014366627131945364,0.884765625,full_patch_and_classifier_activation,2.037515991470511,1.4069331973253967,1.4771672101408997,3.839849790673449e-05,6.065112170178657e-05,"[[0.005083435471888294,0.0011824780230854978,0.0006188025578878392,0.0003912945161208001,0.0002912578242300539,0.0001569753315560772,0.00010567713707848466,8.245315651357897e-05,7.224219906622296e-05,5.381423472358162e-05,4.889573371645495e-05,3.9654670783082864e-05,3.6489285145923437e-05,2.764954615916841e-05,2.559613868869531e-05,2.206588090407023e-05,1.5702704279931903e-05,1.4257774573688252e-05,1.2929804389736717e-05,1.2378616319652463e-05,1.0283244452179508e-05,7.291022440420277e-06,4.814955626433161e-06,4.514780574369833e-06,3.0628558509247153e-06],[0.004750292722328819,0.0005737401464569998,0.00031247480441679243,0.00012914425936225786,0.00011378372731907441,5.628359864740312e-05,4.8050587037293785e-05,4.033853690872449e-05,3.335088181861483e-05,2.5900328083079844e-19]]","[[390.23185824645077,195.18686611323614,161.79959583816836,124.70170629486346,95.24338688287415,90.64784280728632,75.73183997088778,60.98797149185639,49.55656364117996,48.153608662399236,46.68779265981902,37.755694463668874,35.72557611569003,30.26753208141558,30.015824533000373,27.7484789702651,26.16951182467305,24.52093847338149,23.218004471467978,21.97486352300743,19.833741908261363,18.780552148931818,17.260255681991797,15.782347748565027,13.995750653715579],[0.7744445460407715,0.04688990073650111,0.041795331921173094,0.017088118715597848,0.014960721254439585,0.01344852618668141,0.010475717711325142,0.00897608086536028,0.00775941881402468,0.0069244385498018176,0.006080651795528738,0.0058107002781078625,0.005579227453720645,0.005444444201683011,0.004823640691488713,0.0041326467571108595,0.003914490878230292,0.0036726507821145055,0.0033212681712832454,0.003206170173062216,0.0030687857422179885,0.002807583641323402,0.0026333732209443995,0.0025288241218012456,0.002262422387994573,0.002139176994485708,0.002060899582161951,0.0018576263622108453,0.001786894156676117,0.0016475374504204897,0.0014469704134240954,0.0010446948798098175]]","[[0.010000000000000005,0.010000000000000005,0.010000000000000005,0.010000000000000005,0.010000000000000004,0.010000000000000002,0.010000000000000002,0.010000000000000002,0.010000000000000002,0.010000000000000002,0.010000000000000002,0.010000000000000002,0.01,0.01,0.01,0.01,0.009999999999999998,0.009999999999999998,0.009999999999999998,0.009999999999999998,0.009999999999999998,0.009999999999999997,0.009999999999999997,0.009999999999999997,0.009999999999999995],[0.01,0.01,0.01,0.009999999999999998,0.009999999999999998,0.009999999999999998,0.009999999999999998,0.009999999999999995,0.009999999999999995,0.009999999999999993]]",17.5,17.499999999999986,1.0,0.9999999999999992,0.9999999999999993,0.00014381476730351148,0.34056534508136044,0.0024309132495870856,0.05916079783099616,0.010000000000000005,0.17096058532645989,0.17003087075770235,0.32947712508030236,32,5,2
32,MNISTPatchClassifier,MNIST patch filters=32 kernel=5 stride=2 lr=1e-02,1.0,0.01,Adam,1,4,512,64,2.3020527436977583,0.00045316314241139466,0.88671875,full_patch_and_classifier_activation,1.631500349797462,1.4033168162457064,1.1958925141387624,1.815061159010732e-05,2.3816187160236226e-05,"[[0.005634216612971595,0.0008037299247416727,0.00039047694176812546,0.0003528915351407961,0.0001637004591781524,0.0001463496452421487,9.763816111920882e-05,6.368423189782006e-05,5.6230519788075356e-05,4.8932109299227606e-05,4.370427893404863e-05,3.884939320531064e-05,2.747225356953352e-05,2.4481821550257096e-05,1.8254903294095726e-05,1.682327123159366e-05,1.3650909325845211e-05,1.0133275059090189e-05,8.76222932377403e-06,7.84075730417986e-06,5.722408466459444e-06,4.7433285851155275e-06,3.91244352792553e-06,3.7171916494392876e-06,2.1422515735501485e-06],[0.007895468963566167,0.0005379054031892172,0.00023380530920095205,0.00013962343443293102,9.214973600841014e-05,6.966881539752525e-05,4.93010707107062e-05,3.853326265180902e-05,2.1997526726052636e-05,8.899106604171314e-19]]","[[390.23185824645077,195.18686611323614,161.79959583816836,124.70170629486346,95.24338688287415,90.64784280728632,75.73183997088778,60.98797149185639,49.55656364117996,48.153608662399236,46.68779265981902,37.755694463668874,35.72557611569003,30.26753208141558,30.015824533000373,27.7484789702651,26.16951182467305,24.52093847338149,23.218004471467978,21.97486352300743,19.833741908261363,18.780552148931818,17.260255681991797,15.782347748565027,13.995750653715579],[1.8589120635246221,0.04711079244150849,0.04093226569968424,0.019465390585886762,0.014448861102223416,0.01312654838218682,0.010547091833033805,0.00761925654143039,0.007004492756264497,0.005965483599514399,0.005388111083017394,0.0050526639706586956,0.004784937859669463,0.004063653024730368,0.003761414757363994,0.0032888868419430335,0.0030129396056649427,0.002872284920964141,0.002731299421664697,0.0024160705952484445,0.0022812558365333507,0.0021214873844117433,0.001967355229630545,0.0016873273059057083,0.0015092275079500593,0.0014490323153040288,0.0009345733875901304,0.00047839450834538417,0.0004227467547539399,0.0002546213504954683,0.00019145938062675169,0.00011093333011921689]]","[[0.04718586557823421,0.013235177173790686,0.011440622523586928,0.00837733344899176,0.007846440607997902,0.005035964525920471,0.004633487252177709,0.0036764948331146877,0.0025136165391613724,0.0020241421454852467,0.001737221140375781,0.001260302228300212,0.00099518786586045,0.0008521261172514243,0.0007684483341929801,0.0005796692305773227,0.0005162725167696454,0.0004363550944212171,0.0002968335445620929,0.0002453759114489538,0.0001997219760944803,0.0001925479136359417,0.0001063147894929988,8.400196743015538e-05,6.204904498384392e-05],[0.02961733768212313,0.01260968423411371,0.007004824798395909,0.005919385903285495,0.0035914523263807104,0.002804100763860337,0.00234707277878335,0.001993786232435262,0.0016926740350171907,0.0010345436587312854]]",4.420482371247012,1.2740508250507405,0.29916024160261234,0.09044547741078286,0.29069711959499056,0.0003782798162591729,0.6201666457305232,0.006059263845820419,0.06242999576922271,0.04718586557823421,0.16456786442552362,0.1660470774019983,0.36675641709007323,32,5,2
33,MNISTPatchClassifier,MNIST patch filters=32 kernel=5 stride=2 lr=1e-02,1.0,0.01,Muon,1,4,512,64,2.3025003170137444,9.644989703438966e-05,0.826171875,full_patch_and_classifier_activation,2.7573887255435965,1.4076645196112878,1.9354381236692755,1.7638502379090123e-05,3.267651481282074e-05,"[[0.002202431793746744,0.000663620207229174,0.000417657598222931,0.00028502072707850535,0.00019145985372764752,0.00014289557555299234,0.00010245790551467148,8.04689370089995e-05,7.661859129834208e-05,6.044510412262074e-05,5.787027070004111e-05,4.7010441742019576e-05,3.8663694943599586e-05,3.023323775286916e-05,3.017130800077846e-05,2.097898400942678e-05,1.5473205745311968e-05,1.4363748782135764e-05,1.2415103690741874e-05,1.040475617390706e-05,9.715182043104476e-06,8.094537350966873e-06,6.583465152245023e-06,5.050876963615175e-06,3.202250706351205e-06],[0.003388162814336506,0.0006365169874626742,0.000311997529486633,0.00012042562445164949,7.689879642563182e-05,6.305369080022119e-05,5.691875621037728e-05,5.109955858651624e-05,3.6494265938269636e-05,2.6141425536881263e-19]]","[[390.23185824645077,195.18686611323614,161.79959583816836,124.70170629486346,95.24338688287415,90.64784280728632,75.73183997088778,60.98797149185639,49.55656364117996,48.153608662399236,46.68779265981902,37.755694463668874,35.72557611569003,30.26753208141558,30.015824533000373,27.7484789702651,26.16951182467305,24.52093847338149,23.218004471467978,21.97486352300743,19.833741908261363,18.780552148931818,17.260255681991797,15.782347748565027,13.995750653715579],[0.8252932938125296,0.05727391538580401,0.04670997760758943,0.01846222709530056,0.01588852772875509,0.013842121718878964,0.011289144129703286,0.009966815686486052,0.008605352538334343,0.00740086825904978,0.007027349028128664,0.00626247612925769,0.005817240582565039,0.005708068423237087,0.005101204345616639,0.004473470342985323,0.004209085389745916,0.00400784401815174,0.0036741994055338937,0.003509805858532825,0.003190568410646388,0.002897579405400508,0.0027076713906336505,0.002632377734311756,0.0024057938559301738,0.00222927386589409,0.002124642953289289,0.0019806784993014054,0.0017604570705309678,0.001606543956889422,0.0013899511242953502,0.00099575208175677]]","[[0.010000000000000005,0.010000000000000005,0.010000000000000004,0.010000000000000004,0.010000000000000004,0.010000000000000002,0.010000000000000002,0.010000000000000002,0.010000000000000002,0.010000000000000002,0.010000000000000002,0.010000000000000002,0.01,0.01,0.009999999999999998,0.009999999999999998,0.009999999999999998,0.009999999999999998,0.009999999999999997,0.009999999999999997,0.009999999999999997,0.009999999999999995,0.009999999999999995,0.009999999999999995,0.009999999999999993],[0.010000000000000007,0.010000000000000005,0.010000000000000004,0.010000000000000004,0.010000000000000002,0.01,0.01,0.009999999999999998,0.009999999999999998,0.009999999999999997]]",17.499999999999996,17.49999999999998,0.9999999999999998,0.9999999999999989,0.9999999999999989,9.274875380958222e-05,0.3731199403713005,0.0015677400780587227,0.059160797830996155,0.010000000000000007,0.16456786442552365,0.16283847519835074,0.40281833289191127,32,5,2
32,MNISTPatchClassifier,MNIST patch filters=32 kernel=5 stride=2 lr=1e-02,1.0,0.01,Adam,1,5,512,64,2.3020246542548746,,0.88671875,full_patch_and_classifier_activation,1.9188397035569231,1.402985329447691,1.3293920150234437,3.418040006128966e-05,4.0873444610346234e-05,"[[0.005074661920473156,0.0012033092722595683,0.0006382217158155136,0.00044592443407032905,0.0003298767484344105,0.00022445777345038754,0.00015341601303686024,0.00010732070878176915,8.823823269228259e-05,7.286208290969074e-05,5.5824009852176075e-05,4.336360515543378e-05,3.362929761750261e-05,2.507696110926399e-05,2.2184084270000757e-05,2.140244306290256e-05,1.6680491717011675e-05,1.2846488933768423e-05,9.302899029567856e-06,7.452841012224055e-06,5.882783203164527e-06,3.619650861414203e-06,3.375005681487074e-06,2.2282812645543404e-06,1.3641654905273798e-06],[0.01544196778785358,0.0006896640814070903,0.00023521196300908844,0.0002289058823563569,0.00010287203412384871,8.675687972519851e-05,6.243782012643062e-05,4.093256795344612e-05,2.5875617638930135e-05,1.4664004313507985e-18]]","[[390.23185824645077,195.18686611323614,161.79959583816836,124.70170629486346,95.24338688287415,90.64784280728632,75.73183997088778,60.98797149185639,49.55656364117996,48.153608662399236,46.68779265981902,37.755694463668874,35.72557611569003,30.26753208141558,30.015824533000373,27.7484789702651,26.16951182467305,24.52093847338149,23.218004471467978,21.97486352300743,19.833741908261363,18.780552148931818,17.260255681991797,15.782347748565027,13.995750653715579],[2.6446484275229953,0.04925182077616131,0.04297994839654518,0.02249861288069666,0.014553878108064883,0.013634045280687944,0.01176632263618405,0.008484845295521095,0.006987278605123195,0.006120787748144316,0.005738455414425996,0.00538566160861586,0.004626841521381071,0.004125416061597979,0.003724148551950695,0.003483917484228059,0.003078149954300871,0.002645100393960776,0.00254752292767513,0.0022546843733890908,0.0021559931937329166,0.0019286280857108095,0.0017025916798486254,0.001394985468182588,0.0013105068240544672,0.0011712111153918139,0.0010673640047749009,0.0008585262764556541,0.0001695218607665531,0.00012376486452069874,6.912282704577076e-05,3.926139068622752e-05]]",,,,,,,,,,,,,,0.44323962507769465,32,5,2
33,MNISTPatchClassifier,MNIST patch filters=32 kernel=5 stride=2 lr=1e-02,1.0,0.01,Muon,1,5,512,64,2.3024140031256985,,0.822265625,full_patch_and_classifier_activation,2.3864104209900727,1.4075089515835417,1.6973790102586674,3.518330292305975e-05,5.9955254048794525e-05,"[[0.004403865956481541,0.0009868924227242977,0.0005923715968502998,0.0004991343272783211,0.0003233993116769388,0.0003085270387825223,0.00017616085440345428,0.00012438484620101693,0.00010341576527054021,9.402461124999873e-05,7.263600575787883e-05,5.7747699808777057e-05,5.406530904490395e-05,4.966312997386763e-05,4.0435511195190665e-05,3.407529230114972e-05,3.0190186999961066e-05,2.1714278312787583e-05,1.9185275992630276e-05,1.5545751150318064e-05,1.3993669464681058e-05,1.0197583507231114e-05,9.27494605285256e-06,7.274121953154412e-06,5.601064268719232e-06],[0.005442916146062153,0.0009123344248212735,0.0002813010990271219,0.0002560370640503859,0.00012532476465389002,8.891787798658875e-05,6.661216869761258e-05,5.4337418485749694e-05,3.2942101507439875e-05,2.541669387070917e-19]]","[[390.23185824645077,195.18686611323614,161.79959583816836,124.70170629486346,95.24338688287415,90.64784280728632,75.73183997088778,60.98797149185639,49.55656364117996,48.153608662399236,46.68779265981902,37.755694463668874,35.72557611569003,30.26753208141558,30.015824533000373,27.7484789702651,26.16951182467305,24.52093847338149,23.218004471467978,21.97486352300743,19.833741908261363,18.780552148931818,17.260255681991797,15.782347748565027,13.995750653715579],[0.9331204227397373,0.06472759562143786,0.05196176975378285,0.020521581087152282,0.017631483373940156,0.014240596538619617,0.012267842989726172,0.010613354765688367,0.00963722727528972,0.007734970523958074,0.007206288046817471,0.006776381312278808,0.005924727706773799,0.005737406709868271,0.005423903377368748,0.0045930223337390195,0.0043972343684883,0.004008070815479971,0.003568047981606691,0.00338153738661967,0.0032720237236615636,0.003051903455946253,0.0029240554861250066,0.0026475931523752094,0.0025596064247153873,0.002309969638682676,0.002139529148279214,0.001995296480677605,0.0016764428474353732,0.0016528184663814722,0.0012142557231076493,0.0010692816536426383]]",,,,,,,,,,,,,,0.4807012500241399,32,5,2
34,MNISTPatchClassifier,MNIST patch filters=32 kernel=5 stride=2 lr=1e-02,1.0,0.01,Adam,2,0,512,64,2.302454217058779,0.00030441129501790343,0.888671875,full_patch_and_classifier_activation,2.080126882220065,1.41677032926434,1.4337817495737184,4.598896990749511e-05,6.0471440370620135e-05,"[[0.004571627543865357,0.0008882729103839112,0.0005818614716304829,0.00046727503006889,0.00041803965665439605,0.00023229737019106784,0.00015052190534073752,0.00011909532705196789,9.580868204380208e-05,8.875501604241489e-05,6.953820235904708e-05,5.986783010549338e-05,4.7087768336797944e-05,3.698062221983485e-05,2.777359171410635e-05,2.520565517388318e-05,2.319745191022101e-05,2.1240974531919036e-05,1.828656062292636e-05,1.603780493550409e-05,1.1586636732853887e-05,1.066807613893318e-05,7.0826910886762896e-06,5.441708824043208e-06,3.720623669714407e-06],[0.005744085151882932,0.0003212327767990234,0.0001465267237568102,0.00013469322581067167,8.823758215615124e-05,6.108577791412978e-05,5.714495183737229e-05,3.7447397061279156e-05,3.314081497454104e-05,6.143000123859437e-19]]","[[385.4631266039292,193.67353929315215,163.5305164540714,123.66467601351606,96.43792511662514,92.57642915252309,74.85731861801413,61.4777093141017,49.55457513665488,48.955697500583675,45.84377864680122,37.75946415749075,35.91847983117771,30.072392062238123,30.01825061553237,28.280470726059434,26.556973510387824,24.504327569148856,23.662344317995107,21.60515119876028,19.950283507702544,18.95950195925815,16.96441509084872,15.994711848174608,14.108516018558104],[0.8490744559978352,0.04461225075440609,0.0303871914348722,0.02516120918306079,0.015042081059008176,0.013592730993775443,0.01014914214248984,0.009176579410781704,0.008068911512568128,0.00769173046387284,0.006981419608371542,0.006354557715893461,0.005491256500774589,0.004950450488525848,0.004774030939822882,0.004216412465969473,0.003962557065595234,0.0037982302325839166,0.00369500524779568,0.0035696190747331403,0.003166038857560886,0.002839012464364608,0.0028128964260852604,0.0026073297499436747,0.0025101435914327776,0.002442629886794351,0.002269924959022635,0.0021103525437375843,0.0018831119010662082,0.001799603665880958,0.0015392302936880777,0.0010082612776181903]]","[[0.04501296671280316,0.012184086170052148,0.00967881613445965,0.008392260737711564,0.007144583924188966,0.006037564826417915,0.005639897724010685,0.0040444204201619,0.0035430526296272163,0.0023295673658833946,0.0017655451838890853,1.1273583547807358e-05,8.896178869160288e-06,4.16391075685679e-06,2.7290538712902743e-06,1.5145168042760445e-06,1.4242249698619203e-06,6.887007647256303e-07,6.396284395104332e-07,2.4348388883545086e-07,1.2599586296755572e-07,1.2144108920033945e-07,6.690517265060906e-08,3.443198922031285e-08,1.822084747771187e-08],[0.029285818046047192,0.00879178068551714,0.006679815528554723,0.004071335154829569,0.002891459076890567,4.302044610216733e-06,7.005730895340669e-07,1.9746060567651306e-07,1.2281570213203508e-07,4.989066068010149e-08]]",3.5747346113679126,1.201427133194903,0.22289501836682693,0.08319379970867083,0.35714030508064765,0.00026471130183100593,0.5995392510151257,0.004474437660343982,0.0591607978309962,0.04501296671280316,0.17745194641247727,0.17679074894979419,0.035260875010862947,32,5,2
35,MNISTPatchClassifier,MNIST patch filters=32 kernel=5 stride=2 lr=1e-02,1.0,0.01,Muon,2,0,512,64,2.302454217058779,0.00015225871600765828,0.888671875,full_patch_and_classifier_activation,2.080126882220065,1.41677032926434,1.4337817495737184,4.598896990749511e-05,6.0471440370620135e-05,"[[0.004571627543865357,0.0008882729103839112,0.0005818614716304829,0.00046727503006889,0.00041803965665439605,0.00023229737019106784,0.00015052190534073752,0.00011909532705196789,9.580868204380208e-05,8.875501604241489e-05,6.953820235904708e-05,5.986783010549338e-05,4.7087768336797944e-05,3.698062221983485e-05,2.777359171410635e-05,2.520565517388318e-05,2.319745191022101e-05,2.1240974531919036e-05,1.828656062292636e-05,1.603780493550409e-05,1.1586636732853887e-05,1.066807613893318e-05,7.0826910886762896e-06,5.441708824043208e-06,3.720623669714407e-06],[0.005744085151882932,0.0003212327767990234,0.0001465267237568102,0.00013469322581067167,8.823758215615124e-05,6.108577791412978e-05,5.714495183737229e-05,3.7447397061279156e-05,3.314081497454104e-05,6.143000123859437e-19]]","[[385.4631266039292,193.67353929315215,163.5305164540714,123.66467601351606,96.43792511662514,92.57642915252309,74.85731861801413,61.4777093141017,49.55457513665488,48.955697500583675,45.84377864680122,37.75946415749075,35.91847983117771,30.072392062238123,30.01825061553237,28.280470726059434,26.556973510387824,24.504327569148856,23.662344317995107,21.60515119876028,19.950283507702544,18.95950195925815,16.96441509084872,15.994711848174608,14.108516018558104],[0.8490744559978352,0.04461225075440609,0.0303871914348722,0.02516120918306079,0.015042081059008176,0.013592730993775443,0.01014914214248984,0.009176579410781704,0.008068911512568128,0.00769173046387284,0.006981419608371542,0.006354557715893461,0.005491256500774589,0.004950450488525848,0.004774030939822882,0.004216412465969473,0.003962557065595234,0.0037982302325839166,0.00369500524779568,0.0035696190747331403,0.003166038857560886,0.002839012464364608,0.0028128964260852604,0.0026073297499436747,0.0025101435914327776,0.002442629886794351,0.002269924959022635,0.0021103525437375843,0.0018831119010662082,0.001799603665880958,0.0015392302936880777,0.0010082612776181903]]","[[0.010000000000000007,0.010000000000000007,0.010000000000000005,0.010000000000000005,0.010000000000000004,0.010000000000000004,0.010000000000000002,0.010000000000000002,0.010000000000000002,0.010000000000000002,0.010000000000000002,0.010000000000000002,0.01,0.01,0.01,0.01,0.01,0.009999999999999998,0.009999999999999998,0.009999999999999998,0.009999999999999998,0.009999999999999998,0.009999999999999998,0.009999999999999997,0.009999999999999995],[0.010000000000000007,0.010000000000000005,0.010000000000000005,0.010000000000000004,0.010000000000000002,0.010000000000000002,0.010000000000000002,0.010000000000000002,0.01,0.01]]",17.5,17.49999999999998,1.0,0.999999999999999,0.9999999999999991,0.00014620865513829896,0.3311450134059865,0.0024713773393653543,0.05916079783099618,0.010000000000000007,0.17745194641247722,0.17667441984975196,0.06866737501695752,32,5,2
34,MNISTPatchClassifier,MNIST patch filters=32 kernel=5 stride=2 lr=1e-02,1.0,0.01,Adam,2,1,512,64,2.3022543778346005,0.0004266522436813247,0.888671875,full_patch_and_classifier_activation,1.5910523309031352,1.4148528471011264,1.1546954304033503,3.981698613984069e-05,5.009694069975271e-05,"[[0.006928497109509116,0.0007826435701573663,0.0006031990155190796,0.000310374948029538,0.00027256273789827705,0.00017689236493803641,0.00013771560546457353,0.00010870077479150057,7.022502889335265e-05,5.952586769830963e-05,4.785868499543052e-05,4.4333793477217265e-05,3.780284020116516e-05,3.2612593461541634e-05,2.629744128793549e-05,1.5651924569362568e-05,1.3507259404754514e-05,1.1831220245847174e-05,1.0836165675871553e-05,1.0072863956548929e-05,7.285184335902344e-06,6.6699574768556625e-06,4.252361585187056e-06,3.0617447405551974e-06,1.7416925821596166e-06],[0.007887340805823376,0.0003669621223291627,0.00022027139793799995,0.00011600582488097006,9.12253766629783e-05,6.067843209518585e-05,5.618975551406636e-05,4.193176650059812e-05,3.28913016611213e-05,9.040119252673362e-19]]","[[385.4631266039292,193.67353929315215,163.5305164540714,123.66467601351606,96.43792511662514,92.57642915252309,74.85731861801413,61.4777093141017,49.55457513665488,48.955697500583675,45.84377864680122,37.75946415749075,35.91847983117771,30.072392062238123,30.01825061553237,28.280470726059434,26.556973510387824,24.504327569148856,23.662344317995107,21.60515119876028,19.950283507702544,18.95950195925815,16.96441509084872,15.994711848174608,14.108516018558104],[1.252120541652428,0.04043961403712988,0.030428767009471856,0.020047943828513708,0.017280801657162947,0.01585305224633941,0.008295373425387774,0.007590975150845021,0.006912966492888601,0.006553492072604961,0.0056647547129270006,0.005209995186794812,0.004911156267786133,0.004178200815244324,0.0038688454663206567,0.003525691347584345,0.0033142871434971373,0.003074166955703325,0.002778919751569315,0.0027400129131544266,0.0026233268551266184,0.002425323045009427,0.002264865597258057,0.002102404455659619,0.002068161549462912,0.0018900265575074065,0.0017565819995938163,0.001677265317840423,0.0015314599870891899,0.0013405171952945193,0.0012010954041026195,0.0009234500085517078]]","[[0.047769784732407825,0.00864953593261216,0.007430749971576743,0.005490823678214831,0.004475326972371384,0.004101000970711755,0.003950481867466757,0.0036674456481254106,0.0025499536834439882,0.002074093543324006,0.0016951169115274555,0.001057560639423482,0.0008729056078695993,0.0007797833354202643,0.0006483910819720276,0.0005089750873933425,0.00036588656009551115,0.0002803403647194481,0.00018202643109750067,0.00014708147235862384,0.00013292045836961605,0.00010488532465934847,8.308731169284247e-05,7.298851453157838e-05,3.520996530586336e-05],[0.028985790567520646,0.008624411846712799,0.006708130798893571,0.0036332808403419354,0.0021962525224095307,0.0017095159196087088,0.0010262643337131674,0.0007145113144292751,0.00041952278458499184,0.00015737049682019844]]",3.361845811420298,1.1378560508195434,0.22411148412378035,0.08058784679437152,0.3437486440281391,0.0003582351252455875,0.5724444848839629,0.006048838640827736,0.059223786005401825,0.047769784732407825,0.17344688711793713,0.17197213705797393,0.11040308396331966,32,5,2
35,MNISTPatchClassifier,MNIST patch filters=32 kernel=5 stride=2 lr=1e-02,1.0,0.01,Muon,2,1,512,64,2.3023408586407443,0.00017740070653582407,0.888671875,full_patch_and_classifier_activation,1.7831670758984814,1.4161849387885825,1.2856451620390974,3.963574651709266e-05,5.4578035418428984e-05,"[[0.0062971277762404266,0.0007334274086677822,0.0006621505746700142,0.0004901261523025751,0.0003056196595876781,0.00025591906134409415,0.00012183909864813942,0.00010695915414229793,9.857294010529704e-05,7.732308638823912e-05,5.6839962482143047e-05,4.7365393932370886e-05,4.065471418276731e-05,3.412657377222392e-05,2.765280494329306e-05,2.5932365908559998e-05,1.7517824459401132e-05,1.6531013115684033e-05,1.2626142472761628e-05,1.1294113693629009e-05,9.102568192883284e-06,8.728122622576979e-06,5.789497216431724e-06,3.5345551471854956e-06,1.6078868436683066e-06],[0.0061803960329924945,0.000445170488750452,0.00025022220552620465,0.00013939521995657897,8.79563854922988e-05,6.454606078806569e-05,5.932004906688447e-05,4.453349208833607e-05,2.7951582261348644e-05,5.453427112133517e-19]]","[[385.4631266039292,193.67353929315215,163.5305164540714,123.66467601351606,96.43792511662514,92.57642915252309,74.85731861801413,61.4777093141017,49.55457513665488,48.955697500583675,45.84377864680122,37.75946415749075,35.91847983117771,30.072392062238123,30.01825061553237,28.280470726059434,26.556973510387824,24.504327569148856,23.662344317995107,21.60515119876028,19.950283507702544,18.95950195925815,16.96441509084872,15.994711848174608,14.108516018558104],[0.9855169635508167,0.047389018657072415,0.032328053361965654,0.024853810612583342,0.016293331333674853,0.015022893192139142,0.01077655775588618,0.009438816340883588,0.0077125305120313336,0.007547373254028462,0.0074355221533025356,0.006262757471857363,0.00573368071964875,0.005211977675137124,0.004698590615753251,0.004182776774399276,0.004090714684588993,0.0037569888466231095,0.003476760553301287,0.0033432867289175743,0.0029198466036108907,0.0027910203119099783,0.002642453511488014,0.0025368012503740713,0.002320141880439464,0.0022218278400085627,0.0021402141253208614,0.0018980755145968564,0.0018566368699057497,0.0015020043991366427,0.0014121532488845468,0.000884831543746618]]","[[0.010000000000000007,0.010000000000000007,0.010000000000000007,0.010000000000000005,0.010000000000000005,0.010000000000000004,0.010000000000000004,0.010000000000000004,0.010000000000000004,0.010000000000000004,0.010000000000000004,0.010000000000000002,0.010000000000000002,0.010000000000000002,0.010000000000000002,0.01,0.01,0.009999999999999998,0.009999999999999998,0.009999999999999998,0.009999999999999998,0.009999999999999997,0.009999999999999997,0.009999999999999997,0.009999999999999995],[0.010000000000000007,0.010000000000000007,0.010000000000000005,0.010000000000000005,0.010000000000000004,0.010000000000000002,0.01,0.009999999999999998,0.009999999999999998,0.009999999999999995]]",17.500000000000004,17.49999999999998,1.0,0.9999999999999989,0.9999999999999989,0.00016767859968004785,0.3177223003232156,0.0028342856389302422,0.05916079783099616,0.010000000000000007,0.17344688711793713,0.1728932438369062,0.1444092090241611,32,5,2
34,MNISTPatchClassifier,MNIST patch filters=32 kernel=5 stride=2 lr=1e-02,1.0,0.01,Adam,2,2,512,64,2.302808855516279,0.0003273772796119623,0.888671875,full_patch_and_classifier_activation,1.4748757641103811,1.4140485145764627,1.068819881777408,3.7573806195455535e-05,4.347792861304066e-05,"[[0.00755166249024218,0.0006357120932943716,0.0005376413711397891,0.00033900622642038324,0.000227430451472978,0.0001575470716042218,0.0001396988356255051,0.0001042666202071203,8.893354115042399e-05,8.311375160123081e-05,6.55559738466518e-05,5.647693038456937e-05,4.163050011157422e-05,3.161603241281582e-05,2.811790969911119e-05,2.4227260740163642e-05,1.8429321783469844e-05,1.3564758659715574e-05,1.1437673101176586e-05,1.0044027062456943e-05,7.197985070364486e-06,5.467880561039315e-06,5.317274983968856e-06,4.483546793551174e-06,2.462286771020644e-06],[0.011454568506921049,0.00039468829475661877,0.00019295617879741206,0.00011405109914649576,6.538442805773734e-05,4.020267679395553e-05,3.331082615300228e-05,2.371651771550362e-05,1.8432036888691706e-05,8.252674982305926e-19]]","[[385.4631266039292,193.67353929315215,163.5305164540714,123.66467601351606,96.43792511662514,92.57642915252309,74.85731861801413,61.4777093141017,49.55457513665488,48.955697500583675,45.84377864680122,37.75946415749075,35.91847983117771,30.072392062238123,30.01825061553237,28.280470726059434,26.556973510387824,24.504327569148856,23.662344317995107,21.60515119876028,19.950283507702544,18.95950195925815,16.96441509084872,15.994711848174608,14.108516018558104],[1.8702176213079096,0.03327733582437844,0.029706048473723542,0.02089796411564668,0.017349450103734815,0.011058238400096431,0.008127993295073792,0.007361439377874743,0.005622429296739596,0.005312685426931968,0.004482306375098676,0.004183612696087391,0.003985166455007529,0.0033023676655893897,0.0032165513469833607,0.0027804100961082313,0.002723161736284606,0.002533544450672153,0.0022881048460173864,0.0020127542422114027,0.0019224321486307663,0.0018130823183012809,0.0017039032997490193,0.0016415455677311458,0.0015402454346384986,0.0013332955067463712,0.0011813643399395707,0.0008646785468562826,0.0008330302837347578,0.0006124769249987427,0.000514897131191866,0.0004675700227388071]]","[[0.0460823353495626,0.010886584305566462,0.008958561519628684,0.007847292492141706,0.0044587656678842374,0.0035490090898840044,0.003000583098525602,0.0027555953280638916,0.001883049046261571,0.0016346883832049656,0.0012536019894918116,0.0008453978073156526,0.0007769794622106657,0.000589914391016104,0.00040504670532775426,0.0003471372283865212,0.000298582635908167,0.0002721810483113058,0.000209464365580343,0.0001895181433590753,0.00013850791724699654,9.760919232817405e-05,8.1111613399338e-05,6.577286171185094e-05,4.627246521034218e-05],[0.03033644733889384,0.010513912824585985,0.005442016874862275,0.004775129983543371,0.0042811353752269235,0.002175045201736255,0.0013301878876447778,0.0010039922296504209,0.0005434633421197643,0.00038772267480164085]]",3.5779814390236933,1.1780305941378808,0.24303371584316902,0.08329014017837418,0.33136359642221386,0.00031818826911047784,0.38791165788857696,0.005338417350586876,0.05960348324499169,0.0460823353495626,0.16655725424076312,0.1678297514638589,0.18217458412982523,32,5,2
35,MNISTPatchClassifier,MNIST patch filters=32 kernel=5 stride=2 lr=1e-02,1.0,0.01,Muon,2,2,512,64,2.302643480233397,0.00016870991399065005,0.888671875,full_patch_and_classifier_activation,2.170438750909145,1.41592779005192,1.4964274881275772,3.7888730255140876e-05,5.194353197469343e-05,"[[0.004945611157992089,0.0011352164571009399,0.0008358630120035236,0.000432876577363559,0.00035791155919250874,0.00021406245198094876,0.00020941353614523165,0.00011819196871740334,0.00010231245464964269,9.751540913272419e-05,8.999404963233243e-05,8.04729106357738e-05,6.195059286747086e-05,4.662034411203929e-05,4.134486544723271e-05,3.717063628059002e-05,2.4588207277955825e-05,2.264069215267554e-05,2.1420449633458584e-05,1.8370015727668607e-05,1.2865872023600428e-05,8.85585162471339e-06,6.111905513449413e-06,4.884424392272869e-06,4.200041435741413e-06],[0.006983053931674867,0.000521694433823206,0.0002007485305502385,0.00018303766875003795,0.0001160089741520193,8.507668365785995e-05,6.665015539579384e-05,3.935985310642017e-05,3.1020802862086754e-05,6.388865715036996e-19]]","[[385.4631266039292,193.67353929315215,163.5305164540714,123.66467601351606,96.43792511662514,92.57642915252309,74.85731861801413,61.4777093141017,49.55457513665488,48.955697500583675,45.84377864680122,37.75946415749075,35.91847983117771,30.072392062238123,30.01825061553237,28.280470726059434,26.556973510387824,24.504327569148856,23.662344317995107,21.60515119876028,19.950283507702544,18.95950195925815,16.96441509084872,15.994711848174608,14.108516018558104],[1.138803591966692,0.05012558168552666,0.03919615290405515,0.026473182771239695,0.01785845066866405,0.016680660085344457,0.01224758229724022,0.010118613397701643,0.00839380357192649,0.008212429630554128,0.007754576486243804,0.006391968008239474,0.005947985846582638,0.005057456134972962,0.004798570629119374,0.004341803062123008,0.004153469321445668,0.003711775107202373,0.003334526018824315,0.0030959551066673183,0.002966840107122159,0.002842855566232598,0.0026061972679753227,0.0025469857026013732,0.0021491894644968144,0.0020280641854128457,0.0019342754418658246,0.0018121634706975054,0.001564148495956204,0.0014006643009456426,0.0009639125635100927,0.0007083953586686549]]","[[0.010000000000000002,0.010000000000000002,0.010000000000000002,0.010000000000000002,0.010000000000000002,0.010000000000000002,0.010000000000000002,0.010000000000000002,0.010000000000000002,0.010000000000000002,0.010000000000000002,0.010000000000000002,0.010000000000000002,0.009999999999999998,0.009999999999999998,0.009999999999999998,0.009999999999999998,0.009999999999999998,0.009999999999999998,0.009999999999999998,0.009999999999999998,0.009999999999999997,0.009999999999999995,0.009999999999999995,0.009999999999999995],[0.010000000000000002,0.010000000000000002,0.010000000000000002,0.009999999999999998,0.009999999999999998,0.009999999999999998,0.009999999999999997,0.009999999999999997,0.009999999999999993,0.009999999999999993]]",17.500000000000004,17.49999999999999,1.0000000000000002,0.9999999999999993,0.9999999999999991,0.0001715711647700807,0.3325569286716221,0.0029000819978832215,0.059160797830996155,0.010000000000000002,0.1665572542407631,0.1661334574076207,0.21629191702231765,32,5,2
34,MNISTPatchClassifier,MNIST patch filters=32 kernel=5 stride=2 lr=1e-02,1.0,0.01,Adam,2,3,512,64,2.3015601914139205,0.0006280597800500942,0.888671875,full_patch_and_classifier_activation,1.4131763671252044,1.4139119842083439,1.0253538156896826,4.551095308897116e-05,5.069332144273155e-05,"[[0.010150189815701453,0.001316821905440065,0.0005014239599549311,0.0004454344614302804,0.0003233625642955107,0.0001256884475444987,0.0001138687985196755,8.151636343667242e-05,7.24132581184168e-05,5.198224488601908e-05,4.601456991508427e-05,3.6079944952286956e-05,3.3582435062856155e-05,3.2101709606284136e-05,2.694984106529787e-05,1.8229731596551143e-05,1.4840531352623981e-05,1.0300731598054734e-05,8.459769333430513e-06,5.858141117003001e-06,4.971407660537282e-06,4.335324121729181e-06,2.234006351180717e-06,1.8200904889819254e-06,1.4101353660640607e-06],[0.01533967891656487,0.00037535459954932544,0.00016648188569146264,0.00012021555896854734,6.0787848976627124e-05,4.6255401222672514e-05,4.0746547496859094e-05,2.9569211170759093e-05,2.2134637539369924e-05,1.3077429343265589e-18]]","[[385.4631266039292,193.67353929315215,163.5305164540714,123.66467601351606,96.43792511662514,92.57642915252309,74.85731861801413,61.4777093141017,49.55457513665488,48.955697500583675,45.84377864680122,37.75946415749075,35.91847983117771,30.072392062238123,30.01825061553237,28.280470726059434,26.556973510387824,24.504327569148856,23.662344317995107,21.60515119876028,19.950283507702544,18.95950195925815,16.96441509084872,15.994711848174608,14.108516018558104],[2.2747764493594027,0.03591473817118134,0.028950807956658636,0.02084441873998621,0.017089445780886975,0.009630237747214514,0.00923146472149916,0.0068501694819756735,0.006187057145423463,0.005377578028073371,0.00487760655352194,0.004173198992135748,0.0034853240963723885,0.0032292382155295414,0.002990061858622792,0.0027720675987345086,0.002627133824863047,0.0023931324930826954,0.0021069847025003835,0.001791306461415303,0.0015677740027167494,0.001215051418739175,0.0010621976152469918,0.001005771477466586,0.0009276718674067194,0.0008805482061100462,0.000579864129853062,0.0005100204042317689,0.0004546231722302858,0.0002646859306091415,0.00023136559999493566,0.00018943578898296214]]","[[0.048819976605650565,0.012928151869607983,0.011171405215689961,0.006916250919499192,0.005909060253049784,0.0049857992793834825,0.002853398010781774,0.0023515326070330566,0.0022331910266416496,0.0011894475580849463,0.0010741834590808443,0.000988384885984142,0.0006936282805718335,0.0005716004293815492,0.0005029093279120973,0.0004041970364088454,0.0002831155425961423,0.00024311627995438545,0.0001932985108793416,0.00016312420717975909,0.0001400406727987774,0.00012014501200910727,9.786684958314476e-05,8.20401631620051e-05,5.263276359752921e-05],[0.03118028927487633,0.008396265407994322,0.005686770907586817,0.004252966865277157,0.002782424591805442,0.0016200462988583823,0.0014710543196927652,0.001129977443157147,0.0006325422064878727,0.0003433958021282839]]",3.455422347231893,1.158345616507017,0.22776664658001358,0.08050729394094047,0.34078420523637537,0.0005520255701550749,0.47791905669659906,0.008823567800333016,0.06256262575941679,0.048819976605650565,0.16610041860948033,0.16530113456629403,0.2550484170205891,32,5,2
35,MNISTPatchClassifier,MNIST patch filters=32 kernel=5 stride=2 lr=1e-02,1.0,0.01,Muon,2,3,512,64,2.302207772535462,0.000204665556522432,0.888671875,full_patch_and_classifier_activation,1.938583045078659,1.4162343680422524,1.3578824359716322,4.6922635699036064e-05,6.194531073031178e-05,"[[0.006156183318175105,0.001048465989944098,0.000806843445003147,0.0006183786425510544,0.00039146400676097666,0.0002210271692854943,0.00018806164192031096,0.00015120336002750914,0.00011066443239324694,7.247387689133141e-05,6.241546677691037e-05,5.270181119661186e-05,4.463912803257425e-05,4.171147291405813e-05,3.1018646268956184e-05,2.697528213711786e-05,2.382865998762016e-05,1.9715488125963078e-05,1.544938424370724e-05,1.358689756310485e-05,1.0870801355099297e-05,9.991320656042086e-06,8.418090270718145e-06,7.816686270626098e-06,6.379674880764675e-06],[0.007728954677815111,0.0005974333625300976,0.00022622557999725612,0.00012461255118776255,6.507069475956165e-05,5.876399896321701e-05,5.728216682432066e-05,4.2606509216238896e-05,3.541954324885865e-05,5.69770851021903e-19]]","[[385.4631266039292,193.67353929315215,163.5305164540714,123.66467601351606,96.43792511662514,92.57642915252309,74.85731861801413,61.4777093141017,49.55457513665488,48.955697500583675,45.84377864680122,37.75946415749075,35.91847983117771,30.072392062238123,30.01825061553237,28.280470726059434,26.556973510387824,24.504327569148856,23.662344317995107,21.60515119876028,19.950283507702544,18.95950195925815,16.96441509084872,15.994711848174608,14.108516018558104],[1.1324420401003217,0.05339461499501231,0.04579525984037359,0.022875669589868083,0.0182994724668867,0.01617540239868663,0.01198777238591215,0.009431601658677978,0.008555914598657245,0.00820720413233961,0.00774509170552456,0.006453962105168984,0.006200789114735584,0.005094519750545577,0.004782297622732203,0.0046213912764290896,0.0042806309426037465,0.0038900632334136426,0.0034118690790865998,0.0031322404349874025,0.003015746333599865,0.002915697484309595,0.0028210531800955244,0.002579970637636603,0.0024818024093612927,0.0022702508300687613,0.001997095309984389,0.0018421520155735027,0.001779207351257105,0.001448434427988408,0.0008966323542520632,0.00035060452954558215]]","[[0.010000000000000009,0.010000000000000004,0.010000000000000004,0.010000000000000002,0.010000000000000002,0.010000000000000002,0.010000000000000002,0.010000000000000002,0.010000000000000002,0.010000000000000002,0.010000000000000002,0.010000000000000002,0.010000000000000002,0.009999999999999998,0.009999999999999998,0.009999999999999998,0.009999999999999998,0.009999999999999998,0.009999999999999998,0.009999999999999998,0.009999999999999997,0.009999999999999995,0.009999999999999995,0.009999999999999993,0.009999999999999993],[0.010000000000000002,0.010000000000000002,0.010000000000000002,0.009999999999999998,0.009999999999999998,0.009999999999999998,0.009999999999999997,0.009999999999999997,0.009999999999999993,0.009999999999999993]]",17.499999999999996,17.49999999999997,1.0,0.9999999999999987,0.9999999999999987,0.00019076653778174577,0.3216553919043459,0.003224543021321416,0.05916079783099614,0.010000000000000009,0.16610041860948024,0.16448320181798187,0.28853379213251173,32,5,2
34,MNISTPatchClassifier,MNIST patch filters=32 kernel=5 stride=2 lr=1e-02,1.0,0.01,Adam,2,4,512,64,2.301324829744671,0.0008033690259590109,0.888671875,full_patch_and_classifier_activation,1.3581969008783465,1.4137851614816879,0.991382420442001,3.329535134136531e-05,3.6504081580164724e-05,"[[0.00844616463813162,0.0009228797434132171,0.0004335950206180976,0.0002843162082035896,0.00015676405149897313,0.0001225719751057365,0.00010477417012387858,7.425850282206913e-05,5.9426853426587385e-05,4.234659689813676e-05,3.4292992763732885e-05,3.3633126572170396e-05,3.1131321147780546e-05,2.12633309035197e-05,1.7601766265306984e-05,1.272384540802307e-05,1.0478622230266952e-05,7.786134413018135e-06,5.690247906436657e-06,4.727602055582967e-06,3.3053436732495696e-06,2.9414700789846358e-06,2.482521542747546e-06,1.6220206553964243e-06,1.1451723790014096e-06],[0.017573991644017833,0.0003074255638121981,0.00018035793042645932,0.00010800092185302439,9.719675260734779e-05,4.805494939804737e-05,4.318143434583908e-05,3.130619437016509e-05,1.987964598436705e-05,3.067194559649526e-18]]","[[385.4631266039292,193.67353929315215,163.5305164540714,123.66467601351606,96.43792511662514,92.57642915252309,74.85731861801413,61.4777093141017,49.55457513665488,48.955697500583675,45.84377864680122,37.75946415749075,35.91847983117771,30.072392062238123,30.01825061553237,28.280470726059434,26.556973510387824,24.504327569148856,23.662344317995107,21.60515119876028,19.950283507702544,18.95950195925815,16.96441509084872,15.994711848174608,14.108516018558104],[3.046420412343294,0.0356942120930052,0.03260462188290853,0.02007304789096145,0.01751660868354131,0.01149316135238895,0.009699680734163245,0.006731371884599749,0.006167200309651199,0.005589747818166253,0.0049235643811625755,0.0038188676009923944,0.0035837178001423826,0.003196715819187212,0.003104349435851983,0.002865759213451599,0.002310579280390005,0.0020700297243852364,0.0017438893525694359,0.0015079800766023886,0.0009822721242500167,0.0009056492875256298,0.0007100581329118208,0.0006349006705662694,0.0004803548113121868,0.0003477474483953184,0.00030267508869219977,0.0002642778347295292,0.0002412476545568547,0.00013338485553629926,0.00011882243416786851,7.314488486649242e-05]]","[[0.05164230948519547,0.013476329107889335,0.009950846619328053,0.00626587049021005,0.005211589806351368,0.004585430478350296,0.0024686566232797126,0.0021462382890499133,0.0020110316456569853,0.0012610092928323994,0.0011217460195709834,0.0008943516651210983,0.0007430909259725664,0.0005470753472088358,0.00033453454888295644,0.00030970187165058446,0.0002718181460903342,0.000240440438525049,0.00017054816229326573,0.00013398172115666065,9.505217856532661e-05,9.24933776377677e-05,8.743950487054183e-05,5.9367917926221046e-05,3.999803086174109e-05],[0.03007209532998912,0.010163075393084116,0.005510199728553991,0.004842582155541661,0.0027123338032968253,0.0018916315705794413,0.0014314572151453743,0.0012385035568155465,0.0007211819546560094,0.0003020032835130776]]",3.3863179097498444,1.167919450045643,0.2320784550944004,0.0824302937943582,0.3460448814169895,0.0006976355332871117,0.5556848560337899,0.010853977624871518,0.06427464266081623,0.05164230948519547,0.15734980546309463,0.15505115197702382,0.3254583340603858,32,5,2
35,MNISTPatchClassifier,MNIST patch filters=32 kernel=5 stride=2 lr=1e-02,1.0,0.01,Muon,2,4,512,64,2.302129669741773,0.00019529236947812834,0.888671875,full_patch_and_classifier_activation,1.7130835820751296,1.4159899474229047,1.2422272493105762,3.4565598355362144e-05,4.679639682150558e-05,"[[0.006351863817700062,0.0007979601939766787,0.00043458717840761144,0.00039435216180646194,0.0003529985895210365,0.0001694491381978478,0.00015524097755221828,0.00010164843248128326,8.909183553069294e-05,6.629286893487114e-05,5.992255862157048e-05,4.9107033013290245e-05,4.812427577455155e-05,3.5529218665757625e-05,2.771927832865142e-05,2.5874154292205995e-05,2.1435003928153915e-05,1.7146327228745207e-05,1.4481829252044227e-05,1.2914760045345618e-05,1.0978590255300177e-05,9.92132959113777e-06,8.682915119623189e-06,5.211862248376471e-06,3.09692270429729e-06],[0.007721603919145197,0.0005286532394097127,0.0002744671356328351,0.0001416688244087735,0.00010906932525735148,9.739493233887381e-05,6.867097627948337e-05,4.891991084238214e-05,4.6054162074071764e-05,8.501564663168782e-19]]","[[385.4631266039292,193.67353929315215,163.5305164540714,123.66467601351606,96.43792511662514,92.57642915252309,74.85731861801413,61.4777093141017,49.55457513665488,48.955697500583675,45.84377864680122,37.75946415749075,35.91847983117771,30.072392062238123,30.01825061553237,28.280470726059434,26.556973510387824,24.504327569148856,23.662344317995107,21.60515119876028,19.950283507702544,18.95950195925815,16.96441509084872,15.994711848174608,14.108516018558104],[1.3178288905332458,0.05835569861540518,0.051485497210484996,0.026965764886322866,0.019287636522594357,0.01783701413982497,0.013706924637130507,0.010471358380135777,0.009714268732832836,0.009070664403303312,0.008605717656100067,0.0071382018129949295,0.006232564970618339,0.005502864224908296,0.005058490440984083,0.004602679796099303,0.004581704446409229,0.004022329109934058,0.0037108884592048346,0.0035070396122124344,0.003101764029763714,0.0030869948287029674,0.002815563440664571,0.002614917453136246,0.002529019696638834,0.002269581302082073,0.001974120872577756,0.0018175698897021468,0.001731195086351148,0.0015006910030768098,0.0005981913528282633,0.000424477423933606]]","[[0.010000000000000007,0.010000000000000007,0.010000000000000005,0.010000000000000005,0.010000000000000004,0.010000000000000004,0.010000000000000004,0.010000000000000004,0.010000000000000004,0.010000000000000004,0.010000000000000002,0.010000000000000002,0.010000000000000002,0.010000000000000002,0.010000000000000002,0.01,0.01,0.01,0.01,0.01,0.01,0.01,0.01,0.01,0.009999999999999997],[0.010000000000000005,0.010000000000000002,0.010000000000000002,0.01,0.009999999999999998,0.009999999999999998,0.009999999999999997,0.009999999999999997,0.009999999999999997,0.009999999999999995]]",17.5,17.499999999999982,1.0,0.9999999999999989,0.9999999999999989,0.000183001336785665,0.30693095491360006,0.0030932871681082193,0.05916079783099616,0.010000000000000007,0.15734980546309468,0.15585367848017545,0.3588910000398755,32,5,2
34,MNISTPatchClassifier,MNIST patch filters=32 kernel=5 stride=2 lr=1e-02,1.0,0.01,Adam,2,5,512,64,2.3023237506056478,,0.888671875,full_patch_and_classifier_activation,1.8217248306789497,1.4137379577425806,1.252974572532746,1.9125873067979716e-05,2.1635273370751094e-05,"[[0.003425284073015193,0.0007336795940160246,0.0004592230890559818,0.0002822420462391248,0.00021797322053812188,0.00013607962720379722,7.649737594572442e-05,5.568439884526488e-05,4.849682647550443e-05,4.3507369116115035e-05,4.199745686662089e-05,2.708592755571854e-05,2.0212726875468377e-05,1.5266899296832764e-05,1.233141749268893e-05,8.878903415960457e-06,7.903392254298221e-06,6.701828516531522e-06,5.8677130946285425e-06,3.811993130137751e-06,2.317270718888613e-06,1.6274803839367121e-06,1.2185904224958542e-06,9.623085217897769e-07,8.598049144370414e-07],[0.01728277524791987,0.0005291726628786505,0.0002386258518698008,0.00013179675292091075,7.895090111564031e-05,4.553493082309615e-05,3.2949137527266524e-05,3.1316216266545094e-05,2.4322857193528688e-05,1.967587003990333e-18]]","[[385.4631266039292,193.67353929315215,163.5305164540714,123.66467601351606,96.43792511662514,92.57642915252309,74.85731861801413,61.4777093141017,49.55457513665488,48.955697500583675,45.84377864680122,37.75946415749075,35.91847983117771,30.072392062238123,30.01825061553237,28.280470726059434,26.556973510387824,24.504327569148856,23.662344317995107,21.60515119876028,19.950283507702544,18.95950195925815,16.96441509084872,15.994711848174608,14.108516018558104],[3.9542964157096465,0.04524891518979699,0.034004425966880095,0.020187180269575184,0.017885577881405015,0.012822933892293071,0.010283097883192422,0.006733780332485283,0.005797421511868008,0.005272857628398222,0.004351584842176081,0.004239758587110144,0.0038548383828573996,0.003412869145509092,0.0029833089255477565,0.002360279471442173,0.002019759359620155,0.0017291872285578325,0.0010382229703962836,0.0009018818281909698,0.0007187557777088254,0.0006636557368974634,0.000496198273740064,0.000435688926992178,0.0002726955019236207,0.00024281710579975398,0.00016208082853853817,0.00013609618860977157,9.7404912415153e-05,6.982217519754279e-05,6.184554374154074e-05,4.216995662217814e-05]]",,,,,,,,,,,,,,0.3962705419398844,32,5,2
35,MNISTPatchClassifier,MNIST patch filters=32 kernel=5 stride=2 lr=1e-02,1.0,0.01,Muon,2,5,512,64,2.3024450349086476,,0.888671875,full_patch_and_classifier_activation,2.7084529228585628,1.4158336110543588,1.8324464732261752,1.9486172264776082e-05,3.0306578947364713e-05,"[[0.0028004776102728847,0.0008793662358577494,0.0006803731993011627,0.0003753084663792345,0.00024647050923182646,0.00017953099834242645,0.00014071810646951242,0.00013357520251450338,0.00010832279798996345,9.737062601658233e-05,7.818286200923045e-05,4.984084371479099e-05,4.215674682600827e-05,3.425590687342986e-05,3.346659522191695e-05,2.836013780377432e-05,2.342156926099754e-05,1.9823605012267417e-05,1.704513212900926e-05,1.3056766813628574e-05,1.0033752648233905e-05,9.564934903695037e-06,6.397513711275756e-06,5.191777226252485e-06,2.885799534802276e-06],[0.006637893325555366,0.0007744149201455428,0.00037350625613183505,0.0002095530881572211,0.00010694897920701343,0.00010349937120977504,7.144323855484565e-05,5.049784529850961e-05,4.529981355519084e-05,7.765411758827497e-19]]","[[385.4631266039292,193.67353929315215,163.5305164540714,123.66467601351606,96.43792511662514,92.57642915252309,74.85731861801413,61.4777093141017,49.55457513665488,48.955697500583675,45.84377864680122,37.75946415749075,35.91847983117771,30.072392062238123,30.01825061553237,28.280470726059434,26.556973510387824,24.504327569148856,23.662344317995107,21.60515119876028,19.950283507702544,18.95950195925815,16.96441509084872,15.994711848174608,14.108516018558104],[1.5175657461939034,0.06580246500457333,0.05797890400251202,0.029117397412563785,0.02063426917412028,0.01858246565743405,0.015275633003100957,0.011888698706941366,0.010745324500250815,0.009832107473111694,0.00908850664222225,0.007554312594363193,0.006525608038181347,0.006125385118719289,0.005287456125350236,0.005116463259656929,0.004669876340849739,0.004304122694716345,0.003946552257036184,0.0037180427557576296,0.0033657355411582726,0.003156931027080822,0.0028479641874768796,0.002691077679024731,0.002553164681695614,0.0022527072568752685,0.0020869571134373073,0.0017516535041955967,0.0015116461257474972,0.0010146342011321413,0.0005214449589833075,0.0001245473091114209]]",,,,,,,,,,,,,,0.4292435001116246,32,5,2
36,MNISTPatchClassifier,MNIST patch filters=32 kernel=7 stride=2 lr=3e-03,1.0,0.003,Adam,0,0,512,64,2.3026180205673974,0.00014356632445533535,0.921875,full_patch_and_classifier_activation,2.014555260104452,1.5901482295891443,1.3039797050875528,3.8792683954282e-05,5.44912351783451e-05,"[[0.007258997733629434,0.0011151376504803594,0.0006628024386275862,0.0004822951878889732,0.00037115794760370367,0.0003216601929135799,0.00024988018674845585,0.00020417335598097588,0.0001750274153729179,0.0001626840136096049,0.000123737436774114,0.00011182840567040914,0.00010167518656924571,7.765812760689427e-05,6.853179555275402e-05,6.396791559517595e-05,5.5145349306941724e-05,5.230518591704797e-05,5.001310558365873e-05,4.4723714158930464e-05,3.946878775325247e-05,3.6611020354230114e-05,2.801580249792044e-05,2.6003601199895922e-05,2.4881606286602504e-05,2.247872815342847e-05,1.8474805234942313e-05,1.8289695239393884e-05,1.4900640029475808e-05,9.888017463461989e-06,9.084546743450218e-06,6.86700613101534e-06],[0.010768135170587532,0.0007168263595627239,0.0003614827187650924,0.00033644135521879566,0.0002160731395215745,0.00018326897603969955,0.00014112612463714578,6.608959677774132e-05,4.970816179104598e-05,1.2878267228601456e-18]]","[[493.249523472008,259.3155638768555,219.34766548159106,182.69048460444037,149.34176873294834,139.8823110381165,127.45508590555716,103.67481985576804,92.21811308023099,88.9926945590207,86.9319001198511,71.8432407434568,66.43131197486345,59.87086843416599,55.71662000289082,54.91622546651539,50.69915502062711,45.19189543562701,43.158568733325545,41.46455473859853,36.18397278295872,35.34369828579487,35.184854101328504,33.62503052155534,30.947266350936772,30.3047789384516,29.695401568992565,26.75159141493728,26.73237492494285,25.60821476846905,25.48296926398514,24.493409845846493,23.860011949991172,23.667766599894254,23.029059718911363,21.715419462100876,20.847994104793695,20.22232520784444,19.567168405049486,19.454750056425002,18.347057286216053,17.656129275198484,16.80769747129716,16.521667337916252,15.634412589127907,14.938334213015617,14.358819432588886,13.71449839592815,13.035741762725436],[1.7353226990671868,0.0816148815000485,0.03904954314649662,0.03505179973368554,0.031705175808451454,0.02718714126757137,0.023689365225400418,0.01964485287336251,0.016258264429448253,0.01544286611297655,0.012974897738459988,0.01197979739837112,0.01112818965029135,0.010908057000850365,0.009587356721240597,0.008795814700472335,0.007689096683291516,0.007604622346430535,0.00677443771075062,0.006550461900540233,0.006454129005836772,0.0060215398568756375,0.005813044122554328,0.005345247484034503,0.0049796165126391855,0.004888243748180665,0.004534784001294632,0.004267500685182889,0.004105089921207245,0.0038766345538643198,0.003463945436917126,0.0019466643491804802]]","[[0.015111524083146114,0.004689977411964323,0.003975397316708784,0.003460514352862459,0.00280213126454563,0.002491264650273437,0.002184799442166465,0.002044260838236254,0.0016994802614236201,0.001605466062001178,0.0014236009451280803,0.001305024206810121,0.0011067529821202934,0.0009791203434295183,0.0009394215588571916,0.0006092923044190988,3.687153530582812e-06,2.5109114984107597e-07,1.515373686076677e-07,6.84490213673175e-08,4.8996889883416724e-08,3.7794393256430546e-08,3.370830994579615e-08,2.5013009412533027e-08,1.8553769222754972e-08,1.2494533807981222e-08,8.513846318430962e-09,6.929896693480956e-09,3.737345289073635e-09,3.3533700008436092e-09,2.108901793546706e-09,6.777397984550427e-10],[0.007133553205146823,0.0025402235106276086,0.0019322502723626127,0.0014251716872362553,0.001057577774030288,6.438179317089347e-07,8.48614028466033e-08,5.373677065286212e-08,4.4474335709270797e-08,1.3290458172114698e-08]]",4.981032508881055,1.318060209388342,0.26191171752646214,0.08457290517255589,0.3041382161216159,0.00014373142986765135,0.563858440343956,0.007392747041140028,0.019442222095223574,0.015111524083146114,0.04522391162920815,0.045299820833069764,0.05637641600333154,32,7,2
37,MNISTPatchClassifier,MNIST patch filters=32 kernel=7 stride=2 lr=3e-03,1.0,0.003,Muon,0,0,512,64,2.3026180205673974,7.424412016998616e-05,0.921875,full_patch_and_classifier_activation,2.014555260104452,1.5901482295891443,1.3039797050875528,3.8792683954282e-05,5.44912351783451e-05,"[[0.007258997733629434,0.0011151376504803594,0.0006628024386275862,0.0004822951878889732,0.00037115794760370367,0.0003216601929135799,0.00024988018674845585,0.00020417335598097588,0.0001750274153729179,0.0001626840136096049,0.000123737436774114,0.00011182840567040914,0.00010167518656924571,7.765812760689427e-05,6.853179555275402e-05,6.396791559517595e-05,5.5145349306941724e-05,5.230518591704797e-05,5.001310558365873e-05,4.4723714158930464e-05,3.946878775325247e-05,3.6611020354230114e-05,2.801580249792044e-05,2.6003601199895922e-05,2.4881606286602504e-05,2.247872815342847e-05,1.8474805234942313e-05,1.8289695239393884e-05,1.4900640029475808e-05,9.888017463461989e-06,9.084546743450218e-06,6.86700613101534e-06],[0.010768135170587532,0.0007168263595627239,0.0003614827187650924,0.00033644135521879566,0.0002160731395215745,0.00018326897603969955,0.00014112612463714578,6.608959677774132e-05,4.970816179104598e-05,1.2878267228601456e-18]]","[[493.249523472008,259.3155638768555,219.34766548159106,182.69048460444037,149.34176873294834,139.8823110381165,127.45508590555716,103.67481985576804,92.21811308023099,88.9926945590207,86.9319001198511,71.8432407434568,66.43131197486345,59.87086843416599,55.71662000289082,54.91622546651539,50.69915502062711,45.19189543562701,43.158568733325545,41.46455473859853,36.18397278295872,35.34369828579487,35.184854101328504,33.62503052155534,30.947266350936772,30.3047789384516,29.695401568992565,26.75159141493728,26.73237492494285,25.60821476846905,25.48296926398514,24.493409845846493,23.860011949991172,23.667766599894254,23.029059718911363,21.715419462100876,20.847994104793695,20.22232520784444,19.567168405049486,19.454750056425002,18.347057286216053,17.656129275198484,16.80769747129716,16.521667337916252,15.634412589127907,14.938334213015617,14.358819432588886,13.71449839592815,13.035741762725436],[1.7353226990671868,0.0816148815000485,0.03904954314649662,0.03505179973368554,0.031705175808451454,0.02718714126757137,0.023689365225400418,0.01964485287336251,0.016258264429448253,0.01544286611297655,0.012974897738459988,0.01197979739837112,0.01112818965029135,0.010908057000850365,0.009587356721240597,0.008795814700472335,0.007689096683291516,0.007604622346430535,0.00677443771075062,0.006550461900540233,0.006454129005836772,0.0060215398568756375,0.005813044122554328,0.005345247484034503,0.0049796165126391855,0.004888243748180665,0.004534784001294632,0.004267500685182889,0.004105089921207245,0.0038766345538643198,0.003463945436917126,0.0019466643491804802]]","[[0.0030000000000000014,0.0030000000000000014,0.0030000000000000014,0.0030000000000000014,0.0030000000000000014,0.0030000000000000005,0.0030000000000000005,0.0030000000000000005,0.0030000000000000005,0.0030000000000000005,0.0030000000000000005,0.0030000000000000005,0.0030000000000000005,0.0030000000000000005,0.0030000000000000005,0.0030000000000000005,0.0029999999999999996,0.0029999999999999996,0.0029999999999999996,0.0029999999999999996,0.0029999999999999996,0.002999999999999999,0.002999999999999999,0.002999999999999999,0.002999999999999999,0.002999999999999999,0.002999999999999999,0.002999999999999999,0.002999999999999999,0.002999999999999999,0.0029999999999999983,0.002999999999999998],[0.003000000000000001,0.0030000000000000005,0.0030000000000000005,0.0030000000000000005,0.003,0.003,0.003,0.0029999999999999988,0.0029999999999999988,0.0029999999999999975]]",21.0,20.999999999999982,1.0,0.9999999999999992,0.9999999999999992,7.454255461673756e-05,0.2924304630111213,0.003834055297364936,0.019442222095223578,0.0030000000000000014,0.045223911629208156,0.04852529010412071,0.11468954081647098,32,7,2
36,MNISTPatchClassifier,MNIST patch filters=32 kernel=7 stride=2 lr=3e-03,1.0,0.003,Adam,0,1,512,64,2.3027048580361007,0.00012725142308234183,0.8984375,full_patch_and_classifier_activation,2.1180966482334735,1.5899452700268966,1.3379390368068038,3.52386445111777e-05,4.769779281346668e-05,"[[0.007297563812543057,0.0010828307934988256,0.0009578422353909827,0.0006430823974174146,0.00040194700838871186,0.00033953404843744894,0.00032278244127440355,0.00023878508465022846,0.00021532342038269812,0.0001750851227480728,0.00015137057781453687,0.00011296235663058263,9.876680710115931e-05,9.003308936717816e-05,8.927856520845146e-05,7.164914233526267e-05,5.8166281397184e-05,5.372391244930838e-05,5.1644960819706155e-05,4.507937668692732e-05,3.726588997390658e-05,3.434078440005644e-05,3.0614423262375624e-05,2.5723859269768146e-05,2.166272660844675e-05,1.911755548146567e-05,1.7384112069661678e-05,1.369042281738135e-05,1.1961170165251982e-05,1.0344244039184854e-05,7.176882179977875e-06,6.523884586151973e-06],[0.010604161974464704,0.0005292948468436665,0.0003898395769240559,0.0002556301786399043,0.00021864133857596273,0.0001613031514491229,0.00011664907926955978,6.54155940411548e-05,5.4520407185832645e-05,5.233915892089877e-19]]","[[493.249523472008,259.3155638768555,219.34766548159106,182.69048460444037,149.34176873294834,139.8823110381165,127.45508590555716,103.67481985576804,92.21811308023099,88.9926945590207,86.9319001198511,71.8432407434568,66.43131197486345,59.87086843416599,55.71662000289082,54.91622546651539,50.69915502062711,45.19189543562701,43.158568733325545,41.46455473859853,36.18397278295872,35.34369828579487,35.184854101328504,33.62503052155534,30.947266350936772,30.3047789384516,29.695401568992565,26.75159141493728,26.73237492494285,25.60821476846905,25.48296926398514,24.493409845846493,23.860011949991172,23.667766599894254,23.029059718911363,21.715419462100876,20.847994104793695,20.22232520784444,19.567168405049486,19.454750056425002,18.347057286216053,17.656129275198484,16.80769747129716,16.521667337916252,15.634412589127907,14.938334213015617,14.358819432588886,13.71449839592815,13.035741762725436],[1.7910540291774182,0.08104018581923629,0.036520463433727966,0.03484805342898776,0.030760733723799297,0.02689394708131952,0.023921984053936654,0.020499536882841278,0.016127398655398285,0.01396027637174337,0.01289457918148187,0.01181975664144029,0.011256503419999217,0.010489016765343388,0.009149605852825248,0.008468904152151072,0.008007575212590622,0.007615672568707043,0.0071198636128234905,0.006648908577763692,0.006220437927596636,0.005849674010622806,0.005610270355650892,0.005529214341063571,0.00513541328402404,0.0048703696131935205,0.004452742037115035,0.003999977358854665,0.003873672354304834,0.0035283204984756975,0.0033396036185509457,0.002454747815499184]]","[[0.015312848953448043,0.004907216800251589,0.004069224485594319,0.003557137727038958,0.0025421370697790713,0.0021034802099490885,0.001700126623633718,0.0015958440682953593,0.0013119203686692137,0.0009306353891962315,0.0007137588166919529,0.0006550597757353135,0.0005237972743742254,0.00048161846236104177,0.0004103668794797565,0.0004006130269204718,0.0003883387942923722,0.00030896651440252945,0.0002585846463359732,0.0002096051711030628,0.00019493022435959392,0.0001548762211299432,0.00011621669558628669,0.00010604898107502451,7.170944421402918e-05,5.9278162478993636e-05,4.660425675077503e-05,3.820529092195324e-05,3.073722703323316e-05,2.569678403086986e-05,1.8452529872530695e-05,8.254591939259491e-06],[0.007788527957999958,0.0019716900198925164,0.00168773010454075,0.0012483875549136885,0.0011249126502581499,0.0006715519118418198,0.0005532753299691882,0.00029061145592610473,6.774098460303322e-05,4.6778003148908196e-05]]",4.707536451365707,1.2445130879811663,0.2625846934331234,0.07916408450706791,0.28315635924825866,0.00012802432053879735,0.5046083559341121,0.0065676071083758635,0.019493297699785382,0.015312848953448043,0.0452785642861979,0.046282932734243616,0.17362858285196126,32,7,2
37,MNISTPatchClassifier,MNIST patch filters=32 kernel=7 stride=2 lr=3e-03,1.0,0.003,Muon,0,1,512,64,2.3027005352649406,7.51546978823292e-05,0.8984375,full_patch_and_classifier_activation,2.062258378749992,1.5901059500579013,1.316237263478145,3.532210617712668e-05,4.8343890575678674e-05,"[[0.007754168256580238,0.0010949226504936367,0.0008869606894875181,0.0006258374835855355,0.000398353877876464,0.0003509105483217714,0.00033212476509733677,0.00025399034954985184,0.00020550355947276562,0.000180608513867017,0.0001544286331646247,0.00011583021059089288,0.00010824525053755254,9.570794254310735e-05,9.32929413544826e-05,6.574055373647511e-05,5.65896371783265e-05,5.5946495303651625e-05,5.000147478767187e-05,4.058750399872341e-05,3.9572499650190945e-05,3.565867079503458e-05,3.199148838096368e-05,2.78769698290959e-05,2.3624360628744423e-05,2.022250505836621e-05,1.7419793057498758e-05,1.4988801499823006e-05,1.440582167215516e-05,1.1419113314297256e-05,9.368896584267569e-06,8.375765791243144e-06],[0.010271230684965743,0.0005137349463257337,0.0003913407820974049,0.0002644108027487195,0.00023204103912489093,0.00016080434229739582,0.00011928084793938674,6.938368815120553e-05,5.463333051173065e-05,7.455150604994354e-19]]","[[493.249523472008,259.3155638768555,219.34766548159106,182.69048460444037,149.34176873294834,139.8823110381165,127.45508590555716,103.67481985576804,92.21811308023099,88.9926945590207,86.9319001198511,71.8432407434568,66.43131197486345,59.87086843416599,55.71662000289082,54.91622546651539,50.69915502062711,45.19189543562701,43.158568733325545,41.46455473859853,36.18397278295872,35.34369828579487,35.184854101328504,33.62503052155534,30.947266350936772,30.3047789384516,29.695401568992565,26.75159141493728,26.73237492494285,25.60821476846905,25.48296926398514,24.493409845846493,23.860011949991172,23.667766599894254,23.029059718911363,21.715419462100876,20.847994104793695,20.22232520784444,19.567168405049486,19.454750056425002,18.347057286216053,17.656129275198484,16.80769747129716,16.521667337916252,15.634412589127907,14.938334213015617,14.358819432588886,13.71449839592815,13.035741762725436],[1.7330422965217167,0.08086302343917091,0.038874833714405,0.03472949018182683,0.030444307168191468,0.026798304316877665,0.023225740748088183,0.019662944464511157,0.01624323833309293,0.01518921834964601,0.013061548827734219,0.012110879045487667,0.011173113409014829,0.01072514811419034,0.009538596054382044,0.00871115677260644,0.00790891660689139,0.007525965505789565,0.006766957079999903,0.006610563804997597,0.00635709151905143,0.006092987226049101,0.005672222416644101,0.005184669725902793,0.004991961116382155,0.004834533483097487,0.004480530730505823,0.004220772309081443,0.004039868866307787,0.00379367996520059,0.003363263950353934,0.002076125887655955]]","[[0.0030000000000000014,0.0030000000000000014,0.003000000000000001,0.0030000000000000005,0.0030000000000000005,0.0030000000000000005,0.0030000000000000005,0.0030000000000000005,0.0030000000000000005,0.0030000000000000005,0.0029999999999999996,0.0029999999999999996,0.0029999999999999996,0.0029999999999999996,0.0029999999999999996,0.0029999999999999996,0.0029999999999999996,0.002999999999999999,0.002999999999999999,0.002999999999999999,0.002999999999999999,0.002999999999999999,0.002999999999999999,0.002999999999999999,0.002999999999999999,0.002999999999999999,0.002999999999999999,0.0029999999999999983,0.0029999999999999983,0.0029999999999999983,0.002999999999999998,0.002999999999999998],[0.0030000000000000027,0.003000000000000001,0.003000000000000001,0.003000000000000001,0.003000000000000001,0.003000000000000001,0.0030000000000000005,0.0030000000000000005,0.003,0.002999999999999999]]",20.999999999999993,20.999999999999975,0.9999999999999998,0.9999999999999989,0.9999999999999991,7.575460946385462e-05,0.2995358783111226,0.00389639667178092,0.01944222209522358,0.0030000000000000027,0.04527856428619793,0.04855556954253344,0.2287663749884814,32,7,2
36,MNISTPatchClassifier,MNIST patch filters=32 kernel=7 stride=2 lr=3e-03,1.0,0.003,Adam,0,2,512,64,2.302554242968664,0.00012273326019540676,0.8984375,full_patch_and_classifier_activation,2.2593028598422285,1.5898415725224617,1.4075194698818,3.232063893860672e-05,4.430199076243755e-05,"[[0.00594105164198137,0.0009593318180130496,0.0006778024267796936,0.0006238341977556016,0.0005000738288020479,0.00041154637295523185,0.000312670078398129,0.00019686956277606142,0.00015950845043522825,0.00014880297140039138,0.00011372225753172757,0.00010349081553097663,8.345403501157296e-05,7.246252198909455e-05,7.080785381387368e-05,6.390530604923948e-05,5.704590902465621e-05,5.159343018422416e-05,4.132608927926958e-05,4.0801041164150584e-05,3.5957099255208126e-05,3.4832481201735096e-05,3.147247421959476e-05,2.6298637912717066e-05,2.3805256766415438e-05,2.2502823288879628e-05,1.9719014281220177e-05,1.6301056557811835e-05,1.4088026868528528e-05,1.3546442753106739e-05,1.1923915893435329e-05,8.10050034049877e-06],[0.010357851640230323,0.0005259326160075451,0.0003906310931295107,0.0002459373171583104,0.00022898732777428994,0.0001615989745097889,0.00011287585119531248,9.013523061187575e-05,7.037744307629762e-05,5.095882839152116e-19]]","[[493.249523472008,259.3155638768555,219.34766548159106,182.69048460444037,149.34176873294834,139.8823110381165,127.45508590555716,103.67481985576804,92.21811308023099,88.9926945590207,86.9319001198511,71.8432407434568,66.43131197486345,59.87086843416599,55.71662000289082,54.91622546651539,50.69915502062711,45.19189543562701,43.158568733325545,41.46455473859853,36.18397278295872,35.34369828579487,35.184854101328504,33.62503052155534,30.947266350936772,30.3047789384516,29.695401568992565,26.75159141493728,26.73237492494285,25.60821476846905,25.48296926398514,24.493409845846493,23.860011949991172,23.667766599894254,23.029059718911363,21.715419462100876,20.847994104793695,20.22232520784444,19.567168405049486,19.454750056425002,18.347057286216053,17.656129275198484,16.80769747129716,16.521667337916252,15.634412589127907,14.938334213015617,14.358819432588886,13.71449839592815,13.035741762725436],[1.8269632582786492,0.08122140085624469,0.03700242189082738,0.033406952353620484,0.02912860956781057,0.02685996743127828,0.025230213023046667,0.01962841260185723,0.0154710956212624,0.013901069523963576,0.012727800330381029,0.011593309936106914,0.011077754858639198,0.009883551319969746,0.009021590356380687,0.008672298896220527,0.008335239177591101,0.007876245551215733,0.007325207809711855,0.00664823735391977,0.006172158534757825,0.00604152835886991,0.0055475016582439175,0.00533300697830669,0.005197785041819733,0.00456718916805945,0.004201857438165739,0.004120988588859191,0.0035810252838321664,0.003062842634438374,0.0029435879432344316,0.002801962614909414]]","[[0.015804039609998988,0.004299587182851248,0.003730304074914451,0.0026615684724630904,0.0022551422390274397,0.0018077209344287365,0.0015474236848604488,0.001277198579748718,0.0010601411849422103,0.0008150580916974055,0.000737382305169008,0.0007097570065761093,0.0005442855103980284,0.00045857549913230636,0.00042053649804600597,0.0003359830128221743,0.00029912659242581715,0.0002753649316046622,0.0002180595446671384,0.00016576766969637798,0.0001535886607705797,0.00014786317570008643,0.0001070487345966089,8.969300538639333e-05,7.123171259741778e-05,5.819994108495544e-05,5.2285263752935865e-05,4.695336710929259e-05,4.194971437141442e-05,4.080894368505755e-05,2.6886999702850358e-05,1.719192125587315e-05],[0.008109286103498894,0.0019192499655021735,0.0017365446602532893,0.0010032892998917099,0.0007182355469155365,0.0006666265490806337,0.00045735256469412025,0.0003414936420999362,0.00020059819676557342,9.915616036346754e-05]]",4.209141606252215,1.1804917777253523,0.23843418027290725,0.0759917944703033,0.2981287756529949,0.00011965653862326954,0.5084270428430373,0.006135103803635004,0.019503588277084066,0.015804039609998988,0.04522547546510555,0.04672635493872565,0.28681779094040394,32,7,2
37,MNISTPatchClassifier,MNIST patch filters=32 kernel=7 stride=2 lr=3e-03,1.0,0.003,Muon,0,2,512,64,2.3025900044618908,6.814669943722151e-05,0.8984375,full_patch_and_classifier_activation,2.2387168470200924,1.5902062588602583,1.4111484813521469,3.224665868972622e-05,4.579673517023487e-05,"[[0.006222880463720535,0.0010429147548918483,0.0007598394447583312,0.0006632799372635504,0.00041431932415597345,0.00037125787019671796,0.00024728270960698573,0.0002032650313697935,0.0001795065971637865,0.00014897517740773222,0.00011642080167019041,0.00011075520673498146,9.451431550117435e-05,8.070014767498525e-05,7.229606069789472e-05,6.149213078774205e-05,5.53757101864223e-05,5.1038378029980144e-05,4.6235300065774515e-05,4.268663630036731e-05,4.1424104307050487e-05,3.526819863793595e-05,3.1584455123279024e-05,2.5965512492137462e-05,2.246086787507769e-05,2.139837569298982e-05,1.8747969834416774e-05,1.542874623774201e-05,1.1939255791101132e-05,1.0103115527763894e-05,7.801184655315946e-06,5.695889235236785e-06],[0.009662121730589014,0.0005521219294714042,0.00044758468805099905,0.00024132428920831694,0.00021513302254895427,0.00017171322806479805,0.00012214571067478109,8.70785969782139e-05,8.364552325667527e-05,8.148933060988468e-19]]","[[493.249523472008,259.3155638768555,219.34766548159106,182.69048460444037,149.34176873294834,139.8823110381165,127.45508590555716,103.67481985576804,92.21811308023099,88.9926945590207,86.9319001198511,71.8432407434568,66.43131197486345,59.87086843416599,55.71662000289082,54.91622546651539,50.69915502062711,45.19189543562701,43.158568733325545,41.46455473859853,36.18397278295872,35.34369828579487,35.184854101328504,33.62503052155534,30.947266350936772,30.3047789384516,29.695401568992565,26.75159141493728,26.73237492494285,25.60821476846905,25.48296926398514,24.493409845846493,23.860011949991172,23.667766599894254,23.029059718911363,21.715419462100876,20.847994104793695,20.22232520784444,19.567168405049486,19.454750056425002,18.347057286216053,17.656129275198484,16.80769747129716,16.521667337916252,15.634412589127907,14.938334213015617,14.358819432588886,13.71449839592815,13.035741762725436],[1.707580084835974,0.08130822635673016,0.03927852686367437,0.03501564006629615,0.02990788555983658,0.02629470939334208,0.02497876355318553,0.01946688731079933,0.016334204104347175,0.015023382471545468,0.013313654384639922,0.012919507993485648,0.011402895191447276,0.010857779624320486,0.009524049007275031,0.0089724936347449,0.007906716774508073,0.00752626398593347,0.007253183249385685,0.006770750053337041,0.006331517539401136,0.006149957374864219,0.0057086250606473935,0.005468251778895859,0.0050957566783714076,0.004746330189712323,0.004554661823856865,0.0042591387138883,0.003989235373111077,0.0036464639720629848,0.003245836341300519,0.002119036124263132]]","[[0.0030000000000000014,0.0030000000000000014,0.003000000000000001,0.003000000000000001,0.0030000000000000005,0.0030000000000000005,0.0030000000000000005,0.0030000000000000005,0.0030000000000000005,0.0030000000000000005,0.0030000000000000005,0.0030000000000000005,0.0029999999999999996,0.0029999999999999996,0.0029999999999999996,0.0029999999999999996,0.0029999999999999996,0.0029999999999999996,0.0029999999999999996,0.002999999999999999,0.002999999999999999,0.002999999999999999,0.002999999999999999,0.002999999999999999,0.002999999999999999,0.002999999999999999,0.0029999999999999983,0.0029999999999999983,0.0029999999999999983,0.0029999999999999983,0.002999999999999998,0.002999999999999997],[0.0030000000000000014,0.003000000000000001,0.0030000000000000005,0.0030000000000000005,0.0029999999999999996,0.0029999999999999996,0.002999999999999999,0.002999999999999999,0.002999999999999999,0.002999999999999998]]",21.0,20.99999999999998,0.9999999999999999,0.999999999999999,0.9999999999999991,6.844716717731393e-05,0.30256636374271517,0.003520542396958294,0.01944222209522358,0.0030000000000000014,0.04522547546510555,0.04838953355154128,0.3421593748498708,32,7,2
36,MNISTPatchClassifier,MNIST patch filters=32 kernel=7 stride=2 lr=3e-03,1.0,0.003,Adam,0,3,512,64,2.302340629366446,0.00011312681133546221,0.8984375,full_patch_and_classifier_activation,2.2133373129900673,1.5895712024703474,1.390716348708557,3.01133013405882e-05,4.1740621819400146e-05,"[[0.0057673781694384625,0.0007278684961613561,0.0006717854264926879,0.0004989760271242776,0.0004474169283701769,0.00031310957521696174,0.00024344146872959022,0.00018937953904581226,0.0001835451945364307,0.00015754002523532762,0.0001492249838477168,0.00012514003420441394,0.00010761451614089981,9.20597930033945e-05,8.114626682373875e-05,6.882815502511342e-05,6.809785546652196e-05,5.432478988719316e-05,5.215362305796734e-05,4.7561809611621946e-05,3.8614559692467794e-05,3.609228285540246e-05,2.921219722424359e-05,2.8594950703002702e-05,2.6035077433781267e-05,2.471310996994079e-05,2.010421983443304e-05,1.709803890573003e-05,1.4796622483315631e-05,1.3444323012212207e-05,9.666894739124124e-06,7.864065247064102e-06],[0.01066164047333506,0.0006425361889772843,0.0004057660165764401,0.0002841730120067711,0.00024259195499011434,0.00015317873362824473,0.00010495465079372633,7.853884084745426e-05,4.2417292164065995e-05,4.982707147981188e-19]]","[[493.249523472008,259.3155638768555,219.34766548159106,182.69048460444037,149.34176873294834,139.8823110381165,127.45508590555716,103.67481985576804,92.21811308023099,88.9926945590207,86.9319001198511,71.8432407434568,66.43131197486345,59.87086843416599,55.71662000289082,54.91622546651539,50.69915502062711,45.19189543562701,43.158568733325545,41.46455473859853,36.18397278295872,35.34369828579487,35.184854101328504,33.62503052155534,30.947266350936772,30.3047789384516,29.695401568992565,26.75159141493728,26.73237492494285,25.60821476846905,25.48296926398514,24.493409845846493,23.860011949991172,23.667766599894254,23.029059718911363,21.715419462100876,20.847994104793695,20.22232520784444,19.567168405049486,19.454750056425002,18.347057286216053,17.656129275198484,16.80769747129716,16.521667337916252,15.634412589127907,14.938334213015617,14.358819432588886,13.71449839592815,13.035741762725436],[1.9493599798666317,0.0808151746565371,0.03709985927013306,0.03303293376495666,0.028522775971712506,0.027015572021877196,0.025148478934712008,0.01847259479453496,0.01571093798765336,0.013399544438751559,0.012931720310204049,0.011692256174560104,0.009966673034441658,0.009495221952904693,0.009271100610239932,0.008871494401416985,0.008619463937388452,0.007788617520183402,0.006991083400128772,0.006400121619666199,0.0058952176488001155,0.005486437709244602,0.0052894887723278945,0.004887480341649346,0.004714919626518422,0.00416692568958454,0.004103007380388449,0.0036245204945270578,0.003511023048796499,0.003284630932512015,0.0026644470896905544,0.002188552353758807]]","[[0.015864240231035612,0.004725587022572412,0.004179569430899275,0.002180058529320981,0.002170120853388659,0.0018799535525526058,0.0018101462514732573,0.0012679281756012102,0.0011274734801766588,0.001040745790224193,0.0007495343744938993,0.0006967193864790523,0.0005590451566794619,0.0005058145705134678,0.00043222489282101166,0.00035344442056179054,0.0002866647505868745,0.00027596706742284135,0.00020658744835759586,0.00018749248449107143,0.0001470322341320971,0.00013982561676225297,0.00013207106555790618,0.00011189624285462707,9.750932082802729e-05,7.309233224751026e-05,6.806494669386352e-05,4.212547818096001e-05,3.8247445711870266e-05,3.2573933869059063e-05,2.032951880948667e-05,1.5706088352997663e-05],[0.007815132969710125,0.0020852891377709593,0.001187680006909656,0.0010758109901108626,0.0006877817539795556,0.0004309248939237857,0.00041115510614515843,0.00033787093275982385,0.00022913654863957052,0.00017797187171079653]]",4.2421552538051825,1.1887803909707166,0.23640018061818135,0.07599459339155623,0.3012203261535191,0.00010746373889491167,0.4491612580665074,0.005491234395939884,0.0195700513120271,0.015864240231035612,0.04522889366644994,0.04592757258554153,0.40147266583517194,32,7,2
37,MNISTPatchClassifier,MNIST patch filters=32 kernel=7 stride=2 lr=3e-03,1.0,0.003,Muon,0,3,512,64,2.3024158801865324,6.571842582303589e-05,0.8984375,full_patch_and_classifier_activation,2.5848410651509535,1.5901752009763712,1.5865615562014137,3.0247578697655063e-05,4.4790471563450455e-05,"[[0.0050694060526931956,0.000920168441541473,0.0006906218487585158,0.0005777059681511635,0.0005216973154951035,0.00033912084175557306,0.0002614402873927881,0.00024486245281058724,0.00020123654558058538,0.00016569946136460597,0.00015319035703018557,0.000126997852937856,0.00010749695143047942,0.00010354117418061503,8.723624013545163e-05,8.169279891078231e-05,6.540171051199519e-05,5.477099268899587e-05,5.33841196670706e-05,4.915380557792773e-05,4.725134537080183e-05,4.024226775063842e-05,3.498249719583012e-05,2.7781182747863395e-05,2.3859864778496503e-05,2.2250023328599505e-05,2.169942019782406e-05,1.865436511022536e-05,1.541556853893682e-05,1.3503541264901527e-05,1.2186715630311588e-05,7.655188803869073e-06],[0.009349938132610768,0.0006227187716267258,0.00049484830941067,0.000311599168602265,0.00026732994579209857,0.0001643078156463488,0.0001249632524009681,7.669377235220726e-05,4.714932696723669e-05,7.981406996692833e-19]]","[[493.249523472008,259.3155638768555,219.34766548159106,182.69048460444037,149.34176873294834,139.8823110381165,127.45508590555716,103.67481985576804,92.21811308023099,88.9926945590207,86.9319001198511,71.8432407434568,66.43131197486345,59.87086843416599,55.71662000289082,54.91622546651539,50.69915502062711,45.19189543562701,43.158568733325545,41.46455473859853,36.18397278295872,35.34369828579487,35.184854101328504,33.62503052155534,30.947266350936772,30.3047789384516,29.695401568992565,26.75159141493728,26.73237492494285,25.60821476846905,25.48296926398514,24.493409845846493,23.860011949991172,23.667766599894254,23.029059718911363,21.715419462100876,20.847994104793695,20.22232520784444,19.567168405049486,19.454750056425002,18.347057286216053,17.656129275198484,16.80769747129716,16.521667337916252,15.634412589127907,14.938334213015617,14.358819432588886,13.71449839592815,13.035741762725436],[1.7083235837535549,0.08037289439647283,0.039476577722537855,0.03431970084543262,0.02975388250933665,0.026061932973427612,0.025271383350998884,0.01980267584951264,0.016070004134300025,0.01525827710994936,0.013646923202820365,0.01317170656842476,0.011386920093010707,0.010751025296579652,0.009542356564895528,0.008866663576550048,0.008006176680821063,0.007369535116628627,0.007293216223171504,0.006867718520529597,0.006214648288343014,0.006160099490573024,0.005678168461205076,0.005577667577679611,0.0051278279765205005,0.004807192159884849,0.004558749268807496,0.004156660031811178,0.003891519986582707,0.003487780208826766,0.003150435904115714,0.0020910596215592274]]","[[0.003000000000000002,0.003000000000000002,0.003000000000000002,0.0030000000000000014,0.0030000000000000014,0.0030000000000000014,0.0030000000000000014,0.003000000000000001,0.003000000000000001,0.0030000000000000005,0.0030000000000000005,0.003,0.003,0.003,0.003,0.003,0.003,0.003,0.003,0.003,0.003,0.003,0.0029999999999999996,0.0029999999999999996,0.0029999999999999996,0.0029999999999999996,0.0029999999999999996,0.002999999999999999,0.002999999999999999,0.002999999999999999,0.002999999999999999,0.0029999999999999988],[0.003000000000000001,0.0030000000000000005,0.0030000000000000005,0.003,0.003,0.003,0.003,0.0029999999999999996,0.0029999999999999988,0.0029999999999999988]]",20.999999999999996,20.999999999999982,0.9999999999999999,0.9999999999999992,0.9999999999999993,6.485956708422764e-05,0.3093282024252372,0.0033360161593957846,0.01944222209522358,0.003000000000000002,0.045228893666449964,0.0483090233604935,0.45896320790052414,32,7,2
36,MNISTPatchClassifier,MNIST patch filters=32 kernel=7 stride=2 lr=3e-03,1.0,0.003,Adam,0,4,512,64,2.3021867871734654,0.00017927935378914128,0.8984375,full_patch_and_classifier_activation,1.807750351824676,1.589211038534883,1.179158954621205,3.3799861935595935e-05,4.366940017521257e-05,"[[0.009103769347456126,0.0011702800394445061,0.0008992154729282558,0.0007155613644220703,0.0004144581730535884,0.0003077796122436706,0.0002506177751804668,0.0001965824505058549,0.00013335913535710687,0.0001148111403414869,0.00010360464331224953,9.55500219112295e-05,8.484700184186826e-05,7.512599954992316e-05,6.261814916045043e-05,5.223009844178257e-05,4.568169012814855e-05,3.9819584643052455e-05,3.8286294761280744e-05,3.2321115875716626e-05,3.2212008323835134e-05,2.525313814227511e-05,2.2119427179705362e-05,2.0222335435680246e-05,1.8639460974452538e-05,1.6343930741448566e-05,1.3149916237353712e-05,1.1638886051864693e-05,9.586082083518425e-06,8.665245192386633e-06,6.150780241809855e-06,6.031057732675682e-06],[0.012795927470710547,0.0004934102819400327,0.000385917269596612,0.000291711975153317,0.00020718619708107985,0.0001648917427739897,0.00011294497926670917,9.011035911788375e-05,4.762867784809695e-05,9.99985665393773e-19]]","[[493.249523472008,259.3155638768555,219.34766548159106,182.69048460444037,149.34176873294834,139.8823110381165,127.45508590555716,103.67481985576804,92.21811308023099,88.9926945590207,86.9319001198511,71.8432407434568,66.43131197486345,59.87086843416599,55.71662000289082,54.91622546651539,50.69915502062711,45.19189543562701,43.158568733325545,41.46455473859853,36.18397278295872,35.34369828579487,35.184854101328504,33.62503052155534,30.947266350936772,30.3047789384516,29.695401568992565,26.75159141493728,26.73237492494285,25.60821476846905,25.48296926398514,24.493409845846493,23.860011949991172,23.667766599894254,23.029059718911363,21.715419462100876,20.847994104793695,20.22232520784444,19.567168405049486,19.454750056425002,18.347057286216053,17.656129275198484,16.80769747129716,16.521667337916252,15.634412589127907,14.938334213015617,14.358819432588886,13.71449839592815,13.035741762725436],[2.2048151430085094,0.08191848643883609,0.036984279058325756,0.03360172499887327,0.030787450276423507,0.02555487513808824,0.02491171098020541,0.01731955419478014,0.016130036547248157,0.013031560010546154,0.012241389645332345,0.011048565192423086,0.010264376662224593,0.009442729852411043,0.00894809349542882,0.00852125984928809,0.007960541305763418,0.007676878785301842,0.006299408343632281,0.00607117147202484,0.005834925976734515,0.0055821510259522625,0.005099387176269102,0.0048025131221354584,0.004351268987046897,0.004152459232477457,0.0037269493579907423,0.003638990008484383,0.0035418394725532055,0.0032813364807249166,0.0024083924875663992,0.002073089762333026]]","[[0.016044944148155146,0.00432783169870687,0.0038928960355599724,0.0025230421615279365,0.0019301967880393138,0.0017161686942552684,0.0016031467093621141,0.001233745301992195,0.0010150191573702826,0.0009182426093207041,0.0007665763110073656,0.0005787077489628558,0.0005319760326744384,0.00042401413659792217,0.0003840865432172112,0.00029585555532611596,0.00026351803272230514,0.00020170361836615197,0.0001857574646252161,0.00016611288214096758,0.00013629021602251732,0.0001339813515035343,0.00010472343969856055,0.00010185094701870518,7.561738756421417e-05,5.809144204364375e-05,4.9246273928944356e-05,3.840610859275887e-05,3.0497547627096596e-05,2.941809135525983e-05,1.7069062584027454e-05,1.336220094543235e-05],[0.007923572059019944,0.0021707174659853943,0.0012333743605778217,0.0008961703612225098,0.0005863231709810925,0.0005463025486130276,0.0004050976461876648,0.0003624360828684917,0.00018011101637944044,0.00014304412109612956]]",4.009754045019781,1.1702667784612266,0.22662893404960266,0.07534075125800102,0.31086541237023957,0.00017209524332098883,0.5557980409795388,0.008793622433051063,0.019570460823308072,0.016044944148155146,0.04497707296547107,0.04592482037348694,0.5191445408854634,32,7,2
37,MNISTPatchClassifier,MNIST patch filters=32 kernel=7 stride=2 lr=3e-03,1.0,0.003,Muon,0,4,512,64,2.3024157499451,7.457936216992422e-05,0.8984375,full_patch_and_classifier_activation,2.277449600122695,1.5900953948684553,1.423171566238528,3.378646331424324e-05,4.724904996491867e-05,"[[0.006776802517973884,0.0013576279304552507,0.0009784099769766634,0.0007782449903010817,0.00046944891615226844,0.00036272371478200053,0.00027509779246816344,0.00020200429069040188,0.0001948641251182933,0.00016190569613111413,0.0001345050319082647,0.00010520557956808057,9.22877653297164e-05,7.77689774524031e-05,7.17195462355883e-05,6.947417129655654e-05,5.941593799937015e-05,4.93827454288993e-05,4.4264423336984244e-05,4.070415104694666e-05,3.459720896030706e-05,3.109230362531695e-05,2.9519163957603455e-05,2.475421647848695e-05,2.2146135624140503e-05,2.107853715708687e-05,1.9413057216043446e-05,1.5868791592052013e-05,1.2933766733836748e-05,1.1718470033124934e-05,1.087535981485565e-05,5.940431361812011e-06],[0.01018804665314243,0.0006168014421885961,0.00042678068722754915,0.00025036069477693345,0.00021675101936257545,0.00015928879274225194,0.00011821629684233813,9.279549587801096e-05,4.7909118263997945e-05,1.1380313568832673e-18]]","[[493.249523472008,259.3155638768555,219.34766548159106,182.69048460444037,149.34176873294834,139.8823110381165,127.45508590555716,103.67481985576804,92.21811308023099,88.9926945590207,86.9319001198511,71.8432407434568,66.43131197486345,59.87086843416599,55.71662000289082,54.91622546651539,50.69915502062711,45.19189543562701,43.158568733325545,41.46455473859853,36.18397278295872,35.34369828579487,35.184854101328504,33.62503052155534,30.947266350936772,30.3047789384516,29.695401568992565,26.75159141493728,26.73237492494285,25.60821476846905,25.48296926398514,24.493409845846493,23.860011949991172,23.667766599894254,23.029059718911363,21.715419462100876,20.847994104793695,20.22232520784444,19.567168405049486,19.454750056425002,18.347057286216053,17.656129275198484,16.80769747129716,16.521667337916252,15.634412589127907,14.938334213015617,14.358819432588886,13.71449839592815,13.035741762725436],[1.7588433127925438,0.08002774967202816,0.04090633737058299,0.03509035966542324,0.03145060347712294,0.026346799574512126,0.026247630866172225,0.020205936132290422,0.01607464467768136,0.015287665012394196,0.01427852768456373,0.013196961587765945,0.01108022217834985,0.010720818054757685,0.009638664863146105,0.008813242550996,0.008213600620047124,0.007369954812013915,0.007221157664915103,0.0068830610168873225,0.0063081150849425656,0.006275698538313534,0.005691484123496615,0.005604219090900841,0.005105193902602167,0.00481494352125842,0.0046076067621865936,0.004150157372149066,0.003870884722576593,0.0037123553733040627,0.0032714601503796045,0.0021273617281302127]]","[[0.0030000000000000027,0.0030000000000000027,0.0030000000000000027,0.0030000000000000022,0.0030000000000000022,0.0030000000000000022,0.003000000000000002,0.003000000000000002,0.003000000000000002,0.0030000000000000014,0.0030000000000000014,0.0030000000000000014,0.0030000000000000014,0.0030000000000000014,0.003000000000000001,0.003000000000000001,0.003000000000000001,0.003000000000000001,0.003000000000000001,0.003000000000000001,0.003000000000000001,0.003000000000000001,0.0030000000000000005,0.0030000000000000005,0.0030000000000000005,0.003,0.003,0.003,0.003,0.003,0.0029999999999999996,0.0029999999999999988],[0.003,0.002999999999999999,0.002999999999999999,0.002999999999999999,0.0029999999999999988,0.0029999999999999988,0.002999999999999998,0.002999999999999998,0.002999999999999998,0.002999999999999998]]",20.999999999999996,20.99999999999998,1.0,0.999999999999999,0.9999999999999991,7.397623777089386e-05,0.30616126356802753,0.0038049271018803844,0.019442222095223588,0.0030000000000000027,0.044977072965471064,0.04789595400824421,0.5758655827958137,32,7,2
36,MNISTPatchClassifier,MNIST patch filters=32 kernel=7 stride=2 lr=3e-03,1.0,0.003,Adam,0,5,512,64,2.302785086493564,,0.8984375,full_patch_and_classifier_activation,1.8584821578119337,1.5888489251786693,1.1981436026930243,2.5856764591785387e-05,3.29709999843387e-05,"[[0.007226887133699712,0.0008125818544849342,0.000627693562883648,0.0005310774398344019,0.0003470866492520537,0.00027717568646450894,0.00020014129518675357,0.00017910803688002297,0.00015757616594906472,0.00014849084339981742,0.00013177028327776075,0.00011220966080006726,9.619043061238185e-05,9.371071262433274e-05,7.898409957988343e-05,6.71869713263155e-05,6.070273828738247e-05,4.852793884741065e-05,4.7089920216893804e-05,3.592632384888066e-05,3.042572391181077e-05,2.7939085625788782e-05,2.325905399573319e-05,2.127137853292263e-05,1.724328662191988e-05,1.6331012646664484e-05,1.3045473648929361e-05,1.1620109411546094e-05,9.435044737642468e-06,8.954052607072057e-06,8.158050731319231e-06,4.1658311316705904e-06],[0.012945982739188235,0.0004165995261238429,0.0003472994175434726,0.0003029302914453245,0.00019756354205528436,0.00015758707099747902,0.00012350949012045355,8.784911112106221e-05,7.496163879322862e-05,1.146841000759308e-18]]","[[493.249523472008,259.3155638768555,219.34766548159106,182.69048460444037,149.34176873294834,139.8823110381165,127.45508590555716,103.67481985576804,92.21811308023099,88.9926945590207,86.9319001198511,71.8432407434568,66.43131197486345,59.87086843416599,55.71662000289082,54.91622546651539,50.69915502062711,45.19189543562701,43.158568733325545,41.46455473859853,36.18397278295872,35.34369828579487,35.184854101328504,33.62503052155534,30.947266350936772,30.3047789384516,29.695401568992565,26.75159141493728,26.73237492494285,25.60821476846905,25.48296926398514,24.493409845846493,23.860011949991172,23.667766599894254,23.029059718911363,21.715419462100876,20.847994104793695,20.22232520784444,19.567168405049486,19.454750056425002,18.347057286216053,17.656129275198484,16.80769747129716,16.521667337916252,15.634412589127907,14.938334213015617,14.358819432588886,13.71449839592815,13.035741762725436],[2.549580565951106,0.0800505503051539,0.03744952421273285,0.033908016175042216,0.03255390431801159,0.02582126585894706,0.024076612491753073,0.01646678910396335,0.01591934650152595,0.013060597309146686,0.01209004718732266,0.01046937845879876,0.010028347996964964,0.009241352035937029,0.008908896507753573,0.008146558101500924,0.00764735098144456,0.007041934509649142,0.006483286644480673,0.006154540842575398,0.005734285130542989,0.005068549372199695,0.004810202256473892,0.004391258859289966,0.004313495849352398,0.0040011594019709685,0.0036698560199317546,0.003365227290480502,0.0033186818780250155,0.003020652165042035,0.002187364374569849,0.0021638362176103288]]",,,,,,,,,,,,,,0.6366522079333663,32,7,2
37,MNISTPatchClassifier,MNIST patch filters=32 kernel=7 stride=2 lr=3e-03,1.0,0.003,Muon,0,5,512,64,2.302680431257792,,0.8984375,full_patch_and_classifier_activation,2.138793457240147,1.590034604289396,1.3727819227134155,2.530690271416023e-05,3.6641077642836764e-05,"[[0.007145731071694742,0.0009599306927473145,0.0007552895035860988,0.0006284493063674528,0.0004295051715113636,0.00034263214365553164,0.00028740397158854143,0.0002582314771956174,0.00021163699691316277,0.0001817854476561247,0.0001515084629664664,0.00012133586306976824,0.00011204186271886468,9.675759942219906e-05,7.802041329829059e-05,7.402634004916195e-05,7.238700642104078e-05,6.108206772210312e-05,5.1630694699042295e-05,4.855707363922746e-05,4.031574960129389e-05,3.2680071617340034e-05,2.7380051842600974e-05,2.4987254228359606e-05,2.0309204955125633e-05,1.9246696991440768e-05,1.4811321775905098e-05,1.4062997043544523e-05,1.2629211571932127e-05,9.602527891204728e-06,9.009258114001763e-06,5.170753885047883e-06],[0.009035509883042614,0.0005277207110527922,0.00042997300096545466,0.00027432025779074577,0.00019226835193911465,0.0001681331191129317,0.00012472128323630426,0.00010492339255380443,8.07276903998495e-05,5.595984356707828e-19]]","[[493.249523472008,259.3155638768555,219.34766548159106,182.69048460444037,149.34176873294834,139.8823110381165,127.45508590555716,103.67481985576804,92.21811308023099,88.9926945590207,86.9319001198511,71.8432407434568,66.43131197486345,59.87086843416599,55.71662000289082,54.91622546651539,50.69915502062711,45.19189543562701,43.158568733325545,41.46455473859853,36.18397278295872,35.34369828579487,35.184854101328504,33.62503052155534,30.947266350936772,30.3047789384516,29.695401568992565,26.75159141493728,26.73237492494285,25.60821476846905,25.48296926398514,24.493409845846493,23.860011949991172,23.667766599894254,23.029059718911363,21.715419462100876,20.847994104793695,20.22232520784444,19.567168405049486,19.454750056425002,18.347057286216053,17.656129275198484,16.80769747129716,16.521667337916252,15.634412589127907,14.938334213015617,14.358819432588886,13.71449839592815,13.035741762725436],[1.8031115747882451,0.08021834324780903,0.042294193838385404,0.03525825866824536,0.03224290092822218,0.027529389658926602,0.02628295517958558,0.020575864733206398,0.01628599233594772,0.015424723931246997,0.014678990538782707,0.013124977658110337,0.011153375698413282,0.010539216893693052,0.009787468207053621,0.0089327888725198,0.008258527900754537,0.007394444750465444,0.007052008317496745,0.006968160152715736,0.006427213905876588,0.006242461516447163,0.005624288824233975,0.005517147554895267,0.005286038667979778,0.004768898216354225,0.0044820509480918026,0.004102811276554183,0.003934341481379122,0.0036857604316850017,0.003269562868934372,0.002001572898377136]]",,,,,,,,,,,,,,0.6930919159203768,32,7,2
38,MNISTPatchClassifier,MNIST patch filters=32 kernel=7 stride=2 lr=3e-03,1.0,0.003,Adam,1,0,512,64,2.3025671770494394,7.669481897165653e-05,0.931640625,full_patch_and_classifier_activation,3.044768428383464,1.5980788096753078,1.9662344948103745,8.866268211982532e-06,1.8895116224540728e-05,"[[0.004251642369991621,0.0008117172592335887,0.0005302739866432615,0.0004789895339227809,0.00040247075607833063,0.00038249636091806466,0.00030377116258170845,0.00021627184715324946,0.0001929979718934753,0.0001678070566955009,0.00015291058975520208,0.000131589028909595,0.00010708462187963234,0.00010187617595637275,7.32912439906284e-05,6.937383956164231e-05,6.0043806929899386e-05,5.2721060900813213e-05,5.0243766790372164e-05,4.647579902304076e-05,3.751669270162674e-05,3.478161508258716e-05,3.082417112070904e-05,2.8773539760516587e-05,2.4260134409297865e-05,2.125173749410821e-05,1.8887640772341353e-05,1.7370383365615896e-05,1.4696675557489138e-05,1.3645334667489128e-05,1.1353480616102685e-05,9.409780777592698e-06],[0.004021102818092192,0.0006095241397871497,0.00041157532927180173,0.00037356631070547934,0.000184690511125373,0.00014321891674214424,0.00011301442243207142,9.281797835846144e-05,7.913412437434312e-05,2.256932362948005e-19]]","[[486.28874669539056,259.27414960329753,213.03936384515686,184.23653009260758,145.06839137811886,136.90298852550637,129.07237700138333,103.17078888661877,89.65221735447119,88.90553091164806,86.5891683289304,71.28863050046226,65.68077277510008,61.69168310165961,53.970330507961606,53.302681667427414,50.78796275514989,45.00095488432484,43.021585534356205,42.339045430686994,35.99668744174552,35.466766946876426,33.97571937757405,33.727994930346064,31.154524976410887,30.35060916458369,29.260952928368337,27.047701107549777,26.29809746742937,25.425285709269765,24.80681480954793,24.356928793594285,24.12683638212423,23.55399454184446,22.34737686589061,21.723997328406305,20.87077286047728,20.188830626765483,20.055269065445508,19.35292196773006,18.432453955544425,17.740179845625764,17.047117710720165,16.869937783566197,15.79824680439517,15.043429935784632,14.580386897168548,13.70175004983193,12.861489379973637],[1.3819292953051125,0.08443514683024485,0.04228567707676558,0.034058685434037464,0.03190153814704402,0.02073470092212733,0.019349534155479256,0.01801123837259869,0.015027122020665404,0.013208322933419541,0.012579881207902446,0.011831956341237165,0.011025904314296172,0.009896906941487578,0.009188038391431638,0.008497712087088872,0.007616126075978097,0.007110393317494316,0.007085022139776772,0.0067573445849998925,0.006144286331857479,0.006062901070451628,0.0056317091608386795,0.005247785845350928,0.0050719515767644625,0.004697573303021558,0.0045518259256547055,0.00430011167455166,0.003958242734561941,0.0038358710528308125,0.0035777458276963583,0.003053340853715341]]","[[0.01359428368227842,0.005705085035223768,0.00466636290935346,0.004484104433979358,0.0034283250552131416,0.0028789066262529554,0.002538873443096555,0.002371741090461452,0.002182937218700982,0.0019489683949021194,0.001684797819330161,0.001660612961634852,0.0014788618781441673,0.0013848936663083313,0.0011385032822360704,0.001058222709369307,0.0009189540671598346,0.000698745600623407,0.0006329222554865321,1.68450537870658e-06,4.0979848127975987e-07,3.1671046328043484e-07,2.471049983433342e-07,2.072871442345544e-07,1.2073870516693812e-07,7.093424772366555e-08,3.6410336448735974e-08,2.1341035599003387e-08,1.4371125881399162e-08,1.3653773124769592e-08,4.6999637074652495e-09,2.951897552392808e-09],[0.006723146250515629,0.0028207366322195535,0.0022378595968069142,0.0017511754170807588,0.0012354673353740713,0.001116767267843727,0.0004828688191431249,1.4303076050490037e-06,4.231346056954381e-07,7.20625802390703e-08]]",6.811999000721608,1.5594936456335429,0.3562723473245588,0.09758744450776793,0.26014985222950643,7.611013759843781e-05,0.6454810375813366,0.0039146830658382415,0.019442222095223574,0.01359428368227842,0.0453716369240374,0.04477481834317093,0.05883283307775855,32,7,2
39,MNISTPatchClassifier,MNIST patch filters=32 kernel=7 stride=2 lr=3e-03,1.0,0.003,Muon,1,0,512,64,2.3025671770494394,4.451162655039198e-05,0.931640625,full_patch_and_classifier_activation,3.044768428383464,1.5980788096753078,1.9662344948103745,8.866268211982532e-06,1.8895116224540728e-05,"[[0.004251642369991621,0.0008117172592335887,0.0005302739866432615,0.0004789895339227809,0.00040247075607833063,0.00038249636091806466,0.00030377116258170845,0.00021627184715324946,0.0001929979718934753,0.0001678070566955009,0.00015291058975520208,0.000131589028909595,0.00010708462187963234,0.00010187617595637275,7.32912439906284e-05,6.937383956164231e-05,6.0043806929899386e-05,5.2721060900813213e-05,5.0243766790372164e-05,4.647579902304076e-05,3.751669270162674e-05,3.478161508258716e-05,3.082417112070904e-05,2.8773539760516587e-05,2.4260134409297865e-05,2.125173749410821e-05,1.8887640772341353e-05,1.7370383365615896e-05,1.4696675557489138e-05,1.3645334667489128e-05,1.1353480616102685e-05,9.409780777592698e-06],[0.004021102818092192,0.0006095241397871497,0.00041157532927180173,0.00037356631070547934,0.000184690511125373,0.00014321891674214424,0.00011301442243207142,9.281797835846144e-05,7.913412437434312e-05,2.256932362948005e-19]]","[[486.28874669539056,259.27414960329753,213.03936384515686,184.23653009260758,145.06839137811886,136.90298852550637,129.07237700138333,103.17078888661877,89.65221735447119,88.90553091164806,86.5891683289304,71.28863050046226,65.68077277510008,61.69168310165961,53.970330507961606,53.302681667427414,50.78796275514989,45.00095488432484,43.021585534356205,42.339045430686994,35.99668744174552,35.466766946876426,33.97571937757405,33.727994930346064,31.154524976410887,30.35060916458369,29.260952928368337,27.047701107549777,26.29809746742937,25.425285709269765,24.80681480954793,24.356928793594285,24.12683638212423,23.55399454184446,22.34737686589061,21.723997328406305,20.87077286047728,20.188830626765483,20.055269065445508,19.35292196773006,18.432453955544425,17.740179845625764,17.047117710720165,16.869937783566197,15.79824680439517,15.043429935784632,14.580386897168548,13.70175004983193,12.861489379973637],[1.3819292953051125,0.08443514683024485,0.04228567707676558,0.034058685434037464,0.03190153814704402,0.02073470092212733,0.019349534155479256,0.01801123837259869,0.015027122020665404,0.013208322933419541,0.012579881207902446,0.011831956341237165,0.011025904314296172,0.009896906941487578,0.009188038391431638,0.008497712087088872,0.007616126075978097,0.007110393317494316,0.007085022139776772,0.0067573445849998925,0.006144286331857479,0.006062901070451628,0.0056317091608386795,0.005247785845350928,0.0050719515767644625,0.004697573303021558,0.0045518259256547055,0.00430011167455166,0.003958242734561941,0.0038358710528308125,0.0035777458276963583,0.003053340853715341]]","[[0.0030000000000000014,0.003000000000000001,0.0030000000000000005,0.0030000000000000005,0.0030000000000000005,0.0030000000000000005,0.0030000000000000005,0.0030000000000000005,0.0030000000000000005,0.0030000000000000005,0.0030000000000000005,0.0030000000000000005,0.0030000000000000005,0.0030000000000000005,0.0029999999999999996,0.0029999999999999996,0.0029999999999999996,0.0029999999999999996,0.0029999999999999996,0.0029999999999999996,0.002999999999999999,0.002999999999999999,0.002999999999999999,0.002999999999999999,0.002999999999999999,0.002999999999999999,0.002999999999999999,0.002999999999999999,0.0029999999999999983,0.0029999999999999983,0.002999999999999998,0.002999999999999997],[0.003000000000000001,0.003000000000000001,0.003000000000000001,0.0030000000000000005,0.0030000000000000005,0.003,0.0029999999999999996,0.0029999999999999988,0.0029999999999999988,0.002999999999999996]]",21.000000000000004,20.99999999999998,1.0,0.999999999999999,0.9999999999999989,4.4626391928069815e-05,0.3784711297885386,0.002295333923740811,0.019442222095223574,0.0030000000000000014,0.0453716369240374,0.04784269018353686,0.11345754098147154,32,7,2
38,MNISTPatchClassifier,MNIST patch filters=32 kernel=7 stride=2 lr=3e-03,1.0,0.003,Adam,1,1,512,64,2.3025251840637893,0.00011761855490499684,0.91015625,full_patch_and_classifier_activation,2.3090507153198745,1.5977236152303373,1.452374532440694,3.181221444253747e-05,4.681893146402402e-05,"[[0.006147049176293961,0.0009626453057268579,0.0007743719739572098,0.0005345704435220879,0.0003895421737563661,0.0003139173697173592,0.00029029104491177176,0.00022680463870027915,0.00021785134323730785,0.00017944290837954078,0.00017087911211509428,0.0001560932896534786,0.00010529313105242667,9.898848762750563e-05,8.22218222947926e-05,7.362733725860818e-05,6.833857959663228e-05,6.1019922277664456e-05,5.459243851404271e-05,5.1175920472790014e-05,4.4306801077550566e-05,3.988308864282906e-05,3.5754881025290866e-05,2.7453864811872704e-05,2.4345738936768126e-05,1.948338993234375e-05,1.762270870825241e-05,1.5347069797607785e-05,1.4092111960849264e-05,1.2141506596095947e-05,9.040379463712881e-06,7.32683974519171e-06],[0.008285656944087432,0.0005583507397826524,0.0003324882038493511,0.00031268655730785645,0.00022160362233146678,0.000167125550375206,0.00012231437272869263,8.101625809868087e-05,4.862585397011028e-05,4.556346418526403e-19]]","[[486.28874669539056,259.27414960329753,213.03936384515686,184.23653009260758,145.06839137811886,136.90298852550637,129.07237700138333,103.17078888661877,89.65221735447119,88.90553091164806,86.5891683289304,71.28863050046226,65.68077277510008,61.69168310165961,53.970330507961606,53.302681667427414,50.78796275514989,45.00095488432484,43.021585534356205,42.339045430686994,35.99668744174552,35.466766946876426,33.97571937757405,33.727994930346064,31.154524976410887,30.35060916458369,29.260952928368337,27.047701107549777,26.29809746742937,25.425285709269765,24.80681480954793,24.356928793594285,24.12683638212423,23.55399454184446,22.34737686589061,21.723997328406305,20.87077286047728,20.188830626765483,20.055269065445508,19.35292196773006,18.432453955544425,17.740179845625764,17.047117710720165,16.869937783566197,15.79824680439517,15.043429935784632,14.580386897168548,13.70175004983193,12.861489379973637],[1.4756608999823775,0.08541485473050725,0.04251014470416791,0.03722281934006972,0.03207145772729839,0.020926572542913163,0.01929550145946349,0.017969375009818867,0.015656282815593843,0.012490441986102918,0.01206933546998713,0.011591273323480426,0.010673250278874998,0.010018249465243937,0.009480621221259072,0.008362973052079904,0.007749787783028344,0.007261447673393461,0.006704365541489194,0.006362714989055754,0.006195647370865765,0.005921163843681317,0.005358798939598224,0.005182607605277542,0.005065748655163415,0.004627162443121961,0.004371767951566365,0.004241382360513407,0.003686459140377333,0.0034169344028593595,0.0033789068153037426,0.0028269443583230753]]","[[0.014544136061126608,0.005066001639019085,0.004770519873571486,0.0035275399466022394,0.002912035465955746,0.0027088632076944126,0.002047333328697095,0.001971263943290022,0.0016814661058372924,0.0015381939058815802,0.0013554090415534299,0.0012388348777155772,0.0010657825952948938,0.0009332480743106308,0.0007985519073549985,0.0007263050227490774,0.000685745497355562,0.0006061266834379142,0.0005288576808487475,0.00046303406853009796,0.00037501250066234056,0.0002940602640814067,0.00028527627912115625,0.00011197353846389597,9.413072574515555e-05,6.840169349587253e-05,5.0293039803951504e-05,3.7540863169563254e-05,3.081411126092241e-05,1.3366250370864573e-05,6.685569955313946e-06,4.192998085379086e-06],[0.0073122542856954775,0.0028558171434666375,0.002045422213024654,0.0011371070477604907,0.0009098807055272932,0.0006203583202811874,0.0003684747778338172,0.00033183666405976194,0.00023390030628935092,0.00015576104319876133]]",5.981984692112979,1.373903056257502,0.31467649156219524,0.087062217557458,0.26148075557479633,0.00011503693902076678,0.5653236734095518,0.005914196193010593,0.019450984591400204,0.014544136061126608,0.045340029321666746,0.04531360968336635,0.17331750015728176,32,7,2
39,MNISTPatchClassifier,MNIST patch filters=32 kernel=7 stride=2 lr=3e-03,1.0,0.003,Muon,1,1,512,64,2.3025567353890075,6.214246945646096e-05,0.91015625,full_patch_and_classifier_activation,2.397556669459466,1.598055345707853,1.4967059411304864,3.1728639288027767e-05,4.71803495158907e-05,"[[0.005843396394281542,0.001038132215590654,0.0007738297738545276,0.0005186364592378317,0.00038025409030067916,0.00033809045726698067,0.00029704451260385476,0.00022866451100648125,0.00020074166880928377,0.00017476731854709234,0.00016853764973968018,0.00016299917901119182,0.00010706574401298305,0.00010365964563965099,7.912525924966942e-05,7.673533650605994e-05,6.639806897277469e-05,5.789509271304796e-05,5.705107535968542e-05,4.7640705731519486e-05,4.501502487347632e-05,4.282562271603697e-05,3.386354438853628e-05,2.814469293252306e-05,2.3235334143482496e-05,2.0807535918625137e-05,1.857927698434089e-05,1.6720559762455208e-05,1.5114796195320585e-05,1.3585331714294914e-05,9.243971128622652e-06,8.71291112842465e-06],[0.007816374402965145,0.0005357114042581408,0.0003287596981460586,0.0003020070252237238,0.0002177796584591394,0.00015903868987049227,0.0001211722294759835,7.841741309088742e-05,5.1803256593146347e-05,6.853379723202175e-19]]","[[486.28874669539056,259.27414960329753,213.03936384515686,184.23653009260758,145.06839137811886,136.90298852550637,129.07237700138333,103.17078888661877,89.65221735447119,88.90553091164806,86.5891683289304,71.28863050046226,65.68077277510008,61.69168310165961,53.970330507961606,53.302681667427414,50.78796275514989,45.00095488432484,43.021585534356205,42.339045430686994,35.99668744174552,35.466766946876426,33.97571937757405,33.727994930346064,31.154524976410887,30.35060916458369,29.260952928368337,27.047701107549777,26.29809746742937,25.425285709269765,24.80681480954793,24.356928793594285,24.12683638212423,23.55399454184446,22.34737686589061,21.723997328406305,20.87077286047728,20.188830626765483,20.055269065445508,19.35292196773006,18.432453955544425,17.740179845625764,17.047117710720165,16.869937783566197,15.79824680439517,15.043429935784632,14.580386897168548,13.70175004983193,12.861489379973637],[1.3942519675127676,0.08454940920122453,0.0422099707586911,0.03577307593705831,0.03204944036174884,0.020481831091266226,0.01966383396942954,0.01816024427927246,0.015060204817872775,0.013336974503261845,0.012441791287414124,0.011580301613676321,0.0112273162746921,0.00980178329747203,0.009426490275880377,0.008482811439602054,0.007754689727754988,0.007363498094408901,0.007092587770709333,0.0067539243756065395,0.006173801572017204,0.0060420531621435125,0.005587810787822678,0.005338503628381779,0.005095502749692843,0.004728286857086798,0.004439341589985368,0.004337949805570391,0.003904955925783898,0.003730047924223078,0.003460494961052982,0.003077213700663119]]","[[0.003000000000000002,0.0030000000000000014,0.0030000000000000014,0.003000000000000001,0.003000000000000001,0.003000000000000001,0.003000000000000001,0.0030000000000000005,0.0030000000000000005,0.0030000000000000005,0.0030000000000000005,0.0030000000000000005,0.0030000000000000005,0.0030000000000000005,0.0030000000000000005,0.0030000000000000005,0.0030000000000000005,0.0030000000000000005,0.003,0.0029999999999999996,0.0029999999999999996,0.0029999999999999996,0.0029999999999999996,0.0029999999999999996,0.0029999999999999996,0.002999999999999999,0.0029999999999999988,0.0029999999999999988,0.0029999999999999988,0.0029999999999999983,0.0029999999999999983,0.0029999999999999983],[0.003000000000000002,0.0030000000000000014,0.003000000000000001,0.0030000000000000005,0.003,0.003,0.0029999999999999996,0.0029999999999999996,0.0029999999999999996,0.002999999999999999]]",21.0,20.99999999999998,1.0,0.999999999999999,0.9999999999999989,6.182273261521213e-05,0.32063830491824863,0.003179818248779303,0.01944222209522358,0.003000000000000002,0.04534002932166672,0.047806302822946345,0.2283885411452502,32,7,2
38,MNISTPatchClassifier,MNIST patch filters=32 kernel=7 stride=2 lr=3e-03,1.0,0.003,Adam,1,2,512,64,2.3024970618828324,0.00011276799459380982,0.880859375,full_patch_and_classifier_activation,2.516980774877831,1.5974355575064814,1.5497803535734427,2.9336557515601158e-05,4.3416595113527684e-05,"[[0.005715423804986301,0.0010207961609320834,0.0008128354529480072,0.0005458904062416622,0.0004897364850590117,0.00037996076886795085,0.0003326702931560659,0.00028961702609400916,0.00023535789367588368,0.0001728508941370853,0.0001654467234749919,0.00013052452093712487,0.0001248427797990864,9.273244615296676e-05,8.82527491038732e-05,7.732330039897473e-05,7.058582032368766e-05,6.465479216873783e-05,5.603461629677613e-05,5.121958106863299e-05,4.5301394867101235e-05,3.980798406073945e-05,3.454335989371057e-05,3.373159728055224e-05,2.917914193616477e-05,2.5958336538495813e-05,2.1959419392016508e-05,1.575607081432273e-05,1.5003443068644469e-05,1.1643299107703478e-05,1.0415964788194328e-05,8.524670493091885e-06],[0.008669724552299793,0.0006347815822895002,0.0004828831653314016,0.0002719790758715188,0.00020487015237966713,0.00011997635865348403,0.00010897521573784508,9.88172981977861e-05,4.162595379846185e-05,6.563440517438662e-19]]","[[486.28874669539056,259.27414960329753,213.03936384515686,184.23653009260758,145.06839137811886,136.90298852550637,129.07237700138333,103.17078888661877,89.65221735447119,88.90553091164806,86.5891683289304,71.28863050046226,65.68077277510008,61.69168310165961,53.970330507961606,53.302681667427414,50.78796275514989,45.00095488432484,43.021585534356205,42.339045430686994,35.99668744174552,35.466766946876426,33.97571937757405,33.727994930346064,31.154524976410887,30.35060916458369,29.260952928368337,27.047701107549777,26.29809746742937,25.425285709269765,24.80681480954793,24.356928793594285,24.12683638212423,23.55399454184446,22.34737686589061,21.723997328406305,20.87077286047728,20.188830626765483,20.055269065445508,19.35292196773006,18.432453955544425,17.740179845625764,17.047117710720165,16.869937783566197,15.79824680439517,15.043429935784632,14.580386897168548,13.70175004983193,12.861489379973637],[1.6090581647462643,0.08997360596906004,0.04421217709776197,0.04015297864389507,0.031759946421826016,0.02147960881733624,0.019341355290680037,0.01841012259104262,0.015499817880849507,0.012357691541577414,0.012102843963427463,0.011691577939318798,0.010988232366529314,0.010518504274294434,0.009323046848083577,0.008231478655615626,0.007978649903651993,0.00714983211872242,0.0067963647445113485,0.006360262701036806,0.006056051254282052,0.005809494125513379,0.0052822958646200615,0.004987869032061017,0.004857323526189231,0.004442631619404545,0.004081104147379019,0.0038550006622232575,0.0035389141249159797,0.003361237209642951,0.0029562879413903686,0.0025168723348366452]]","[[0.01512199084797215,0.005162068610794208,0.00440849039057608,0.0033186609852495367,0.002807958710047763,0.0022926524143299007,0.0020447658786072387,0.0016521668620382828,0.001470579039915055,0.0014312046654121119,0.001141968008364076,0.001067975438142358,0.000809771983804719,0.0007264622349142188,0.0006594123046891644,0.0005590091636635852,0.00047039255638431246,0.00040445493359379716,0.00037586162077672637,0.00030301534043273296,0.00025720629367431973,0.00020477546995256935,0.00018582074601539421,0.00015053184494778275,0.0001105994949380164,7.221563073051975e-05,6.185947022400648e-05,4.8022135811408915e-05,3.813377559433544e-05,2.7323720449796432e-05,1.9384846648137685e-05,1.3879525151891893e-05],[0.007209884197398115,0.002316045595502129,0.001538841088836304,0.0010527539508940957,0.0008938323419140445,0.0007134590343728656,0.0005678965887167399,0.00043171164413777387,0.00027702214988954466,0.0002381781010207973]]",5.416510430186332,1.2930188512947145,0.2964455508312071,0.08191752641150368,0.259818845976439,0.00010841566439907045,0.5283562151197926,0.005576369587958012,0.019441979712605587,0.01512199084797215,0.04523247157672008,0.044409352818255796,0.28799129114486277,32,7,2
39,MNISTPatchClassifier,MNIST patch filters=32 kernel=7 stride=2 lr=3e-03,1.0,0.003,Muon,1,2,512,64,2.3025295713188987,6.270680569597786e-05,0.869140625,full_patch_and_classifier_activation,2.671962251175457,1.5981292737703363,1.6426760025826237,2.9306900455837268e-05,4.582258685597382e-05,"[[0.005556720015929766,0.0011254684661712447,0.0009163080258782035,0.00055328203333852,0.000516501550178931,0.0003876435138335201,0.0003252820626018447,0.00026309047619864573,0.0002429012067597011,0.0002177164801536832,0.00015096614719013006,0.00013750245985603797,0.00012548615457100127,0.00011497167250353675,9.255815105746201e-05,7.833408076727664e-05,7.258074740926498e-05,6.644781159916265e-05,6.018951137312061e-05,4.632417944251558e-05,4.193889465446954e-05,3.995984340034936e-05,3.798367673927422e-05,3.101238427819297e-05,2.7867812853566343e-05,2.7184603179815122e-05,2.008411766402573e-05,1.7576433026065674e-05,1.4112818750545069e-05,1.1863346778053086e-05,9.33838132680816e-06,7.0685053564575305e-06],[0.007538157941423994,0.0006381624464190895,0.00045761689041574146,0.00028620553374067935,0.0002187262804993946,0.00012772115910749716,0.00010792954536797928,0.00010283955755487196,4.8198490331901684e-05,6.977579086899858e-19]]","[[486.28874669539056,259.27414960329753,213.03936384515686,184.23653009260758,145.06839137811886,136.90298852550637,129.07237700138333,103.17078888661877,89.65221735447119,88.90553091164806,86.5891683289304,71.28863050046226,65.68077277510008,61.69168310165961,53.970330507961606,53.302681667427414,50.78796275514989,45.00095488432484,43.021585534356205,42.339045430686994,35.99668744174552,35.466766946876426,33.97571937757405,33.727994930346064,31.154524976410887,30.35060916458369,29.260952928368337,27.047701107549777,26.29809746742937,25.425285709269765,24.80681480954793,24.356928793594285,24.12683638212423,23.55399454184446,22.34737686589061,21.723997328406305,20.87077286047728,20.188830626765483,20.055269065445508,19.35292196773006,18.432453955544425,17.740179845625764,17.047117710720165,16.869937783566197,15.79824680439517,15.043429935784632,14.580386897168548,13.70175004983193,12.861489379973637],[1.402068481395366,0.08522443573118027,0.04249090863901569,0.038627208980591236,0.03259380920072675,0.02059934292169488,0.0200719371363291,0.018530087233837464,0.015262606481572627,0.013351429960408381,0.01258702608420881,0.011646072923468344,0.011325548011714606,0.00985308192111796,0.009320264070588252,0.008672923288870324,0.00796899030780182,0.007489696211527804,0.007156562711971515,0.006786863618595061,0.006276263860385246,0.006124914666414005,0.005556021903227996,0.005347852432245547,0.005174147537608488,0.004761426499929413,0.004471198445984473,0.004380679908780691,0.003943715388843838,0.0037686359080797154,0.0034844173275384387,0.002978810790371239]]","[[0.0030000000000000014,0.0030000000000000014,0.003000000000000001,0.003000000000000001,0.003000000000000001,0.003000000000000001,0.003000000000000001,0.003000000000000001,0.003000000000000001,0.003000000000000001,0.003000000000000001,0.0030000000000000005,0.0030000000000000005,0.0030000000000000005,0.0030000000000000005,0.0030000000000000005,0.0030000000000000005,0.0030000000000000005,0.0029999999999999996,0.0029999999999999996,0.0029999999999999996,0.0029999999999999996,0.0029999999999999996,0.0029999999999999996,0.0029999999999999996,0.002999999999999999,0.002999999999999999,0.002999999999999999,0.002999999999999999,0.002999999999999999,0.002999999999999999,0.002999999999999999],[0.0030000000000000022,0.0030000000000000014,0.0030000000000000014,0.003000000000000001,0.003,0.003,0.003,0.0029999999999999996,0.0029999999999999996,0.0029999999999999996]]",20.999999999999996,20.999999999999982,0.9999999999999999,0.999999999999999,0.9999999999999991,6.258547022904705e-05,0.3361421919321178,0.003219049238431576,0.019442222095223588,0.0030000000000000022,0.045232471576720085,0.04767959522220963,0.34277641610242426,32,7,2
38,MNISTPatchClassifier,MNIST patch filters=32 kernel=7 stride=2 lr=3e-03,1.0,0.003,Adam,1,3,512,64,2.3024840833552718,0.00013049645159179946,0.88671875,full_patch_and_classifier_activation,2.2107092956368675,1.5968930263216932,1.3957723251158658,3.8594229973178274e-05,5.505448817290787e-05,"[[0.007264376437634023,0.0012614663621520433,0.0008256887803102763,0.0005487912546378185,0.0004875825721166381,0.0004081496425184568,0.0003336410369061285,0.00024461024943934264,0.00023778138797133508,0.000186194744077439,0.00017169948214059506,0.00013853771597170105,0.00012609986080830621,0.00010311895353196957,8.111512300935163e-05,7.410827744739278e-05,6.89832687267323e-05,5.6144374189492586e-05,5.0310503834124315e-05,3.987273042751146e-05,3.611226023471892e-05,3.0032553004513404e-05,2.7422436393794913e-05,2.5464929280693763e-05,2.34893974564537e-05,2.094710424584079e-05,1.8219028025194097e-05,1.6510671497049425e-05,1.6062156894725645e-05,1.0789176440290156e-05,9.334173607763232e-06,6.426526700836462e-06],[0.011322696737623013,0.0009423019101778912,0.00044778016257870863,0.00036880189483381434,0.00020667923349671386,0.000130853514236757,8.208297164855791e-05,7.786029930774176e-05,4.5533165185345904e-05,4.364352381327231e-19]]","[[486.28874669539056,259.27414960329753,213.03936384515686,184.23653009260758,145.06839137811886,136.90298852550637,129.07237700138333,103.17078888661877,89.65221735447119,88.90553091164806,86.5891683289304,71.28863050046226,65.68077277510008,61.69168310165961,53.970330507961606,53.302681667427414,50.78796275514989,45.00095488432484,43.021585534356205,42.339045430686994,35.99668744174552,35.466766946876426,33.97571937757405,33.727994930346064,31.154524976410887,30.35060916458369,29.260952928368337,27.047701107549777,26.29809746742937,25.425285709269765,24.80681480954793,24.356928793594285,24.12683638212423,23.55399454184446,22.34737686589061,21.723997328406305,20.87077286047728,20.188830626765483,20.055269065445508,19.35292196773006,18.432453955544425,17.740179845625764,17.047117710720165,16.869937783566197,15.79824680439517,15.043429935784632,14.580386897168548,13.70175004983193,12.861489379973637],[1.8318058274104878,0.09273935882398762,0.04736639785159736,0.04142074027454719,0.03122073850094272,0.022343964903987306,0.01983361385741087,0.019262747338514845,0.015084673638513802,0.013080402521207473,0.012491571221614393,0.010669403930614883,0.010455657636933423,0.010068926114435802,0.009314032158124852,0.008253969763929203,0.008009852398631208,0.006875509004683173,0.0065490471499956475,0.006332958638853831,0.006154208103029647,0.005663202611823975,0.005259496045272164,0.005013460005156028,0.004476238972914463,0.004162121522895137,0.003975279467806179,0.003588828426307307,0.003381907150824271,0.0031564883392819322,0.002479757409602548,0.0021606697493287727]]","[[0.014991341755288823,0.004723734262835756,0.004353695299631124,0.0034134534207419377,0.00265217135507798,0.002453506662832309,0.002073116952860614,0.0017813624046760603,0.0014927718506308986,0.0012999127931739522,0.0012093316380587258,0.0011894222149876252,0.0009347902654344954,0.000748978287319424,0.0006282989619688426,0.0005276898907837693,0.000512647201786747,0.00041922167891967195,0.00037951896776622444,0.00030037961699290504,0.0002559275796026226,0.00022656655759285097,0.0001711421220937063,0.00014112205770931818,0.00012589253256618257,9.611386251864932e-05,6.438508284069915e-05,4.9451344511481623e-05,2.9238866082257432e-05,2.5939631027180033e-05,1.7267911577644335e-05,1.455901798234688e-05],[0.007759973551861431,0.0020910928474496366,0.0015268984394410643,0.0013229412388834614,0.0007658019404398331,0.0007100048486303426,0.0005648607852698653,0.00044172093149944154,0.00029370888005305213,0.0001825402395995711]]",5.374610293813086,1.2696642408747953,0.2877007140538755,0.0798624597578817,0.2620954885945683,0.0001272231120922405,0.4800684636121166,0.006540564561798369,0.019451396112701885,0.014991341755288823,0.04507918902607325,0.04522763979495406,0.4033808331005275,32,7,2
39,MNISTPatchClassifier,MNIST patch filters=32 kernel=7 stride=2 lr=3e-03,1.0,0.003,Muon,1,3,512,64,2.302595453498578,7.250638438538459e-05,0.88671875,full_patch_and_classifier_activation,2.2757798204515223,1.5981424920426823,1.4597624264752587,3.875874868339309e-05,6.032635976488369e-05,"[[0.007440027309189776,0.0011565962541873708,0.0007746067907869775,0.000570653088933076,0.0005048237732723522,0.00039694538878678223,0.00034730494457205365,0.00029595002713327356,0.0002270954124075828,0.0002125079840838049,0.0001864844093890099,0.0001494335571091827,0.0001472193567279037,0.00011745993353167887,0.00010208542030477458,8.072595548113204e-05,6.918005596793918e-05,5.9570918758693935e-05,5.886027301970346e-05,4.546739780126041e-05,4.3475895683200256e-05,3.7581448011089596e-05,3.035149245509757e-05,2.826811988602716e-05,2.6593780454397043e-05,2.2819802046204228e-05,1.881591407779568e-05,1.6519275238677958e-05,1.4404532350590821e-05,1.1722445809301942e-05,8.58948460984411e-06,5.503092218178639e-06],[0.00877294708801789,0.0009519215539069917,0.00040828766673789603,0.0003434512425218846,0.00024860149929692795,0.00013373344286310773,8.748321557957682e-05,7.357884573490858e-05,5.650873662506807e-05,3.7494777068409685e-19]]","[[486.28874669539056,259.27414960329753,213.03936384515686,184.23653009260758,145.06839137811886,136.90298852550637,129.07237700138333,103.17078888661877,89.65221735447119,88.90553091164806,86.5891683289304,71.28863050046226,65.68077277510008,61.69168310165961,53.970330507961606,53.302681667427414,50.78796275514989,45.00095488432484,43.021585534356205,42.339045430686994,35.99668744174552,35.466766946876426,33.97571937757405,33.727994930346064,31.154524976410887,30.35060916458369,29.260952928368337,27.047701107549777,26.29809746742937,25.425285709269765,24.80681480954793,24.356928793594285,24.12683638212423,23.55399454184446,22.34737686589061,21.723997328406305,20.87077286047728,20.188830626765483,20.055269065445508,19.35292196773006,18.432453955544425,17.740179845625764,17.047117710720165,16.869937783566197,15.79824680439517,15.043429935784632,14.580386897168548,13.70175004983193,12.861489379973637],[1.420896551063893,0.08561309840732047,0.04358489604075822,0.04143970546965389,0.03252301933381468,0.021426795065222378,0.02017161656854112,0.01842563159613911,0.015590677915186963,0.013672743838049083,0.012467643327818616,0.011614899081234734,0.011405243619046655,0.010011831710134268,0.009285521459951738,0.008822915202627186,0.008009281024631996,0.00740187396525373,0.007321866872561529,0.006762742462933228,0.006455322641474251,0.006132504592859228,0.0054497506013205,0.005409921976329321,0.0052393104124514945,0.004876229477689301,0.004506331339807817,0.00439576371331458,0.004028415651892998,0.0034915788602425113,0.0033703116982022807,0.0030884107173242297]]","[[0.0030000000000000027,0.003000000000000002,0.0030000000000000014,0.0030000000000000014,0.003000000000000001,0.003000000000000001,0.003000000000000001,0.003000000000000001,0.003000000000000001,0.003000000000000001,0.003000000000000001,0.0030000000000000005,0.0030000000000000005,0.0030000000000000005,0.0030000000000000005,0.0030000000000000005,0.003,0.003,0.003,0.003,0.0029999999999999996,0.0029999999999999996,0.0029999999999999996,0.0029999999999999996,0.0029999999999999996,0.002999999999999999,0.002999999999999999,0.002999999999999999,0.002999999999999999,0.0029999999999999988,0.0029999999999999988,0.0029999999999999975],[0.0030000000000000022,0.003000000000000002,0.003000000000000001,0.003000000000000001,0.003,0.0029999999999999996,0.0029999999999999996,0.0029999999999999996,0.002999999999999999,0.0029999999999999988]]",21.0,20.999999999999968,1.0,0.9999999999999984,0.9999999999999984,7.285247047670695e-05,0.3204700418806561,0.003747126749190093,0.019442222095223585,0.0030000000000000027,0.04507918902607324,0.047416583156812825,0.45810741605237126,32,7,2
38,MNISTPatchClassifier,MNIST patch filters=32 kernel=7 stride=2 lr=3e-03,1.0,0.003,Adam,1,4,512,64,2.302181633396348,0.00013052779058142505,0.88671875,full_patch_and_classifier_activation,2.115499251600584,1.596313366507208,1.375674839779178,1.7558746874643197e-05,2.6540430497513885e-05,"[[0.006583632194876134,0.0010002197507610468,0.0006008047253553703,0.0004522337285255693,0.00039764745609747684,0.000287870000121832,0.00027693459701187397,0.00022660419635675205,0.00017129328341158358,0.0001634063535979668,0.0001356316497188646,0.00010390852485499654,9.903860823788274e-05,8.5664236031444e-05,6.549640259993653e-05,5.910275597922891e-05,5.491029075976193e-05,4.936842997725657e-05,4.329775273257849e-05,3.7591451499011985e-05,3.447426372897434e-05,2.7623075145078842e-05,2.6907887969891266e-05,2.6420057942120856e-05,1.7562593683893197e-05,1.683253907209512e-05,1.4047399591188678e-05,1.1310855330677052e-05,1.047670374634303e-05,8.516510692440262e-06,6.818195053578916e-06,4.735463035711356e-06],[0.008657660505661609,0.0007558057695496834,0.0004590067201533535,0.00027837398331350587,0.00016878822830407233,0.00012682103625467908,0.0001042136464222166,9.50082746738395e-05,8.400228160552899e-05,5.972831527612501e-19]]","[[486.28874669539056,259.27414960329753,213.03936384515686,184.23653009260758,145.06839137811886,136.90298852550637,129.07237700138333,103.17078888661877,89.65221735447119,88.90553091164806,86.5891683289304,71.28863050046226,65.68077277510008,61.69168310165961,53.970330507961606,53.302681667427414,50.78796275514989,45.00095488432484,43.021585534356205,42.339045430686994,35.99668744174552,35.466766946876426,33.97571937757405,33.727994930346064,31.154524976410887,30.35060916458369,29.260952928368337,27.047701107549777,26.29809746742937,25.425285709269765,24.80681480954793,24.356928793594285,24.12683638212423,23.55399454184446,22.34737686589061,21.723997328406305,20.87077286047728,20.188830626765483,20.055269065445508,19.35292196773006,18.432453955544425,17.740179845625764,17.047117710720165,16.869937783566197,15.79824680439517,15.043429935784632,14.580386897168548,13.70175004983193,12.861489379973637],[2.0789139495815037,0.09081302839143517,0.04802971413021129,0.04131733821687928,0.031371707434398655,0.023267894284254447,0.019446643179265984,0.017985521207602984,0.0151341915614319,0.013874203666316788,0.012754173643374306,0.010686534618054445,0.009728486152548328,0.009487384372278048,0.008675230041751072,0.008467851053424083,0.007584953489161761,0.007005150407685772,0.00656405838599315,0.00608085726628226,0.005979804661849255,0.005569688818291273,0.00517396079900261,0.004960075436160296,0.004623804127001171,0.004234792648398294,0.003968175033825651,0.003520251664808016,0.0032213959917554162,0.0027177169557840906,0.002243561836051801,0.0018221120486698807]]","[[0.01522902548423111,0.004952611253799902,0.004020435700023062,0.0036130382366523846,0.002549899354946635,0.002211137256057238,0.0020984878539769183,0.0016724568031954684,0.0014279779020564846,0.0012434354501094896,0.0010344839826471666,0.0009681463353375063,0.000762847035715871,0.0006732153278999454,0.0006454860882014427,0.0004948244630272029,0.00043704547721356034,0.00041602174624078486,0.00031397756333867693,0.0002450035561910581,0.00023041126953083404,0.00014747068199124096,0.00013003556379819495,9.975249195828162e-05,8.611607766687269e-05,6.594528279913871e-05,5.475774366338375e-05,5.0233133174324594e-05,2.5974838880825538e-05,2.2903264270994262e-05,1.7045520119956392e-05,1.4215804848074135e-05],[0.007754225573131008,0.0020804442657648098,0.001400772057216035,0.0010183998575909248,0.0007141463547650276,0.0006378986094533316,0.000530977532870307,0.0004811887622545089,0.00030157623142891457,0.00020489925668382776]]",5.039368815642822,1.2469878883022059,0.271410354095299,0.07842626032098911,0.2726665885722518,0.0001241982998792159,0.5775927247255165,0.006361093483994746,0.0195246776661455,0.01522902548423111,0.045027713910147094,0.04493309105712481,0.5167215829715133,32,7,2
39,MNISTPatchClassifier,MNIST patch filters=32 kernel=7 stride=2 lr=3e-03,1.0,0.003,Muon,1,4,512,64,2.302432321451996,5.523891305303508e-05,0.88671875,full_patch_and_classifier_activation,2.4993774270236617,1.5982480226259759,1.6188586543803876,1.6686241703619358e-05,2.9497363214671128e-05,"[[0.0056508597094884925,0.0010266812765612797,0.0005974201097910069,0.0004859560220329182,0.0003941065701075042,0.00037400863349518556,0.0002643922249804067,0.000245166995743593,0.00019847284213547623,0.00017218241313397863,0.0001521114498120952,0.00011846088351342846,9.401733980211522e-05,8.449658968770806e-05,7.339007165216402e-05,7.071683395831403e-05,6.020433340699311e-05,5.5522335902971014e-05,5.179909608491841e-05,4.170988162690713e-05,4.086497131906684e-05,3.943337116767695e-05,3.499359922351592e-05,2.7870616317036915e-05,2.69944561754304e-05,2.4392636294142937e-05,1.9896202903395133e-05,1.5792318752766153e-05,1.4988055985093126e-05,1.1143342181393092e-05,9.393074996948736e-06,5.948209330208346e-06],[0.00570514627668409,0.0007662434552147561,0.0004084830616143409,0.00027723590431532675,0.0001690131399889069,0.00012286674700721003,0.00010387479642040687,0.00010116493915856612,6.449096085132225e-05,3.98048071781222e-19]]","[[486.28874669539056,259.27414960329753,213.03936384515686,184.23653009260758,145.06839137811886,136.90298852550637,129.07237700138333,103.17078888661877,89.65221735447119,88.90553091164806,86.5891683289304,71.28863050046226,65.68077277510008,61.69168310165961,53.970330507961606,53.302681667427414,50.78796275514989,45.00095488432484,43.021585534356205,42.339045430686994,35.99668744174552,35.466766946876426,33.97571937757405,33.727994930346064,31.154524976410887,30.35060916458369,29.260952928368337,27.047701107549777,26.29809746742937,25.425285709269765,24.80681480954793,24.356928793594285,24.12683638212423,23.55399454184446,22.34737686589061,21.723997328406305,20.87077286047728,20.188830626765483,20.055269065445508,19.35292196773006,18.432453955544425,17.740179845625764,17.047117710720165,16.869937783566197,15.79824680439517,15.043429935784632,14.580386897168548,13.70175004983193,12.861489379973637],[1.4158270315235881,0.08508901133444353,0.04730754834888356,0.04218637674583344,0.032304806524981924,0.022064223658330048,0.01994236590235323,0.018138066767089157,0.015633895492822677,0.013984461825367608,0.012496352209255225,0.012033425613291591,0.011045840394874948,0.010053714816431917,0.009006718944984617,0.008897995117494615,0.008158606990618163,0.007577125020138988,0.007314239128761036,0.006752833573961737,0.006569133230496257,0.006105888532501549,0.005454000053597537,0.005353792710495003,0.0051633018378151214,0.004823427211829146,0.00445671479866301,0.004350042137615357,0.004052775834970148,0.0035120697244931057,0.003324177686804991,0.0029975948179282955]]","[[0.003000000000000002,0.003000000000000002,0.0030000000000000014,0.0030000000000000014,0.0030000000000000005,0.0030000000000000005,0.0030000000000000005,0.0030000000000000005,0.0030000000000000005,0.003,0.003,0.003,0.003,0.003,0.003,0.003,0.003,0.0029999999999999996,0.0029999999999999996,0.0029999999999999996,0.0029999999999999996,0.0029999999999999996,0.002999999999999999,0.002999999999999999,0.002999999999999999,0.0029999999999999988,0.0029999999999999988,0.0029999999999999988,0.0029999999999999983,0.0029999999999999983,0.0029999999999999975,0.0029999999999999975],[0.0030000000000000014,0.003000000000000001,0.0030000000000000005,0.0030000000000000005,0.0030000000000000005,0.0029999999999999996,0.002999999999999999,0.002999999999999999,0.002999999999999999,0.0029999999999999983]]",21.0,20.999999999999975,0.9999999999999999,0.9999999999999989,0.999999999999999,5.460571724645716e-05,0.341589862542175,0.0028086150327370396,0.019442222095223578,0.003000000000000002,0.04502771391014707,0.04722821017421569,0.5721145831048489,32,7,2
38,MNISTPatchClassifier,MNIST patch filters=32 kernel=7 stride=2 lr=3e-03,1.0,0.003,Adam,1,5,512,64,2.3022976594186586,,0.88671875,full_patch_and_classifier_activation,2.4359603464080193,1.5957691318796814,1.4716524165248441,3.448059758287147e-05,4.5654726419070634e-05,"[[0.005435841452998484,0.0013229701900434293,0.0007728184466636603,0.0005462719302243485,0.00044709040362140136,0.0003066033494329514,0.0002712106439783411,0.00021099411488648178,0.00020329990744376,0.00017185063189660885,0.00015930091320896312,0.0001321144302444813,0.00011456720246595602,8.883336516434853e-05,7.378769226777342e-05,7.287889656008999e-05,6.114470328208325e-05,5.178946831503533e-05,5.06798189673874e-05,4.394044732497959e-05,3.939921485424072e-05,3.271221917348822e-05,3.025991106815532e-05,2.5287079786710388e-05,2.4467146928959587e-05,2.00123599859818e-05,1.7837437585300387e-05,1.485561049776084e-05,1.2729290997847478e-05,9.676209362908825e-06,6.535718919740663e-06,5.3390643472240925e-06],[0.014201842356732854,0.0006879926784844182,0.00047697569430067943,0.00030185534028121707,0.0002584194873854747,0.00019809590837247722,0.00013516874715997055,8.784797755411208e-05,5.23372229210313e-05,9.858359537317207e-19]]","[[486.28874669539056,259.27414960329753,213.03936384515686,184.23653009260758,145.06839137811886,136.90298852550637,129.07237700138333,103.17078888661877,89.65221735447119,88.90553091164806,86.5891683289304,71.28863050046226,65.68077277510008,61.69168310165961,53.970330507961606,53.302681667427414,50.78796275514989,45.00095488432484,43.021585534356205,42.339045430686994,35.99668744174552,35.466766946876426,33.97571937757405,33.727994930346064,31.154524976410887,30.35060916458369,29.260952928368337,27.047701107549777,26.29809746742937,25.425285709269765,24.80681480954793,24.356928793594285,24.12683638212423,23.55399454184446,22.34737686589061,21.723997328406305,20.87077286047728,20.188830626765483,20.055269065445508,19.35292196773006,18.432453955544425,17.740179845625764,17.047117710720165,16.869937783566197,15.79824680439517,15.043429935784632,14.580386897168548,13.70175004983193,12.861489379973637],[2.424117122623153,0.08596694775575818,0.050012657006473636,0.04146209414661321,0.03093778923526003,0.02423660158430797,0.019966236684424484,0.01698029718340971,0.015156046113323985,0.0148611521505868,0.012690611386025723,0.010729362697575382,0.009521544613806485,0.00902804609242644,0.008436658308901362,0.008165056959922685,0.007227284734040478,0.006877928873958457,0.006187400365407272,0.005793923675884083,0.0056136415382279465,0.005405673946141586,0.004919154080359729,0.004812546792457855,0.004554357911175047,0.004228802184036521,0.003993705826379919,0.0032273897277974315,0.0030016300190916436,0.002436116893185492,0.0020611790369987233,0.0015915395602333659]]",,,,,,,,,,,,,,0.6321354580577463,32,7,2
39,MNISTPatchClassifier,MNIST patch filters=32 kernel=7 stride=2 lr=3e-03,1.0,0.003,Muon,1,5,512,64,2.302438789285026,,0.88671875,full_patch_and_classifier_activation,3.034718255413509,1.5983322053440103,1.8130544936545596,3.507113082140977e-05,5.545933943283687e-05,"[[0.004731045135046489,0.0012253240156085779,0.0008734414129429801,0.0005970623841443042,0.00046725725751215505,0.0004187603533083843,0.0003630809127270876,0.0002962571639557377,0.0002590524977341539,0.0001943038581653284,0.00018753170762776542,0.00017187641567752813,0.00013417548401951115,0.00010676993413827253,9.349973210760956e-05,8.507970311424089e-05,8.223685025477005e-05,6.54274278524889e-05,5.7006740167649145e-05,5.010026346170809e-05,4.182799740057398e-05,3.684615038175395e-05,3.4550575783837865e-05,3.261952829546118e-05,2.9431787226661317e-05,2.6049032101865644e-05,2.2960133431137386e-05,2.0580346378433236e-05,1.905306537862757e-05,1.5833060857108533e-05,1.1447856474973099e-05,7.504882840023401e-06],[0.008600596937640344,0.000819693726263835,0.0004285185362781596,0.0003447983045119049,0.0002762139866201923,0.0001817587862877218,0.00014052851056455207,9.78098540224413e-05,4.8660184676033165e-05,4.630506635206745e-19]]","[[486.28874669539056,259.27414960329753,213.03936384515686,184.23653009260758,145.06839137811886,136.90298852550637,129.07237700138333,103.17078888661877,89.65221735447119,88.90553091164806,86.5891683289304,71.28863050046226,65.68077277510008,61.69168310165961,53.970330507961606,53.302681667427414,50.78796275514989,45.00095488432484,43.021585534356205,42.339045430686994,35.99668744174552,35.466766946876426,33.97571937757405,33.727994930346064,31.154524976410887,30.35060916458369,29.260952928368337,27.047701107549777,26.29809746742937,25.425285709269765,24.80681480954793,24.356928793594285,24.12683638212423,23.55399454184446,22.34737686589061,21.723997328406305,20.87077286047728,20.188830626765483,20.055269065445508,19.35292196773006,18.432453955544425,17.740179845625764,17.047117710720165,16.869937783566197,15.79824680439517,15.043429935784632,14.580386897168548,13.70175004983193,12.861489379973637],[1.46320234457474,0.08806029662312274,0.052935162272685236,0.04318644189336873,0.033282475621390396,0.02354663862794735,0.020511072911726626,0.018252720885899215,0.016160723369185292,0.014499238226937553,0.012788123515123088,0.012496197724835408,0.011026653890838008,0.01038963982841103,0.009025569716463669,0.008838624282325595,0.00812338646954132,0.00788502966691034,0.007385520691138898,0.006881407279125263,0.006649690756108978,0.006161003680335409,0.005566340282912349,0.005471045040886902,0.005342775729690548,0.004779788251507141,0.004580936351443387,0.004365294501657542,0.00394235671237026,0.003356350895277917,0.00329080792739752,0.0029939457755629568]]",,,,,,,,,,,,,,0.6887465410400182,32,7,2
40,MNISTPatchClassifier,MNIST patch filters=32 kernel=7 stride=2 lr=3e-03,1.0,0.003,Adam,2,0,512,64,2.3027285849661085,0.00013421959619908108,0.91015625,full_patch_and_classifier_activation,2.4676047368358436,1.61615056709152,1.4905400258464354,4.420631943843761e-05,6.162316457201283e-05,"[[0.006739944161885941,0.0013554622177432028,0.0007807304740846001,0.0007058116335282268,0.0005770748560592277,0.0005571625192409991,0.0005030858246855994,0.0003132105977512285,0.00023278365550615416,0.00021065371330178525,0.00015963462945545775,0.00014176722316078906,0.0001346657412095064,0.00010663644471988124,9.986449355059154e-05,8.025595345985574e-05,7.530151356423491e-05,5.834247901383193e-05,5.1232917848944215e-05,4.772663074859668e-05,4.549712817881873e-05,4.119465703730828e-05,3.666086142472164e-05,3.367512444980007e-05,2.6429316069070636e-05,2.561654195357594e-05,2.0806627885294183e-05,1.7091407963710373e-05,1.6126318526655787e-05,1.3476643849289905e-05,1.1021765215244507e-05,9.179650913051523e-06],[0.009022587299957427,0.0004331601770138463,0.00034956767151209404,0.00028549840596732337,0.00022056367766624304,0.00019541803569563844,9.972697294153684e-05,7.527533617890329e-05,4.874953781871125e-05,5.105878832988805e-19]]","[[479.594662436219,256.2215144027865,214.57435727124826,182.1663032390331,147.1893296343453,139.32190980415552,128.0218411116315,104.31123832451749,91.17786453710958,88.58518655848493,87.69991284327756,71.78805371027745,66.41160128245113,60.51282591096309,54.90768178358891,53.82225475142251,50.86693472784388,45.08141675428369,43.46826899255752,41.726722814615535,36.17073074328796,35.17317960660556,34.79596058552498,33.790513624078955,30.781643480452832,30.117300271737186,29.67695385430035,27.242008436032652,26.62890718005539,25.534446741788425,25.235141306248053,24.728303700811132,23.896161758947827,23.54567329675369,22.816119472767003,21.806789524729414,20.989100163480277,20.366356389380638,19.68484364550203,19.676701640225154,18.366151746700304,17.81151699716961,17.03713031607076,16.626487042601156,15.954986087638042,15.251645792906348,14.527868570052929,13.97291848408352,13.071916837660135],[1.3611607711163936,0.09026397965198601,0.04673623285255502,0.03748295352101427,0.028632913841388816,0.025641612464914885,0.020472085867668518,0.017349010610116174,0.01611988753058177,0.015177700032598863,0.014876101513143539,0.012241898340757177,0.010789931880080199,0.010087099214720558,0.009164704233556021,0.0087234226384464,0.008286161096932174,0.0077845411525404255,0.0074007249102055715,0.007218952262714365,0.00684362516755533,0.006641374587113758,0.006484633842430192,0.0061086414338960855,0.005978248188530904,0.005423620973106302,0.005296713189874993,0.005126108161494844,0.004812715226858151,0.004706168381417396,0.0042323704652357155,0.0041470441826001484]]","[[0.016522944040225026,0.0033652060379527936,0.00303188706595786,0.002348033108478122,0.0023135720038817034,0.002023752836489643,0.0013847426253574921,0.0011424935810628934,0.0010101369265588483,0.0007985310677732219,0.0007422876486828983,2.630419399148593e-06,1.2812316600855679e-06,1.1077899516001888e-06,9.192478024893437e-07,2.912859292835441e-07,2.398333292741525e-07,1.9040007834711522e-07,1.7036231104504721e-07,1.0691511485349728e-07,1.0135902719569511e-07,8.713603264169055e-08,7.85370717574195e-08,6.386738910739805e-08,3.209951849583893e-08,1.7262063236072267e-08,1.2473387482595698e-08,9.56022019884321e-09,5.340157051357858e-09,4.420851328788977e-09,2.927646195966214e-09,2.45776158118079e-09],[0.007446344337796629,0.0017467249912064941,0.0015358950207313366,0.0012909736449754103,0.00099191460622657,0.0007573055305021215,3.3107185670680704e-08,2.720896755841923e-08,8.238678809286924e-09,7.466522972705234e-09]]",3.396129687334429,1.1527821010317332,0.2078301513827741,0.07575211200682358,0.3452826540039158,0.00013770809854565772,0.6177023060749357,0.007082940307501618,0.019442222095223588,0.016522944040225026,0.04466567272135932,0.04484785872187218,0.05855083302594721,32,7,2
41,MNISTPatchClassifier,MNIST patch filters=32 kernel=7 stride=2 lr=3e-03,1.0,0.003,Muon,2,0,512,64,2.3027285849661085,7.081062024072438e-05,0.91015625,full_patch_and_classifier_activation,2.4676047368358436,1.61615056709152,1.4905400258464354,4.420631943843761e-05,6.162316457201283e-05,"[[0.006739944161885941,0.0013554622177432028,0.0007807304740846001,0.0007058116335282268,0.0005770748560592277,0.0005571625192409991,0.0005030858246855994,0.0003132105977512285,0.00023278365550615416,0.00021065371330178525,0.00015963462945545775,0.00014176722316078906,0.0001346657412095064,0.00010663644471988124,9.986449355059154e-05,8.025595345985574e-05,7.530151356423491e-05,5.834247901383193e-05,5.1232917848944215e-05,4.772663074859668e-05,4.549712817881873e-05,4.119465703730828e-05,3.666086142472164e-05,3.367512444980007e-05,2.6429316069070636e-05,2.561654195357594e-05,2.0806627885294183e-05,1.7091407963710373e-05,1.6126318526655787e-05,1.3476643849289905e-05,1.1021765215244507e-05,9.179650913051523e-06],[0.009022587299957427,0.0004331601770138463,0.00034956767151209404,0.00028549840596732337,0.00022056367766624304,0.00019541803569563844,9.972697294153684e-05,7.527533617890329e-05,4.874953781871125e-05,5.105878832988805e-19]]","[[479.594662436219,256.2215144027865,214.57435727124826,182.1663032390331,147.1893296343453,139.32190980415552,128.0218411116315,104.31123832451749,91.17786453710958,88.58518655848493,87.69991284327756,71.78805371027745,66.41160128245113,60.51282591096309,54.90768178358891,53.82225475142251,50.86693472784388,45.08141675428369,43.46826899255752,41.726722814615535,36.17073074328796,35.17317960660556,34.79596058552498,33.790513624078955,30.781643480452832,30.117300271737186,29.67695385430035,27.242008436032652,26.62890718005539,25.534446741788425,25.235141306248053,24.728303700811132,23.896161758947827,23.54567329675369,22.816119472767003,21.806789524729414,20.989100163480277,20.366356389380638,19.68484364550203,19.676701640225154,18.366151746700304,17.81151699716961,17.03713031607076,16.626487042601156,15.954986087638042,15.251645792906348,14.527868570052929,13.97291848408352,13.071916837660135],[1.3611607711163936,0.09026397965198601,0.04673623285255502,0.03748295352101427,0.028632913841388816,0.025641612464914885,0.020472085867668518,0.017349010610116174,0.01611988753058177,0.015177700032598863,0.014876101513143539,0.012241898340757177,0.010789931880080199,0.010087099214720558,0.009164704233556021,0.0087234226384464,0.008286161096932174,0.0077845411525404255,0.0074007249102055715,0.007218952262714365,0.00684362516755533,0.006641374587113758,0.006484633842430192,0.0061086414338960855,0.005978248188530904,0.005423620973106302,0.005296713189874993,0.005126108161494844,0.004812715226858151,0.004706168381417396,0.0042323704652357155,0.0041470441826001484]]","[[0.003000000000000002,0.003000000000000002,0.003000000000000002,0.0030000000000000014,0.0030000000000000014,0.003000000000000001,0.003000000000000001,0.003000000000000001,0.003000000000000001,0.003000000000000001,0.003000000000000001,0.0030000000000000005,0.0030000000000000005,0.003,0.003,0.003,0.003,0.003,0.003,0.003,0.003,0.003,0.0029999999999999996,0.0029999999999999996,0.0029999999999999996,0.0029999999999999996,0.0029999999999999996,0.002999999999999999,0.002999999999999999,0.002999999999999999,0.002999999999999999,0.0029999999999999988],[0.003000000000000002,0.003000000000000001,0.003,0.003,0.0029999999999999996,0.0029999999999999996,0.0029999999999999988,0.0029999999999999988,0.0029999999999999988,0.0029999999999999983]]",20.999999999999996,20.99999999999998,1.0,0.9999999999999989,0.9999999999999989,7.187601251621077e-05,0.32240644632831095,0.0036969031710561893,0.01944222209522358,0.003000000000000002,0.04466567272135931,0.04808385461990575,0.11475533293560147,32,7,2
40,MNISTPatchClassifier,MNIST patch filters=32 kernel=7 stride=2 lr=3e-03,1.0,0.003,Adam,2,1,512,64,2.30254891364178,0.00012083341304869322,0.91015625,full_patch_and_classifier_activation,2.397952092971096,1.6161920968871735,1.4970582326919641,3.76072193824697e-05,5.7635985667263907e-05,"[[0.006834411084781239,0.00142143939802968,0.0009309748181241044,0.0006222257216962169,0.0005594860448242269,0.00045337541203803103,0.0003743272587337134,0.00027376905928344994,0.00017375104377879118,0.00015534781268321558,0.00014930844498867263,0.00011549266610433256,0.0001059608373958827,8.750827425459453e-05,8.127781528322304e-05,7.045416389439029e-05,5.868204696590173e-05,5.4739933459290386e-05,5.215434886514969e-05,4.669798202718867e-05,4.061230365647272e-05,2.9882282258309827e-05,2.6904345859077792e-05,2.583397407008919e-05,2.2528379987180032e-05,1.7943698670416573e-05,1.6895828891727364e-05,1.4105571829747265e-05,1.261245260478123e-05,1.15859388916653e-05,8.982191842387523e-06,7.045665212727772e-06],[0.008287306459045744,0.0006536915754536254,0.00048291356948424586,0.0002894067379643751,0.00021052552818391214,0.00016663771393093124,0.000112875209589588,0.00010276245157368481,6.043344988671944e-05,8.2000702744877835e-19]]","[[479.594662436219,256.2215144027865,214.57435727124826,182.1663032390331,147.1893296343453,139.32190980415552,128.0218411116315,104.31123832451749,91.17786453710958,88.58518655848493,87.69991284327756,71.78805371027745,66.41160128245113,60.51282591096309,54.90768178358891,53.82225475142251,50.86693472784388,45.08141675428369,43.46826899255752,41.726722814615535,36.17073074328796,35.17317960660556,34.79596058552498,33.790513624078955,30.781643480452832,30.117300271737186,29.67695385430035,27.242008436032652,26.62890718005539,25.534446741788425,25.235141306248053,24.728303700811132,23.896161758947827,23.54567329675369,22.816119472767003,21.806789524729414,20.989100163480277,20.366356389380638,19.68484364550203,19.676701640225154,18.366151746700304,17.81151699716961,17.03713031607076,16.626487042601156,15.954986087638042,15.251645792906348,14.527868570052929,13.97291848408352,13.071916837660135],[1.3596564370545505,0.09309455798742776,0.04515188049634561,0.036916496129362486,0.027449158852830082,0.024449568269188076,0.019765055722822802,0.017208208361564812,0.016487709138494417,0.015147901800862788,0.01331862291214189,0.012214005411778407,0.01123772426192839,0.010065612547292175,0.009307288784982498,0.009124500829276173,0.008305889987537065,0.007673631706122302,0.0073093438679095665,0.006987346781336837,0.006912916477103277,0.006477927506079711,0.0059459150928692,0.0058106227970775755,0.005535849778263504,0.005461743407426234,0.005203581843023821,0.004905779153132083,0.004633180900669663,0.004262886902982023,0.003883992294080247,0.0034821475718583078]]","[[0.016489671122690956,0.004168266866341467,0.0031160942807677235,0.002484021749944686,0.0020345307156215617,0.00167004606545206,0.001436744435958944,0.001085840971700402,0.0009146869890737645,0.0007712951779127564,0.0006256254339259913,0.0005580844374425464,0.00048367156720729385,0.00043073096245588034,0.0003808722890464555,0.0003044483858126616,0.00027877863183487276,0.0002191806559029423,0.0001786235358783262,0.00014297373795797865,9.547608043340651e-05,8.23965301843117e-05,7.501482351824185e-05,6.709649960924647e-05,5.879918486748144e-05,5.050601617398091e-05,3.913215253948594e-05,3.006457954808057e-05,1.8252084843389032e-05,1.7753665807123865e-05,1.2827871570773257e-05,2.2100533607654116e-06],[0.007443330598288066,0.0020035759071712904,0.0015249968234281792,0.0008857768361216323,0.0006753315003829006,0.0004610779538907172,0.0002655168157238705,0.00025285995359078156,0.00017649666457668893,5.8393064955085915e-05]]",3.79808652417307,1.157237452834616,0.22121504911321088,0.07547882970386083,0.3186154291999579,0.00012409500582035015,0.5789183069413741,0.0063516961807147596,0.019537301893804638,0.016489671122690956,0.04485864919342922,0.04495537128588053,0.175342874834314,32,7,2
41,MNISTPatchClassifier,MNIST patch filters=32 kernel=7 stride=2 lr=3e-03,1.0,0.003,Muon,2,1,512,64,2.302575839128829,6.950551485340739e-05,0.91015625,full_patch_and_classifier_activation,2.410845267655748,1.6162314648396454,1.5022980297833286,3.731167277855874e-05,5.711053180695571e-05,"[[0.007004973915115196,0.0013460151082671954,0.0009591468847779265,0.0006488227747309681,0.0006314481456447665,0.0005089977336664235,0.0003722619392291882,0.00030079419132365343,0.00019972726292930733,0.00015794576586310296,0.00014568303225073238,0.0001358217500677309,0.00011456372229194233,9.033828031992685e-05,8.290388171512907e-05,7.370283755946553e-05,6.175959511958918e-05,5.981403096129359e-05,4.957873210891687e-05,4.08841535511645e-05,3.8887916278953186e-05,3.314458396668908e-05,2.456225473037831e-05,2.155839624786176e-05,2.0075638353617914e-05,1.9205572316053737e-05,1.740437981694881e-05,1.5561973028306456e-05,1.2297036454631071e-05,1.0908686511247265e-05,7.329702143293225e-06,7.050818991805974e-06],[0.008087950747063923,0.0006080752303774808,0.0004826699083348397,0.00028572594961818646,0.00020432758666816053,0.00017470700361904952,0.00011245366287113422,9.587587867330989e-05,5.7736189739956674e-05,6.43572493764579e-19]]","[[479.594662436219,256.2215144027865,214.57435727124826,182.1663032390331,147.1893296343453,139.32190980415552,128.0218411116315,104.31123832451749,91.17786453710958,88.58518655848493,87.69991284327756,71.78805371027745,66.41160128245113,60.51282591096309,54.90768178358891,53.82225475142251,50.86693472784388,45.08141675428369,43.46826899255752,41.726722814615535,36.17073074328796,35.17317960660556,34.79596058552498,33.790513624078955,30.781643480452832,30.117300271737186,29.67695385430035,27.242008436032652,26.62890718005539,25.534446741788425,25.235141306248053,24.728303700811132,23.896161758947827,23.54567329675369,22.816119472767003,21.806789524729414,20.989100163480277,20.366356389380638,19.68484364550203,19.676701640225154,18.366151746700304,17.81151699716961,17.03713031607076,16.626487042601156,15.954986087638042,15.251645792906348,14.527868570052929,13.97291848408352,13.071916837660135],[1.3319788891449031,0.08946665375371285,0.04588720670153453,0.03727352873503382,0.027703000094335763,0.02534098215343489,0.020044253119223,0.017162825931108724,0.015457937357211946,0.015086557041752623,0.014688327842789787,0.012001083809565341,0.010724449247654038,0.0098722222347964,0.009165041946945184,0.008611856973504296,0.008331836262953607,0.007746932634960746,0.007267488674844377,0.00709937445919101,0.006943040805410446,0.006476441782514247,0.006365019291189703,0.006052020924734645,0.0059448866129623934,0.005424448037728971,0.005341056452458672,0.004911264667696133,0.004774990647684039,0.00469488104972064,0.004105430813463569,0.004091223579147842]]","[[0.003000000000000001,0.0030000000000000005,0.0030000000000000005,0.0030000000000000005,0.0030000000000000005,0.0030000000000000005,0.0030000000000000005,0.003,0.003,0.003,0.003,0.003,0.003,0.003,0.003,0.0029999999999999996,0.0029999999999999996,0.0029999999999999996,0.0029999999999999996,0.0029999999999999996,0.0029999999999999996,0.0029999999999999988,0.0029999999999999988,0.0029999999999999988,0.0029999999999999988,0.0029999999999999988,0.0029999999999999988,0.0029999999999999988,0.0029999999999999983,0.0029999999999999983,0.0029999999999999983,0.0029999999999999975],[0.003000000000000002,0.003000000000000002,0.003000000000000002,0.003000000000000001,0.0030000000000000005,0.003,0.0029999999999999996,0.0029999999999999996,0.0029999999999999996,0.0029999999999999988]]",21.0,20.999999999999986,1.0,0.9999999999999993,0.9999999999999993,6.996807855989831e-05,0.329261574004159,0.0035987696374010416,0.019442222095223588,0.003000000000000002,0.044858649193429224,0.048272995439006317,0.2326064168009907,32,7,2
40,MNISTPatchClassifier,MNIST patch filters=32 kernel=7 stride=2 lr=3e-03,1.0,0.003,Adam,2,2,512,64,2.3024855638302877,9.436557806230539e-05,0.88671875,full_patch_and_classifier_activation,2.2688021195517925,1.6156125687386529,1.4192222003474333,3.952525340533763e-05,5.7662089219813874e-05,"[[0.006669426336759902,0.001130561381562618,0.0007636337323259481,0.0005300519886046834,0.0004924757210358259,0.00041895890868256754,0.00028855962076367237,0.0002582736497739251,0.00020987076819574678,0.00015658593850121714,0.00013799825630475898,0.00012196768470831493,0.00011938956802788069,9.022472525888703e-05,8.418577825321131e-05,7.895062788523597e-05,6.397336188069288e-05,5.9529174860179523e-05,5.56956301023006e-05,4.872386859243157e-05,4.4475509329635715e-05,3.8192005009911746e-05,3.259002605402069e-05,2.908948573749229e-05,2.522397960012423e-05,2.142377528024892e-05,2.109019352498227e-05,2.0137680391711027e-05,1.486254454381944e-05,1.2102964783539082e-05,8.33847173467071e-06,6.07359463818094e-06],[0.009002283935631558,0.0007741102761013046,0.0003176573798783032,0.0002659099131952774,0.00017095589664227828,0.0001628228875146475,0.00012720187556767573,0.00010263587406498727,4.7541244588741436e-05,6.331334973406636e-19]]","[[479.594662436219,256.2215144027865,214.57435727124826,182.1663032390331,147.1893296343453,139.32190980415552,128.0218411116315,104.31123832451749,91.17786453710958,88.58518655848493,87.69991284327756,71.78805371027745,66.41160128245113,60.51282591096309,54.90768178358891,53.82225475142251,50.86693472784388,45.08141675428369,43.46826899255752,41.726722814615535,36.17073074328796,35.17317960660556,34.79596058552498,33.790513624078955,30.781643480452832,30.117300271737186,29.67695385430035,27.242008436032652,26.62890718005539,25.534446741788425,25.235141306248053,24.728303700811132,23.896161758947827,23.54567329675369,22.816119472767003,21.806789524729414,20.989100163480277,20.366356389380638,19.68484364550203,19.676701640225154,18.366151746700304,17.81151699716961,17.03713031607076,16.626487042601156,15.954986087638042,15.251645792906348,14.527868570052929,13.97291848408352,13.071916837660135],[1.4394512833004847,0.09366006454785013,0.043404588491654704,0.03530605007538504,0.026005540153835053,0.022099203937469645,0.01927761636042185,0.017951597069859805,0.01676239559469684,0.014276928728171436,0.012275135040071572,0.011118890487410903,0.010600516849457361,0.01015191968310103,0.009425850380126229,0.009212795240424908,0.008092202917793239,0.007318773584697413,0.0071748618565550875,0.006625714877585996,0.006344850286993496,0.006099893999076861,0.005800278283626619,0.005549872907346084,0.005398069620003877,0.005176285223904892,0.0050234623714784455,0.004557310165511833,0.0041985015875651436,0.003741820215620971,0.003283534753650841,0.0028413993653466866]]","[[0.0164310892667049,0.004533964440749081,0.0030236442491359213,0.0027908006939573863,0.0020674431907917344,0.0018725942186683371,0.0015307411658808804,0.0012355856470489589,0.0010046204889302185,0.0008316333620382223,0.0007627165163012196,0.0006400230683022397,0.0006033581436239714,0.0004812263138990741,0.00041699761448303195,0.00038174172460628237,0.0003520170596441252,0.0003136826148714113,0.0002731998931857792,0.0001990903155550885,0.0001845666586705503,0.0001529190813336657,0.0001260644991270197,0.0001031162452656961,7.37754002912487e-05,6.971824754798236e-05,5.812362406822288e-05,5.277953649869268e-05,4.2923862549354616e-05,4.063671555525057e-05,3.3129937738765444e-05,2.296223592444565e-05],[0.007528042475185966,0.00125466526756995,0.0011099379037317685,0.000563827188086514,0.0005362764977162669,0.0004428092405822448,0.0003473107431097465,0.00022893860755244922,0.00017902491813904416,0.00010121110420983127]]",3.8125806468643804,1.1322337300072012,0.20500004453658272,0.07207624017049327,0.3304165571335281,9.512233391624177e-05,0.42716589393464616,0.004856320228750225,0.019587327325142543,0.0164310892667049,0.04489216636180894,0.04460684500146209,0.2918275829870254,32,7,2
41,MNISTPatchClassifier,MNIST patch filters=32 kernel=7 stride=2 lr=3e-03,1.0,0.003,Muon,2,2,512,64,2.302483005301004,6.997402916608664e-05,0.91015625,full_patch_and_classifier_activation,2.5099848900478183,1.6162586467906064,1.5363167164408467,3.988659060467433e-05,5.9512374341573326e-05,"[[0.006473314541305264,0.0013106584564389061,0.0009343354404860014,0.0006182377716752154,0.0005826281179171327,0.0004705715831263462,0.0003367538246766078,0.0003010719310253571,0.00025154108112956475,0.00020457652102496386,0.00014747530035301863,0.00013376534149869102,0.00011368252707874422,0.00010961085716708547,9.36480160364614e-05,7.703295351705313e-05,7.080522104436261e-05,6.424417494096894e-05,5.529091092948222e-05,5.137741649296751e-05,4.4670654483165753e-05,4.051685499181299e-05,3.6601784227163003e-05,3.268168534759825e-05,2.6037341375013132e-05,2.5006130254741286e-05,2.234051555852658e-05,1.8620113027919985e-05,1.6854886180726218e-05,1.1940528408320183e-05,1.0777730454334313e-05,8.113215591803933e-06],[0.008416066557300204,0.0007574693960922086,0.0003116444376301359,0.00027918464194543564,0.00020082717706042206,0.00015055984144204712,0.00014050941946476284,7.956400372302476e-05,5.01861638833e-05,5.0608757904892615e-19]]","[[479.594662436219,256.2215144027865,214.57435727124826,182.1663032390331,147.1893296343453,139.32190980415552,128.0218411116315,104.31123832451749,91.17786453710958,88.58518655848493,87.69991284327756,71.78805371027745,66.41160128245113,60.51282591096309,54.90768178358891,53.82225475142251,50.86693472784388,45.08141675428369,43.46826899255752,41.726722814615535,36.17073074328796,35.17317960660556,34.79596058552498,33.790513624078955,30.781643480452832,30.117300271737186,29.67695385430035,27.242008436032652,26.62890718005539,25.534446741788425,25.235141306248053,24.728303700811132,23.896161758947827,23.54567329675369,22.816119472767003,21.806789524729414,20.989100163480277,20.366356389380638,19.68484364550203,19.676701640225154,18.366151746700304,17.81151699716961,17.03713031607076,16.626487042601156,15.954986087638042,15.251645792906348,14.527868570052929,13.97291848408352,13.071916837660135],[1.340473183611188,0.09069290264664864,0.04712482965636899,0.037194242739297376,0.02757224706991995,0.025415143191479493,0.01981285028591304,0.017114117229549006,0.015190326321766968,0.015068534647693642,0.014474365649517384,0.011838561727181346,0.010881327271887366,0.009769785326925058,0.00924529567812436,0.00849775614349959,0.00827386701710314,0.007785374288793924,0.00722918051424195,0.00717104793194438,0.0068156195055065144,0.006543656892314088,0.006380616473506639,0.00595076614551962,0.005913720056678165,0.005409209528964223,0.005382654339806659,0.004827921053681364,0.004787100267828131,0.004675122319773424,0.00411061728248453,0.004042633407650213]]","[[0.0030000000000000022,0.003000000000000002,0.0030000000000000014,0.003000000000000001,0.003000000000000001,0.003000000000000001,0.003000000000000001,0.0030000000000000005,0.0030000000000000005,0.0030000000000000005,0.003,0.003,0.0029999999999999996,0.0029999999999999996,0.0029999999999999996,0.0029999999999999996,0.0029999999999999996,0.0029999999999999996,0.002999999999999999,0.002999999999999999,0.002999999999999999,0.002999999999999999,0.0029999999999999988,0.0029999999999999988,0.0029999999999999988,0.0029999999999999988,0.0029999999999999983,0.0029999999999999983,0.0029999999999999983,0.0029999999999999983,0.0029999999999999983,0.002999999999999998],[0.003000000000000002,0.003,0.0029999999999999996,0.0029999999999999996,0.0029999999999999996,0.0029999999999999996,0.0029999999999999996,0.002999999999999999,0.002999999999999999,0.002999999999999999]]",21.0,20.999999999999968,0.9999999999999999,0.9999999999999986,0.9999999999999987,6.924238519892061e-05,0.3285257902379953,0.0035614439985196733,0.01944222209522358,0.0030000000000000022,0.04489216636180895,0.04823406087913239,0.3479821248911321,32,7,2
40,MNISTPatchClassifier,MNIST patch filters=32 kernel=7 stride=2 lr=3e-03,1.0,0.003,Adam,2,3,512,64,2.3024311869022824,0.00012326633666503994,0.888671875,full_patch_and_classifier_activation,2.1456694324209806,1.6145814093781934,1.3296317752577234,4.5624546512666775e-05,6.074842268757788e-05,"[[0.007203286329067495,0.0010816530651411769,0.0008443909690628485,0.0007889110784973728,0.0005971756988589035,0.00043032429557587367,0.0003030193952168673,0.00023020039148361615,0.0001740366285582258,0.0001288982178302619,0.00011988022587166013,0.00011196927750725876,9.933148918517032e-05,8.57132878932266e-05,8.038350114220829e-05,6.381557293002849e-05,5.7373240304347216e-05,4.932596142305312e-05,4.64428278501032e-05,3.912317358346426e-05,3.5179731704530546e-05,3.41790589286924e-05,2.6249784033812522e-05,2.18080462261721e-05,2.065888708621192e-05,1.8941489268774825e-05,1.7207530149617877e-05,1.4197808420511995e-05,1.3092903580735629e-05,1.202410347201417e-05,9.311425077473291e-06,8.082065644957472e-06],[0.010889817011128582,0.0005124210457364342,0.00047437335426205046,0.0002497554280134037,0.000163712658189801,0.00013063223936178798,0.00010355761342072277,5.476975588604259e-05,5.285457139455273e-05,1.0598096253652e-18]]","[[479.594662436219,256.2215144027865,214.57435727124826,182.1663032390331,147.1893296343453,139.32190980415552,128.0218411116315,104.31123832451749,91.17786453710958,88.58518655848493,87.69991284327756,71.78805371027745,66.41160128245113,60.51282591096309,54.90768178358891,53.82225475142251,50.86693472784388,45.08141675428369,43.46826899255752,41.726722814615535,36.17073074328796,35.17317960660556,34.79596058552498,33.790513624078955,30.781643480452832,30.117300271737186,29.67695385430035,27.242008436032652,26.62890718005539,25.534446741788425,25.235141306248053,24.728303700811132,23.896161758947827,23.54567329675369,22.816119472767003,21.806789524729414,20.989100163480277,20.366356389380638,19.68484364550203,19.676701640225154,18.366151746700304,17.81151699716961,17.03713031607076,16.626487042601156,15.954986087638042,15.251645792906348,14.527868570052929,13.97291848408352,13.071916837660135],[1.6163567595873551,0.08951650250518577,0.04196755357084447,0.033671203994342265,0.02553588876909431,0.0192371961976487,0.01865162441593931,0.01764847938677084,0.01570199787774297,0.013197841030507586,0.01211814572997809,0.010691475133432325,0.009768580209468667,0.009095754664744313,0.009034500957737866,0.008742081139103155,0.0074974858928318925,0.006995840981198397,0.006721983175584489,0.0064478774832888676,0.005986080272835526,0.00568496852423611,0.00546798116915854,0.005271902390253204,0.004957675985694471,0.004858076458401185,0.004644758905071403,0.004253398283392844,0.003907171984805517,0.0033953997081140664,0.002871481913588267,0.00209175402476152]]","[[0.016564154150839762,0.004655768294107445,0.002746725291888632,0.0025256904796839437,0.0020224592314553383,0.0018955136316589443,0.0015449890371090228,0.001365581135847837,0.0011967164501847807,0.0010235074237292597,0.0008102696578689299,0.0007437099422107115,0.0006723332700345391,0.0006046485160470657,0.00046816742788354914,0.0003952277377797337,0.0003457182871503075,0.0002642837270816042,0.00022236725622280687,0.00018921202021816212,0.00017011538481067953,0.00015248857073810965,0.0001340958612397496,0.00011489484540595702,0.000108652055217488,7.056575662680765e-05,6.02451829450839e-05,5.058321962317518e-05,4.37744968346983e-05,3.8358913413624516e-05,3.196407084379907e-05,2.4622484609854282e-05],[0.007282564481017446,0.0013582404523735656,0.0009879895265314247,0.0006876405756488145,0.000553882367121964,0.00040639128711329216,0.00037832731975566116,0.0002784704667784567,0.0002463706271276904,0.00010181245753598416]]",3.92232051942039,1.1344781495318843,0.21339103758281447,0.07245728305486748,0.3183300727596297,0.00012098232025732668,0.4673466500026951,0.006171702606954007,0.019602746269888158,0.016564154150839762,0.044753318918793805,0.044023893031804304,0.40835933294147253,32,7,2
41,MNISTPatchClassifier,MNIST patch filters=32 kernel=7 stride=2 lr=3e-03,1.0,0.003,Muon,2,3,512,64,2.3026181005592488,7.449248099344885e-05,0.896484375,full_patch_and_classifier_activation,2.4818094920765703,1.6161769967633524,1.5030679589825975,4.6456666728078634e-05,6.580695425249935e-05,"[[0.007080751791682207,0.0011350164630960571,0.0010398937195492273,0.0008612026320268442,0.0008168493163048895,0.0006255452251486975,0.00036589531564808046,0.000317155344341612,0.0002316359821750249,0.0001930397193576417,0.00016661287167926394,0.00015718814095531708,0.00012384437491291727,0.00011103582527532464,9.479611906252188e-05,8.013017995593307e-05,7.245087424997446e-05,6.76151787697104e-05,6.239009063404273e-05,4.7378052851768046e-05,4.337146898518556e-05,3.901529673934218e-05,3.462331684496424e-05,2.663340856087019e-05,2.4460093780476924e-05,1.9967061884067515e-05,1.739633256081864e-05,1.703355268424868e-05,1.2503004229987314e-05,9.780709242968723e-06,9.584083814775782e-06,7.168320324891314e-06],[0.009327303901578073,0.0005892716229406253,0.0004448039821851856,0.0002707250218474159,0.00019576452573540466,0.00012843360463121956,9.200388282306847e-05,8.405552759123133e-05,6.052865022418403e-05,9.627296137396859e-19]]","[[479.594662436219,256.2215144027865,214.57435727124826,182.1663032390331,147.1893296343453,139.32190980415552,128.0218411116315,104.31123832451749,91.17786453710958,88.58518655848493,87.69991284327756,71.78805371027745,66.41160128245113,60.51282591096309,54.90768178358891,53.82225475142251,50.86693472784388,45.08141675428369,43.46826899255752,41.726722814615535,36.17073074328796,35.17317960660556,34.79596058552498,33.790513624078955,30.781643480452832,30.117300271737186,29.67695385430035,27.242008436032652,26.62890718005539,25.534446741788425,25.235141306248053,24.728303700811132,23.896161758947827,23.54567329675369,22.816119472767003,21.806789524729414,20.989100163480277,20.366356389380638,19.68484364550203,19.676701640225154,18.366151746700304,17.81151699716961,17.03713031607076,16.626487042601156,15.954986087638042,15.251645792906348,14.527868570052929,13.97291848408352,13.071916837660135],[1.373898303462435,0.09243220237912483,0.04779865571363352,0.038084434664273956,0.02828954628283193,0.02527453600832119,0.019271083691096386,0.017039743150032125,0.01568620423127694,0.014949604012929963,0.014257181293018764,0.011777426719200177,0.011195164986138262,0.00971854168386291,0.009403481917985866,0.008852321195530612,0.008322488392674658,0.007816368759683822,0.007475323492122482,0.007311707810583696,0.006723199201858604,0.006392237344832459,0.006294553307993816,0.0060765354627526,0.005930569527627181,0.005472452571900424,0.0053182926523033976,0.00484043988932922,0.0047153505865740845,0.004672201000908443,0.004241082871331194,0.004218763073202475]]","[[0.0030000000000000022,0.003000000000000002,0.003000000000000002,0.0030000000000000014,0.0030000000000000014,0.003000000000000001,0.003000000000000001,0.003000000000000001,0.0030000000000000005,0.0030000000000000005,0.0030000000000000005,0.0030000000000000005,0.0030000000000000005,0.0030000000000000005,0.0030000000000000005,0.003,0.003,0.003,0.003,0.003,0.003,0.003,0.003,0.003,0.0029999999999999996,0.0029999999999999996,0.0029999999999999996,0.0029999999999999996,0.002999999999999999,0.0029999999999999988,0.0029999999999999983,0.002999999999999998],[0.0030000000000000014,0.0030000000000000014,0.0030000000000000005,0.0030000000000000005,0.0030000000000000005,0.0030000000000000005,0.0030000000000000005,0.0029999999999999996,0.002999999999999999,0.002999999999999998]]",20.999999999999996,20.999999999999975,1.0,0.9999999999999989,0.9999999999999989,7.531456376065818e-05,0.3245741331129625,0.0038737631630677083,0.01944222209522358,0.0030000000000000022,0.04475331891879381,0.04810573967728428,0.46411183290183544,32,7,2
40,MNISTPatchClassifier,MNIST patch filters=32 kernel=7 stride=2 lr=3e-03,1.0,0.003,Adam,2,4,512,64,2.3023503280997013,0.00013769186918022314,0.888671875,full_patch_and_classifier_activation,1.9390907938147801,1.613703818043015,1.2373998080591204,3.3078975343569924e-05,4.4060734606870155e-05,"[[0.007118511308784104,0.0007816746925720267,0.0006442856670951247,0.0005012432613942958,0.0004367666259284398,0.00034814488284238426,0.00027628923523796505,0.00016813493240331012,0.00015605727682829244,0.00014679626070796247,0.00012478385628937141,0.00011718254663511333,9.722640964187667e-05,8.248149739402676e-05,7.249871960821074e-05,7.027965059617201e-05,5.3385817852312795e-05,5.182135050975251e-05,4.235318498229971e-05,4.028528025150283e-05,3.245318651841358e-05,2.9407943459213235e-05,2.875138466832342e-05,2.4745438033354554e-05,2.1593735636090734e-05,1.897175436036013e-05,1.6965442200621607e-05,1.2939659361140004e-05,1.0562165841857196e-05,9.776034870322785e-06,7.76185798880101e-06,4.798769677742169e-06],[0.01065587173399251,0.0004601692379069757,0.00034084508372363674,0.00030198937295103075,0.00017955375415352768,0.00016910437133450454,0.00011505369147517567,7.574284235152539e-05,4.9230841191325676e-05,6.793411447649852e-19]]","[[479.594662436219,256.2215144027865,214.57435727124826,182.1663032390331,147.1893296343453,139.32190980415552,128.0218411116315,104.31123832451749,91.17786453710958,88.58518655848493,87.69991284327756,71.78805371027745,66.41160128245113,60.51282591096309,54.90768178358891,53.82225475142251,50.86693472784388,45.08141675428369,43.46826899255752,41.726722814615535,36.17073074328796,35.17317960660556,34.79596058552498,33.790513624078955,30.781643480452832,30.117300271737186,29.67695385430035,27.242008436032652,26.62890718005539,25.534446741788425,25.235141306248053,24.728303700811132,23.896161758947827,23.54567329675369,22.816119472767003,21.806789524729414,20.989100163480277,20.366356389380638,19.68484364550203,19.676701640225154,18.366151746700304,17.81151699716961,17.03713031607076,16.626487042601156,15.954986087638042,15.251645792906348,14.527868570052929,13.97291848408352,13.071916837660135],[1.8568257396339793,0.08277683500661777,0.0407489264983765,0.03314754515312901,0.02583156402635715,0.02011245089726638,0.017961359117903124,0.014987450185149397,0.014398861385582787,0.012496056663300543,0.011547056399831859,0.010055193728060942,0.009176768578420593,0.008616784991303738,0.008115217864848643,0.007792494226782292,0.006819722757973049,0.006598576115621645,0.0063408344865727075,0.006148548580079723,0.005978980010423704,0.0053973864155319,0.005052197964162979,0.004621670905135779,0.004466132838149045,0.004251181878309748,0.00418955698326267,0.0039167298929534775,0.0036247222125984965,0.002888432170291573,0.002466786820006922,0.0014790855599439798]]","[[0.016988637281258052,0.004092670936000713,0.002558734990686592,0.0023888289697104738,0.002003057837606722,0.0018176732652251271,0.0015292818375399254,0.0013787333959591277,0.0011272963912225327,0.0009579032234468741,0.0007320314534140101,0.0006907265650574871,0.0006201215491062636,0.0005813255768776315,0.00046234459301233195,0.00040340429847331773,0.00036038866120947824,0.00024972512435362723,0.00020241701499276637,0.0001731821751184826,0.00014749080395752074,0.00013906491758814378,0.00011486446029529594,0.00010136519314688903,8.116735966510226e-05,7.347778528942366e-05,5.26150072993703e-05,4.985673018744025e-05,4.6102490988516696e-05,3.313009509157878e-05,2.158943332964949e-05,2.0469622103196953e-05],[0.007021894092480232,0.0016153209884083213,0.0011485041477843638,0.0008217654662938353,0.0006003395010268346,0.0005060028880606441,0.0004386513539373398,0.0003240786735384226,0.0002263747516666592,0.00011517408154530071]]",3.917159760239744,1.1349253796710599,0.22530877507833214,0.07373299520099298,0.305409676689363,0.0001330044132349482,0.5227618575135228,0.006746092307828606,0.019715771318545582,0.016988637281258052,0.044758975830664634,0.04367509420305799,0.5244805419351906,32,7,2
41,MNISTPatchClassifier,MNIST patch filters=32 kernel=7 stride=2 lr=3e-03,1.0,0.003,Muon,2,4,512,64,2.3025459955512533,6.352858566582853e-05,0.91015625,full_patch_and_classifier_activation,2.487884874012122,1.6162839408327003,1.5246014135945587,3.390266666819494e-05,5.03656619563485e-05,"[[0.005939252071259275,0.0009037589451020781,0.0007473880104489864,0.0006458331924586126,0.0005767129722529559,0.000533456848226713,0.00035047820280989316,0.0002189587605463896,0.0002098475700200325,0.00018203538053127583,0.00014169477288756457,0.00012420016427755243,0.00010487843376103609,9.27081188228045e-05,9.141857455624083e-05,8.480941538916006e-05,7.611386102369118e-05,7.084827903207877e-05,5.9837970805669086e-05,5.14979949998565e-05,4.63435259885291e-05,4.581661920891326e-05,4.121233428142644e-05,3.200242494035184e-05,2.504972320018715e-05,2.224325155343994e-05,1.832188366550505e-05,1.7329878189596936e-05,1.4116810489785878e-05,1.3410574552939724e-05,1.0558114917036507e-05,7.105549623402925e-06],[0.007918657783234265,0.0004482284945560352,0.0004218566035246419,0.0003013176953477535,0.00020343300471643375,0.00017913676773512242,0.00011664067142945734,8.454336527764278e-05,6.394397776930768e-05,1.0080707981919124e-18]]","[[479.594662436219,256.2215144027865,214.57435727124826,182.1663032390331,147.1893296343453,139.32190980415552,128.0218411116315,104.31123832451749,91.17786453710958,88.58518655848493,87.69991284327756,71.78805371027745,66.41160128245113,60.51282591096309,54.90768178358891,53.82225475142251,50.86693472784388,45.08141675428369,43.46826899255752,41.726722814615535,36.17073074328796,35.17317960660556,34.79596058552498,33.790513624078955,30.781643480452832,30.117300271737186,29.67695385430035,27.242008436032652,26.62890718005539,25.534446741788425,25.235141306248053,24.728303700811132,23.896161758947827,23.54567329675369,22.816119472767003,21.806789524729414,20.989100163480277,20.366356389380638,19.68484364550203,19.676701640225154,18.366151746700304,17.81151699716961,17.03713031607076,16.626487042601156,15.954986087638042,15.251645792906348,14.527868570052929,13.97291848408352,13.071916837660135],[1.3661354462229465,0.09282972193207131,0.04963804855813013,0.038282307554029324,0.028385041681249435,0.024493989413529864,0.019379004496509016,0.017080570927332638,0.015626132950632338,0.014841668669199467,0.013957014447544389,0.01152111096070709,0.011186787602863792,0.009709547135500618,0.009461098885344323,0.008656549662312855,0.00828206441400683,0.007923680193880909,0.0074089914077465745,0.007251726158963946,0.006942678672257689,0.0063744899591808785,0.006243750596365192,0.00596051882567487,0.005843263211421219,0.005506377645462502,0.005363272064988159,0.004901065795141972,0.004716293744137191,0.0045630623076466864,0.004253985246595165,0.0041715471944421675]]","[[0.003000000000000003,0.003000000000000003,0.0030000000000000022,0.0030000000000000022,0.0030000000000000022,0.0030000000000000022,0.0030000000000000022,0.003000000000000002,0.003000000000000002,0.003000000000000002,0.003000000000000001,0.003000000000000001,0.003000000000000001,0.003000000000000001,0.003000000000000001,0.003000000000000001,0.003000000000000001,0.003000000000000001,0.003000000000000001,0.003000000000000001,0.003000000000000001,0.003000000000000001,0.0030000000000000005,0.0030000000000000005,0.0030000000000000005,0.0030000000000000005,0.0030000000000000005,0.0030000000000000005,0.0029999999999999996,0.0029999999999999996,0.002999999999999999,0.002999999999999999],[0.003000000000000002,0.003000000000000001,0.003000000000000001,0.003000000000000001,0.0030000000000000005,0.0030000000000000005,0.0030000000000000005,0.003,0.002999999999999999,0.002999999999999999]]",21.0,20.999999999999975,1.0,0.999999999999999,0.9999999999999991,6.371099578024095e-05,0.3255806913675574,0.0032769400261039587,0.019442222095223588,0.003000000000000003,0.04475897583066462,0.04798715688193667,0.5797140419017524,32,7,2
40,MNISTPatchClassifier,MNIST patch filters=32 kernel=7 stride=2 lr=3e-03,1.0,0.003,Adam,2,5,512,64,2.3023775503220354,,0.888671875,full_patch_and_classifier_activation,2.660119918513306,1.6130982227500918,1.583118292059393,1.9380304108083263e-05,2.7304869946342924e-05,"[[0.0036597372644237903,0.0007312322200131931,0.0006692103879320334,0.00045728505013635604,0.0002846887046192722,0.0002561873390706376,0.00023398309688012127,0.0001714845726440903,0.0001511236710938341,0.0001326063309067239,0.000123122996737211,0.0001146475974909438,8.074114565409911e-05,6.965287325540413e-05,6.589675464612861e-05,6.0286092976601256e-05,5.0738836638523225e-05,4.629358117255528e-05,4.2206058808155904e-05,3.508443970297811e-05,3.105772328052932e-05,2.739078527988079e-05,2.206381592849247e-05,2.0888066824763995e-05,1.7617003556393818e-05,1.6120812058392628e-05,1.4420844458428017e-05,1.258041638988479e-05,1.1414571821411005e-05,1.0173899331329892e-05,7.964640381366231e-06,6.91692980548734e-06],[0.009411103714888033,0.0005805083449054892,0.0004331286932363828,0.00023790074488205343,0.0001940300610975788,0.00016405855914016743,8.576033649307504e-05,6.817947344822756e-05,5.110702179425749e-05,4.1098555532012656e-19]]","[[479.594662436219,256.2215144027865,214.57435727124826,182.1663032390331,147.1893296343453,139.32190980415552,128.0218411116315,104.31123832451749,91.17786453710958,88.58518655848493,87.69991284327756,71.78805371027745,66.41160128245113,60.51282591096309,54.90768178358891,53.82225475142251,50.86693472784388,45.08141675428369,43.46826899255752,41.726722814615535,36.17073074328796,35.17317960660556,34.79596058552498,33.790513624078955,30.781643480452832,30.117300271737186,29.67695385430035,27.242008436032652,26.62890718005539,25.534446741788425,25.235141306248053,24.728303700811132,23.896161758947827,23.54567329675369,22.816119472767003,21.806789524729414,20.989100163480277,20.366356389380638,19.68484364550203,19.676701640225154,18.366151746700304,17.81151699716961,17.03713031607076,16.626487042601156,15.954986087638042,15.251645792906348,14.527868570052929,13.97291848408352,13.071916837660135],[2.1457248252280765,0.07504744513202084,0.04057596900679298,0.03325050213316886,0.026910593719189156,0.021049463739414343,0.016528761746899902,0.013825742995037103,0.01281962645098979,0.01224138995658779,0.010780680088934753,0.009423536258956302,0.00891694816055923,0.007943001501377552,0.007866361921732347,0.006898231308968007,0.006670226789938118,0.00643983979697919,0.00594049300978905,0.005522295077978687,0.00535003329341919,0.004655696903590479,0.0045042406998922965,0.004254273053130785,0.0039421073222130655,0.0038738062671969087,0.003693125179040319,0.0034915529836096262,0.003400251039453049,0.0024944066958717133,0.00213361350908287,0.0011066201766976138]]",,,,,,,,,,,,,,0.639832166954875,32,7,2
41,MNISTPatchClassifier,MNIST patch filters=32 kernel=7 stride=2 lr=3e-03,1.0,0.003,Muon,2,5,512,64,2.3024266339579276,,0.908203125,full_patch_and_classifier_activation,3.3454674038811962,1.6163034283144677,1.9928258067343192,1.9653589153416658e-05,3.513973157719916e-05,"[[0.004176996593018708,0.0010695387571572504,0.0009935635929403139,0.0006231632320311556,0.0005539789581878472,0.00045762231146167137,0.00036976233380912134,0.0002499219075183401,0.0002261980864539015,0.0001723294389353246,0.0001576208681098149,0.00015004652450688685,0.00013740847146806204,0.00010079316361417182,9.530295683181063e-05,7.553280831077436e-05,6.979979329598222e-05,6.332577346063238e-05,5.1297788156481384e-05,4.430125154363835e-05,4.125049022598568e-05,3.4501848467843436e-05,3.400772903966204e-05,2.697681603149454e-05,2.4812588415933415e-05,2.277011224884009e-05,1.8482310605501043e-05,1.6268528729960605e-05,1.3360266248446658e-05,1.2503677463283994e-05,9.529792050318614e-06,7.484038280448642e-06],[0.00603179773923938,0.0007617477074133999,0.00043478227935675646,0.000341939790090081,0.00019300840019633993,0.00015559917347185559,0.00011846414302170389,9.82236505272078e-05,7.33383695221475e-05,3.416945417507108e-19]]","[[479.594662436219,256.2215144027865,214.57435727124826,182.1663032390331,147.1893296343453,139.32190980415552,128.0218411116315,104.31123832451749,91.17786453710958,88.58518655848493,87.69991284327756,71.78805371027745,66.41160128245113,60.51282591096309,54.90768178358891,53.82225475142251,50.86693472784388,45.08141675428369,43.46826899255752,41.726722814615535,36.17073074328796,35.17317960660556,34.79596058552498,33.790513624078955,30.781643480452832,30.117300271737186,29.67695385430035,27.242008436032652,26.62890718005539,25.534446741788425,25.235141306248053,24.728303700811132,23.896161758947827,23.54567329675369,22.816119472767003,21.806789524729414,20.989100163480277,20.366356389380638,19.68484364550203,19.676701640225154,18.366151746700304,17.81151699716961,17.03713031607076,16.626487042601156,15.954986087638042,15.251645792906348,14.527868570052929,13.97291848408352,13.071916837660135],[1.3787311234137245,0.09308551507544051,0.05193525235831769,0.039393069629754196,0.028948286622463685,0.023659658312119254,0.019331859640959938,0.01724522793332366,0.01597622480267485,0.014855269163453205,0.014072732476803141,0.01132685526873945,0.011119129685359028,0.009978907533237697,0.00929748923870252,0.00876430816766182,0.00826844690723463,0.007984148779187185,0.007524220922391375,0.0074115262099582685,0.0071606986287161825,0.0063003256738002715,0.006206026497054457,0.005906653418556678,0.005826340459104119,0.0054682655059827175,0.005257421677269707,0.004938176304633075,0.0046572538489750665,0.004435477753867897,0.004172784133769341,0.004138345994904065]]",,,,,,,,,,,,,,0.6961174998432398,32,7,2
42,MNISTPatchClassifier,MNIST patch filters=32 kernel=7 stride=2 lr=1e-02,1.0,0.01,Adam,0,0,512,64,2.3026180205673974,0.00048474052494773545,0.921875,full_patch_and_classifier_activation,2.014555260104452,1.5901482295891443,1.3039797050875528,3.8792683954282e-05,5.44912351783451e-05,"[[0.007258997733629434,0.0011151376504803594,0.0006628024386275862,0.0004822951878889732,0.00037115794760370367,0.0003216601929135799,0.00024988018674845585,0.00020417335598097588,0.0001750274153729179,0.0001626840136096049,0.000123737436774114,0.00011182840567040914,0.00010167518656924571,7.765812760689427e-05,6.853179555275402e-05,6.396791559517595e-05,5.5145349306941724e-05,5.230518591704797e-05,5.001310558365873e-05,4.4723714158930464e-05,3.946878775325247e-05,3.6611020354230114e-05,2.801580249792044e-05,2.6003601199895922e-05,2.4881606286602504e-05,2.247872815342847e-05,1.8474805234942313e-05,1.8289695239393884e-05,1.4900640029475808e-05,9.888017463461989e-06,9.084546743450218e-06,6.86700613101534e-06],[0.010768135170587532,0.0007168263595627239,0.0003614827187650924,0.00033644135521879566,0.0002160731395215745,0.00018326897603969955,0.00014112612463714578,6.608959677774132e-05,4.970816179104598e-05,1.2878267228601456e-18]]","[[493.249523472008,259.3155638768555,219.34766548159106,182.69048460444037,149.34176873294834,139.8823110381165,127.45508590555716,103.67481985576804,92.21811308023099,88.9926945590207,86.9319001198511,71.8432407434568,66.43131197486345,59.87086843416599,55.71662000289082,54.91622546651539,50.69915502062711,45.19189543562701,43.158568733325545,41.46455473859853,36.18397278295872,35.34369828579487,35.184854101328504,33.62503052155534,30.947266350936772,30.3047789384516,29.695401568992565,26.75159141493728,26.73237492494285,25.60821476846905,25.48296926398514,24.493409845846493,23.860011949991172,23.667766599894254,23.029059718911363,21.715419462100876,20.847994104793695,20.22232520784444,19.567168405049486,19.454750056425002,18.347057286216053,17.656129275198484,16.80769747129716,16.521667337916252,15.634412589127907,14.938334213015617,14.358819432588886,13.71449839592815,13.035741762725436],[1.7353226990671868,0.0816148815000485,0.03904954314649662,0.03505179973368554,0.031705175808451454,0.02718714126757137,0.023689365225400418,0.01964485287336251,0.016258264429448253,0.01544286611297655,0.012974897738459988,0.01197979739837112,0.01112818965029135,0.010908057000850365,0.009587356721240597,0.008795814700472335,0.007689096683291516,0.007604622346430535,0.00677443771075062,0.006550461900540233,0.006454129005836772,0.0060215398568756375,0.005813044122554328,0.005345247484034503,0.0049796165126391855,0.004888243748180665,0.004534784001294632,0.004267500685182889,0.004105089921207245,0.0038766345538643198,0.003463945436917126,0.0019466643491804802]]","[[0.05037174694382036,0.01563325803988107,0.01325132438902928,0.011535047842874867,0.009340437548485441,0.008304215500911457,0.007282664807221553,0.0068142027941208464,0.005664934204745399,0.005351553540003928,0.0047453364837602655,0.004350080689367069,0.0036891766070676468,0.0032637344780983932,0.003131405196190637,0.0020309743480636626,1.229051176861133e-05,8.369704994719456e-07,5.051245620250512e-07,2.28163404558488e-07,1.6332296627686545e-07,1.259813108525916e-07,1.1236103315338648e-07,8.337669804101479e-08,6.184589741054277e-08,4.1648446028549325e-08,2.837948772781788e-08,2.3099655644762936e-08,1.2457817631570377e-08,1.1177900003063062e-08,7.029672646103741e-09,2.2591326636362555e-09],[0.02377851068382275,0.00846741170209203,0.006440834241208709,0.004750572290787519,0.003525259246767628,2.146059772361991e-06,2.82871342822268e-07,1.7912256884150654e-07,1.482477856935937e-07,4.430152724092931e-08]]",4.9810325088810545,1.3180602093883422,0.26191171752646203,0.0845729051725559,0.30413821612161607,0.0004791047662255046,0.5638584403439562,0.007392747041140028,0.0648074069840786,0.05037174694382036,0.15074637209736053,0.15099940277689922,0.057411290938034654,32,7,2
43,MNISTPatchClassifier,MNIST patch filters=32 kernel=7 stride=2 lr=1e-02,1.0,0.01,Muon,0,0,512,64,2.3026180205673974,0.00024363268654559178,0.921875,full_patch_and_classifier_activation,2.014555260104452,1.5901482295891443,1.3039797050875528,3.8792683954282e-05,5.44912351783451e-05,"[[0.007258997733629434,0.0011151376504803594,0.0006628024386275862,0.0004822951878889732,0.00037115794760370367,0.0003216601929135799,0.00024988018674845585,0.00020417335598097588,0.0001750274153729179,0.0001626840136096049,0.000123737436774114,0.00011182840567040914,0.00010167518656924571,7.765812760689427e-05,6.853179555275402e-05,6.396791559517595e-05,5.5145349306941724e-05,5.230518591704797e-05,5.001310558365873e-05,4.4723714158930464e-05,3.946878775325247e-05,3.6611020354230114e-05,2.801580249792044e-05,2.6003601199895922e-05,2.4881606286602504e-05,2.247872815342847e-05,1.8474805234942313e-05,1.8289695239393884e-05,1.4900640029475808e-05,9.888017463461989e-06,9.084546743450218e-06,6.86700613101534e-06],[0.010768135170587532,0.0007168263595627239,0.0003614827187650924,0.00033644135521879566,0.0002160731395215745,0.00018326897603969955,0.00014112612463714578,6.608959677774132e-05,4.970816179104598e-05,1.2878267228601456e-18]]","[[493.249523472008,259.3155638768555,219.34766548159106,182.69048460444037,149.34176873294834,139.8823110381165,127.45508590555716,103.67481985576804,92.21811308023099,88.9926945590207,86.9319001198511,71.8432407434568,66.43131197486345,59.87086843416599,55.71662000289082,54.91622546651539,50.69915502062711,45.19189543562701,43.158568733325545,41.46455473859853,36.18397278295872,35.34369828579487,35.184854101328504,33.62503052155534,30.947266350936772,30.3047789384516,29.695401568992565,26.75159141493728,26.73237492494285,25.60821476846905,25.48296926398514,24.493409845846493,23.860011949991172,23.667766599894254,23.029059718911363,21.715419462100876,20.847994104793695,20.22232520784444,19.567168405049486,19.454750056425002,18.347057286216053,17.656129275198484,16.80769747129716,16.521667337916252,15.634412589127907,14.938334213015617,14.358819432588886,13.71449839592815,13.035741762725436],[1.7353226990671868,0.0816148815000485,0.03904954314649662,0.03505179973368554,0.031705175808451454,0.02718714126757137,0.023689365225400418,0.01964485287336251,0.016258264429448253,0.01544286611297655,0.012974897738459988,0.01197979739837112,0.01112818965029135,0.010908057000850365,0.009587356721240597,0.008795814700472335,0.007689096683291516,0.007604622346430535,0.00677443771075062,0.006550461900540233,0.006454129005836772,0.0060215398568756375,0.005813044122554328,0.005345247484034503,0.0049796165126391855,0.004888243748180665,0.004534784001294632,0.004267500685182889,0.004105089921207245,0.0038766345538643198,0.003463945436917126,0.0019466643491804802]]","[[0.010000000000000002,0.010000000000000002,0.010000000000000002,0.010000000000000002,0.009999999999999998,0.009999999999999998,0.009999999999999998,0.009999999999999998,0.009999999999999998,0.009999999999999998,0.009999999999999998,0.009999999999999998,0.009999999999999998,0.009999999999999998,0.009999999999999998,0.009999999999999998,0.009999999999999998,0.009999999999999998,0.009999999999999998,0.009999999999999998,0.009999999999999998,0.009999999999999997,0.009999999999999997,0.009999999999999997,0.009999999999999997,0.009999999999999997,0.009999999999999997,0.009999999999999997,0.009999999999999995,0.009999999999999995,0.009999999999999995,0.009999999999999995],[0.010000000000000002,0.010000000000000002,0.010000000000000002,0.010000000000000002,0.009999999999999998,0.009999999999999998,0.009999999999999998,0.009999999999999998,0.009999999999999998,0.009999999999999992]]",21.0,20.999999999999986,1.0,0.9999999999999993,0.9999999999999993,0.0002484751820557919,0.2924304630111214,0.0038340552973649368,0.06480740698407858,0.010000000000000002,0.1507463720973605,0.16175096701373573,0.1127680828794837,32,7,2
42,MNISTPatchClassifier,MNIST patch filters=32 kernel=7 stride=2 lr=1e-02,1.0,0.01,Adam,0,1,512,64,2.3026702189986574,0.00047373981829279543,0.8984375,full_patch_and_classifier_activation,2.153887727260934,1.58920513205954,1.3359659879038501,3.5119753105069694e-05,4.507668905776941e-05,"[[0.006470383675873733,0.0012397928649461488,0.0009251023066891979,0.0005534613573980853,0.00043115942939502054,0.0002895520980696477,0.0002365500724028582,0.00020809786477160748,0.00016516576990587654,0.00015318537287768044,0.00014097430561369254,0.00011927099698293148,0.00010687082482306204,9.030408073135694e-05,6.928047122586791e-05,6.805903533527933e-05,5.043102798172882e-05,4.602467982519515e-05,4.277623112549961e-05,3.6703891582195867e-05,3.398618764348426e-05,3.212594442145032e-05,3.050088504813685e-05,2.4443279986561553e-05,2.1139878937337397e-05,1.898494572847291e-05,1.551012126718875e-05,1.3270300944737954e-05,1.2069666787281318e-05,9.873198850879839e-06,7.231301163221276e-06,4.772235934893933e-06],[0.013153015452237727,0.0006154406615023464,0.0003813662756227386,0.00021215143705531216,0.00018501011457294102,0.00015717422388115946,0.0001157859226763037,7.630469553887487e-05,5.3223206905891395e-05,9.514752547105008e-19]]","[[493.249523472008,259.3155638768555,219.34766548159106,182.69048460444037,149.34176873294834,139.8823110381165,127.45508590555716,103.67481985576804,92.21811308023099,88.9926945590207,86.9319001198511,71.8432407434568,66.43131197486345,59.87086843416599,55.71662000289082,54.91622546651539,50.69915502062711,45.19189543562701,43.158568733325545,41.46455473859853,36.18397278295872,35.34369828579487,35.184854101328504,33.62503052155534,30.947266350936772,30.3047789384516,29.695401568992565,26.75159141493728,26.73237492494285,25.60821476846905,25.48296926398514,24.493409845846493,23.860011949991172,23.667766599894254,23.029059718911363,21.715419462100876,20.847994104793695,20.22232520784444,19.567168405049486,19.454750056425002,18.347057286216053,17.656129275198484,16.80769747129716,16.521667337916252,15.634412589127907,14.938334213015617,14.358819432588886,13.71449839592815,13.035741762725436],[2.223644437014741,0.08522328994191564,0.03545114857344996,0.032063468714301595,0.02786260977663853,0.02467783573738241,0.02340776736245766,0.01858814491523452,0.016616327374825293,0.013904962080622545,0.012070522877638745,0.011562581208696937,0.010583449178501843,0.00957883804634973,0.0091446689833368,0.008485009645912034,0.007844671868101716,0.007674388498094838,0.006824062780223352,0.006502505206929122,0.005647345492361218,0.0052518134159161055,0.005173983483769867,0.00489064005774155,0.00457081040330552,0.00410500364412781,0.00379079208384674,0.003549716613099017,0.003484225386338303,0.003027205160089714,0.0028537043785006266,0.0027097284949699697]]","[[0.05248148479119561,0.016740866346541483,0.012568221814253587,0.00983682094575469,0.00792497817373376,0.007041285138875308,0.005491831147182419,0.005469460900141821,0.003238524790017262,0.002772928080960527,0.0024261747453163565,0.002250967766011093,0.001703309984317439,0.0014771084648451784,0.0013131637731894983,0.001093836301149719,0.0008864289819705153,0.0008415202608478941,0.0007100348029592156,0.0005739145483369105,0.0005541174656987524,0.000510444251123576,0.00042296913873616593,0.0003734165657184049,0.00024571370558272283,0.00018567409665965284,0.00016587044942440444,0.00014822965561826245,9.90491287607775e-05,7.452600076477877e-05,5.124289631887493e-05,3.782230129929436e-05],[0.025001695015755294,0.0076527221975800875,0.006368328921435638,0.004258010185118693,0.003627924203425294,0.00275950186531657,0.0023969189855057656,0.0012463472863005309,0.00039826331189884496,0.0002756220674597424]]",4.677585797267101,1.2522110113686455,0.2761735238805304,0.08151132450989534,0.2770743339045765,0.0004266276583050561,0.4413164778794346,0.006526607565404764,0.06536744457663707,0.05248148479119561,0.15015702807181797,0.15269121797768076,0.17311841598711908,32,7,2
43,MNISTPatchClassifier,MNIST patch filters=32 kernel=7 stride=2 lr=1e-02,1.0,0.01,Muon,0,1,512,64,2.3026594057879697,0.0002519450626019548,0.8984375,full_patch_and_classifier_activation,2.0396390409266467,1.5900624451615282,1.3066183722177178,3.535316535061515e-05,4.848490182808801e-05,"[[0.008001171551520147,0.001134710587757502,0.0008620483418457667,0.0006310604178103114,0.0004206926225910951,0.00034496650331098446,0.000321506013848781,0.0002614311279988972,0.0002003478551122315,0.00018192809813947854,0.00015749137056137217,0.00013000998034548518,0.00010861186533860848,0.00010498019980209905,8.059865002125872e-05,6.532155072869909e-05,6.133849014333305e-05,5.582578623306055e-05,4.735532384181035e-05,4.1912512854688074e-05,4.021389786342453e-05,3.502734581453646e-05,3.001455823463311e-05,2.6602547041307185e-05,2.2416225617969908e-05,2.0265765719170382e-05,1.7988085738740426e-05,1.4692271947959002e-05,1.2385768583266057e-05,1.1024074763153889e-05,9.895847855290068e-06,8.639847233660371e-06],[0.01040735995121994,0.0005341062749854149,0.0003972304362126715,0.00027760643667326716,0.00023054649984238535,0.00016932240920561895,0.00011025201512356028,6.75683320167158e-05,5.5824388770907346e-05,7.180329636202639e-19]]","[[493.249523472008,259.3155638768555,219.34766548159106,182.69048460444037,149.34176873294834,139.8823110381165,127.45508590555716,103.67481985576804,92.21811308023099,88.9926945590207,86.9319001198511,71.8432407434568,66.43131197486345,59.87086843416599,55.71662000289082,54.91622546651539,50.69915502062711,45.19189543562701,43.158568733325545,41.46455473859853,36.18397278295872,35.34369828579487,35.184854101328504,33.62503052155534,30.947266350936772,30.3047789384516,29.695401568992565,26.75159141493728,26.73237492494285,25.60821476846905,25.48296926398514,24.493409845846493,23.860011949991172,23.667766599894254,23.029059718911363,21.715419462100876,20.847994104793695,20.22232520784444,19.567168405049486,19.454750056425002,18.347057286216053,17.656129275198484,16.80769747129716,16.521667337916252,15.634412589127907,14.938334213015617,14.358819432588886,13.71449839592815,13.035741762725436],[1.7553798747924958,0.08092511493417928,0.03953002147662695,0.03585370011729264,0.02914635604005886,0.026149414759882052,0.0241447339301403,0.019234795836644752,0.016244192063357414,0.01488784751384972,0.013473272839229077,0.012625990458581622,0.011199552502269151,0.010504412649918178,0.009964751937522413,0.008886083915630078,0.008269357838997987,0.00744056766656321,0.006914707418232653,0.006703432106763272,0.006283547496954443,0.006053645492628769,0.005506314248968598,0.005360062238993775,0.004932007519249306,0.004721705827799165,0.004579756331765831,0.004355961256060488,0.003871912240034662,0.0037160742119466653,0.003146907717810156,0.0023943336278845445]]","[[0.010000000000000007,0.010000000000000007,0.010000000000000005,0.010000000000000004,0.010000000000000004,0.010000000000000004,0.010000000000000004,0.010000000000000004,0.010000000000000002,0.010000000000000002,0.010000000000000002,0.010000000000000002,0.010000000000000002,0.010000000000000002,0.010000000000000002,0.010000000000000002,0.010000000000000002,0.01,0.01,0.01,0.01,0.01,0.01,0.009999999999999998,0.009999999999999998,0.009999999999999998,0.009999999999999998,0.009999999999999998,0.009999999999999997,0.009999999999999997,0.009999999999999997,0.009999999999999995],[0.010000000000000005,0.010000000000000004,0.010000000000000004,0.010000000000000004,0.010000000000000002,0.010000000000000002,0.01,0.01,0.009999999999999998,0.009999999999999998]]",21.0,20.999999999999975,1.0,0.9999999999999989,0.9999999999999989,0.00025712291830269206,0.2990473782462387,0.003967492764613466,0.06480740698407861,0.010000000000000007,0.15015702807181808,0.16057153589405332,0.23096224991604686,32,7,2
42,MNISTPatchClassifier,MNIST patch filters=32 kernel=7 stride=2 lr=1e-02,1.0,0.01,Adam,0,2,512,64,2.302277365517847,0.0005926093537507171,0.8984375,full_patch_and_classifier_activation,1.8518939190362733,1.5886361227555081,1.1838037849917245,3.2491679039394034e-05,4.00543493183702e-05,"[[0.0066865757374363856,0.0010961453818014184,0.0007182784365821801,0.000390605269128083,0.0003315395376287771,0.00023777121858306198,0.00016635627236851917,0.0001342845944691144,0.00012535199599791793,0.00010826391017336104,9.217692303219463e-05,8.8548432995057e-05,7.879688096680048e-05,7.338384598962052e-05,5.72987625019856e-05,5.466551763050183e-05,4.525230913527254e-05,3.9758888594757625e-05,3.379490580972636e-05,3.0943390933732426e-05,2.811772635203886e-05,2.3109060435328524e-05,1.9052842067419567e-05,1.6666908848135913e-05,1.4770386718490678e-05,1.3851708783305548e-05,1.2745186964772539e-05,1.0747544594307762e-05,8.75403431225956e-06,7.881998724690146e-06,6.44189531075049e-06,4.874103619541662e-06],[0.01609806261402146,0.0005243514703334543,0.0004497563418792957,0.0002627944805787972,0.0002043361884884707,0.00014073028162896794,9.814196732711866e-05,8.503312911675954e-05,4.599524069880651e-05,1.2682194079021381e-18]]","[[493.249523472008,259.3155638768555,219.34766548159106,182.69048460444037,149.34176873294834,139.8823110381165,127.45508590555716,103.67481985576804,92.21811308023099,88.9926945590207,86.9319001198511,71.8432407434568,66.43131197486345,59.87086843416599,55.71662000289082,54.91622546651539,50.69915502062711,45.19189543562701,43.158568733325545,41.46455473859853,36.18397278295872,35.34369828579487,35.184854101328504,33.62503052155534,30.947266350936772,30.3047789384516,29.695401568992565,26.75159141493728,26.73237492494285,25.60821476846905,25.48296926398514,24.493409845846493,23.860011949991172,23.667766599894254,23.029059718911363,21.715419462100876,20.847994104793695,20.22232520784444,19.567168405049486,19.454750056425002,18.347057286216053,17.656129275198484,16.80769747129716,16.521667337916252,15.634412589127907,14.938334213015617,14.358819432588886,13.71449839592815,13.035741762725436],[2.8275703611721443,0.07563232012245781,0.04256619895425661,0.03463148590793455,0.028311292785223766,0.02751566819233043,0.024134853333786146,0.018464033959665,0.017706338527100615,0.012701337096031743,0.011215859692821737,0.010203779792769329,0.009422689551857485,0.008611515138518594,0.00752682600699398,0.007218766987168674,0.007073231948153499,0.006880026187284838,0.005745147486102134,0.005360638623695279,0.005038336436668336,0.00476026216770375,0.004433362327133358,0.003951237059438351,0.0036762156042867786,0.0033358032907997446,0.0031837239502557277,0.0030053897446597672,0.002712696345677037,0.0025582149082736807,0.0019400757123344135,0.0017674593786955685]]","[[0.05441987993155063,0.013668743983292578,0.011616742462476208,0.008007671052100686,0.007329868959331706,0.005238016104258618,0.004931331522917987,0.004195767427509851,0.0029729508688830474,0.0027417418084081124,0.001997016280729032,0.0016655643320933496,0.001469538567903778,0.0011331975032330527,0.0010830061684188735,0.0009414076364540052,0.0008590504179435195,0.0007618294556037835,0.0006140844017958691,0.0005503375529044884,0.0004496593900560588,0.0003923759773474205,0.00037749291236606534,0.0003323070008446817,0.00025866870298219463,0.00022564805659749045,0.00017568184108761821,0.00015500524387530404,0.00012244884203220553,8.423148096936724e-05,7.248501192386292e-05,6.013663162122355e-05],[0.026070577518942012,0.007278948923875454,0.005239518894006853,0.003164518366425195,0.0027667220700674793,0.002339566797181927,0.0018536755516446574,0.0012560214896401739,0.0006578925470187437,0.0003063905643568555]]",4.016869637362884,1.1715134829769724,0.2385827714356829,0.07650353739226988,0.30104105935718267,0.0004944744672446728,0.4310874093846877,0.0075487966223588745,0.06550374741585735,0.05441987993155063,0.14713651115365542,0.15049993327711708,0.2935702500399202,32,7,2
43,MNISTPatchClassifier,MNIST patch filters=32 kernel=7 stride=2 lr=1e-02,1.0,0.01,Muon,0,2,512,64,2.302471136833895,0.00024280973017898333,0.8984375,full_patch_and_classifier_activation,2.337235200243855,1.590580610853033,1.4656288383036746,3.256318686180925e-05,4.738972778662298e-05,"[[0.006410390092766667,0.0012308542532035928,0.0009381106025052748,0.0006882328014458347,0.00046719264812239566,0.0003782110047069291,0.0002464840791890606,0.0002098666324275226,0.0001975541847116326,0.00016082793701190372,0.00012160353859346207,0.00011516953173336401,9.99947106166588e-05,8.554361754254549e-05,8.348722034037021e-05,7.448381899846239e-05,5.987083152406097e-05,5.140116731605428e-05,4.8291081384681786e-05,4.441004861521967e-05,4.19734072342654e-05,3.649310958192601e-05,3.156967946953925e-05,2.514693658787942e-05,2.4799741823031907e-05,2.174892269724852e-05,1.8458659941298896e-05,1.3810277396976601e-05,1.2563886365084951e-05,1.073945701679067e-05,7.874514924807637e-06,6.014511969739847e-06],[0.009779511995676195,0.0005894938731807802,0.000545591623604383,0.00024552671267647337,0.00023009313932753107,0.00016942473990778334,0.00012350065042310193,0.00010260427808162342,9.474870962038498e-05,1.5385266854468043e-18]]","[[493.249523472008,259.3155638768555,219.34766548159106,182.69048460444037,149.34176873294834,139.8823110381165,127.45508590555716,103.67481985576804,92.21811308023099,88.9926945590207,86.9319001198511,71.8432407434568,66.43131197486345,59.87086843416599,55.71662000289082,54.91622546651539,50.69915502062711,45.19189543562701,43.158568733325545,41.46455473859853,36.18397278295872,35.34369828579487,35.184854101328504,33.62503052155534,30.947266350936772,30.3047789384516,29.695401568992565,26.75159141493728,26.73237492494285,25.60821476846905,25.48296926398514,24.493409845846493,23.860011949991172,23.667766599894254,23.029059718911363,21.715419462100876,20.847994104793695,20.22232520784444,19.567168405049486,19.454750056425002,18.347057286216053,17.656129275198484,16.80769747129716,16.521667337916252,15.634412589127907,14.938334213015617,14.358819432588886,13.71449839592815,13.035741762725436],[1.7211273760648338,0.08625365682970462,0.043598094682348744,0.039952075271957654,0.03703690220947528,0.027876018246532068,0.025662308217487877,0.020830794259230838,0.01670387185401447,0.015633802850990246,0.015277864990064186,0.013201959456254552,0.012300963150003072,0.010752836545330682,0.010118789131610953,0.010052324103196878,0.009418823265087826,0.008735075314596968,0.007823799486004717,0.007400412336111587,0.007138742545112191,0.006192673631837753,0.006049744160060129,0.005484493496364263,0.0051440977670879,0.004833625858159376,0.004498499781868976,0.004295683378539227,0.004193430818229797,0.0033753172834603863,0.0030584602269537946,0.002684824198169472]]","[[0.010000000000000009,0.010000000000000005,0.010000000000000004,0.010000000000000004,0.010000000000000004,0.010000000000000002,0.010000000000000002,0.010000000000000002,0.010000000000000002,0.010000000000000002,0.010000000000000002,0.010000000000000002,0.010000000000000002,0.009999999999999998,0.009999999999999998,0.009999999999999998,0.009999999999999998,0.009999999999999998,0.009999999999999998,0.009999999999999998,0.009999999999999998,0.009999999999999998,0.009999999999999998,0.009999999999999997,0.009999999999999997,0.009999999999999997,0.009999999999999997,0.009999999999999997,0.009999999999999997,0.009999999999999995,0.009999999999999995,0.009999999999999993],[0.010000000000000005,0.010000000000000002,0.01,0.01,0.01,0.01,0.009999999999999998,0.009999999999999997,0.009999999999999995,0.009999999999999995]]",21.000000000000004,20.999999999999964,1.0,0.9999999999999984,0.9999999999999984,0.00023843668630262548,0.3098094972070533,0.003679157945035556,0.06480740698407858,0.010000000000000009,0.14713651115365553,0.15527262432838324,0.3517443749587983,32,7,2
42,MNISTPatchClassifier,MNIST patch filters=32 kernel=7 stride=2 lr=1e-02,1.0,0.01,Adam,0,3,512,64,2.301797059588876,0.0007561576204770937,0.8984375,full_patch_and_classifier_activation,1.7275091270928655,1.5882835920713538,1.1227652092196156,2.9870080305038976e-05,3.637240820066892e-05,"[[0.007742634226170707,0.0009819866879192838,0.0006875197492189893,0.0004174205290831783,0.00036674032211822944,0.0002692249800850912,0.00018746263314034316,0.00014014411398463435,0.0001239976738048544,0.00011385721863572682,9.780860280345678e-05,9.007751266463845e-05,7.067774890221215e-05,6.705453865244581e-05,6.450658108583773e-05,5.321619096141983e-05,4.459986458716468e-05,4.079859130882909e-05,3.4032897617859424e-05,2.7770862106186732e-05,2.466669356964037e-05,1.9221011776050595e-05,1.703769679992584e-05,1.663277259712932e-05,1.346051198636599e-05,1.2152698839520725e-05,1.0922228498408674e-05,8.470830156746375e-06,8.379006845581502e-06,4.6453960170222065e-06,3.862808991725533e-06,3.6817194009771354e-06],[0.021454082330901517,0.0006597388199613627,0.0006450256508917661,0.00037176831054465414,0.00020306010689705303,0.00016190293846006038,0.00010287291941614306,6.817610659371906e-05,4.550038863477683e-05,2.0864043192668233e-18]]","[[493.249523472008,259.3155638768555,219.34766548159106,182.69048460444037,149.34176873294834,139.8823110381165,127.45508590555716,103.67481985576804,92.21811308023099,88.9926945590207,86.9319001198511,71.8432407434568,66.43131197486345,59.87086843416599,55.71662000289082,54.91622546651539,50.69915502062711,45.19189543562701,43.158568733325545,41.46455473859853,36.18397278295872,35.34369828579487,35.184854101328504,33.62503052155534,30.947266350936772,30.3047789384516,29.695401568992565,26.75159141493728,26.73237492494285,25.60821476846905,25.48296926398514,24.493409845846493,23.860011949991172,23.667766599894254,23.029059718911363,21.715419462100876,20.847994104793695,20.22232520784444,19.567168405049486,19.454750056425002,18.347057286216053,17.656129275198484,16.80769747129716,16.521667337916252,15.634412589127907,14.938334213015617,14.358819432588886,13.71449839592815,13.035741762725436],[3.9300657918181567,0.07285441099893634,0.047484432336452595,0.04417922929937496,0.030895665530712865,0.02649703888550159,0.02555809243082796,0.018741298529576775,0.016870454936405887,0.011338084479994197,0.010425342697209789,0.010323738697412,0.009920271191216044,0.007864883700489036,0.006738588716548628,0.00630339158663061,0.006228013049282613,0.005873284648604158,0.005264178540260496,0.004036724361669633,0.003967496492698529,0.003753976119253117,0.003611871495954123,0.0031227699936962894,0.002887348142089581,0.002475917342574043,0.0023662493987339226,0.0020054428269622162,0.0018089151004953825,0.0015373319222295062,0.0014325288120127678,0.0011706838125390285]]","[[0.05640917408772417,0.014595014353678036,0.012067139363540482,0.009391420772063034,0.006671953066767026,0.005127712092878163,0.004353590248100453,0.003282389952759571,0.0030524545036009205,0.002581248073821862,0.002067284423569758,0.0018448897268403416,0.001404990476938468,0.001283575277616523,0.0010684433236341749,0.0009668076568102229,0.0007984268327135129,0.0007169924519009097,0.0006123522041438375,0.0005061565206293701,0.0004521656599289197,0.00037771428917994325,0.00032859197603994536,0.0002989790178331404,0.00022968632682316363,0.0001982588350105678,0.0001537231350420837,0.00011252777676691795,0.00010175282513131078,7.882619478652931e-05,5.3064299901075604e-05,4.290310695181058e-05],[0.023831272866866766,0.008697100654343579,0.0060939046014190585,0.003727915687002516,0.0025916405159965837,0.002051897345491993,0.001934876557090754,0.0009404130157785102,0.0009029227290612803,0.0005634815454383309]]",4.141847095612986,1.217224868143126,0.2567919360122081,0.08109043224818152,0.2980971379543367,0.0006268322412218061,0.4097557519408453,0.009372965219442045,0.06687662085010065,0.05640917408772417,0.14444686324396613,0.14344834147157337,0.4118242079857737,32,7,2
43,MNISTPatchClassifier,MNIST patch filters=32 kernel=7 stride=2 lr=1e-02,1.0,0.01,Muon,0,3,512,64,2.3022598798486498,0.00026906000736248714,0.8984375,full_patch_and_classifier_activation,2.5403176965800958,1.5906720724566485,1.5955873812319492,3.053874576490083e-05,4.860919396195238e-05,"[[0.006471943774674657,0.0011123197588330824,0.0009850375694262082,0.0007463988068659015,0.0006536749089424405,0.0003793515761591151,0.00034491348569787013,0.00031867766411120105,0.0002059484356610921,0.00018574697129028193,0.0001565746018392395,0.00013542346870440007,0.00011882682026723481,9.524624139830108e-05,8.981396336308049e-05,6.998753979297016e-05,6.738045337221275e-05,6.320189397800776e-05,5.7370163405691614e-05,5.4111217198680974e-05,4.618479846613024e-05,3.7934652755352794e-05,3.370006697600988e-05,3.1551622172870234e-05,2.7285014407050623e-05,2.534136838301081e-05,1.9364879363213837e-05,1.8265596946771435e-05,1.7021244810315847e-05,1.2784749093105794e-05,1.1173744040720753e-05,7.461337742531042e-06],[0.010047445840035394,0.0008841201443641813,0.0006985132656149907,0.00038997339105984846,0.00030687520056578297,0.0002079426143923273,0.0001344051830462023,9.519172205525011e-05,4.702048521890946e-05,6.440836460187609e-19]]","[[493.249523472008,259.3155638768555,219.34766548159106,182.69048460444037,149.34176873294834,139.8823110381165,127.45508590555716,103.67481985576804,92.21811308023099,88.9926945590207,86.9319001198511,71.8432407434568,66.43131197486345,59.87086843416599,55.71662000289082,54.91622546651539,50.69915502062711,45.19189543562701,43.158568733325545,41.46455473859853,36.18397278295872,35.34369828579487,35.184854101328504,33.62503052155534,30.947266350936772,30.3047789384516,29.695401568992565,26.75159141493728,26.73237492494285,25.60821476846905,25.48296926398514,24.493409845846493,23.860011949991172,23.667766599894254,23.029059718911363,21.715419462100876,20.847994104793695,20.22232520784444,19.567168405049486,19.454750056425002,18.347057286216053,17.656129275198484,16.80769747129716,16.521667337916252,15.634412589127907,14.938334213015617,14.358819432588886,13.71449839592815,13.035741762725436],[1.8324051976428046,0.0885038601639473,0.05823824097260572,0.04350437864679356,0.039098265230454766,0.029952236712868802,0.027064841467707955,0.023059534046099457,0.01856536397174338,0.016187613718662106,0.015652678583556935,0.01424925475203516,0.012334503923399014,0.011104877329298048,0.010504154464957567,0.009613267788088832,0.009397113518190286,0.008833851125130876,0.008509030658608094,0.007550021648221261,0.0071449029724042785,0.006228602289176959,0.00586055698484417,0.005643899699109503,0.005354408901053133,0.004847616506092054,0.004439319856848476,0.004266212294593751,0.0037891631806886076,0.0033055307860430914,0.0027055987131872424,0.0024152086159467297]]","[[0.010000000000000005,0.010000000000000004,0.010000000000000004,0.010000000000000004,0.010000000000000004,0.010000000000000004,0.010000000000000002,0.010000000000000002,0.010000000000000002,0.010000000000000002,0.010000000000000002,0.010000000000000002,0.010000000000000002,0.010000000000000002,0.010000000000000002,0.010000000000000002,0.010000000000000002,0.01,0.01,0.01,0.01,0.01,0.01,0.01,0.01,0.009999999999999998,0.009999999999999998,0.009999999999999998,0.009999999999999998,0.009999999999999997,0.009999999999999997,0.009999999999999995],[0.010000000000000002,0.01,0.009999999999999998,0.009999999999999998,0.009999999999999998,0.009999999999999997,0.009999999999999997,0.009999999999999995,0.009999999999999995,0.009999999999999992]]",21.000000000000004,20.99999999999998,1.0,0.9999999999999991,0.9999999999999989,0.00025411506236491647,0.3221355131049103,0.003921080539873252,0.0648074069840786,0.010000000000000005,0.14444686324396613,0.15056976563412292,0.469348874874413,32,7,2
42,MNISTPatchClassifier,MNIST patch filters=32 kernel=7 stride=2 lr=1e-02,1.0,0.01,Adam,0,4,512,64,2.3008572022280624,0.0012651595557153783,0.8984375,full_patch_and_classifier_activation,1.4270496165621314,1.5881105554151345,0.9626432245804588,3.4169129265940885e-05,3.8808314902444085e-05,"[[0.013405569977158922,0.0010247253003983357,0.00082795892023505,0.0005852141853655254,0.00034559078576705803,0.00024865696399975766,0.00018743247704111106,0.00014751733939162912,0.00012958532571044076,0.00010830832323919777,0.00010216180263335502,9.277719845964804e-05,8.3571086987152e-05,6.741882105078407e-05,5.853662893683309e-05,4.916044361266e-05,3.384118644179613e-05,2.7957382862866777e-05,2.7362594016529002e-05,2.088753996019753e-05,1.8997364320724093e-05,1.707085696455893e-05,1.5037575416838801e-05,1.1989442788410856e-05,1.0293187003102107e-05,8.179883520645348e-06,7.906545442646577e-06,5.9885171307925565e-06,5.746375887908699e-06,4.3060046347110075e-06,3.7244750304054416e-06,2.4395754564672427e-06],[0.03200231927558714,0.0006726478867177381,0.0004816749589366209,0.0003555106586615814,0.00023177634463222328,0.0001746298109116255,0.00011887377235101894,5.6599111442601686e-05,3.571893636306627e-05,2.3511156993328755e-18]]","[[493.249523472008,259.3155638768555,219.34766548159106,182.69048460444037,149.34176873294834,139.8823110381165,127.45508590555716,103.67481985576804,92.21811308023099,88.9926945590207,86.9319001198511,71.8432407434568,66.43131197486345,59.87086843416599,55.71662000289082,54.91622546651539,50.69915502062711,45.19189543562701,43.158568733325545,41.46455473859853,36.18397278295872,35.34369828579487,35.184854101328504,33.62503052155534,30.947266350936772,30.3047789384516,29.695401568992565,26.75159141493728,26.73237492494285,25.60821476846905,25.48296926398514,24.493409845846493,23.860011949991172,23.667766599894254,23.029059718911363,21.715419462100876,20.847994104793695,20.22232520784444,19.567168405049486,19.454750056425002,18.347057286216053,17.656129275198484,16.80769747129716,16.521667337916252,15.634412589127907,14.938334213015617,14.358819432588886,13.71449839592815,13.035741762725436],[5.477254147352122,0.0773614689472003,0.053677727289016604,0.05052128164394184,0.032218764698691345,0.027746786314450083,0.027074943720777626,0.01924824699743795,0.015334805761172096,0.012703543881044317,0.01069423749825356,0.010214704430468591,0.009532119413309314,0.008405995770522178,0.007116448843516623,0.006180562737648556,0.005848643142665113,0.0051534922627204435,0.004713252282471111,0.004145609069975022,0.004103120581970455,0.003328784899003815,0.002807354805410894,0.0026546410719119388,0.0023165908819323313,0.0021187231281233113,0.0019070661240904849,0.001783487749130513,0.0011158209448977573,0.0009298124233850462,0.0007971322211877596,0.000524989157874982]]","[[0.057824457026650504,0.014924956254459125,0.01054058848193398,0.008874387817078052,0.006343670418579413,0.0054689695649420425,0.0041484704093120404,0.0033404372243788947,0.003048359545354063,0.0021332617008077317,0.002089949279896478,0.001783358904425769,0.0015352553853201763,0.001128612948838538,0.0010271991633177126,0.0008368507537181013,0.0007829204203770954,0.0007386463487729575,0.00047838774158215705,0.0004465272541903436,0.00032122004553700173,0.0002815009957050591,0.00023838096614473835,0.0002003698901139788,0.00015697953602265334,0.00014138933063338114,0.00011309836477759415,8.050943057391505e-05,7.082182950773826e-05,5.1746528047984864e-05,3.9394050332874176e-05,2.6331608578546582e-05],[0.02452609343100179,0.009612706210679453,0.0062378447050433095,0.003624820958111864,0.002440494255117084,0.0017562609666009988,0.0014499896491416153,0.0011331057099954194,0.0007607341248850255,0.0007213823984527098]]",3.9479083396892296,1.2120427853886233,0.24699688359295893,0.08127927170903068,0.3106128940353573,0.0011155828610242143,0.4712151908449797,0.016371978680048218,0.06813976995851602,0.057824457026650504,0.13928966129533715,0.13937774601715502,0.5288821249268949,32,7,2
43,MNISTPatchClassifier,MNIST patch filters=32 kernel=7 stride=2 lr=1e-02,1.0,0.01,Muon,0,4,512,64,2.302141876566353,0.00030805727750093936,0.8984375,full_patch_and_classifier_activation,2.444212131865868,1.5906361082733773,1.5233575679339,3.460791908331368e-05,5.147188820857908e-05,"[[0.00760510339841953,0.001837113451041976,0.0013618901406829487,0.000788100484604185,0.0005505574073422691,0.0004417788857313222,0.0003253569689816044,0.00029115477363024066,0.00019520257965505467,0.00019247164812875704,0.00016901406743156214,0.00013202394836629827,0.00011512194262326251,0.00010663510276478056,9.708334396475992e-05,7.563568512715004e-05,7.10904822971373e-05,6.695871175674144e-05,5.754412609875928e-05,4.7667059031912763e-05,4.2696997796500506e-05,4.048644494874873e-05,3.178069214843949e-05,2.99502161386815e-05,2.4565404733345555e-05,2.139191194649352e-05,1.9305465491835394e-05,1.5952842533883473e-05,1.5146368182633465e-05,1.2321691659071094e-05,1.2071011752972224e-05,7.055378401888176e-06],[0.012121605690174925,0.0011170103624904924,0.0005470796042579257,0.00034707296861638336,0.000261446826483969,0.00020678057868765262,0.0001470001152272084,0.00011992244321791237,4.7332312321193166e-05,1.3199466907504505e-18]]","[[493.249523472008,259.3155638768555,219.34766548159106,182.69048460444037,149.34176873294834,139.8823110381165,127.45508590555716,103.67481985576804,92.21811308023099,88.9926945590207,86.9319001198511,71.8432407434568,66.43131197486345,59.87086843416599,55.71662000289082,54.91622546651539,50.69915502062711,45.19189543562701,43.158568733325545,41.46455473859853,36.18397278295872,35.34369828579487,35.184854101328504,33.62503052155534,30.947266350936772,30.3047789384516,29.695401568992565,26.75159141493728,26.73237492494285,25.60821476846905,25.48296926398514,24.493409845846493,23.860011949991172,23.667766599894254,23.029059718911363,21.715419462100876,20.847994104793695,20.22232520784444,19.567168405049486,19.454750056425002,18.347057286216053,17.656129275198484,16.80769747129716,16.521667337916252,15.634412589127907,14.938334213015617,14.358819432588886,13.71449839592815,13.035741762725436],[2.073206716552316,0.09310721560929486,0.07716792442455699,0.05062592653707739,0.0411418557489584,0.0347468295222699,0.028532224198231326,0.024704912443674613,0.021081364345932423,0.01730387601506487,0.016625722403311637,0.015796759324357708,0.012576035671198476,0.011105834933636495,0.010655838472029952,0.010215378650265627,0.009707698088007427,0.009021940379923234,0.008418590803936886,0.007700713215234661,0.007254079617774468,0.006965778914638434,0.006331161962925767,0.005781083670925118,0.0055286477875996715,0.005119135664737301,0.004922992224613898,0.0044307730631360995,0.0039486594939538,0.0035972846691186846,0.003399317858541887,0.0030615254042612684]]","[[0.010000000000000007,0.010000000000000004,0.010000000000000002,0.010000000000000002,0.010000000000000002,0.010000000000000002,0.01,0.01,0.01,0.01,0.01,0.01,0.01,0.009999999999999998,0.009999999999999998,0.009999999999999998,0.009999999999999998,0.009999999999999998,0.009999999999999998,0.009999999999999998,0.009999999999999997,0.009999999999999997,0.009999999999999997,0.009999999999999997,0.009999999999999997,0.009999999999999997,0.009999999999999995,0.009999999999999995,0.009999999999999995,0.009999999999999995,0.009999999999999993,0.00999999999999999],[0.010000000000000002,0.01,0.009999999999999997,0.009999999999999997,0.009999999999999997,0.009999999999999997,0.009999999999999995,0.009999999999999995,0.009999999999999995,0.009999999999999992]]",21.0,20.999999999999964,1.0,0.9999999999999984,0.9999999999999984,0.0002971547953489241,0.31394337452300786,0.004585198037963885,0.06480740698407858,0.010000000000000007,0.13928966129533707,0.1432483901804735,0.5861453330144286,32,7,2
42,MNISTPatchClassifier,MNIST patch filters=32 kernel=7 stride=2 lr=1e-02,1.0,0.01,Adam,0,5,512,64,2.3028969704644555,,0.8984375,full_patch_and_classifier_activation,1.6062662198400295,1.5880443523973122,1.0454803814174616,2.60829783542452e-05,2.9666079594125047e-05,"[[0.006947365998169892,0.000656220490117657,0.0005847257006855208,0.00036880586992065487,0.00025551872472670203,0.000177580351206969,0.00017244007248752753,0.00012787205298100642,0.0001244115679878067,0.00010173642226522187,7.92961501736506e-05,7.4891013317512e-05,6.648213375955755e-05,5.7615268092467886e-05,5.229798924454334e-05,4.593511998199225e-05,3.8220793302630445e-05,3.5266753007488304e-05,3.1706656889743065e-05,2.309991068310563e-05,1.675630753214956e-05,1.4207621051832592e-05,1.3355642203263121e-05,1.1873335098053941e-05,9.540813397024848e-06,9.195137665182421e-06,6.883279110198875e-06,5.370752593842606e-06,4.375906623119773e-06,4.124729396251038e-06,2.4421251765320067e-06,1.4259632292990093e-06],[0.036337118274441214,0.0009098254018170722,0.0004923391671113653,0.0003147063572347399,0.00023019480385520137,0.0001831276764076008,0.00015421580287020614,8.967390651002204e-05,6.783789490387614e-05,2.0800049285407826e-18]]","[[493.249523472008,259.3155638768555,219.34766548159106,182.69048460444037,149.34176873294834,139.8823110381165,127.45508590555716,103.67481985576804,92.21811308023099,88.9926945590207,86.9319001198511,71.8432407434568,66.43131197486345,59.87086843416599,55.71662000289082,54.91622546651539,50.69915502062711,45.19189543562701,43.158568733325545,41.46455473859853,36.18397278295872,35.34369828579487,35.184854101328504,33.62503052155534,30.947266350936772,30.3047789384516,29.695401568992565,26.75159141493728,26.73237492494285,25.60821476846905,25.48296926398514,24.493409845846493,23.860011949991172,23.667766599894254,23.029059718911363,21.715419462100876,20.847994104793695,20.22232520784444,19.567168405049486,19.454750056425002,18.347057286216053,17.656129275198484,16.80769747129716,16.521667337916252,15.634412589127907,14.938334213015617,14.358819432588886,13.71449839592815,13.035741762725436],[7.118458946348915,0.09386344412330352,0.057027997528596074,0.05436075967248621,0.032430807960290346,0.0290791991679724,0.026919525749579253,0.021232698498478638,0.01579364731513195,0.013533464297707264,0.012989464947179246,0.01053658683206618,0.009865223477651341,0.009296837897992901,0.006986506934814458,0.006872955205157623,0.0058730030526661535,0.005002854130458422,0.004466950175524345,0.004351888151081656,0.0033913371885798565,0.0032045932494338537,0.0029513805079730065,0.0027731768300307356,0.0021175230682146094,0.001899986551706167,0.0014710553879401487,0.0010924134278751582,0.0007294133517326569,0.000571508814847799,0.0004282469419547709,0.0003179847338659128]]",,,,,,,,,,,,,,0.6466547499876469,32,7,2
43,MNISTPatchClassifier,MNIST patch filters=32 kernel=7 stride=2 lr=1e-02,1.0,0.01,Muon,0,5,512,64,2.302632143157712,,0.8984375,full_patch_and_classifier_activation,2.287144279735716,1.5904922530589318,1.474235459420433,2.585235392257173e-05,4.065762025841642e-05,"[[0.007895726857681343,0.0012394932625777314,0.0008752288080214348,0.0007745792025473814,0.0005439481510153952,0.00041061592176124114,0.0003190836923083844,0.00026817921100837446,0.00022888641779740518,0.00018576721413854689,0.0001697598979149454,0.00016374872345434867,0.00013373497604923576,0.00012741877980942192,9.770921675435234e-05,8.478260548595448e-05,8.091802934072812e-05,7.272650041780411e-05,6.42947229308436e-05,5.6714681325602774e-05,4.493676631543569e-05,4.168664648433773e-05,3.26968478901325e-05,2.713853260076378e-05,2.51855364075324e-05,2.1614894601426212e-05,1.939239829304118e-05,1.6742963871101762e-05,1.4504924494009843e-05,1.2536024295306274e-05,1.0115766350595178e-05,6.681858782734259e-06],[0.011686375532535317,0.0011073494125558522,0.0006484147395193918,0.000447233373568063,0.00028396898937415753,0.00021845856352212755,0.00017676837364245834,0.000125598973635388,0.00010896601478441723,7.866817788055233e-19]]","[[493.249523472008,259.3155638768555,219.34766548159106,182.69048460444037,149.34176873294834,139.8823110381165,127.45508590555716,103.67481985576804,92.21811308023099,88.9926945590207,86.9319001198511,71.8432407434568,66.43131197486345,59.87086843416599,55.71662000289082,54.91622546651539,50.69915502062711,45.19189543562701,43.158568733325545,41.46455473859853,36.18397278295872,35.34369828579487,35.184854101328504,33.62503052155534,30.947266350936772,30.3047789384516,29.695401568992565,26.75159141493728,26.73237492494285,25.60821476846905,25.48296926398514,24.493409845846493,23.860011949991172,23.667766599894254,23.029059718911363,21.715419462100876,20.847994104793695,20.22232520784444,19.567168405049486,19.454750056425002,18.347057286216053,17.656129275198484,16.80769747129716,16.521667337916252,15.634412589127907,14.938334213015617,14.358819432588886,13.71449839592815,13.035741762725436],[2.3154860849287364,0.09653916467633374,0.0881821439529388,0.05653180274158592,0.0454817084131635,0.039829817336603394,0.030355911900579347,0.026285377869875427,0.022987578354097697,0.01892028748932562,0.018403815122633487,0.017187773157030423,0.013810702920784424,0.011560836507838916,0.011134239397131037,0.010501854942351788,0.009816389932064117,0.00914639322395458,0.008741502299377814,0.007437207566979092,0.007229213936898195,0.007118286468570114,0.006368846153712813,0.005987726868635463,0.005655598515015411,0.005069925952112425,0.00490061082402486,0.004609482880598209,0.004100041913054463,0.0036601748252962692,0.0035435935476131166,0.002904962928228398]]",,,,,,,,,,,,,,0.7012667499948293,32,7,2
44,MNISTPatchClassifier,MNIST patch filters=32 kernel=7 stride=2 lr=1e-02,1.0,0.01,Adam,1,0,512,64,2.3025671770494394,0.00027268574199768025,0.931640625,full_patch_and_classifier_activation,3.044768428383464,1.5980788096753078,1.9662344948103745,8.866268211982532e-06,1.8895116224540728e-05,"[[0.004251642369991621,0.0008117172592335887,0.0005302739866432615,0.0004789895339227809,0.00040247075607833063,0.00038249636091806466,0.00030377116258170845,0.00021627184715324946,0.0001929979718934753,0.0001678070566955009,0.00015291058975520208,0.000131589028909595,0.00010708462187963234,0.00010187617595637275,7.32912439906284e-05,6.937383956164231e-05,6.0043806929899386e-05,5.2721060900813213e-05,5.0243766790372164e-05,4.647579902304076e-05,3.751669270162674e-05,3.478161508258716e-05,3.082417112070904e-05,2.8773539760516587e-05,2.4260134409297865e-05,2.125173749410821e-05,1.8887640772341353e-05,1.7370383365615896e-05,1.4696675557489138e-05,1.3645334667489128e-05,1.1353480616102685e-05,9.409780777592698e-06],[0.004021102818092192,0.0006095241397871497,0.00041157532927180173,0.00037356631070547934,0.000184690511125373,0.00014321891674214424,0.00011301442243207142,9.281797835846144e-05,7.913412437434312e-05,2.256932362948005e-19]]","[[486.28874669539056,259.27414960329753,213.03936384515686,184.23653009260758,145.06839137811886,136.90298852550637,129.07237700138333,103.17078888661877,89.65221735447119,88.90553091164806,86.5891683289304,71.28863050046226,65.68077277510008,61.69168310165961,53.970330507961606,53.302681667427414,50.78796275514989,45.00095488432484,43.021585534356205,42.339045430686994,35.99668744174552,35.466766946876426,33.97571937757405,33.727994930346064,31.154524976410887,30.35060916458369,29.260952928368337,27.047701107549777,26.29809746742937,25.425285709269765,24.80681480954793,24.356928793594285,24.12683638212423,23.55399454184446,22.34737686589061,21.723997328406305,20.87077286047728,20.188830626765483,20.055269065445508,19.35292196773006,18.432453955544425,17.740179845625764,17.047117710720165,16.869937783566197,15.79824680439517,15.043429935784632,14.580386897168548,13.70175004983193,12.861489379973637],[1.3819292953051125,0.08443514683024485,0.04228567707676558,0.034058685434037464,0.03190153814704402,0.02073470092212733,0.019349534155479256,0.01801123837259869,0.015027122020665404,0.013208322933419541,0.012579881207902446,0.011831956341237165,0.011025904314296172,0.009896906941487578,0.009188038391431638,0.008497712087088872,0.007616126075978097,0.007110393317494316,0.007085022139776772,0.0067573445849998925,0.006144286331857479,0.006062901070451628,0.0056317091608386795,0.005247785845350928,0.0050719515767644625,0.004697573303021558,0.0045518259256547055,0.00430011167455166,0.003958242734561941,0.0038358710528308125,0.0035777458276963583,0.003053340853715341]]","[[0.045314278940928106,0.01901695011741258,0.015554543031178213,0.014947014779931201,0.01142775018404382,0.00959635542084319,0.008462911476988532,0.007905803634871514,0.0072764573956699465,0.0064965613163404014,0.005615992731100544,0.005535376538782841,0.004929539593813892,0.004616312221027777,0.0037950109407869073,0.003527409031231024,0.003063180223866119,0.0023291520020780236,0.0021097408516217754,5.615017929021269e-06,1.3659949375999461e-06,1.055701544268103e-06,8.236833278106648e-07,6.90957147450252e-07,4.0246235055537406e-07,2.3644749241278826e-07,1.2136778816017515e-07,7.113678532891144e-08,4.7903752938134375e-08,4.551257708279406e-08,1.5666545691740194e-08,9.839658509170723e-09],[0.02241048750171878,0.009402455440731849,0.007459531989356391,0.0058372513902692,0.004118224451246911,0.003722557559479091,0.0016095627304770883,4.767692016831443e-06,1.4104486856513554e-06,2.402086007965649e-07]]",6.811999000721608,1.559493645633543,0.3562723473245587,0.09758744450776795,0.26014985222950654,0.00025370045866145955,0.6454810375813368,0.003914683065838242,0.06480740698407861,0.045314278940928106,0.15123878974679142,0.1492493944772365,0.05775674991309643,32,7,2
45,MNISTPatchClassifier,MNIST patch filters=32 kernel=7 stride=2 lr=1e-02,1.0,0.01,Muon,1,0,512,64,2.3025671770494394,0.00014770093082017155,0.931640625,full_patch_and_classifier_activation,3.044768428383464,1.5980788096753078,1.9662344948103745,8.866268211982532e-06,1.8895116224540728e-05,"[[0.004251642369991621,0.0008117172592335887,0.0005302739866432615,0.0004789895339227809,0.00040247075607833063,0.00038249636091806466,0.00030377116258170845,0.00021627184715324946,0.0001929979718934753,0.0001678070566955009,0.00015291058975520208,0.000131589028909595,0.00010708462187963234,0.00010187617595637275,7.32912439906284e-05,6.937383956164231e-05,6.0043806929899386e-05,5.2721060900813213e-05,5.0243766790372164e-05,4.647579902304076e-05,3.751669270162674e-05,3.478161508258716e-05,3.082417112070904e-05,2.8773539760516587e-05,2.4260134409297865e-05,2.125173749410821e-05,1.8887640772341353e-05,1.7370383365615896e-05,1.4696675557489138e-05,1.3645334667489128e-05,1.1353480616102685e-05,9.409780777592698e-06],[0.004021102818092192,0.0006095241397871497,0.00041157532927180173,0.00037356631070547934,0.000184690511125373,0.00014321891674214424,0.00011301442243207142,9.281797835846144e-05,7.913412437434312e-05,2.256932362948005e-19]]","[[486.28874669539056,259.27414960329753,213.03936384515686,184.23653009260758,145.06839137811886,136.90298852550637,129.07237700138333,103.17078888661877,89.65221735447119,88.90553091164806,86.5891683289304,71.28863050046226,65.68077277510008,61.69168310165961,53.970330507961606,53.302681667427414,50.78796275514989,45.00095488432484,43.021585534356205,42.339045430686994,35.99668744174552,35.466766946876426,33.97571937757405,33.727994930346064,31.154524976410887,30.35060916458369,29.260952928368337,27.047701107549777,26.29809746742937,25.425285709269765,24.80681480954793,24.356928793594285,24.12683638212423,23.55399454184446,22.34737686589061,21.723997328406305,20.87077286047728,20.188830626765483,20.055269065445508,19.35292196773006,18.432453955544425,17.740179845625764,17.047117710720165,16.869937783566197,15.79824680439517,15.043429935784632,14.580386897168548,13.70175004983193,12.861489379973637],[1.3819292953051125,0.08443514683024485,0.04228567707676558,0.034058685434037464,0.03190153814704402,0.02073470092212733,0.019349534155479256,0.01801123837259869,0.015027122020665404,0.013208322933419541,0.012579881207902446,0.011831956341237165,0.011025904314296172,0.009896906941487578,0.009188038391431638,0.008497712087088872,0.007616126075978097,0.007110393317494316,0.007085022139776772,0.0067573445849998925,0.006144286331857479,0.006062901070451628,0.0056317091608386795,0.005247785845350928,0.0050719515767644625,0.004697573303021558,0.0045518259256547055,0.00430011167455166,0.003958242734561941,0.0038358710528308125,0.0035777458276963583,0.003053340853715341]]","[[0.010000000000000005,0.010000000000000004,0.010000000000000004,0.010000000000000002,0.010000000000000002,0.01,0.01,0.01,0.01,0.01,0.009999999999999998,0.009999999999999998,0.009999999999999998,0.009999999999999998,0.009999999999999998,0.009999999999999998,0.009999999999999998,0.009999999999999998,0.009999999999999997,0.009999999999999997,0.009999999999999997,0.009999999999999997,0.009999999999999997,0.009999999999999997,0.009999999999999997,0.009999999999999995,0.009999999999999995,0.009999999999999995,0.009999999999999993,0.009999999999999993,0.009999999999999992,0.00999999999999999],[0.010000000000000005,0.010000000000000005,0.01,0.01,0.01,0.01,0.009999999999999998,0.009999999999999998,0.009999999999999998,0.009999999999999997]]",21.0,20.99999999999997,0.9999999999999999,0.9999999999999987,0.9999999999999989,0.00014875463976023274,0.3784711297885386,0.0022953339237408105,0.0648074069840786,0.010000000000000005,0.15123878974679136,0.15947563394512287,0.11252354178577662,32,7,2
44,MNISTPatchClassifier,MNIST patch filters=32 kernel=7 stride=2 lr=1e-02,1.0,0.01,Adam,1,1,512,64,2.302368516132135,0.0004771031949624138,0.91015625,full_patch_and_classifier_activation,2.1082462551616685,1.5964671121057066,1.3381479135195464,3.234966374080792e-05,4.4820870526703045e-05,"[[0.006554293643183848,0.0009285319158774351,0.0007691733381275772,0.000518797691989262,0.00034746369890333105,0.000299902119152858,0.0002451402247089104,0.00020626854788489743,0.00020142532000000206,0.0001725186456109241,0.00013258126449925501,0.00012364718592635832,0.0001141965132079591,9.11035772240846e-05,7.653010135480564e-05,7.147850964586142e-05,5.5008242984712896e-05,5.092996054761567e-05,4.7973772986710484e-05,4.5379522805074725e-05,4.092900381387615e-05,3.411212126523354e-05,2.9060606252585303e-05,2.51111528617848e-05,2.32529646594367e-05,2.0891366919300844e-05,1.8795366175370433e-05,1.4974366094879686e-05,1.000919342509663e-05,9.722248797059426e-06,8.468046687961173e-06,6.565341271255497e-06],[0.011077461310587637,0.0006386948047848677,0.00041940016952807875,0.00031103373958012165,0.00022122014033782407,0.00017109536603216884,0.00012320051939275018,0.00010105590453473211,4.3646288065659185e-05,1.0665449300586487e-18]]","[[486.28874669539056,259.27414960329753,213.03936384515686,184.23653009260758,145.06839137811886,136.90298852550637,129.07237700138333,103.17078888661877,89.65221735447119,88.90553091164806,86.5891683289304,71.28863050046226,65.68077277510008,61.69168310165961,53.970330507961606,53.302681667427414,50.78796275514989,45.00095488432484,43.021585534356205,42.339045430686994,35.99668744174552,35.466766946876426,33.97571937757405,33.727994930346064,31.154524976410887,30.35060916458369,29.260952928368337,27.047701107549777,26.29809746742937,25.425285709269765,24.80681480954793,24.356928793594285,24.12683638212423,23.55399454184446,22.34737686589061,21.723997328406305,20.87077286047728,20.188830626765483,20.055269065445508,19.35292196773006,18.432453955544425,17.740179845625764,17.047117710720165,16.869937783566197,15.79824680439517,15.043429935784632,14.580386897168548,13.70175004983193,12.861489379973637],[1.9538590893722168,0.08813238121215178,0.0483665261478733,0.04260358105353423,0.028824523267194174,0.020947535716583518,0.019218717220618086,0.01759778391588342,0.014759108145990721,0.013118752731681274,0.011830046736943278,0.01116410013585018,0.010503103383662204,0.009776162586308411,0.008495660792035615,0.00780042640170319,0.007237498545606689,0.006565038897431912,0.006219992414802315,0.005813097648987519,0.005607599853607281,0.005371621626007678,0.00508255461646419,0.004870039856613855,0.004534239088663836,0.004198583243884485,0.003958847487570332,0.0033594872902388633,0.003003965311791638,0.0026934081459306083,0.002380242365682781,0.002112874522911202]]","[[0.047920546226185044,0.018025469108143916,0.01571273586290629,0.012401097553907175,0.00997662396474279,0.008614472597357889,0.007551778775190989,0.0060483935812957286,0.005597009411217755,0.00548668097929833,0.004462943279721126,0.003994407402696021,0.003854930195824503,0.003781148613355955,0.0027243522093632045,0.002622834142166203,0.002394275373428236,0.00204767196790772,0.0016285049529045463,0.0015411392045417114,0.0011243616551394522,0.000831250430958101,0.0007635096491016517,0.0005058676363315338,0.0002914663259486143,0.0002396138302239605,0.00018559921039739262,0.0001467627758467928,0.0001269354711127284,0.00011064373540774217,6.949632827804547e-05,3.5428485020159425e-05],[0.023936397658984077,0.009818364730192465,0.006839528890660544,0.0045203959740324415,0.0036057881233652776,0.002553332064574852,0.0021915345684545653,0.0014695234746907738,0.0010590193245499765,0.00038016376586090994]]",6.310184654360755,1.417760119199857,0.3401252029342459,0.09016109322547194,0.24913030166449032,0.00041649312684128095,0.49415114079613026,0.006417174664779239,0.06490288150129524,0.047920546226185044,0.1497002672282561,0.1496520321751657,0.17212854186072946,32,7,2
45,MNISTPatchClassifier,MNIST patch filters=32 kernel=7 stride=2 lr=1e-02,1.0,0.01,Muon,1,1,512,64,2.3024920269366627,0.00021690224937742641,0.91015625,full_patch_and_classifier_activation,2.419176260582126,1.598128296177709,1.5118218940540067,3.1724004536658826e-05,4.7795078888558404e-05,"[[0.005904871508175998,0.0011289797550941628,0.0007506389019955896,0.0005174793738596635,0.00039266166475130103,0.00034367922833794464,0.0002872489204958929,0.00023575152123943416,0.00022044117568110666,0.00020101633398454864,0.00016880763968292115,0.00016498509252276547,0.00011032844168825604,9.416556026177677e-05,8.163064079376237e-05,7.62670603046676e-05,6.597568186662033e-05,5.939792504925203e-05,5.790441173224931e-05,4.500567866942956e-05,4.392142157169317e-05,3.4008582874743145e-05,2.9705537930243424e-05,2.8467367474959974e-05,2.6009510227663204e-05,2.0807362463030113e-05,1.9391741348629394e-05,1.7696244429088604e-05,1.4774701092498573e-05,1.3618186575404182e-05,9.20827872353153e-06,6.608205614292974e-06],[0.008140497029394825,0.0005690468346143584,0.0004048976882434582,0.0002963303736761165,0.000250608458788166,0.00017051969951466977,0.00011633437518733099,8.248518218462595e-05,4.9751160181936575e-05,5.256025425433987e-19]]","[[486.28874669539056,259.27414960329753,213.03936384515686,184.23653009260758,145.06839137811886,136.90298852550637,129.07237700138333,103.17078888661877,89.65221735447119,88.90553091164806,86.5891683289304,71.28863050046226,65.68077277510008,61.69168310165961,53.970330507961606,53.302681667427414,50.78796275514989,45.00095488432484,43.021585534356205,42.339045430686994,35.99668744174552,35.466766946876426,33.97571937757405,33.727994930346064,31.154524976410887,30.35060916458369,29.260952928368337,27.047701107549777,26.29809746742937,25.425285709269765,24.80681480954793,24.356928793594285,24.12683638212423,23.55399454184446,22.34737686589061,21.723997328406305,20.87077286047728,20.188830626765483,20.055269065445508,19.35292196773006,18.432453955544425,17.740179845625764,17.047117710720165,16.869937783566197,15.79824680439517,15.043429935784632,14.580386897168548,13.70175004983193,12.861489379973637],[1.452807838329406,0.08732339141189197,0.04603648360450945,0.04187194974928703,0.0328436403055316,0.02168912250312081,0.02023973637465751,0.018407566478018226,0.015409376509797963,0.013949545661774984,0.012584695184799452,0.012085053138504087,0.011017324191973455,0.010629705393899994,0.009371300251436088,0.008595294970895732,0.007854374076568395,0.007813201461697741,0.007248882020726114,0.006925479400264381,0.006588136486440921,0.00610113498721013,0.005592145794263447,0.005475384340674233,0.005312235248376293,0.004966857907568796,0.004530677603818746,0.004477259632796288,0.0037850884538051153,0.0035337164623562823,0.0034912453143806648,0.0029564619592827874]]","[[0.010000000000000007,0.010000000000000007,0.010000000000000005,0.010000000000000005,0.010000000000000004,0.010000000000000004,0.010000000000000004,0.010000000000000004,0.010000000000000002,0.010000000000000002,0.010000000000000002,0.010000000000000002,0.010000000000000002,0.01,0.01,0.01,0.01,0.01,0.01,0.01,0.01,0.01,0.01,0.01,0.01,0.009999999999999998,0.009999999999999998,0.009999999999999998,0.009999999999999998,0.009999999999999997,0.009999999999999997,0.009999999999999993],[0.009999999999999997,0.009999999999999997,0.009999999999999997,0.009999999999999997,0.009999999999999997,0.009999999999999995,0.009999999999999995,0.009999999999999995,0.009999999999999995,0.009999999999999992]]",21.000000000000004,20.99999999999998,1.0,0.9999999999999993,0.9999999999999993,0.00021251924458298618,0.32072421783801963,0.0032792431370567924,0.0648074069840786,0.010000000000000007,0.14970026722825608,0.15765319810921077,0.22652404196560383,32,7,2
44,MNISTPatchClassifier,MNIST patch filters=32 kernel=7 stride=2 lr=1e-02,1.0,0.01,Adam,1,2,512,64,2.302244335561559,0.0005700043186491754,0.88671875,full_patch_and_classifier_activation,2.0230676950403574,1.595303005249746,1.2713989570419288,2.9692232327882016e-05,3.801070337764757e-05,"[[0.006341759033033507,0.00100690546424253,0.000780166260212896,0.0003822144438159628,0.0003307598964479871,0.0002971409010317401,0.0002555459246308225,0.00018321017218322967,0.000172820668468627,0.00015550770200100885,0.0001236237267758604,8.973591205770217e-05,8.920293488871961e-05,8.06517991546529e-05,7.323447759587365e-05,5.9744712117823594e-05,5.9695934423336345e-05,5.009628633765759e-05,4.353464959713467e-05,3.588256609715647e-05,2.9521308014110485e-05,2.9249829790314705e-05,2.4827799913160407e-05,2.2762564838177817e-05,2.143571919039626e-05,1.8881838581198863e-05,1.7747344991531393e-05,1.66879406242465e-05,1.1233382083011435e-05,1.0460143063426612e-05,6.700185409216555e-06,4.07022618751523e-06],[0.01575261656567907,0.0007444792586765346,0.0005090413592179796,0.00026320554359468177,0.0001759463904841192,0.00014533699044690603,0.00011773671791898392,9.997384309673546e-05,6.417873238067255e-05,1.4626121046696184e-18]]","[[486.28874669539056,259.27414960329753,213.03936384515686,184.23653009260758,145.06839137811886,136.90298852550637,129.07237700138333,103.17078888661877,89.65221735447119,88.90553091164806,86.5891683289304,71.28863050046226,65.68077277510008,61.69168310165961,53.970330507961606,53.302681667427414,50.78796275514989,45.00095488432484,43.021585534356205,42.339045430686994,35.99668744174552,35.466766946876426,33.97571937757405,33.727994930346064,31.154524976410887,30.35060916458369,29.260952928368337,27.047701107549777,26.29809746742937,25.425285709269765,24.80681480954793,24.356928793594285,24.12683638212423,23.55399454184446,22.34737686589061,21.723997328406305,20.87077286047728,20.188830626765483,20.055269065445508,19.35292196773006,18.432453955544425,17.740179845625764,17.047117710720165,16.869937783566197,15.79824680439517,15.043429935784632,14.580386897168548,13.70175004983193,12.861489379973637],[2.8964991440676773,0.07582186517537641,0.05681322004365687,0.0435091520325046,0.025704815278305496,0.022232918865915496,0.019172907613969392,0.016861556816450827,0.01538851626426991,0.014424653892790084,0.01229750717393437,0.010198961849172164,0.00972594821494375,0.0083605320097975,0.007340094746769913,0.006802417659278373,0.006655208440632695,0.00622828916605161,0.005984191902025253,0.005712781000340818,0.005292750990664289,0.00470953328530007,0.004564836980887337,0.004049646697410919,0.004001197432186036,0.0035136943783357424,0.0032300513095731773,0.002857522591226837,0.0025629203523538043,0.002318369681831799,0.0019415192107641625,0.0011144874409245405]]","[[0.05167582657492339,0.017115599081975175,0.013762770029293523,0.010281186723026803,0.00829802426379594,0.007249431328739905,0.00573237728925031,0.005261751074810865,0.004910996161825319,0.004158859578458579,0.0033388028614367176,0.0031361737563604737,0.0023884626498874863,0.002316887592652748,0.0018922031464910297,0.0017579478380782556,0.0014848875668864172,0.0011888887562615431,0.001068040870293581,0.000897806343921568,0.0008161543980124577,0.0005678928963223334,0.0004554605564414801,0.00035486864680481223,0.0003240722706043064,0.00022834258573559658,0.00019795751400777259,0.00012543826433105408,8.346122346285544e-05,6.319892081708488e-05,3.369505071789263e-05,3.106229150881598e-05],[0.024120813639585716,0.0073815915939261,0.006897664364217628,0.005109313823886855,0.003392903465600553,0.0029769596906472342,0.002264422950343321,0.001547528526002965,0.0010906269831034204,0.0006734048435878219]]",5.319478691636459,1.2960474161755708,0.30918086549512763,0.08419439541225565,0.25475231315734803,0.0004901459591848379,0.4394721970697961,0.0075033403129291226,0.06532370101090307,0.05167582657492339,0.14655075883861063,0.14509972678966326,0.2871685419231653,32,7,2
45,MNISTPatchClassifier,MNIST patch filters=32 kernel=7 stride=2 lr=1e-02,1.0,0.01,Muon,1,2,512,64,2.3023972631381415,0.00023902885254090123,0.88671875,full_patch_and_classifier_activation,2.670016998712334,1.5984610030396458,1.660925450587385,2.95430137897632e-05,4.831364825706005e-05,"[[0.006068452516124847,0.001325047213391799,0.0010923993738236866,0.0006285557665000085,0.0004527013101079195,0.00041892468851633335,0.00032703500644195113,0.00028056555251607134,0.00024640077244300564,0.00020687451926775655,0.00016211596082067509,0.00013597795505156536,0.00012771381632380413,0.00011244347882180849,9.740210458262179e-05,7.627758330635138e-05,6.939900569579214e-05,6.092347575278774e-05,5.625638151148322e-05,5.295834679818449e-05,5.023006135123161e-05,4.152676689030948e-05,3.340002825698613e-05,3.0510996862246142e-05,2.9725921447327773e-05,2.6463935943203233e-05,1.985543768546905e-05,1.711520974534029e-05,1.6362291068977826e-05,1.2810072847985825e-05,1.1237104657815015e-05,7.927318760232008e-06],[0.008393310387074847,0.0008095752364825862,0.0006448826836520484,0.0003371126814723034,0.00024180808346212237,0.00015304539188628973,0.00013693385233716265,0.00010573113716505513,5.2756417467754696e-05,6.9313450413882615e-19]]","[[486.28874669539056,259.27414960329753,213.03936384515686,184.23653009260758,145.06839137811886,136.90298852550637,129.07237700138333,103.17078888661877,89.65221735447119,88.90553091164806,86.5891683289304,71.28863050046226,65.68077277510008,61.69168310165961,53.970330507961606,53.302681667427414,50.78796275514989,45.00095488432484,43.021585534356205,42.339045430686994,35.99668744174552,35.466766946876426,33.97571937757405,33.727994930346064,31.154524976410887,30.35060916458369,29.260952928368337,27.047701107549777,26.29809746742937,25.425285709269765,24.80681480954793,24.356928793594285,24.12683638212423,23.55399454184446,22.34737686589061,21.723997328406305,20.87077286047728,20.188830626765483,20.055269065445508,19.35292196773006,18.432453955544425,17.740179845625764,17.047117710720165,16.869937783566197,15.79824680439517,15.043429935784632,14.580386897168548,13.70175004983193,12.861489379973637],[1.558390687388103,0.09396539282209068,0.06309404611935021,0.044493873440650436,0.03589206391715481,0.025485505065957224,0.02138084291471162,0.01958455460621063,0.01590792192295011,0.01501381795430963,0.014484794406057823,0.01248410987328184,0.011383297380178469,0.010568578930110305,0.00973499528252543,0.009380525477106326,0.008270587600194708,0.008241862438771856,0.007627751374619248,0.007112915534693361,0.006557623931105809,0.006426282931463821,0.005829418960037922,0.00562952789847571,0.005314681918520199,0.005068128546737444,0.004903841509947356,0.004433888104993491,0.0038589683291966105,0.00350819971187593,0.0034202364477732197,0.0026643745390544787]]","[[0.010000000000000005,0.010000000000000005,0.010000000000000005,0.010000000000000004,0.010000000000000002,0.010000000000000002,0.010000000000000002,0.010000000000000002,0.010000000000000002,0.01,0.01,0.01,0.01,0.01,0.01,0.01,0.01,0.01,0.01,0.009999999999999998,0.009999999999999998,0.009999999999999998,0.009999999999999998,0.009999999999999998,0.009999999999999997,0.009999999999999997,0.009999999999999997,0.009999999999999997,0.009999999999999997,0.009999999999999997,0.009999999999999997,0.009999999999999992],[0.01,0.01,0.009999999999999998,0.009999999999999997,0.009999999999999997,0.009999999999999997,0.009999999999999997,0.009999999999999995,0.009999999999999993,0.009999999999999993]]",20.999999999999993,20.99999999999998,0.9999999999999998,0.9999999999999991,0.9999999999999993,0.0002317074584431574,0.3367857998518948,0.003575323704898139,0.0648074069840786,0.010000000000000005,0.14655075883861066,0.1529529624882016,0.3423837497830391,32,7,2
44,MNISTPatchClassifier,MNIST patch filters=32 kernel=7 stride=2 lr=1e-02,1.0,0.01,Adam,1,3,512,64,2.302001017965758,0.0008006584144912843,0.88671875,full_patch_and_classifier_activation,1.7752397926041468,1.5950163978867786,1.142287312333151,3.8139404029977764e-05,4.656672275390693e-05,"[[0.008446836088898345,0.0010747719004749617,0.0007265411400816219,0.000562914123552012,0.00043650510667030747,0.000362469649845193,0.0002561893865185301,0.00016264596988120077,0.00015722488556653218,0.00014219783711621968,0.00011976563079180432,0.00010226015995561955,9.298096271728724e-05,7.28815422064716e-05,6.546232561470594e-05,4.761281604430303e-05,4.631359339263135e-05,3.7440377583270484e-05,3.517045743332189e-05,3.0637865491109165e-05,2.406273526026034e-05,2.1598633182781657e-05,1.3908542351379735e-05,1.3700838202748856e-05,1.1778612745575363e-05,1.1187344246320333e-05,1.022221760523728e-05,8.078362654471645e-06,7.411829680587893e-06,5.0189880845654564e-06,4.513141694725679e-06,3.12362771894269e-06],[0.025346421470413733,0.0011087788647704433,0.000583087681282054,0.0005043920910397968,0.00020159747234317214,0.00014305289789849182,8.287303809731174e-05,6.09115228938892e-05,3.253610872924724e-05,1.8443083360418856e-18]]","[[486.28874669539056,259.27414960329753,213.03936384515686,184.23653009260758,145.06839137811886,136.90298852550637,129.07237700138333,103.17078888661877,89.65221735447119,88.90553091164806,86.5891683289304,71.28863050046226,65.68077277510008,61.69168310165961,53.970330507961606,53.302681667427414,50.78796275514989,45.00095488432484,43.021585534356205,42.339045430686994,35.99668744174552,35.466766946876426,33.97571937757405,33.727994930346064,31.154524976410887,30.35060916458369,29.260952928368337,27.047701107549777,26.29809746742937,25.425285709269765,24.80681480954793,24.356928793594285,24.12683638212423,23.55399454184446,22.34737686589061,21.723997328406305,20.87077286047728,20.188830626765483,20.055269065445508,19.35292196773006,18.432453955544425,17.740179845625764,17.047117710720165,16.869937783566197,15.79824680439517,15.043429935784632,14.580386897168548,13.70175004983193,12.861489379973637],[4.110281538305881,0.08699515272587065,0.06818746451682747,0.05165655071480155,0.028754201039448684,0.026146270482429356,0.01991335064388649,0.018507056255825462,0.017059229004895093,0.014852445768186352,0.010216860840220167,0.01014192857070354,0.00899426776848998,0.008290354723432133,0.008054846971543229,0.007428688226464898,0.007297102423159731,0.006445203266895878,0.0058864709524224235,0.005276124411733787,0.005216009337041733,0.004712171772906803,0.004047665237952809,0.003587689954497665,0.003198287150521263,0.002803902423907513,0.0022310966577984087,0.002174665005672066,0.001754968733314364,0.0015199363492423125,0.0011519291696454428,0.001048890550806318]]","[[0.05170586599936665,0.01981212465084089,0.012352684239038209,0.010103311208191348,0.008768572707072517,0.0069478879404268,0.005855222566736695,0.005066093063662669,0.004629709892312632,0.003739242771687213,0.003354850726658842,0.0029013648598968014,0.002500728790452655,0.002070654521984078,0.0017808141361182579,0.0015629577751552503,0.001523078879200872,0.0012199549891330865,0.0009038396694386904,0.0008830628204772718,0.0007075537340405035,0.0005544103266605693,0.0004291587915744212,0.00035853616094300237,0.00030555794675393006,0.00025714315712783287,0.00021704188335096595,0.00012606871053250036,0.0001178563767474876,0.00010593112303907798,6.472812162275009e-05,3.5548870337999715e-05],[0.02577468160106679,0.007261470995892228,0.0068875770172942136,0.004496870899866645,0.0034822180836634868,0.002814063055696513,0.0023183019071991154,0.0018504891589498742,0.001576815273845709,0.0008717463697894773]]",5.191705353215794,1.2850098592122854,0.3005807864393431,0.08242138330928223,0.258159094155573,0.0006634417055121221,0.3731841071856291,0.010001044967617107,0.06633723852460556,0.05170586599936665,0.14277289536274998,0.1433163441288791,0.4022744579706341,32,7,2
45,MNISTPatchClassifier,MNIST patch filters=32 kernel=7 stride=2 lr=1e-02,1.0,0.01,Muon,1,3,512,64,2.3024007527917467,0.00028388368484710824,0.88671875,full_patch_and_classifier_activation,2.2635848028098136,1.5985271240156,1.4692782774013593,3.926116417866053e-05,6.334417407021528e-05,"[[0.0081983894144805,0.0014279620682801164,0.0007598762745836948,0.0005977774407821408,0.0005238939025725392,0.00046294218747818986,0.00039690978455690927,0.0002654147076384019,0.00022369041609429554,0.0001904971443504462,0.00017346896426292572,0.00016270786188533936,0.0001249228187276464,0.00012077365766273333,0.00010483099314142583,8.458781367066858e-05,8.047719394309444e-05,6.575649228386488e-05,6.203365599060215e-05,5.867517002034515e-05,4.7488104514691596e-05,3.9641117972911525e-05,3.053391384637207e-05,2.833012739298746e-05,2.343639022408302e-05,2.1471879408165837e-05,1.9607196244087428e-05,1.881433303623564e-05,1.718507520528481e-05,1.3307997375705184e-05,9.29739479123435e-06,8.456287017674334e-06],[0.010669208176376193,0.0012342447496027018,0.0005922882226926284,0.0004989279944113984,0.00030448264415217015,0.00017096156812728742,0.00011224504951182007,9.912811904331246e-05,6.045241641890457e-05,7.147693306376983e-19]]","[[486.28874669539056,259.27414960329753,213.03936384515686,184.23653009260758,145.06839137811886,136.90298852550637,129.07237700138333,103.17078888661877,89.65221735447119,88.90553091164806,86.5891683289304,71.28863050046226,65.68077277510008,61.69168310165961,53.970330507961606,53.302681667427414,50.78796275514989,45.00095488432484,43.021585534356205,42.339045430686994,35.99668744174552,35.466766946876426,33.97571937757405,33.727994930346064,31.154524976410887,30.35060916458369,29.260952928368337,27.047701107549777,26.29809746742937,25.425285709269765,24.80681480954793,24.356928793594285,24.12683638212423,23.55399454184446,22.34737686589061,21.723997328406305,20.87077286047728,20.188830626765483,20.055269065445508,19.35292196773006,18.432453955544425,17.740179845625764,17.047117710720165,16.869937783566197,15.79824680439517,15.043429935784632,14.580386897168548,13.70175004983193,12.861489379973637],[1.7196577166390385,0.1019693180677583,0.07696784530269779,0.04824301740543576,0.0376545097523826,0.030853456367007957,0.02247067811476763,0.020017186935147476,0.016974314793850413,0.016939439798347614,0.015302040351686183,0.013067045571298444,0.011846498813542673,0.010946351905992519,0.010647484845065294,0.010329230722466698,0.009219595937298536,0.008463280012534947,0.008308111311109338,0.007389548168168942,0.007056821307453337,0.006625352656669531,0.006353724863632134,0.005745916635740308,0.005537839528838482,0.005357744336367466,0.004969636531464012,0.004542112784603725,0.0044352031747259615,0.0034760661352503715,0.0030322140164299283,0.0024946662251190905]]","[[0.010000000000000009,0.010000000000000004,0.010000000000000004,0.010000000000000002,0.010000000000000002,0.010000000000000002,0.010000000000000002,0.010000000000000002,0.010000000000000002,0.010000000000000002,0.010000000000000002,0.010000000000000002,0.010000000000000002,0.010000000000000002,0.010000000000000002,0.010000000000000002,0.010000000000000002,0.010000000000000002,0.010000000000000002,0.010000000000000002,0.010000000000000002,0.009999999999999998,0.009999999999999998,0.009999999999999998,0.009999999999999998,0.009999999999999998,0.009999999999999997,0.009999999999999997,0.009999999999999997,0.009999999999999995,0.009999999999999995,0.009999999999999995],[0.010000000000000005,0.010000000000000005,0.010000000000000004,0.010000000000000004,0.010000000000000002,0.010000000000000002,0.010000000000000002,0.01,0.009999999999999998,0.009999999999999998]]",21.0,20.999999999999968,1.0,0.9999999999999988,0.9999999999999988,0.00028105096719771734,0.31694144830090015,0.004336710574869379,0.06480740698407861,0.010000000000000009,0.14277289536274992,0.1470021943022874,0.4578413749113679,32,7,2
44,MNISTPatchClassifier,MNIST patch filters=32 kernel=7 stride=2 lr=1e-02,1.0,0.01,Adam,1,4,512,64,2.30062322787094,0.0010994356319669052,0.88671875,full_patch_and_classifier_activation,1.6134779322873471,1.5948942932448447,1.0832955559273998,1.744928537442168e-05,2.2258823234415274e-05,"[[0.01191664733478939,0.001483820840537116,0.0007556718691347693,0.0004860997558034732,0.00036316716299730783,0.0003121224242565363,0.00025107322630897686,0.0002010150186419506,0.00017479183280160617,0.00013969127821666902,0.0001204077226911762,0.00010766380525856529,8.322748198598489e-05,7.706190560897949e-05,5.9634395630112206e-05,4.862356802995379e-05,4.3100069491285736e-05,3.571372319243121e-05,3.0469270289768983e-05,2.3723882883398652e-05,2.174702157823662e-05,2.0503999075719527e-05,1.63361458978701e-05,1.5008320141685837e-05,1.1362045706341953e-05,8.878003810645727e-06,8.128615191245364e-06,6.7853677711748e-06,6.297711277293579e-06,5.141332956511409e-06,4.425875669868456e-06,3.899983213890343e-06],[0.022729877306530474,0.0012183291005798999,0.0006526629997530181,0.0003762619153045491,0.0002788873426721453,0.00015974378892751756,0.00013024206235429713,0.00011223230889941091,7.91196915932485e-05,1.1700994490885684e-18]]","[[486.28874669539056,259.27414960329753,213.03936384515686,184.23653009260758,145.06839137811886,136.90298852550637,129.07237700138333,103.17078888661877,89.65221735447119,88.90553091164806,86.5891683289304,71.28863050046226,65.68077277510008,61.69168310165961,53.970330507961606,53.302681667427414,50.78796275514989,45.00095488432484,43.021585534356205,42.339045430686994,35.99668744174552,35.466766946876426,33.97571937757405,33.727994930346064,31.154524976410887,30.35060916458369,29.260952928368337,27.047701107549777,26.29809746742937,25.425285709269765,24.80681480954793,24.356928793594285,24.12683638212423,23.55399454184446,22.34737686589061,21.723997328406305,20.87077286047728,20.188830626765483,20.055269065445508,19.35292196773006,18.432453955544425,17.740179845625764,17.047117710720165,16.869937783566197,15.79824680439517,15.043429935784632,14.580386897168548,13.70175004983193,12.861489379973637],[5.452991839737736,0.10791502955117689,0.07224279268221669,0.061740415469162604,0.03471897218366918,0.029545732264340797,0.02234184807731855,0.021038052985427023,0.017667500637817236,0.0159465720810329,0.012601815208921183,0.01149434474151344,0.009588274775010047,0.00895250676055398,0.00828986524501464,0.007986331653936947,0.0076067487969350926,0.006137716726687169,0.00590742211421947,0.0055388241827588,0.004901377142900801,0.004388957266199239,0.004017793695422515,0.003865742374631729,0.0028398845600149814,0.0020556978909040432,0.002029370300259254,0.0015406333122439378,0.0011169580607514034,0.0008672003673053626,0.0007338700285514808,0.0006442967014911921]]","[[0.056793479996066716,0.01663327080131795,0.011399347896783159,0.00923250801840402,0.007006273466557109,0.005761655060199582,0.004434589802904414,0.0034858073493400812,0.0031707859335586785,0.0025704792608976018,0.0024198817280981053,0.002135821444630106,0.0016457409192380903,0.00140315009326462,0.001314828618061038,0.0010331055505559035,0.0009167241025309286,0.0008250085575160147,0.0007293423752407736,0.0005953032270518917,0.00048369645767734176,0.0004584171700966924,0.00029584466444394173,0.00023157609071793205,0.00016681749127524692,0.00014326576077402603,9.771377111191162e-05,6.708674512788321e-05,5.862995765626834e-05,4.330394739548761e-05,3.3617249325254954e-05,3.0218331285394785e-05],[0.025470476247317398,0.0067540990592073824,0.004942602968608747,0.004408694539173448,0.003494835532674346,0.0022031366055128686,0.0017675634585153455,0.0015745136794648841,0.0012940823081915027,0.0009887306111643504]]",4.2092146483996995,1.1882461044488526,0.2575159069295865,0.07759096203779343,0.2867464607134049,0.0009681037058167016,0.5518619892184823,0.014223572052366332,0.06806333192903123,0.056793479996066716,0.1388038730468133,0.1363556871594735,0.5192282497882843,32,7,2
45,MNISTPatchClassifier,MNIST patch filters=32 kernel=7 stride=2 lr=1e-02,1.0,0.01,Muon,1,4,512,64,2.302114111754025,0.0002479677351390208,0.84765625,full_patch_and_classifier_activation,2.592777455920911,1.5988230880982794,1.6989137038963056,1.728504017011203e-05,3.298266170718741e-05,"[[0.006849830708562068,0.0012662789728269078,0.0008720756739473335,0.000584634136164548,0.0005438046203693063,0.0004168759747601055,0.00033087686848768473,0.00026149127655738965,0.0002382795666083383,0.00020019023830755443,0.00016171336406648113,0.00013552620858329074,0.00012299133976063594,0.00010127840711172682,9.817544339647211e-05,7.804913747420317e-05,7.215990393822249e-05,6.781920612495228e-05,6.450689727416695e-05,5.8281042379033354e-05,4.472321784908717e-05,4.115236863485068e-05,3.260649912656759e-05,3.133510390186486e-05,2.8850045657782337e-05,2.681389089783819e-05,2.2721858731512997e-05,2.194282065710166e-05,1.9598297883599112e-05,1.4739462452207598e-05,1.2880358985997084e-05,7.90817908518514e-06],[0.007346271488004883,0.0012278903923259963,0.000624628716249157,0.00037189987716162244,0.0002801555053183045,0.00018724757590705764,0.00015650626676468897,0.00011711335536479406,8.544591028671716e-05,4.564474924603393e-19]]","[[486.28874669539056,259.27414960329753,213.03936384515686,184.23653009260758,145.06839137811886,136.90298852550637,129.07237700138333,103.17078888661877,89.65221735447119,88.90553091164806,86.5891683289304,71.28863050046226,65.68077277510008,61.69168310165961,53.970330507961606,53.302681667427414,50.78796275514989,45.00095488432484,43.021585534356205,42.339045430686994,35.99668744174552,35.466766946876426,33.97571937757405,33.727994930346064,31.154524976410887,30.35060916458369,29.260952928368337,27.047701107549777,26.29809746742937,25.425285709269765,24.80681480954793,24.356928793594285,24.12683638212423,23.55399454184446,22.34737686589061,21.723997328406305,20.87077286047728,20.188830626765483,20.055269065445508,19.35292196773006,18.432453955544425,17.740179845625764,17.047117710720165,16.869937783566197,15.79824680439517,15.043429935784632,14.580386897168548,13.70175004983193,12.861489379973637],[1.8025712483541418,0.10871228891746407,0.08846728510674429,0.051067908315756284,0.040374722193965346,0.033195739737150586,0.02406871653186525,0.021156869922379383,0.01866306214300163,0.017155259481892608,0.01647813789974837,0.014433869122307543,0.012942742335488039,0.012159213842665514,0.01094687615048951,0.009840626823500963,0.00945904442480241,0.008392739780148536,0.008144555622436284,0.008074277824208493,0.0071891917926642495,0.006682259948566806,0.006026813057531315,0.005958484999122599,0.005577106146111965,0.00540989922060268,0.005053459719623572,0.004629165118682822,0.004117868005644476,0.0032151168170755176,0.003039710429833713,0.0024784956094800175]]","[[0.010000000000000005,0.010000000000000004,0.010000000000000004,0.010000000000000004,0.010000000000000002,0.010000000000000002,0.010000000000000002,0.01,0.01,0.01,0.01,0.01,0.01,0.01,0.009999999999999998,0.009999999999999998,0.009999999999999998,0.009999999999999998,0.009999999999999998,0.009999999999999998,0.009999999999999998,0.009999999999999998,0.009999999999999998,0.009999999999999998,0.009999999999999997,0.009999999999999997,0.009999999999999997,0.009999999999999995,0.009999999999999995,0.009999999999999995,0.009999999999999995,0.009999999999999995],[0.010000000000000005,0.010000000000000002,0.010000000000000002,0.01,0.01,0.01,0.01,0.009999999999999998,0.009999999999999997,0.009999999999999995]]",20.999999999999996,20.99999999999997,0.9999999999999998,0.9999999999999988,0.9999999999999989,0.00023227270177947232,0.3470585820745076,0.003584045598931852,0.06480740698407861,0.010000000000000005,0.13880387304681333,0.14098909414789812,0.57549470779486,32,7,2
44,MNISTPatchClassifier,MNIST patch filters=32 kernel=7 stride=2 lr=1e-02,1.0,0.01,Adam,1,5,512,64,2.3007381402652363,,0.88671875,full_patch_and_classifier_activation,1.7545982006580134,1.5947599580706395,1.11999013026873,3.364525217899886e-05,3.9466947088533146e-05,"[[0.009592975996637212,0.0017725863597680884,0.0008879498308746632,0.0005649637207385706,0.0004064204693204164,0.00033265257939813094,0.00027062513358614055,0.00021617432773801418,0.000156812166748488,0.00012461680926997541,0.00010191914299841913,8.702674817050847e-05,7.325616802325836e-05,7.233791687811871e-05,5.797262343569857e-05,4.819509770851085e-05,4.3169455281331976e-05,3.362475111236065e-05,2.8190428333493233e-05,2.7458792267347607e-05,2.4995769880554263e-05,2.105318987795269e-05,1.923725621161089e-05,1.604118235693311e-05,1.3160643937857088e-05,1.0029277339027769e-05,8.388384175113407e-06,6.487078843174831e-06,5.074271659962801e-06,4.2758586996839116e-06,3.100787228097489e-06,1.2768901584568446e-06],[0.040814447650094815,0.0014471162975084515,0.0006345994876681136,0.0005888723105358611,0.00029936464062696027,0.00019395472721213684,0.00015104221857412424,9.032943278264183e-05,3.760304974619091e-05,2.624108591831958e-18]]","[[486.28874669539056,259.27414960329753,213.03936384515686,184.23653009260758,145.06839137811886,136.90298852550637,129.07237700138333,103.17078888661877,89.65221735447119,88.90553091164806,86.5891683289304,71.28863050046226,65.68077277510008,61.69168310165961,53.970330507961606,53.302681667427414,50.78796275514989,45.00095488432484,43.021585534356205,42.339045430686994,35.99668744174552,35.466766946876426,33.97571937757405,33.727994930346064,31.154524976410887,30.35060916458369,29.260952928368337,27.047701107549777,26.29809746742937,25.425285709269765,24.80681480954793,24.356928793594285,24.12683638212423,23.55399454184446,22.34737686589061,21.723997328406305,20.87077286047728,20.188830626765483,20.055269065445508,19.35292196773006,18.432453955544425,17.740179845625764,17.047117710720165,16.869937783566197,15.79824680439517,15.043429935784632,14.580386897168548,13.70175004983193,12.861489379973637],[7.042807308456402,0.11605472297048752,0.07470352034925429,0.0691268533382568,0.03302514518140834,0.031006140674372653,0.025066355057881223,0.023843019352014605,0.01879885519344022,0.016096431335088184,0.013526904763397195,0.011791641380164985,0.010650132628209453,0.008900009299405489,0.008324451805883879,0.007949633483329588,0.0073266092565019755,0.006818342458150258,0.00582913883877884,0.005093910835145796,0.004268039853204802,0.0035327838577954482,0.0034419256645152477,0.00327764947375267,0.0025646723095805366,0.002520638115755154,0.0016740418336899843,0.0014903316172455924,0.0008435448536028833,0.0006951202759542693,0.0006144514108965478,0.00033540741035670697]]",,,,,,,,,,,,,,0.6357937077991664,32,7,2
45,MNISTPatchClassifier,MNIST patch filters=32 kernel=7 stride=2 lr=1e-02,1.0,0.01,Muon,1,5,512,64,2.302034481383415,,0.88671875,full_patch_and_classifier_activation,2.9054887879175295,1.5987560730623893,1.779897281207123,3.535244159854652e-05,5.9337695104837606e-05,"[[0.00675881531512113,0.001719589288851134,0.0013175325479636549,0.0008182926768240673,0.0005701406230517645,0.0005107092953929658,0.0004156098197188293,0.00037839181033714374,0.0002519244299399803,0.00024090348309210532,0.00021269627848395084,0.00019496624739758297,0.00017400178930442641,0.00014825558603924135,0.00013924622758490455,0.00012123470290580729,0.00010581597894196288,8.671951990592954e-05,7.889354711892608e-05,6.575399637527015e-05,5.68859012979873e-05,4.8495769385931e-05,4.823081782788759e-05,4.097190124602545e-05,3.674224378531298e-05,2.8830472656819164e-05,2.4332971339486715e-05,2.2706059520583245e-05,1.9127019715795103e-05,1.4126296752165269e-05,1.3179801867973143e-05,9.843554264318697e-06],[0.012273163707699408,0.0016635480986755813,0.0006312128210939971,0.0005752475587667084,0.00038481158490401507,0.00027048567419401143,0.0001692789500181841,0.00014275066531033544,5.66269003741507e-05,8.543394351023302e-19]]","[[486.28874669539056,259.27414960329753,213.03936384515686,184.23653009260758,145.06839137811886,136.90298852550637,129.07237700138333,103.17078888661877,89.65221735447119,88.90553091164806,86.5891683289304,71.28863050046226,65.68077277510008,61.69168310165961,53.970330507961606,53.302681667427414,50.78796275514989,45.00095488432484,43.021585534356205,42.339045430686994,35.99668744174552,35.466766946876426,33.97571937757405,33.727994930346064,31.154524976410887,30.35060916458369,29.260952928368337,27.047701107549777,26.29809746742937,25.425285709269765,24.80681480954793,24.356928793594285,24.12683638212423,23.55399454184446,22.34737686589061,21.723997328406305,20.87077286047728,20.188830626765483,20.055269065445508,19.35292196773006,18.432453955544425,17.740179845625764,17.047117710720165,16.869937783566197,15.79824680439517,15.043429935784632,14.580386897168548,13.70175004983193,12.861489379973637],[2.0898560355383604,0.12593133863607528,0.10368016230540199,0.05682720285363178,0.043302794894251276,0.039723925978731416,0.027147989960195972,0.024298613621315104,0.021519163796994846,0.018639475457922054,0.018373627729620777,0.01650037480533972,0.014272077979512751,0.01356929773648336,0.012099253977210568,0.010921816373850809,0.010513237156735048,0.009203237712832404,0.008985394996787348,0.008856368941090365,0.008079156314755377,0.007327845947933662,0.0070174674174206895,0.006234940459344044,0.006019029285627839,0.005656154964577378,0.0050593995300488494,0.00497266611560256,0.004201836698939073,0.0038634987937067366,0.003110494295193129,0.0027086546377272044]]",,,,,,,,,,,,,,0.6910526668652892,32,7,2
46,MNISTPatchClassifier,MNIST patch filters=32 kernel=7 stride=2 lr=1e-02,1.0,0.01,Adam,2,0,512,64,2.3027285849661085,0.00043199534010307516,0.91015625,full_patch_and_classifier_activation,2.4676047368358436,1.61615056709152,1.4905400258464354,4.420631943843761e-05,6.162316457201283e-05,"[[0.006739944161885941,0.0013554622177432028,0.0007807304740846001,0.0007058116335282268,0.0005770748560592277,0.0005571625192409991,0.0005030858246855994,0.0003132105977512285,0.00023278365550615416,0.00021065371330178525,0.00015963462945545775,0.00014176722316078906,0.0001346657412095064,0.00010663644471988124,9.986449355059154e-05,8.025595345985574e-05,7.530151356423491e-05,5.834247901383193e-05,5.1232917848944215e-05,4.772663074859668e-05,4.549712817881873e-05,4.119465703730828e-05,3.666086142472164e-05,3.367512444980007e-05,2.6429316069070636e-05,2.561654195357594e-05,2.0806627885294183e-05,1.7091407963710373e-05,1.6126318526655787e-05,1.3476643849289905e-05,1.1021765215244507e-05,9.179650913051523e-06],[0.009022587299957427,0.0004331601770138463,0.00034956767151209404,0.00028549840596732337,0.00022056367766624304,0.00019541803569563844,9.972697294153684e-05,7.527533617890329e-05,4.874953781871125e-05,5.105878832988805e-19]]","[[479.594662436219,256.2215144027865,214.57435727124826,182.1663032390331,147.1893296343453,139.32190980415552,128.0218411116315,104.31123832451749,91.17786453710958,88.58518655848493,87.69991284327756,71.78805371027745,66.41160128245113,60.51282591096309,54.90768178358891,53.82225475142251,50.86693472784388,45.08141675428369,43.46826899255752,41.726722814615535,36.17073074328796,35.17317960660556,34.79596058552498,33.790513624078955,30.781643480452832,30.117300271737186,29.67695385430035,27.242008436032652,26.62890718005539,25.534446741788425,25.235141306248053,24.728303700811132,23.896161758947827,23.54567329675369,22.816119472767003,21.806789524729414,20.989100163480277,20.366356389380638,19.68484364550203,19.676701640225154,18.366151746700304,17.81151699716961,17.03713031607076,16.626487042601156,15.954986087638042,15.251645792906348,14.527868570052929,13.97291848408352,13.071916837660135],[1.3611607711163936,0.09026397965198601,0.04673623285255502,0.03748295352101427,0.028632913841388816,0.025641612464914885,0.020472085867668518,0.017349010610116174,0.01611988753058177,0.015177700032598863,0.014876101513143539,0.012241898340757177,0.010789931880080199,0.010087099214720558,0.009164704233556021,0.0087234226384464,0.008286161096932174,0.0077845411525404255,0.0074007249102055715,0.007218952262714365,0.00684362516755533,0.006641374587113758,0.006484633842430192,0.0061086414338960855,0.005978248188530904,0.005423620973106302,0.005296713189874993,0.005126108161494844,0.004812715226858151,0.004706168381417396,0.0042323704652357155,0.0041470441826001484]]","[[0.055076480134083415,0.011217353459842648,0.010106290219859534,0.007826777028260411,0.007711906679605677,0.006745842788298807,0.004615808751191641,0.003808311936876314,0.003367123088529493,0.0026617702259107406,0.0024742921622763294,8.768064663826898e-06,4.270772200284844e-06,3.6926331720005197e-06,3.064159341630385e-06,9.70953097614063e-07,7.994444309123176e-07,6.34666927826361e-07,5.678743701503933e-07,3.563837161778086e-07,3.3786342398995304e-07,2.904534421396187e-07,2.6179023919376364e-07,2.1289129702582727e-07,1.0699839498739375e-07,5.7540210786838536e-08,4.157795827359021e-08,3.186740066499397e-08,1.780052350380615e-08,1.4736171097443298e-08,9.758820652649107e-09,8.192538601288479e-09],[0.024821147792655426,0.0058224166373549826,0.005119650069104457,0.004303245483251369,0.0033063820207552327,0.002524351768340407,1.1035728557137313e-07,9.069655852682751e-08,2.7462262698852304e-08,2.4888409908534854e-08]]",3.3961296873344304,1.1527821010317332,0.2078301513827742,0.07575211200682358,0.34528265400391567,0.0004590269951521924,0.6177023060749359,0.00708294030750162,0.06480740698407861,0.055076480134083415,0.14888557573786437,0.14949286240624055,0.05761458398774266,32,7,2
47,MNISTPatchClassifier,MNIST patch filters=32 kernel=7 stride=2 lr=1e-02,1.0,0.01,Muon,2,0,512,64,2.3027285849661085,0.00022631364512148977,0.91015625,full_patch_and_classifier_activation,2.4676047368358436,1.61615056709152,1.4905400258464354,4.420631943843761e-05,6.162316457201283e-05,"[[0.006739944161885941,0.0013554622177432028,0.0007807304740846001,0.0007058116335282268,0.0005770748560592277,0.0005571625192409991,0.0005030858246855994,0.0003132105977512285,0.00023278365550615416,0.00021065371330178525,0.00015963462945545775,0.00014176722316078906,0.0001346657412095064,0.00010663644471988124,9.986449355059154e-05,8.025595345985574e-05,7.530151356423491e-05,5.834247901383193e-05,5.1232917848944215e-05,4.772663074859668e-05,4.549712817881873e-05,4.119465703730828e-05,3.666086142472164e-05,3.367512444980007e-05,2.6429316069070636e-05,2.561654195357594e-05,2.0806627885294183e-05,1.7091407963710373e-05,1.6126318526655787e-05,1.3476643849289905e-05,1.1021765215244507e-05,9.179650913051523e-06],[0.009022587299957427,0.0004331601770138463,0.00034956767151209404,0.00028549840596732337,0.00022056367766624304,0.00019541803569563844,9.972697294153684e-05,7.527533617890329e-05,4.874953781871125e-05,5.105878832988805e-19]]","[[479.594662436219,256.2215144027865,214.57435727124826,182.1663032390331,147.1893296343453,139.32190980415552,128.0218411116315,104.31123832451749,91.17786453710958,88.58518655848493,87.69991284327756,71.78805371027745,66.41160128245113,60.51282591096309,54.90768178358891,53.82225475142251,50.86693472784388,45.08141675428369,43.46826899255752,41.726722814615535,36.17073074328796,35.17317960660556,34.79596058552498,33.790513624078955,30.781643480452832,30.117300271737186,29.67695385430035,27.242008436032652,26.62890718005539,25.534446741788425,25.235141306248053,24.728303700811132,23.896161758947827,23.54567329675369,22.816119472767003,21.806789524729414,20.989100163480277,20.366356389380638,19.68484364550203,19.676701640225154,18.366151746700304,17.81151699716961,17.03713031607076,16.626487042601156,15.954986087638042,15.251645792906348,14.527868570052929,13.97291848408352,13.071916837660135],[1.3611607711163936,0.09026397965198601,0.04673623285255502,0.03748295352101427,0.028632913841388816,0.025641612464914885,0.020472085867668518,0.017349010610116174,0.01611988753058177,0.015177700032598863,0.014876101513143539,0.012241898340757177,0.010789931880080199,0.010087099214720558,0.009164704233556021,0.0087234226384464,0.008286161096932174,0.0077845411525404255,0.0074007249102055715,0.007218952262714365,0.00684362516755533,0.006641374587113758,0.006484633842430192,0.0061086414338960855,0.005978248188530904,0.005423620973106302,0.005296713189874993,0.005126108161494844,0.004812715226858151,0.004706168381417396,0.0042323704652357155,0.0041470441826001484]]","[[0.010000000000000009,0.010000000000000007,0.010000000000000005,0.010000000000000004,0.010000000000000004,0.010000000000000004,0.010000000000000004,0.010000000000000004,0.010000000000000002,0.010000000000000002,0.010000000000000002,0.010000000000000002,0.010000000000000002,0.010000000000000002,0.010000000000000002,0.010000000000000002,0.010000000000000002,0.010000000000000002,0.010000000000000002,0.010000000000000002,0.010000000000000002,0.010000000000000002,0.009999999999999998,0.009999999999999998,0.009999999999999998,0.009999999999999998,0.009999999999999998,0.009999999999999998,0.009999999999999998,0.009999999999999998,0.009999999999999997,0.009999999999999993],[0.010000000000000002,0.010000000000000002,0.010000000000000002,0.009999999999999998,0.009999999999999998,0.009999999999999998,0.009999999999999998,0.009999999999999997,0.009999999999999995,0.009999999999999995]]",21.000000000000004,20.99999999999997,1.0,0.9999999999999989,0.9999999999999987,0.0002395867083873692,0.3224064463283109,0.003696903171056189,0.06480740698407861,0.010000000000000009,0.14888557573786437,0.16027951539968582,0.11464858404360712,32,7,2
46,MNISTPatchClassifier,MNIST patch filters=32 kernel=7 stride=2 lr=1e-02,1.0,0.01,Adam,2,1,512,64,2.302389908706166,0.00043614733676111683,0.888671875,full_patch_and_classifier_activation,2.1708400256638614,1.6142714272392786,1.3567137300303438,3.8678137387136665e-05,5.369760505674356e-05,"[[0.006341455696199286,0.0010589140348089838,0.0008055672493910053,0.0005672659632999674,0.00047835890669458905,0.00035034018218990323,0.0003221376810466291,0.00019722767987465697,0.00015362714752434437,0.00012330093076207583,9.819025340810572e-05,8.733976891254415e-05,8.046324206086779e-05,6.991431066401207e-05,6.337793919921181e-05,5.477259044503884e-05,5.092449582058298e-05,4.5044874577405706e-05,3.943881959841002e-05,3.572149361007666e-05,3.140835778102039e-05,2.797544991855931e-05,2.7297079803727787e-05,2.2027940873000906e-05,2.0938578303661352e-05,1.8388027505827464e-05,1.5061133784780499e-05,1.4385019515412041e-05,1.1984849850407093e-05,1.1599701592893169e-05,8.991629067233658e-06,8.3132099894328e-06],[0.010487286724545086,0.0006146322844876682,0.0004550529596714797,0.00026318648398942904,0.00018126464697530118,0.00016158852921003067,0.0001071548908910963,9.521334414139583e-05,6.229997053863609e-05,9.288288669713878e-19]]","[[479.594662436219,256.2215144027865,214.57435727124826,182.1663032390331,147.1893296343453,139.32190980415552,128.0218411116315,104.31123832451749,91.17786453710958,88.58518655848493,87.69991284327756,71.78805371027745,66.41160128245113,60.51282591096309,54.90768178358891,53.82225475142251,50.86693472784388,45.08141675428369,43.46826899255752,41.726722814615535,36.17073074328796,35.17317960660556,34.79596058552498,33.790513624078955,30.781643480452832,30.117300271737186,29.67695385430035,27.242008436032652,26.62890718005539,25.534446741788425,25.235141306248053,24.728303700811132,23.896161758947827,23.54567329675369,22.816119472767003,21.806789524729414,20.989100163480277,20.366356389380638,19.68484364550203,19.676701640225154,18.366151746700304,17.81151699716961,17.03713031607076,16.626487042601156,15.954986087638042,15.251645792906348,14.527868570052929,13.97291848408352,13.071916837660135],[1.6919310796115088,0.08775559567864451,0.04103291068241079,0.034057284064542476,0.025409901390224542,0.01880771586972942,0.01766631005610761,0.016855603965591354,0.016143183791554196,0.013563887964478672,0.012330350898854429,0.010574254479261547,0.009797061922330106,0.009412493148295255,0.00909177258612899,0.008695101964269328,0.008187784989626606,0.007113063586663213,0.006738884024560419,0.006151338818992146,0.006007240497853047,0.005465086519164752,0.005278537404441442,0.005112219436578409,0.004875380534419854,0.004622444745333227,0.0040947383983141,0.0038817023171665156,0.003728046521479234,0.003174382379119295,0.0023973273536473574,0.0019736120385382776]]","[[0.05605285840771422,0.011726139359401882,0.009047311680814981,0.008347816424529274,0.006756139322711144,0.006280375525009391,0.004999677442927774,0.004105642639033697,0.0037967215890597514,0.0031118765437243927,0.0020471310713962654,0.001643878287821827,0.0014310644493110405,0.001351247324122274,0.0011032810166496999,0.0009322659277204648,0.0007660057238917029,0.0005619593092863932,0.0005171166499597829,0.00047999230494780816,0.0004391814534289135,0.00031885612433007234,0.0003101793759232039,0.0002713785514175219,0.0002427952446231102,0.00020219267174099325,0.0001768802338084964,0.00012781657847528715,0.00010211587848182958,8.191242769727522e-05,7.983038415057138e-05,5.354205526020453e-05],[0.02494559501385639,0.007843100810544549,0.0058936176163846225,0.003400134578203911,0.0023998018992283945,0.0016479855634620995,0.0011644832897866855,0.0007924290822917421,0.00060672427728154,0.00027631515569224047]]",3.8766719919811847,1.167789109165018,0.23239354075017762,0.07742614700257465,0.31069209474162646,0.00039902466505025477,0.4888256690978797,0.0060584329117385665,0.06586268608786956,0.05605285840771422,0.14987051387275852,0.15187837604982424,0.17456295900046825,32,7,2
47,MNISTPatchClassifier,MNIST patch filters=32 kernel=7 stride=2 lr=1e-02,1.0,0.01,Muon,2,1,512,64,2.302471139948364,0.00022680224474003197,0.91015625,full_patch_and_classifier_activation,2.4476095430716196,1.616373836059533,1.5217320621553636,3.736140187178021e-05,5.759696587202419e-05,"[[0.006750795225725496,0.00117744307935856,0.0009963597216314476,0.0006665666134846776,0.000638834908678657,0.0005292833260160636,0.0004066026616810705,0.00027707796674422447,0.00020386896934709487,0.00016053677982605082,0.00014030241815986313,0.00012045766021271263,0.00011159490476262676,8.098844730566465e-05,7.718775638244812e-05,7.557234047615565e-05,6.088408695421887e-05,5.675735493592486e-05,4.602970784533036e-05,4.516763922851716e-05,3.3799218461604797e-05,3.232532500458037e-05,2.595871477771279e-05,2.4333567748705202e-05,2.1091159725336722e-05,1.8297699027498894e-05,1.7613080965199787e-05,1.5726946111390378e-05,1.4080437957898599e-05,1.1149094221765577e-05,9.180107362820056e-06,8.614429980006076e-06],[0.00786175501854842,0.0006022269902994329,0.0005124741119927738,0.0002681533972099484,0.0001908280436811205,0.00015890563728369674,0.00011459383983084352,9.887036634511564e-05,5.9238150425903556e-05,7.948314930830056e-19]]","[[479.594662436219,256.2215144027865,214.57435727124826,182.1663032390331,147.1893296343453,139.32190980415552,128.0218411116315,104.31123832451749,91.17786453710958,88.58518655848493,87.69991284327756,71.78805371027745,66.41160128245113,60.51282591096309,54.90768178358891,53.82225475142251,50.86693472784388,45.08141675428369,43.46826899255752,41.726722814615535,36.17073074328796,35.17317960660556,34.79596058552498,33.790513624078955,30.781643480452832,30.117300271737186,29.67695385430035,27.242008436032652,26.62890718005539,25.534446741788425,25.235141306248053,24.728303700811132,23.896161758947827,23.54567329675369,22.816119472767003,21.806789524729414,20.989100163480277,20.366356389380638,19.68484364550203,19.676701640225154,18.366151746700304,17.81151699716961,17.03713031607076,16.626487042601156,15.954986087638042,15.251645792906348,14.527868570052929,13.97291848408352,13.071916837660135],[1.2943471608600616,0.0885522803651368,0.046165369071011673,0.03714621177446991,0.026866322427864207,0.023737649772807973,0.019372025531688656,0.01710058394081897,0.01558047492943022,0.014674599150313846,0.013056689536430922,0.0115700522932507,0.010832702061593145,0.009829204741018482,0.009478012159764067,0.008472593425523955,0.007972086909565648,0.007840504902292966,0.007625481376962674,0.007204585282652289,0.006950283045444662,0.006393794008777472,0.0059445063425927315,0.00571246410573693,0.00561284529223445,0.005459555351949714,0.005204302710849547,0.004860619023814255,0.004680377197562292,0.004282644648455945,0.0038991804522921654,0.003730442325872785]]","[[0.010000000000000002,0.010000000000000002,0.010000000000000002,0.010000000000000002,0.010000000000000002,0.010000000000000002,0.010000000000000002,0.010000000000000002,0.010000000000000002,0.010000000000000002,0.010000000000000002,0.010000000000000002,0.009999999999999998,0.009999999999999998,0.009999999999999998,0.009999999999999998,0.009999999999999998,0.009999999999999998,0.009999999999999998,0.009999999999999998,0.009999999999999998,0.009999999999999998,0.009999999999999998,0.009999999999999998,0.009999999999999998,0.009999999999999998,0.009999999999999998,0.009999999999999998,0.009999999999999998,0.009999999999999998,0.009999999999999997,0.009999999999999995],[0.01,0.009999999999999998,0.009999999999999998,0.009999999999999997,0.009999999999999997,0.009999999999999995,0.009999999999999995,0.009999999999999993,0.009999999999999993,0.009999999999999993]]",20.999999999999996,20.999999999999986,1.0,0.9999999999999993,0.9999999999999993,0.00022721526905718564,0.33118597992988597,0.003506007717806178,0.06480740698407862,0.010000000000000002,0.14987051387275857,0.16087966189253514,0.23067237506620586,32,7,2
46,MNISTPatchClassifier,MNIST patch filters=32 kernel=7 stride=2 lr=1e-02,1.0,0.01,Adam,2,2,512,64,2.302404084125698,0.0004217539787298996,0.888671875,full_patch_and_classifier_activation,1.700200465372193,1.6125453944241894,1.0933434884153836,3.855391031116861e-05,4.6117871548838036e-05,"[[0.006861227398414828,0.0007110132468644617,0.0004536783310671766,0.0003863756671368332,0.00028808394934400614,0.000264346964847436,0.0002142494104800093,0.0001598203421209556,0.0001300352367512103,0.0001229922147669944,9.329307353626467e-05,8.378228701109565e-05,7.449226259884065e-05,6.822850288966724e-05,5.2238805622402336e-05,5.1921360604022716e-05,4.222848426945452e-05,3.876190654517108e-05,3.616865792355885e-05,2.4617184106330375e-05,2.390942993383109e-05,2.086978107171637e-05,1.8130403582138585e-05,1.6979382361731417e-05,1.4793220957738064e-05,1.1199750784925294e-05,9.632485273992233e-06,8.42059086130165e-06,7.588661183894043e-06,7.243669560071668e-06,5.818944218420114e-06,5.070477856663488e-06],[0.015780138471716786,0.0005972990767180341,0.0002581190935610131,0.00018492283670560851,0.00013545105633443638,0.0001336690013877826,0.00010075665394960433,6.707766725106004e-05,3.0327118542596762e-05,1.2839068208996253e-18]]","[[479.594662436219,256.2215144027865,214.57435727124826,182.1663032390331,147.1893296343453,139.32190980415552,128.0218411116315,104.31123832451749,91.17786453710958,88.58518655848493,87.69991284327756,71.78805371027745,66.41160128245113,60.51282591096309,54.90768178358891,53.82225475142251,50.86693472784388,45.08141675428369,43.46826899255752,41.726722814615535,36.17073074328796,35.17317960660556,34.79596058552498,33.790513624078955,30.781643480452832,30.117300271737186,29.67695385430035,27.242008436032652,26.62890718005539,25.534446741788425,25.235141306248053,24.728303700811132,23.896161758947827,23.54567329675369,22.816119472767003,21.806789524729414,20.989100163480277,20.366356389380638,19.68484364550203,19.676701640225154,18.366151746700304,17.81151699716961,17.03713031607076,16.626487042601156,15.954986087638042,15.251645792906348,14.527868570052929,13.97291848408352,13.071916837660135],[2.544025799003163,0.062184594092016945,0.036676797613788684,0.031795130477029296,0.02568148662510313,0.018684394792964288,0.014511265332170616,0.01261090104291616,0.011983211669392741,0.011032998815775855,0.009995954853478433,0.008833759018191225,0.007978979131945575,0.007459196633943487,0.006872307932458017,0.006164015174318516,0.005567424144115508,0.005133557502430289,0.00486798380966558,0.004733707449586085,0.004198823537005889,0.003977489446373637,0.0036842003249422436,0.003599966377116448,0.0033200759827048997,0.002996811940245186,0.0028850106239913706,0.0026171400889336864,0.0021832184888504265,0.001658753245534283,0.001487595581636679,0.0006441659401465729]]","[[0.05902290313868769,0.010797509234691954,0.007350692185403728,0.006085312539863014,0.005178397468596102,0.00450922806807443,0.0037688900965239624,0.0034092585084636038,0.0030575708336051163,0.0024994706896324707,0.0022643965519825145,0.0019095267204319714,0.001589246103399816,0.0013286402446955061,0.001265520598813575,0.0010992017500329723,0.0009395430945248187,0.0008033654987710247,0.0006523915281909374,0.0005898390838773903,0.0005441784639380638,0.0004646540328954222,0.00040069076901110787,0.00035517593731884526,0.0003283966404114964,0.0002617337419957168,0.00018317855078860102,0.0001710809985773722,0.00013497365119320665,0.00011166165096278463,7.882814731774454e-05,5.510597972299678e-05],[0.022837353617422226,0.008056586176716453,0.004672032240708451,0.00404088319115329,0.0028994476976524908,0.002264988958460361,0.0016791130352742185,0.0009034045106930551,0.0005408419016382809,0.00046688382817294035]]",3.7542695640863277,1.161039097926471,0.2424936501216786,0.07861598447243856,0.31010314287599405,0.0003683131893772965,0.3202761887201384,0.005526545838078659,0.0666443742924501,0.05902290313868769,0.14767109141466567,0.1455010323254742,0.2903044999111444,32,7,2
47,MNISTPatchClassifier,MNIST patch filters=32 kernel=7 stride=2 lr=1e-02,1.0,0.01,Muon,2,2,512,64,2.3024179389312365,0.0002506408008748906,0.888671875,full_patch_and_classifier_activation,2.4894923225321683,1.6161741612278675,1.5289217760724054,3.968168096552326e-05,5.9462758042864815e-05,"[[0.006646313907919555,0.001311053069897881,0.0009682475849546839,0.000734779135282251,0.0005967348908166656,0.00046119391777657494,0.0003146686189347069,0.0002945850045362881,0.00024404050088466298,0.00016666083532325545,0.00015860692058169705,0.0001265267048009511,0.00011774430758674252,0.00011014080628635172,8.722756846261156e-05,8.16716002343043e-05,6.680011352584519e-05,6.382478911282216e-05,5.83120537300167e-05,4.979006474204823e-05,4.586837017821611e-05,4.231136377003984e-05,3.317425067361439e-05,2.7667316152566435e-05,2.6124077740544944e-05,2.3606177817815045e-05,2.2453772731625408e-05,1.9548426413951278e-05,1.4921606994970885e-05,1.2974612399575945e-05,8.961369104531947e-06,7.3111327483191594e-06],[0.008946517483543073,0.0008899580939039875,0.0003236259235227833,0.000310351700688936,0.00019640770606576494,0.00014919499770362995,0.00012988525134284424,7.037723860960956e-05,5.6054184648245894e-05,4.618219172266606e-19]]","[[479.594662436219,256.2215144027865,214.57435727124826,182.1663032390331,147.1893296343453,139.32190980415552,128.0218411116315,104.31123832451749,91.17786453710958,88.58518655848493,87.69991284327756,71.78805371027745,66.41160128245113,60.51282591096309,54.90768178358891,53.82225475142251,50.86693472784388,45.08141675428369,43.46826899255752,41.726722814615535,36.17073074328796,35.17317960660556,34.79596058552498,33.790513624078955,30.781643480452832,30.117300271737186,29.67695385430035,27.242008436032652,26.62890718005539,25.534446741788425,25.235141306248053,24.728303700811132,23.896161758947827,23.54567329675369,22.816119472767003,21.806789524729414,20.989100163480277,20.366356389380638,19.68484364550203,19.676701640225154,18.366151746700304,17.81151699716961,17.03713031607076,16.626487042601156,15.954986087638042,15.251645792906348,14.527868570052929,13.97291848408352,13.071916837660135],[1.4297745233172763,0.09336229743621521,0.057379814135539844,0.03983019372853185,0.03045528013744739,0.022973351717395778,0.02008906298171027,0.017491113773993316,0.017369913611176006,0.01357804158748907,0.012739712162505067,0.011819791324525122,0.011374295927674524,0.010207733263571413,0.009734161131627141,0.008625280555752004,0.008342952589700369,0.007972301664590708,0.007376500537838125,0.007113487636533258,0.006691633123120256,0.006400569915766655,0.005956370247166959,0.0056480831726738534,0.005413782538951947,0.0052086307994668865,0.0050572674497875066,0.004727249074909837,0.004646735823512582,0.003972409730857058,0.00362443893991328,0.00324708762219564]]","[[0.010000000000000005,0.010000000000000005,0.010000000000000004,0.010000000000000004,0.010000000000000004,0.010000000000000002,0.010000000000000002,0.010000000000000002,0.010000000000000002,0.010000000000000002,0.010000000000000002,0.010000000000000002,0.010000000000000002,0.010000000000000002,0.01,0.01,0.01,0.01,0.01,0.01,0.01,0.009999999999999998,0.009999999999999998,0.009999999999999998,0.009999999999999998,0.009999999999999998,0.009999999999999998,0.009999999999999998,0.009999999999999998,0.009999999999999998,0.009999999999999997,0.009999999999999997],[0.010000000000000009,0.010000000000000004,0.010000000000000002,0.010000000000000002,0.010000000000000002,0.010000000000000002,0.010000000000000002,0.010000000000000002,0.009999999999999998,0.009999999999999998]]",21.000000000000007,20.999999999999975,1.0,0.9999999999999987,0.9999999999999987,0.0002401621745214456,0.3257272655307481,0.00370578280628396,0.06480740698407862,0.010000000000000009,0.14767109141466567,0.15684364622588942,0.3461460839025676,32,7,2
46,MNISTPatchClassifier,MNIST patch filters=32 kernel=7 stride=2 lr=1e-02,1.0,0.01,Adam,2,3,512,64,2.3016710814740815,0.0007311382063908134,0.888671875,full_patch_and_classifier_activation,1.4141990581569321,1.6121342068115592,0.9440633054084705,4.441595211942418e-05,4.975632455824931e-05,"[[0.009756303809031069,0.0007852254227856502,0.000505266053397715,0.0004198459605532176,0.00033678287128505776,0.00017071789389393205,0.00015506987494427345,0.00011790843226742319,7.850842854883876e-05,6.619917232879786e-05,5.968304488833813e-05,5.5229178206808335e-05,4.525655840879386e-05,3.6203416726077086e-05,3.464314168721103e-05,3.0892847427163796e-05,2.5288168993155057e-05,2.426874983105763e-05,1.8784296755772745e-05,1.805483039902224e-05,1.4938837473493785e-05,1.3826527034350809e-05,1.2783399528635313e-05,1.0962945411539285e-05,9.377244388558552e-06,6.748078234162151e-06,6.122704283798407e-06,5.300627817727492e-06,4.507185478779664e-06,3.0462365787117153e-06,2.8895456620318127e-06,2.210545549165027e-06],[0.02393118005509464,0.0005159567115423648,0.00028906821892790875,0.00018610237894461739,0.00018210174366015833,0.00012779926828171247,5.172254583554787e-05,3.400244562846858e-05,2.697774434797525e-05,1.908654982095033e-18]]","[[479.594662436219,256.2215144027865,214.57435727124826,182.1663032390331,147.1893296343453,139.32190980415552,128.0218411116315,104.31123832451749,91.17786453710958,88.58518655848493,87.69991284327756,71.78805371027745,66.41160128245113,60.51282591096309,54.90768178358891,53.82225475142251,50.86693472784388,45.08141675428369,43.46826899255752,41.726722814615535,36.17073074328796,35.17317960660556,34.79596058552498,33.790513624078955,30.781643480452832,30.117300271737186,29.67695385430035,27.242008436032652,26.62890718005539,25.534446741788425,25.235141306248053,24.728303700811132,23.896161758947827,23.54567329675369,22.816119472767003,21.806789524729414,20.989100163480277,20.366356389380638,19.68484364550203,19.676701640225154,18.366151746700304,17.81151699716961,17.03713031607076,16.626487042601156,15.954986087638042,15.251645792906348,14.527868570052929,13.97291848408352,13.071916837660135],[3.5922194487471595,0.04440948624663822,0.03600049866660852,0.03192305157616672,0.027962508322957144,0.01977510281155006,0.01231625778289065,0.011082477803995936,0.010146898315519777,0.008585487994196653,0.008216000409765348,0.0069239165247900625,0.006593717756022919,0.00582067128207229,0.005487287353213692,0.004782924803072288,0.004501460731181185,0.004042810164268643,0.0035666156637001573,0.00302379935138732,0.0027102399727374393,0.002430135417887501,0.0023283445877443037,0.0021802142916904957,0.0020446434326951753,0.0015250228413777698,0.0013059029143211657,0.0012415496255561982,0.0009960016896187402,0.0009027822976202152,0.0007667600958479115,0.0002861786863269534]]","[[0.060440290482527616,0.010610953661979916,0.008212734361575116,0.006815454834437338,0.005689202813393873,0.004490798564513969,0.003906136882933921,0.0034244524331760585,0.0032153772073343235,0.002635850588682902,0.0020564949594962865,0.0018732798370698297,0.0016326723694534474,0.001111219927045987,0.001081643493737804,0.0008945096998630059,0.0007518554716711837,0.0006869932388078589,0.0005778616175793614,0.0005344090296410148,0.0004350738240669606,0.0003970830863789452,0.00037434054349314976,0.0003021734839404194,0.00026232536087047553,0.00021558243805737997,0.0001745227170302785,0.00014624829185662936,0.00011326409236868469,9.386604011345994e-05,7.440769080541456e-05,7.128072184204342e-05],[0.02300330571127475,0.00679018099995651,0.004812012655989637,0.004237954305835649,0.003238782532872137,0.001800490210795997,0.0015181330480455407,0.0009539892089779755,0.0009049183084084765,0.0003444126922903508]]",3.6905296801946976,1.1457620483433435,0.2381484097848493,0.07700800936991807,0.3112325984287017,0.0006294235371074701,0.35760999063998056,0.009253599757203707,0.06801931719788062,0.060440290482527616,0.14431246288152783,0.14158455972813427,0.406593875028193,32,7,2
47,MNISTPatchClassifier,MNIST patch filters=32 kernel=7 stride=2 lr=1e-02,1.0,0.01,Muon,2,3,512,64,2.3024000470956993,0.0002723131162549741,0.8828125,full_patch_and_classifier_activation,2.536995364913354,1.61591866647435,1.5354365119472488,4.609032483973613e-05,6.6533715600004e-05,"[[0.007070880316754763,0.0011961042175845686,0.001079622172460941,0.0009709633178300672,0.0008754503063592437,0.0005900744545104001,0.0004249321280501856,0.0002667147485775034,0.0002269563517186854,0.00021128365861077932,0.00016220545160256408,0.00013924822589956345,0.00012120873371577677,0.00010405088457864247,9.37476609347917e-05,7.562154266181018e-05,7.455824934562924e-05,6.553836557428853e-05,5.1874601930566926e-05,4.7309083574521615e-05,4.5210142572771035e-05,3.823851313754796e-05,3.433972024016564e-05,2.8307633763951877e-05,2.801981759158358e-05,2.4187573492000773e-05,1.8311573090645535e-05,1.4769391485015245e-05,1.3744766881866116e-05,1.1901510983056557e-05,9.208550582594808e-06,7.131144003130841e-06],[0.010795212953092307,0.0008602950598809532,0.0005016369362278403,0.0003173837480129947,0.00019878127105139049,0.00015691389609710004,0.00010567700328284182,9.064774059295732e-05,6.153701433328897e-05,1.250195132329679e-18]]","[[479.594662436219,256.2215144027865,214.57435727124826,182.1663032390331,147.1893296343453,139.32190980415552,128.0218411116315,104.31123832451749,91.17786453710958,88.58518655848493,87.69991284327756,71.78805371027745,66.41160128245113,60.51282591096309,54.90768178358891,53.82225475142251,50.86693472784388,45.08141675428369,43.46826899255752,41.726722814615535,36.17073074328796,35.17317960660556,34.79596058552498,33.790513624078955,30.781643480452832,30.117300271737186,29.67695385430035,27.242008436032652,26.62890718005539,25.534446741788425,25.235141306248053,24.728303700811132,23.896161758947827,23.54567329675369,22.816119472767003,21.806789524729414,20.989100163480277,20.366356389380638,19.68484364550203,19.676701640225154,18.366151746700304,17.81151699716961,17.03713031607076,16.626487042601156,15.954986087638042,15.251645792906348,14.527868570052929,13.97291848408352,13.071916837660135],[1.5981397301373783,0.09970134872442478,0.06743767753027513,0.04053286933320991,0.03466446939145579,0.024897398345092893,0.01910373005755353,0.018577428490127106,0.01747814000044291,0.01526421113304209,0.012995866613568923,0.012393329891963041,0.011405474347442728,0.01120544870587506,0.010447564769109099,0.008921100280484802,0.008696222322170053,0.008113335092870778,0.007775401499495074,0.007310097120065039,0.0070137371814895325,0.006366698102984618,0.006226313149270206,0.006036743526086854,0.005579881368174702,0.005465274376660736,0.004955711900852623,0.0047435153098839,0.004631285556955236,0.004536372190068436,0.004017770234253068,0.003762129373330161]]","[[0.010000000000000007,0.010000000000000007,0.010000000000000007,0.010000000000000005,0.010000000000000005,0.010000000000000004,0.010000000000000004,0.010000000000000004,0.010000000000000004,0.010000000000000004,0.010000000000000004,0.010000000000000004,0.010000000000000002,0.010000000000000002,0.010000000000000002,0.010000000000000002,0.010000000000000002,0.010000000000000002,0.010000000000000002,0.01,0.01,0.01,0.01,0.01,0.01,0.01,0.01,0.009999999999999998,0.009999999999999998,0.009999999999999998,0.009999999999999998,0.009999999999999997],[0.010000000000000007,0.010000000000000004,0.010000000000000002,0.010000000000000002,0.01,0.01,0.009999999999999998,0.009999999999999998,0.009999999999999997,0.009999999999999995]]",21.000000000000004,20.999999999999975,1.0000000000000002,0.9999999999999987,0.9999999999999986,0.00027209800432671306,0.31937371090281347,0.00419856335856116,0.06480740698407861,0.010000000000000007,0.14431246288152783,0.15216050682366922,0.4623664999380708,32,7,2
46,MNISTPatchClassifier,MNIST patch filters=32 kernel=7 stride=2 lr=1e-02,1.0,0.01,Adam,2,4,512,64,2.3012060742950444,0.0010649294650333374,0.888671875,full_patch_and_classifier_activation,1.2932449364372167,1.612007320485644,0.8846383728181242,3.2266894512497344e-05,3.554851890402548e-05,"[[0.010305558877317761,0.0004874610818697206,0.00043174990613585276,0.0002991493593626554,0.0002206875814856037,0.0001533780564973256,0.00012530078770535543,9.655195265855957e-05,5.8665092022147946e-05,5.426749413801603e-05,4.996489518219651e-05,4.811314168559085e-05,4.270242343104978e-05,3.18860513328804e-05,2.8181013457757986e-05,2.2804617363757918e-05,1.9959803467051663e-05,1.909360670401951e-05,1.6416618549526733e-05,1.4177832330004888e-05,1.193849199851483e-05,1.0627313267794787e-05,1.0277644598183934e-05,8.043067332241945e-06,7.599586661078802e-06,4.538174908006516e-06,3.7732907835351546e-06,3.2649713229157697e-06,2.4300304003893634e-06,2.2116024013484565e-06,1.700886106383046e-06,1.0007810487573646e-06],[0.028561307741310268,0.00040748798596120764,0.00033988306788783964,0.0002487374514489025,0.00014790229355306014,0.00014146087009014635,6.945028723929224e-05,4.7874349723724565e-05,2.5186033476640807e-05,2.210631418347078e-18]]","[[479.594662436219,256.2215144027865,214.57435727124826,182.1663032390331,147.1893296343453,139.32190980415552,128.0218411116315,104.31123832451749,91.17786453710958,88.58518655848493,87.69991284327756,71.78805371027745,66.41160128245113,60.51282591096309,54.90768178358891,53.82225475142251,50.86693472784388,45.08141675428369,43.46826899255752,41.726722814615535,36.17073074328796,35.17317960660556,34.79596058552498,33.790513624078955,30.781643480452832,30.117300271737186,29.67695385430035,27.242008436032652,26.62890718005539,25.534446741788425,25.235141306248053,24.728303700811132,23.896161758947827,23.54567329675369,22.816119472767003,21.806789524729414,20.989100163480277,20.366356389380638,19.68484364550203,19.676701640225154,18.366151746700304,17.81151699716961,17.03713031607076,16.626487042601156,15.954986087638042,15.251645792906348,14.527868570052929,13.97291848408352,13.071916837660135],[5.029296479830401,0.04118971548496305,0.03817798258430889,0.030872400657203636,0.02410433113767665,0.020775537802775565,0.012032855652064191,0.011116922094609058,0.010612670385079535,0.008980100928368838,0.007156620752841422,0.006791257096029633,0.005619368376940122,0.0053604807063661495,0.0045765793419072125,0.0044343188200204305,0.003878422545274012,0.0034614887649412757,0.0030050378395917953,0.0024727682676099995,0.0019270854762082961,0.0016784930504493592,0.0012042973527731503,0.0011624573013129078,0.00115205650846041,0.0008944458202975727,0.0006886556521230877,0.0005827383507725052,0.00045421893963679496,0.0004083643637703702,0.0002881874352281181,0.00017052441668222466]]","[[0.06263386548195482,0.011221727799431404,0.009264696498961177,0.0066804790861961115,0.006018545143166079,0.004588204293633333,0.003989445270009374,0.003189003537352895,0.003052445047483682,0.002508022547076711,0.0021264271982475553,0.001628402513123399,0.0011650853461682537,0.0010761796126257776,0.0009407728102260663,0.0007918856532490161,0.0007310498916263948,0.0006421608534420818,0.0005279323906490558,0.00047181180627285695,0.00036932748705301204,0.0003169425762501919,0.00028562220396741763,0.00023538596634036538,0.0002088041987500797,0.00018063953849247936,0.0001328110175462629,9.551398119182482e-05,7.299303959544077e-05,7.204623534684583e-05,5.938294516376531e-05,4.620020216862215e-05],[0.023088809270572906,0.00911826440515421,0.00484107493895768,0.004559964516478833,0.0031416731943274363,0.0025000005887124708,0.0017296131260603575,0.0009900293693917686,0.0008584160815154462,0.0004645489739806759]]",3.7601096550336295,1.1861698480996452,0.25020517310698365,0.08101302847240063,0.3150313132385598,0.0009275314097117755,0.4329365191550534,0.013152821031387575,0.07051957960184639,0.06263386548195482,0.14085463396266226,0.1391376204522361,0.5237452920991927,32,7,2
47,MNISTPatchClassifier,MNIST patch filters=32 kernel=7 stride=2 lr=1e-02,1.0,0.01,Muon,2,4,512,64,2.3022212827595268,0.0002644157795894664,0.888671875,full_patch_and_classifier_activation,2.399138482815358,1.6159992336677855,1.4867720148254246,3.351298370124423e-05,5.0018267404232845e-05,"[[0.006947296754029686,0.0010461973976928038,0.0008532064218043902,0.0007764917676008375,0.0006542286226469312,0.0005463334366572433,0.0003825197663999464,0.00023535239375488046,0.00018611430445138362,0.00016210675504612412,0.00014091360824444371,0.00013215943636644864,0.00012119329794856238,0.00011252876035449627,9.395893469724843e-05,8.165598921999974e-05,7.659641074419026e-05,6.63750870006911e-05,6.235557234814103e-05,5.996596089580615e-05,5.0300364459383805e-05,4.6018222634023785e-05,4.099328728363668e-05,3.425896787994888e-05,2.967271657662889e-05,2.5492060256028593e-05,2.253013939041609e-05,2.074612883801204e-05,1.8615721618923803e-05,1.429500848950878e-05,1.0687638113824616e-05,8.886760368440904e-06],[0.009792178675173199,0.000693755562799455,0.0005048251757539524,0.0003895558052796713,0.00022245013333513196,0.0001703695280314787,0.00013550645275767746,9.218741873060399e-05,7.351419710023133e-05,1.033869342777582e-18]]","[[479.594662436219,256.2215144027865,214.57435727124826,182.1663032390331,147.1893296343453,139.32190980415552,128.0218411116315,104.31123832451749,91.17786453710958,88.58518655848493,87.69991284327756,71.78805371027745,66.41160128245113,60.51282591096309,54.90768178358891,53.82225475142251,50.86693472784388,45.08141675428369,43.46826899255752,41.726722814615535,36.17073074328796,35.17317960660556,34.79596058552498,33.790513624078955,30.781643480452832,30.117300271737186,29.67695385430035,27.242008436032652,26.62890718005539,25.534446741788425,25.235141306248053,24.728303700811132,23.896161758947827,23.54567329675369,22.816119472767003,21.806789524729414,20.989100163480277,20.366356389380638,19.68484364550203,19.676701640225154,18.366151746700304,17.81151699716961,17.03713031607076,16.626487042601156,15.954986087638042,15.251645792906348,14.527868570052929,13.97291848408352,13.071916837660135],[1.7002945476861528,0.10515107873218667,0.07699981839060763,0.044322714671523676,0.037032328002506436,0.025064154636571925,0.020503059806574395,0.019180413483736773,0.018296739075034114,0.015595734301110949,0.014144479483789064,0.01354282393609373,0.01130247068855246,0.010837097686878228,0.010421620505339065,0.009542501028691348,0.008817348272736353,0.008491459770782478,0.00789213089289461,0.007187927774121472,0.006940687749931552,0.0067209769235139815,0.00636394157343359,0.0058704481165761475,0.0056780869231297946,0.005360086612497664,0.0050008737409993256,0.0046900215882781215,0.0045810615448937265,0.0040499370786200506,0.003964906035418984,0.0032446616180987304]]","[[0.010000000000000005,0.010000000000000005,0.010000000000000004,0.010000000000000004,0.010000000000000004,0.010000000000000004,0.010000000000000002,0.010000000000000002,0.010000000000000002,0.010000000000000002,0.010000000000000002,0.010000000000000002,0.010000000000000002,0.010000000000000002,0.010000000000000002,0.01,0.01,0.01,0.01,0.01,0.01,0.01,0.01,0.009999999999999998,0.009999999999999998,0.009999999999999998,0.009999999999999998,0.009999999999999998,0.009999999999999998,0.009999999999999997,0.009999999999999997,0.009999999999999995],[0.010000000000000005,0.010000000000000002,0.010000000000000002,0.01,0.01,0.009999999999999998,0.009999999999999998,0.009999999999999997,0.009999999999999997,0.009999999999999997]]",21.000000000000004,20.99999999999998,1.0,0.9999999999999989,0.9999999999999989,0.0002513439064277444,0.31807302534252685,0.003878320675435954,0.06480740698407858,0.010000000000000005,0.14085463396266235,0.14627925945962728,0.5786786670796573,32,7,2
46,MNISTPatchClassifier,MNIST patch filters=32 kernel=7 stride=2 lr=1e-02,1.0,0.01,Adam,2,5,512,64,2.301788089745607,,0.888671875,full_patch_and_classifier_activation,1.5439179907213736,1.611964578887845,1.000167171906126,1.9077520888170034e-05,2.1210893780628574e-05,"[[0.004717399038711598,0.0003588207703063413,0.0003326394765482201,0.0002450625951216795,0.000213538272855127,0.00016836929527195232,0.00013689510006273758,8.281307703660201e-05,7.504352158788212e-05,5.470153217439152e-05,5.051512773706818e-05,4.459665626842024e-05,3.783117229822668e-05,3.153951323445361e-05,2.5764132452751738e-05,2.1426557261858655e-05,1.7248755129995946e-05,1.357367958114493e-05,1.0772864291522069e-05,9.935964959698068e-06,9.318818570934324e-06,6.567692785024025e-06,5.965859691357635e-06,5.009555713864636e-06,4.1416305851357605e-06,3.3897644508341684e-06,2.750742360793349e-06,2.4646462168701777e-06,1.7404645704449353e-06,1.7306894892604856e-06,8.958398497500374e-07,3.2789030354934464e-07],[0.029135864573037032,0.0005313155069532473,0.0004309179195279521,0.00023599160892362074,0.00015921806289382384,0.00012085315821838469,5.621315081080345e-05,3.8034501897549456e-05,2.5914832736983556e-05,2.204215820194618e-18]]","[[479.594662436219,256.2215144027865,214.57435727124826,182.1663032390331,147.1893296343453,139.32190980415552,128.0218411116315,104.31123832451749,91.17786453710958,88.58518655848493,87.69991284327756,71.78805371027745,66.41160128245113,60.51282591096309,54.90768178358891,53.82225475142251,50.86693472784388,45.08141675428369,43.46826899255752,41.726722814615535,36.17073074328796,35.17317960660556,34.79596058552498,33.790513624078955,30.781643480452832,30.117300271737186,29.67695385430035,27.242008436032652,26.62890718005539,25.534446741788425,25.235141306248053,24.728303700811132,23.896161758947827,23.54567329675369,22.816119472767003,21.806789524729414,20.989100163480277,20.366356389380638,19.68484364550203,19.676701640225154,18.366151746700304,17.81151699716961,17.03713031607076,16.626487042601156,15.954986087638042,15.251645792906348,14.527868570052929,13.97291848408352,13.071916837660135],[6.672883476949118,0.046755751523720364,0.04117821507761274,0.030025472214613033,0.021853713932004117,0.02094095804065459,0.013054913682355312,0.011244487952249098,0.010874853976046,0.01013389929360493,0.007688565996176773,0.007085800781134639,0.005463042954364378,0.005098304198282739,0.004501833396645759,0.004173222574815711,0.003973638647586349,0.0033244844199862705,0.002747134619904404,0.002389478092807441,0.0012442527774156483,0.0011562928362996478,0.000785498024393457,0.0007316985396725936,0.0006017801311880191,0.0005221500197797888,0.0003848038612360938,0.0002962230193059655,0.00022480874596737924,0.00014130004812377365,0.0001039897878330579,8.091649777492139e-05]]",,,,,,,,,,,,,,0.6382912090048194,32,7,2
47,MNISTPatchClassifier,MNIST patch filters=32 kernel=7 stride=2 lr=1e-02,1.0,0.01,Muon,2,5,512,64,2.3022152883439353,,0.888671875,full_patch_and_classifier_activation,2.981303242387367,1.6156028457431595,1.8243202434425543,2.014216471426159e-05,3.56221858002237e-05,"[[0.00608872093858804,0.0013855929088736792,0.00114736464107076,0.0008900613905628738,0.0007069340446990777,0.0006221743126878616,0.0003790599527210601,0.0003070555719444464,0.0002431185372375614,0.0001860970146316485,0.00017628755112363955,0.00016717166350257287,0.00015715321433971312,0.00011334266962418076,9.791254325490015e-05,7.954889540287566e-05,7.493387727902831e-05,6.0005233608826964e-05,5.808629708858805e-05,5.482410363211184e-05,4.944534282821216e-05,4.357342004028481e-05,3.844794147455795e-05,3.504257711728218e-05,3.129400046986629e-05,2.6716711234613464e-05,2.4952927176968212e-05,2.008495896282986e-05,1.9288148703187004e-05,1.5973822835516714e-05,1.3952744468155767e-05,9.296519365918814e-06],[0.008575507010019523,0.0012731848900061397,0.0005960870345568079,0.0004060163295393761,0.00023889799168639754,0.00018066792865956157,0.00013949829347041675,0.00012815291017129654,8.409906271585281e-05,5.483344223343178e-19]]","[[479.594662436219,256.2215144027865,214.57435727124826,182.1663032390331,147.1893296343453,139.32190980415552,128.0218411116315,104.31123832451749,91.17786453710958,88.58518655848493,87.69991284327756,71.78805371027745,66.41160128245113,60.51282591096309,54.90768178358891,53.82225475142251,50.86693472784388,45.08141675428369,43.46826899255752,41.726722814615535,36.17073074328796,35.17317960660556,34.79596058552498,33.790513624078955,30.781643480452832,30.117300271737186,29.67695385430035,27.242008436032652,26.62890718005539,25.534446741788425,25.235141306248053,24.728303700811132,23.896161758947827,23.54567329675369,22.816119472767003,21.806789524729414,20.989100163480277,20.366356389380638,19.68484364550203,19.676701640225154,18.366151746700304,17.81151699716961,17.03713031607076,16.626487042601156,15.954986087638042,15.251645792906348,14.527868570052929,13.97291848408352,13.071916837660135],[1.9400870298956099,0.11046847461390612,0.08630632634860272,0.05091452638473224,0.04304383965250355,0.02643779928871781,0.02246792744588135,0.02132761542704988,0.019046391666123888,0.016553496010557094,0.015882825909571636,0.014007616267487161,0.011752032928358027,0.01141721266606451,0.010738987892919475,0.010129389648839538,0.009352982866141205,0.008516640019521947,0.008244139943153386,0.007489698643311782,0.007038679832517533,0.006777590087189012,0.006366512436238677,0.006120715498825383,0.00534114284656246,0.005085367096672209,0.004666106539746451,0.00458984712587461,0.004017583421780093,0.003934054411604306,0.00345453406573401,0.003030488155158242]]",,,,,,,,,,,,,,0.694029042031616,32,7,2
