run_id,problem_family,setting,kappa,lr,algo,seed,steps,median_relative_update_fro_norm,median_mean_relative_layer_update_norm,nrG_mean_abs_speed,nrG_std_speed,nrG_mean_rel_speed,nrG_path_length,stA_mean_abs_speed,stA_std_speed,stA_mean_rel_speed,stA_path_length,condition_score_mean_abs_speed,condition_score_std_speed,condition_score_mean_rel_speed,condition_score_path_length,delta_gd_pred_mean_abs_speed,delta_gd_pred_std_speed,delta_gd_pred_mean_rel_speed,delta_gd_pred_path_length,delta_spec_pred_mean_abs_speed,delta_spec_pred_std_speed,delta_spec_pred_mean_rel_speed,delta_spec_pred_path_length,loss_mean_abs_speed,loss_std_speed,loss_mean_rel_speed,loss_path_length,relative_update_fro_norm_mean_abs_speed,relative_update_fro_norm_std_speed,relative_update_fro_norm_mean_rel_speed,relative_update_fro_norm_path_length,mean_relative_layer_update_norm_mean_abs_speed,mean_relative_layer_update_norm_std_speed,mean_relative_layer_update_norm_mean_rel_speed,mean_relative_layer_update_norm_path_length,rank_plane_mean_speed,rank_plane_path_length,rank_plane_net_distance,rank_plane_tortuosity,norm_rank_plane_mean_speed,norm_rank_plane_path_length,norm_condition_mean_speed,norm_condition_path_length,per_update_rank_plane_mean_speed,per_update_condition_mean_speed,update_normalized_rank_plane_mean_speed,update_normalized_condition_mean_speed
0,SmallMLPDigits,MLP width sweep hidden=8 samples=128 lr=3e-03,1.0,0.003,Adam,0,10,0.04935894138708764,0.051288885120678966,0.7031980852309087,0.8306317923283494,0.19469367360220607,7.031980852309086,0.024339874202123534,0.022074626888777822,0.017358074579075802,0.24339874202123535,0.5189553149466047,0.6186317211108809,0.19994718070755083,5.189553149466048,0.00017427383700827456,0.00018352151824237585,0.402876456681032,0.0017427383700827457,0.00028702939752313014,0.0003223037822443624,0.23910366009711764,0.0028702939752313014,0.00017263575029788925,0.00019226311600244409,7.499475867343296e-05,0.0017263575029788925,0.0003912847526741123,0.00016778743144135432,0.007971560606752193,0.003521562774067011,0.0009228046408426868,0.0009090757590884676,0.018077752630861532,0.008305241767584182,0.7039101054597576,7.039101054597577,0.46885312011956337,15.013446114643576,1.5685545214980998,15.685545214980998,1.5538076792343722,15.538076792343723,31.675570903347545,31.419796295269784,31.778528416908784,31.47976102341713
1,SmallMLPDigits,MLP width sweep hidden=8 samples=128 lr=3e-03,1.0,0.003,Muon,0,10,0.04935894138708764,0.06152004220157688,0.4185011859765357,0.5312516369893083,0.11229253991059811,4.185011859765357,0.01502433195225814,0.01635750917304109,0.010169629798399348,0.1502433195225814,0.28631584064750004,0.37918635011518015,0.11499539824433805,2.8631584064750006,0.0001350306095168694,0.00015619146456774074,0.2185390357255111,0.0013503060951686938,0.0003252090081070395,0.00037757085699964,0.20473781101361016,0.0032520900810703948,0.00011703579019419763,0.0001163706125498328,5.083890221470222e-05,0.0011703579019419763,0.0003912847526741131,0.0001677874314413542,0.007971560606752208,0.0035215627740670177,0.0009884100792382315,0.00040754864365809555,0.016167590481772035,0.008895690713144083,0.4191968409707747,4.191968409707747,0.8678386392001893,4.83035465391483,0.9463772664725744,9.463772664725743,0.8572602285233438,8.572602285233438,19.184546317886717,17.3854896808145,19.173370414304465,17.36788116666546
2,SmallMLPDigits,MLP width sweep hidden=8 samples=128 lr=3e-03,1.0,0.003,Adam,1,10,0.04675648744001712,0.048895590185537706,0.42735033027360975,0.5927627687743952,0.12780265779760033,4.273503302736097,0.005387197915535213,0.006283505126905756,0.004143197933810428,0.053871979155352134,0.30014458504563246,0.4376671314431573,0.11628378616005433,3.0014458504563244,8.559600648877225e-05,0.00013159898865579696,0.2570044934860298,0.0008559600648877225,0.00015979494212391902,0.00027011528028121406,0.17191848350634356,0.0015979494212391902,0.00044774916171697043,0.0006101323473479075,0.00019453198986921818,0.004477491617169704,0.00024558460357544356,0.00021026467588650328,0.005296390997089114,0.002210261432178992,0.0004174110211380946,0.00039226820538112875,0.008624512952740897,0.0037566991902428515,0.42744503411051255,4.274450341105125,0.3604628296749284,11.858227781654765,0.9314141961256943,9.314141961256944,0.8986649672766183,8.986649672766182,20.25150156978969,19.562399825412946,19.920533964844672,19.220112897263636
3,SmallMLPDigits,MLP width sweep hidden=8 samples=128 lr=3e-03,1.0,0.003,Muon,1,10,0.04675648744001712,0.06071181188682487,0.4219942717754076,0.477756244980041,0.11610673499039943,4.219942717754076,0.005959786873498363,0.00683622582618554,0.004500722130620985,0.05959786873498363,0.29985675913821774,0.34115910936776805,0.10869217795562718,2.9985675913821774,7.293761775974879e-05,0.0001134592369572952,0.20043175817388117,0.0007293761775974878,0.0001824047314490257,0.0002819828608939008,0.17779262226200496,0.001824047314490257,0.0002900565653452425,0.0003801065196907103,0.0001260062637537122,0.002900565653452425,0.0002455846035754428,0.00021026467588650396,0.005296390997089096,0.002210261432178985,0.0007530270252171689,0.000570990738372498,0.012689279169003472,0.00677724322695452,0.42206055791143715,4.2206055791143715,0.03370979893408349,125.20411609002444,0.9179483702259313,9.179483702259313,0.8978031857467974,8.978031857467974,19.810511868379063,19.38494686632611,19.632534873445046,19.201681625433682
4,SmallMLPDigits,MLP width sweep hidden=8 samples=128 lr=3e-03,1.0,0.003,Adam,2,10,0.04731275986655818,0.051802956085791343,0.6006291142665838,0.6646524430925029,0.17578428047096098,6.006291142665838,0.02962898932922604,0.030537810952654502,0.02068071289998794,0.2962898932922604,0.44158441594018977,0.5092346751266474,0.1737036191793024,4.415844159401898,0.00011442872560752152,0.00013700428782881832,0.42037464980443306,0.0011442872560752152,0.0002284434556605711,0.0002652851497777392,0.2972159075123714,0.002284434556605711,0.00033929379707839933,0.00041291472024551233,0.00014740724180725207,0.0033929379707839935,0.0003557980684088108,0.00012161576912682387,0.00754517838443793,0.003202182615679297,0.0009096228096756279,0.0009284996330736801,0.017708858828268434,0.00818660528708065,0.60276646435092,6.027664643509199,0.32851023066639296,18.34848379388946,1.4170843954144154,14.170843954144155,1.3221509381567635,13.221509381567635,30.09370707441454,28.15320200539303,29.951421126376637,27.944912575080878
5,SmallMLPDigits,MLP width sweep hidden=8 samples=128 lr=3e-03,1.0,0.003,Muon,2,10,0.04731275986655818,0.06188822940256751,0.6005730364603727,0.7359190524417026,0.14699969277260413,6.0057303646037274,0.01972901705416654,0.021350522480569345,0.013062212461799482,0.19729017054166542,0.4272640224496545,0.5289521597445979,0.1561141445844186,4.272640224496545,0.0001588271935875509,0.0002029598353589922,0.34676919376894894,0.001588271935875509,0.00039675136053350803,0.0005187755167962409,0.3035637731915461,0.0039675136053350804,0.0002044273432957766,0.000232333686738815,8.880699453061097e-05,0.002044273432957766,0.0003557980684088108,0.00012161576912682686,0.007545178384437932,0.003202182615679297,0.0014223662033563044,0.00021091555993814096,0.02287405881534999,0.012801295830206741,0.6024101808565191,6.024101808565191,0.7082833739968848,8.505214197773455,1.376366832654235,13.763668326542351,1.279274149473057,12.79274149473057,29.281833524843954,27.21963349034151,29.090816864967646,27.038671028304975
6,SmallMLPDigits,MLP width sweep hidden=8 samples=128 lr=3e-03,1.0,0.003,Adam,3,10,0.045837636226393225,0.04972784984892966,0.4192787329012516,0.5062360229821138,0.1303267395247437,4.192787329012516,0.016244516406672925,0.016489095924360108,0.011635571117302434,0.16244516406672926,0.3002503774581871,0.37367067941914367,0.13066649287883558,3.002503774581871,0.00011615477505156131,0.00014621563194470164,0.38440768440466,0.0011615477505156132,0.00018422505617138196,0.00026292243726920746,0.25323130789395054,0.0018422505617138197,0.000139945673994335,0.00014054830133996456,6.078969070734022e-05,0.00139945673994335,0.00026313342638217287,0.00019445784432562118,0.005800084547519762,0.002368200837439556,0.0005136198527352134,0.0004910847062478594,0.010492086070524605,0.00462257867461692,0.4218219616765144,4.218219616765144,0.47726656375073795,8.83828857319281,0.9572166537610197,9.572166537610197,0.8989817210669695,8.989817210669695,21.07003502647061,19.8087352704174,20.882766489818604,19.612305412671727
7,SmallMLPDigits,MLP width sweep hidden=8 samples=128 lr=3e-03,1.0,0.003,Muon,3,10,0.045837636226393225,0.06203431911530567,0.5021648756380512,0.6664609148332513,0.13830845597695116,5.021648756380513,0.013498525423239437,0.015191484507691689,0.00958055758393236,0.13498525423239438,0.354482359209397,0.4758289469391457,0.13799626729838513,3.5448235920939704,0.00011596456987913706,0.00014039753937528131,0.36164812980127736,0.0011596456987913706,0.00017932485449932933,0.0002502531702661142,0.2368322482521505,0.0017932485449932932,0.0001406078964210522,0.0001361093417106227,6.10764998474949e-05,0.001406078964210522,0.0002631334263821706,0.00019445784432561727,0.0058000845475197115,0.0023682008374395352,0.0010725888679173684,0.0007589825850805055,0.01775194236399789,0.009653299811256316,0.5032985564797643,5.0329855647976425,0.5158893003263648,9.755940977286496,1.1346857151234102,11.346857151234103,1.0613580707798511,10.61358070779851,25.045923023188333,23.446513004261263,24.754455258538403,23.154729566284292
8,SmallMLPDigits,MLP width sweep hidden=8 samples=128 lr=3e-03,1.0,0.003,Adam,4,10,0.0467225341337322,0.04969409064434518,0.43537763435271665,0.5358221696503922,0.10839791893261316,4.353776343527167,0.005072900162330663,0.005726115236291568,0.003696338672547242,0.050729001623306624,0.31691087543866703,0.38730250181724324,0.10768589608962251,3.1691087543866705,0.00017819965933489902,0.00021921652704119503,0.6120604690841699,0.0017819965933489903,0.0003917791189268667,0.00048233488133197605,0.4492092418416946,0.003917791189268667,0.0003935799762420533,0.0004932184685225458,0.00017099156263197725,0.003935799762420533,0.00044247714080761225,0.00021442164477513355,0.009546496605108706,0.00398229426726851,0.0007481897565236988,0.0006233313089114557,0.015160430061946244,0.006733707808713289,0.43636017668798965,4.3636017668798965,0.2175351158015857,20.059298246173498,0.9573254475799665,9.573254475799665,0.9488650327054715,9.488650327054716,20.498590608340937,20.319847278185524,20.48958741920652,20.308509593883965
9,SmallMLPDigits,MLP width sweep hidden=8 samples=128 lr=3e-03,1.0,0.003,Muon,4,10,0.0467225341337322,0.06117233017335747,0.3304567875336771,0.3816991491376101,0.08078642497028313,3.3045678753367707,0.015470179567872732,0.011760899817570588,0.010755766909331927,0.15470179567872733,0.2282063858866629,0.26540316345105464,0.08003744708768284,2.282063858866629,0.0001885814105101937,0.00023811296738654556,0.5623847164073279,0.0018858141051019371,0.00042825914464774426,0.0005037106241427399,0.4401626933997841,0.004282591446477442,0.00025455063112715947,0.00027751545734382843,0.00011058693763971999,0.0025455063112715948,0.00044247714080761685,0.0002144216447751271,0.009546496605108808,0.003982294267268552,0.0013992574073518399,0.0005806127644599318,0.02313908157675561,0.01259331666616656,0.3314871841295511,3.3148718412955107,0.1882930989672521,17.604850413939136,0.762638018151655,7.6263801815165495,0.6832743101927823,6.832743101927823,16.342519987162834,14.6553538693833,16.32270235961055,14.624084991560414
10,SmallMLPDigits,MLP width sweep hidden=8 samples=128 lr=1e-02,1.0,0.01,Adam,0,10,0.14013336528988551,0.13942738363513452,0.6084453813761052,0.6901581162638292,0.18976788076455645,6.084453813761051,0.02839207394297234,0.06222278464177986,0.019741951610046354,0.2839207394297234,0.5191990451217482,0.6035804674276398,0.2124606967070916,5.191990451217482,0.00020127277907081294,0.00021714074004535976,0.5890803870225659,0.0020127277907081294,0.00036968905047465004,0.00041084101434495264,0.4164995413913852,0.0036968905047465002,0.001286845585090779,0.001439198905458276,0.000559975858386226,0.01286845585090779,0.006848545513956523,0.0010826728562640415,0.04916721401234544,0.06163690962560871,0.007663063128899085,0.0027829979704930207,0.05502372736406706,0.06896756816009177,0.6109714969817087,6.109714969817087,0.38684992807623036,15.793501630464677,1.0971291132292609,10.971291132292608,1.2340838818758355,12.340838818758355,7.518639667820834,8.580512693627153,7.829178375611657,8.80649572157894
11,SmallMLPDigits,MLP width sweep hidden=8 samples=128 lr=1e-02,1.0,0.01,Muon,0,10,0.14013336528988554,0.15246006885191063,0.6699779958599407,0.7845154962358891,0.17529915597533452,6.6997799585994064,0.028676070677401588,0.04011479814985193,0.019883371715391427,0.2867607067740159,0.51456697630477,0.5996651651204767,0.19271866900511275,5.1456697630476995,0.00019198925605972995,0.00020835321374940114,0.34623257751266256,0.0019198925605972994,0.00042719699050898475,0.0004721159438602004,0.26067850722270064,0.004271969905089847,0.0007348641642063392,0.0005667844137542409,0.0003195824543503633,0.0073486416420633915,0.006848545513956523,0.0010826728562640447,0.049167214012345445,0.06163690962560871,0.011990748901733676,0.0028133532837639674,0.07353260943668262,0.10791674011560308,0.670944664897568,6.70944664897568,1.470868850660148,4.561553292779557,1.1084226980289773,11.084226980289772,1.2230739204352628,12.230739204352627,7.725084493056533,8.572602435234966,7.909770066079904,8.727927984211059
12,SmallMLPDigits,MLP width sweep hidden=8 samples=128 lr=1e-02,1.0,0.01,Adam,1,10,0.13909812632401766,0.13989249085670585,0.44583770267913697,0.5893705997585466,0.14192473503584674,4.45837702679137,0.009963847915375457,0.015744726288666137,0.007717716304996555,0.09963847915375457,0.3287736570952623,0.45038065372898456,0.13408718082104149,3.2877365709526227,0.00010951668770284404,0.00016440144038663406,0.33747315518197685,0.0010951668770284404,0.00021179300918671942,0.0002972492651559178,0.26313166171682545,0.002117930091867194,0.0022281314944173846,0.0034597294812199727,0.0009703869631839496,0.022281314944173847,0.0055563873799032455,0.002328279242516398,0.04155656395043221,0.05000748641912921,0.006560454602324153,0.0027913425736202746,0.048401351028395184,0.05904409142091738,0.4467942532800329,4.467942532800329,0.04205649830494966,106.23667477980433,0.7316379562939848,7.316379562939848,0.7814618975493195,7.814618975493195,5.809924531115059,6.347202204244677,5.2598692421614235,5.618061998397938
13,SmallMLPDigits,MLP width sweep hidden=8 samples=128 lr=1e-02,1.0,0.01,Muon,1,10,0.1390981263240177,0.15910093929955044,0.5735681623093012,0.7038134305458955,0.1451693722554209,5.735681623093011,0.011197795837921177,0.013204550287258502,0.008455051901414816,0.11197795837921176,0.40722573413496493,0.4981774764635136,0.1366712414958734,4.0722573413496495,0.00011435397965900035,0.00015678921971081934,0.2913948663132102,0.0011435397965900034,0.0002889350431569726,0.000395747022089858,0.24857407311064766,0.002889350431569726,0.0010098050417603587,0.0013918682801606383,0.00043930705333890453,0.010098050417603588,0.00555638737990325,0.0023282792425163876,0.04155656395043225,0.05000748641912925,0.010704431267046604,0.0028033135968328145,0.06694228476202407,0.09633988140341944,0.5742342328566149,5.742342328566149,0.813433443843953,7.05938804462009,0.9106347566022656,9.106347566022656,0.967934589831863,9.67934589831863,7.116220880828372,7.620234713183154,6.546707570172559,6.958645780584698
14,SmallMLPDigits,MLP width sweep hidden=8 samples=128 lr=1e-02,1.0,0.01,Adam,2,10,0.13700518146904578,0.13300734188395255,0.46728800990384106,0.49861635957159745,0.17032235089042608,4.6728800990384105,0.03234250744428113,0.05876917782874802,0.02221336601129048,0.3234250744428113,0.30261099054556306,0.3661806767543457,0.14082309241203086,3.0261099054556304,0.00012205323818959269,0.00014198831392864443,0.5655985141940272,0.0012205323818959269,0.00021218739932155154,0.0002392702703437157,0.40653697416672846,0.0021218739932155153,0.0017600680844291894,0.00215201615303863,0.0007659364651063278,0.017600680844291894,0.006379132586272016,0.0015857253063539358,0.04737057206930781,0.05741219327644814,0.008535180008171042,0.0025029389612422183,0.06098615781429003,0.07681662007353937,0.4730350221233441,4.730350221233441,0.9039587532737786,5.232927060114188,0.9874570432628106,9.874570432628106,0.7192758719792898,7.192758719792898,7.220628278262689,5.730867974701983,7.2074430519688875,5.249990286986329
15,SmallMLPDigits,MLP width sweep hidden=8 samples=128 lr=1e-02,1.0,0.01,Muon,2,10,0.13700518146904578,0.1538263465046699,0.5347133319784189,0.6612279900589625,0.13155647887756744,5.347133319784189,0.019106870531041785,0.025524869181247314,0.012872831080968223,0.19106870531041786,0.40585633724709763,0.48519187523513774,0.14237390227447425,4.058563372470976,0.0001348473688241817,0.0001633000728841003,0.3285056657327374,0.001348473688241817,0.00031183536683536026,0.00037850026026825685,0.25061512157341004,0.0031183536683536024,0.0010425208603412005,0.0011245877252177437,0.0004535353497913118,0.010425208603412006,0.006379132586272009,0.0015857253063539575,0.047370572069307774,0.05741219327644809,0.013241135840603392,0.0034716921288311135,0.07937262983860932,0.11917022256543053,0.5377862923568075,5.377862923568075,0.8603137649127215,6.251048330156216,0.9285148979651054,9.285148979651055,0.9646796712354474,9.646796712354474,7.325452817379348,7.70935281690771,6.777224686023201,7.041191149791674
16,SmallMLPDigits,MLP width sweep hidden=8 samples=128 lr=1e-02,1.0,0.01,Adam,3,10,0.13703884247905035,0.14257218108842312,0.5160628314787283,0.592473140959832,0.1451379677862156,5.160628314787283,0.014823832739597953,0.01720060311238326,0.010748415545083293,0.14823832739597953,0.39518115384850117,0.45496119362042886,0.15284203075279776,3.9518115384850114,0.00010660145387094016,0.00016014410713992964,0.37905144350227665,0.0010660145387094016,0.0002138594751307522,0.00028641358412312564,0.2693577085095616,0.002138594751307522,0.0007947486705137674,0.0007468678527485875,0.00034563168840997795,0.007947486705137674,0.005270266917018861,0.002001628648692586,0.03978961634057492,0.04743240225316975,0.006860849411464994,0.003255740445989587,0.04930125438159192,0.061747644703184945,0.5163208614852804,5.163208614852804,0.4499172239619788,11.475907877865845,0.8123382440075606,8.123382440075606,0.9393058345690353,9.393058345690353,6.254374889479473,7.232916581507624,5.927795574687124,6.854303623533821
17,SmallMLPDigits,MLP width sweep hidden=8 samples=128 lr=1e-02,1.0,0.01,Muon,3,10,0.13703884247905035,0.15989151913623126,0.6092855562077047,0.6896793977063779,0.15291697047957617,6.092855562077047,0.01848940393762233,0.021785488092009947,0.013088910935917594,0.18489403937622328,0.4208686647634394,0.4770317640432308,0.14882138682659965,4.208686647634394,0.00010312714271967908,0.0001307908990963819,0.29164600697429127,0.0010312714271967908,0.00016931978344704863,0.0002446211657394498,0.1764835556939443,0.0016931978344704862,0.0007233179819380098,0.000493798091740058,0.00031454582165164034,0.007233179819380098,0.005270266917018865,0.0020016286486925854,0.03978961634057496,0.04743240225316979,0.011410009332780215,0.00357090536104637,0.06984270338467964,0.10269008399502194,0.6127170942787039,6.127170942787039,0.41944939246488466,14.6076524435543,0.9989215533623768,9.989215533623767,1.000362463011411,10.00362463011411,7.460802659509419,7.535175983067354,7.289331515734933,7.299846123294133
18,SmallMLPDigits,MLP width sweep hidden=8 samples=128 lr=1e-02,1.0,0.01,Adam,4,10,0.13399692101720398,0.13320729845647977,0.6974659259224307,0.8380755778704791,0.1933719884954393,6.974659259224307,0.011625813983481548,0.01614332439105464,0.00871377030585365,0.11625813983481548,0.5280156351982453,0.6335338747666246,0.19123468775052652,5.280156351982454,0.00019794964210275145,0.00021690691389568406,0.7783253407832424,0.0019794964210275144,0.00042759661709523036,0.00046057790024712456,0.5366590196544594,0.0042759661709523035,0.0016658871045577063,0.0019096065539516319,0.000724852422114282,0.01665887104557706,0.006674918646279508,0.002004127636048682,0.05068259428379446,0.06007426781651558,0.00802933290897457,0.0021688237793592133,0.058653405921725216,0.07226399618077112,0.6979200966092385,6.979200966092385,0.35614432577996563,19.596552467339603,1.1013448114304414,11.013448114304413,1.2550400292507986,12.550400292507986,8.034051855809102,9.20667393835334,8.219179986150866,9.366185578918362
19,SmallMLPDigits,MLP width sweep hidden=8 samples=128 lr=1e-02,1.0,0.01,Muon,4,10,0.13399692101720395,0.15158417225037002,0.550024588280633,0.6233134790991686,0.12886496544883422,5.500245882806331,0.017749561955277528,0.023580406823160517,0.012442384505901937,0.17749561955277526,0.3619429898101821,0.42000471958974656,0.12074249151199748,3.6194298981018207,0.00021783047852636547,0.0002456314092720106,0.5717815989989922,0.0021783047852636547,0.0005339918518895665,0.0006000076760754084,0.4663333641925891,0.005339918518895665,0.0011614462484651699,0.0011252988915879613,0.0005054375856378712,0.0116144624846517,0.00667491864627951,0.0020041276360486886,0.05068259428379448,0.06007426781651559,0.013048750342735053,0.0042112761166727755,0.0808416157262602,0.11743875308461549,0.550688801901051,5.50688801901051,0.20413823091647462,26.976269923999258,0.8943262943004695,8.943262943004695,0.8603020634946568,8.603020634946567,6.523168052690148,6.311139667504891,6.674230180152023,6.420312175562616
20,SmallMLPDigits,MLP width sweep hidden=8 samples=128 lr=3e-02,1.0,0.03,Adam,0,10,0.2521075436612681,0.24324358437609275,0.37788686754893713,0.4311084636206996,0.1464124744908382,3.778868675489371,0.031065682046116417,0.08390019716655245,0.021103644031954704,0.31065682046116416,0.3105338783709366,0.35960719876302194,0.1492181733084179,3.105338783709366,0.00019494026176019607,0.0002264131446444807,0.6198511301480802,0.0019494026176019607,0.0003856631845782092,0.0005055525423331568,0.5225141594675582,0.0038566318457820925,0.012340470744986875,0.015590862331317618,0.0054441558872749376,0.12340470744986876,0.04011950315142638,0.01939288738628739,0.12936492702220134,0.3610755283628374,0.04165900833273547,0.023971041771664,0.13331277497970392,0.3749310749946192,0.39061659802328497,3.9061659802328497,0.8757778890619823,4.460224480452023,0.7470457746842178,7.470457746842178,0.5476861675215361,5.476861675215361,2.3273129209087493,2.1067244353310457,2.963202781777721,2.172430699881824
21,SmallMLPDigits,MLP width sweep hidden=8 samples=128 lr=3e-02,1.0,0.03,Muon,0,10,0.2521075436612681,0.25314763204616075,0.5013508512648703,0.6262483699217866,0.12785041691828808,5.013508512648703,0.04141794596875494,0.07342303967321441,0.029117045500152546,0.41417945968754943,0.4551246236744628,0.556567212884734,0.16212042685877331,4.551246236744628,0.00023271568518925113,0.00025595436186166365,0.4840629679220084,0.0023271568518925113,0.000545638749384633,0.0006076273215634802,0.360458253313071,0.00545638749384633,0.005715857079836351,0.005516939493112926,0.0025081578142837043,0.057158570798363506,0.04011950315142639,0.01939288738628741,0.1293649270222013,0.3610755283628375,0.05619419772029047,0.0464757457573129,0.1520639582980004,0.5057477794826142,0.5077296783638776,5.077296783638776,1.4829862578039252,3.423697796874714,0.8717096360717331,8.717096360717331,0.8026997318057429,8.026997318057429,3.0261616516474383,3.078951049769228,3.457689616947611,3.183957608520636
22,SmallMLPDigits,MLP width sweep hidden=8 samples=128 lr=3e-02,1.0,0.03,Adam,1,10,0.25687882605500234,0.261380777835974,0.3585722512555199,0.43787931987247286,0.13382216251727658,3.585722512555199,0.010586033166771069,0.023690385554931925,0.008144328751258126,0.1058603316677107,0.2659268407465073,0.31450329101124425,0.1265089261647014,2.6592684074650728,0.00013370652946955195,0.00017433213440122878,0.4812574509216166,0.0013370652946955194,0.000246651711617751,0.0003083529113129906,0.4072884789969038,0.00246651711617751,0.017488874992490144,0.030838408845385145,0.007766537273159957,0.17488874992490144,0.03643495483912256,0.01332842671414796,0.12391581878791585,0.32791459355210306,0.03846557703831702,0.015672799833780445,0.12721682288657785,0.3461901933448531,0.35901234403185434,3.5901234403185436,1.284247092609726,2.7955083262232914,0.4507721628565637,4.507721628565637,0.4690130848640946,4.690130848640946,1.7490509063537136,1.9261151938956254,1.7548046671625839,1.8258144980920714
23,SmallMLPDigits,MLP width sweep hidden=8 samples=128 lr=3e-02,1.0,0.03,Muon,1,10,0.25687882605500234,0.2645781149382622,0.4133324696164145,0.4665129191139496,0.09869032417656368,4.133324696164145,0.024016130021240745,0.029569029812335824,0.018096811168681275,0.24016130021240745,0.2638663059053682,0.297752254540176,0.08503310080543747,2.638663059053682,0.00016095874501954706,0.00019279618190087795,0.41808990593835593,0.0016095874501954705,0.0004168398304608377,0.0005263051088869373,0.3655326348205826,0.004168398304608377,0.00667214099634017,0.008115001057500966,0.0029312699168036146,0.0667214099634017,0.036434954839122576,0.013328426714147953,0.12391581878791591,0.3279145935521032,0.05311279022691131,0.03151456024538804,0.14980265059998077,0.47801511204220176,0.415472925508376,4.15472925508376,0.3539558026624535,11.737988821858295,0.5975265494222174,5.975265494222174,0.465378935713901,4.65378935713901,2.436358413159616,2.158503186697682,2.3261027722630447,1.8116671695402993
24,SmallMLPDigits,MLP width sweep hidden=8 samples=128 lr=3e-02,1.0,0.03,Adam,2,10,0.23809459679544204,0.2262558080709292,0.4485313760430614,0.5297706687152745,0.18182812832323533,4.485313760430614,0.03442605372543417,0.09462342382503901,0.02259177172425463,0.3442605372543417,0.2961454991612702,0.3366269194976849,0.1586630655692745,2.961454991612702,0.0001326744032939585,0.0001565296111147565,0.6889420730743996,0.001326744032939585,0.00021942235345495282,0.00027047421663111765,0.5164815531135682,0.0021942235345495283,0.010578255504485368,0.016060848101585166,0.004654588110388115,0.10578255504485368,0.038411825221638836,0.018752181920527265,0.12873460175519633,0.3457064269947495,0.0438931304522788,0.029445716002239254,0.13902221599059245,0.3950381740705092,0.4529843685889336,4.529843685889336,1.1383930483572366,3.979156138054557,0.7951950456082642,7.951950456082642,0.5223094958761463,5.223094958761463,2.819007930460394,2.514647677702847,3.339828187245478,2.193705791336736
25,SmallMLPDigits,MLP width sweep hidden=8 samples=128 lr=3e-02,1.0,0.03,Muon,2,10,0.23809459679544204,0.24032672872383992,0.45222352087038037,0.5969063975736615,0.10573412547128538,4.522235208703804,0.026973182118958317,0.053215904766708275,0.01822753443005592,0.26973182118958317,0.3644936484125049,0.4470409611847391,0.12012315918561718,3.6449364841250493,0.00012134996966821492,0.0001478967686709112,0.33230344799403305,0.0012134996966821493,0.0002814072783431761,0.0003552578468705723,0.24515154522085458,0.0028140727834317612,0.006156432712101445,0.006680550974363752,0.002702551684798684,0.06156432712101445,0.03841182522163885,0.01875218192052729,0.12873460175519633,0.3457064269947496,0.060072711259241754,0.05278725319989602,0.15910057981123008,0.5406544013331758,0.4627865351460595,4.627865351460595,0.9498486627935931,4.872213366969021,0.766930200597189,7.66930200597189,0.6428545910424912,6.428545910424912,3.241923119323441,3.138090549448378,3.221115518451239,2.6999965547088705
26,SmallMLPDigits,MLP width sweep hidden=8 samples=128 lr=3e-02,1.0,0.03,Adam,3,10,0.26586383861428964,0.26965945304595684,0.39512580592464375,0.42714496683479286,0.11599625302503769,3.9512580592464377,0.04282777136519571,0.05801248616364958,0.03138973585243659,0.4282777136519571,0.2696492304816708,0.3013696573446989,0.11102139375071471,2.6964923048167075,0.00011224683904092866,0.00015421463430875283,0.3632856734221127,0.0011224683904092867,0.00022058530099180004,0.00028656653800204887,0.28925015522664155,0.0022058530099180003,0.009872130957750214,0.014162620983268264,0.004357899171924752,0.09872130957750214,0.03555231287294966,0.01092414436071978,0.12200622110253828,0.31997081585654696,0.04019120009700676,0.01683194815846987,0.13164908341542345,0.36172080087306085,0.3988038217789931,3.988038217789931,1.1221636347783073,3.5538829580570046,0.746165407651801,7.46165407651801,0.47557823446634784,4.755782344663478,2.5584341525351455,1.9224248149871461,2.8065697521742474,1.7888037611474796
27,SmallMLPDigits,MLP width sweep hidden=8 samples=128 lr=3e-02,1.0,0.03,Muon,3,10,0.26586383861428964,0.2709522750023106,0.44760240985404814,0.5368227191257584,0.10365874127575683,4.476024098540481,0.04168187140283006,0.06750351985581864,0.030144523131415014,0.4168187140283006,0.3917098830881112,0.4459296929385174,0.13140428501650855,3.917098830881112,0.0001407555468140483,0.00018205997523748274,0.4135871823832155,0.001407555468140483,0.0003616616943794575,0.0004580929622324724,0.3528141981741685,0.003616616943794575,0.005425648381592607,0.0036534249302774585,0.0023803284371897234,0.05425648381592607,0.03555231287294967,0.010924144360719795,0.12200622110253831,0.3199708158565471,0.05538335153014111,0.03464006406948476,0.15285923983224953,0.49845016377127,0.4597290229030805,4.597290229030805,0.7242647245539211,6.347527462230476,0.849786292066586,8.49786292066586,0.6908556508368242,6.9085565083682425,3.039965437993846,2.713250872786476,3.196321457238268,2.5985318441110183
28,SmallMLPDigits,MLP width sweep hidden=8 samples=128 lr=3e-02,1.0,0.03,Adam,4,10,0.2420443495852759,0.23456479918004572,0.6853323924572203,0.8848863588409314,0.2078248289806826,6.853323924572203,0.015788270763914335,0.030197257008475836,0.011860184171779935,0.15788270763914336,0.5138940558657995,0.6352667073596909,0.20234592715922792,5.138940558657995,0.0001984862674427646,0.00021599442680564284,0.8667308982692944,0.001984862674427646,0.00035676240702706347,0.00038365917165932614,0.5635808080561341,0.003567624070270635,0.010501244358643502,0.014977725628765745,0.00462734866878712,0.10501244358643502,0.03831961252943758,0.01745667387852902,0.13060555885755468,0.34487651276493825,0.04232613237958797,0.025281463998909275,0.1378141326452248,0.38093519141629173,0.6856260611399713,6.856260611399713,0.7520375758567668,9.116912281395841,0.8156176012458675,8.156176012458674,0.9063509187652603,9.063509187652603,2.9710453754306227,3.444460448511422,3.3697031252469416,3.744565491068979
29,SmallMLPDigits,MLP width sweep hidden=8 samples=128 lr=3e-02,1.0,0.03,Muon,4,10,0.24204434958527593,0.24405627315888162,0.7666855047322252,0.8279987051796168,0.18006958172969104,7.666855047322252,0.010818894070438678,0.011546913984454198,0.007836680297931931,0.10818894070438678,0.5554888008863699,0.6015138849043102,0.1790267670207823,5.554888008863698,0.00023515428386802886,0.00025655238435740485,0.7391080260196654,0.0023515428386802887,0.0005679179042026072,0.0006291320189333319,0.5124855261143912,0.005679179042026072,0.0079893080419148,0.0064016106988770164,0.003521069680909629,0.079893080419148,0.038319612529437594,0.017456673878529033,0.1306055588575547,0.34487651276493836,0.05838150554945745,0.0454470749967958,0.1597322989607458,0.525433549945117,0.7667892875348471,7.667892875348471,0.22166873753348917,34.591674769609874,0.8851991493501016,8.851991493501016,0.9797112445656537,9.797112445656538,3.5226698324030203,3.91772868977908,3.6571775001846607,4.047651788791238
30,SmallMLPDigits,MLP width sweep hidden=16 samples=128 lr=3e-03,1.0,0.003,Adam,0,10,0.044297000787708124,0.048024140923784445,0.8675693059978904,1.0061475096898163,0.20449245568123908,8.675693059978904,0.02888377504191635,0.017632354854242648,0.019976322240746976,0.2888377504191635,0.6562915855340014,0.7505578721632211,0.2144018993855477,6.562915855340013,0.0001644409154320645,0.0001873468730874416,0.3291695933631997,0.0016444091543206451,0.0003009393502003482,0.0003282658775956602,0.19237610456732185,0.003009393502003482,0.0002721454338614038,0.00031447729540862466,0.00011824078610247468,0.0027214543386140377,0.0002731986811742397,0.00013438028108076513,0.006208834716726522,0.002458788130568157,0.0005789199399389726,0.0006551022174353587,0.012007065941481928,0.0052102794594507534,0.8687830157674071,8.687830157674071,0.2982620521184636,29.12817804332494,1.6207533188855856,16.207533188855855,1.6129234937510497,16.129234937510496,36.738507109689216,36.58801114360831,36.588330813930064,36.41157335867796
31,SmallMLPDigits,MLP width sweep hidden=16 samples=128 lr=3e-03,1.0,0.003,Muon,0,10,0.04429700078770812,0.054535390820445756,0.7706723708789662,0.8782947351381786,0.15390248168878828,7.706723708789663,0.02130797650283469,0.022686007042934456,0.013517698054416313,0.2130797650283469,0.51153198242343,0.5738560576383254,0.1600345248191352,5.1153198242343,0.00016008302073952486,0.00018726807556205394,0.22328740010161238,0.0016008302073952487,0.00030165094759193004,0.0003650750192193343,0.13975210495515672,0.0030165094759193,0.00017020507800173944,0.00017663215929684058,7.393717950225785e-05,0.0017020507800173945,0.00027319868117424044,0.00013438028108076467,0.006208834716726539,0.002458788130568164,0.0007738437823507229,0.00033191111211088086,0.014386680443140969,0.006964594041156506,0.7713433947309524,7.7134339473095235,0.5259786515279141,14.664918290700179,1.4222655471238648,14.222655471238648,1.2571575964736403,12.571575964736404,32.29042658619686,28.56066407372046,32.107490842100674,28.380196720281937
32,SmallMLPDigits,MLP width sweep hidden=16 samples=128 lr=3e-03,1.0,0.003,Adam,1,10,0.04287435233429508,0.0456599260295607,0.5323445265459459,0.6115887677936319,0.11081245883118371,5.323445265459458,0.003444159360165644,0.004610173367680019,0.002607691881214874,0.03444159360165644,0.3920987916819988,0.45491562092024024,0.1074035689364268,3.9209879168199877,8.792887263525574e-05,0.00010228423218039726,0.287536447523635,0.0008792887263525574,0.00019262337396289635,0.00024876600320264386,0.17980840046670776,0.0019262337396289634,0.0004680242046377181,0.0006464991892475131,0.00020340620843337735,0.004680242046377181,0.00023646366350017536,0.0001555351219672547,0.005558714811259472,0.002128172971501578,0.0005859527147338653,0.000508727501709297,0.013007261579905708,0.005273574432604788,0.5324341262316337,5.324341262316337,0.3551449276990124,14.992023951497204,0.9622741743385568,9.622741743385568,0.9636347119409008,9.636347119409008,22.63744063721881,22.67588656034897,22.444051558741243,22.47578469354724
33,SmallMLPDigits,MLP width sweep hidden=16 samples=128 lr=3e-03,1.0,0.003,Muon,1,10,0.04287435233429508,0.05433536027519632,0.485709538636821,0.5099902017998897,0.09678159861503485,4.85709538636821,0.003005424413629365,0.003925369820264056,0.0022616009149825553,0.03005424413629365,0.3611252392861978,0.38463816515963645,0.09573918680523127,3.611252392861978,8.848721695169299e-05,9.897854330688075e-05,0.28226912871978127,0.0008848721695169299,0.00017776056097355315,0.00021715812123722605,0.15493195652140643,0.0017776056097355316,0.0002646528069700338,0.00024913858260771813,0.00011498619603545882,0.002646528069700338,0.00023646366350017536,0.00015553512196725256,0.005558714811259472,0.002128172971501578,0.0007180412465513422,0.00043577386020118456,0.013436047131886885,0.006462371218962079,0.485734000897134,4.85734000897134,0.3460935085777172,14.034761960525467,0.8749427083890053,8.749427083890053,0.887513104647296,8.87513104647296,20.529271359463127,20.829322831481996,20.40713528607967,20.700326799744484
34,SmallMLPDigits,MLP width sweep hidden=16 samples=128 lr=3e-03,1.0,0.003,Adam,2,10,0.04283109521625236,0.043786818136977185,0.788157348656899,0.9255196319010662,0.1583349021080834,7.88157348656899,0.019102344790454428,0.01465269203599174,0.013096952502637333,0.19102344790454429,0.5565368983145345,0.6641043390561917,0.158385549443113,5.565368983145344,0.00014507762879309937,0.00016440346666977108,0.3773885428040809,0.0014507762879309937,0.00032449957383631376,0.00035146226054265346,0.24596124223456428,0.0032449957383631376,0.0004558930188322652,0.0005020376412891459,0.00019811535778411224,0.004558930188322652,0.0002963816752353698,9.554730142143803e-05,0.006947948020728647,0.0026674350771183283,0.0003378569848267462,0.000309794105330576,0.007663484468422022,0.0030407128634407157,0.7886701678152921,7.886701678152921,0.35568036700022493,22.17356483482242,1.4454789878213343,14.454789878213344,1.3677631379358064,13.677631379358065,33.95473342116879,32.17050921655621,33.74835456630686,31.933881938578246
35,SmallMLPDigits,MLP width sweep hidden=16 samples=128 lr=3e-03,1.0,0.003,Muon,2,10,0.04283109521625236,0.050976400473085444,0.7060497720585586,0.8209742831935242,0.13949165783910344,7.060497720585586,0.0066377065837489365,0.008134691575188278,0.00431023128339939,0.06637706583748937,0.47882851236847535,0.5511057498913613,0.14486497146057814,4.788285123684753,0.0001503670106982809,0.00016997670770000034,0.2945031064950861,0.001503670106982809,0.00030416649556478206,0.0003216748938184737,0.19132503906408557,0.0030416649556478208,0.0002380503419006974,0.00025103886575850973,0.00010343424299572475,0.002380503419006974,0.00029638167523536905,9.554730142143909e-05,0.00694794802072863,0.0026674350771183214,0.0007163252661717628,0.00019557561137000085,0.01413749249961214,0.006446927395545865,0.7061935892177927,7.061935892177927,0.0816656011788017,86.47381259970477,1.277599611696947,12.77599611696947,1.1767844874143474,11.767844874143474,29.91755302552708,27.566852859615047,29.82878689527787,27.475003416859014
36,SmallMLPDigits,MLP width sweep hidden=16 samples=128 lr=3e-03,1.0,0.003,Adam,3,10,0.04293315048872011,0.04676274137926528,0.6636479900527854,0.7478589843392156,0.13425074508353602,6.636479900527854,0.007958461671523897,0.008224060987744197,0.005964117498655617,0.07958461671523898,0.49002809775726075,0.5597293391305799,0.1330237684713726,4.900280977572607,7.17373815565326e-05,9.002876397658536e-05,0.2868048105483689,0.0007173738155653261,0.0001265588079901855,0.0001586201555848666,0.14388449050181384,0.001265588079901855,0.0002974112571228371,0.0002864714032667344,0.00012922256382401497,0.002974112571228371,0.0002417258605712128,9.203599471898551e-05,0.005651182249366916,0.002175532745140915,0.0004108305488400985,0.00039549056693663926,0.00883507844017142,0.0036974749395608866,0.6637306328706205,6.637306328706205,0.2515426938565737,26.3864007614179,1.1983202234100203,11.983202234100203,1.2043089518323165,12.043089518323164,28.01730052719581,28.158546655386623,27.911304196622066,28.05079380672812
37,SmallMLPDigits,MLP width sweep hidden=16 samples=128 lr=3e-03,1.0,0.003,Muon,3,10,0.042933150488720095,0.05407474690166638,0.5561625986092423,0.6911019825910559,0.11196570688478291,5.561625986092423,0.003946329911230872,0.0028181238141104445,0.0029838419576730334,0.039463299112308725,0.4112609537456512,0.5306754579337264,0.10944289377686682,4.112609537456512,6.856137467118794e-05,8.603792330181076e-05,0.28495299894205633,0.0006856137467118794,0.00011285799557758552,0.00013435572548358476,0.1371759318001947,0.0011285799557758552,0.00023535325065942024,0.00024063416159910783,0.00010224159876177901,0.0023535325065942025,0.000241725860571212,9.203599471898913e-05,0.005651182249366898,0.002175532745140908,0.0007079828119669811,0.0002940041804009056,0.013183052888991117,0.0063718453077028295,0.5562017370695999,5.562017370695998,0.09129233940720942,60.925346056547234,1.0024996848843508,10.024996848843509,1.010728263137938,10.10728263137938,23.365887081554586,23.56106490640687,23.350247383958916,23.541907631574542
38,SmallMLPDigits,MLP width sweep hidden=16 samples=128 lr=3e-03,1.0,0.003,Adam,4,10,0.04272869153941447,0.04264934671978618,0.8216118076378542,0.9203499424765296,0.16280038706921132,8.216118076378542,0.015123134100216174,0.01345742493058832,0.01048460980827778,0.15123134100216173,0.5725218564590151,0.6496660756134054,0.1636746748958759,5.7252185645901505,0.0001944572412981986,0.0002700219105784521,0.5386340349823098,0.0019445724129819862,0.0004555182265175906,0.0005630250081948102,0.3643541533975338,0.004555182265175906,0.00023974445862813277,0.00015737222329008003,0.0001041626786380766,0.0023974445862813276,0.00019844109536472135,0.00016760864720059794,0.004685339845764084,0.001785969858282492,0.00030423866222713876,0.00036923584909539673,0.007139859090797495,0.0027381479600442488,0.8218221336490258,8.218221336490258,2.168652163242344,3.7895525505589727,1.4897855820589558,14.897855820589559,1.4070482896978571,14.070482896978572,35.13426544302162,33.18363675401601,34.86616435901681,32.92982394277029
39,SmallMLPDigits,MLP width sweep hidden=16 samples=128 lr=3e-03,1.0,0.003,Muon,4,10,0.04272869153941446,0.049287860949291565,0.7111600429209926,0.792677867515228,0.13305530623925507,7.1116004292099255,0.007145265841006143,0.008424768971873981,0.004893887800840024,0.07145265841006143,0.49928250923516443,0.5545856492292432,0.1364952511815189,4.992825092351644,0.0002194801271927338,0.0002776606015159693,0.6162198363916309,0.002194801271927338,0.0005090454189598349,0.0005791983153607787,0.395215221470968,0.005090454189598349,0.00020840302388616116,0.00017354984659328002,9.053703641272717e-05,0.0020840302388616117,0.00019844109536472674,0.00016760864720060168,0.00468533984576421,0.0017859698582825406,0.0004415420415289053,0.00037244076199800623,0.009093405616975882,0.003973878373760148,0.7112356523166847,7.112356523166847,1.853878064604685,3.8364748248334566,1.283373693507356,12.83373693507356,1.2270528937364398,12.270528937364398,30.26452009455587,28.929567119581247,30.035408229702675,28.717305621319174
40,SmallMLPDigits,MLP width sweep hidden=16 samples=128 lr=1e-02,1.0,0.01,Adam,0,10,0.13142225127225027,0.13732934704132035,0.7255984568846051,0.8127393987230207,0.20028273143609301,7.255984568846051,0.03316218651822465,0.0631389844084612,0.022474038145692238,0.33162186518224646,0.6037272914740729,0.6726884940131073,0.21607576215494242,6.037272914740729,0.00018811301519021173,0.00020380409775993378,0.4811878187025389,0.0018811301519021171,0.0003513867011234135,0.0003769108166901043,0.3056943722093036,0.0035138670112341347,0.0020620222872679505,0.0028233490532734947,0.0008987265643053284,0.020620222872679506,0.005065780677377029,0.0014091962429358307,0.03929569315203159,0.04559202609639326,0.005933347728502119,0.002743807834774938,0.0443621478995628,0.05340012955651907,0.7307369372465402,7.307369372465402,0.9290674274098707,7.865273452581883,1.2039070783905612,12.039070783905613,1.2631516283479356,12.631516283479357,9.03098703745145,9.665058942638707,9.160603069388795,9.611398496980772
41,SmallMLPDigits,MLP width sweep hidden=16 samples=128 lr=1e-02,1.0,0.01,Muon,0,10,0.13142225127225027,0.1459865321043386,0.7882312015655872,0.9507897895147912,0.15902519352438566,7.882312015655872,0.027069432542010018,0.033935642278052305,0.018066258061069585,0.2706943254201002,0.5532358688586507,0.675714067345138,0.1654678426908613,5.532358688586507,0.00020466091415183028,0.0002329862700670994,0.35254160780525506,0.0020466091415183027,0.0004103893167826266,0.0004665761399440735,0.21341759549513103,0.004103893167826266,0.0010005146604368687,0.0008502989616572417,0.0004353438249142861,0.010005146604368687,0.005065780677377025,0.0014091962429358305,0.039295693152031554,0.04559202609639322,0.009151222785374847,0.0024897452870316717,0.06122008117692249,0.08236100506837363,0.7897176931376519,7.89717693137652,0.5591967810818858,14.122357636068188,1.1514027473580133,11.514027473580132,1.1575106815248224,11.575106815248224,8.74630550741573,8.873486848706849,8.761094382509116,8.807570029575578
42,SmallMLPDigits,MLP width sweep hidden=16 samples=128 lr=1e-02,1.0,0.01,Adam,1,10,0.12757274942015784,0.12671139045054275,0.5113531125603628,0.6526264805743681,0.12151349898311918,5.113531125603627,0.006338499392855401,0.01309776519960433,0.004809845165744501,0.06338499392855401,0.4011899904852898,0.4991084472190569,0.12186499468871066,4.011899904852898,0.00012848540992199106,0.0001516358470340664,0.42718940084310814,0.0012848540992199105,0.0003011604031136883,0.0003460474203965136,0.30103431495980404,0.0030116040311368828,0.003343948035732058,0.005437234131588973,0.001458795787847069,0.03343948035732058,0.004687160912802541,0.0017872390380096804,0.03756517172448135,0.04218444821522287,0.00600933207778621,0.0021053500673846293,0.04683416341560879,0.054083988700075886,0.5140413465560991,5.140413465560991,1.073261505062984,4.789525610777709,0.739207948151601,7.392079481516009,0.8393918858977895,8.393918858977894,6.072368631750222,6.933379979891191,5.794403205319633,6.579711495699384
43,SmallMLPDigits,MLP width sweep hidden=16 samples=128 lr=1e-02,1.0,0.01,Muon,1,10,0.12757274942015784,0.14485769280704464,0.5067096611094817,0.5692263966989106,0.09776461614168852,5.067096611094817,0.01175562219624413,0.012343325437041574,0.008746688186616718,0.11755622196244131,0.3601573104453434,0.41119069352270615,0.09454211867791344,3.6015731044534336,0.00012631641496251415,0.0001376381958307803,0.3403251670459067,0.0012631641496251415,0.00032128770897458007,0.00036686857830385994,0.2244403205442158,0.0032128770897458005,0.001249458295836714,0.0012406203276320812,0.0005437918874642451,0.01249458295836714,0.004687160912802532,0.0017872390380097045,0.03756517172448129,0.04218444821522278,0.00896107697518609,0.003403065816779724,0.06090004983388994,0.0806496927766748,0.5070558824388642,5.070558824388643,0.07695890333620062,65.8865784799133,0.7144693544327709,7.144693544327709,0.7535410434066581,7.535410434066581,5.9199786251657684,6.309144104128939,5.600485665474552,5.906755532287608
44,SmallMLPDigits,MLP width sweep hidden=16 samples=128 lr=1e-02,1.0,0.01,Adam,2,10,0.12637811318369874,0.12606393108189917,0.8843277117156628,1.0208032613995044,0.20280442294510218,8.843277117156628,0.026500766777858863,0.04571596946853002,0.018234164786705538,0.26500766777858864,0.6343261822713435,0.7556648454564887,0.19418039230633466,6.343261822713435,0.00013391936215467753,0.0001547973203470781,0.41367716001928256,0.0013391936215467754,0.00028657048105849164,0.0003256112374559347,0.26363947003471544,0.002865704810584916,0.001861815635115116,0.002288557066946903,0.0008106743475459382,0.01861815635115116,0.0049313994640766395,0.0010904936085288403,0.03936315417980526,0.04438259517668976,0.005448835396317321,0.001662973725132114,0.04293544326340743,0.049039518566855886,0.8868612830193981,8.868612830193982,0.7155834201459681,12.39354152222381,1.344746262774564,13.44746262774564,1.3271723199450336,13.271723199450335,10.760243316965353,10.854385116162367,10.64065785520859,10.501599418689715
45,SmallMLPDigits,MLP width sweep hidden=16 samples=128 lr=1e-02,1.0,0.01,Muon,2,10,0.12637811318369874,0.13694881852121935,0.7509148977169264,0.8529103251836854,0.14440451514797695,7.509148977169264,0.014667424135669238,0.014935052037945483,0.009825683448222442,0.14667424135669238,0.5267388783078588,0.5998807582284957,0.14964542107793682,5.267388783078588,0.00014924355859152072,0.00016983673644460528,0.3097721053253599,0.0014924355859152073,0.0003400906900599981,0.0003810719780835989,0.20410326147606597,0.0034009069005999813,0.0012748008540739875,0.0011771109122612439,0.0005549573052868074,0.012748008540739875,0.0049313994640766395,0.001090493608528822,0.03936315417980525,0.04438259517668976,0.008387737955185647,0.0018503204345935809,0.05916660532750326,0.07548964159667082,0.7512205478049692,7.512205478049692,0.27614065555660317,27.20427190595209,1.0423025522006868,10.423025522006869,1.1020722124789195,11.020722124789195,8.588570967233888,9.13285222761228,8.247492591423903,8.720435720360744
46,SmallMLPDigits,MLP width sweep hidden=16 samples=128 lr=1e-02,1.0,0.01,Adam,3,10,0.12911541095503645,0.1335957871602712,0.6733163349363385,0.7887748710322952,0.14404134122266482,6.733163349363385,0.012042279283478851,0.015150297683254713,0.009077519434904969,0.12042279283478852,0.5128671853501394,0.6032229286353876,0.14551105828964894,5.128671853501395,0.0001007690507874202,0.00011006481170883022,0.3566123280907542,0.001007690507874202,0.00022437047829655172,0.0002532520620116757,0.22514131582747612,0.002243704782965517,0.0018431676458820156,0.0019974371478961622,0.0008026908659463162,0.018431676458820156,0.004739687944691023,0.001499558550547135,0.037637428860814136,0.04265719150221921,0.0059817320090308,0.0013417827151943418,0.04545241404693608,0.0538355880812772,0.6735152789376416,6.735152789376416,1.026872855399853,6.558896511831372,0.9275693453266755,9.275693453266754,1.0730490892990747,10.730490892990748,7.327680420987152,8.477558181623419,7.184032784821442,8.310774688799594
47,SmallMLPDigits,MLP width sweep hidden=16 samples=128 lr=1e-02,1.0,0.01,Muon,3,10,0.12911541095503645,0.14655823295629117,0.6796465194796542,0.7394910145966359,0.13005377903875667,6.796465194796542,0.008596196967207237,0.008161493103722217,0.006414047027765142,0.08596196967207237,0.49389731060811115,0.5474680097325946,0.12869988469336074,4.938973106081112,8.632213707765487e-05,0.00010459209730660931,0.2952221231647762,0.0008632213707765486,0.00017844480756561512,0.00021660087680847154,0.16571174505920125,0.0017844480756561512,0.001102628076213552,0.0008167453946490932,0.00047982290254336044,0.01102628076213552,0.004739687944691018,0.0014995585505471255,0.03763742886081409,0.042657191502219166,0.009132610489285951,0.0026124580906901726,0.06152232491952711,0.08219349440357357,0.6797708150098647,6.797708150098647,0.31581596841450493,21.524269922845484,0.9286259315859429,9.286259315859429,1.0333592682352566,10.333592682352567,7.540584709204315,8.399690684870134,7.192216054746017,8.003376673564683
48,SmallMLPDigits,MLP width sweep hidden=16 samples=128 lr=1e-02,1.0,0.01,Adam,4,10,0.13001853826874743,0.12930506214941268,0.8484965931820045,0.9381872755009731,0.17953948234575273,8.484965931820046,0.016940685734737615,0.01840691386731441,0.012147326477203606,0.16940685734737615,0.6108691700620127,0.7039488869086336,0.17407902000301378,6.108691700620127,0.00017834532298655395,0.00021685079488313914,0.580366938127053,0.0017834532298655395,0.00040715896806426874,0.0005060666713303894,0.36947989216090377,0.004071589680642688,0.001990589015115152,0.0019394888978853362,0.0008672835735642365,0.019905890151151517,0.0042874135379311435,0.0017523125519384444,0.0342050461099811,0.03858672184138029,0.004422403361702816,0.0022886807066801553,0.03541176570843307,0.03980163025532535,0.8490184760993905,8.490184760993905,2.3903384956033613,3.5518755091005807,1.1920916297324644,11.920916297324645,1.2780942617110767,12.780942617110766,9.45016515961419,10.234127912652676,9.16862814799855,9.83009252933812
49,SmallMLPDigits,MLP width sweep hidden=16 samples=128 lr=1e-02,1.0,0.01,Muon,4,10,0.13001853826874743,0.1412723927752659,0.7637153152897875,0.8764450051816702,0.14205721447986974,7.637153152897875,0.011965951603884629,0.014819150995010312,0.008071663337057809,0.11965951603884628,0.5378744939769187,0.6167253794674872,0.14840799658263165,5.378744939769186,0.00023232400887006495,0.0002957013397408974,0.5714978564056293,0.0023232400887006495,0.0005114333690483103,0.0006521733394491609,0.35883977450023824,0.005114333690483103,0.0012102377132330755,0.0007430892544561974,0.0005267905711390824,0.012102377132330755,0.004287413537931142,0.0017523125519384572,0.034205046109981097,0.038586721841380275,0.006668526426937268,0.0021898514012341813,0.048540532764956096,0.060016737842435414,0.7639391829919393,7.6393918299193935,1.3348702696401096,5.722947018648507,1.0503633639158485,10.503633639158485,1.1253707634367298,11.253707634367299,8.37697249757056,8.96511565940944,8.078566163732395,8.655463893238025
50,SmallMLPDigits,MLP width sweep hidden=16 samples=128 lr=3e-02,1.0,0.03,Adam,0,10,0.24592810285824088,0.24418262078942746,0.6233483420303618,0.6816945833806877,0.20051393130325948,6.233483420303618,0.038120552651752695,0.10184348468335452,0.024913427637917564,0.3812055265175269,0.4552044638640543,0.5316452181604722,0.18832796398986967,4.552044638640543,0.00016983042246250312,0.00021326656146700818,0.4770301946025347,0.0016983042246250311,0.0003637763917680527,0.0005168374746167703,0.3685009296147861,0.003637763917680527,0.024788920198996367,0.03779645576737699,0.011151885419717797,0.24788920198996367,0.03348022058348784,0.013329439450473123,0.11522696201396429,0.30132198525139053,0.036494108771692776,0.01632789824381189,0.12180544979429328,0.328446978945235,0.6315121319160857,6.315121319160857,2.085161019213205,3.0286012739408226,1.002333101639911,10.02333101639911,0.7955784620465776,7.955784620465776,3.278185912588229,3.092082142214147,4.075715991749349,3.2350042666948435
51,SmallMLPDigits,MLP width sweep hidden=16 samples=128 lr=3e-02,1.0,0.03,Muon,0,10,0.24592810285824085,0.24841743704306798,0.6300513699705107,0.7943899091972993,0.12822020517715763,6.300513699705107,0.037318746701935,0.058118655150963185,0.025055003991465118,0.37318746701935,0.5076324019398746,0.6277556499292164,0.149918192519966,5.076324019398746,0.00022258217727837056,0.0002581579301603631,0.3832266536747917,0.0022258217727837057,0.00045951159001260546,0.0005228896906472212,0.2310115565932233,0.004595115900126055,0.0072419522401204525,0.006367467521825155,0.0031879657643746223,0.07241952240120453,0.03348022058348784,0.013329439450473109,0.11522696201396426,0.30132198525139053,0.04674498343074549,0.027948522730998057,0.1382252245405916,0.42070485087670945,0.6335008392075971,6.335008392075972,1.058768583316651,5.983373979827782,0.8903454778952,8.903454778952,0.8872087988595556,8.872087988595556,3.2255466649695554,3.3917381896495242,3.6203486610410587,3.607594205575461
52,SmallMLPDigits,MLP width sweep hidden=16 samples=128 lr=3e-02,1.0,0.03,Adam,1,10,0.24542571610835132,0.23790718551106832,0.5153938294417959,0.5450666661409026,0.1315619722609554,5.1539382944179595,0.010032438879514905,0.023371038182178522,0.007626145092225342,0.10032438879514904,0.38144392672746663,0.40138403796252314,0.12503065743022496,3.814439267274666,0.00013211189342847866,0.00014365747928192876,0.49596651380531886,0.0013211189342847865,0.0003265311031884456,0.00035926625132318206,0.3968222081711124,0.003265311031884456,0.02963498839676122,0.050213162463792926,0.013350773723871934,0.2963498839676122,0.031823937095963935,0.013222361338117885,0.1130688074459818,0.2864154338636754,0.03503365940294724,0.017996252218307595,0.11921627300993556,0.31530293462652514,0.5157896490662279,5.157896490662279,1.499964118534396,3.438679917024963,0.5927787543353583,5.927787543353583,0.6666643160895617,6.6666431608956165,2.3939202742192114,2.821661662482276,2.4153082396371883,2.7163588504932408
53,SmallMLPDigits,MLP width sweep hidden=16 samples=128 lr=3e-02,1.0,0.03,Muon,1,10,0.2454257161083513,0.2472390462345899,0.6263027730629662,0.6914558092209125,0.119819523509432,6.263027730629663,0.021304717592580857,0.02686150734003456,0.015837044607698334,0.21304717592580857,0.4297656994800504,0.4845525247519875,0.11376292983550451,4.297656994800504,0.00016873268885179217,0.0001797545415641916,0.4126112583715428,0.0016873268885179218,0.0004394092697298694,0.00048641358446943264,0.29130896372956416,0.004394092697298694,0.008664440990550882,0.009180423604355626,0.003819606831689827,0.08664440990550881,0.031823937095963935,0.013222361338117864,0.11306880744598174,0.2864154338636754,0.04592950743199702,0.02915083531550768,0.13811516294779225,0.4133655668879732,0.6270659962478,6.270659962478001,0.3596737798985209,17.43429828064536,0.7512146354357951,7.512146354357951,0.7511181488211888,7.5111814882118875,3.2578819511950776,3.497305454851432,3.060863577572884,3.0604704377824157
54,SmallMLPDigits,MLP width sweep hidden=16 samples=128 lr=3e-02,1.0,0.03,Adam,2,10,0.23899554105544318,0.23634078784873536,0.711248032935859,0.8403236640783571,0.17685087160966412,7.11248032935859,0.033766522613353264,0.0807276258692841,0.022819977127565585,0.33766522613353267,0.4694096803869162,0.5983636075122399,0.15626727178711045,4.694096803869162,0.00012219314275016042,0.00014849724295542884,0.41087829439060464,0.001221931427501604,0.00023840747762297415,0.0002773441171964496,0.25548746613220796,0.0023840747762297414,0.013648715184903936,0.01902311794642614,0.006038733578911919,0.13648715184903937,0.03251505347391089,0.01360378314004596,0.11495223903939193,0.292635481265198,0.03371469121330098,0.015921007274722596,0.1168503688679716,0.3034322209197088,0.7151614962107127,7.151614962107127,1.220085323657977,5.861569534059831,0.9980610369913643,9.980610369913643,0.8204054688346135,8.204054688346135,4.050589592448186,3.981027913226491,4.176065513957978,3.4327229086014306
55,SmallMLPDigits,MLP width sweep hidden=16 samples=128 lr=3e-02,1.0,0.03,Muon,2,10,0.2389955410554432,0.23890830015087933,0.8758487645109312,0.9904082998838173,0.1653650902159039,8.758487645109312,0.015956655723577517,0.024687906098062342,0.010733409133464418,0.15956655723577517,0.6070609284361219,0.7000225330951,0.16431683891068724,6.070609284361219,0.00014064981896643025,0.00016391803811180157,0.31028516850022586,0.0014064981896643024,0.0003434926500600126,0.00038524400968296436,0.2092413360363723,0.0034349265006001256,0.008453441918546866,0.008253581908673351,0.003728075496348051,0.08453441918546867,0.032515053473910906,0.01360378314004596,0.11495223903939195,0.29263548126519817,0.043468266534957625,0.027078006461931352,0.13480073020716207,0.3912143988146186,0.8766499663869988,8.766499663869988,0.37995617056311454,23.07239714222192,1.005641679627846,10.05641679627846,1.060983883405005,10.609838834050048,4.580433135497932,5.056115925138052,4.207784275751625,4.439345933901224
56,SmallMLPDigits,MLP width sweep hidden=16 samples=128 lr=3e-02,1.0,0.03,Adam,3,10,0.2567048729892266,0.2537884604445936,0.5668517881398922,0.6790108487114985,0.1347486577260977,5.668517881398922,0.010400099621401182,0.013129653972326906,0.007943954208303633,0.10400099621401182,0.43660341394026575,0.5214724083389505,0.13575823064741543,4.366034139402657,9.094169885452324e-05,0.0001039043107864396,0.32021499707343515,0.0009094169885452323,0.00014472631704111008,0.0001916090186202578,0.1535115268665138,0.0014472631704111009,0.015476654044791394,0.017965359349454618,0.0068836179421509925,0.15476654044791394,0.0318479043636313,0.009600204129436336,0.11154426467765971,0.2866311392726817,0.03578143974916192,0.014332907191540546,0.11975147679317678,0.32203295774245727,0.5670823545185817,5.670823545185817,0.78404051422965,7.232819531982501,0.634315095519903,6.34315095519903,0.7630686870650236,7.630686870650236,2.7369872798511032,3.3200852285557376,2.470989693859547,2.972552402996448
57,SmallMLPDigits,MLP width sweep hidden=16 samples=128 lr=3e-02,1.0,0.03,Muon,3,10,0.2567048729892267,0.25913889400027823,0.5512025876685429,0.7017845904176606,0.10216719636769075,5.5120258766854295,0.015431908167992604,0.029160634527083538,0.011469351144999761,0.15431908167992603,0.4130741612622432,0.5081909980675536,0.10744377547515893,4.130741612622432,0.00011549482845051455,0.00013290976656313904,0.33318612506117284,0.0011549482845051454,0.00026354608039079713,0.00028865226018837044,0.20745047324847823,0.0026354608039079715,0.007629120998445815,0.00542561563596466,0.0033607417353205354,0.07629120998445815,0.0318479043636313,0.00960020412943632,0.11154426467765972,0.28663113927268175,0.04622182496676994,0.025515042793304965,0.13710054056277274,0.41599642470092946,0.5569847027761219,5.569847027761219,0.4777441127055427,11.65864084900653,0.7171338539991138,7.171338539991138,0.7219457013636423,7.219457013636423,3.0369551461097997,3.2697696312241242,2.7936121572153025,2.8123568242272547
58,SmallMLPDigits,MLP width sweep hidden=16 samples=128 lr=3e-02,1.0,0.03,Adam,4,10,0.2570358291718941,0.2527071419107942,0.8471845041375177,1.0708205899179086,0.20013092149579914,8.471845041375177,0.021522657737307327,0.044128126793963975,0.01532010680243175,0.21522657737307327,0.6155528898847196,0.7302923032564158,0.1941874531661742,6.155528898847196,0.00015495762842452143,0.00017815896047119884,0.6710754422948427,0.0015495762842452144,0.0003049936997398024,0.0003632707259785328,0.43311459548734355,0.003049936997398024,0.02010920068008102,0.023691724753686444,0.008974801454850984,0.20109200680081019,0.03105267374005596,0.009787762712039632,0.11031750135812683,0.27947406366050365,0.03031879571050931,0.01070779063796755,0.10847096181523147,0.2728691613945838,0.8478304360446506,8.478304360446506,2.3380507898046545,3.6262276240606703,0.9805853314724835,9.805853314724835,1.075825613144834,10.75825613144834,3.6753739407960695,4.327721767123076,3.814975268746334,4.185508365160135
59,SmallMLPDigits,MLP width sweep hidden=16 samples=128 lr=3e-02,1.0,0.03,Muon,4,10,0.257035829171894,0.25712124665402064,0.831106737686911,1.0281985933158804,0.14880440192859123,8.31106737686911,0.014039119694684387,0.017550486217613345,0.009668771321000656,0.14039119694684388,0.5762478029865361,0.7297965438857545,0.14816640095663042,5.762478029865361,0.00022474551424629517,0.000257866207357646,0.5129105806853748,0.002247455142462952,0.0005413263388904554,0.0006388474976813387,0.3345594264960641,0.005413263388904553,0.009005146600664427,0.007091164197953577,0.003976427524166028,0.09005146600664427,0.03105267374005596,0.00978776271203963,0.11031750135812685,0.27947406366050365,0.03878113557965848,0.018352182016565213,0.1254934401732657,0.34903022021692637,0.8317972812440729,8.317972812440729,1.2068213591828334,6.892464033013984,0.9402495209044991,9.402495209044991,1.0071305913086628,10.071305913086627,3.989838298705897,4.404449391601294,3.658048467148533,3.918249819697857
60,SmallMLPDigits,MLP width sweep hidden=32 samples=128 lr=3e-03,1.0,0.003,Adam,0,10,0.03945792424202406,0.041608606670675785,1.1157326590505894,1.1960870926420188,0.23459493048903285,11.157326590505894,0.012941420885918898,0.0075574441914695156,0.009465697387577644,0.12941420885918897,0.8268769869103064,0.8946760992057676,0.23631862926858424,8.268769869103064,0.00018575035235183314,0.0002068606785478779,0.393650039798268,0.0018575035235183315,0.0003379228855310479,0.00037287749896380227,0.2096480957242096,0.003379228855310479,0.000774119328478795,0.0009866976430523955,0.00033664183638593305,0.0077411932847879505,0.00011175922523256702,7.173341258437087e-05,0.002836733709922325,0.0010058330270931032,0.0004309559534952116,0.00039459458408555034,0.010365572071949013,0.0038786035814569048,1.1158473213884175,11.158473213884175,0.6891916713260798,16.190667528546967,1.4600798127933636,14.600798127933636,1.498846599019602,14.98846599019602,37.001342940937846,37.99527441045781,37.00346231691346,37.9859464939435
61,SmallMLPDigits,MLP width sweep hidden=32 samples=128 lr=3e-03,1.0,0.003,Muon,0,10,0.03945792424202406,0.0443704495103468,1.1910471117826518,1.305783402283394,0.23637155215233946,11.910471117826518,0.003118230718137727,0.0034471602219338314,0.0021934580465893375,0.031182307181377267,0.8447487505093942,0.9266284319898469,0.23819974134122143,8.447487505093942,0.0001814377910211588,0.0002066859261308956,0.32771422457729804,0.001814377910211588,0.0003191950165910149,0.0003628327963303363,0.1729460370863611,0.003191950165910149,0.0003763135584498922,0.00045099770811939463,0.00016353854966735267,0.0037631355844989223,0.00011175922523256856,7.173341258437316e-05,0.002836733709922364,0.001005833027093117,0.0002618411257056437,0.00015984550793994129,0.0059423263337449106,0.0023565701313507936,1.19105435504216,11.910543550421599,1.5185321547874595,7.843458245432182,1.512225966909292,15.12225966909292,1.5312420248362852,15.312420248362852,38.33632211817718,38.81810726660221,38.32502585877842,38.806958405720174
62,SmallMLPDigits,MLP width sweep hidden=32 samples=128 lr=3e-03,1.0,0.003,Adam,1,10,0.03899255880402868,0.04279939538105944,0.62228141699191,0.8098642207976338,0.12095750347268104,6.2228141699191,0.0023913064859482523,0.0028532377249634953,0.001785368816560094,0.023913064859482525,0.47657423916735564,0.6090787509626742,0.1242489886209878,4.765742391673556,0.00012762279201326436,0.00016339455795308413,0.34742650106223066,0.0012762279201326437,0.0002579017226136752,0.0003607675264696297,0.1902108108148059,0.0025790172261367524,0.0010713929188188587,0.001559925073921122,0.00046591433053778133,0.010713929188188587,0.00014442685749222842,7.586176099035352e-05,0.003722808661086628,0.0012998417174300558,0.00034686547425867575,0.0003258271771532168,0.008232979648435227,0.003121789268328082,0.6223009812324996,6.223009812324995,0.21345692715724712,29.15346854843786,0.7960181015396073,7.960181015396072,0.8638669220018202,8.638669220018203,20.600558898175635,22.351243407015374,20.414615658856512,22.154661004513667
63,SmallMLPDigits,MLP width sweep hidden=32 samples=128 lr=3e-03,1.0,0.003,Muon,1,10,0.03899255880402868,0.045475398953599186,0.6590759998645767,0.7318548261232918,0.12194436673543212,6.590759998645766,0.003655341506411336,0.0023445439399345253,0.0026921365510093925,0.03655341506411336,0.4914519728287209,0.5407120116475733,0.12378921536283179,4.914519728287209,0.00010145251355297409,0.00011898821431413911,0.27780583136953807,0.001014525135529741,0.00020700087350726553,0.0002638072573095057,0.14832997701978357,0.0020700087350726554,0.0004783129049746204,0.0005560804096766784,0.0002078631085428811,0.004783129049746204,0.00014442685749222457,7.586176099035558e-05,0.0037228086610865286,0.0012998417174300211,0.0004139188357238397,0.00018555274426161915,0.009185666382649718,0.003725269521514557,0.6590909713325477,6.590909713325477,0.1348167520766484,48.88791349593036,0.8414310661461479,8.41431066146148,0.8908351903808693,8.908351903808693,21.720067943024866,22.988905041047126,21.57927286524248,22.846287027688703
64,SmallMLPDigits,MLP width sweep hidden=32 samples=128 lr=3e-03,1.0,0.003,Adam,2,10,0.03967799382730383,0.04187945139815408,1.0300252379228991,1.2900987534740707,0.1734039056842113,10.300252379228992,0.011127922079333552,0.012413544447264706,0.008144000576510515,0.11127922079333552,0.7918946060028957,0.9863479036659891,0.17764746695587352,7.918946060028958,0.00010595948839742697,0.00012983381631473335,0.45809356813265206,0.0010595948839742697,0.0002471229784338472,0.00028907682454061654,0.236632663690684,0.002471229784338472,0.0005895556218993292,0.0007726471539893457,0.00025618286913308135,0.005895556218993292,0.00011937362714156608,7.030133448212436e-05,0.0030241040758991616,0.0010743626442740947,0.0002424172761423892,0.0002837867014989226,0.005800928244268778,0.002181755485281503,1.0303444448615005,10.303444448615005,1.0566293735692935,9.751237951875192,1.393833794421409,13.938337944214089,1.4354354466006658,14.354354466006658,35.240876527189904,36.31096578884198,35.12863579968256,36.17711754400475
65,SmallMLPDigits,MLP width sweep hidden=32 samples=128 lr=3e-03,1.0,0.003,Muon,2,10,0.03967799382730383,0.04469460310364455,0.9624429764069923,1.1509777961497263,0.1555406370768303,9.624429764069923,0.0052087029855443666,0.005892545288650011,0.003698726032295323,0.05208702985544367,0.6848656397816189,0.8175803279081578,0.15581219698908527,6.848656397816189,9.651626674253038e-05,0.00011941205120389991,0.2924549054863712,0.0009651626674253037,0.00026463794495849895,0.00029032329617604917,0.18783231991762947,0.0026463794495849894,0.00030324412315998475,0.0003231127248078487,0.0001317510484614453,0.0030324412315998472,0.00011937362714156376,7.030133448212059e-05,0.003024104075899103,0.001074362644274074,0.00025168343242213846,0.00019591497638977827,0.005697916220439721,0.002265150891799246,0.9624830205941179,9.62483020594118,0.39266252130134344,24.51171090646244,1.2348092705830007,12.348092705830007,1.241428351764507,12.414283517645071,31.17730220573826,31.342690390597852,31.12075867437846,31.287578630304548
66,SmallMLPDigits,MLP width sweep hidden=32 samples=128 lr=3e-03,1.0,0.003,Adam,3,10,0.03898102870538997,0.04191485499588683,0.6267334247757463,0.7410908460675291,0.11372151753269791,6.267334247757463,0.0029886284949660834,0.0034550688723532963,0.002212262036245523,0.029886284949660835,0.4552970229087275,0.547436846075977,0.11157022645100938,4.552970229087275,4.9889982632584326e-05,6.423765370623044e-05,0.16992758727326585,0.0004988998263258433,9.885152336262432e-05,0.00012351023513177556,0.08236913953564358,0.0009885152336262433,0.0006135625048474313,0.0007865212993037205,0.00026667390680646866,0.0061356250484743136,0.00016148232326123937,7.506096019809815e-05,0.0041599171771511114,0.0014533409093511543,0.0004102832414690312,0.0004361400933010118,0.009865795147999802,0.003692549173221281,0.6268101327526381,6.268101327526381,0.8984232280346286,6.976780132052402,0.8137409956825017,8.137409956825017,0.8252985693560244,8.252985693560245,21.01106880765512,21.32254468686181,20.875308392515162,21.171800662148996
67,SmallMLPDigits,MLP width sweep hidden=32 samples=128 lr=3e-03,1.0,0.003,Muon,3,10,0.03898102870538997,0.043238745326440266,0.6753631252425617,0.8074559173704644,0.11635835412203936,6.753631252425617,0.003226494659307089,0.0035830877824775966,0.002364825612075087,0.03226494659307089,0.49216242288621614,0.5886112323127917,0.11611855405718759,4.921624228862162,5.983962756855643e-05,7.438959912643776e-05,0.1949647797230377,0.0005983962756855643,0.00011167923296826663,0.0001323390034704355,0.08945882812304565,0.0011167923296826663,0.0004391638864995162,0.0005674208260986293,0.00019082323705838346,0.004391638864995162,0.00016148232326123783,7.50609601980973e-05,0.0041599171771510715,0.0014533409093511404,0.0003744877432128313,0.00012260779933881394,0.008708654971667671,0.0033703896889154816,0.6754441259897314,6.754441259897313,0.2033362815391561,33.218081931908564,0.8728403845141319,8.728403845141319,0.8921229945758185,8.921229945758185,22.5568156951531,23.059413039072716,22.391414836967677,22.8860813632777
68,SmallMLPDigits,MLP width sweep hidden=32 samples=128 lr=3e-03,1.0,0.003,Adam,4,10,0.03894484749458868,0.04175937294692615,1.1907932183778318,1.3024710701069282,0.19873414960641494,11.907932183778318,0.009277538047917932,0.009083819097485693,0.006599048857607939,0.09277538047917933,0.8416036397245421,0.9163178758667552,0.19973462147079757,8.41603639724542,0.00019245107949422422,0.00022750598593367652,0.5074542992089329,0.0019245107949422422,0.0004096088885190653,0.0005178283457151304,0.2775085423420104,0.004096088885190653,0.0005446714021219545,0.00047737521047839935,0.0002366761323968981,0.005446714021219545,0.0001401632652338953,6.286611313557448e-05,0.003609294075925187,0.0012614693871050575,0.00022298427789002595,0.00025504051441145684,0.005328341281685939,0.0020068585010102336,1.190879065197724,11.90879065197724,1.985076211605586,5.999160426362206,1.5406132655568487,15.406132655568488,1.5255410092341584,15.255410092341585,39.57824435444432,39.18402916231563,39.558847053410965,39.1718316382194
69,SmallMLPDigits,MLP width sweep hidden=32 samples=128 lr=3e-03,1.0,0.003,Muon,4,10,0.03894484749458868,0.044224473246677824,1.2216016203594404,1.3480131697861795,0.20007643959281393,12.216016203594405,0.006634047908654938,0.0048512229433911635,0.004615646051332086,0.06634047908654939,0.8515787019655926,0.93360299446913,0.19930825386037226,8.515787019655926,0.00015994409332650898,0.00020746754479662207,0.43802413581743654,0.0015994409332650897,0.0003943178346742433,0.00048463092061026277,0.2675277669430368,0.003943178346742433,0.00041904170037141417,0.00045890118249959075,0.00018203022979210902,0.004190417003714142,0.00014016326523389605,6.286611313556437e-05,0.0036092940759252057,0.0012614693871050645,0.0003059372134542889,0.0001609065952029904,0.00697565338939336,0.0027534349210886003,1.2219011936561448,12.219011936561449,1.6091704008850911,7.593361106965821,1.5792932232791776,15.792932232791776,1.5436224026598881,15.436224026598882,40.582672582354306,39.651661289832994,40.55204538928077,39.63611368292999
70,SmallMLPDigits,MLP width sweep hidden=32 samples=128 lr=1e-02,1.0,0.01,Adam,0,10,0.12060074812306962,0.1206064471009265,0.955925418189198,1.0471776483078006,0.23785320659235612,9.55925418189198,0.018804470200228286,0.031476542765239514,0.013801240270656646,0.18804470200228285,0.7634893755479831,0.839729589323863,0.2433026148904432,7.6348937554798315,0.0001918108835347151,0.00021283700400560057,0.50069184047009,0.0019181088353471512,0.0003837788707990462,0.0004214562850388197,0.3079832643458438,0.003837788707990462,0.005178667880608012,0.006630057703036529,0.0022665610532817543,0.05178667880608012,0.0031413213777535453,0.0009020174599617006,0.026220867881568306,0.02827189239978191,0.0041542506758690135,0.001610941655219705,0.03393279543193871,0.03738825608282112,0.9568934646978386,9.568934646978386,0.22659429921744176,42.22937064182695,1.2103974867087586,12.103974867087587,1.3313034110381825,13.313034110381825,9.974123697367682,11.057617944789808,10.03640114631447,11.038931613256871
71,SmallMLPDigits,MLP width sweep hidden=32 samples=128 lr=1e-02,1.0,0.01,Muon,0,10,0.12060074812306959,0.1286273461313176,1.0530050091336025,1.1591304584699513,0.21060773331579608,10.530050091336026,0.011863350580566668,0.014823273488062548,0.008359358581826216,0.11863350580566667,0.7679170736446126,0.8471739283700835,0.21809959006199037,7.679170736446126,0.00021287957363877674,0.0002356012627103273,0.3705447066988492,0.0021287957363877673,0.0003956732994568956,0.0004374412559619505,0.19977094577247434,0.003956732994568956,0.0016490859020893201,0.0015489482274045783,0.0007182664930987613,0.0164908590208932,0.003141321377753541,0.0009020174599617205,0.026220867881568268,0.028271892399781867,0.005135547770184061,0.0013948135277988326,0.039950988112252166,0.04621992993165655,1.0531204841078907,10.531204841078907,1.4249062530358743,7.390805408174293,1.2120854600838522,12.120854600838522,1.3390240287283235,13.390240287283234,10.050028040968233,11.093201098595019,10.050397521970211,11.102949604938503
72,SmallMLPDigits,MLP width sweep hidden=32 samples=128 lr=1e-02,1.0,0.01,Adam,1,10,0.12065434938543484,0.1265036204881565,0.6677290069206525,0.8168247884341084,0.14232803616500972,6.677290069206525,0.008289137627287202,0.01022939119630046,0.006276499294821822,0.08289137627287202,0.5122022888156842,0.6258224955392697,0.1449805646294619,5.122022888156842,0.00015407399670903764,0.0001964895437272874,0.427832003154745,0.0015407399670903765,0.00030517797085948624,0.00040703528875192724,0.24465839293996133,0.0030517797085948626,0.006272144694934178,0.010217057295352695,0.002746595370123046,0.06272144694934179,0.0031594041530117792,0.0011090282635338844,0.02672411976567772,0.028434637377106012,0.004492557910352399,0.0019117816467452856,0.03605283089214349,0.04043302119317159,0.6680668903290329,6.680668903290329,1.2148839229649457,5.4990182823277785,0.7893071237412174,7.893071237412173,0.8931318183078364,8.931318183078364,6.849077016652113,7.7768090014877576,6.541887033178938,7.402400517321537
73,SmallMLPDigits,MLP width sweep hidden=32 samples=128 lr=1e-02,1.0,0.01,Muon,1,10,0.1206543493854349,0.13051169959694353,0.6344118099721405,0.7290906270659562,0.11593897024342492,6.344118099721405,0.010330709723043775,0.008451142180539347,0.0074633115350918235,0.10330709723043774,0.47381937869119817,0.5365013712155382,0.12074882425891617,4.738193786911982,0.00013476523012303745,0.00015727023256673024,0.3217392914232963,0.0013476523012303744,0.00028346932049320067,0.0003573366475582603,0.17991892766514464,0.002834693204932007,0.001661604544950812,0.0017511801531022494,0.0007238314155932715,0.01661604544950812,0.0031594041530117745,0.001109028263533898,0.026724119765677682,0.02843463737710597,0.005885216743943907,0.0017241047608861555,0.04506502027920892,0.05296695069549516,0.6345562614613129,6.345562614613129,0.1082504544563542,58.61926997425784,0.7444409092519144,7.444409092519144,0.8262031866715095,8.262031866715095,6.426378149532636,7.118023356852211,6.170029618027027,6.847686725591401
74,SmallMLPDigits,MLP width sweep hidden=32 samples=128 lr=1e-02,1.0,0.01,Adam,2,10,0.12192427526875416,0.12348046841295607,0.754409632580707,0.9862640474686671,0.1470086152014834,7.544096325807071,0.01671171737944723,0.02951445208570492,0.012309870932883002,0.16711717379447233,0.6185836071488536,0.7985404689728554,0.15508796046750065,6.185836071488536,0.00011901131949412968,0.00013891239807750362,0.5981328980708381,0.0011901131949412969,0.0002651715516792266,0.0003004035769095872,0.3219807987059243,0.002651715516792266,0.0031598747780513746,0.004641071870369367,0.0013771328629624,0.03159874778051375,0.003184362564603977,0.0009766504745979151,0.026537962954149636,0.028659263081435793,0.004027762313687273,0.001322133435130766,0.032894077750247205,0.03624986082318546,0.7576380695371248,7.576380695371247,1.7230151754522711,4.3971642289119925,1.0174907375877653,10.174907375877654,1.0786298966092371,10.786298966092371,8.509814334061009,9.158000200603254,8.345267875039157,8.846719771199332
75,SmallMLPDigits,MLP width sweep hidden=32 samples=128 lr=1e-02,1.0,0.01,Muon,2,10,0.12192427526875414,0.1300090285789126,0.9115613404408179,1.145511564352746,0.15086970361499574,9.11561340440818,0.010905058560536873,0.014211880093928283,0.007811123744770866,0.10905058560536873,0.6665618888794009,0.822941694861553,0.154267454115449,6.665618888794009,0.00012134500164598307,0.00014302526663091935,0.34948449012200833,0.0012134500164598307,0.00031207431853069875,0.0003531597308870261,0.2146609741595164,0.0031207431853069872,0.001293833048456472,0.0011423668755518137,0.0005632372909578053,0.01293833048456472,0.003184362564603977,0.0009766504745979188,0.026537962954149643,0.028659263081435793,0.0051576098753161725,0.0018625155777161494,0.04020998918013406,0.046418488877845554,0.9119469701425637,9.119469701425636,0.5188450522205588,17.57648003463853,1.0790522699094378,10.790522699094378,1.1622900655248611,11.622900655248612,8.935044393323732,9.616166411257975,8.850183997656858,9.532884759518634
76,SmallMLPDigits,MLP width sweep hidden=32 samples=128 lr=1e-02,1.0,0.01,Adam,3,10,0.11982575963071843,0.12384809336761378,0.5451484719973217,0.6013440430866319,0.10425736512013764,5.451484719973218,0.009600941255665085,0.010366449270287011,0.007179417222374448,0.09600941255665085,0.4031016859705293,0.4538395666247739,0.10328194147156249,4.031016859705293,5.6311226991252424e-05,6.543123270118111e-05,0.18517966972684508,0.0005631122699125242,0.00013547827723032498,0.00015321371049833437,0.11449581395973137,0.0013547827723032497,0.003468798076864443,0.0033028817757516996,0.0015143861531125384,0.03468798076864443,0.0032997580849377667,0.0010049827143553778,0.02799193358393939,0.0296978227644399,0.004359079287624048,0.0018359345850755967,0.03576733445656141,0.039231713588616435,0.5453814802389122,5.453814802389122,1.9417730673284659,2.8086777462067696,0.6506799085758137,6.5067990857581375,0.702892098717988,7.0289209871798795,5.561629117455514,6.03995032953152,5.430217263642583,5.865951535664583
77,SmallMLPDigits,MLP width sweep hidden=32 samples=128 lr=1e-02,1.0,0.01,Muon,3,10,0.1198257596307184,0.12579560183828747,0.6328887289609868,0.7272016740395191,0.10780838342542225,6.328887289609868,0.009153119769526508,0.009979260289351095,0.006661428868488245,0.09153119769526508,0.4694420797574878,0.5281572805955972,0.11063270785653394,4.694420797574878,6.121146638444473e-05,7.081008423827195e-05,0.17603109604904382,0.0006121146638444473,0.00014706994248757545,0.00015807839580356996,0.10238632900555897,0.0014706994248757544,0.0014182897344028333,0.0012005323233577182,0.0006174924420070848,0.014182897344028333,0.0032997580849377698,0.0010049827143553671,0.027991933583939414,0.029697822764439927,0.005326071785582744,0.0011620261653457198,0.04238269659421457,0.047934646070244696,0.63312127174549,6.331212717454901,0.514226220804154,12.31211568238209,0.751864384895636,7.51864384895636,0.8185704504629671,8.18570450462967,6.5546142378415295,7.1448359429831685,6.274647348055609,6.831339546568743
78,SmallMLPDigits,MLP width sweep hidden=32 samples=128 lr=1e-02,1.0,0.01,Adam,4,10,0.11967904245551253,0.12343006439108563,1.0643934788389475,1.1862079296941686,0.2030962506477146,10.643934788389476,0.015638419539312953,0.02046891571513502,0.011271670847951595,0.15638419539312953,0.8088285903041026,0.8984793108834194,0.20769529143402754,8.088285903041026,0.0001923069238890135,0.00020964597767456186,0.6267380645257837,0.001923069238890135,0.0004290994303713201,0.0004766060795313143,0.3664050152254352,0.004290994303713201,0.003492292527526519,0.0038248104894509334,0.0015252255301718468,0.03492292527526519,0.0032139033141117485,0.0008122201502756303,0.02724074609629178,0.028925129827005736,0.004025537433584144,0.0013721817091292012,0.03297478551460834,0.0362298369022573,1.0656092905681713,10.656092905681714,2.608034684762154,4.0858708543799604,1.2865441005264304,12.865441005264303,1.4103618147196901,14.1036181471969,10.68906116822556,11.78562567877825,10.74995315913117,11.784534583354093
79,SmallMLPDigits,MLP width sweep hidden=32 samples=128 lr=1e-02,1.0,0.01,Muon,4,10,0.11967904245551253,0.12907305314323791,1.0793356516936303,1.2041714552895435,0.1818281034939743,10.793356516936303,0.010898518495488752,0.01267360829223925,0.007494900004904008,0.10898518495488752,0.7411361585058829,0.8186653310545412,0.18105383567270555,7.411361585058829,0.0001943424420138267,0.00022557616710665646,0.4686745300624933,0.001943424420138267,0.00043746138242269897,0.0005028449946127872,0.26881557141268014,0.00437461382422699,0.001404285458891419,0.0007579560680463709,0.0006114076969693995,0.014042854588914189,0.0032139033141117424,0.0008122201502756479,0.02724074609629173,0.02892512982700568,0.005265369764229113,0.0012136710582686598,0.041201233137130734,0.04738832787806202,1.0794159713420748,10.794159713420747,1.5950199906038423,6.7674134349465405,1.2353764626853487,12.353764626853486,1.2923259019216142,12.923259019216141,10.372025846992392,10.838837317357807,10.3224126575425,10.798264051970516
80,SmallMLPDigits,MLP width sweep hidden=32 samples=128 lr=3e-02,1.0,0.03,Adam,0,10,0.24713215967660118,0.24236851832987105,0.6882081324876823,0.8091477608662894,0.19250027717210222,6.882081324876824,0.0233360534637731,0.05547211164200793,0.016921441485568983,0.233360534637731,0.583104258488052,0.6552136899163808,0.2033656114051799,5.83104258488052,0.00015867161120937008,0.00020803861646412737,0.4507206819818945,0.0015867161120937008,0.0003623242531349367,0.0005140147449805718,0.3379376744362696,0.003623242531349367,0.03900224700155945,0.054859213830055195,0.01789394528374918,0.39002247001559454,0.025911460111812213,0.008376595905962013,0.09315100005515048,0.23320314100630993,0.028431060945789337,0.01174833112413918,0.09929552148138485,0.25587954851210404,0.6953741352932501,6.953741352932501,1.4811308270967094,4.694886653978515,0.9301686898364114,9.301686898364114,0.9623680049806286,9.623680049806286,3.447926502660812,3.8157109588752176,3.763851256969698,3.8941431428430433
81,SmallMLPDigits,MLP width sweep hidden=32 samples=128 lr=3e-02,1.0,0.03,Muon,0,10,0.24713215967660107,0.24253927874372527,0.856464540668558,1.0300259126145468,0.16889720764342453,8.56464540668558,0.023355280260992605,0.02986319607650478,0.016574067107068335,0.23355280260992606,0.6589017406170378,0.7905357048913295,0.18417686180884113,6.5890174061703775,0.0002354744491170086,0.00025917908454401573,0.4099482874016086,0.002354744491170086,0.00047136772621202085,0.0005164482616321675,0.23233903608887668,0.004713677262120209,0.009091696487946832,0.00862308160857513,0.004016052911224586,0.09091696487946832,0.025911460111812248,0.008376595905962028,0.09315100005515059,0.23320314100631023,0.03263705112819313,0.015966480606841086,0.11021679221369059,0.2937334601537382,0.856973075488815,8.56973075488815,1.4476797572442741,5.919631542822034,0.9481819300221919,9.481819300221918,1.0874658251340403,10.874658251340403,3.709604846624913,4.267298403278462,3.8367403548894226,4.40034120430585
82,SmallMLPDigits,MLP width sweep hidden=32 samples=128 lr=3e-02,1.0,0.03,Adam,1,10,0.2507450097377936,0.24797725725392056,0.48161099264685986,0.49915904230492586,0.10529648653409637,4.816109926468599,0.015285328355979622,0.0246456556052066,0.011620926472771364,0.15285328355979622,0.369714047440735,0.36819107921696054,0.10717718714129407,3.69714047440735,0.00013019439870608847,0.0001388576816216126,0.44136426224232095,0.0013019439870608847,0.00028340554748952163,0.00032517781475453235,0.284645322564805,0.0028340554748952163,0.04954041717412276,0.08513671114859783,0.022993935564563094,0.49540417174122764,0.02561942714380929,0.007332136307014958,0.09322327620247181,0.23057484429428363,0.029513280802339528,0.013157429697835338,0.10110185694260934,0.26561952722105575,0.481962035596781,4.81962035596781,1.9745059074852636,2.4409247587950205,0.544014560114203,5.44014560114203,0.6101841395763772,6.101841395763772,2.048106779337709,2.3795085084552188,2.169592769495529,2.4334846791744824
83,SmallMLPDigits,MLP width sweep hidden=32 samples=128 lr=3e-02,1.0,0.03,Muon,1,10,0.2507450097377937,0.24545037983446566,0.616192024380746,0.7217446392986381,0.108599808595286,6.161920243807461,0.017346481541493985,0.021806378860216448,0.012368529447480497,0.17346481541493985,0.47090994309345524,0.5261020141416897,0.11874229752698609,4.709099430934552,0.00017127166022655325,0.00019034709429024187,0.3782304166986198,0.0017127166022655326,0.0003749840201988641,0.0004540568258660445,0.22006846992055767,0.003749840201988641,0.009518172483449616,0.009887748099666147,0.004204277947670657,0.09518172483449616,0.025619427143809277,0.007332136307014921,0.09322327620247178,0.2305748442942835,0.03467097454400894,0.01656519270179959,0.11505646015235814,0.31203877089608045,0.6227821254801855,6.227821254801856,0.17411340733787514,35.76876330216478,0.741193411052288,7.41193411052288,0.7772000561880235,7.772000561880234,3.1987363008158316,3.4607278739108454,2.9559647541036234,3.0995634050733396
84,SmallMLPDigits,MLP width sweep hidden=32 samples=128 lr=3e-02,1.0,0.03,Adam,2,10,0.24879215271243857,0.24362085635974196,0.779567817695796,0.9035758742100101,0.17002011260240973,7.79567817695796,0.02458341667024335,0.04949950553507174,0.01812089038380973,0.24583416670243352,0.5691874853712806,0.6586730819317986,0.1625217566347668,5.6918748537128065,0.00011770075495878746,0.00013911113098998023,0.5431692302935333,0.0011770075495878747,0.0002688995430667533,0.0003246771891982557,0.3353638864983483,0.002688995430667533,0.025655052304235905,0.03930022870649076,0.011511943430717677,0.25655052304235904,0.026248804651453916,0.008484139845356712,0.09461637372754078,0.23623924186308523,0.028574663449060914,0.011993953965281967,0.10062288860042816,0.2571719710415482,0.7805699836964162,7.805699836964162,1.2309317900210195,6.3412935633345455,0.921080151322035,9.21080151322035,0.939399458644022,9.39399458644022,3.7043980831902132,4.062045484293148,3.7022074100007774,3.7758403888639047
85,SmallMLPDigits,MLP width sweep hidden=32 samples=128 lr=3e-02,1.0,0.03,Muon,2,10,0.24879215271243854,0.24253680317383025,0.8044845313445617,0.9993759596863295,0.13334487250810517,8.044845313445617,0.014002660914137955,0.019351316705614848,0.009990374350273404,0.14002660914137954,0.5932379314968327,0.7236325026806586,0.13750309186285237,5.932379314968327,0.00012588156535216598,0.00014680402742712795,0.33989757179917657,0.00125881565352166,0.00029827296445316645,0.000343854200907793,0.18935131935336108,0.0029827296445316645,0.00831494452892918,0.007250045561143901,0.0036666081903549376,0.0831494452892918,0.026248804651453923,0.008484139845356712,0.0946163737275408,0.23623924186308531,0.03277066438652862,0.017011037769789947,0.1112206592961866,0.2949359794787576,0.8060486550925855,8.060486550925855,0.3692471475370999,21.829516096982122,0.8926704362012223,8.926704362012224,0.979092840264585,9.79092840264585,3.737433543196095,4.188045481773053,3.5880168504872327,3.9353847361747376
86,SmallMLPDigits,MLP width sweep hidden=32 samples=128 lr=3e-02,1.0,0.03,Adam,3,10,0.2532081923391693,0.25082256907735534,0.5075123623075644,0.5812272814761136,0.10194946749356046,5.075123623075644,0.020593365582700484,0.028343396540347118,0.015492703671562935,0.20593365582700485,0.37569088327231465,0.4374266117865092,0.10069982102673128,3.7569088327231466,5.973779624297846e-05,8.382189114487062e-05,0.19574941364295287,0.0005973779624297846,0.0001637090095277412,0.0002000968476174281,0.15639052606372353,0.001637090095277412,0.023560190700650407,0.022146711171428187,0.01061989808316725,0.23560190700650407,0.02562906830583248,0.0072598507607676225,0.09293579956632918,0.2306616147524923,0.02834034978816961,0.010236994285051664,0.09999033041840426,0.2550631480935265,0.5087631730130311,5.087631730130311,2.1600818121498473,2.3552958510709296,0.616895310994501,6.16895310994501,0.6200484399851043,6.200484399851043,2.3137308873504354,2.4207401958584227,2.4363165555408934,2.4487692687073763
87,SmallMLPDigits,MLP width sweep hidden=32 samples=128 lr=3e-02,1.0,0.03,Muon,3,10,0.25320819233916936,0.24606711716470742,0.5136744502935999,0.5810259923452917,0.0873573572162337,5.136744502935999,0.01586589658972224,0.024397084075522067,0.011490287122690245,0.1586589658972224,0.3777024205043594,0.40997721623888894,0.09092846815918612,3.7770242050435945,8.167096643013314e-05,9.402541692548289e-05,0.21001169893682453,0.0008167096643013314,0.00021382726305410352,0.00024996399111947693,0.1371657234091892,0.0021382726305410353,0.008420414127434616,0.0061299256786535375,0.003714307204754076,0.08420414127434617,0.025629068305832482,0.007259850760767605,0.09293579956632919,0.23066161475249233,0.03215933523276042,0.014353312036064403,0.10999415402632036,0.2894340170948438,0.5160252190689072,5.1602521906890715,0.7748124574227226,6.660001580064604,0.6394404354436816,6.394404354436816,0.623368324970967,6.233683249709669,2.60369656659796,2.6576795291568738,2.5253544505667445,2.4618805545437192
88,SmallMLPDigits,MLP width sweep hidden=32 samples=128 lr=3e-02,1.0,0.03,Adam,4,10,0.2523985539816681,0.2486058850917364,1.0162183903151925,1.203377354410067,0.21701632989924624,10.162183903151924,0.01734524482895843,0.029647456737746797,0.012799066275305577,0.17345244828958428,0.7438507863001096,0.8671434252731873,0.21004363021933972,7.438507863001096,0.00017317193746878637,0.0001835679705901646,0.7085288245483423,0.0017317193746878637,0.00034675601926815894,0.00037870248662505456,0.43654727229573587,0.003467560192681589,0.03140553200264793,0.03885757268688307,0.014269020426731376,0.3140553200264793,0.025596416975906543,0.00744576891078231,0.0930212357043379,0.23036775278315888,0.028217784331008952,0.011239322648579375,0.09911409664760981,0.2539600589790806,1.016885587726817,10.16885587726817,2.9945331685269916,3.395806726786139,1.104226366480253,11.04226366480253,1.2276675856751205,12.276675856751204,4.200117586926941,4.841781057472314,4.374931429125596,4.864004037694633
89,SmallMLPDigits,MLP width sweep hidden=32 samples=128 lr=3e-02,1.0,0.03,Muon,4,10,0.2523985539816681,0.24858052604007747,1.2453603046033601,1.3802854352370348,0.20904933074109588,12.453603046033601,0.010712399791989614,0.012215947839126749,0.007459070531951028,0.10712399791989613,0.8748751831810114,0.9757075454720329,0.2113671023743308,8.748751831810115,0.00022451878115169088,0.0002458499940126304,0.5184993746853801,0.002245187811516909,0.0005126609037017641,0.000559627636577823,0.2973295520276139,0.005126609037017641,0.00979337505708613,0.006744296394692431,0.004332127260360962,0.09793375057086129,0.02559641697590654,0.007445768910782294,0.0930212357043379,0.23036775278315885,0.03278098850386554,0.01493998547069229,0.11128490164860971,0.2950288965347898,1.245695850057603,12.456958500576029,1.52134598062557,8.188116746102546,1.2878687002164935,12.878687002164934,1.4439131122590207,14.439131122590208,5.159128425462813,5.792792718193928,5.102520121054387,5.7207661830102765
90,SmallMLPDigits,MLP width sweep hidden=64 samples=128 lr=3e-03,1.0,0.003,Adam,0,10,0.037243913406469834,0.039351098679991245,1.3389962317854178,1.5657372162524825,0.2591549252849433,13.38996231785418,0.006509407245918597,0.002656408962816309,0.00494540575789464,0.06509407245918597,1.0084633418020288,1.1840865890087018,0.26013487499156585,10.084633418020287,0.00020013718615970725,0.00021746033630865778,0.4583279216821228,0.0020013718615970724,0.00034623198022316497,0.0003752217484411487,0.2323990861718399,0.0034623198022316498,0.0011615529237285038,0.0011397289757656974,0.0005052351645995636,0.011615529237285038,7.504926483716982e-05,4.073360055802167e-05,0.0020202385615631477,0.0006754433835345283,0.00024382505184018105,0.0002530908560198644,0.006195496590608673,0.0021944254665616295,1.33905940236415,13.3905940236415,1.219142680527756,10.983615156385822,1.662658078308154,16.62658078308154,1.6835860295554717,16.835860295554717,44.67258334099116,45.23606648035364,44.642410698423674,45.20432670920686
91,SmallMLPDigits,MLP width sweep hidden=64 samples=128 lr=3e-03,1.0,0.003,Muon,0,10,0.03724391340646983,0.037049591078648476,1.3776030552638119,1.6212525440326064,0.260803672298351,13.776030552638119,0.0019094778817708047,0.0018931577819502527,0.0014139593065754556,0.019094778817708047,1.0138121229158747,1.1933935068948722,0.26011545291081956,10.138121229158747,0.00019684931465723763,0.0002123349093534927,0.4149883617303094,0.001968493146572376,0.0003234953062176482,0.0003381487929833905,0.1981606906651149,0.0032349530621764823,0.0004917433325053011,0.0003997621926655937,0.00021366512160678796,0.004917433325053011,7.50492648371729e-05,4.0733600558023136e-05,0.0020202385615632314,0.0006754433835345561,0.00011907318003118095,7.993608944029912e-05,0.0032311865268428177,0.0010716586202806286,1.3776069795101382,13.776069795101382,1.7581476818614372,7.83555894492093,1.6548405864963485,16.548405864963485,1.6925155888018488,16.925155888018487,44.453083338155785,45.46427909557338,44.43251084911173,45.444085596757766
92,SmallMLPDigits,MLP width sweep hidden=64 samples=128 lr=3e-03,1.0,0.003,Adam,1,10,0.03682990529504207,0.03968978647572851,0.8202186542719311,0.9541213829762349,0.1403355060038065,8.20218654271931,0.0016996976109916462,0.0023500132916955156,0.0012763990018336403,0.016996976109916462,0.6057324344514601,0.7058980328427688,0.1386928553640578,6.057324344514601,8.835089337053644e-05,0.00010011934880300275,0.2665700552377706,0.0008835089337053644,0.00019332101910945573,0.00023990662508008022,0.14675820389468625,0.0019332101910945574,0.0009284711345847185,0.0009558144569168732,0.00040388366611428977,0.009284711345847185,9.357807085384211e-05,4.7138140272870835e-05,0.0025491397259759293,0.000842202637684579,0.00039471282277127166,0.0004127211147211122,0.009956243611931896,0.0035524154049414447,0.820230470133871,8.20230470133871,0.677223282937584,12.111669678218478,0.9961178251839019,9.96117825183902,1.0112441593254273,10.112441593254273,27.08940287865314,27.506887677604407,27.046440038443333,27.457147967783612
93,SmallMLPDigits,MLP width sweep hidden=64 samples=128 lr=3e-03,1.0,0.003,Muon,1,10,0.03682990529504208,0.03683123901567676,0.8506033474634244,1.0006507421181696,0.14220348837867003,8.506033474634243,0.0020457273706002478,0.0013636702246409508,0.001522740982483221,0.020457273706002477,0.6229703112830111,0.732866976904743,0.14071280780123657,6.22970311283011,7.982685722433323e-05,9.129702147627766e-05,0.24199998438373188,0.0007982685722433323,0.00016334107086132444,0.00020166483806436842,0.12460557928990423,0.0016334107086132443,0.00046479711424982637,0.00042674230743918075,0.00020201891537450145,0.004647971142498264,9.357807085383902e-05,4.713814027287666e-05,0.0025491397259758456,0.0008422026376845512,0.00016435746472412107,8.490186642457982e-05,0.004489898556877522,0.0014792171825170897,0.8506077255138006,8.506077255138006,0.2648698742066962,32.11417410384742,1.024697811897701,10.24697811897701,1.0400220508062799,10.400220508062798,27.877646066225886,28.296414374036736,27.822439500968322,28.23852091051356
94,SmallMLPDigits,MLP width sweep hidden=64 samples=128 lr=3e-03,1.0,0.003,Adam,2,10,0.03733317690607024,0.039141070136915104,1.0397517270203587,1.2904446449792233,0.16515646305725812,10.397517270203586,0.0060128592430895855,0.004113318541963769,0.004412570707837722,0.060128592430895855,0.7600209634712362,0.9495175434479964,0.16460173123633212,7.600209634712361,0.00010157451009746966,0.00012955984325099647,0.35570914997489805,0.0010157451009746967,0.00021027712223415548,0.00026112825119095195,0.1665143184272871,0.0021027712223415547,0.0011630918352811825,0.0012031504987566333,0.0005057371844915663,0.011630918352811825,8.395527835987117e-05,4.849212021181549e-05,0.0022562276422614506,0.0007555975052388406,0.0002811813252990022,0.0002882404627784075,0.00719023503968695,0.0025306319276910197,1.039783325577016,10.39783325577016,1.2970266407573086,8.016668994323098,1.28596924269316,12.859692426931598,1.2688222003023022,12.688222003023022,34.54777094619389,34.09330940179304,34.44574904323414,33.98645134044288
95,SmallMLPDigits,MLP width sweep hidden=64 samples=128 lr=3e-03,1.0,0.003,Muon,2,10,0.03733317690607024,0.03703602101900047,1.157223661058981,1.4064758808079723,0.17491049534499242,11.57223661058981,0.0031964589751536376,0.0024005823147454242,0.002291752043309651,0.031964589751536376,0.8209331841700562,0.9998584637173844,0.17326243565203486,8.209331841700562,8.3433961529303e-05,0.00011343053868751392,0.25551433110377214,0.00083433961529303,0.00016154900172954842,0.0002143588355709549,0.11296632026987692,0.0016154900172954843,0.0006582789285161983,0.0006452192110376036,0.0002860300916403018,0.006582789285161983,8.39552783598758e-05,4.8492120211816246e-05,0.002256227642261575,0.0007555975052388822,0.0001584947293350304,8.906266236138649e-05,0.004300612045785558,0.0014264525640152736,1.157235627834547,11.57235627834547,0.29463634124393984,39.27674444193667,1.4017946383349262,14.017946383349262,1.3705125241315101,13.705125241315102,37.65691124219387,36.81484187462315,37.54822799736069,36.7103107131681
96,SmallMLPDigits,MLP width sweep hidden=64 samples=128 lr=3e-03,1.0,0.003,Adam,3,10,0.03693563990203101,0.03915536981948301,0.6479596335734421,0.8051557989868808,0.10529348805221898,6.4795963357344215,0.0033085736241351914,0.0034198827656657985,0.0024520062400983957,0.033085736241351915,0.48692871748558525,0.6038554105033908,0.10758990707560637,4.869287174855852,5.8512590104281925e-05,8.218631412318497e-05,0.17892870698758193,0.0005851259010428193,9.668508010565494e-05,0.00012495797913094497,0.07312234292817965,0.0009668508010565494,0.0008263007278404455,0.0006197043881408243,0.0003593894910261842,0.008263007278404455,9.430603924355364e-05,3.219896828070238e-05,0.002557959601957097,0.0008487543531919828,0.0002096676946322512,0.00020895016892683385,0.005379952142202153,0.001887009251690261,0.6479776191805782,6.479776191805781,0.4099538261724077,15.806112245140225,0.7985378707345808,7.9853787073458085,0.8129064807484362,8.129064807484362,21.6690044145847,22.057488514089375,21.619711282995016,22.008728775367345
97,SmallMLPDigits,MLP width sweep hidden=64 samples=128 lr=3e-03,1.0,0.003,Muon,3,10,0.03693563990203101,0.036746227313676216,0.7046873008119665,0.9206664390044028,0.11463055300106055,7.046873008119665,0.0013566439706316435,0.0008404643518691634,0.0010050773614614056,0.013566439706316435,0.5309580779278856,0.6905587460735688,0.11727540879952969,5.309580779278856,6.470832992397524e-05,8.882098279991719e-05,0.20011197184648993,0.0006470832992397525,9.496671292259138e-05,0.00012815925320858987,0.07316302726125631,0.0009496671292259138,0.0004942732264885397,0.00051967728736635,0.00021482800302302573,0.004942732264885397,9.43060392435521e-05,3.2198968280712635e-05,0.002557959601957056,0.0008487543531919689,0.0001641509088961137,6.756930907324213e-05,0.004488608120057107,0.0014773581800650235,0.7046925910527574,7.046925910527574,0.15318762105742809,46.001927974883635,0.8502501337927585,8.502501337927585,0.8864115979482946,8.864115979482946,23.10018693339302,24.08044034384811,23.019775372728958,23.998815244556052
98,SmallMLPDigits,MLP width sweep hidden=64 samples=128 lr=3e-03,1.0,0.003,Adam,4,10,0.03681665209625948,0.03950157600872234,1.3622182844900605,1.443168464410573,0.22649314409181534,13.622182844900605,0.006093275123532882,0.0012386521435403155,0.00449789237716932,0.06093275123532882,1.0081573419254224,1.071567302482574,0.22933493413762562,10.081573419254223,0.00019682263709252861,0.0002170089709629381,0.6187091503502024,0.001968226370925286,0.00042109069281935527,0.00048165267065971434,0.3159914137936564,0.004210906928193553,0.001047741699796756,0.0008869071685057813,0.0004559238330603817,0.010477416997967559,0.00010171482100531509,4.9519150236892844e-05,0.0027721727933147887,0.0009154333890478358,0.00020072986404024888,0.00020310462819926657,0.005093105678146674,0.0018065687763622398,1.362237700590966,13.62237700590966,1.935326824689158,7.038799251954571,1.6566421174878947,16.566421174878947,1.6830751759667038,16.830751759667038,45.061874099600786,45.77828014798815,44.99708754496467,45.71505229661287
99,SmallMLPDigits,MLP width sweep hidden=64 samples=128 lr=3e-03,1.0,0.003,Muon,4,10,0.036816652096259464,0.03729633736049742,1.3960995133014213,1.4978474439218887,0.22811019941936195,13.960995133014213,0.0014678596212952312,0.0017775855314474034,0.0010650366159081583,0.01467859621295231,1.0150788812199731,1.090181904074363,0.2296601376902781,10.150788812199732,0.0002084638170561017,0.0002335160245656385,0.6210443596035412,0.002084638170561017,0.00044815739774221517,0.0005245890998551026,0.31835738475141007,0.004481573977422152,0.00047804794455403866,0.0004457323451716196,0.00020782038748050463,0.0047804794455403865,0.00010171482100531432,4.951915023689541e-05,0.002772172793314769,0.0009154333890478289,0.00018533958901935222,9.966522735468865e-05,0.005007127619176151,0.00166805630117417,1.3961010233409605,13.961010233409604,1.5239641246563298,9.160983521549735,1.6742141374825366,16.742141374825366,1.6946303871244066,16.946303871244066,45.52849328015329,46.082730945275664,45.4743721157806,46.02891057811798
100,SmallMLPDigits,MLP width sweep hidden=64 samples=128 lr=1e-02,1.0,0.01,Adam,0,10,0.11734343073891543,0.1202119042552639,1.121142255369082,1.278981506141542,0.2456753342742805,11.21142255369082,0.01094658164121296,0.013156850721193448,0.008399019206343242,0.1094658164121296,0.8743460257365822,1.013816497593679,0.246888629286066,8.743460257365822,0.00019452228962121387,0.00020937636494140912,0.5354552835459919,0.0019452228962121387,0.00037481684408360535,0.00039203349867083007,0.31697619306264246,0.0037481684408360535,0.007881025596060454,0.009932392679936572,0.003463278092824812,0.07881025596060454,0.0021308183235891156,0.0006253246426634295,0.018348958054310752,0.019177364912302042,0.0029587560986373907,0.001029220384111682,0.024856787867149097,0.026628804887736515,1.12151384716436,11.2151384716436,0.20912324177865793,53.62932582842239,1.3105409424195957,13.105409424195956,1.428360585671157,14.28360585671157,11.127982790071027,12.167027035240338,11.168421906254798,12.172480186378765
101,SmallMLPDigits,MLP width sweep hidden=64 samples=128 lr=1e-02,1.0,0.01,Muon,0,10,0.11734343073891547,0.11418774754254242,1.2169602094155931,1.4019709380187397,0.2306718686979766,12.16960209415593,0.0069662865626731515,0.009158834907434145,0.005101003455301341,0.06966286562673152,0.8922368735093468,1.0307472812393597,0.23138364585277,8.922368735093468,0.0002066182667956207,0.00022149575414134797,0.41386988435720007,0.002066182667956207,0.0003563397892565755,0.0003794381619682785,0.2048058050353004,0.003563397892565755,0.0016565306340537767,0.0012307192618692285,0.0007215016460187996,0.016565306340537767,0.0021308183235891186,0.0006253246426634238,0.018348958054310787,0.01917736491230207,0.002888482497282913,0.0009262562572624906,0.025679981515348296,0.02599634247554622,1.217020652469374,12.170206524693741,1.7594655711745175,6.916990433958657,1.3584238853686006,13.584238853686006,1.4575876663127505,14.575876663127504,11.587922662976995,12.42614569335719,11.576480053587664,12.421553189081592
102,SmallMLPDigits,MLP width sweep hidden=64 samples=128 lr=1e-02,1.0,0.01,Adam,1,10,0.11563412851925281,0.12069792906187794,0.7204059498657488,0.8037662819924427,0.13288485550053258,7.204059498657488,0.005356414039552493,0.007416866019910159,0.004047654527023509,0.05356414039552493,0.5545113117376552,0.6081319346323633,0.13478968053805307,5.545113117376552,9.981486423903125e-05,0.00011010931780938537,0.30242126821265153,0.0009981486423903125,0.00020601129511064223,0.0002622223778185188,0.16135086454588618,0.002060112951106422,0.006027067003781905,0.008286499549359057,0.002644038129681608,0.06027067003781905,0.0021774262224295094,0.0005001332949504796,0.018988351187480032,0.019596836001865583,0.0029437376676630916,0.0013644883931073172,0.02486130791189795,0.026493639008967826,0.7206621980772452,7.206621980772452,1.4804001669478992,4.868022945194709,0.832667466719218,8.32667466719218,0.905868018703044,9.05868018703044,7.26089884746998,7.9208940795329115,7.200879855989755,7.8339157332103655
103,SmallMLPDigits,MLP width sweep hidden=64 samples=128 lr=1e-02,1.0,0.01,Muon,1,10,0.11563412851925282,0.11257449173538436,0.8357224278842033,0.9560062250785218,0.13879875871914565,8.357224278842033,0.008224894942323768,0.004572125426677567,0.006016923162369872,0.08224894942323768,0.5928471628355887,0.6834420379234369,0.1350571397049445,5.928471628355887,9.326379082142589e-05,0.000106164063509302,0.24481306706088843,0.0009326379082142588,0.00021975232097926753,0.0002575916334954109,0.1407568063027078,0.0021975232097926753,0.0016691237430479955,0.0013125523703282798,0.0007272139727911457,0.016691237430479955,0.0021774262224295046,0.0005001332949504904,0.018988351187479987,0.019596836001865542,0.0030581326337464523,0.000736179482895154,0.027432343604456212,0.02752319370371807,0.8357830540664318,8.357830540664319,0.42208824576072546,19.80114496105212,0.9410924875232469,9.41092487523247,0.9684947329725084,9.684947329725084,8.21813167883803,8.465398599742725,8.138535738318442,8.375509422473455
104,SmallMLPDigits,MLP width sweep hidden=64 samples=128 lr=1e-02,1.0,0.01,Adam,2,10,0.11752351169980246,0.11920099129684893,0.8584495803678494,1.077904128714887,0.15685723225947684,8.584495803678493,0.011194968863783683,0.01563982552016925,0.008347204335372135,0.11194968863783683,0.6663606016259791,0.8312405372155778,0.15908797386542045,6.663606016259791,0.00010973585051074998,0.00013430352064970608,0.4491244628560901,0.0010973585051074998,0.00022049485570679325,0.00027214850041360985,0.2180519826258481,0.0022049485570679326,0.0058007961527732025,0.007372020129213183,0.0025395022387162815,0.05800796152773202,0.0021706373973945834,0.0006540476373432991,0.018667662895905643,0.01953573657655125,0.0029779153928525507,0.0012282612660952826,0.025100313577722553,0.026801238535672955,0.8602375365522767,8.602375365522768,1.8035804515813505,4.769610004355693,1.053042185389906,10.530421853899059,1.0885887179561808,10.88588717956181,9.123704005568495,9.497324276653753,8.960268206414359,9.262731365080631
105,SmallMLPDigits,MLP width sweep hidden=64 samples=128 lr=1e-02,1.0,0.01,Muon,2,10,0.11752351169980244,0.11343602088704559,0.9620715983046149,1.1727191182089556,0.14691711681465275,9.620715983046148,0.006442374931020867,0.005964185789010027,0.004572158704290757,0.06442374931020867,0.6778587064955524,0.8263848101878679,0.14644460763069211,6.7785870649555235,0.00010259173091157403,0.0001271031707805329,0.27441217454751615,0.0010259173091157403,0.0002129522636947696,0.00025844316913425474,0.13238952027260553,0.002129522636947696,0.0018555568050743875,0.0014865202258828474,0.0008084350024465274,0.018555568050743876,0.0021706373973945908,0.0006540476373432904,0.018667662895905705,0.01953573657655132,0.0030548435143945406,0.0010493044852283482,0.027251283200633494,0.027493591629550868,0.9621575305072094,9.621575305072094,0.5319424667739082,18.087623955696618,1.0861727727367616,10.861727727367615,1.107372402358219,11.07372402358219,9.394708645955152,9.585555211690103,9.2421742426421,9.422560527180712
106,SmallMLPDigits,MLP width sweep hidden=64 samples=128 lr=1e-02,1.0,0.01,Adam,3,10,0.1163762857593387,0.11966704950819407,0.6538182392926528,0.7471345349964287,0.1212512061519245,6.538182392926528,0.006798527652039832,0.006200259716496442,0.00510967994337076,0.06798527652039832,0.4963885194063268,0.5687978990557129,0.1225157535047604,4.963885194063268,6.016973742570045e-05,7.696217481501351e-05,0.18035231560257564,0.0006016973742570045,0.00010376578822847015,0.00011624909423597829,0.08368192498272728,0.0010376578822847015,0.004852851530007074,0.0028199860779633454,0.002127068489012619,0.04852851530007074,0.002204572997383184,0.0005485306935171561,0.01914924982979863,0.019841156976448657,0.0030754022435452535,0.0006847348307825505,0.02597650635200525,0.027678620191907283,0.6539108989980669,6.539108989980669,1.5606791281559502,4.1899125015576235,0.7439820449873709,7.439820449873709,0.8109167028035072,8.109167028035072,6.506168226200359,7.08638579106478,6.392900754075402,6.968057946792091
107,SmallMLPDigits,MLP width sweep hidden=64 samples=128 lr=1e-02,1.0,0.01,Muon,3,10,0.11637628575933867,0.11270583037663914,0.6617188556932241,0.7826719697922868,0.1061288711208999,6.617188556932241,0.0050979401398814515,0.004098163144601893,0.00373481423456372,0.05097940139881452,0.4915892012977861,0.5784015993050834,0.10869034934816983,4.915892012977861,7.082195796273662e-05,9.10169969276094e-05,0.19668634257701817,0.0007082195796273662,0.00011262487444501337,0.00015516009874114633,0.07781025439841968,0.0011262487444501337,0.0016222973462204139,0.0007637285260034607,0.0007067472768273878,0.016222973462204138,0.002204572997383175,0.0005485306935171418,0.019149249829798543,0.019841156976448573,0.003083006500489194,0.0007788345860986087,0.027703426282776333,0.027747058504402747,0.6617756076115427,6.617756076115428,0.28352408162142617,23.341072258376087,0.7472244322685526,7.472244322685526,0.803076378009256,8.03076378009256,6.536165277704972,7.023522176242162,6.420761991096551,6.900687479148326
108,SmallMLPDigits,MLP width sweep hidden=64 samples=128 lr=1e-02,1.0,0.01,Adam,4,10,0.11534569452681359,0.11797240105206191,1.3804079482642737,1.4673638178838844,0.24778513068193422,13.804079482642736,0.009673564849935534,0.008279695085207456,0.007210826940717797,0.09673564849935534,1.045152113317966,1.1127591417973222,0.2494589491969791,10.45152113317966,0.0001802953400979721,0.00019587018798974682,0.6539364744461842,0.0018029534009797211,0.0003805925733491171,0.00042754131698472653,0.3429047519630283,0.003805925733491171,0.0073893177743569625,0.007135814599725737,0.0032484629835800973,0.07389317774356963,0.002331487760435564,0.0006524542396644178,0.020435033914884198,0.020983389843920078,0.003325830670634883,0.0009450652756997237,0.028065571780938787,0.029932476035713945,1.3804708192564124,13.804708192564123,2.5234146924724414,5.4706458806571625,1.5414853271912166,15.414853271912166,1.7073950595665608,17.073950595665607,13.371170558463712,14.837106042708266,13.364047383952233,14.802416913529918
109,SmallMLPDigits,MLP width sweep hidden=64 samples=128 lr=1e-02,1.0,0.01,Muon,4,10,0.1153456945268136,0.11332024377726743,1.3687391181899895,1.443418454677517,0.22452778760360187,13.687391181899896,0.004887883981920593,0.00598980761784725,0.0035383532273709204,0.04887883981920593,0.9965658210794462,1.0513338961871397,0.22645600258436932,9.965658210794462,0.00021766294346894262,0.00023685107319950277,0.6225085729826543,0.002176629434689426,0.00048758640908931183,0.0005515472394550918,0.325400225378731,0.004875864090893118,0.0020783903948810244,0.0015207049198750961,0.0009061888201753382,0.020783903948810245,0.002331487760435558,0.0006524542396644009,0.020435033914884135,0.020983389843920022,0.003389807654659448,0.0009675142036291416,0.03034626422161891,0.03050826889193503,1.3687586839067682,13.687586839067682,1.4968842568274614,9.144051570211273,1.5127940600023797,15.127940600023797,1.6280228856278298,16.2802288562783,13.171698918473007,14.168707642702557,13.115305830948992,14.114292625368646
110,SmallMLPDigits,MLP width sweep hidden=64 samples=128 lr=3e-02,1.0,0.03,Adam,0,10,0.25923113563831907,0.25518129794015293,0.7182730250778013,0.8839827406607221,0.17988521664264087,7.182730250778013,0.017379905852434742,0.030237791150574938,0.013386215203025454,0.1737990585243474,0.5925081396267822,0.7042245074025923,0.18726134441966757,5.925081396267822,0.00016760885453021503,0.00020358507725311756,0.5131687054856251,0.0016760885453021503,0.0003696718721398162,0.0004453660343631722,0.3749213073547377,0.0036967187213981624,0.05910852630519803,0.08102205192386408,0.027917372755762403,0.5910852630519803,0.02077439942994421,0.005565352882074472,0.07396303269794688,0.1869695948694979,0.023212161245084868,0.00828765504634917,0.08056036359676809,0.20890945120576382,0.7201591025370851,7.201591025370852,1.4381438970203382,5.007559424541372,0.897149079251452,8.97149079251452,0.945965087989601,9.45965087989601,3.4721674103802487,3.8033924119327125,3.460807580240516,3.649118327010755
111,SmallMLPDigits,MLP width sweep hidden=64 samples=128 lr=3e-02,1.0,0.03,Muon,0,10,0.2592311356383189,0.2398126549392327,1.135587744409829,1.3187568969546755,0.21461051677730345,11.35587744409829,0.01770619961438056,0.023077226285660262,0.012816441669945949,0.17706199614380558,0.8373574282368293,0.9839926390319117,0.21888256368703432,8.373574282368294,0.00022520021998879676,0.0002426553603229291,0.4290966550707481,0.0022520021998879676,0.0004284784692331699,0.0004605479160360097,0.22944792933016225,0.004284784692331699,0.009253798900012544,0.007940177581796853,0.004088754212551327,0.09253798900012544,0.020774399429944166,0.005565352882074468,0.07396303269794675,0.1869695948694975,0.022886203520275428,0.008276737708315498,0.08524288194285468,0.20597583168247885,1.1358184579828587,11.358184579828588,1.8917541530288564,6.004048973088382,1.2200880642601513,12.200880642601513,1.336877656701467,13.36877656701467,4.576213431450201,5.016140844555432,4.706564515315115,5.1570875288942455
112,SmallMLPDigits,MLP width sweep hidden=64 samples=128 lr=3e-02,1.0,0.03,Adam,1,10,0.2617785959473299,0.2634467186046533,0.7085720693448568,0.7830574504991608,0.1370375129702509,7.085720693448568,0.01467668195343772,0.021773188495596126,0.011093342364227444,0.1467668195343772,0.5222093031024134,0.5946619473695287,0.13273441546398448,5.2220930310241345,9.50883278215642e-05,9.917993691099655e-05,0.33237522447750834,0.0009508832782156421,0.00021716161052889616,0.00023620000477611586,0.19952546449361472,0.0021716161052889615,0.05175884643999762,0.08250506208319676,0.024410207841096026,0.5175884643999762,0.020696815403905083,0.004030367784646158,0.07462379904026631,0.18627133863514575,0.02309114589653523,0.00627339767536527,0.08076882525173841,0.20782031306881704,0.7094043656916489,7.094043656916489,1.4352173212147206,4.942835870258537,0.8248862162554467,8.248862162554467,0.8337299292958669,8.337299292958669,3.097679363647129,3.149885547271878,3.15108350730636,3.1848666858294794
113,SmallMLPDigits,MLP width sweep hidden=64 samples=128 lr=3e-02,1.0,0.03,Muon,1,10,0.2617785959473299,0.24032913145570636,0.8064261621628915,0.8660359867667557,0.1319809918489627,8.064261621628916,0.015391875044221858,0.015979314627855477,0.011065296285763228,0.1539187504422186,0.5587459700196901,0.6139175703232429,0.13036764993678066,5.5874597001969,0.00013307740996137713,0.00014835576951187455,0.2999491194422949,0.0013307740996137713,0.00030357612889599713,0.00037626308164243896,0.17520420525382865,0.0030357612889599715,0.009792995334692422,0.0085333732740903,0.004329986772953324,0.09792995334692423,0.02069681540390512,0.004030367784646207,0.0746237990402664,0.18627133863514608,0.02313837581580738,0.007139917199537372,0.08692056122313652,0.20824538234226642,0.8068766266128871,8.06876626612887,0.38548192865598135,20.93163301911811,0.9008916279603835,9.008916279603834,0.8920623116273891,8.920623116273891,3.6521858723129648,3.7113362035045823,3.4414258534018716,3.4076976706180857
114,SmallMLPDigits,MLP width sweep hidden=64 samples=128 lr=3e-02,1.0,0.03,Adam,2,10,0.25856086102868925,0.2543455372005152,0.6897767123222797,0.7946712386662511,0.1388954550497018,6.897767123222796,0.02451819092855987,0.0341062345667516,0.018405416039939358,0.2451819092855987,0.4953602800642942,0.5693649761613359,0.13280208196639745,4.953602800642942,9.520687710877947e-05,0.00011672544112685955,0.3693153383026892,0.0009520687710877947,0.0002222921365614962,0.00025102079915681816,0.2306904935381806,0.002222921365614962,0.05141666095611874,0.07321592073002085,0.02422266047834226,0.5141666095611874,0.021530997425960464,0.005601236090818234,0.07748037480028125,0.19377897683364417,0.02383945937479527,0.008596125936603406,0.08406300225393867,0.21455513437315743,0.6907629751425592,6.907629751425593,1.5475512582848627,4.463587047243435,0.8549566092076051,8.54956609207605,0.7908642929576263,7.908642929576263,3.3176087134293235,3.1928137866388107,3.3065971617132774,3.0587161947525927
115,SmallMLPDigits,MLP width sweep hidden=64 samples=128 lr=3e-02,1.0,0.03,Muon,2,10,0.2585608610286893,0.23657749247151844,0.837781916090907,1.015285278317347,0.12820869640979193,8.37781916090907,0.007287348972812779,0.010187310542390799,0.005173804677934741,0.0728734897281278,0.6000112589222667,0.7125865679842533,0.1313257290821352,6.000112589222667,0.00011365999979272637,0.00013427316001771243,0.27111084614076975,0.0011365999979272637,0.0002558694922208648,0.0002934900430516755,0.14560769794290337,0.0025586949222086482,0.009805803610378172,0.007958679754048632,0.004336270920532205,0.09805803610378172,0.021530997425960433,0.0056012360908182625,0.07748037480028117,0.1937789768336439,0.023617360311159918,0.009901777987639988,0.08886169968787157,0.21255624280043925,0.8381374262506955,8.381374262506956,0.6631366712093283,12.638984731793332,0.9098330059913978,9.098330059913978,0.9579441452039381,9.579441452039381,3.716919225666429,3.9473485116199085,3.5188349944829618,3.7049077783572466
116,SmallMLPDigits,MLP width sweep hidden=64 samples=128 lr=3e-02,1.0,0.03,Adam,3,10,0.25672794062840765,0.25349087893262745,0.6887815687112646,0.7424298895240097,0.13309160769717612,6.887815687112646,0.012228046801922132,0.016182097457758282,0.009280294029290585,0.12228046801922132,0.5152617603027227,0.5586332538967084,0.13095601427996714,5.1526176030272275,6.605232267672238e-05,8.069581557332747e-05,0.20779445360335425,0.0006605232267672238,0.00012680998558114136,0.0001382080813862454,0.1125114562700503,0.0012680998558114137,0.03807973480608653,0.03354141949196417,0.0177797933122678,0.3807973480608653,0.02113300129965512,0.005359938436070395,0.07633080527914804,0.19019701169689607,0.024063684424651524,0.008218293172708122,0.08497376110074616,0.2165731598218637,0.6889736030875009,6.889736030875009,2.0442298197143747,3.3703333961920494,0.7504707794619729,7.50470779461973,0.8226378741893153,8.226378741893154,2.9682503987083084,3.247658260089584,2.9232142696467034,3.2043176608502275
117,SmallMLPDigits,MLP width sweep hidden=64 samples=128 lr=3e-02,1.0,0.03,Muon,3,10,0.25672794062840765,0.23639561455051783,0.6992068153157251,0.8024866899846249,0.11281520250074206,6.992068153157251,0.010513119474098942,0.017911416608492055,0.007648873890861267,0.10513119474098942,0.520954296605466,0.5856982809325297,0.11835314155290495,5.20954296605466,8.528265731425964e-05,9.588215472778243e-05,0.20647030211528278,0.0008528265731425964,0.00017547337587294328,0.00019151827662974502,0.10636158460893504,0.0017547337587294329,0.00914258761852751,0.0046004008138871115,0.004041269672887716,0.09142587618527509,0.021133001299655126,0.005359938436070392,0.07633080527914807,0.19019701169689612,0.023341610422534752,0.008207692555133803,0.08810008210243714,0.21007449380281276,0.6997044504771904,6.997044504771904,0.49293925866748334,14.194536916549032,0.7892474875514841,7.892474875514841,0.8317262566846176,8.317262566846177,3.0875286619729403,3.2895617334092746,3.074256294891775,3.239718492068895
118,SmallMLPDigits,MLP width sweep hidden=64 samples=128 lr=3e-02,1.0,0.03,Adam,4,10,0.25867001020085845,0.25538949848846126,1.1722579656784284,1.254705147470278,0.22043192045172816,11.722579656784283,0.014681142413222003,0.024455353108008875,0.010965436956154316,0.14681142413222004,0.8820612314467773,0.9382596858373066,0.2180529006417351,8.820612314467773,0.00015914117145087077,0.0001782995394184536,0.6520581067756709,0.0015914117145087077,0.0003465481292688186,0.0004058693982544146,0.37034134097899524,0.003465481292688186,0.06167842717054737,0.07081847449780192,0.02939203156319604,0.6167842717054737,0.021148054114236793,0.0054213312271148,0.0768274617170599,0.19033248702813113,0.024266042692583912,0.009335003851276695,0.0848238251994907,0.21839438423325522,1.1725695434874797,11.725695434874796,2.4921392553517085,4.705072322782373,1.2684946972854525,12.684946972854526,1.4082492283453703,14.082492283453703,4.916340438320153,5.516551285473057,4.9039109570547454,5.4441921089029925
119,SmallMLPDigits,MLP width sweep hidden=64 samples=128 lr=3e-02,1.0,0.03,Muon,4,10,0.2586700102008585,0.23860365985549178,1.4177273600340747,1.5057716969305448,0.2306162737902202,14.177273600340747,0.010676326448527184,0.011324053074176776,0.00767557365048748,0.10676326448527185,1.0177718954061041,1.0796352465662737,0.23155438256917366,10.177718954061042,0.00021857911679310258,0.00023756685124363692,0.5712185336827754,0.0021857911679310257,0.0005025979900634614,0.000568614689831011,0.29996750797165206,0.005025979900634614,0.01153592513003705,0.008749568513133764,0.0051198430251566,0.1153592513003705,0.02114805411423678,0.005421331227114777,0.07682746171705983,0.19033248702813102,0.02407983327766858,0.009135912790298841,0.09036682450006209,0.21671849949901723,1.4177851708958462,14.177851708958462,1.5553547453088614,9.11550998363594,1.4725936263894748,14.725936263894747,1.624917222567823,16.24917222567823,5.737834452115671,6.330252061024611,5.692943009690218,6.281815280039874
120,SmallMLPDigits,MLP width sweep hidden=128 samples=128 lr=3e-03,1.0,0.003,Adam,0,10,0.026248176713148434,0.02779976592993868,1.3177177159582087,1.5045334686457867,0.25724199329100783,13.177177159582088,0.004081993539003292,0.0018334626962138159,0.0031288099803328646,0.040819935390032924,1.0019410685495576,1.145623729445564,0.25833445308286873,10.019410685495576,0.00018703390901516706,0.00020309764488019217,0.452082290892058,0.0018703390901516706,0.0003280536638485005,0.00034778492432303843,0.22909447918201828,0.003280536638485005,0.002253032807406452,0.002440251999843415,0.0009806432306813675,0.02253032807406452,3.0116466979455275e-05,1.536395353251744e-05,0.001148616927552176,0.0002710482028150975,0.00010647944007248115,0.000123320350277364,0.0038269810671245946,0.0009583149606523303,1.3177282992827257,13.177282992827257,1.394777685740051,9.447586613658478,1.4743304046762087,14.743304046762088,1.5969658470668904,15.969658470668904,56.18069877990091,60.85556939642262,56.16886920521516,60.84102010281446
121,SmallMLPDigits,MLP width sweep hidden=128 samples=128 lr=3e-03,1.0,0.003,Muon,0,10,0.02624817671314844,0.02606820217423208,1.2872366735933198,1.4918301123513737,0.2429628760214754,12.872366735933198,0.0006096342661357168,0.0007898641631596432,0.00046132395105785213,0.006096342661357168,0.9706633074733257,1.1259480493485026,0.24426117980198653,9.706633074733258,0.00018683564002531508,0.00020313787744087353,0.4358597121631377,0.0018683564002531508,0.0003152758130111863,0.00033612964720305705,0.20906679919153953,0.0031527581301118634,0.001077907914747378,0.0011240736371561223,0.0004686509694925167,0.01077907914747378,3.0116466979452192e-05,1.536395353252248e-05,0.0011486169275520593,0.0002710482028150697,5.2394666441138745e-05,2.8204586589112017e-05,0.002014912215720778,0.0004715519979702487,1.2872372196359292,12.872372196359292,1.747388797232666,7.366633125235337,1.4306771502298319,14.30677150229832,1.547113098457865,15.47113098457865,54.52114078804577,58.95911478131772,54.50577256717286,58.941735853327785
122,SmallMLPDigits,MLP width sweep hidden=128 samples=128 lr=3e-03,1.0,0.003,Adam,1,10,0.026271006685326816,0.027777534096465384,0.7612902539250236,0.8403178084031154,0.12360387087935654,7.612902539250236,0.00152713859471727,0.0018639292251598505,0.00112791923313759,0.0152713859471727,0.5648220118312439,0.6229735745600063,0.12522462771743753,5.648220118312439,0.00010499799771667181,0.00011876112197768164,0.2919963692515246,0.0010499799771667181,0.0001949209731211111,0.0002522330009560945,0.13477842765871836,0.0019492097312111111,0.0015829079312302597,0.002033385540459393,0.0006895971134146495,0.015829079312302596,3.99070232698574e-05,1.5357348380030802e-05,0.0015206618358104371,0.0003591632094287166,0.00011942009246409011,0.00016032032426986038,0.004287623821098553,0.001074780832176811,0.7612924363764099,7.612924363764098,0.6312450131047548,12.060173475779582,0.847981839553082,8.47981839553082,0.9002540078249055,9.002540078249055,32.34311577136319,34.336150684312614,32.278239266206214,34.267967672808126
123,SmallMLPDigits,MLP width sweep hidden=128 samples=128 lr=3e-03,1.0,0.003,Muon,1,10,0.02627100668532681,0.02612790793487358,0.7338247363374026,0.7713305864807655,0.11496304488444327,7.338247363374027,0.001418212243844552,0.0008918908302063982,0.0010441918746876004,0.014182122438445521,0.5439900591885929,0.5742808280342695,0.11670754455837846,5.439900591885929,9.335546566254485e-05,0.00010399949542312607,0.26777640992189955,0.0009335546566254485,0.00017310764183162478,0.0002123453673185165,0.12243085531256251,0.0017310764183162478,0.0007026421825411689,0.0006785523922519573,0.0003055907239685867,0.007026421825411688,3.9907023269862405e-05,1.5357348380033127e-05,0.0015206618358106277,0.0003591632094287617,6.990658684187368e-05,2.7483022160415583e-05,0.0026819736031829175,0.0006291592815768632,0.7338263957331456,7.338263957331455,0.6341039537797225,11.572651319377595,0.8169475720142796,8.169475720142795,0.8670505411318118,8.670505411318118,31.13874195566327,33.0483863192468,31.096926806027984,33.00408513146499
124,SmallMLPDigits,MLP width sweep hidden=128 samples=128 lr=3e-03,1.0,0.003,Adam,2,10,0.026487166021580806,0.02808052149002353,0.9349044229945896,1.178442525832341,0.13816332031466402,9.349044229945896,0.003373826691133308,0.0018008023066103426,0.002467425410565091,0.03373826691133308,0.6873509743975275,0.8682739567202032,0.13924581042033196,6.873509743975275,9.42437018876609e-05,0.00012075092748403996,0.32353015620782993,0.0009424370188766091,0.00017580220551051116,0.00022769979063734386,0.1330875684710199,0.0017580220551051116,0.0016148866768908477,0.0013653636541035772,0.0007024717384721685,0.016148866768908476,3.164608290005733e-05,1.4958614242073949e-05,0.0011957821905965401,0.000284814746100516,0.00014241581295322623,0.00017221658333291533,0.005072929700434625,0.0012817423165790362,0.9349143807831954,9.349143807831954,0.9777132486887349,9.562255416269142,1.0485300960085302,10.485300960085302,1.0955494943929502,10.955494943929503,39.612995135584995,41.390898912641816,39.58634514369053,41.36152178380787
125,SmallMLPDigits,MLP width sweep hidden=128 samples=128 lr=3e-03,1.0,0.003,Muon,2,10,0.026487166021580806,0.026485296766260536,0.9570526584632078,1.1575133391863832,0.14111916271581645,9.570526584632077,0.0010214364662485486,0.001025218276084957,0.0007379413532169982,0.010214364662485487,0.6910602189440656,0.8352824601624123,0.141510335119775,6.910602189440656,8.507907412670325e-05,0.00011119731690853922,0.2737803169923671,0.0008507907412670325,0.0001555143686516659,0.00020440965579951825,0.11132221221929198,0.001555143686516659,0.0008391981539966675,0.0006847687340236817,0.00036475917929028583,0.008391981539966675,3.164608290005926e-05,1.4958614242080252e-05,0.0011957821905966132,0.00028481474610053334,5.572437861726259e-05,3.0284934677426568e-05,0.002109661727487699,0.0005015194075553633,0.9570541754443139,9.57054175444314,0.7590013130690064,12.60938761191973,1.0648058214186114,10.648058214186113,1.1014615555362426,11.014615555362425,40.233450175235056,41.61832801539316,40.20082105239365,41.58472652902204
126,SmallMLPDigits,MLP width sweep hidden=128 samples=128 lr=3e-03,1.0,0.003,Adam,3,10,0.026440950483944917,0.028530267479279288,0.8473371505323719,1.094327586919148,0.13685553993433397,8.473371505323719,0.004067722872640145,0.001882153296635844,0.002999905912700054,0.04067722872640145,0.6245316611741168,0.8065291130387194,0.13791285353356614,6.245316611741169,7.422116290460442e-05,9.326538767476907e-05,0.21543663378238337,0.0007422116290460442,8.892183907026853e-05,0.00012514269193336156,0.06292577607561727,0.0008892183907026853,0.0011620936286159899,0.0009560571617434316,0.0005056700515632069,0.0116209362861599,2.494034515727112e-05,1.6953814677656348e-05,0.0009449236728223046,0.0002244631064154401,0.00016980819925465298,0.00019348679336722533,0.005934966030195713,0.0015282737932918768,0.8473579942945575,8.473579942945575,0.44604657411494736,18.997074374484292,0.959917165058601,9.59917165058601,0.995423547964573,9.95423547964573,36.363763543618646,37.70915259372446,36.30418526903818,37.647041038445245
127,SmallMLPDigits,MLP width sweep hidden=128 samples=128 lr=3e-03,1.0,0.003,Muon,3,10,0.02644095048394491,0.0267170440276151,0.8446021631988649,1.0633925356492493,0.13120179568387527,8.44602163198865,0.0004764221576193606,0.0005328148956357651,0.0003466696834962056,0.004764221576193606,0.6162614027316576,0.7754171900609305,0.13220243394346948,6.162614027316576,7.655907952587221e-05,9.521466690129112e-05,0.2197170685497587,0.0007655907952587222,9.027504771978111e-05,0.0001252364688361454,0.062493445085858225,0.0009027504771978111,0.0007422508024153007,0.0006907600607815394,0.00032270488930199196,0.007422508024153007,2.4940345157269965e-05,1.6953814677655525e-05,0.000944923672822261,0.00022446310641542969,5.282185043997458e-05,3.4689394302159926e-05,0.001984203634757356,0.0004753966539597712,0.8446025935457546,8.446025935457547,0.07426571942983959,113.72711394032461,0.9387933619662346,9.387933619662347,0.9822418143341277,9.822418143341277,35.56822684526605,37.21377418028546,35.50528043748938,37.14850625095911
128,SmallMLPDigits,MLP width sweep hidden=128 samples=128 lr=3e-03,1.0,0.003,Adam,4,10,0.026430714477910087,0.02852439015408096,1.428485615891708,1.4970782721045135,0.21785432922367254,14.28485615891708,0.0035150763756651273,0.0036745916636428864,0.0025273818563016966,0.03515076375665127,1.0204678683092276,1.0719272573542318,0.21795725924855155,10.204678683092277,0.00020200475038280457,0.00023722362942801028,0.5854112147945586,0.0020200475038280458,0.00047102158415619636,0.0005639083422915754,0.3142339390684137,0.004710215841561964,0.001434764455809212,0.001209559932591634,0.0006245946791702126,0.01434764455809212,3.206310717283889e-05,1.952198298912744e-05,0.0012157246667910005,0.00028856796455555,7.517509446886276e-05,8.682377520609751e-05,0.00265838505041663,0.0006765758502197648,1.4284939497021794,14.284939497021794,2.6077302141553,5.477920767831037,1.5952456938505404,15.952456938505405,1.626495195049872,16.26495195049872,60.42579763118962,61.60774041984921,60.35575372674067,61.538071413439944
129,SmallMLPDigits,MLP width sweep hidden=128 samples=128 lr=3e-03,1.0,0.003,Muon,4,10,0.026430714477910053,0.02658841907007131,1.5729271408048322,1.6770784792768672,0.23546015991062977,15.729271408048323,0.0024579775508446256,0.000733294587578606,0.0017534914025864913,0.024579775508446255,1.1183437716385114,1.1903586141331732,0.23518244633590726,11.183437716385114,0.0001972009894034365,0.00023240639618055608,0.5841034730887438,0.001972009894034365,0.00045428633544072883,0.0005548996864142025,0.3041053029451658,0.0045428633544072885,0.0007150830301799527,0.0006373397723367523,0.00031087119007451407,0.007150830301799527,3.206310717284197e-05,1.9521982989124904e-05,0.0012157246667911176,0.00028856796455557776,5.787446513468097e-05,3.463036988761687e-05,0.00218489811102883,0.0005208701862121287,1.5729296032405058,15.729296032405058,2.3438566801897753,6.710860849704984,1.7500032440175892,17.500032440175893,1.7824968599920616,17.824968599920616,66.29607276730913,67.52646385278285,66.2109700242945,67.44035850721386
130,SmallMLPDigits,MLP width sweep hidden=128 samples=128 lr=1e-02,1.0,0.01,Adam,0,10,0.08502301170601884,0.08788576826248444,1.1414310087584856,1.2694852486670851,0.24753522038851244,11.414310087584855,0.007448824780629337,0.007460025076381958,0.005766040437490524,0.07448824780629337,0.8889484951591713,0.9996301014443049,0.24889136496726255,8.889484951591713,0.00018324609717528396,0.00019868214138804837,0.4951955664277545,0.0018324609717528396,0.0003368679738342931,0.0003493006328592212,0.2771785495301516,0.0033686797383429314,0.009971700284091467,0.011816602398794741,0.004385502292167989,0.09971700284091467,0.0008910377436592534,0.00035141382852934677,0.010577457544141768,0.00801933969293328,0.0013556203935044377,0.0006578794138122524,0.015627701210136277,0.012200583541539939,1.1414953210633738,11.414953210633739,0.4457730230339957,25.60709738095391,1.195033474540423,11.95033474540423,1.360118523803999,13.60118523803999,14.053599582473407,16.009332045276928,14.055412182674138,15.997063577409307
131,SmallMLPDigits,MLP width sweep hidden=128 samples=128 lr=1e-02,1.0,0.01,Muon,0,10,0.08502301170601886,0.08305303680127357,1.2508638601609998,1.4552670703127717,0.23967934925038495,12.508638601609999,0.0027585856553867137,0.0037559197779553953,0.002073628295375176,0.02758585655386714,0.9421980016051889,1.096336778759313,0.24142848295589997,9.421980016051888,0.00019538788483453536,0.00021214145795986168,0.43333269220009357,0.0019538788483453536,0.00035204035171778415,0.00037437248540915096,0.21855276170138732,0.0035204035171778414,0.002611823610651154,0.002209511933577702,0.0011386815935249084,0.02611823610651154,0.0008910377436592441,0.0003514138285293688,0.010577457544141662,0.008019339692933197,0.001322020259878709,0.0005019298949970469,0.01611568085078397,0.01189818233890838,1.2508710371090317,12.508710371090316,1.7213784446076499,7.266682355803171,1.2852005459516929,12.85200545951693,1.4415919055522632,14.415919055522632,15.152071227452117,16.993431548262823,15.115914152694172,16.955314527516453
132,SmallMLPDigits,MLP width sweep hidden=128 samples=128 lr=1e-02,1.0,0.01,Adam,1,10,0.08460059785400544,0.08778841957004012,0.8201453663000289,0.8887505067838534,0.14435284251619734,8.201453663000288,0.0034330800875817637,0.003307728321854185,0.002564073843840432,0.034330800875817635,0.6128594212257084,0.6678423394923828,0.1450401721445271,6.128594212257084,0.00012144634623489754,0.00013405113978544978,0.3440879136626044,0.0012144634623489753,0.00024444030503688704,0.00030131686850165545,0.17743061117290776,0.0024444030503688705,0.008579450894275763,0.0127365201256499,0.003780299440568002,0.08579450894275764,0.0009829390097871686,0.0002938636521205699,0.011695565594452192,0.008846451088084517,0.0014930782917071425,0.0007855035532777078,0.017207736027236173,0.013437704625364283,0.8201631120856542,8.201631120856542,1.7103555310004932,4.795278509175749,0.8479534221905454,8.479534221905453,0.9376937537282511,9.376937537282512,10.11924427376537,11.19631854124501,10.023019265819512,11.083772189724021
133,SmallMLPDigits,MLP width sweep hidden=128 samples=128 lr=1e-02,1.0,0.01,Muon,1,10,0.08460059785400548,0.08267539023900186,0.7560612101071982,0.7964578899485677,0.1197954785744352,7.560612101071982,0.006808075748043008,0.0037398453962695375,0.004930807968329927,0.06808075748043008,0.5493376267616845,0.5780738356608817,0.12090812205970505,5.493376267616846,0.00011233902104304812,0.00012380673692985895,0.28566266421707237,0.0011233902104304811,0.000217702936780208,0.0002680241990340003,0.1350371776511166,0.00217702936780208,0.0023772555491627045,0.0021727567166755324,0.0010372503611700823,0.023772555491627045,0.0009829390097871717,0.000293863652120547,0.011695565594452227,0.008846451088084545,0.001465714062276544,0.0004485714941731625,0.01790816196637967,0.013191426560488898,0.7560988035698955,7.560988035698955,0.8484006953281459,8.912048372113254,0.7905857793849449,7.905857793849449,0.8405034555430687,8.405034555430687,9.455481449983859,10.048994477872743,9.344919532947651,9.934958816644752
134,SmallMLPDigits,MLP width sweep hidden=128 samples=128 lr=1e-02,1.0,0.01,Adam,2,10,0.08537400145634058,0.08834895511383865,0.884022887622079,1.1276140302265936,0.14908786511803862,8.84022887622079,0.008843064092700836,0.010676450362063092,0.006563920900075776,0.08843064092700836,0.6728957117896085,0.8614418304687843,0.1503283015435052,6.728957117896085,0.00010868470396175921,0.0001327980677845036,0.4183294953775114,0.0010868470396175921,0.00021526048271936277,0.0002590918762436012,0.19441885199650433,0.0021526048271936276,0.006292340760456127,0.006081240728442551,0.0027555263962043596,0.06292340760456128,0.0009206361010548413,0.0002791645855313346,0.010840518836402567,0.008285724909493572,0.0014106906874212495,0.0008362701841745571,0.016099746022174552,0.012696216186791245,0.884379943856733,8.84379943856733,1.7107724602653613,5.1694773232411935,0.9785338412842632,9.785338412842632,1.0295511238021142,10.295511238021142,11.557163814530721,12.202891626094011,11.46173102574647,12.059305013700412
135,SmallMLPDigits,MLP width sweep hidden=128 samples=128 lr=1e-02,1.0,0.01,Muon,2,10,0.08537400145634057,0.08394939242885818,0.9197826276474215,1.1366250850951272,0.13829119913803792,9.197826276474215,0.0037520303923003206,0.003785835713737948,0.002688503134508812,0.037520303923003206,0.6612792189196407,0.8123096773254501,0.13884167351576931,6.612792189196407,9.416294063214306e-05,0.00011925527757062196,0.2812117469531469,0.0009416294063214305,0.0001807726203618296,0.0002313490497254281,0.12189920589227861,0.0018077262036182962,0.0021604270622051836,0.001383187565026085,0.000941726302951754,0.021604270622051835,0.0009206361010548522,0.0002791645855313227,0.010840518836402697,0.008285724909493669,0.0014226534919976762,0.0004983661056081738,0.01713821232353502,0.012803881427979086,0.9198260112810758,9.198260112810758,0.7597006049471259,12.107743567547828,0.9577133814224789,9.577133814224789,1.0117775326209386,10.117775326209387,11.278229947855246,11.913476973231278,11.217857486886615,11.851119958789232
136,SmallMLPDigits,MLP width sweep hidden=128 samples=128 lr=1e-02,1.0,0.01,Adam,3,10,0.08567817295173177,0.09126139160623573,0.8532285912374826,1.0461894876606894,0.1490638029259015,8.532285912374826,0.009284454894393824,0.004177249271922447,0.0069677808270554725,0.09284454894393823,0.6417002212025672,0.7902833635154504,0.1497757685785569,6.417002212025672,7.877860099765645e-05,9.356529684635024e-05,0.2400439179016253,0.0007877860099765646,0.00011501602765302864,0.00013695662725523832,0.08938865421470107,0.0011501602765302864,0.005252854654759753,0.004671236153445412,0.0023027447302502203,0.05252854654759753,0.0008667252142235959,0.00034241675997968645,0.0102157181083126,0.0078005269280123635,0.0014897043880704283,0.0009486909029517696,0.01683313049420543,0.013407339492633855,0.8533372270294292,8.533372270294292,1.6362187035498266,5.215300529067954,0.9134951857589826,9.134951857589826,0.9818210642568864,9.818210642568864,10.7150474631106,11.531521367567468,10.661935873371334,11.4594071095565
137,SmallMLPDigits,MLP width sweep hidden=128 samples=128 lr=1e-02,1.0,0.01,Muon,3,10,0.08567817295173179,0.08517636152608468,0.7874402975514037,1.0175260890044022,0.12150326467003687,7.874402975514037,0.0026010076656661774,0.0022694929744519715,0.0018807350856346002,0.026010076656661774,0.5723933327881625,0.7360063550528378,0.1228890667809703,5.723933327881626,8.589513403761245e-05,0.00010218051021017022,0.22707827698668331,0.0008589513403761245,0.00011387427171606534,0.00014982321127504059,0.07236459116103071,0.0011387427171606534,0.002027621249800227,0.001330110006255208,0.0008839303593552367,0.020276212498002266,0.0008667252142236052,0.00034241675997969106,0.01021571810831271,0.007800526928012447,0.0014129776638215044,0.0005939314991696329,0.016874467498960304,0.01271679897439354,0.7874622835622418,7.874622835622418,0.40928770676222864,19.23982251486751,0.8155481119993281,8.155481119993281,0.8757793944942645,8.757793944942645,9.609131097407296,10.319049132448118,9.51873836594042,10.221732844229175
138,SmallMLPDigits,MLP width sweep hidden=128 samples=128 lr=1e-02,1.0,0.01,Adam,4,10,0.0857248889346875,0.0907768240379109,1.309263822529638,1.3972677804053952,0.2137418531134822,13.09263822529638,0.008206724035222624,0.006171430997813757,0.0060497855125437715,0.08206724035222623,0.9700336286471387,1.0368561422139586,0.21615741419132953,9.700336286471387,0.00019343426490374326,0.00022469207436059542,0.6141901132612382,0.0019343426490374327,0.000439850105182496,0.0005200564196814494,0.33446807072707657,0.00439850105182496,0.008160469705720264,0.007851732003421727,0.003589943295130468,0.08160469705720264,0.0009384773309945998,0.0004033448180549607,0.01109403937178848,0.008446295978951399,0.0014650352018242953,0.0009131630764332059,0.016495633858944102,0.013185316816418657,1.309303547760225,13.093035477602252,3.093276398566892,4.232740237396253,1.3585406071831352,13.585406071831352,1.4841812705915474,14.841812705915473,15.913233299805054,17.39692762110235,15.847679991958776,17.31330642752215
139,SmallMLPDigits,MLP width sweep hidden=128 samples=128 lr=1e-02,1.0,0.01,Muon,4,10,0.08572488893468752,0.08472220271543163,1.424299290841549,1.498113560783584,0.2172776584872505,14.242992908415491,0.005830164711987518,0.0026985439578228383,0.004116638295784474,0.05830164711987518,1.0029321792709447,1.0533975579435717,0.217068480136986,10.029321792709448,0.0002088239434108258,0.0002450847909965802,0.5605413049582098,0.002088239434108258,0.0004857020283396588,0.0005865811347922675,0.2997035734556082,0.004857020283396588,0.002643587861030028,0.0016743156358651262,0.0011536771406291048,0.02643587861030028,0.0009384773309946107,0.00040334481805494624,0.011094039371788605,0.008446295978951496,0.0014662529277103958,0.0006081194061352794,0.017636014773993607,0.013196276349393563,1.4243149593484337,14.243149593484336,2.3666936819016824,6.018163525936192,1.4665450851954671,14.665450851954672,1.5345170643449637,15.345170643449638,17.195238808027664,17.989947896656766,17.107576380913194,17.900484718202303
140,SmallMLPDigits,MLP width sweep hidden=128 samples=128 lr=3e-02,1.0,0.03,Adam,0,10,0.20826331162016912,0.20636853917620107,0.8323153772413117,0.9058368262144345,0.19469584936479517,8.323153772413116,0.013972816344824923,0.019726358300266117,0.010917993799713227,0.13972816344824923,0.667620472052769,0.7226168659938687,0.19917903153176902,6.67620472052769,0.0001514889135607936,0.00018020576843370579,0.4613532059723786,0.001514889135607936,0.00032879620162335117,0.0003738561156467744,0.3191019436021198,0.0032879620162335117,0.05809414274858238,0.07610509080699972,0.02724590472973092,0.5809414274858238,0.011402617218546192,0.001953238426367855,0.05334046303100139,0.10262355496691572,0.013112749400527547,0.0036233559353689086,0.05991153951185497,0.11801474460474792,0.8325891202094778,8.325891202094779,1.1070909327477,7.520512503368324,0.8804088743817428,8.804088743817427,1.0174718960943605,10.174718960943604,4.2933202057638296,4.980713155946733,4.227383438459067,4.885507140835381
141,SmallMLPDigits,MLP width sweep hidden=128 samples=128 lr=3e-02,1.0,0.03,Muon,0,10,0.2082633116201693,0.19445530759203683,1.137144671447483,1.3798159305740654,0.21445829058702373,11.371446714474832,0.010104447577712361,0.015527765221321215,0.00744992272894471,0.10104447577712361,0.858128334333587,1.042424340269338,0.22041330011160584,8.58128334333587,0.00020955236576614508,0.0002304770612037541,0.4133318898185278,0.0020955236576614506,0.00039105666117049724,0.0004232326101179222,0.21247090842340607,0.003910566611704972,0.010684563904947231,0.008755551248032905,0.004730814796985778,0.10684563904947231,0.011402617218546192,0.001953238426367757,0.05334046303100138,0.10262355496691572,0.013077663114455752,0.003602548431445513,0.0640033180302712,0.11769896803010177,1.1372338669876327,11.372338669876328,1.7898173867447247,6.353910043616268,1.1447663785821276,11.447663785821277,1.3078110992343541,13.078110992343541,5.428030451688566,6.18936699660358,5.496726090046781,6.279603877708141
142,SmallMLPDigits,MLP width sweep hidden=128 samples=128 lr=3e-02,1.0,0.03,Adam,1,10,0.2095257695788101,0.20833108946594037,0.7215448979086692,0.773913454869268,0.13233742794210096,7.215448979086691,0.012891786607008538,0.016105184491690655,0.009681157717405207,0.12891786607008537,0.5378624053576232,0.5826926062687843,0.13197585541317206,5.378624053576232,0.0001037431893728744,0.00010908529004370916,0.33368959971546247,0.001037431893728744,0.00022006328901234162,0.0002389138419537949,0.18258320474706638,0.002200632890123416,0.05737759594418144,0.0912881161447804,0.027410607024003025,0.5737759594418144,0.011413549086083857,0.0014319517116435896,0.05325732039713513,0.10272194177475472,0.012929560226256699,0.0036206546128839117,0.058843265240113775,0.11636604203631029,0.7236483717911529,7.236483717911529,1.9444500183620341,3.7216095294685942,0.7816171267470133,7.816171267470134,0.8197170463248448,8.197170463248447,3.69157061791787,3.8703964534661415,3.7304104803825537,3.9122493045731064
143,SmallMLPDigits,MLP width sweep hidden=128 samples=128 lr=3e-02,1.0,0.03,Muon,1,10,0.20952576957881,0.1950232519333316,0.8035509514066469,0.8535032087853411,0.13010892516392913,8.035509514066469,0.012743665854432651,0.011355678001682934,0.009082099480943295,0.1274366585443265,0.5850497529129692,0.6115176076634521,0.13480213908942246,5.850497529129692,0.00014542467519100617,0.00015653376567471215,0.31530992874506947,0.0014542467519100617,0.0003049829137525511,0.0003655335809260639,0.16585468601146622,0.003049829137525511,0.011368230687317515,0.01055932833781708,0.005040884287079095,0.11368230687317515,0.01141354908608383,0.0014319517116436421,0.053257320397135016,0.10272194177475447,0.01324449859795994,0.0030003252339857985,0.06468765998313669,0.11920048738163946,0.8038300180887461,8.038300180887461,0.8946890246032935,8.984462712562788,0.8424811071079417,8.424811071079416,0.8916318572071068,8.916318572071068,4.1783193024987835,4.436796957445801,4.020894941951544,4.255475872965271
144,SmallMLPDigits,MLP width sweep hidden=128 samples=128 lr=3e-02,1.0,0.03,Adam,2,10,0.210835555090641,0.20869050836494552,0.7768765713127636,0.9128115733629617,0.15163407030290205,7.768765713127635,0.02146044740902122,0.029853764462005477,0.01608678451728771,0.21460447409021222,0.5675285847302634,0.6911098525227389,0.14563643930758188,5.675285847302634,0.00010697663721675568,0.00013221510619296976,0.39769036427342075,0.0010697663721675567,0.00023708671074536324,0.0002662603766458527,0.22809742361443783,0.0023708671074536324,0.0409283243101761,0.053340610483287754,0.018857003383238567,0.409283243101761,0.011597748076684948,0.0016127650418582377,0.053851255938626726,0.10437973269016454,0.013411644870067645,0.0035584274388535454,0.06080229887120598,0.1207048038306088,0.7781310812133285,7.7813108121332855,1.3508255570919598,5.760411306464169,0.9128200965172073,9.128200965172073,0.8649291167146963,8.649291167146963,4.390602859124329,4.2753037882984515,4.329535860897721,4.102387362239978
145,SmallMLPDigits,MLP width sweep hidden=128 samples=128 lr=3e-02,1.0,0.03,Muon,2,10,0.21083555509064097,0.19681890287743165,0.8457563389329688,1.0320548652561954,0.1297724852739356,8.457563389329687,0.005764139740067109,0.005953927278533038,0.004103172460030411,0.05764139740067109,0.6000937998769417,0.7275305395331517,0.1299192692109223,6.000937998769417,0.0001057566963152044,0.0001301419323578609,0.2731457398076884,0.001057566963152044,0.00021606851130437886,0.0002700833986501533,0.12888628358499818,0.0021606851130437886,0.010162869070911329,0.00753707199473378,0.004497645317434213,0.10162869070911329,0.011597748076684952,0.0016127650418582592,0.05385125593862672,0.10437973269016457,0.01353550468274718,0.0035090436529300315,0.06559820673959355,0.12181954214472462,0.8458149144960092,8.458149144960093,0.6211221624540593,13.617529137169843,0.8489987855057988,8.489987855057988,0.9145593970746315,9.145593970746315,4.173087048200915,4.498086321228208,4.02682927526528,4.337785420876713
146,SmallMLPDigits,MLP width sweep hidden=128 samples=128 lr=3e-02,1.0,0.03,Adam,3,10,0.2125080744203658,0.21457732055496015,0.7290210259249447,0.8794698215053144,0.13292598593654723,7.290210259249447,0.013136368084489081,0.021711228909189226,0.009864806330129391,0.1313636808448908,0.5528260300277659,0.6796728028694119,0.13374304686769348,5.528260300277659,7.872400924393273e-05,9.37756285463522e-05,0.26805153776380664,0.0007872400924393273,0.0001560590544156265,0.0001875439643727153,0.13916985053518305,0.001560590544156265,0.037421501655144705,0.03296631292728374,0.01729793189598853,0.37421501655144707,0.011387466181261867,0.001486584875490166,0.05287231028530569,0.1024871956313568,0.014037578832947675,0.00282169424308554,0.06353801200611815,0.12633820949652907,0.7296578992528416,7.296578992528416,2.6310850535322743,2.773220494233982,0.8093218776717643,8.093218776717643,0.8425220204125342,8.425220204125342,3.7050354813566555,3.9012256753414447,3.8084288320773694,3.9646588616013116
147,SmallMLPDigits,MLP width sweep hidden=128 samples=128 lr=3e-02,1.0,0.03,Muon,3,10,0.21250807442036565,0.20013487068855929,0.7857771212371606,0.938041179424853,0.12237272713547691,7.857771212371606,0.008037020589205923,0.011249726408181199,0.005746054088464551,0.08037020589205923,0.5706128677091271,0.6725503004456217,0.12567580275128296,5.706128677091272,9.394375411369699e-05,0.0001074336422658068,0.21368225600054486,0.0009394375411369699,0.00015352993032160584,0.00018384641202753228,0.0876710099134925,0.0015352993032160583,0.009945082359495584,0.0054955514865063,0.004402657598122675,0.09945082359495583,0.01138746618126188,0.0014865848754902022,0.05287231028530576,0.10248719563135691,0.013631117940653966,0.0032416509581787573,0.06558699661638556,0.1226800614658857,0.7859225565351097,7.859225565351097,0.7769681488069804,10.115248067013797,0.8068093260298955,8.068093260298955,0.8696296485017863,8.696296485017863,3.8912264388166533,4.1972500050463655,3.7966055088990784,4.0922193233070185
148,SmallMLPDigits,MLP width sweep hidden=128 samples=128 lr=3e-02,1.0,0.03,Adam,4,10,0.21335653805251492,0.21450784380598215,1.199249027010665,1.313788762947618,0.21110255524204513,11.99249027010665,0.013479559015281573,0.019232563788967615,0.0100260834560713,0.13479559015281573,0.8998571178424246,0.9736371102757176,0.21115052649456073,8.998571178424246,0.00016432621389739192,0.000185398148824259,0.6158725471140356,0.0016432621389739191,0.0003631139346765942,0.0004125328671679728,0.3501313186233051,0.0036311393467659417,0.059959187548835134,0.06638715621586504,0.028509708469341016,0.5995918754883514,0.011551309797295958,0.00176875102349879,0.05379560925309304,0.10396178817566362,0.01352461560983446,0.002735879589490643,0.06129896036065,0.12172154048851014,1.1995389194984347,11.995389194984348,2.974522040816794,4.032711484528269,1.2389167378956438,12.389167378956438,1.3714069089133178,13.714069089133178,5.726429043576117,6.381656052812,5.80679059195599,6.427770723275253
149,SmallMLPDigits,MLP width sweep hidden=128 samples=128 lr=3e-02,1.0,0.03,Muon,4,10,0.2133565380525152,0.20005175777776757,1.3034579246053253,1.428044019698974,0.19926320828219,13.034579246053253,0.008332721865790992,0.009445808696452054,0.005857377577285894,0.08332721865790993,0.9197501971998548,1.006942143180026,0.20170507412744848,9.197501971998548,0.00022587381000342238,0.00025962199135185957,0.5431951942307974,0.0022587381000342237,0.0005303893541580965,0.0006204457490046724,0.29799487259581403,0.0053038935415809655,0.012978375928188023,0.009272383788199424,0.005776085421246041,0.12978375928188024,0.011551309797295949,0.0017687510234989786,0.053795609253093006,0.10396178817566354,0.013660008193935314,0.0034370326413305954,0.066125264632489,0.12294007374541782,1.3035315564811214,13.035315564811214,2.2578172022874274,5.77341493882009,1.3051167290658336,13.051167290658336,1.4017245070401774,14.017245070401774,6.185441721005134,6.646287300780185,6.117069300892924,6.569869008163037
150,SmallMLPDigits,MLP width sweep hidden=8 samples=1024 lr=3e-03,1.0,0.003,Adam,0,10,0.04923260257225266,0.05096521521464577,0.15901783509344272,0.20696058728446254,0.04137952324952964,1.5901783509344272,0.021427677548736156,0.024750325515659557,0.014915579340898669,0.21427677548736157,0.11593070749964567,0.1469760103134921,0.04213543727223608,1.1593070749964567,9.8652320365418e-06,1.2573176449990667e-05,0.2891138813463461,9.8652320365418e-05,2.4632403456368358e-05,3.057263567755177e-05,0.25764699176770717,0.0002463240345636836,0.00013213385529944332,0.00010191302399674007,5.739761480413408e-05,0.0013213385529944333,0.0004705212587667133,0.00019619201584295058,0.00964887642624348,0.0042346913289004195,0.0004956256076837947,0.00047856990904688565,0.009797735666964206,0.004460630469154153,0.16254231430275165,1.6254231430275166,0.28534217919682187,5.69639983686513,0.4804609621556787,4.804609621556787,0.2996012963843874,2.9960129638438744,9.71641251667349,6.098156083622154,9.758999871082683,6.0854247131197114
151,SmallMLPDigits,MLP width sweep hidden=8 samples=1024 lr=3e-03,1.0,0.003,Muon,0,10,0.04923260257225266,0.0608522736885774,0.174840144784764,0.21382443972722798,0.043142426178447685,1.7484014478476402,0.008914473880089969,0.008061886408380452,0.005997580672579796,0.08914473880089968,0.11253838854579942,0.14197442744170816,0.04121703146890241,1.1253838854579943,1.1433525072515292e-05,1.4112992680356792e-05,0.2500094758685295,0.00011433525072515292,2.7073479938496e-05,3.4008478161996696e-05,0.21653902326191848,0.00027073479938496,0.00013075650615350652,8.331767608201691e-05,5.6800531655649814e-05,0.0013075650615350654,0.00047052125876671173,0.00019619201584294884,0.009648876426243451,0.004234691328900406,0.0011946902127615041,0.00036465293239989577,0.01983538181734218,0.010752211914853538,0.1756482285649999,1.756482285649999,0.4259986772830182,4.12321065608158,0.3953489552854201,3.953489552854201,0.29083448060070227,2.9083448060070225,8.049830163983788,5.931600068612908,8.03022661061265,5.907355398770156
152,SmallMLPDigits,MLP width sweep hidden=8 samples=1024 lr=3e-03,1.0,0.003,Adam,1,10,0.046513346324827606,0.04777790734330755,0.18666676298210438,0.2542354201600657,0.0440882846958133,1.8666676298210438,0.0031136229443048612,0.003705671129443701,0.00235628653368129,0.031136229443048613,0.13115102782667645,0.17813893708392353,0.04099832493952039,1.3115102782667645,3.1389285699717627e-06,3.5351007699785106e-06,0.17864376622055306,3.138928569971763e-05,1.081758236964506e-05,1.2277457245662163e-05,0.18937330988313833,0.00010817582369645059,0.00017414445453249882,0.0001808339182127497,7.56421190112298e-05,0.0017414445453249883,0.000325097117220435,0.00022164790774692654,0.007054555072884266,0.002925874054983915,0.00041565376899246117,0.00034618553204092146,0.008657307083777065,0.0037408839209321504,0.1868272870270163,1.868272870270163,0.043857142543097,42.59905597894964,0.3984641136296241,3.984641136296241,0.33893537619562275,3.3893537619562277,8.54186971795313,7.268866065674549,8.566661939283744,7.286841368682776
153,SmallMLPDigits,MLP width sweep hidden=8 samples=1024 lr=3e-03,1.0,0.003,Muon,1,10,0.04651334632482759,0.0598714294044813,0.1445586569388717,0.19285574822084617,0.03446855648463,1.445586569388717,0.0036480356149176884,0.004333204893241128,0.0027786538360406346,0.036480356149176885,0.10766249933483932,0.13699723069442488,0.03372653530162925,1.0766249933483931,3.1371747998992474e-06,3.434793421633377e-06,0.18961430480492886,3.137174799899247e-05,1.0816076854486113e-05,1.2236433026507268e-05,0.1957777481277779,0.00010816076854486113,0.00016274835676193254,0.00017239791363105945,7.0691021920069e-05,0.0016274835676193256,0.0003250971172204366,0.00022164790774692586,0.007054555072884296,0.002925874054983929,0.0010933694308739598,0.0006853761581957695,0.018521332103990148,0.009840324877865639,0.1446864565588541,1.446864565588541,0.1252526317160879,11.551570180722205,0.312585745573922,3.12585745573922,0.27823365412308637,2.7823365412308636,6.740639351095903,5.996716760956963,6.720345240072998,5.981802560065918
154,SmallMLPDigits,MLP width sweep hidden=8 samples=1024 lr=3e-03,1.0,0.003,Adam,2,10,0.04783595174684066,0.05296247560336245,0.23768314819922506,0.2931344399354578,0.060865694292913795,2.3768314819922507,0.041267198100578814,0.0588106461902017,0.026677452522457908,0.41267198100578817,0.18543753130316923,0.22067068881321011,0.06835538007936674,1.8543753130316922,6.292595987167856e-06,9.868786570326744e-06,0.15271167933238788,6.292595987167856e-05,1.942166211680116e-05,2.6422396288543016e-05,0.18104220706020924,0.0001942166211680116,0.0001313919552472509,0.0001025211475871844,5.7073534258472356e-05,0.001313919552472509,0.00038997695574747595,0.0002444142363329228,0.008256792058992293,0.0035097926017272837,0.0011484134850408463,0.0011353333942709474,0.021717319108531207,0.010335721365367617,0.2465175372009253,2.465175372009253,1.2825054192893386,1.9221559105576764,0.8151485842298506,8.151485842298506,0.47922872183730736,4.792287218373073,17.092891384393592,10.135509021040644,17.040501013627,10.018170525246383
155,SmallMLPDigits,MLP width sweep hidden=8 samples=1024 lr=3e-03,1.0,0.003,Muon,2,10,0.04783595174684066,0.06534020051743722,0.22386024384428554,0.23718295192727037,0.05689873649141476,2.2386024384428556,0.028642952881709528,0.03364780197902947,0.018365055021266334,0.28642952881709527,0.15355150678488988,0.16535217838526714,0.059830473636070636,1.5355150678488987,6.0423120503294925e-06,7.188741040205452e-06,0.11187707161240464,6.0423120503294925e-05,1.784709622519557e-05,2.232632479818118e-05,0.13505544329554856,0.0001784709622519557,0.00014061995743945842,7.816248172443843e-05,6.108449351990898e-05,0.0014061995743945843,0.0003899769557474729,0.00024441423633292494,0.00825679205899223,0.003509792601727256,0.0014365829879798763,0.0009466322516554362,0.0226258853250474,0.012929246891818888,0.22785935999431683,2.2785935999431683,1.1504281504965446,1.9806483342394638,0.6480273170610675,6.480273170610675,0.39682523713287676,3.9682523713287674,13.64976036551615,8.408935027795922,13.546867855594964,8.2955438878476
156,SmallMLPDigits,MLP width sweep hidden=8 samples=1024 lr=3e-03,1.0,0.003,Adam,3,10,0.04582376476473748,0.048602023076986585,0.19880140566007673,0.24137382581369735,0.05575700587379667,1.9880140566007674,0.015236408424692894,0.013779247737154986,0.010870654064718894,0.15236408424692893,0.1459382270529896,0.18277324040372503,0.058627951458837216,1.459382270529896,1.0682753197668162e-05,1.24269325127274e-05,0.3362876803704376,0.00010682753197668162,1.991296702698595e-05,2.3238191471675226e-05,0.2710057042796123,0.0001991296702698595,0.00012316865402510756,9.688357820029708e-05,5.350336434990482e-05,0.0012316865402510757,0.00035612782753999804,0.0002576229292047292,0.007877137521834799,0.003205150447859982,0.0006289778295010455,0.0004857141561738825,0.013228351904203526,0.005660800465509409,0.20212248443354747,2.0212248443354746,1.6074806344672676,1.257386746065109,0.5130959313086819,5.130959313086819,0.3771501352844622,3.7715013528446217,11.180371540819,8.20549867172306,11.197157936344897,8.230448484989791
157,SmallMLPDigits,MLP width sweep hidden=8 samples=1024 lr=3e-03,1.0,0.003,Muon,3,10,0.04582376476473747,0.06083497932626353,0.28420700889271977,0.33772981021665666,0.07621561908961684,2.8420700889271977,0.009946804526081343,0.010579849019362517,0.006982875184449689,0.09946804526081343,0.2057598761943929,0.24228912328304889,0.07862643949670482,2.057598761943929,1.0897463956383272e-05,1.2524501826455767e-05,0.34925628353477245,0.00010897463956383272,2.403435900367177e-05,2.7621102679030966e-05,0.30082840583632786,0.00024034359003671769,0.0001186099497643589,9.122303691473703e-05,5.1522637863726545e-05,0.001186099497643589,0.0003561278275399972,0.0002576229292047276,0.007877137521834783,0.003205150447859975,0.0013219783569915443,0.0007789199554775493,0.022233647842015394,0.011897805212923898,0.2845180252952296,2.8451802529522965,0.330437295523421,8.610348442797473,0.6188388506571861,6.188388506571862,0.5317480327800083,5.317480327800083,13.496030464594153,11.605254017227296,13.50475793148707,11.604197854760324
158,SmallMLPDigits,MLP width sweep hidden=8 samples=1024 lr=3e-03,1.0,0.003,Adam,4,10,0.04632570186837749,0.047321908134327254,0.3517097917748281,0.41978368125025634,0.07992819461643823,3.5170979177482806,0.010279495324156462,0.011160892432007909,0.00750363128327306,0.10279495324156462,0.2552063991857147,0.3036947522782638,0.079521727503994,2.552063991857147,4.448767593783635e-06,5.40260879849609e-06,0.18452905407121148,4.448767593783635e-05,1.1599410515906552e-05,1.4375999736817516e-05,0.13516067039467286,0.00011599410515906552,0.00014618763819429503,9.772776036445453e-05,6.350701808290811e-05,0.0014618763819429503,0.0005672099655628757,0.0001992331880584942,0.01237968752726366,0.005104889690065881,0.0008506511906191741,0.0004202951188508862,0.01792955555757555,0.007655860715572567,0.35219319802612264,3.5219319802612263,0.16957503607345184,20.769165449186122,0.761628285143513,7.61628285143513,0.6595333513501183,6.595333513501183,16.72345996986304,14.48412459020685,16.440728460142555,14.236877688847798
159,SmallMLPDigits,MLP width sweep hidden=8 samples=1024 lr=3e-03,1.0,0.003,Muon,4,10,0.0463257018683775,0.06001719706577742,0.26125194956660813,0.31418177140565723,0.059064742583736805,2.6125194956660813,0.010968288478981991,0.011350249654408132,0.007832413641706597,0.10968288478981991,0.18753624021171755,0.22168018525159225,0.060831328742925225,1.8753624021171755,7.338921833745826e-06,8.085178953374991e-06,0.24093446222834541,7.338921833745826e-05,1.6526272303988617e-05,1.934192244698582e-05,0.16521904960112027,0.00016526272303988616,0.00017057627511283258,9.744593940532386e-05,7.410669409416354e-05,0.0017057627511283258,0.0005672099655628757,0.00019923318805849,0.012379687527263657,0.005104889690065881,0.00165448280654566,0.00042693685272548104,0.027901645358423124,0.01489034525891094,0.26211530340249223,2.621153034024922,0.5582735098215164,4.69510551353748,0.5967890215948264,5.967890215948263,0.48465244367335725,4.8465244367335725,13.006041850313219,10.572381392662212,12.882460438277828,10.46184783234093
160,SmallMLPDigits,MLP width sweep hidden=8 samples=1024 lr=1e-02,1.0,0.01,Adam,0,10,0.13869614341008235,0.13727032033864547,0.19087972147201643,0.21684677547893771,0.052363719127996734,1.9087972147201642,0.03306470369300059,0.055424622414256414,0.02317478359286602,0.33064703693000586,0.11284089232191397,0.13182610429308889,0.04262797471953741,1.1284089232191397,6.1760907759082736e-06,8.93153217989825e-06,0.23298300010688897,6.176090775908274e-05,1.6488926838907057e-05,2.2437120166822943e-05,0.22679374899806942,0.00016488926838907058,0.0008655316634356592,0.000648912184922686,0.0003764919794125304,0.008655316634356591,0.007392375088788975,0.0018916929468597546,0.05402574599433865,0.06653137579910078,0.0077778680595333455,0.0023983617824453406,0.05633544862102914,0.07000081253580011,0.19752657514371946,1.9752657514371945,0.515296117093811,3.8332634109051367,0.5947520580455907,5.947520580455907,0.22134825461342703,2.21348254613427,4.018828540954825,1.7094700368138658,4.288165794827399,1.5959222020973396
161,SmallMLPDigits,MLP width sweep hidden=8 samples=1024 lr=1e-02,1.0,0.01,Muon,0,10,0.1386961434100824,0.15276653828207082,0.2736206613361659,0.34618549749540234,0.06335220899673796,2.7362066133616594,0.02517052646757434,0.03487204479482958,0.01714550496855732,0.2517052646757434,0.16143551719939903,0.20738147704341506,0.053248505892374856,1.6143551719939904,1.104560454033025e-05,1.3323424556319514e-05,0.2568856988585103,0.0001104560454033025,3.2595091736598267e-05,3.606063049198668e-05,0.25449348990644327,0.0003259509173659827,0.0009317228786924758,0.0005530673168871276,0.00040535062411637166,0.009317228786924758,0.007392375088788977,0.0018916929468597537,0.05402574599433865,0.06653137579910079,0.012475426661074632,0.0029565801929419926,0.07765376331611867,0.1122788399496717,0.2758814407562169,2.758814407562169,1.3636106552056697,2.0231687080401,0.5751308768480522,5.751308768480522,0.3166712813893917,3.166712813893917,3.9964372895438296,2.3893950372764965,4.1466969643673846,2.283201779108528
162,SmallMLPDigits,MLP width sweep hidden=8 samples=1024 lr=1e-02,1.0,0.01,Adam,1,10,0.1360042729575061,0.13568158121558216,0.21296662358637897,0.28076600204710545,0.05104737146228746,2.1296662358637897,0.013023352241467712,0.01844385389217216,0.009764356124558834,0.13023352241467712,0.16836579137281568,0.22008155186940098,0.05358625832678591,1.6836579137281569,4.601864832791432e-06,4.740232647032814e-06,0.21222024926110628,4.601864832791432e-05,1.333499079577744e-05,1.484592832477085e-05,0.19251263979324176,0.0001333499079577744,0.0008978720653947559,0.0006038369458986978,0.0003905482925910645,0.008978720653947558,0.006230946273320968,0.002683109959690588,0.04747532574901684,0.056078516459888705,0.006982265570478115,0.004007466166692678,0.05220302016776236,0.06284039013430304,0.21389111662669186,2.1389111662669187,0.5211393334832256,4.104298080842838,0.37887443823874994,3.7887443823874993,0.33026568019919605,3.3026568019919607,2.7019990064226738,2.397920523786185,2.7857539325777467,2.428347823324536
163,SmallMLPDigits,MLP width sweep hidden=8 samples=1024 lr=1e-02,1.0,0.01,Muon,1,10,0.13600427295750614,0.15540934265440004,0.2449533967142689,0.28488981756178183,0.057354010137985176,2.4495339671426892,0.01095256535827065,0.010760848844403507,0.00820641228780378,0.1095256535827065,0.17699911435924104,0.21652112283118663,0.0554461354441549,1.7699911435924105,4.443518445989338e-06,4.664517528431897e-06,0.19063688592044148,4.4435184459893375e-05,1.7821830103935105e-05,1.9753379802207173e-05,0.2106339150932599,0.00017821830103935103,0.0008439329797216288,0.0004939315953878055,0.00036705691396901293,0.008439329797216288,0.0062309462733209685,0.002683109959690588,0.047475325749016854,0.05607851645988872,0.011974864596936998,0.005643346616259215,0.07520388593259453,0.10777378137243299,0.2457457058467521,2.457457058467521,1.2342920466333895,1.9909850875004762,0.3817506701372257,3.817506701372257,0.34720077292345064,3.472007729234506,2.84762106746484,2.5336257059385274,2.806902032089108,2.552866651711243
164,SmallMLPDigits,MLP width sweep hidden=8 samples=1024 lr=1e-02,1.0,0.01,Adam,2,10,0.13610594949488486,0.14016387273448744,0.2945044445697874,0.36772660777413446,0.08030012368265246,2.9450444456978744,0.0352697532067465,0.05714247962972885,0.024328491111906055,0.352697532067465,0.2210271730301529,0.2402484179426802,0.08093771344629237,2.210271730301529,7.0168815512684326e-06,9.333465839369351e-06,0.25913267111377525,7.016881551268433e-05,1.9857317303414215e-05,2.4938325838138908e-05,0.29568475626126517,0.00019857317303414215,0.0007269954539311563,0.0005909288352451043,0.00031613306814599586,0.007269954539311563,0.006924881725600938,0.002301549017257155,0.05236343299254587,0.062323935530408436,0.008239976034006578,0.003519363262366435,0.05979373137647248,0.07415978430605921,0.3102424731130757,3.102424731130757,0.9500148254219102,3.265659280372748,0.7710044755824288,7.710044755824288,0.4335660412254926,4.335660412254926,5.366825583676273,3.272504814761514,5.664737496367892,3.1855039609549682
165,SmallMLPDigits,MLP width sweep hidden=8 samples=1024 lr=1e-02,1.0,0.01,Muon,2,10,0.13610594949488486,0.1564037621169047,0.2287679629571918,0.2164585815176063,0.05202049830657864,2.287679629571918,0.02972431137887075,0.042688603100110634,0.020062861132709976,0.2972431137887075,0.17912210955338148,0.12574418732502116,0.05984659476596678,1.7912210955338148,4.9580487709286305e-06,6.343062266362054e-06,0.11039366894930538,4.95804877092863e-05,2.260804391740097e-05,2.891914887814378e-05,0.18098697975806805,0.00022608043917400972,0.0009236542251247482,0.0004780121695079972,0.00040183849796183074,0.009236542251247482,0.006924881725600938,0.002301549017257175,0.05236343299254588,0.062323935530408436,0.013840083109536803,0.005448646407387032,0.08426816959233041,0.12456074798583122,0.2396467588950321,2.396467588950321,1.8490455574643536,1.2960565407791584,0.6256204221908301,6.256204221908302,0.35136523202250747,3.5136523202250745,4.4031581469785115,2.6383529478165872,4.59656925000433,2.581556745509589
166,SmallMLPDigits,MLP width sweep hidden=8 samples=1024 lr=1e-02,1.0,0.01,Adam,3,10,0.13114294107744673,0.13257940047978567,0.2556081729484537,0.3462570480912098,0.07535759889375068,2.556081729484537,0.018643840855181427,0.02527354382244595,0.01358969168708632,0.18643840855181426,0.18367214584615246,0.24119215304592187,0.07583833325308954,1.8367214584615246,1.004213653180508e-05,1.2326579368070338e-05,0.3546292138075947,0.00010042136531805081,1.8041215050477374e-05,2.214593529879664e-05,0.27754070796759406,0.00018041215050477373,0.0008331037550460163,0.0007345067206489006,0.0003623510001661934,0.008331037550460163,0.00621208202938753,0.0023462887567579525,0.04850451373490832,0.055908738264487765,0.0075939396592706165,0.0036345337457691167,0.0576065519648083,0.06834545693343555,0.2579086645820704,2.5790866458207042,1.6326396469478606,1.579703549795682,0.5019026309546082,5.019026309546081,0.3602905654819363,3.6029056548193625,3.5880297128500365,2.6285525270265593,3.8271417952889175,2.7473119217996333
167,SmallMLPDigits,MLP width sweep hidden=8 samples=1024 lr=1e-02,1.0,0.01,Muon,3,10,0.13114294107744673,0.14844651243623266,0.3006181363149275,0.40156252616364446,0.07420564840319459,3.006181363149275,0.014451368014104737,0.01900668263244694,0.010211463553733471,0.14451368014104737,0.22107483761397528,0.29378778980587417,0.07800403938446702,2.210748376139753,1.0399988379832483e-05,1.2582788596677198e-05,0.3043926838393238,0.00010399988379832483,2.5757824275623472e-05,3.039462659534516e-05,0.25723843653742173,0.0002575782427562347,0.0008352738801726378,0.0005748316919362013,0.0003633163651598156,0.008352738801726378,0.006212082029387526,0.002346288756757957,0.048504513734908314,0.05590873826448774,0.012492030065516722,0.005356745226220444,0.07911288106217626,0.11242827058965049,0.30202126791490824,3.0202126791490826,0.4453788078095326,6.781222245403029,0.49450187001946533,4.9450187001946535,0.4336595398873593,4.336595398873593,3.680693141306734,3.2302987245015222,3.7707090138190225,3.3067699742318633
168,SmallMLPDigits,MLP width sweep hidden=8 samples=1024 lr=1e-02,1.0,0.01,Adam,4,10,0.12829777543900106,0.1251582636010768,0.2261066375207716,0.29596260521198897,0.048938240715774316,2.261066375207716,0.007282437797176166,0.01233694343122402,0.005398031729537111,0.07282437797176167,0.18532090658621897,0.22993226684903736,0.05260167817266402,1.8532090658621896,2.3275916028507876e-06,3.0492207614574276e-06,0.1184159275013639,2.3275916028507875e-05,8.478511611354441e-06,1.0421090162485924e-05,0.10963869059819946,8.478511611354441e-05,0.0008640473022797579,0.00041420451288282144,0.0003758867794128153,0.008640473022797579,0.007413222542916624,0.0015679553252587878,0.05793161484403875,0.06671900288624961,0.00883663465077515,0.0024054256773828183,0.06783933307664244,0.07952971185697635,0.22783341799524948,2.2783341799524948,0.5164814225354112,4.411260658259759,0.36917937142954516,3.6917937142954513,0.3635247681240755,3.635247681240755,2.8403685522412703,2.8384952628928732,2.8775196621010064,2.8334456063652693
169,SmallMLPDigits,MLP width sweep hidden=8 samples=1024 lr=1e-02,1.0,0.01,Muon,4,10,0.12829777543900106,0.143861882158403,0.2743512998452002,0.36466438622097513,0.055587972650224124,2.743512998452002,0.018432447175862475,0.028589280439656747,0.013109067430894258,0.18432447175862476,0.19413076240112842,0.26260689968524825,0.056262560052881196,1.941307624011284,4.900066638113338e-06,5.387550985214769e-06,0.1619416200388673,4.9000666381133385e-05,1.6643540642439153e-05,1.810528283588326e-05,0.1546309994370206,0.00016643540642439153,0.0011650665293997165,0.0006404253489572056,0.0005071215608634991,0.011650665293997164,0.007413222542916621,0.0015679553252588027,0.05793161484403872,0.06671900288624959,0.013755689195622216,0.004398508617860597,0.08738588646674172,0.12380120276059994,0.27738059943620275,2.7738059943620272,1.0169691030323422,2.7275223859714575,0.5439361892050835,5.439361892050835,0.38080614695669796,3.8080614695669794,4.146387155507726,3.114321819455048,4.23963850771284,2.968143022384293
170,SmallMLPDigits,MLP width sweep hidden=8 samples=1024 lr=3e-02,1.0,0.03,Adam,0,10,0.2396474809933517,0.23847892647078237,0.29218307963028556,0.41282133158492795,0.08398834004736815,2.9218307963028556,0.04330800083171713,0.08883874370958382,0.030144458584954396,0.4330800083171713,0.16827980500551298,0.19658388561022494,0.06780190679742372,1.6827980500551298,7.984140685105465e-06,1.0194753010792207e-05,0.30660633724141256,7.984140685105465e-05,2.0456411646679775e-05,2.6393600517044348e-05,0.2805693075602784,0.00020456411646679776,0.007114181688621546,0.006217676125684866,0.0031296502209013028,0.07114181688621546,0.04167186385318549,0.020519732548526282,0.13897102347054693,0.3750467746786694,0.042754151898078525,0.022474559216207102,0.14115165491872014,0.3847873670827067,0.2993513969673475,2.9935139696734754,0.8741132832648565,3.4246293094786893,0.8068921258197749,8.068921258197749,0.2854810896491729,2.854810896491729,2.433935091398305,1.2345431920720304,3.366996066368666,1.191254289282902
171,SmallMLPDigits,MLP width sweep hidden=8 samples=1024 lr=3e-02,1.0,0.03,Muon,0,10,0.2396474809933517,0.2414194139190431,0.3708168165311913,0.4018674813304938,0.07773415816987159,3.708168165311913,0.04046432350013642,0.06543167881864646,0.02769130185375347,0.40464323500136423,0.2626537864528415,0.2731285071348353,0.07880521912363084,2.626537864528415,6.088496124686926e-06,7.444992429719653e-06,0.16251753503874067,6.088496124686926e-05,1.9934092090406233e-05,2.1848866916030978e-05,0.15127458982869185,0.00019934092090406232,0.007070076410312209,0.004741029364516015,0.0031115323816713523,0.0707007641031221,0.04167186385318548,0.02051973254852627,0.1389710234705469,0.3750467746786693,0.057742954405877844,0.04388582507660691,0.1617965898452484,0.5196865896529006,0.3787288258216927,3.787288258216927,1.7843719782096832,2.122476873917754,0.8133245520817157,8.133245520817157,0.4455834088622924,4.455834088622924,2.6525522824174628,1.7967588730109685,3.393837267600067,1.859328573016187
172,SmallMLPDigits,MLP width sweep hidden=8 samples=1024 lr=3e-02,1.0,0.03,Adam,1,10,0.23174978581350475,0.22251140617676596,0.2153598638960914,0.2571922427049046,0.056345822226208174,2.153598638960914,0.02191512210240525,0.03055160226183465,0.016420927006553142,0.2191512210240525,0.16621269956647583,0.1948559597389457,0.05734768897553418,1.6621269956647584,4.789540604958716e-06,5.856361183804569e-06,0.22649406376098868,4.789540604958716e-05,1.3811843874657771e-05,1.8262804302050744e-05,0.21011387034868084,0.0001381184387465777,0.006618929207365953,0.005098960805111756,0.0029095474588887926,0.06618929207365953,0.03802152340005924,0.019394630814303614,0.13355124771534999,0.34219371060053316,0.03993281990238952,0.026034532864258213,0.1365280775705432,0.35939537912150565,0.21774118863320852,2.1774118863320853,0.46761803713187494,4.656389859739359,0.4330987218890335,4.330987218890335,0.281974314055175,2.8197431405517497,1.4999566721813433,1.0416355142337084,1.868820376117023,1.2167187687590237
173,SmallMLPDigits,MLP width sweep hidden=8 samples=1024 lr=3e-02,1.0,0.03,Muon,1,10,0.23174978581350478,0.23397856550118576,0.30292022952656855,0.35272193529856044,0.06495585111425572,3.0292022952656854,0.020769087778458695,0.032637083561662554,0.015283084673502662,0.20769087778458695,0.24807621078319925,0.3015506341015723,0.07443886624824206,2.4807621078319926,6.784413330176065e-06,8.058088246482782e-06,0.24658835238642957,6.784413330176064e-05,2.512100843771659e-05,2.6333059349454777e-05,0.24705600225394114,0.0002512100843771659,0.006447055727619988,0.004161364765055155,0.0028338055039415903,0.06447055727619988,0.03802152340005923,0.01939463081430361,0.13355124771534999,0.34219371060053305,0.05475991631367046,0.03748494515436013,0.15901253856397107,0.49283924682303415,0.30486586705943086,3.0486586705943086,1.1928295818581836,2.555820812093815,0.5198264898087063,5.1982648980870625,0.4208530368103614,4.208530368103614,2.0051665337717015,1.7166768459602841,2.243050572771724,1.8159802622170838
174,SmallMLPDigits,MLP width sweep hidden=8 samples=1024 lr=3e-02,1.0,0.03,Adam,2,10,0.23401554504432398,0.2324071055555321,0.27557435639690714,0.3182073434618898,0.07803343046137205,2.7557435639690713,0.04835184019403889,0.09713798027032126,0.03286331856699411,0.48351840194038886,0.23045584007980108,0.2543316021668667,0.08721250900473464,2.304558400798011,1.0526176636671417e-05,1.539963338897784e-05,0.4043363057531305,0.00010526176636671417,2.817148569607835e-05,3.771194678293982e-05,0.3822779996724372,0.0002817148569607835,0.005616274298226332,0.004362398129269641,0.0024644376536573963,0.056162742982263314,0.039883738243345686,0.018606752934258033,0.13826845974553825,0.35895364419011117,0.043674806704247365,0.023321962828129247,0.14459242484184048,0.3930732603382263,0.29350303352722956,2.9350303352722955,0.8691630331354565,3.3768467173348817,0.9089521339327433,9.089521339327433,0.39096066423324977,3.9096066423324976,2.9583362393503245,1.5181554208843866,3.8841527974587424,1.6706610843275365
175,SmallMLPDigits,MLP width sweep hidden=8 samples=1024 lr=3e-02,1.0,0.03,Muon,2,10,0.23401554504432398,0.23558755604814016,0.28616541204368645,0.3340588980437366,0.06336276945926994,2.8616541204368646,0.05035202626092998,0.086376659385854,0.03406392416515629,0.5035202626092998,0.2489981008398145,0.23753810248195617,0.08020688008002261,2.489981008398145,1.1089954326954766e-05,1.5000516449623291e-05,0.30743357853740777,0.00011089954326954767,3.3404998133119194e-05,4.4941213750952894e-05,0.3356924257635094,0.0003340499813311919,0.006939134721068596,0.003986470756914082,0.003053702206092812,0.06939134721068596,0.03988373824334569,0.018606752934258012,0.13826845974553828,0.3589536441901112,0.06154286508354767,0.04756631705948323,0.16883572153242662,0.553885785751929,0.3134868118049893,3.1348681180498925,2.010463112302982,1.5592766158534022,0.910656458897164,9.10656458897164,0.4224169926153413,4.224169926153413,2.8134242516021475,1.5586343178808328,3.891435753657647,1.805080908344499
176,SmallMLPDigits,MLP width sweep hidden=8 samples=1024 lr=3e-02,1.0,0.03,Adam,3,10,0.2425801797588093,0.23629967985296133,0.24850784460034872,0.44351406479015,0.0703558872424217,2.485078446003487,0.026590631384054663,0.041972183996298894,0.019508779874596947,0.26590631384054664,0.1660305187635057,0.24296403322589716,0.0669026546774438,1.660305187635057,7.200532645189064e-06,8.2201521744101e-06,0.3060891699075421,7.200532645189064e-05,1.3952073486205637e-05,1.6270949669909333e-05,0.2600999233790037,0.00013952073486205637,0.007775450623030489,0.007842087292719806,0.003423200565632533,0.07775450623030489,0.0359625062432966,0.016647442571411125,0.12429399370870065,0.32366255618966944,0.039398118380777475,0.024221546761786207,0.13039660231815015,0.35458306542699725,0.25186613373716116,2.5186613373716114,1.7783337099530792,1.4163041071959803,0.5061037157222503,5.061037157222503,0.2816652503850371,2.8166525038503707,1.6686959530558145,1.0443546641143924,2.0863358095680162,1.161122275798002
177,SmallMLPDigits,MLP width sweep hidden=8 samples=1024 lr=3e-02,1.0,0.03,Muon,3,10,0.24258017975880924,0.24673737560865838,0.25962612537722807,0.372444506069897,0.06359643951724454,2.5962612537722807,0.016831468259909554,0.027251428666815077,0.011952075327597431,0.16831468259909554,0.17376822385078095,0.23776942050604985,0.059727675311063155,1.7376822385078095,6.901004445611256e-06,8.387960550268326e-06,0.21280139886208685,6.901004445611256e-05,1.8022141856298265e-05,2.36757596581869e-05,0.1877991238154928,0.00018022141856298266,0.005748944496746589,0.0045076252360249395,0.002523244234271857,0.057489444967465886,0.0359625062432966,0.01664744257141108,0.12429399370870065,0.32366255618966944,0.05578721890957144,0.040834789787674936,0.15447830607118843,0.502084970186143,0.26148424250792945,2.6148424250792948,0.05187865406273316,50.403050586419454,0.4327027733345214,4.327027733345214,0.2947920095919837,2.9479200959198373,1.49585339342982,1.0214944257698995,1.7837515569686928,1.2152353497515223
178,SmallMLPDigits,MLP width sweep hidden=8 samples=1024 lr=3e-02,1.0,0.03,Adam,4,10,0.22275640502964827,0.2169508510219908,0.24395825507939026,0.3202655027460641,0.053148765825729874,2.4395825507939026,0.010195669857651746,0.019440908083641073,0.007631993516048857,0.10195669857651746,0.19883072836224264,0.270944536459462,0.05791585811374045,1.9883072836224263,3.4531125653932327e-06,4.120555540557076e-06,0.17492836187513636,3.4531125653932326e-05,1.2505915233160682e-05,1.3696362875823444e-05,0.15144306233534235,0.0001250591523316068,0.006562678728441407,0.0035967969017732743,0.0028862168583831697,0.06562678728441407,0.03983230839112309,0.019927116004859507,0.1406297590201628,0.35849077552010783,0.043219685829843174,0.02631130345130526,0.1480085161309813,0.38897717246858854,0.24493771261958225,2.4493771261958224,0.12440601147945334,19.688575311333384,0.3615433495899069,3.6154334958990693,0.33730971453604985,3.3730971453604983,1.6259474640343812,1.6549672984235642,1.6230435642996954,1.5142537180520346
179,SmallMLPDigits,MLP width sweep hidden=8 samples=1024 lr=3e-02,1.0,0.03,Muon,4,10,0.2227564050296483,0.2252931858100315,0.3437521713639198,0.4046558072436243,0.06702061430279924,3.437521713639198,0.01454701554213056,0.02448230019270389,0.010462385732202002,0.1454701554213056,0.23388041937964696,0.2767102495683019,0.06359918032000038,2.3388041937964696,3.901832151742313e-06,4.4360312012794145e-06,0.1338234807837137,3.901832151742313e-05,1.7679061369671238e-05,1.9450649885666327e-05,0.15551825235245362,0.00017679061369671236,0.008626003879903577,0.0052649566953794765,0.003808305182466596,0.08626003879903577,0.039832308391123075,0.01992711600485949,0.14062975902016278,0.35849077552010766,0.059888274365842306,0.048924492306837396,0.16922508344719406,0.5389944692925808,0.3446829753800591,3.446829753800591,1.0237330529881117,3.366922405933706,0.485639806595101,4.8563980659510095,0.39677034906190756,3.9677034906190753,1.9324943963261703,1.758964036260118,2.18013846349542,1.7811849181580142
180,SmallMLPDigits,MLP width sweep hidden=16 samples=1024 lr=3e-03,1.0,0.003,Adam,0,10,0.04415477176439571,0.04663293948178147,0.5251794647856266,0.6596323902838487,0.09345351930916242,5.251794647856266,0.02090631447173936,0.020012414797184942,0.013892308206983095,0.20906314471739362,0.3832405737463657,0.46807337776413016,0.10018643521351492,3.8324057374636573,7.487216217974775e-06,8.816406890829085e-06,0.20779613084581888,7.487216217974775e-05,1.9236676044034494e-05,2.2156312062113857e-05,0.14773157677744625,0.00019236676044034494,0.00019525549925596407,0.00010703594627533877,8.482990360890333e-05,0.0019525549925596408,0.00038584918995884787,0.0002158490745538699,0.008835262569095927,0.003472642709629631,0.0006791294665643178,0.0005928587098165632,0.014675578120522975,0.00611216519907886,0.5295868076041259,5.295868076041259,0.28066597448534353,18.86893516662388,1.237652665594808,12.37652665594808,0.9237444500127863,9.237444500127863,28.001724987698275,20.923235599510697,28.029873468687967,20.920602985828353
181,SmallMLPDigits,MLP width sweep hidden=16 samples=1024 lr=3e-03,1.0,0.003,Muon,0,10,0.044154771764395695,0.05332153256425672,0.5008053592307362,0.5867478332550703,0.08698540326623673,5.008053592307362,0.00783774855460333,0.004426307815821135,0.005030236258616068,0.0783774855460333,0.3417953818616887,0.3971354076402735,0.09256702004255167,3.4179538186168865,7.918026922319196e-06,1.0718436129506385e-05,0.16320297398518122,7.918026922319197e-05,2.2159364127440327e-05,2.6380376461948825e-05,0.13678681861048225,0.00022159364127440328,0.0001998939901686203,8.857119979076105e-05,8.68462778268534e-05,0.001998939901686203,0.00038584918995884787,0.00021584907455386387,0.008835262569095927,0.003472642709629631,0.0010381613583182589,0.0003440069866991358,0.01971526473085718,0.00934345222486433,0.5013040392390113,5.0130403923901135,0.6119408741875617,8.192033910213361,1.1053376122177596,11.053376122177596,0.8238469741037695,8.238469741037695,25.202137699133125,18.777137862386276,25.03325389418163,18.658164025843305
182,SmallMLPDigits,MLP width sweep hidden=16 samples=1024 lr=3e-03,1.0,0.003,Adam,1,10,0.04255705964754716,0.04478741357825502,0.47411808561360924,0.5363980225239172,0.0787199522752439,4.741180856136093,0.003017215896036296,0.003839179470897411,0.0022752530438890145,0.03017215896036296,0.3663408605196903,0.4143776700145461,0.08048378509438678,3.663408605196903,3.84940344542559e-06,4.72855215086352e-06,0.22919633000444292,3.8494034454255896e-05,1.0845759916686584e-05,1.223498619486707e-05,0.14129090811920558,0.00010845759916686584,0.0002667309979585308,0.00019024911542760386,0.00011589944353215692,0.0026673099795853084,0.00030493349188700516,0.0001656331079516595,0.007239042992828664,0.0027444014269830466,0.0005572563867356371,0.0004564881734487004,0.012431464871005033,0.005015307480620734,0.47414345745075126,4.741434574507513,0.20956084611388062,22.625574683597613,1.0291171480153545,10.291171480153544,0.883010202729562,8.83010202729562,24.30142620208756,20.8407803329797,24.182054788051342,20.748853657714005
183,SmallMLPDigits,MLP width sweep hidden=16 samples=1024 lr=3e-03,1.0,0.003,Muon,1,10,0.04255705964754716,0.05352208566287972,0.4187699190405321,0.4699713725813249,0.07029864334161004,4.187699190405321,0.00444351411330568,0.004337450227857128,0.0033280759564647414,0.0444351411330568,0.31140640429217986,0.35420348715474886,0.0694119807796634,3.1140640429217985,3.2971581893568844e-06,4.075826779090763e-06,0.1993167346165959,3.2971581893568845e-05,9.507790493382651e-06,1.1778234595058003e-05,0.12223402894684927,9.50779049338265e-05,0.0002234185073315853,0.00014055062283626187,9.707145789296506e-05,0.002234185073315853,0.00030493349188700597,0.00016563310795165954,0.00723904299282868,0.0027444014269830536,0.0008862762771653145,0.00043862313171836746,0.01693396400433657,0.00797648649448783,0.41885553207691933,4.1885553207691935,0.5271091280616742,7.94627734141442,0.912407076216008,9.12407076216008,0.7505988597483855,7.505988597483855,21.554852436911766,17.706676886093945,21.439617393035657,17.637469927780767
184,SmallMLPDigits,MLP width sweep hidden=16 samples=1024 lr=3e-03,1.0,0.003,Adam,2,10,0.042651836451465655,0.04346005884199376,0.32073797945051064,0.418805741009503,0.0531680235774201,3.2073797945051066,0.0187883401077072,0.014463689843679465,0.012664371464031057,0.18788340107707202,0.27140133719660225,0.30820042853984936,0.06516168202497426,2.7140133719660224,3.878321585258494e-06,3.974004614635879e-06,0.12775999954304,3.8783215852584936e-05,1.0991935867436822e-05,1.3228333869629837e-05,0.09069891198963251,0.00010991935867436822,0.0002459398427295145,8.27046043527098e-05,0.0001068654635622142,0.0024593984272951452,0.00038113785411098076,0.00013818918517418581,0.009006100044617599,0.003430240686998827,0.0004695553925164009,0.00032487993905910525,0.010946630343414022,0.004225998532647608,0.3236904059376369,3.236904059376369,1.135279775660442,2.8511950347158437,0.7923593142651068,7.923593142651067,0.6541725906279711,6.54172590627971,18.658476294398813,15.407084943167112,18.57737861221398,15.337501150093892
185,SmallMLPDigits,MLP width sweep hidden=16 samples=1024 lr=3e-03,1.0,0.003,Muon,2,10,0.04265183645146565,0.050389445872478046,0.4127397187000298,0.44447398656975906,0.07062301368548016,4.127397187000298,0.00786755010131146,0.007390376595325397,0.005078597923128081,0.0786755010131146,0.27745129215030817,0.2918733772904944,0.07302188270316966,2.774512921503082,2.702244757439254e-06,3.179333525241986e-06,0.05954623217769593,2.702244757439254e-05,1.2863371212995945e-05,1.386946539342514e-05,0.08638676102475766,0.00012863371212995945,0.0002233076359874353,6.0843876549882835e-05,9.702728774181229e-05,0.002233076359874353,0.00038113785411098,0.00013818918517418354,0.009006100044617582,0.00343024068699882,0.0009165700646735883,0.00027643590779919867,0.018389862760910678,0.008249130582062295,0.4128391651120073,4.128391651120073,1.6849599725400237,2.450142269490624,0.9008077681349429,9.008077681349429,0.6687551079660542,6.687551079660542,21.335835917003166,15.86300020532465,21.120023030192137,15.679397737704532
186,SmallMLPDigits,MLP width sweep hidden=16 samples=1024 lr=3e-03,1.0,0.003,Adam,3,10,0.04285179718658193,0.04563980786797552,0.4533347101643816,0.4924312438234131,0.08060426678957257,4.533347101643816,0.012119344146906297,0.012597883702743945,0.008902504111955188,0.12119344146906297,0.3383485746800595,0.36402316303748433,0.08211350621546412,3.383485746800595,7.712377551886568e-06,8.018770054012504e-06,0.3363900092385509,7.712377551886568e-05,2.400007129900255e-05,2.578483084540427e-05,0.2536260068970427,0.0002400007129900255,0.0003466326062124381,0.0003373738695778673,0.00015060335866432802,0.0034663260621243808,0.00031739655638087796,0.00016023706063255584,0.007470100708660061,0.002856569007427902,0.0005466327053126947,0.0004588037432453402,0.012108973010930755,0.004919694347814252,0.4543880609579916,4.543880609579916,0.2665168442155553,17.049131070698426,1.007957169618131,10.079571696181311,0.8155389576190604,8.155389576190604,23.71038667583155,19.181367279840316,23.521934569730256,19.031616201955423
187,SmallMLPDigits,MLP width sweep hidden=16 samples=1024 lr=3e-03,1.0,0.003,Muon,3,10,0.042851797186581934,0.05439485053377072,0.48145958547585205,0.5387462031411657,0.08574582321662387,4.814595854758521,0.009974223355960831,0.004584444664897813,0.0073235479158324165,0.09974223355960832,0.36409121297868047,0.40061339597137285,0.08772708919723092,3.6409121297868046,9.32663082221184e-06,9.93070421726602e-06,0.42609541814388685,9.32663082221184e-05,2.6909123569792097e-05,2.873215327198595e-05,0.29784431524920396,0.000269091235697921,0.00030597742570046547,0.00030016602070789795,0.00013292828822177195,0.003059774257004655,0.00031739655638087644,0.00016023706063255793,0.007470100708660023,0.002856569007427888,0.0008592165323120754,0.0004550785100965357,0.016122186018354436,0.007732948790808679,0.4816375487169239,4.816375487169239,0.2321264341121488,20.748931527730576,1.053943782096158,10.539437820961579,0.8775877616498562,8.775877616498562,24.75898607369215,20.606200602461236,24.59508938463324,20.4796022399885
188,SmallMLPDigits,MLP width sweep hidden=16 samples=1024 lr=3e-03,1.0,0.003,Adam,4,10,0.04242523792852279,0.04217559163376173,0.4068869493664501,0.603194176053702,0.08232917861709231,4.068869493664501,0.007501857655637689,0.006872817570841619,0.005325523099934476,0.07501857655637689,0.29075703976743006,0.4326200535520548,0.08312119030332557,2.9075703976743004,6.596798640384646e-06,7.497219604591074e-06,0.2181902681412947,6.596798640384646e-05,1.439859087015445e-05,1.6530091958551484e-05,0.13906387268470505,0.0001439859087015445,0.0002620941390110154,0.0001247586646828652,0.00011387695872786047,0.002620941390110154,0.00024868902425990145,0.00016996126849700005,0.005925264725144172,0.002238201218339113,0.0005282707499052826,0.0005920569693116165,0.012617196398337317,0.004754436749147543,0.4074897670319776,4.074897670319776,0.7967516766594813,5.114388572615857,0.9007597213637177,9.007597213637178,0.7008266352431255,7.008266352431255,21.33260732796221,16.58897177870913,21.231695220691517,16.519097345402386
189,SmallMLPDigits,MLP width sweep hidden=16 samples=1024 lr=3e-03,1.0,0.003,Muon,4,10,0.0424252379285228,0.04863251640724975,0.32204057097682337,0.40698948436975935,0.058864249010602984,3.220405709768234,0.006845539909636167,0.007188621937685904,0.00478191712657362,0.06845539909636167,0.22963784092389047,0.28144440762386064,0.05974047018073665,2.296378409238905,6.6883942106940285e-06,7.87572964269902e-06,0.22172593672229404,6.688394210694029e-05,1.712503959119896e-05,2.0517210890259286e-05,0.15097785856937723,0.0001712503959119896,0.00022534212096911866,0.00014104121138856833,9.790096825734494e-05,0.0022534212096911865,0.0002486890242598968,0.00016996126849699994,0.005925264725144066,0.002238201218339071,0.000546447060906284,0.0003479825264547705,0.01146161987967199,0.004918023548156555,0.3225319213181922,3.2253192131819217,0.21361759498761168,15.098565328239781,0.7127797360084387,7.1277973600843865,0.5535078892944968,5.535078892944968,16.95360532570701,13.157004938877401,16.800842395022414,13.046665530244896
190,SmallMLPDigits,MLP width sweep hidden=16 samples=1024 lr=1e-02,1.0,0.01,Adam,0,10,0.1265546807418082,0.12731267847700156,0.539724646070619,0.6055453531481667,0.09949590443371056,5.39724646070619,0.030478883897114395,0.05019755989023362,0.020484753421458453,0.30478883897114395,0.34118424870120634,0.3925931341714676,0.0873132005925086,3.411842487012063,4.387969794071392e-06,5.845872773874741e-06,0.14570798245973657,4.3879697940713915e-05,1.5042860415327158e-05,1.6890218056436727e-05,0.13095567032700076,0.00015042860415327158,0.0012301053425030073,0.0006531874585405658,0.0005354774440906724,0.012301053425030073,0.005994634078650517,0.002073126486065116,0.04806945971425591,0.05395170670785465,0.007211377948595849,0.003415779080917921,0.05569905456904935,0.06490240153736264,0.5422352859394487,5.422352859394487,0.6855881818119732,7.909052406742917,1.0157875364038846,10.157875364038846,0.790116795472596,7.90116795472596,7.6845912857240934,6.234190488732869,8.026471486078446,6.243283858339153
191,SmallMLPDigits,MLP width sweep hidden=16 samples=1024 lr=1e-02,1.0,0.01,Muon,0,10,0.12655468074180815,0.1366154026290942,0.5576279670689731,0.6986594777370059,0.09660561688828645,5.576279670689731,0.013047039564042896,0.013136026027326381,0.008457040555770547,0.13047039564042895,0.35914391310460236,0.451229124991596,0.09612533244262497,3.5914391310460236,5.343918373612745e-06,7.114885774070761e-06,0.11152562609539454,5.343918373612745e-05,1.8928796738127763e-05,2.137947034331175e-05,0.10466873525183029,0.00018928796738127763,0.0012999432002744004,0.0005487566844864368,0.0005659703656726929,0.012999432002744005,0.005994634078650512,0.002073126486065121,0.048069459714255865,0.05395170670785461,0.010230268675703416,0.003040394489913907,0.07106846853588185,0.09207241808133074,0.5582073679749803,5.5820736797498025,1.1338428235525397,4.9231459279868535,0.9125538182194937,9.125538182194937,0.8317079080171894,8.317079080171894,7.0874583204999535,6.459181157306008,7.210747266481987,6.571925298551438
192,SmallMLPDigits,MLP width sweep hidden=16 samples=1024 lr=1e-02,1.0,0.01,Adam,1,10,0.12343382503693501,0.12368101050281964,0.41974391213686274,0.5716710011132532,0.072349909731202,4.197439121368627,0.0067680169470559545,0.009825315480089124,0.005121221650763953,0.06768016947055955,0.333313427898377,0.4474814282370905,0.07559029687292732,3.3331342789837697,4.979288105459953e-06,6.13013605265875e-06,0.2660182738422734,4.979288105459953e-05,1.400830092978838e-05,1.5887697728735417e-05,0.1714483308822853,0.0001400830092978838,0.0017252918265264316,0.0015362847527068564,0.0007516153252092165,0.017252918265264316,0.005498717118134974,0.0017749945433164704,0.045451457611893765,0.04948845406321477,0.006870328361609295,0.0030175572606010365,0.05491167568430064,0.06183295525448365,0.41995800075569517,4.199580007556952,0.4228700801277697,9.931135364999228,0.673910646538115,6.739106465381151,0.7718894953139743,7.718894953139744,5.777967343004609,6.58977544455212,5.459691833550984,6.253468164686645
193,SmallMLPDigits,MLP width sweep hidden=16 samples=1024 lr=1e-02,1.0,0.01,Muon,1,10,0.12343382503693504,0.136672340118351,0.3911876037625312,0.4254155662557481,0.061866686140481277,3.911876037625312,0.013030245407498553,0.011616960518397168,0.009628165029027197,0.13030245407498553,0.288875912640629,0.3246619764466747,0.06239335059461716,2.88875912640629,3.958040042431129e-06,5.101110203061181e-06,0.17854218138140743,3.9580400424311293e-05,1.413405296487792e-05,1.5656151203444067e-05,0.13569478519424727,0.0001413405296487792,0.0014068932343144435,0.0008369603678018868,0.0006126396909564701,0.014068932343144436,0.0054987171181349725,0.0017749945433164782,0.04545145761189375,0.049488454063214754,0.00990738116185434,0.003460470422967621,0.06965310894207159,0.08916643045668907,0.39150624949010426,3.9150624949010426,1.2097600746021901,3.2362305361982187,0.6412324538519637,6.412324538519637,0.6689807963108011,6.689807963108011,5.344541913318517,5.548194621989029,5.194949226114382,5.419752617328535
194,SmallMLPDigits,MLP width sweep hidden=16 samples=1024 lr=1e-02,1.0,0.01,Adam,2,10,0.12260463284893466,0.12030464808997042,0.3837335524099448,0.4825263329158479,0.07032666405981026,3.837335524099448,0.02739865192134381,0.04824719617307012,0.018543452010770043,0.2739865192134381,0.2876753551455549,0.39918273153090683,0.07546727643251998,2.876753551455549,4.8206597255321524e-06,6.262354979536292e-06,0.15944543603958433,4.8206597255321526e-05,1.3363212412565492e-05,1.614428142268075e-05,0.12074992096382739,0.00013363212412565491,0.0015360499396203763,0.000673411873880884,0.0006690935511894857,0.015360499396203764,0.005768317093935331,0.0012756301368636266,0.04750999187341181,0.05191485384541798,0.006184867162397421,0.0015994653531407252,0.05113546027999869,0.05566380446157679,0.3863594515361024,3.863594515361024,0.28348375462123415,13.628980329131087,0.7709212931532611,7.709212931532611,0.6662005371270914,6.662005371270914,6.125155088030858,5.434653526678405,6.287864293865138,5.433730534048739
195,SmallMLPDigits,MLP width sweep hidden=16 samples=1024 lr=1e-02,1.0,0.01,Muon,2,10,0.12260463284893469,0.1314792938080059,0.41662013727023056,0.4314483627741218,0.0651973954135723,4.1662013727023055,0.013351130593875183,0.017344334857724887,0.008718111416590318,0.13351130593875182,0.3062021932211102,0.30347446269422085,0.07173603162850664,3.062021932211102,2.8718276097178916e-06,3.336570916738999e-06,0.06841297550909065,2.8718276097178918e-05,1.144660945514126e-05,1.3065756106610539e-05,0.07106097478918147,0.0001144660945514126,0.0013699304313136373,0.00045110148145290356,0.0005965573987359911,0.013699304313136373,0.005768317093935333,0.0012756301368636155,0.047509991873411817,0.051914853845417996,0.009276163163320562,0.002152478314815672,0.06754946711875114,0.08348546846988505,0.4172867859035563,4.172867859035563,2.178379796597159,1.9155832539183424,0.7054310755930835,7.0543107559308345,0.7091051143056146,7.091051143056146,5.949463475656694,5.998203277370146,5.753706521533072,5.783673078482499
196,SmallMLPDigits,MLP width sweep hidden=16 samples=1024 lr=1e-02,1.0,0.01,Adam,3,10,0.12399735127458934,0.12743919344748803,0.3739630316956978,0.38231381883452387,0.07068959572958325,3.739630316956978,0.020847851422224915,0.03227517402543634,0.015247921130395425,0.20847851422224917,0.31050391878343636,0.3337358439850106,0.0780600863020092,3.1050391878343637,9.705501549236556e-06,1.0919181958662317e-05,0.40935425464986663,9.705501549236557e-05,2.731711574621196e-05,3.0789700838324725e-05,0.29418130821781385,0.00027317115746211963,0.0014816769379185856,0.0017382334846469212,0.0006450474345887198,0.014816769379185857,0.005581061641362998,0.0017110977887442157,0.04572716687263037,0.05022955477226698,0.0066693220111129,0.0025345286360074454,0.05322368615732615,0.0600238981000161,0.3757050202801956,3.757050202801956,1.1127317727424115,3.3764203510990094,0.7059686540618608,7.059686540618608,0.7190670795172162,7.190670795172162,5.722450792372744,5.901141460608757,5.693417212586333,5.799051932366348
197,SmallMLPDigits,MLP width sweep hidden=16 samples=1024 lr=1e-02,1.0,0.01,Muon,3,10,0.12399735127458933,0.13871508642126013,0.47216196949180683,0.5339962086121309,0.08160658123874576,4.721619694918068,0.019854645848228915,0.020081226895953715,0.014238948686421829,0.19854645848228913,0.33344947027927063,0.3934877775751626,0.08053767029481089,3.334494702792706,8.132738723789831e-06,9.055693003406275e-06,0.3006180316055067,8.132738723789831e-05,2.6614091870939655e-05,2.862759214885396e-05,0.2273729089806265,0.00026614091870939653,0.0013117554744334291,0.0010415766183677073,0.00057102388241243,0.013117554744334292,0.005581061641362997,0.0017110977887442396,0.04572716687263036,0.05022955477226697,0.010010560988112273,0.003697321106871014,0.06946385649009976,0.09009504889301045,0.4728123828220155,4.728123828220155,0.74123172896304,6.378739122291287,0.7974117233920239,7.974117233920239,0.7722045431816573,7.722045431816573,6.671514367169451,6.510018656245036,6.4308770727382205,6.227589018991445
198,SmallMLPDigits,MLP width sweep hidden=16 samples=1024 lr=1e-02,1.0,0.01,Adam,4,10,0.12415465658269731,0.12110296221568684,0.466024848801532,0.6409512577785914,0.08824241378765466,4.66024848801532,0.01588319989488176,0.017532466317187242,0.011343502935964993,0.1588319989488176,0.3750758712451152,0.49044498135367653,0.09668614920038004,3.750758712451152,4.74987550911787e-06,5.614644604107317e-06,0.18088587141516266,4.7498755091178696e-05,9.227604133477804e-06,1.1720071634887251e-05,0.09411426609326214,9.227604133477803e-05,0.0015825168547475954,0.0010409835428021824,0.0006892736482215518,0.015825168547475954,0.005285276331192178,0.0019021481713372313,0.04377247825983573,0.0475674869807296,0.005925821587195883,0.003152018941927297,0.04954287433994985,0.05333239428476294,0.4695825307513305,4.695825307513305,1.109106793896709,4.2338802118550785,0.8205150174188311,8.205150174188311,0.8686032446556917,8.686032446556917,6.866156588879666,7.285320288238142,6.608813877812952,6.996139078175693
199,SmallMLPDigits,MLP width sweep hidden=16 samples=1024 lr=1e-02,1.0,0.01,Muon,4,10,0.12415465658269738,0.1319775717077319,0.46171568648537076,0.5628155079461395,0.07983829907338792,4.617156864853707,0.013653486851640806,0.017449945323787214,0.009423306353630704,0.13653486851640806,0.2900111338704391,0.35584046518464724,0.07340404351667917,2.9001113387043906,5.958325405773828e-06,6.490514313001129e-06,0.17222925858775456,5.958325405773828e-05,2.0985197416112185e-05,2.3081864148436342e-05,0.14714655817225178,0.00020985197416112185,0.0014191862613051943,0.000740575758820236,0.0006179762147113845,0.014191862613051942,0.005285276331192172,0.0019021481713372493,0.043772478259835684,0.047567486980729545,0.007713347351930516,0.0027443523023585846,0.058289370542658446,0.06942012616737464,0.4620835692155326,4.620835692155326,0.21938226939551933,21.0629405233498,0.7553916862094445,7.553916862094446,0.671609749328604,6.716097493286039,6.270940835583234,5.630701167687902,6.084279937629971,5.409460811332966
200,SmallMLPDigits,MLP width sweep hidden=16 samples=1024 lr=3e-02,1.0,0.03,Adam,0,10,0.2329616870410529,0.23267871829612052,0.5220430253003987,0.6307661994511499,0.10469940945825776,5.220430253003987,0.04054037650547093,0.09471942641879669,0.026779784181422912,0.4054037650547093,0.2852290181799969,0.32773575581827796,0.08062869681885744,2.8522901817999693,7.463788714944853e-06,9.649997895945335e-06,0.2673186735068566,7.463788714944853e-05,2.162881935165545e-05,2.8964188645071263e-05,0.2089269764100627,0.00021628819351655448,0.009985771959864342,0.007750103427407277,0.004417804174684237,0.09985771959864342,0.035254921730239266,0.017062006125917958,0.126030049648531,0.3172942955721534,0.03747360740528957,0.020549877673318197,0.12974351002533896,0.3372624666476061,0.525487859645309,5.254878596453089,1.5645339903597535,3.3587500360057803,0.9023007904012147,9.023007904012147,0.5025107913064536,5.025107913064536,2.8810020214185963,2.0278185788556953,3.873172459650885,2.157053366538766
201,SmallMLPDigits,MLP width sweep hidden=16 samples=1024 lr=3e-02,1.0,0.03,Muon,0,10,0.23296168704105297,0.23268482861235373,0.4628035717484461,0.5820756833645512,0.0787061419442823,4.628035717484461,0.022392320587521386,0.04166888438378783,0.014498728670592246,0.22392320587521386,0.263209388483421,0.3158232439738358,0.0672630513188339,2.63209388483421,5.188734962712108e-06,6.593690135756055e-06,0.10920771031070042,5.188734962712108e-05,1.8261753556868855e-05,2.309477944005902e-05,0.10236307095702335,0.00018261753556868854,0.008991473509883718,0.004899696939928726,0.003972909375501398,0.08991473509883718,0.03525492173023925,0.01706200612591795,0.12603004964853098,0.3172942955721533,0.04850977316687146,0.03216330960444572,0.14877069987325445,0.4365879585018431,0.4637666405359546,4.637666405359546,1.115568690657116,4.157221732915226,0.6318307973354905,6.318307973354905,0.46371704719967904,4.63717047199679,2.1962903561282414,1.7638457265737144,2.7121661306657177,1.9905292286021345
202,SmallMLPDigits,MLP width sweep hidden=16 samples=1024 lr=3e-02,1.0,0.03,Adam,1,10,0.22711110328234485,0.22142326872630977,0.4068653892995722,0.6271585760634637,0.07630974180140655,4.068653892995722,0.016389122500315746,0.021252451734433634,0.012399648798750959,0.16389122500315745,0.3115948768440456,0.47030757791579597,0.07807869960624003,3.1159487684404557,6.415492262874014e-06,8.243412912217432e-06,0.29997557511460204,6.415492262874014e-05,1.799910592873066e-05,2.0851998984941638e-05,0.21221797371596973,0.0001799910592873066,0.013417944553680793,0.01287632969614135,0.005969208610892262,0.13417944553680794,0.03363569843879361,0.015021497830502467,0.12456720715204818,0.3027212859491425,0.03664812946512705,0.0200626961364803,0.13075628685397192,0.3298331651861435,0.41039982560212085,4.1039982560212085,0.6139079590031458,6.685038360938043,0.5860098186142327,5.860098186142327,0.548961634861173,5.4896163486117295,2.7841946253260095,2.86939963209455,2.580278155250316,2.417150138972744
203,SmallMLPDigits,MLP width sweep hidden=16 samples=1024 lr=3e-02,1.0,0.03,Muon,1,10,0.22711110328234482,0.22881960117939137,0.39208592340268683,0.5316633491522017,0.06396893566420628,3.920859234026868,0.023270841285133282,0.03171115828613956,0.01727864619505098,0.2327084128513328,0.2431769549643728,0.3401236824952355,0.05290287977726134,2.431769549643728,6.0413094819396755e-06,7.214313531985909e-06,0.2497901683293544,6.041309481939676e-05,2.265224035625467e-05,2.6187301328306103e-05,0.2241283717016155,0.0002265224035625467,0.009803851267464702,0.006462068541001099,0.004337491572794663,0.09803851267464703,0.03363569843879361,0.01502149783050247,0.12456720715204822,0.3027212859491425,0.04770048507365563,0.03054967366133862,0.14917337201199574,0.4293043656629007,0.39346793424893123,3.9346793424893125,1.3381465646066852,2.940394906327629,0.5661727077110918,5.6617270771109185,0.4284243056557654,4.284243056557654,2.057729968504113,1.7452868203093679,2.492932751980977,1.886408455878741
204,SmallMLPDigits,MLP width sweep hidden=16 samples=1024 lr=3e-02,1.0,0.03,Adam,2,10,0.22547633818010354,0.21886580841058723,0.30614063071189773,0.3862511641390339,0.05905426820334721,3.061406307118977,0.04323595461070669,0.08892520872892394,0.029353609945758263,0.43235954610706684,0.2841085217766243,0.4257248354490885,0.07790468520695555,2.8410852177662433,7.0298355693466836e-06,1.0760955055817577e-05,0.22401585596179968,7.029835569346684e-05,1.8367658445381408e-05,2.718625190638145e-05,0.16724002070126137,0.0001836765844538141,0.01164382084176654,0.006963181887927388,0.005171001529748033,0.11643820841766539,0.03424772600154965,0.015342730124266459,0.12595893879076595,0.3082295340139468,0.03487170812423588,0.017383750172243532,0.12776968143909384,0.31384537311812294,0.31547556854228953,3.1547556854228955,0.14613974749774547,21.587252882529885,0.7830523012884896,7.830523012884896,0.5005367231071253,5.0053672310712525,2.6625477735105885,1.9055453456438785,3.4728801594383336,2.219907983015548
205,SmallMLPDigits,MLP width sweep hidden=16 samples=1024 lr=3e-02,1.0,0.03,Muon,2,10,0.22547633818010349,0.2249412529833088,0.40463293600098826,0.3790913050567598,0.06254818690002459,4.046329360009882,0.017116758638929787,0.030701773115705912,0.011276325514114328,0.17116758638929785,0.3062119005106108,0.28895812303952834,0.07088600095445659,3.062119005106108,3.617738586350951e-06,3.917021642174772e-06,0.09162982316229067,3.617738586350951e-05,1.1239995927405868e-05,1.365627339494318e-05,0.06903696787848722,0.00011239995927405868,0.009321436165589957,0.004322241167310291,0.004122226335967708,0.09321436165589958,0.03424772600154965,0.015342730124266478,0.12595893879076595,0.3082295340139468,0.04518955643985845,0.029518004120519803,0.1455386720784983,0.406706007958726,0.40573965157250724,4.057396515725072,2.3925562169306,1.6958416638294453,0.5542245202739714,5.542245202739714,0.5394780145964522,5.394780145964521,2.380184267573081,2.4626414126507825,2.4580163255590666,2.3926147592725844
206,SmallMLPDigits,MLP width sweep hidden=16 samples=1024 lr=3e-02,1.0,0.03,Adam,3,10,0.23109242011845915,0.2285160013051653,0.4184611432718929,0.4611088744206569,0.08484428549254756,4.1846114327189285,0.019860525526048334,0.022882602584677537,0.014933418926115364,0.19860525526048334,0.3173234272128441,0.365876190689104,0.08501772513676445,3.1732342721284414,8.526907265933316e-06,9.58514912205518e-06,0.3651341618282136,8.526907265933315e-05,2.1765811619631653e-05,2.63308496799032e-05,0.25886869023578335,0.00021765811619631653,0.012063444073891993,0.014605241694058812,0.005345041721781326,0.12063444073891993,0.0336892761223434,0.01478288045411106,0.12272358713380596,0.30320348510109063,0.03650929927895198,0.01945514185476528,0.12848570259400338,0.3285836935105678,0.419120938196753,4.19120938196753,1.7421306027392476,2.4057951656307868,0.5488997887547835,5.488997887547835,0.5590540805640403,5.590540805640402,2.2088067868495083,2.3124898416124124,2.375239259138896,2.4191796523549596
207,SmallMLPDigits,MLP width sweep hidden=16 samples=1024 lr=3e-02,1.0,0.03,Muon,3,10,0.2310924201184591,0.23298762814760754,0.4280214214539145,0.5536123126645952,0.07242232059473719,4.280214214539145,0.029291125455868983,0.041972596869033166,0.021008973898855858,0.2929112545586898,0.33464374173561984,0.4697299909715931,0.08035169629457385,3.3464374173561984,1.0004335139546295e-05,1.212324761137322e-05,0.37951710967242774,0.00010004335139546296,3.1302417259533816e-05,3.6469978228481406e-05,0.27651608372611103,0.00031302417259533816,0.009137737159569514,0.006852012773275718,0.004036283653096129,0.09137737159569514,0.0336892761223434,0.014782880454111084,0.12272358713380593,0.30320348510109063,0.0480296886829919,0.03176880363435876,0.1474449887342329,0.4322671981469271,0.43117967602782475,4.311796760278248,0.8596736313700581,5.015620583135202,0.6790627763041941,6.7906277630419405,0.5895686649918568,5.895686649918568,2.5976614718728195,2.336525716000396,2.9384900463464065,2.5512245909651257
208,SmallMLPDigits,MLP width sweep hidden=16 samples=1024 lr=3e-02,1.0,0.03,Adam,4,10,0.2276747394687063,0.22488787893656767,0.4038854919647653,0.48438506348474336,0.0813430363431613,4.038854919647653,0.016458934787285863,0.023864011287073147,0.011963877866953009,0.16458934787285862,0.3080128665247046,0.3775155117143645,0.08369045710726952,3.080128665247046,3.98982400151092e-06,5.1220845454463845e-06,0.16670654523927658,3.98982400151092e-05,8.441489935967263e-06,1.1152181018463148e-05,0.09285124048008202,8.441489935967264e-05,0.01184749749849603,0.010794165479125217,0.005256278425924923,0.11847497498496029,0.03325254510711308,0.01373934897889355,0.12402944265117474,0.2992729059640177,0.032396683451972295,0.013933005889510889,0.12348948282603128,0.29157015106775064,0.40485233554126465,4.048523355412646,1.4225600479168317,2.8459419771708214,0.5480020527278069,5.480020527278069,0.5426509205743678,5.426509205743678,2.4785776596716333,2.704739152841329,2.406951487049486,2.3834480796625868
209,SmallMLPDigits,MLP width sweep hidden=16 samples=1024 lr=3e-02,1.0,0.03,Muon,4,10,0.22767473946870637,0.22726601332294197,0.6477426853701177,0.7301664055529805,0.10753184477747053,6.477426853701177,0.016006806910479576,0.02303159930755905,0.010941290076975932,0.16006806910479576,0.4389876987128293,0.4978872866250145,0.10553973569619701,4.389876987128293,5.425931078661542e-06,6.9095298634303335e-06,0.16725752018620754,5.425931078661543e-05,2.029760654096106e-05,2.454144123704646e-05,0.14352468585083256,0.00020297606540961062,0.009932825207065666,0.005509442652669271,0.0043965534773772455,0.09932825207065665,0.03325254510711308,0.013739348978893527,0.12402944265117474,0.2992729059640177,0.04096717656251921,0.022175920255558472,0.13888757854797779,0.3687045890626729,0.6482241238893776,6.482241238893776,0.6128129945137368,10.57784560204601,0.7668653617223595,7.668653617223595,0.7733997657796978,7.733997657796978,3.2116475056514053,3.307422256669683,3.368249650847912,3.396950261519903
210,SmallMLPDigits,MLP width sweep hidden=32 samples=1024 lr=3e-03,1.0,0.003,Adam,0,10,0.03948248490533152,0.04071902622901236,0.3805797679428573,0.45085477416062375,0.058728133820316684,3.805797679428573,0.007768519208726477,0.00819245284727809,0.005469711181001409,0.07768519208726476,0.2667993229956708,0.321869446386927,0.05792984958687103,2.667993229956708,5.501159168151722e-06,6.768446346658711e-06,0.20277682044091344,5.501159168151722e-05,1.7278288880140142e-05,2.0910154676266117e-05,0.14868574551285657,0.00017278288880140141,0.0003984496219165301,0.0003012758637592858,0.00017316830239205033,0.003984496219165301,0.0001528965845488734,9.828217712366551e-05,0.0038964924131744444,0.0013760692609398606,0.00026651120441243,0.00022327288507597751,0.00656906698401041,0.00239860083971187,0.38089602482311047,3.808960248231105,0.061885194512467774,61.548812736844965,1.0527078309321782,10.527078309321782,0.8916443965554286,8.916443965554286,26.674672628780446,22.614332564410493,26.662653919992398,22.58328974717154
211,SmallMLPDigits,MLP width sweep hidden=32 samples=1024 lr=3e-03,1.0,0.003,Muon,0,10,0.039482484905331516,0.04428690441193412,0.3578061801358093,0.45441586113641075,0.056287275076531904,3.5780618013580927,0.003936138460745831,0.004952946546422324,0.0027169022821208946,0.039361384607458305,0.2476531676618105,0.31106383053407505,0.05624948396850789,2.476531676618105,6.152452071140019e-06,7.871390054931835e-06,0.20253188663274962,6.152452071140019e-05,1.8158800165703324e-05,2.355347027488698e-05,0.14236073444004982,0.00018158800165703323,0.0002725300678418918,0.00020934738170159102,0.000118415353260564,0.002725300678418918,0.00015289658454887493,9.82821771236673e-05,0.0038964924131744843,0.0013760692609398745,0.0003612889745332208,0.00022534257867505342,0.00826585579834884,0.0032516007707989875,0.3581782894091026,3.581782894091026,0.3276671965689826,10.931161042655567,0.951231760780972,9.51231760780972,0.827657869425847,8.27657869425847,24.098137202306056,20.97077680583247,24.092499827753304,20.962659047685325
212,SmallMLPDigits,MLP width sweep hidden=32 samples=1024 lr=3e-03,1.0,0.003,Adam,1,10,0.038797086268543904,0.04202128186722154,0.47878088046424166,0.553785338495916,0.07095620448195317,4.787808804642417,0.003041464900187263,0.0029170134114101095,0.002251602438887421,0.03041464900187263,0.3515837124499117,0.4076866628535131,0.07075220036205457,3.515837124499117,4.671429941437024e-06,5.773235796900215e-06,0.21419759779722242,4.671429941437024e-05,1.5924317595081607e-05,1.8419626005749463e-05,0.15822261606912524,0.00015924317595081608,0.0005584635464341403,0.0005580380498996122,0.00024275137169496732,0.005584635464341403,0.0001976951160592988,8.498665027811014e-05,0.005124607859871626,0.0017792560445336891,0.0004049683224570065,0.0003043350293017464,0.009679262899662243,0.003644714902113058,0.478806699325633,4.78806699325633,0.14222747510641398,33.664852657153055,1.2340008820884028,12.340008820884027,1.174994162677113,11.74994162677113,31.89970614251333,30.378385132549322,31.806534994585718,30.28562904296709
213,SmallMLPDigits,MLP width sweep hidden=32 samples=1024 lr=3e-03,1.0,0.003,Muon,1,10,0.03879708626854392,0.04533551253850555,0.42984436057614933,0.5572536565201754,0.0637708340243349,4.298443605761493,0.004923941437858037,0.0015080244175183417,0.00362061673640766,0.04923941437858037,0.3123213059398113,0.4086164234916882,0.06280262304098636,3.123213059398113,4.4841752958490955e-06,5.454130551631465e-06,0.21699561349760113,4.4841752958490954e-05,1.7328248087038245e-05,1.9395958616070837e-05,0.1746518554008764,0.00017328248087038247,0.0004337410791859231,0.0004027952541106997,0.00018849472727859,0.004337410791859231,0.00019769511605930188,8.498665027811056e-05,0.0051246078598717075,0.0017792560445337169,0.0005007245176770327,0.00022931472758792328,0.011198153542059937,0.004506520659093294,0.4299029132300965,4.299029132300965,0.3450008279308327,12.460924102949845,1.1210332607821691,11.210332607821691,1.0437790442617605,10.437790442617604,28.943183399283395,26.949533474906133,28.89477970130674,26.903542112337455
214,SmallMLPDigits,MLP width sweep hidden=32 samples=1024 lr=3e-03,1.0,0.003,Adam,2,10,0.03957019232028407,0.041238651451210265,0.3562629419970499,0.37844053507463044,0.05352050750714019,3.5626294199704986,0.007826090185093814,0.00924574427845479,0.005644019385259653,0.07826090185093815,0.2622134009679099,0.2804105251282169,0.053592320749851874,2.6221340096790993,3.7160559553267797e-06,4.31415632485119e-06,0.16560837572135814,3.71605595532678e-05,1.2262716466182849e-05,1.3955309524312803e-05,0.12108014666159779,0.0001226271646618285,0.0003374588400373302,0.00011559748187442487,0.00014663365512353175,0.0033745884003733018,0.00016529810141766252,9.895926416906546e-05,0.004206122963583069,0.0014876829127589627,0.00034849512800934964,0.00035642256751264155,0.008444912915004694,0.0031364561520841466,0.356765958593334,3.56765958593334,0.21723956549276568,16.42269711707809,1.0106266119314962,10.106266119314961,0.8763182269340778,8.763182269340778,25.663212137149866,22.292361900687602,25.540098560841187,22.145917812101928
215,SmallMLPDigits,MLP width sweep hidden=32 samples=1024 lr=3e-03,1.0,0.003,Muon,2,10,0.039570192320284074,0.0446514449135021,0.25434531415714456,0.299987846257855,0.03697026548684269,2.5434531415714456,0.0035088408523460844,0.00445887633364073,0.002487091490171747,0.035088408523460846,0.17966197671814416,0.2075314070618162,0.03687486281064349,1.7966197671814417,3.511651463326836e-06,4.194738654400724e-06,0.12738377890428,3.511651463326836e-05,1.1957957215065347e-05,1.3900350680192507e-05,0.09945853765077288,0.00011957957215065346,0.0002676428756602789,8.652810438282296e-05,0.00011628141910745941,0.002676428756602789,0.00016529810141766406,9.895926416906653e-05,0.0042061229635831044,0.0014876829127589766,0.00034907335365865936,0.00026838054903163925,0.00793625004980123,0.003141660182927934,0.2545438198278843,2.545438198278843,0.7063648037207042,3.603574505511894,0.6874183847005714,6.874183847005714,0.6004310393898727,6.004310393898727,17.519948617855224,15.312376053123842,17.372126451561215,15.173821611225423
216,SmallMLPDigits,MLP width sweep hidden=32 samples=1024 lr=3e-03,1.0,0.003,Adam,3,10,0.03887241017529933,0.04026096803854444,0.5393357021590395,0.5635114645829071,0.08076134109701487,5.393357021590394,0.0028565272364460713,0.004559980085684444,0.002070821247994201,0.028565272364460714,0.396648267680664,0.4112717564391881,0.08249200027773206,3.96648267680664,8.449487435170521e-06,8.728415151004599e-06,0.3382886739615324,8.449487435170521e-05,2.5422128591493812e-05,2.6766520931653436e-05,0.2237587192400725,0.0002542212859149381,0.00042417319050098713,0.0002905045352761178,0.0001843648875849855,0.004241731905009871,0.00019725897507749744,8.16319885885946e-05,0.005100674941577694,0.001775330775697477,0.0002743951760221596,0.0002184398667026671,0.0068492851901279335,0.0024695565841994366,0.5393591683378995,5.393591683378995,0.5298446279147444,10.179572273113356,1.3881789505103082,13.88178950510308,1.3256000851494671,13.25600085149467,35.83832392658265,34.21874417003882,35.7111623449682,34.10130936495912
217,SmallMLPDigits,MLP width sweep hidden=32 samples=1024 lr=3e-03,1.0,0.003,Muon,3,10,0.03887241017529933,0.04332183666769815,0.5640930229930399,0.5925520552257192,0.08340433300186244,5.640930229930398,0.005652367696173321,0.0033028780490056823,0.004057502671029242,0.056523676961733216,0.4017919286604627,0.42327511691956526,0.08271724136018863,4.017919286604627,6.7860593911147246e-06,7.083811578392484e-06,0.2930294462549479,6.786059391114725e-05,2.0109213862157286e-05,2.161271947015443e-05,0.18622582176085017,0.00020109213862157284,0.0003115470277186283,0.0001727900750566947,0.00013538565159260511,0.003115470277186283,0.00019725897507749668,8.163198858859703e-05,0.005100674941577675,0.0017753307756974701,0.0004105225962445587,0.00018128205861822757,0.009575018502308302,0.0036947033662010284,0.5641297398752508,5.641297398752508,0.23756999035746756,23.745833344793013,1.45675440746576,14.567544074657599,1.342790220562565,13.42790220562565,37.59851929241921,34.65103999784737,37.475278761887125,34.543528803773874
218,SmallMLPDigits,MLP width sweep hidden=32 samples=1024 lr=3e-03,1.0,0.003,Adam,4,10,0.03897352621501236,0.04104562636831062,0.19408535460803558,0.2181891396539026,0.02717664399503471,1.9408535460803558,0.005013710306541808,0.005151005486984907,0.0035756594208141363,0.050137103065418076,0.13513920543827532,0.15776522546314412,0.026443902348227827,1.3513920543827531,3.549999652332163e-06,4.9342999044913935e-06,0.15391794149478805,3.549999652332163e-05,1.2895660669402767e-05,1.9313648618386885e-05,0.11651872542051014,0.00012895660669402767,0.00039076175977417196,0.00016683857150443226,0.0001698267233072905,0.003907617597741719,0.00016619829932772786,9.15467353960846e-05,0.0042901058059064455,0.0014957846939495506,0.0004006086731232984,0.000334112678191199,0.009803530406002162,0.003605478058109686,0.1942686052916624,1.942686052916624,1.1061386161308084,1.756277219316325,0.5484215853247172,5.484215853247172,0.45163576103207126,4.516357610320712,14.141487163584372,11.637696962626364,14.071643974403031,11.588270420809499
219,SmallMLPDigits,MLP width sweep hidden=32 samples=1024 lr=3e-03,1.0,0.003,Muon,4,10,0.03897352621501236,0.04408595278876775,0.2940396866408358,0.36531514506847257,0.041013250109675915,2.940396866408358,0.003539332465705458,0.0023875495433020016,0.0025137591460375024,0.03539332465705458,0.2144177139748365,0.2576810136314254,0.04213046799829009,2.144177139748365,4.1047651039892475e-06,4.804918336959084e-06,0.17630817463067866,4.1047651039892476e-05,1.380275027778234e-05,1.774619371542348e-05,0.12342725474465939,0.0001380275027778234,0.0002794965813181616,0.0001399135524632685,0.00012144399568125599,0.0027949658131816157,0.00016619829932772553,9.154673539608534e-05,0.004290105805906387,0.0014957846939495298,0.0003805194661190127,0.00019989449300874726,0.008737297797485699,0.003424675195071114,0.2941062001399032,2.941062001399032,1.0566159845008332,2.783472940538988,0.7737888264227213,7.737888264227212,0.7165848512703672,7.165848512703672,19.93287609037183,18.461563599934443,19.854216478997035,18.38645154449338
220,SmallMLPDigits,MLP width sweep hidden=32 samples=1024 lr=1e-02,1.0,0.01,Adam,0,10,0.12055459941510996,0.12067738082428141,0.35781160175559423,0.45343200156014163,0.058522683936612696,3.578116017555942,0.01528441511453702,0.02479940109914099,0.010859033799326049,0.1528441511453702,0.27783224862469647,0.3337845424908248,0.06215807792200406,2.7783224862469647,4.767686686078359e-06,5.677207909735525e-06,0.18190998802318148,4.767686686078359e-05,1.5121744087302395e-05,1.794082056507345e-05,0.13643810119405664,0.00015121744087302395,0.0026244094018354593,0.0014330141778313467,0.0011454475608552984,0.02624409401835459,0.003582144843563375,0.001173829214954209,0.030373480134434354,0.032239303592070376,0.004311612258556964,0.0013498979144216596,0.035895215027523436,0.03880451032701268,0.3622096367111388,3.622096367111388,0.7702744943835866,4.702344934853356,0.779647366612288,7.796473666122879,0.7753796550574344,7.753796550574345,6.3247979711993265,6.340028886391816,6.46717230528634,6.4317716521751445
221,SmallMLPDigits,MLP width sweep hidden=32 samples=1024 lr=1e-02,1.0,0.01,Muon,0,10,0.12055459941510993,0.126545624473343,0.39630230486437557,0.559258367112731,0.0628100135341492,3.9630230486437554,0.010144449928938792,0.012080134138963484,0.00695170188470758,0.10144449928938792,0.2753852648801541,0.38698744861255846,0.06322662485478477,2.7538526488015407,6.504485733477202e-06,8.020113366821233e-06,0.1846713562707683,6.504485733477202e-05,2.0762311530031774e-05,2.450490194650543e-05,0.13705825963773255,0.00020762311530031776,0.0014922312600083476,0.0005933746130015193,0.0006499263806543203,0.014922312600083476,0.0035821448435633782,0.0011738292149542234,0.0303734801344344,0.032239303592070404,0.005753753957786541,0.0018992496142714464,0.04574727529101633,0.051783785620078876,0.39668721387686096,3.9668721387686094,0.5858676596830928,6.770935506005515,0.7324699443885313,7.324699443885313,0.7685505651257708,7.685505651257708,5.945498909660232,6.246751622980632,6.075835745315627,6.3751243739726045
222,SmallMLPDigits,MLP width sweep hidden=32 samples=1024 lr=1e-02,1.0,0.01,Adam,1,10,0.11708246682890458,0.1209859396503313,0.4932209168291017,0.5726397923580229,0.07837541606727426,4.932209168291017,0.007011371828162982,0.008763579294238781,0.00519051292508799,0.07011371828162982,0.37850582838058966,0.4392545534299219,0.08130546122157359,3.7850582838058964,5.444578203788187e-06,6.707840963837928e-06,0.22123853769490323,5.444578203788187e-05,1.5286521593649517e-05,1.8201511684012768e-05,0.1387132695782627,0.00015286521593649516,0.003155810335563691,0.002776364958902902,0.0013783881603801804,0.03155810335563691,0.0038365754218333595,0.0009962382282814647,0.03331348608194356,0.034529178796500234,0.005150082631103457,0.0018518618760228786,0.04255081243495051,0.04635074367993111,0.4933260406207026,4.933260406207026,1.07818376492032,4.575528371614466,0.8481650255422171,8.48165025542217,1.0563414438020078,10.563414438020077,7.163727219095989,8.933947541753806,7.244167709428782,9.022200098889828
223,SmallMLPDigits,MLP width sweep hidden=32 samples=1024 lr=1e-02,1.0,0.01,Muon,1,10,0.11708246682890462,0.12567841259876003,0.6503550060760521,0.6915768427835005,0.09410464100212697,6.503550060760521,0.01030442916082821,0.007772706555610649,0.007461609486824765,0.1030442916082821,0.4667265491721606,0.4986213039429774,0.09415461872333099,4.667265491721606,6.307312032033204e-06,7.630128790872305e-06,0.21740453871387883,6.307312032033204e-05,2.2165437202477294e-05,2.4547182661234564e-05,0.16469183963444417,0.00022165437202477294,0.0017820701057357446,0.0011744988522783917,0.0007765492908903033,0.017820701057357446,0.0038365754218333487,0.0009962382282815015,0.03331348608194348,0.03452917879650014,0.006644645327195307,0.0017319925409639955,0.05234290708270954,0.05980180794475776,0.6504705209404992,6.5047052094049915,0.4105763606352306,15.842863430668828,1.1139001873340308,11.139001873340309,1.3025495510138139,13.025495510138139,9.607354945927822,11.253358115242149,9.5138086641256,11.125060705436454
224,SmallMLPDigits,MLP width sweep hidden=32 samples=1024 lr=1e-02,1.0,0.01,Adam,2,10,0.1204846939218362,0.1226044612700517,0.29422451990331433,0.3757404126355084,0.046573110560036504,2.9422451990331435,0.015657145366560467,0.026771153351307135,0.011404728138113258,0.15657145366560465,0.24044990347547346,0.2843575583971001,0.050658822718395044,2.4044990347547346,3.6310291499609413e-06,4.295040389789579e-06,0.16260443774879405,3.631029149960941e-05,1.31345519677405e-05,1.6038415920793166e-05,0.13321914586411715,0.000131345519677405,0.0022059932549374217,0.0010034878968637208,0.0009619889443457319,0.022059932549374217,0.0036988079303516184,0.0013462865133382204,0.03139162877005401,0.033289271373164564,0.0042178597125835625,0.002463083134597638,0.03513115827450391,0.037960737413252066,0.29923436377126955,2.9923436377126955,0.6260056283414871,4.780058680367595,0.6904321455170118,6.904321455170118,0.6710522775462768,6.710522775462769,5.601735400064972,5.51091133326444,5.730455239110505,5.569606027979109
225,SmallMLPDigits,MLP width sweep hidden=32 samples=1024 lr=1e-02,1.0,0.01,Muon,2,10,0.12048469392183622,0.12779341439566114,0.3485147197259984,0.38682955375262096,0.050151507516958,3.485147197259984,0.009075815030909063,0.012153728520897045,0.0064198411792363574,0.09075815030909062,0.24919066737523643,0.27074361335215547,0.05111914655538321,2.4919066737523643,3.2092235828325634e-06,3.838621330656363e-06,0.10656035788871962,3.2092235828325635e-05,1.3638102284874796e-05,1.5029028970018636e-05,0.09832808388967547,0.00013638102284874797,0.0014620448411178267,0.00043294026732504604,0.0006366818718712275,0.014620448411178266,0.003698807930351629,0.0013462865133381902,0.0313916287700541,0.03328927137316466,0.005802555164317574,0.002403434292581963,0.046109838104360194,0.05222299647885817,0.3510778416483273,3.510778416483273,1.0485394659658307,3.3482558648848038,0.676456765238834,6.76456765238834,0.6954461718155193,6.954461718155192,5.7704124185726595,5.993230645680129,5.6144622459486975,5.772070701915765
226,SmallMLPDigits,MLP width sweep hidden=32 samples=1024 lr=1e-02,1.0,0.01,Adam,3,10,0.11689101628929241,0.1170221739458516,0.5139427965496615,0.512564081237223,0.08220542880453034,5.139427965496615,0.010848510411840984,0.015805062430748928,0.007892246004309749,0.10848510411840984,0.392767765915141,0.3946830047651544,0.08575111586445679,3.92767765915141,9.008667172610987e-06,9.390960689905831e-06,0.35439582437987427,9.008667172610987e-05,2.4975882618318988e-05,2.7369602810773173e-05,0.22558943821661748,0.0002497588261831899,0.0026338620874601926,0.002498753714170028,0.0011492281309343595,0.026338620874601926,0.003918142424354514,0.001073099960845789,0.034030968047275525,0.035263281819190626,0.0045215310150511735,0.0017892460920825835,0.03859035764543687,0.04069377913546056,0.5141638071762805,5.141638071762805,1.2490278162835289,4.116512062206671,0.9093640152756899,9.0936401527569,1.096143937071711,10.96143937071711,7.851204831090392,9.497156248608444,7.779588578690376,9.37748658424592
227,SmallMLPDigits,MLP width sweep hidden=32 samples=1024 lr=1e-02,1.0,0.01,Muon,3,10,0.11689101628929238,0.12236848263637387,0.5550375212406783,0.6396295576081789,0.08361890321467821,5.550375212406783,0.011369484990831392,0.011780962636610682,0.00803421655017664,0.11369484990831391,0.39601152550231145,0.45744679573446595,0.08452235311404688,3.9601152550231147,7.231192055047643e-06,7.337921585355223e-06,0.25368564330513943,7.231192055047643e-05,2.0424336089204047e-05,2.109411309620419e-05,0.15592771688703994,0.00020424336089204046,0.0016562514615937386,0.0009087216234614507,0.0007215762761249062,0.016562514615937385,0.003918142424354511,0.001073099960845807,0.0340309680472755,0.0352632818191906,0.005957045511360555,0.00164591060778724,0.048516955829736697,0.05361340960224499,0.5552966092865487,5.5529660928654865,0.09824185710659557,56.5234234817074,0.9825086972273157,9.825086972273157,1.1051966845559924,11.051966845559924,8.47067733733311,9.532239805719183,8.405339678078553,9.454932634179109
228,SmallMLPDigits,MLP width sweep hidden=32 samples=1024 lr=1e-02,1.0,0.01,Adam,4,10,0.11822697808141341,0.1188029490847713,0.33358499358111937,0.3534621817796079,0.04965792224823126,3.3358499358111935,0.011385193407801353,0.01316232631919094,0.008153286762491468,0.11385193407801353,0.2302519214164822,0.24420315735933198,0.04758335937459058,2.302519214164822,2.7385394246308413e-06,3.7341490894488394e-06,0.11324763311498831,2.7385394246308413e-05,1.096192639340742e-05,1.4935177257515095e-05,0.09581448149228008,0.0001096192639340742,0.0026810625341174175,0.0017851949844588746,0.0011701683844281018,0.026810625341174177,0.0037596329305452617,0.0012789162334113243,0.03249771454754063,0.033836696374907355,0.004883776079812207,0.0020008334099018586,0.04136826839927898,0.04395398471830986,0.3341284741193469,3.3412847411934687,1.8173848493737497,1.8385124880648354,0.6339738098661775,6.339738098661774,0.6425915504336949,6.425915504336949,5.438698989452737,5.59715578469764,5.362344704688389,5.435236194493559
229,SmallMLPDigits,MLP width sweep hidden=32 samples=1024 lr=1e-02,1.0,0.01,Muon,4,10,0.11822697808141341,0.12494122335848884,0.31578390136702544,0.40598673582802725,0.04444792558552447,3.1578390136702543,0.008521207723620772,0.008948739807965858,0.005967127160727073,0.08521207723620772,0.22979035248700344,0.2724410737175686,0.04666292950531561,2.2979035248700344,3.8531139531087545e-06,4.965349580316885e-06,0.12910813883569264,3.8531139531087545e-05,1.485097791508196e-05,1.9672151707746985e-05,0.10912836968654982,0.0001485097791508196,0.0016057516991200948,0.000630806033669149,0.000699504241578243,0.01605751699120095,0.0037596329305452725,0.0012789162334113139,0.032497714547540725,0.03383669637490745,0.006010359305939594,0.001863953852215224,0.04830280442609939,0.05409323375345634,0.3162872877125558,3.162872877125558,0.8639940172098061,3.6607578456848375,0.6047199380798116,6.047199380798117,0.6413033948682554,6.413033948682553,5.204653991831663,5.543443846623892,5.114906495058933,5.424340580088593
230,SmallMLPDigits,MLP width sweep hidden=32 samples=1024 lr=3e-02,1.0,0.03,Adam,0,10,0.2404122645992325,0.23585972704089284,0.37359844740483117,0.4346392810872989,0.06500796141470296,3.735984474048312,0.028982810765471358,0.05218641582569338,0.02064404114866409,0.28982810765471356,0.22848524019803113,0.27537271112816464,0.054884245192309646,2.284852401980311,4.520231601246552e-06,5.766094160721749e-06,0.18484651208476385,4.520231601246552e-05,1.5127973556855464e-05,1.9207254807290035e-05,0.14027619541240266,0.00015127973556855465,0.02247278803632442,0.01649027734892361,0.010187288810074135,0.2247278803632442,0.02741683998351317,0.009197077543433414,0.10168825398986875,0.2467515598516185,0.02920180001349859,0.012549895834201298,0.10542284315289452,0.2628162001214873,0.3764377722160115,3.764377722160115,1.0939981313388278,3.440936153659873,0.7338170310354556,7.338170310354556,0.47935369102724207,4.793536910272421,2.5520064760207584,1.8878967946129375,3.0523277681308367,1.9938820169026117
231,SmallMLPDigits,MLP width sweep hidden=32 samples=1024 lr=3e-02,1.0,0.03,Muon,0,10,0.24041226459923246,0.23367894677779616,0.3927643738202743,0.5108897238640941,0.061583311554622946,3.927643738202743,0.017890375101476508,0.027122425437838427,0.012368581505462625,0.17890375101476508,0.25970876400736875,0.34133101373471175,0.06033920702954698,2.5970876400736875,7.222375288862745e-06,9.168424906258794e-06,0.18882420739489333,7.222375288862745e-05,2.3580843702539244e-05,2.7085594264836862e-05,0.14236024817273785,0.00023580843702539244,0.009733622447761103,0.004981423249295597,0.004307342817125557,0.09733622447761103,0.0274168399835132,0.009197077543433432,0.10168825398986883,0.2467515598516188,0.034090888642682136,0.017250492696032474,0.11868024547711101,0.3068179977841392,0.3938033235386043,3.938033235386043,0.6674851096806681,5.899806869504609,0.6264583337249636,6.264583337249636,0.5448595038837345,5.448595038837345,2.2060358666505353,1.9296938486468533,2.605766951071612,2.266354858359726
232,SmallMLPDigits,MLP width sweep hidden=32 samples=1024 lr=3e-02,1.0,0.03,Adam,1,10,0.23697044472877565,0.23388722966055164,0.46464090672901814,0.5435379175310483,0.08109840613344287,4.646409067290182,0.01330972667486432,0.012500324242936588,0.00978614131171107,0.1330972667486432,0.3642454248747898,0.4252713956725566,0.08562436970497025,3.6424542487478977,5.758436793526734e-06,7.318599072383567e-06,0.2306783361895699,5.758436793526734e-05,1.145058015693648e-05,1.585147386915303e-05,0.1069036765064322,0.0001145058015693648,0.026054180154370464,0.023440462313147076,0.011875429185373085,0.26054180154370465,0.027323352867347606,0.0084014412171512,0.10312907025451591,0.24591017580612845,0.031363519872980826,0.013385985583765567,0.11244797552618263,0.2822716788568274,0.46489906902641953,4.6489906902641955,1.0892026836716697,4.268251226293886,0.6334476031257337,6.334476031257337,0.7641736013327882,7.641736013327883,2.6851620325487744,3.1278947525021836,2.673108048772688,3.2247633337035873
233,SmallMLPDigits,MLP width sweep hidden=32 samples=1024 lr=3e-02,1.0,0.03,Muon,1,10,0.2369704447287756,0.2315929180790574,0.6117067988632324,0.695795154970104,0.08719729716771973,6.117067988632324,0.01445270960161138,0.022483943507554116,0.010437069831801118,0.1445270960161138,0.4470932960557515,0.5114483821539931,0.09139652748736014,4.470932960557515,6.160559404759595e-06,7.398181136051161e-06,0.19375335656663809,6.160559404759595e-05,2.141636941758899e-05,2.2652222545012213e-05,0.14708764487312606,0.0002141636941758899,0.010961472344723467,0.006987691962448176,0.004860873023551399,0.10961472344723466,0.02732335286734763,0.008401441217151237,0.10312907025451597,0.24591017580612867,0.036277671868466504,0.018492566518651228,0.12454163409056661,0.32649904681619857,0.6125268304752735,6.125268304752734,0.6938681067597674,8.82771270948967,0.8755794313047861,8.755794313047861,0.9379854099639416,9.379854099639417,3.543738605725971,3.9355873962588737,3.694888754194347,3.9582379610145577
234,SmallMLPDigits,MLP width sweep hidden=32 samples=1024 lr=3e-02,1.0,0.03,Adam,2,10,0.2410125318341564,0.2370533051183514,0.3539155432083977,0.43106256505415275,0.05987299147052392,3.5391554320839766,0.02611372002158254,0.046295549830221897,0.01899959933016763,0.2611372002158254,0.2176146842241379,0.2971522789692423,0.04932241473513618,2.176146842241379,4.885444352308194e-06,5.913630124212653e-06,0.20866483163068156,4.885444352308194e-05,1.7280052317251592e-05,2.3622323788880255e-05,0.17198473026473957,0.00017280052317251591,0.01989719691330736,0.013362016147499057,0.008976574791784292,0.19897196913307358,0.027934018833829892,0.009309021379843673,0.1042916208085052,0.25140616950446903,0.02931877996039613,0.011845727585914956,0.1074857959293378,0.2638690196435652,0.3563232973984492,3.563232973984492,0.8575588092095958,4.155088765595786,0.7115155192923488,7.1151551929234875,0.4565476615214079,4.565476615214079,2.513788746693741,1.8101475689624789,2.9521930410736945,1.8942901352348092
235,SmallMLPDigits,MLP width sweep hidden=32 samples=1024 lr=3e-02,1.0,0.03,Muon,2,10,0.24101253183415633,0.23424634743321715,0.3045103514347378,0.3700714913472765,0.04406933138971364,3.045103514347378,0.015602466880410181,0.027613321339538345,0.011107308782468467,0.15602466880410182,0.2211433217158941,0.28538180747360875,0.046144726425367474,2.211433217158941,4.030725823267742e-06,5.0785819585196885e-06,0.1347109786608337,4.0307258232677414e-05,1.3909148443061203e-05,1.7892231659449596e-05,0.10059682368357208,0.00013909148443061204,0.009609541779776265,0.004443665502813624,0.0042513413411526335,0.09609541779776265,0.027934018833829892,0.009309021379843687,0.10429162080850513,0.25140616950446903,0.0343558763439745,0.018717814384503283,0.12055990677442423,0.30920288709577054,0.30624016143308125,3.0624016143308124,1.2179449866540397,2.5144006074887644,0.5521938677542038,5.521938677542038,0.46395061413447125,4.639506141344713,2.201440812068125,2.0257266463729318,2.291141724257621,1.9250061837187842
236,SmallMLPDigits,MLP width sweep hidden=32 samples=1024 lr=3e-02,1.0,0.03,Adam,3,10,0.23302440964300003,0.23142707801638462,0.5369650115943261,0.553553528593911,0.09114804331562912,5.369650115943261,0.012454187879820156,0.017810187945728997,0.009225237183016068,0.12454187879820156,0.3885028999492503,0.389061922063304,0.08946857837175773,3.885028999492503,7.450286279510695e-06,7.648018354044344e-06,0.29993484862429076,7.450286279510695e-05,1.9458092183133274e-05,2.0985910676684195e-05,0.1873015782083657,0.00019458092183133275,0.0217876448759466,0.023808049806269677,0.009830218329075614,0.217876448759466,0.027663725974476493,0.010055492888239977,0.10472227906618477,0.24897353377028844,0.029172414723708177,0.012900047581766914,0.10787479237167305,0.2625517325133736,0.5371927902996062,5.371927902996062,1.761047214940588,3.050416739211216,0.717613624117331,7.17613624117331,0.8150648983017559,8.15064898301756,2.8567670868773796,3.3262564261678143,3.0795641762025503,3.497766176300836
237,SmallMLPDigits,MLP width sweep hidden=32 samples=1024 lr=3e-02,1.0,0.03,Muon,3,10,0.23302440964300003,0.2265462482710464,0.6230775108717902,0.7325236550151674,0.09335105730665068,6.230775108717902,0.01791594982580542,0.026323796836367784,0.012573131504168254,0.17915949825805422,0.4570548307230915,0.5673151527055738,0.09808952669818201,4.570548307230915,8.468692354290582e-06,9.72419969163766e-06,0.2852890920187182,8.468692354290583e-05,2.5823178188972766e-05,2.8646231741608914e-05,0.18508005180315992,0.00025823178188972765,0.01065525062227266,0.006641819177109661,0.004722421230155289,0.1065525062227266,0.027663725974476503,0.010055492888239984,0.10472227906618478,0.24897353377028852,0.034056550892230676,0.018189350372009975,0.12112118681456356,0.3065089580300761,0.6234208077301189,6.234208077301188,0.09988278056261247,62.41524357036912,0.8492461042097228,8.492461042097228,0.9588843459606246,9.588843459606245,3.2427680485386388,3.6422930243578073,3.644451263757268,4.114952366705541
238,SmallMLPDigits,MLP width sweep hidden=32 samples=1024 lr=3e-02,1.0,0.03,Adam,4,10,0.23948188895515032,0.23387017197911272,0.37739772009375605,0.3713691056865792,0.06064227449736424,3.7739772009375603,0.009702207949464081,0.012778543457886489,0.0071095087122457655,0.09702207949464081,0.25819861317546444,0.2594762716076495,0.056931321939436105,2.581986131754644,2.367765233215443e-06,3.3756081914887152e-06,0.10340245424499384,2.3677652332154427e-05,9.19619560528119e-06,1.2623540174219625e-05,0.08915699159397986,9.19619560528119e-05,0.022820358629867466,0.019487542284837924,0.010340161388725141,0.22820358629867465,0.027593125802323582,0.008740071132360486,0.10457203705599587,0.24833813222091225,0.03024798355442499,0.011840509391703702,0.11221273796186787,0.2722318519898249,0.3784113736755176,3.7841137367551756,2.238557804227145,1.6904248483597362,0.5259469048437494,5.259469048437494,0.5416912625800349,5.416912625800348,2.322568335488331,2.569391328027013,2.196186555644914,2.261929972840166
239,SmallMLPDigits,MLP width sweep hidden=32 samples=1024 lr=3e-02,1.0,0.03,Muon,4,10,0.23948188895515027,0.23183907032189974,0.39431598388348793,0.46134551269224,0.05545228885723609,3.9431598388348794,0.020233242334238687,0.02992884165555116,0.013977664030546927,0.20233242334238688,0.3070343154694549,0.35077026591264737,0.06297174761142552,3.070343154694549,3.978890112449314e-06,5.0547318883553605e-06,0.13366645251682968,3.9788901124493146e-05,1.654437836691638e-05,2.2092278288584683e-05,0.11826213059573427,0.0001654437836691638,0.010399178754690475,0.00506506037183511,0.004608023619046447,0.10399178754690475,0.027593125802323582,0.008740071132360491,0.10457203705599588,0.24833813222091225,0.034677079340787245,0.016882203862253434,0.12252972751841733,0.3120937140670852,0.39611586754523975,3.9611586754523977,0.7745777376839129,5.1139588484646765,0.6768762971098576,6.768762971098576,0.6441467828063848,6.441467828063848,2.6600688551148424,2.6268727389312185,2.8264195679391095,2.6897515533085654
240,SmallMLPDigits,MLP width sweep hidden=64 samples=1024 lr=3e-03,1.0,0.003,Adam,0,10,0.03727491508607013,0.03877585178725906,0.5749308354224648,0.69196808292618,0.08118911964543304,5.749308354224648,0.0032077800586788998,0.0038233291551115303,0.002324837189599502,0.032077800586788996,0.4082952451658448,0.4916987188310617,0.07993563470962321,4.082952451658448,4.65603716686874e-06,5.89797091996752e-06,0.19097660488693488,4.6560371668687405e-05,1.4743305126458728e-05,1.7714899692893204e-05,0.13062263199349775,0.00014743305126458728,0.0007025644553244614,0.00031312545344147494,0.0003055152641351165,0.007025644553244614,7.026557495909104e-05,4.4110778134484245e-05,0.0018901230050296968,0.0006323901746318195,0.0001511563929760771,0.0001504184914311054,0.003906736014031114,0.001360407536784694,0.5749466492101052,5.749466492101052,0.5598532573997156,10.269595498657848,1.2391603391721229,12.391603391721228,1.1806711517220276,11.806711517220275,33.23668520792684,31.668685354190313,33.243813870825015,31.67468387240544
241,SmallMLPDigits,MLP width sweep hidden=64 samples=1024 lr=3e-03,1.0,0.003,Muon,0,10,0.03727491508607013,0.03698771164256566,0.5908363335817112,0.7089874347950481,0.08248298752977248,5.9083633358171115,0.002368755666292954,0.00165540675728616,0.0017087406838468436,0.023687556662929543,0.4287299263318456,0.5107464800157729,0.08297378697647066,4.287299263318456,4.936507109525104e-06,6.225905610426974e-06,0.20686676216276295,4.936507109525104e-05,1.4775493863367983e-05,1.7845092510369224e-05,0.13309438936609064,0.00014775493863367984,0.0004138675512021628,0.00018510536643800648,0.0001798714232966597,0.004138675512021628,7.026557495908951e-05,4.4110778134478885e-05,0.0018901230050296558,0.0006323901746318056,0.00013999673015159067,8.178934356117078e-05,0.0038080155609117403,0.0012599705713643161,0.5908457965323424,5.908457965323424,0.1077686563766364,54.82538396576263,1.2648724444582309,12.648724444582308,1.2397623089985093,12.397623089985093,33.93669757725716,33.261981127683455,33.933610352634226,33.259963332869305
242,SmallMLPDigits,MLP width sweep hidden=64 samples=1024 lr=3e-03,1.0,0.003,Adam,1,10,0.03677253266165463,0.038792377778825174,0.31166561823214456,0.39966711249523085,0.04278944554563187,3.116656182321446,0.003954862456232977,0.0021996127701674178,0.0029300878273706248,0.03954862456232977,0.2332581657204818,0.30469253549271724,0.04312381149828607,2.332581657204818,3.299328582771332e-06,4.170391062814142e-06,0.18124759993359635,3.299328582771332e-05,1.2575065851747877e-05,1.51606325892113e-05,0.1354413512814186,0.00012575065851747877,0.0007130086005945113,0.00023340295845032712,0.0003100451451764441,0.007130086005945113,9.694258496008763e-05,3.93947394264073e-05,0.0026420500017248767,0.0008724832646407887,0.0002207332769711998,0.00022661323977629807,0.005701155622154158,0.001986599492740798,0.3118905287199122,3.1189052871991216,0.09924648591102576,31.42585108751571,0.7292449140900823,7.292449140900823,0.6745148037614401,6.745148037614401,19.80826466020728,18.310157702877397,19.83123982239381,18.342897672229288
243,SmallMLPDigits,MLP width sweep hidden=64 samples=1024 lr=3e-03,1.0,0.003,Muon,1,10,0.036772532661654624,0.03678197367777832,0.40578782010273706,0.4657326051984746,0.055863615150849165,4.05787820102737,0.0025139328875760205,0.002223272872444213,0.0018707636344307524,0.025139328875760203,0.29692901567384944,0.34892714715114975,0.054840499739722104,2.969290156738494,3.869648469217514e-06,4.400464045317253e-06,0.23076466056236047,3.8696484692175146e-05,1.4118346442604226e-05,1.6463239358482485e-05,0.1626520265019213,0.00014118346442604227,0.00042306930681155206,0.00022472253307249436,0.0001838583125430793,0.004230693068115521,9.69425849600861e-05,3.9394739426415275e-05,0.002642050001724836,0.0008724832646407749,0.00017281266630784898,8.322123514051956e-05,0.004725560839581852,0.0015553139967706409,0.4058114267324172,4.058114267324172,0.34507658628755083,11.760039448004052,0.88924240995904,8.8924240995904,0.8586323917951386,8.586323917951386,24.180897676381495,23.331798446038974,24.182245431419993,23.34983014891701
244,SmallMLPDigits,MLP width sweep hidden=64 samples=1024 lr=3e-03,1.0,0.003,Adam,2,10,0.03744467145199007,0.038716560131462255,0.3648344431914561,0.42711028818264996,0.04927468175842116,3.648344431914561,0.002133109537981781,0.0024061233416493993,0.001535848451710687,0.02133109537981781,0.2602140569018019,0.30481568347289373,0.048941944889164736,2.602140569018019,2.6593840349035074e-06,3.2894592337075184e-06,0.10832068298918038,2.6593840349035073e-05,7.154743487474819e-06,9.088289166318222e-06,0.061229499907565633,7.154743487474819e-05,0.0007763639176550097,0.00031978971999812705,0.00033767949341656674,0.007763639176550097,7.248095543578504e-05,5.737595654908794e-05,0.0019413381447934241,0.0006523285989220654,0.00016089787335332034,0.00017474873599366563,0.004142330293309906,0.001448080860179883,0.3648587471056016,3.648587471056016,0.3718870128512121,9.811010723613991,0.793543819467847,7.93543819467847,0.7524634045927223,7.524634045927224,21.249121419747446,20.150846841165396,21.192436432118104,20.095340015401074
245,SmallMLPDigits,MLP width sweep hidden=64 samples=1024 lr=3e-03,1.0,0.003,Muon,2,10,0.037444671451990076,0.03707811857524211,0.32798403027155737,0.43212361796018,0.04287562478928717,3.2798403027155736,0.002332115279283542,0.0009278249477995461,0.0016664684491167463,0.02332115279283542,0.23048384501251462,0.3063736906374272,0.04228381038251112,2.304838450125146,2.4040280480063573e-06,2.924009872171886e-06,0.0999079587173253,2.4040280480063573e-05,6.301178444784568e-06,8.255897973891444e-06,0.05320275863092248,6.301178444784568e-05,0.00047002870092081037,0.00025483416783261576,0.00020431346281284558,0.004700287009208104,7.248095543579043e-05,5.7375956549093574e-05,0.0019413381447935683,0.0006523285989221139,0.0001648713531733826,0.00010592236649870265,0.0044774879992136194,0.0014838421785604433,0.3280637542456016,3.2806375424560157,0.8442263671606682,3.8859690600396326,0.7249676993521783,7.249676993521783,0.6664922748089135,6.664922748089134,19.432802976032725,17.865949284397054,19.361037798974955,17.799389044271916
246,SmallMLPDigits,MLP width sweep hidden=64 samples=1024 lr=3e-03,1.0,0.003,Adam,3,10,0.036976246667609534,0.038500457467702906,0.5504964907135257,0.6454804154696842,0.0744565172662113,5.504964907135257,0.0037034298756902563,0.0030728634510886967,0.0027104458280373884,0.03703429875690256,0.4117507537505756,0.4739730449747119,0.0765387517966166,4.117507537505756,7.1059405784020396e-06,7.408319512145128e-06,0.31290651142302495,7.10594057840204e-05,2.2516326087621253e-05,2.5099548825704363e-05,0.20442276768755097,0.00022516326087621252,0.0009211992035120353,0.0007794602357989596,0.00040078713244301255,0.009211992035120353,0.00010111649474115299,4.892372660207029e-05,0.0027442570698669815,0.000910048452670377,0.00025463851822362597,0.00022826903859640818,0.006647643139388893,0.002291746664012634,0.5505161982354153,5.505161982354153,1.1748776189311885,4.685732278534949,1.1925374348192,11.925374348192,1.1906634779830463,11.906634779830464,32.30418630701881,32.25396928943496,32.25144632821371,32.20076631049857
247,SmallMLPDigits,MLP width sweep hidden=64 samples=1024 lr=3e-03,1.0,0.003,Muon,3,10,0.03697624666760953,0.03670069452873778,0.5861958900888485,0.7177569424019694,0.07803191521528537,5.861958900888485,0.002509781330654004,0.0009087581646288828,0.001843184212904431,0.02509781330654004,0.43850557898749465,0.5260463678758824,0.07963796114245233,4.385055789874946,6.115382469950306e-06,6.440921315005318e-06,0.29998722726322485,6.115382469950307e-05,1.9672515720780717e-05,2.21310632374663e-05,0.19147593937609425,0.00019672515720780718,0.0004712998602741436,0.00036658615485101045,0.0002048784277749643,0.004712998602741436,0.00010111649474114914,4.8923726602069154e-05,0.002744257069866877,0.0009100484526703423,0.000191669612429651,9.171363971432003e-05,0.005255988694144379,0.001725026511866859,0.5862049164217317,5.862049164217317,0.8477622182102148,6.914732737905215,1.254753564621304,12.54753564621304,1.268030654555881,12.68030654555881,33.96675202164392,34.32465029837377,33.93404354694668,34.29311433241414
248,SmallMLPDigits,MLP width sweep hidden=64 samples=1024 lr=3e-03,1.0,0.003,Adam,4,10,0.03668080610985245,0.038620502379459236,0.5681440082879534,0.6388610775479636,0.07808951489438357,5.681440082879535,0.002881374086223576,0.0031935213378153134,0.0021040852649878315,0.02881374086223576,0.4142783365420481,0.46337783704577884,0.07829380366190156,4.142783365420481,2.9672851337085648e-06,3.6083025453866384e-06,0.14499407498631148,2.9672851337085646e-05,9.145843494601787e-06,1.2252511957124884e-05,0.08459840925612455,9.145843494601787e-05,0.0007844225084759238,0.00046001414731804434,0.00034119456512947415,0.007844225084759238,0.00011933645542374961,3.817486028296897e-05,0.0032592922615766423,0.0010740280988137466,0.0002601349624869341,0.0001543417663362223,0.006731203139029645,0.002341214662382407,0.5681666734013384,5.681666734013384,0.19376917892381385,29.321829021360006,1.2311715158792107,12.311715158792108,1.1979725126113299,11.979725126113298,33.58662098069558,32.67860563481834,33.564461811228256,32.65938346675416
249,SmallMLPDigits,MLP width sweep hidden=64 samples=1024 lr=3e-03,1.0,0.003,Muon,4,10,0.03668080610985244,0.03706472814277845,0.562258607016601,0.633755123041941,0.07678813938371928,5.62258607016601,0.001674538284047933,0.001396896719633508,0.0012214566110171732,0.016745382840479328,0.41050766591617494,0.46248641148868647,0.07681237974091379,4.10507665916175,3.1294896697536526e-06,3.618863282655334e-06,0.15593621769176794,3.1294896697536524e-05,8.622955103300332e-06,1.154873957520428e-05,0.08374722767038423,8.622955103300332e-05,0.0004578323672303153,0.00034347700769972786,0.00019900104087296105,0.004578323672303153,0.00011933645542374114,3.817486028296881e-05,0.0032592922615764116,0.0010740280988136702,0.0002215287869491102,8.559828198725969e-05,0.00601039951250501,0.001993759082541992,0.5622650350173999,5.622650350173999,0.34288982408604646,16.39783380904014,1.2003641277999928,12.003641277999929,1.1870688293494644,11.870688293494645,32.7097570755822,32.34457214284399,32.724584192755124,32.362124916077526
250,SmallMLPDigits,MLP width sweep hidden=64 samples=1024 lr=1e-02,1.0,0.01,Adam,0,10,0.11695238526047506,0.11861636554238861,0.49731690179941523,0.5666575622448814,0.0740985198537635,4.973169017994152,0.0065110877647859946,0.009341274668350935,0.004761507091958233,0.06511087764785994,0.3556806142948593,0.4094462068289416,0.0725292822701521,3.5568061429485933,4.163602937951708e-06,5.010121153687316e-06,0.1662597012366469,4.163602937951708e-05,1.3519306745679225e-05,1.6115021570170377e-05,0.11709651123354174,0.00013519306745679225,0.004627718648423063,0.0028138150893568096,0.002027331377563667,0.046277186484230626,0.002425600136309778,0.0008492601196582932,0.021104877683409667,0.021830401226788004,0.0030979723413110624,0.0012898911419246086,0.026490321860839723,0.027881751071799563,0.49759804072128766,4.975980407212877,1.2705033848204481,3.9165424245729965,0.8436119317976566,8.436119317976566,0.8190953469886256,8.190953469886256,7.156686227070234,6.959003324800825,7.2132939393991276,7.0036651682164965
251,SmallMLPDigits,MLP width sweep hidden=64 samples=1024 lr=1e-02,1.0,0.01,Muon,0,10,0.11695238526047502,0.11265239146903991,0.48720786508124203,0.5796705966257173,0.06812655872506763,4.87207865081242,0.007309298271081488,0.005773931061274426,0.005204281537800468,0.07309298271081488,0.33799124054356283,0.399813998846501,0.06660221630214792,3.379912405435628,5.06617959709882e-06,6.117367837986722e-06,0.18027305904829508,5.06617959709882e-05,1.650861643817807e-05,1.8797650326683096e-05,0.12472449622484678,0.0001650861643817807,0.0018524267776407922,0.0006028928135640837,0.0008073512822619124,0.01852426777640792,0.00242560013630978,0.0008492601196582909,0.021104877683409684,0.021830401226788018,0.003316415290986141,0.0011188898958897676,0.02997587815163479,0.02984773761887527,0.4874036919184128,4.874036919184128,0.1738921341812296,28.029082178636262,0.833058231849799,8.33058231849799,0.7783585647505635,7.783585647505635,7.097620863491933,6.635314374999318,7.12305465163811,6.6553457889466054
252,SmallMLPDigits,MLP width sweep hidden=64 samples=1024 lr=1e-02,1.0,0.01,Adam,1,10,0.1152432012333235,0.11812466197248025,0.32600218714903706,0.402160764875268,0.04737978041859353,3.2600218714903706,0.004690161964177664,0.004979096905200502,0.0034776300805156083,0.04690161964177664,0.2518384445442803,0.31234536390231177,0.04924204693930502,2.518384445442803,3.867239917652725e-06,4.618795798001566e-06,0.18105295014855594,3.867239917652725e-05,1.3083721828814318e-05,1.5494053440536563e-05,0.12550061042070987,0.00013083721828814317,0.004905409312887077,0.002884784864549328,0.0021500164702376863,0.04905409312887077,0.002407911912848354,0.0007296432382073202,0.021169276468473622,0.021671207215635188,0.0032312035933694003,0.0015639312920416564,0.027574888114383744,0.029080832340324603,0.3260658142132582,3.260658142132582,0.846141107430168,3.853563091900347,0.5502527171302137,5.5025271713021375,0.5799576637822238,5.799576637822238,4.738818334620848,4.977346077056613,4.774708713758844,5.032467491145364
253,SmallMLPDigits,MLP width sweep hidden=64 samples=1024 lr=1e-02,1.0,0.01,Muon,1,10,0.11524320123332349,0.11120765320985257,0.33257430476039235,0.4036901119524704,0.04555206230285845,3.3257430476039236,0.009031349559457568,0.00469911060553603,0.006580508402573701,0.09031349559457569,0.2458487178708479,0.31317171849850206,0.04579418795111291,2.458487178708479,3.8856095436614244e-06,4.82427226870474e-06,0.18264992350554765,3.885609543661424e-05,1.4618608053888239e-05,1.8009907039734876e-05,0.13071960125505774,0.0001461860805388824,0.001878213265815587,0.0006960358856462063,0.0008185610380790811,0.01878213265815587,0.002407911912848354,0.0007296432382073073,0.021169276468473615,0.021671207215635188,0.003385501593969837,0.0009588566262949061,0.030755581075730985,0.030469514345728532,0.33288692066197173,3.3288692066197174,0.5862330210814861,5.678406174525277,0.6336274851165022,6.336274851165022,0.5661639481543179,5.66163948154318,5.4850207888994795,4.8506337953466305,5.49817671095103,4.912775262187068
254,SmallMLPDigits,MLP width sweep hidden=64 samples=1024 lr=1e-02,1.0,0.01,Adam,2,10,0.1180841219882425,0.11932488767430917,0.4030572221764448,0.47939862880918765,0.05815443045830071,4.030572221764448,0.0068168391352529945,0.00967906869556676,0.004958276756358121,0.06816839135252994,0.28329854461548587,0.33147907088351797,0.05629760983658584,2.8329854461548587,2.7644274622307886e-06,3.500832962974069e-06,0.10423719163844583,2.7644274622307884e-05,7.303963891734894e-06,1.050795620137559e-05,0.06322559946306114,7.303963891734894e-05,0.004930804922665999,0.0023693661207329023,0.0021618270089776154,0.04930804922665999,0.0023673996878972423,0.0010160262730411708,0.020485246177734857,0.02130659719107518,0.0028437955312553553,0.0015137328164175556,0.024181752717296147,0.025594159781298198,0.40313420649717324,4.031342064971732,0.695822976548009,5.793631715025131,0.6809099627732079,6.809099627732079,0.6524069920516548,6.524069920516547,5.768258062923196,5.5251269678189185,5.766312619413856,5.524934098393128
255,SmallMLPDigits,MLP width sweep hidden=64 samples=1024 lr=1e-02,1.0,0.01,Muon,2,10,0.11808412198824256,0.11281092710231674,0.32754600251674193,0.37447337876303644,0.043073931693493515,3.275460025167419,0.006361030057341699,0.004968837090281828,0.004494103277404693,0.06361030057341699,0.22572302671950525,0.26486109857504253,0.04227212198408296,2.2572302671950526,2.319761171967695e-06,2.8556585929067574e-06,0.08003725188389021,2.319761171967695e-05,8.078418063572267e-06,8.35199009065307e-06,0.05761187551363371,8.078418063572267e-05,0.001963639991878985,0.0005201461527695614,0.0008560775260894416,0.01963639991878985,0.0023673996878972297,0.0010160262730412044,0.02048524617773476,0.02130659719107507,0.003357380746374969,0.0012501718871538966,0.030295124743241458,0.03021642671737472,0.32783290702638007,3.278329070263801,0.964030758874891,3.4006477906264116,0.5848196178277831,5.848196178277831,0.5198165811220262,5.198165811220262,5.08032786080527,4.542239449994938,4.952567779485312,4.402087023806499
256,SmallMLPDigits,MLP width sweep hidden=64 samples=1024 lr=1e-02,1.0,0.01,Adam,3,10,0.11551282255027062,0.1158119671602938,0.5311204710560091,0.5776076500967244,0.07702027120978994,5.311204710560091,0.005558017795701753,0.007871426362053586,0.004090755153235212,0.05558017795701753,0.39138179955844415,0.4349737535705272,0.07693253634414847,3.9138179955844414,7.288060144719815e-06,7.6235481030685475e-06,0.3018642908944427,7.288060144719815e-05,2.2938479920838174e-05,2.5384391479702272e-05,0.2051866798383543,0.00022938479920838175,0.005270828421976859,0.004941358968979222,0.002311103601295873,0.052708284219768586,0.002523853312029492,0.0007851496224780066,0.02217454279643808,0.02271467980826543,0.0032915338587830934,0.000991456122331838,0.028615308164914435,0.02962380472904784,0.5311964941675231,5.311964941675232,2.306489525878808,2.303051837901276,0.8791606381714905,8.791606381714905,0.9013114519887667,9.013114519887667,7.591272093756558,7.8031751788672805,7.610935468128519,7.8026961171044045
257,SmallMLPDigits,MLP width sweep hidden=64 samples=1024 lr=1e-02,1.0,0.01,Muon,3,10,0.11551282255027057,0.1106244286488774,0.5819727562925227,0.6870728111629978,0.0777930947628119,5.819727562925227,0.008207118260794854,0.004235235099428194,0.005921404083163253,0.08207118260794855,0.4280741927298683,0.4912775167396809,0.0793470385576465,4.280741927298683,6.851221639584894e-06,6.950070508593585e-06,0.27396106322419533,6.851221639584894e-05,2.2096962462053272e-05,2.3653145675194193e-05,0.1804864438376539,0.0002209696246205327,0.0020626508071190488,0.0011438525603027928,0.000899378411365845,0.020626508071190486,0.002523853312029481,0.0007851496224780337,0.022174542796437987,0.02271467980826533,0.003480353880483645,0.0009998109554301977,0.03176529311474598,0.03132318492435281,0.5820641600504581,5.820641600504581,0.8323281436881492,6.993205317691886,0.9706235616542432,9.706235616542433,0.9858102053891298,9.858102053891297,8.449407135100767,8.574088944909835,8.402734347797908,8.534205845070666
258,SmallMLPDigits,MLP width sweep hidden=64 samples=1024 lr=1e-02,1.0,0.01,Adam,4,10,0.11351409252498762,0.11514071814696702,0.48162395424056814,0.5767927590828056,0.0698823446883672,4.816239542405682,0.005005354172883924,0.006054380294817733,0.0036971245873086084,0.050053541728839246,0.35776811544328496,0.43302827705244623,0.07029374823884621,3.5776811544328497,2.5641739017608783e-06,3.377276942214341e-06,0.12149962134497087,2.5641739017608784e-05,9.56746566458238e-06,1.1515642479141387e-05,0.08879060340827608,9.56746566458238e-05,0.004949494080393935,0.003180478113767715,0.0021697794749990073,0.04949494080393935,0.0026543033096222165,0.0005951406049507908,0.023555666645750022,0.02388872978659995,0.003722570580863076,0.0007342521577399171,0.03208797475512048,0.03350313522776768,0.481733974784645,4.81733974784645,0.6319549584133556,7.622916291283334,0.8074503175169095,8.074503175169095,0.8239026443469554,8.239026443469553,7.126309719397926,7.301859725441227,7.113216513968671,7.258152939606079
259,SmallMLPDigits,MLP width sweep hidden=64 samples=1024 lr=1e-02,1.0,0.01,Muon,4,10,0.11351409252498765,0.11033878117596643,0.5129981619823554,0.566654991341822,0.0702422522568251,5.129981619823553,0.00549434640368609,0.003212448012933021,0.003962511014296714,0.0549434640368609,0.3691227904617838,0.4079194772351963,0.07015320413451484,3.691227904617838,3.3422921912237996e-06,4.177717218087344e-06,0.13987301099811558,3.3422921912237996e-05,1.372300299426878e-05,1.6666534367288458e-05,0.11046153763258278,0.0001372300299426878,0.0019909222893163213,0.0008579520027619924,0.000868019734255763,0.019909222893163214,0.0026543033096222118,0.0005951406049508091,0.023555666645749988,0.023888729786599908,0.003771904448011238,0.0008856826696877643,0.034304137929744224,0.03394714003210114,0.5130598620217945,5.130598620217945,0.4040153581031899,12.699018780636392,0.8405481415455641,8.405481415455641,0.8500512762949146,8.500512762949146,7.427992638732936,7.517556608370164,7.404791095524424,7.4885087603355895
260,SmallMLPDigits,MLP width sweep hidden=64 samples=1024 lr=3e-02,1.0,0.03,Adam,0,10,0.2531725582012682,0.24907282545211823,0.4313931728916499,0.5382235777584463,0.06838909891485465,4.313931728916499,0.018753444722945666,0.028542771277938774,0.013818328331518576,0.18753444722945667,0.297574489864335,0.34088233854308025,0.06446380579924607,2.9757448986433497,4.2364087947368e-06,5.228848193095391e-06,0.1840280468038297,4.2364087947368006e-05,1.3666498043961782e-05,1.7348573928111993e-05,0.1318338678352074,0.00013666498043961783,0.043726632714533274,0.03621922699853898,0.020674938560712473,0.43726632714533276,0.022378358220268,0.005528558002897666,0.08215235235120417,0.201405223982412,0.02421888855718795,0.008021009740138722,0.08719615417998058,0.21796999701469155,0.4322840840790446,4.322840840790446,1.499059923938294,2.883701159479725,0.716302318278155,7.163023182781551,0.5800014830178155,5.800014830178155,2.5062608689912387,2.0833448193570314,2.8293047373195397,2.290933453209109
261,SmallMLPDigits,MLP width sweep hidden=64 samples=1024 lr=3e-02,1.0,0.03,Muon,0,10,0.25317255820126827,0.23121738729769512,0.47030580841402997,0.5360431371152788,0.06629447513441777,4.7030580841403,0.010532065950792013,0.01815017765020614,0.00749091338919156,0.10532065950792013,0.3318233942068309,0.3742392270758305,0.06694117739148397,3.318233942068309,5.328672234868967e-06,7.0623436936245895e-06,0.16925754849514446,5.328672234868967e-05,1.923335454445622e-05,2.287366676843489e-05,0.12990699688585233,0.0001923335454445622,0.010808649184623898,0.005171935328879481,0.004793347443961664,0.10808649184623897,0.022378358220267982,0.005528558002897698,0.08215235235120406,0.20140522398241184,0.024360745789041682,0.008711714306116985,0.09359397097081223,0.21924671210137514,0.47077754353591283,4.707775435359128,0.11918965153709259,39.498189437142855,0.6925460218404643,6.925460218404643,0.6467559125370912,6.4675591253709115,2.5247172941293794,2.3705851260975717,2.7354703320171887,2.5546051164950123
262,SmallMLPDigits,MLP width sweep hidden=64 samples=1024 lr=3e-02,1.0,0.03,Adam,1,10,0.2500635645774543,0.24631854239540346,0.42089805891125176,0.5438612016875773,0.06632938950221896,4.208980589112517,0.013828776765204508,0.012901229301694201,0.010204612172683442,0.1382877676520451,0.31371160199928505,0.424812792091907,0.06604767233698394,3.1371160199928507,4.7829238878598455e-06,5.70004845250924e-06,0.20606271014145858,4.782923887859845e-05,1.1807347795350719e-05,1.504113381935588e-05,0.11252065514679736,0.00011807347795350718,0.04840431368336782,0.040041840751733,0.023108316982974386,0.48404313683367817,0.022270456406097684,0.005507847226695712,0.08275093431557218,0.20043410765487915,0.02437782709734583,0.00936336817130654,0.08792527209737117,0.21940044387611246,0.4212504679705965,4.212504679705965,0.6236843112401202,6.7542258219224935,0.6262939792135886,6.262939792135887,0.6114542764819427,6.1145427648194275,2.538450110159325,2.4126135454462743,2.504539116971602,2.445195394679547
263,SmallMLPDigits,MLP width sweep hidden=64 samples=1024 lr=3e-02,1.0,0.03,Muon,1,10,0.2500635645774544,0.22827975164846212,0.27869214226834316,0.330174170995539,0.03790288857479999,2.786921422683432,0.012812847400489246,0.015668434850140456,0.009282770472456608,0.12812847400489247,0.23146914713060546,0.27434934392118254,0.04384744921227189,2.3146914713060545,4.716431535383252e-06,5.482582320444203e-06,0.18079458158484107,4.7164315353832516e-05,1.7376888001839522e-05,2.010084667280553e-05,0.1289471659791191,0.0001737688800183952,0.011334355478437131,0.005961596256860652,0.005030710391651174,0.1133435547843713,0.022270456406097688,0.0055078472266956655,0.0827509343155722,0.20043410765487918,0.024545777561321386,0.009296176546748112,0.09489329316059886,0.2209119980518925,0.27945196695640356,2.7945196695640355,0.5619346647530846,4.973033067450918,0.4864899970411625,4.864899970411625,0.4511557716853559,4.511557716853559,1.7932888398912852,1.7044815872771797,1.945465337436145,1.8041643629598645
264,SmallMLPDigits,MLP width sweep hidden=64 samples=1024 lr=3e-02,1.0,0.03,Adam,2,10,0.2539921448644478,0.2512029814976805,0.4315192407902799,0.5784396963921042,0.07078428480067785,4.315192407902799,0.02084198532096777,0.028219828961664598,0.0152753553161869,0.2084198532096777,0.2875215800517581,0.39561792139658714,0.06532402589561792,2.875215800517581,3.619942684820493e-06,4.032722854740904e-06,0.1465520176332094,3.619942684820493e-05,1.0987667284910363e-05,1.4199152802180684e-05,0.10397925312512843,0.00010987667284910363,0.04736987708586397,0.03283898250977416,0.022626147314605122,0.47369877085863976,0.02276690131921684,0.006118009494834384,0.08387310398570776,0.20490211187295154,0.02419867601091345,0.00833084403205503,0.08764416157237123,0.21778808409822104,0.43279566639447536,4.327956663944754,0.6373403549565811,6.790652169262993,0.77600596382143,7.760059638214299,0.560407388770701,5.60407388770701,2.9888450164070206,2.3656440256739195,3.055236075255689,2.2063965366715683
265,SmallMLPDigits,MLP width sweep hidden=64 samples=1024 lr=3e-02,1.0,0.03,Muon,2,10,0.253992144864448,0.2304928012642397,0.39551379090320643,0.4437316016357692,0.052692928383059855,3.9551379090320644,0.01126978063663533,0.013666031886918832,0.007886636521107954,0.11269780636635329,0.26796530190976336,0.31501179995736933,0.05125306201035238,2.6796530190976338,3.367082278902816e-06,3.750222623593455e-06,0.10674337814982424,3.367082278902816e-05,1.126702902134742e-05,1.247090176859704e-05,0.07631923199365079,0.0001126702902134742,0.011028975617632008,0.0043285126213385115,0.004894450449675547,0.11028975617632009,0.02276690131921684,0.006118009494834391,0.08387310398570774,0.20490211187295157,0.024739456386058505,0.009803611145938562,0.09537026533285506,0.22265510747452655,0.39582224156800666,3.9582224156800665,0.9580151109975589,4.13169100386993,0.5871529133603243,5.871529133603243,0.5222903098173367,5.222903098173367,2.3407073963484497,2.158616200570866,2.3116971340734946,2.05632465561514
266,SmallMLPDigits,MLP width sweep hidden=64 samples=1024 lr=3e-02,1.0,0.03,Adam,3,10,0.25051216720105013,0.243988832612789,0.5029459821087858,0.662953082568624,0.07415286801346846,5.029459821087858,0.012319901058409743,0.012917786662670945,0.00917142612114894,0.12319901058409743,0.37649006032422294,0.46305121075430394,0.0752523682870416,3.7649006032422294,5.549626698656474e-06,6.683922633260199e-06,0.25005900556160876,5.549626698656474e-05,1.7525277619861757e-05,2.1263346644622945e-05,0.172962520415336,0.00017525277619861757,0.04602638026098893,0.04504969062218691,0.0217977966744747,0.4602638026098893,0.022653947688768997,0.005544749450994609,0.08428167028870952,0.20388552919892097,0.02431279905729719,0.008335130530666679,0.08868321333457473,0.21881519151567472,0.503293648513234,5.03293648513234,3.0669837215058067,1.6410052814565652,0.7206352441867385,7.206352441867385,0.733815568092108,7.33815568092108,2.5078301031941077,2.527974734105004,2.876647678387566,2.929261186356588
267,SmallMLPDigits,MLP width sweep hidden=64 samples=1024 lr=3e-02,1.0,0.03,Muon,3,10,0.2505121672010501,0.22786791206392318,0.5111111106375492,0.6266459145866998,0.06902176273511607,5.111111106375493,0.014308476867688168,0.013168343506016722,0.010167969265035052,0.1430847686768817,0.37783676966488355,0.45155567630525767,0.07178758376009811,3.7783676966488358,6.969453622233806e-06,7.347900143161535e-06,0.24048026053920254,6.969453622233806e-05,2.3626167724165964e-05,2.479049695615675e-05,0.1678761485133212,0.00023626167724165962,0.011831923725847248,0.006956823881597789,0.005256846320890181,0.11831923725847249,0.022653947688768997,0.005544749450994616,0.08428167028870955,0.20388552919892097,0.024706514213710045,0.009366978517422525,0.09597803506916998,0.2223586279233904,0.5115293739651938,5.115293739651938,1.0343874260559063,4.945239675965926,0.7451972812858335,7.451972812858335,0.7364404349452217,7.364404349452217,2.773283133702664,2.7028796460755795,2.974694960376,2.9397391878143266
268,SmallMLPDigits,MLP width sweep hidden=64 samples=1024 lr=3e-02,1.0,0.03,Adam,4,10,0.24654404945058989,0.2417119942782744,0.37447780098095296,0.4944231652066415,0.05880097162321364,3.7447780098095294,0.015838609908412238,0.021138981620420993,0.011678239746440822,0.15838609908412238,0.3111773131738997,0.4024249865173513,0.06600709224305541,3.111773131738997,3.459889104006118e-06,4.512999082223224e-06,0.16024110094475044,3.459889104006118e-05,1.3357133161049766e-05,1.7050821775711872e-05,0.12786758266280943,0.00013357133161049766,0.046431212945579815,0.0405275076543072,0.022051808828112897,0.46431212945579814,0.022625188470314236,0.005874533486517452,0.08465208723173594,0.20362669623282814,0.025734125824483145,0.009683373600491969,0.0933698185061818,0.2316071324203483,0.3753019700250865,3.753019700250865,0.738205883095046,5.0839742491833455,0.6321331702876145,6.3213317028761455,0.6065147022671329,6.065147022671329,2.573655173024892,2.472475775114675,2.563976586319115,2.460066278698343
269,SmallMLPDigits,MLP width sweep hidden=64 samples=1024 lr=3e-02,1.0,0.03,Muon,4,10,0.24654404945058983,0.22486263381572505,0.4987196251613966,0.5536627609689151,0.06821825035133286,4.987196251613966,0.007666404314187747,0.014534824557131438,0.00552944350292041,0.07666404314187747,0.33945553442194304,0.3829087462369018,0.06595404594719863,3.3945553442194303,3.4627468299878063e-06,4.329775462767885e-06,0.12472261532859866,3.462746829987806e-05,1.647210154543011e-05,1.9408445415846494e-05,0.11140467628786865,0.00016472101545430108,0.011619338396483237,0.005518392405417002,0.0051618263738304375,0.11619338396483236,0.02262518847031421,0.005874533486517436,0.08465208723173587,0.2036266962328279,0.02540549163468321,0.010050088470324329,0.09812152688097488,0.2286494247121489,0.49959942705101457,4.995994270510145,0.23329790933633898,21.414655127952997,0.7306142076126163,7.306142076126163,0.6616316925321538,6.616316925321538,2.959526756458504,2.7933789505350024,2.9634225982770657,2.6836246666936985
270,SmallMLPDigits,MLP width sweep hidden=128 samples=1024 lr=3e-03,1.0,0.003,Adam,0,10,0.026276329155079527,0.027033726423630708,0.6792996126181169,0.7250590657410557,0.0895120302668653,6.792996126181169,0.0035066976651536574,0.0029720926763974645,0.0025903908282016077,0.035066976651536574,0.49923951247904375,0.5359487715102516,0.08921750070408238,4.992395124790438,4.252505464218885e-06,5.136365962293402e-06,0.20364759436950872,4.252505464218885e-05,1.3165549687919816e-05,1.4664890159134328e-05,0.12772453429111405,0.00013165549687919816,0.0008930624162117428,0.000726551010646661,0.0003884105599793428,0.008930624162117429,2.6548267808528907e-05,1.7076659159063816e-05,0.0010119153893743077,0.00023893441027676016,0.00010291857402487515,0.0001375058507881102,0.003799887702226198,0.0009262671662238764,0.6793160357936159,6.793160357936159,0.32227819989567014,21.07855995265979,1.310718975350586,13.107189753505859,1.3026131336311695,13.026131336311694,49.89270847254424,49.578624838671864,49.882118906902505,49.57363435140859
271,SmallMLPDigits,MLP width sweep hidden=128 samples=1024 lr=3e-03,1.0,0.003,Muon,0,10,0.026276329155079516,0.026096194943010378,0.6896306127721978,0.7603814616654215,0.09063141675399068,6.896306127721978,0.0014064387807313893,0.001081406747428916,0.0010418663939167159,0.014064387807313894,0.5109845224323791,0.5641956713221609,0.09106347686271547,5.1098452243237915,4.414707369431005e-06,5.287138544895899e-06,0.21528581442273714,4.414707369431005e-05,1.3051457468150591e-05,1.4927534035258323e-05,0.12846407281099642,0.00013051457468150592,0.000543633591229975,0.0004778857512397524,0.0002362904200419423,0.00543633591229975,2.6548267808526207e-05,1.7076659159062684e-05,0.0010119153893742047,0.00023893441027673587,5.206221434117376e-05,3.36870389473877e-05,0.00200176826145463,0.0004685599290705639,0.6896346463150661,6.896346463150661,0.07658044627896662,90.05362071185517,1.307070012162441,13.07070012162441,1.3332581523795315,13.332581523795314,49.73976738030619,50.73480164675758,49.743250073032726,50.739893860775354
272,SmallMLPDigits,MLP width sweep hidden=128 samples=1024 lr=3e-03,1.0,0.003,Adam,1,10,0.02625390957171933,0.027421081269310147,0.6049497539958159,0.7240577379150641,0.07871686679741739,6.049497539958159,0.002634372038237287,0.0009518299412215384,0.0019379050883598897,0.02634372038237287,0.4405557186097727,0.5284720709227034,0.0780298424520054,4.405557186097727,3.7669678388107686e-06,4.635847812734385e-06,0.1890617477687619,3.766967838810769e-05,1.3564353062280743e-05,1.6667233275161654e-05,0.13126157869274674,0.00013564353062280743,0.0010615016620214135,0.0005750190492531213,0.00046213716743567806,0.010615016620214135,4.620083839532086e-05,1.708516457398546e-05,0.0017621734198447628,0.00041580754555788774,0.00010254542229048324,9.637306911058444e-05,0.0037404879073947264,0.0009229088006143492,0.6049589511003339,6.049589511003339,0.24285108184361745,24.910696156169227,1.1569968922370948,11.569968922370949,1.1494956845618196,11.494956845618196,44.023258179947625,43.73675230157399,44.06950854601137,43.78379080729578
273,SmallMLPDigits,MLP width sweep hidden=128 samples=1024 lr=3e-03,1.0,0.003,Muon,1,10,0.026253909571719324,0.026087356852032687,0.6674350631193937,0.7683000185142638,0.08612985001623515,6.674350631193937,0.002564771207355476,0.0010338561681658804,0.00188718212061915,0.025647712073554763,0.48253575666198445,0.5596331891380244,0.08461749566987262,4.825357566619845,3.6279029277973013e-06,4.361752750417011e-06,0.19277240333505125,3.6279029277973013e-05,1.3666906606202506e-05,1.6264938250124253e-05,0.1371159151421028,0.00013666906606202506,0.0005902792333430717,0.0002978293110647431,0.0002567566834515262,0.0059027923334307175,4.620083839531855e-05,1.7085164573982094e-05,0.0017621734198446743,0.0004158075455578669,8.563001077194133e-05,3.42516333417742e-05,0.0032930347441956363,0.000770670096947472,0.6674433076735438,6.674433076735438,0.4687310629359394,14.239365820838762,1.2735003791307098,12.735003791307099,1.2590297810230706,12.590297810230707,48.47196512511324,47.91726049768111,48.50707570435615,47.955896914465484
274,SmallMLPDigits,MLP width sweep hidden=128 samples=1024 lr=3e-03,1.0,0.003,Adam,2,10,0.026503026546281325,0.02771758308271528,0.3469954902164668,0.48144851733881805,0.04391913339783962,3.469954902164668,0.0019203679408442032,0.0020056413045613,0.0013823469730874503,0.01920367940844203,0.25099619397659956,0.346875157565105,0.044338532396119845,2.5099619397659954,2.2187165171715345e-06,3.000437792240099e-06,0.09643585569899396,2.2187165171715345e-05,6.976927010893632e-06,8.73548780704695e-06,0.06052389909526662,6.976927010893632e-05,0.0009690608815430491,0.0005414195064930771,0.0004215843338541927,0.00969060881543049,3.362695099428057e-05,1.8200065004483924e-05,0.0012708731451565203,0.00030264255894852515,0.0001273912958508907,0.00013922215975231797,0.004583671211533649,0.0011465216626580163,0.3470307591050041,3.470307591050041,0.416772087681793,8.326631493852902,0.6846246004157428,6.846246004157428,0.6548979609843666,6.548979609843666,25.894678676923718,24.772121120645643,25.831940334067372,24.71030845630935
275,SmallMLPDigits,MLP width sweep hidden=128 samples=1024 lr=3e-03,1.0,0.003,Muon,2,10,0.02650302654628133,0.02646835248272427,0.41855638985501536,0.550209631643736,0.051797136190711336,4.1855638985501535,0.001197729761795907,0.0008134211172800919,0.0008600117243829876,0.01197729761795907,0.2957217162147671,0.3927901257285123,0.05109302231182894,2.9572171621476713,1.961398332124257e-06,2.69349955675584e-06,0.0883022605282999,1.961398332124257e-05,6.181628462172642e-06,8.140143592647233e-06,0.05411613604718376,6.181628462172642e-05,0.0006471402680681582,0.0005101620351097159,0.0002813049455046362,0.006471402680681582,3.362695099427132e-05,1.8200065004475512e-05,0.0012708731451561716,0.0003026425589484419,7.021291698214459e-05,3.995452291578381e-05,0.0026627517562565154,0.0006319162528393013,0.41855935990395415,4.185593599039541,0.8160577056453464,5.129041206380783,0.7943831541532108,7.943831541532108,0.7715955604725396,7.715955604725396,30.04880429924367,29.186272891385205,29.973299568862696,29.113488571772308
276,SmallMLPDigits,MLP width sweep hidden=128 samples=1024 lr=3e-03,1.0,0.003,Adam,3,10,0.02641185168365282,0.02786279931865677,0.6447124547019811,0.714386299675903,0.08474467622817508,6.447124547019811,0.0016178227887305053,0.0008289910451026459,0.001178065529728781,0.016178227887305052,0.46995804490473486,0.5204775527692682,0.08520190134575378,4.699580449047349,5.376459996423877e-06,5.7649022895802385e-06,0.23886670824706324,5.376459996423877e-05,1.619225567087415e-05,1.8629264435059296e-05,0.14331604441327858,0.0001619225567087415,0.0009860265868324003,0.0005692257495470289,0.0004290325278338898,0.009860265868324003,3.058891707571243e-05,1.7111090332425177e-05,0.001159896261553608,0.00027530025368141184,8.822091099139802e-05,9.659129663028252e-05,0.0031691133863438366,0.0007939881989225822,0.6447154464583599,6.4471544645835985,0.866139402449944,7.443552904240716,1.2206825801907384,12.206825801907383,1.2262120810684658,12.262120810684658,46.213778472665375,46.42514019986287,46.21722834170918,46.426585146523806
277,SmallMLPDigits,MLP width sweep hidden=128 samples=1024 lr=3e-03,1.0,0.003,Muon,3,10,0.02641185168365282,0.02666475601956601,0.6785262358954027,0.7503970479278455,0.08906026552648329,6.785262358954027,0.001431789121114324,0.0009731403733875116,0.0010334314657868505,0.014317891211143241,0.4894535845239071,0.5401179630913511,0.08910273894013263,4.894535845239071,4.848597679248352e-06,5.36752203864871e-06,0.21486485836958558,4.848597679248352e-05,1.4420322880736002e-05,1.7173564248171783e-05,0.12690453558486925,0.00014420322880736002,0.0006469874800033804,0.0003196758273021692,0.00028130663578857407,0.0064698748000338036,3.058891707571474e-05,1.7111090332424486e-05,0.0011598962615536966,0.00027530025368143266,6.932183594787177e-05,4.0865401442292625e-05,0.002610316618710447,0.0006238965235308459,0.678528895918581,6.78528895918581,0.34564230080309016,19.630956464010286,1.2837505592019771,12.83750559201977,1.2770797414206232,12.770797414206232,48.616243480362314,48.36259645793992,48.60509496183993,48.35252585531709
278,SmallMLPDigits,MLP width sweep hidden=128 samples=1024 lr=3e-03,1.0,0.003,Adam,4,10,0.026407965903678592,0.02794807974604844,0.5944002875937484,0.6775732238197463,0.07568383814625212,5.944002875937484,0.001666688740557487,0.0015774293928863044,0.0012057850893450095,0.01666688740557487,0.42766808380531457,0.48838500491614584,0.07560463137514448,4.276680838053146,2.70291544878043e-06,3.333342490994407e-06,0.11849883519907348,2.7029154487804302e-05,5.703747674133317e-06,8.686872921756657e-06,0.05046887507188304,5.703747674133317e-05,0.0010579276213674494,0.0004595511730275858,0.0004603779024492783,0.010579276213674493,3.448048887956407e-05,1.8894902143832767e-05,0.0013078781246299125,0.00031032439991607666,9.769715745965409e-05,0.00013198432360183936,0.003498065546635745,0.0008792744171368869,0.5944049689399483,5.944049689399483,1.666325195140514,3.5671606639172535,1.1290103214014,11.290103214014,1.1158693350079392,11.158693350079393,42.786841111070956,42.287879121115424,42.75264234736574,42.25502786083574
279,SmallMLPDigits,MLP width sweep hidden=128 samples=1024 lr=3e-03,1.0,0.003,Muon,4,10,0.026407965903678582,0.026530400195674323,0.5624840481472181,0.6344546617733391,0.07017702985938176,5.624840481472181,0.0016216849419325551,0.0009685404055819786,0.0011734575803804006,0.016216849419325552,0.4071851830743354,0.45818761095490385,0.07049884507084002,4.071851830743354,2.402230366904018e-06,3.033684712099011e-06,0.11130877878002102,2.4022303669040178e-05,6.386321975344287e-06,8.886671936446084e-06,0.056671976177196916,6.386321975344287e-05,0.0006232626025448607,0.0003121152544771691,0.00027099223685358434,0.0062326260254486066,3.448048887955906e-05,1.8894902143820644e-05,0.0013078781246297212,0.00031032439991603156,7.330201361209372e-05,4.022677298264721e-05,0.002773762844655061,0.0006597181225088435,0.5624889254649749,5.624889254649749,1.2592481395610697,4.466863263828518,1.0692194713801857,10.692194713801857,1.0624254571895613,10.624254571895612,40.50851377720872,40.25109334030301,40.48852059564517,40.231249202028366
280,SmallMLPDigits,MLP width sweep hidden=128 samples=1024 lr=1e-02,1.0,0.01,Adam,0,10,0.08465958864458435,0.08564748171065563,0.499301502501208,0.5741978022236848,0.06827190969411699,4.99301502501208,0.005316750758355271,0.004831266379336087,0.003918111918983109,0.05316750758355271,0.3591249883363382,0.417569561681341,0.06702024713449738,3.591249883363382,4.228134454646991e-06,5.0963554134602e-06,0.17975915819467478,4.228134454646991e-05,1.3741294125775035e-05,1.5043938809399194e-05,0.12046510017477415,0.00013741294125775035,0.004557215549771598,0.002494219862026687,0.001996462011873791,0.04557215549771598,0.0010059385471039572,0.0004021984116526422,0.012007826477555713,0.009053446923935615,0.0013686539521810383,0.0006185235435759028,0.016017714735059085,0.012317885569629344,0.49939664865191746,4.993966486519175,0.9663384456941255,5.1679269398538565,0.8291945727642659,8.29194572764266,0.8266095208708757,8.266095208708757,9.74731325445337,9.715050534830107,9.794455489801264,9.763920828166624
281,SmallMLPDigits,MLP width sweep hidden=128 samples=1024 lr=1e-02,1.0,0.01,Muon,0,10,0.0846595886445844,0.08254405670699631,0.5713196999390646,0.659321243185817,0.07578307872798404,5.713196999390646,0.007146513846823322,0.004053650354936197,0.005205995367182664,0.07146513846823321,0.4159467590688843,0.47981644391129447,0.07548070652959894,4.159467590688843,4.18136549224637e-06,5.116845384238743e-06,0.18266155455974126,4.18136549224637e-05,1.3893036895738952e-05,1.5014194944631556e-05,0.12055527966782534,0.00013893036895738952,0.0021752574598815854,0.0007797900309118648,0.0009487034577497987,0.021752574598815855,0.0010059385471039618,0.0004021984116526568,0.012007826477555768,0.009053446923935657,0.0015082336251779549,0.0005979689960188764,0.018558684086246488,0.013574102626601595,0.5714249133857191,5.714249133857191,0.2047749241622242,27.905023807164596,0.959426932109953,9.59426932109953,0.9573980157006352,9.573980157006352,11.276559530716565,11.235526777431643,11.332761562754495,11.308795979625625
282,SmallMLPDigits,MLP width sweep hidden=128 samples=1024 lr=1e-02,1.0,0.01,Adam,1,10,0.08420336398748464,0.08608859633341029,0.5626505648803533,0.7162204704262399,0.07665889702859904,5.6265056488035325,0.0033779554632368926,0.003717923939258804,0.0024941508056051526,0.033779554632368924,0.4196940782569589,0.5264148447837119,0.07756311431253422,4.196940782569589,4.00792357210316e-06,4.852987282218433e-06,0.18332617618135155,4.0079235721031595e-05,1.2923489622394498e-05,1.5929805369022234e-05,0.11745013102606035,0.00012923489622394498,0.005919607334515797,0.003988462043215906,0.0026006842085393557,0.059196073345157973,0.0011171547988390363,0.0003389001582433844,0.013380238901884441,0.010054393189551328,0.0015694472633159416,0.0006599412158228359,0.018382459441929466,0.014125025369843475,0.5626979618200071,5.626979618200071,0.682612544747454,8.243299455157073,0.9144153638225431,9.144153638225431,0.966023340640997,9.66023340640997,10.773118559092591,11.380495839915191,10.859606083653082,11.472502936872921
283,SmallMLPDigits,MLP width sweep hidden=128 samples=1024 lr=1e-02,1.0,0.01,Muon,1,10,0.08420336398748464,0.08179778981003794,0.58932691100266,0.7117410495115951,0.07638657814154268,5.8932691100265995,0.008552814421757237,0.0032218077167616398,0.006174460352326329,0.08552814421757238,0.4195298179284615,0.5187105501244943,0.07477311660018707,4.195298179284615,3.7452090857478327e-06,4.8714685048833105e-06,0.16484721685083334,3.7452090857478327e-05,1.4594983730388484e-05,1.7723513566540253e-05,0.12242531276712951,0.00014594983730388484,0.002576025273708282,0.001067750887319002,0.001124816779434581,0.025760252737082823,0.0011171547988390426,0.0003389001582433856,0.013380238901884521,0.010054393189551383,0.0016720533997454734,0.00048109149900477517,0.020650958790925142,0.01504848059770926,0.5894172364474894,5.894172364474894,0.4666166042034925,12.631724442245593,0.9937994812088966,9.937994812088967,0.9656452573667966,9.656452573667966,11.727100378697907,11.373885562621806,11.802372662410585,11.468012816095126
284,SmallMLPDigits,MLP width sweep hidden=128 samples=1024 lr=1e-02,1.0,0.01,Adam,2,10,0.08548670783576542,0.08767446976185339,0.3130155492920263,0.40709478286840106,0.0436296207993343,3.130155492920263,0.003814360791623228,0.003688528448423954,0.00277315161198601,0.03814360791623228,0.21821959874837954,0.2918290055789456,0.04189171754519226,2.1821959874837953,2.4744830648557465e-06,3.275254600613134e-06,0.09881276458351267,2.4744830648557464e-05,7.4991035850259545e-06,9.869801249130304e-06,0.06453216604525416,7.499103585025954e-05,0.005081133785933822,0.0018137393237068742,0.002228368533903648,0.050811337859338224,0.0010327213055985236,0.00040671807208162797,0.012221420247882697,0.009294491750386713,0.001454957849013388,0.0007997122152064911,0.01679732766211977,0.013094620641120491,0.3130655938196194,3.130655938196194,0.7798666417421928,4.014347800801463,0.5256855595314446,5.256855595314446,0.5022830597270932,5.022830597270932,6.243364458763238,5.976259997668954,6.149325115448081,5.875569108264934
285,SmallMLPDigits,MLP width sweep hidden=128 samples=1024 lr=1e-02,1.0,0.01,Muon,2,10,0.08548670783576545,0.08360737300527962,0.3664667191044929,0.4658243475447097,0.04655110077374672,3.664667191044929,0.004806694907617514,0.0020538968420449524,0.0034123005268974,0.04806694907617515,0.25788989196014905,0.33027706950950764,0.046423124550793046,2.5788989196014906,2.3272494399278558e-06,3.0954512027105074e-06,0.08704004490595998,2.327249439927856e-05,7.597178754197106e-06,9.140034668778418e-06,0.05713686731766119,7.597178754197106e-05,0.002352784530871643,0.0006864145071345743,0.0010263756137110138,0.023527845308716433,0.001032721305598519,0.00040671807208160986,0.012221420247882633,0.009294491750386671,0.0016221498243747647,0.0006478154129348607,0.019732621521678068,0.014599348419372882,0.3665433839071395,3.6654338390713948,0.6886956311052342,5.322284146320231,0.6228437458685276,6.228437458685276,0.5935934478359733,5.935934478359734,7.459123714273723,7.119257383263684,7.285854861379347,6.9436929186273915
286,SmallMLPDigits,MLP width sweep hidden=128 samples=1024 lr=1e-02,1.0,0.01,Adam,3,10,0.08527788974340539,0.08776353798324926,0.630887516433748,0.6676264688497395,0.08738571852426898,6.30887516433748,0.005392540698088655,0.006617567860237194,0.003966479319637471,0.05392540698088655,0.464405819170996,0.49679172100718744,0.08727863104897228,4.64405819170996,5.7516300657783236e-06,6.230822450312435e-06,0.25660166728676287,5.751630065778323e-05,1.6454468697290718e-05,1.9426363209216816e-05,0.14946425897914187,0.00016454468697290716,0.005277394170387551,0.003368440246058237,0.002314900997234193,0.052773941703875504,0.000987622852802361,0.0003907162926774288,0.011708297151620433,0.008888605675221248,0.0015045589681505706,0.0007931569116703983,0.017311481549730067,0.013541030713355134,0.630934923777849,6.309349237778489,1.936585317561563,3.2579763879046957,1.0287606503564692,10.287606503564692,1.068937790859206,10.689377908592059,12.001795025508772,12.484078767050736,12.063626966520054,12.534758940160897
287,SmallMLPDigits,MLP width sweep hidden=128 samples=1024 lr=1e-02,1.0,0.01,Muon,3,10,0.08527788974340536,0.08403032418103056,0.6887983525046544,0.7757773489437636,0.09145229541828379,6.887983525046543,0.005166152458504469,0.0038057432338110893,0.0036910861383380915,0.051661524585044694,0.4957975671449284,0.5533005004142042,0.09195937459600684,4.957975671449284,5.498771778630718e-06,5.8458284975494766e-06,0.2177692626609551,5.498771778630718e-05,1.6339382142224752e-05,1.8306343318104808e-05,0.1310269167317427,0.0001633938214222475,0.0025296415591392397,0.0009275267028411317,0.0011040349248337498,0.025296415591392396,0.0009876228528023763,0.0003907162926774143,0.011708297151620615,0.008888605675221387,0.00164376445355212,0.0006183047213962102,0.019865338017341264,0.01479388008196908,0.6888302452935193,6.888302452935194,0.5616702145667058,12.26396250733911,1.1094239222963564,11.094239222963564,1.1411931854844588,11.411931854844587,12.968291279226298,13.333798900396157,13.009514255506652,13.382052357512853
288,SmallMLPDigits,MLP width sweep hidden=128 samples=1024 lr=1e-02,1.0,0.01,Adam,4,10,0.08512179147143083,0.08811083776936164,0.5345190640712929,0.5643038262407997,0.07310858744407422,5.345190640712929,0.0032290844795298534,0.0028344929087525247,0.0023583021701136533,0.032290844795298534,0.38078887603049505,0.4117305110589138,0.07170339281234712,3.8078887603049507,2.436528851559136e-06,3.1742042014525684e-06,0.1004374637487716,2.436528851559136e-05,6.585298181074008e-06,9.309734263908496e-06,0.056912630698050595,6.585298181074008e-05,0.005819648460400817,0.0031860966185587344,0.002555610029710507,0.05819648460400817,0.0010626977787027256,0.0004244032106204599,0.012639868699537187,0.00956428000832453,0.0016966808050420112,0.0009478593999505685,0.019470217473703647,0.015270127245378101,0.5345403332969099,5.345403332969099,2.3905368593094796,2.236068150194994,0.8581922340629738,8.581922340629738,0.8764739870279786,8.764739870279787,10.159001676449767,10.38038648213502,10.081933418318696,10.29670513128412
289,SmallMLPDigits,MLP width sweep hidden=128 samples=1024 lr=1e-02,1.0,0.01,Muon,4,10,0.08512179147143081,0.08348845407055305,0.548786785569917,0.6531138747473766,0.0711034220470443,5.48786785569917,0.00555054234944421,0.0033530670676692417,0.003967305075227251,0.0555054234944421,0.39279264702747707,0.46187886175176635,0.0714997638971098,3.9279264702747705,2.7582144941002353e-06,3.4284275138568795e-06,0.1073934542402351,2.7582144941002354e-05,8.262962875264025e-06,1.0761503206525254e-05,0.06470554657822451,8.262962875264026e-05,0.0025620871058034565,0.0006422452952953833,0.0011182544870053247,0.025620871058034567,0.0010626977787027163,0.0004244032106204577,0.012639868699537078,0.009564280008324447,0.0016884264290200068,0.0006320119403185777,0.020544537137640248,0.015195837861180062,0.54888898178665,5.4888898178665,1.4092485006524125,3.89490555805127,0.919489407494809,9.19489407494809,0.9041034522969511,9.041034522969511,10.858847789169754,10.68541992832837,10.802044830123373,10.621292581705037
290,SmallMLPDigits,MLP width sweep hidden=128 samples=1024 lr=3e-02,1.0,0.03,Adam,0,10,0.2059832254821697,0.20310151603442755,0.4796456882458486,0.5529174157852998,0.07101151809375253,4.796456882458486,0.009673958842385444,0.010962690394288975,0.007166512108979237,0.09673958842385444,0.34437801266193163,0.39306803081694547,0.06936001323025773,3.443780126619316,4.556763599584559e-06,5.533895821858588e-06,0.18273177403444302,4.5567635995845594e-05,1.3458541553418072e-05,1.562760006058644e-05,0.1169958775465865,0.0001345854155341807,0.03784261533762008,0.02756534964354709,0.017703371735011787,0.3784261533762008,0.012260348527081723,0.0020045025710157946,0.058485760545239796,0.1103431367437355,0.013393543780725985,0.002642124712416567,0.06278900766940583,0.12054189402653387,0.4799253085339722,4.799253085339722,1.979941936152616,2.4239362769726145,0.6760511002453656,6.760511002453656,0.6766065143489911,6.766065143489911,3.08899800595808,3.099783596168539,3.2820687153667563,3.2847651199032195
291,SmallMLPDigits,MLP width sweep hidden=128 samples=1024 lr=3e-02,1.0,0.03,Muon,0,10,0.20598322548216974,0.19077703372207122,0.5253847087637012,0.5991619431296789,0.07082356197773731,5.253847087637013,0.012353906952312376,0.013061868248669666,0.008873320322437584,0.12353906952312377,0.3618467112052962,0.4248537263124743,0.06828299007459362,3.6184671120529623,4.677159253778551e-06,5.844269003182648e-06,0.1720616348571831,4.677159253778552e-05,1.760475841079953e-05,1.852640888952033e-05,0.12767620743003644,0.00017604758410799532,0.011738007901858527,0.005104776899208008,0.00521601437952363,0.11738007901858527,0.012260348527081728,0.002004502571015816,0.05848576054523981,0.11034313674373555,0.013935175173267957,0.003799856120792328,0.06968148026897848,0.1254165765594116,0.5257010133226601,5.257010133226601,0.3717626126160458,14.140771435389091,0.7655371941669504,7.655371941669504,0.710927623122106,7.10927623122106,3.509454334502398,3.247037860504046,3.7165026053697594,3.451386011933506
292,SmallMLPDigits,MLP width sweep hidden=128 samples=1024 lr=3e-02,1.0,0.03,Adam,1,10,0.20508576481839277,0.2012354428552493,0.43330575138968647,0.5140742623249631,0.06391912284200041,4.333057513896865,0.011051105835472308,0.010973813222918462,0.008132794455618129,0.11051105835472308,0.33784702995018473,0.40066912987302344,0.067102130768345,3.3784702995018474,3.7957147150373013e-06,4.843949724148716e-06,0.1665985271342927,3.795714715037301e-05,1.0368603084066122e-05,1.335756885505163e-05,0.09412255067020245,0.00010368603084066121,0.04860541760736925,0.04005098539728299,0.023228023638894573,0.4860541760736925,0.012470692131463337,0.0017866190397233883,0.05961293953734229,0.11223622918317003,0.014003876920608123,0.004247357260376079,0.06569893389015706,0.1260348922854731,0.4335458793545655,4.335458793545655,0.5786286897319018,7.492644022809203,0.6307237470944818,6.307237470944817,0.6637749592397906,6.637749592397906,3.0536828256910296,3.136314448550004,3.0754145596258193,3.236572561862475
293,SmallMLPDigits,MLP width sweep hidden=128 samples=1024 lr=3e-02,1.0,0.03,Muon,1,10,0.2050857648183927,0.18879118589773072,0.4760473956629624,0.6076757382684679,0.06191809982887274,4.760473956629624,0.011410355365702762,0.012876284536374849,0.008199672734335094,0.11410355365702762,0.3569765698768566,0.4492757779015701,0.06486190603449657,3.569765698768566,4.499275518904383e-06,5.487341756067246e-06,0.16135350861789868,4.4992755189043826e-05,1.536966889832302e-05,1.9146110500828417e-05,0.10714357647990325,0.0001536966889832302,0.013295042245443024,0.006576696410735863,0.005927840684325133,0.13295042245443023,0.012470692131463327,0.0017866190397233684,0.05961293953734226,0.11223622918316994,0.014232200379070149,0.003612664417961672,0.07125188419027954,0.12808980341163134,0.4763749591423858,4.763749591423858,0.4301126610528122,11.07558559137354,0.7033349026031895,7.033349026031895,0.7013591569963159,7.013591569963159,3.263406549805152,3.2751681306092726,3.4294671949855022,3.419833441962111
294,SmallMLPDigits,MLP width sweep hidden=128 samples=1024 lr=3e-02,1.0,0.03,Adam,2,10,0.20830644059864162,0.20635856675506925,0.39348544393453355,0.5245257714640681,0.060253174201088465,3.9348544393453357,0.014615582147927486,0.016624783027618852,0.010673316481733534,0.14615582147927486,0.26822390186881273,0.34330307550953437,0.057432620811897275,2.6822390186881275,2.930942291308158e-06,3.206730973405395e-06,0.11287366878129781,2.9309422913081583e-05,8.424353876889685e-06,1.073367103995516e-05,0.07622060562345467,8.424353876889685e-05,0.04055146214317244,0.024549589216473412,0.019106352255476765,0.40551462143172445,0.01250237675616122,0.002248647518074162,0.0592368372954193,0.11252139080545098,0.013946209653743737,0.003853373181730317,0.06494859074632585,0.12551588688369364,0.3939772850272202,3.9397728502722016,0.9557509089675637,4.12217536316872,0.6350793671522778,6.350793671522777,0.5269849776579674,5.269849776579674,3.107782335658245,2.6591282839656687,3.0487745137747755,2.5298544593412053
295,SmallMLPDigits,MLP width sweep hidden=128 samples=1024 lr=3e-02,1.0,0.03,Muon,2,10,0.2083064405986415,0.19208323702304267,0.3768135002123529,0.4489629989579409,0.048538629487019,3.768135002123529,0.009008079427487959,0.010022293481186046,0.006340298831579933,0.09008079427487958,0.28271721912602193,0.3277623880664168,0.052356007718159216,2.8271721912602192,3.0815262647042973e-06,3.382013696117087e-06,0.09766563727354341,3.081526264704297e-05,1.003443977984635e-05,1.0860729506396147e-05,0.06724483883264552,0.0001003443977984635,0.012020871666673294,0.004185032721558744,0.005345033512640747,0.12020871666673294,0.012502376756161214,0.002248647518074162,0.05923683729541926,0.11252139080545093,0.01440690222791197,0.004370101406087755,0.07131693413286312,0.12966212005120772,0.37720035335881225,3.7720035335881223,0.5674040469420817,6.647826278146291,0.5698175672097018,5.698175672097018,0.5554602940550712,5.554602940550712,2.895981068573418,2.872070382144126,2.7354774320569804,2.6665536238762546
296,SmallMLPDigits,MLP width sweep hidden=128 samples=1024 lr=3e-02,1.0,0.03,Adam,3,10,0.20645167763788552,0.20329437461163052,0.6477653630755275,0.690209569251843,0.09628464306055137,6.477653630755275,0.018133489691711514,0.022558726843994643,0.013456007412410292,0.18133489691711513,0.477507688940843,0.48379029853308836,0.09598055091762214,4.77507688940843,5.313084611146485e-06,6.281185908908415e-06,0.2502126441001679,5.3130846111464856e-05,1.5603898567541442e-05,1.8652525625245122e-05,0.15427857698592545,0.00015603898567541442,0.04348248833387207,0.035181808275268345,0.020556902316651502,0.4348248833387207,0.012581576166917999,0.002221964129953637,0.0600189737463377,0.113234185502262,0.01419535247407835,0.004571892579856901,0.06597769494358313,0.12775817226670516,0.6481739645932352,6.481739645932352,2.609938478446695,2.4834836910753393,0.9535009901602992,9.535009901602992,0.9381691081023555,9.381691081023556,4.407564835632074,4.369921002953621,4.618518972913031,4.5442551924809065
297,SmallMLPDigits,MLP width sweep hidden=128 samples=1024 lr=3e-02,1.0,0.03,Muon,3,10,0.20645167763788544,0.19128141899272244,0.620221597448068,0.720841422595726,0.08379761083721314,6.202215974480681,0.0089636646944812,0.009162472067202585,0.006336633199949894,0.08963664694481199,0.44781913597639855,0.5113738526821167,0.08534738749593188,4.4781913597639855,5.978795679271489e-06,6.7605922208354196e-06,0.20711607258704773,5.978795679271489e-05,1.958678117346747e-05,2.1411438969991452e-05,0.1381985353676762,0.00019586781173467472,0.013010909840554419,0.006109223691624535,0.00579590904062671,0.1301090984055442,0.012581576166918011,0.0022219641299537044,0.060018973746337766,0.11323418550226211,0.014753539262269882,0.004479795319284163,0.07297250441929197,0.13278185336042894,0.6203675975236841,6.203675975236841,0.841078598492036,7.37585760279642,0.8386748543655834,8.386748543655834,0.8798394017948343,8.798394017948343,3.820264755005945,3.9830490605049476,4.062330052055146,4.261720766144926
298,SmallMLPDigits,MLP width sweep hidden=128 samples=1024 lr=3e-02,1.0,0.03,Adam,4,10,0.2058870610390917,0.20321891615456839,0.4655969241567918,0.5566704752911392,0.06920135635887989,4.655969241567918,0.008361537799914998,0.010122905615594641,0.006141346473103897,0.08361537799914998,0.3508088809264934,0.4020072256006625,0.07123636265868746,3.508088809264934,2.7587824512841018e-06,3.359329511401934e-06,0.11809494724056506,2.7587824512841017e-05,8.163390044255713e-06,1.0750861435973612e-05,0.07548190489968483,8.163390044255713e-05,0.04608309109411026,0.03566405501619585,0.021911187477233952,0.4608309109411026,0.01262723456998942,0.002430991749241133,0.060272272334806885,0.11364511112990477,0.014534198177819726,0.0047140617997350085,0.06785056446837359,0.13080778360037754,0.4658236845239069,4.658236845239069,2.5201310882163193,1.8484105319045299,0.6591179473459816,6.591179473459816,0.689241372559275,6.89241372559275,3.2206035852301653,3.398225632474232,3.2013568216452177,3.3476672554396654
299,SmallMLPDigits,MLP width sweep hidden=128 samples=1024 lr=3e-02,1.0,0.03,Muon,4,10,0.20588706103909166,0.19048262788212594,0.4609098586340982,0.5495837211306481,0.0601713331423749,4.609098586340982,0.00875531136691834,0.009760580233351076,0.00621231323557018,0.08755311366918339,0.31631657338164915,0.36764589767252015,0.05906420691477047,3.1631657338164914,3.2064066363067503e-06,3.6611602493683567e-06,0.10462600915255807,3.2064066363067504e-05,1.3400411286862942e-05,1.5204161045520177e-05,0.0902490124111341,0.00013400411286862941,0.013193851351897434,0.005258033368479292,0.005880317486453471,0.13193851351897434,0.012627234569989425,0.002430991749241188,0.060272272334806906,0.11364511112990483,0.014677346409561155,0.004513767351632193,0.07286019159386672,0.1320961176860504,0.46272357416055704,4.6272357416055705,1.3853760118524712,3.340057646456726,0.6840457721758748,6.840457721758748,0.6214736315255847,6.214736315255847,3.3374379433737196,3.0928132285521106,3.322432059224914,3.0185171831054785
