run_id,problem_family,setting,kappa,lr,algo,seed,step,num_samples,train_batch_size,loss,delta_loss,recovery_error,diagnostic_A_definition,nrG,stA,condition_score,delta_gd_pred,delta_spec_pred,sigma_G,sigma_A,sigma_update,nrUpdate,stUpdate,nrUpdateFrac,stUpdateFrac,update_flatness,update_grad_inner,update_grad_cosine,update_grad_per_update_norm,update_fro_norm,update_op_norm,relative_update_fro_norm,mean_relative_layer_update_norm,elapsed_s,filters,kernel_size,stride
0,MNISTConvNet,MNIST conv filters=16 kernel=5 stride=2 lr=3e-03,1.0,0.003,Adam,0,0,512,64,2.302560293601273,3.290015900248022e-05,0.88671875,full_conv_patch_and_classifier_activation,2.3554988904504093,1.3947984288953106,1.667902548026774,3.532894630615783e-05,5.6199047609284904e-05,"[[0.0018739218397952958,0.0005041475593021925,0.00030278949248366304,0.00019030728125485674,0.000167100405913663,0.00013402209799383668,8.782689777311812e-05,5.390948309031235e-05,4.8163061105818653e-05,3.560589151905139e-05,3.113637518840904e-05,2.0848548755934208e-05,1.900930897419139e-05,1.6309418823429957e-05,9.605751457942118e-06,2.8573061105080314e-06],[0.001902928224793369,0.0002200605695976551,0.00010208212051983682,7.241435240304287e-05,6.433507445110221e-05,3.266413355963367e-05,2.613312893883618e-05,1.535396393528547e-05,8.433511618678535e-06,1.0706061585225402e-19]]","[[401.1183156996585,197.39960275709623,164.19580520093004,125.04709348138175,95.81303941858663,91.20839259366029,74.89031449434101,59.91562082222036,49.28389336291671,48.21043120462586,45.75160259396352,37.706046923031636,35.21959976949825,30.123676491125735,29.954925951450672,29.01564349947877,26.2093158304301,24.392547769597073,23.50068906609841,21.883484860449574,19.859758304504684,18.874098114494824,17.102630977222926,15.881887439576131,13.960438301928791],[0.3232449182918925,0.027226112281202357,0.024227256057075302,0.012047602769550204,0.010182639102790844,0.008449625893831879,0.007193533712236287,0.005864248472699791,0.0052607774061080815,0.004377664294386481,0.003838568237086493,0.0035107053631686968,0.003005096708507984,0.0028309134601261464,0.0025832538477446815,0.0010942785425225804]]","[[0.011130864029905018,0.004318344564424318,0.0024563041733677545,0.002439547772479045,0.002291654135007289,0.001876585364470329,0.0013035503525574384,0.0010557528474720997,0.0009434253667474288,3.162342410632696e-06,6.354156559606526e-07,3.954189713076031e-07,2.3836593788371963e-07,1.111732295714734e-07,2.5091784635022097e-08,1.5002894108078236e-08],[0.007773580246101939,0.0019210073278970582,0.0012437555294900252,0.0011523785730900922,6.8445011086950935e-06,1.2786753491326705e-06,1.1997326355323278e-07,6.007700151281979e-08,2.0791805621028803e-08,5.8438120148220986e-09]]",3.4097804079914624,1.228298939129658,0.25408160876200814,0.09755576567024532,0.39911129236071907,2.9649727547144465e-05,0.7009046210334506,0.0019382633248153749,0.015297058540778346,0.011130864029905018,0.06271625068114343,0.06412657071485309,0.041438916930928826,16,5,2
1,MNISTConvNet,MNIST conv filters=16 kernel=5 stride=2 lr=3e-03,1.0,0.003,Muon,0,0,512,64,2.302560293601273,1.8568072073232855e-05,0.88671875,full_conv_patch_and_classifier_activation,2.3554988904504093,1.3947984288953106,1.667902548026774,3.532894630615783e-05,5.6199047609284904e-05,"[[0.0018739218397952958,0.0005041475593021925,0.00030278949248366304,0.00019030728125485674,0.000167100405913663,0.00013402209799383668,8.782689777311812e-05,5.390948309031235e-05,4.8163061105818653e-05,3.560589151905139e-05,3.113637518840904e-05,2.0848548755934208e-05,1.900930897419139e-05,1.6309418823429957e-05,9.605751457942118e-06,2.8573061105080314e-06],[0.001902928224793369,0.0002200605695976551,0.00010208212051983682,7.241435240304287e-05,6.433507445110221e-05,3.266413355963367e-05,2.613312893883618e-05,1.535396393528547e-05,8.433511618678535e-06,1.0706061585225402e-19]]","[[401.1183156996585,197.39960275709623,164.19580520093004,125.04709348138175,95.81303941858663,91.20839259366029,74.89031449434101,59.91562082222036,49.28389336291671,48.21043120462586,45.75160259396352,37.706046923031636,35.21959976949825,30.123676491125735,29.954925951450672,29.01564349947877,26.2093158304301,24.392547769597073,23.50068906609841,21.883484860449574,19.859758304504684,18.874098114494824,17.102630977222926,15.881887439576131,13.960438301928791],[0.3232449182918925,0.027226112281202357,0.024227256057075302,0.012047602769550204,0.010182639102790844,0.008449625893831879,0.007193533712236287,0.005864248472699791,0.0052607774061080815,0.004377664294386481,0.003838568237086493,0.0035107053631686968,0.003005096708507984,0.0028309134601261464,0.0025832538477446815,0.0010942785425225804]]","[[0.003000000000000001,0.003,0.003,0.003,0.003,0.003,0.003,0.0029999999999999996,0.0029999999999999996,0.0029999999999999988,0.0029999999999999988,0.0029999999999999988,0.0029999999999999988,0.0029999999999999988,0.0029999999999999988,0.0029999999999999988],[0.0030000000000000014,0.0030000000000000005,0.0030000000000000005,0.0030000000000000005,0.0030000000000000005,0.0030000000000000005,0.0029999999999999996,0.0029999999999999996,0.002999999999999999,0.002999999999999998]]",13.0,12.999999999999986,1.0,0.999999999999999,0.9999999999999989,1.7825897398078987e-05,0.4213952334137057,0.0011653153676936877,0.01529705854077835,0.0030000000000000014,0.06271625068114345,0.06727363153551494,0.06334179197438061,16,5,2
0,MNISTConvNet,MNIST conv filters=16 kernel=5 stride=2 lr=3e-03,1.0,0.003,Adam,0,1,512,64,2.302559405793324,3.8192367640466074e-05,0.892578125,full_conv_patch_and_classifier_activation,1.9604174928121099,1.3932529945019954,1.4397897428335094,3.727433810016327e-05,5.815175380834097e-05,"[[0.002316886480186554,0.00039157402654774534,0.00024903346299544115,0.00018042745790753878,0.0001106461229779655,0.00010504756105368405,7.737545642344497e-05,6.278822849989192e-05,3.711625496738926e-05,2.7150538676795206e-05,2.2249679972706674e-05,1.8297526477211654e-05,1.4324016710422236e-05,1.0638009222005831e-05,6.379070475238819e-06,5.495368977220813e-06],[0.0024177296325701763,0.0003008821527529519,0.0001014110676016177,7.211997813034373e-05,6.221760467485883e-05,5.080706731073181e-05,2.7472558715354012e-05,2.3110582279637363e-05,1.5354081999067993e-05,1.3305882404272865e-19]]","[[401.1183156996585,197.39960275709623,164.19580520093004,125.04709348138175,95.81303941858663,91.20839259366029,74.89031449434101,59.91562082222036,49.28389336291671,48.21043120462586,45.75160259396352,37.706046923031636,35.21959976949825,30.123676491125735,29.954925951450672,29.01564349947877,26.2093158304301,24.392547769597073,23.50068906609841,21.883484860449574,19.859758304504684,18.874098114494824,17.102630977222926,15.881887439576131,13.960438301928791],[0.39984975581495524,0.034002201391316544,0.02530979829051318,0.01262019702399887,0.01040137017146149,0.008032948054792155,0.007164706836912643,0.00635491054984794,0.005123788521115494,0.0044298573112407065,0.003860523751923506,0.0033870883382517234,0.0027145627506985214,0.002349983883156496,0.0021382715440551865,0.0010139356622213434]]","[[0.012030562867840724,0.003584184203845616,0.002224186026268236,0.001989757920432161,0.0015125053122523446,0.001018386926166397,0.0004985308975106693,0.00047816808475270486,0.0004355089920735448,0.00019818957565598906,0.00017636754611133725,9.806085019701581e-05,8.940705089161421e-05,4.8107339373544545e-05,3.627302620854162e-05,9.078807627406253e-06],[0.007456107816583476,0.0020533361367663923,0.0013377055453609318,0.0006702753014946011,0.000354612152452617,0.00021995602832674903,0.00014482211742316116,0.00010294676489289749,6.449196676511809e-05,3.016335610327141e-05]]",2.990809428226493,1.1492027837456151,0.23348938779561687,0.09282330554571006,0.39392073734512334,3.397545574472909e-05,0.6534257050930867,0.0022266208154346026,0.015258752414967252,0.012030562867840724,0.06233758366903157,0.06299756023824493,0.08998383395373821,16,5,2
1,MNISTConvNet,MNIST conv filters=16 kernel=5 stride=2 lr=3e-03,1.0,0.003,Muon,0,1,512,64,2.302573072482617,1.9219669698422592e-05,0.875,full_conv_patch_and_classifier_activation,2.061886694130551,1.3941858563800924,1.5159125875686388,3.686461246982039e-05,6.091541544611763e-05,"[[0.0021297967485562775,0.0004095212365985365,0.00021072653014435517,0.00015505415257582525,0.0001197858512900222,0.0001104912041061574,7.648073796428746e-05,5.8074778053503597e-05,4.6756654836720436e-05,2.9135858828124646e-05,2.2252615183795774e-05,1.7063731172244887e-05,1.6348978689829323e-05,1.5194263433436393e-05,8.26095192551237e-06,4.830263517089034e-06],[0.0021464672741132234,0.000303129093996494,9.651818908323778e-05,7.983326038247976e-05,6.578121896056081e-05,5.4317884102511295e-05,2.990879388463618e-05,2.554992731366053e-05,1.5106548126781725e-05,1.5316160062874364e-19]]","[[401.1183156996585,197.39960275709623,164.19580520093004,125.04709348138175,95.81303941858663,91.20839259366029,74.89031449434101,59.91562082222036,49.28389336291671,48.21043120462586,45.75160259396352,37.706046923031636,35.21959976949825,30.123676491125735,29.954925951450672,29.01564349947877,26.2093158304301,24.392547769597073,23.50068906609841,21.883484860449574,19.859758304504684,18.874098114494824,17.102630977222926,15.881887439576131,13.960438301928791],[0.35797116392914924,0.03014374563973273,0.0260527344124221,0.012137630793752883,0.010085816291462027,0.008149242851987138,0.007398370170912319,0.006259722128964376,0.00512129565839359,0.004354949176237052,0.004026605587071347,0.0034181670148263872,0.002889915031619023,0.0026504153024945526,0.002266235211803897,0.0010584248898161228]]","[[0.0030000000000000022,0.0030000000000000014,0.0030000000000000014,0.003000000000000001,0.003000000000000001,0.0030000000000000005,0.0030000000000000005,0.0030000000000000005,0.0030000000000000005,0.003,0.003,0.0029999999999999996,0.0029999999999999996,0.0029999999999999996,0.002999999999999999,0.002999999999999999],[0.003000000000000002,0.003000000000000002,0.0030000000000000005,0.0030000000000000005,0.003,0.003,0.0029999999999999996,0.002999999999999999,0.002999999999999999,0.0029999999999999983]]",13.0,12.999999999999984,1.0,0.9999999999999988,0.9999999999999988,1.8739160240517915e-05,0.3966902676320457,0.0012250172273684987,0.015297058540778357,0.0030000000000000022,0.062337583669031575,0.06669095972677427,0.11245266697369516,16,5,2
0,MNISTConvNet,MNIST conv filters=16 kernel=5 stride=2 lr=3e-03,1.0,0.003,Adam,0,2,512,64,2.302570948962283,2.621591801998946e-05,0.892578125,full_conv_patch_and_classifier_activation,2.230527499637647,1.3907635778184244,1.5981771265847118,3.0894954964711074e-05,4.874027264642309e-05,"[[0.0018174015976171137,0.0003987544306215615,0.0002376796190585036,0.0002316592798796851,0.0001386861485293959,9.224878146301638e-05,6.356802817701594e-05,5.050586268887021e-05,4.1048611700843174e-05,3.791600137934077e-05,3.240703746468352e-05,2.4539290743063194e-05,1.753649779997728e-05,1.542778507068955e-05,1.1792882840890818e-05,7.661903799860844e-06],[0.002877987943131438,0.00030727408139118455,0.00018787219778069588,9.362173401816033e-05,8.161365159901989e-05,5.083954921671807e-05,2.970399917993968e-05,2.028062068251064e-05,1.5311899890361914e-05,2.3469734232273727e-19]]","[[401.1183156996585,197.39960275709623,164.19580520093004,125.04709348138175,95.81303941858663,91.20839259366029,74.89031449434101,59.91562082222036,49.28389336291671,48.21043120462586,45.75160259396352,37.706046923031636,35.21959976949825,30.123676491125735,29.954925951450672,29.01564349947877,26.2093158304301,24.392547769597073,23.50068906609841,21.883484860449574,19.859758304504684,18.874098114494824,17.102630977222926,15.881887439576131,13.960438301928791],[0.5224243195113731,0.03850825287928527,0.02396997009166963,0.013499058575994068,0.010540221444717224,0.007691073758516439,0.006934814736329011,0.006379747196206597,0.00550887158014708,0.004193859851970743,0.004058990616314738,0.003272394995375949,0.0023199012064493234,0.0019896127440871864,0.0015806455761663801,0.000916390340290367]]","[[0.012258867770967755,0.0033405027817611063,0.0028346883322209224,0.0020373715482042976,0.0014327732033343004,0.0012837338026680566,0.0011782555079673405,0.0006235773854403572,0.0005753186021889832,0.00036239708227263123,0.00030748583482377004,0.00015794767346704783,0.00014723315895424498,0.00010065506886284162,6.973316166054701e-05,5.381619907913298e-05],[0.00681419890481474,0.0018540854009892493,0.0015682234336481275,0.0012441321681321152,0.0007838758462582591,0.0005763923362655779,0.0004582664992106042,0.00031106547485949105,0.0001924543691463195,0.00011929815953995535]]",3.7490365968663197,1.1921823481517038,0.30017147301292624,0.09679450949131335,0.3192060458583538,2.239073154482273e-05,0.420953434095027,0.001460898349905352,0.01532668686104914,0.012258867770967755,0.06218850882298844,0.061532584860572906,0.1355580419767648,16,5,2
1,MNISTConvNet,MNIST conv filters=16 kernel=5 stride=2 lr=3e-03,1.0,0.003,Muon,0,2,512,64,2.3025682586016396,1.8053108943316687e-05,0.890625,full_conv_patch_and_classifier_activation,2.599374866401893,1.3935389635154305,1.8411019948821146,3.110761712619898e-05,5.450043361365042e-05,"[[0.0014548499877070399,0.0005056014723880787,0.00026330991300555173,0.0001607974599718689,0.0001487316204727417,0.00010389943898864623,6.018579343771653e-05,5.0662389838603744e-05,3.9172272550411585e-05,3.631488939172826e-05,3.2010954338367555e-05,2.878033604494737e-05,1.9436424429724624e-05,1.288426428244257e-05,8.290752879086997e-06,6.227033203640919e-06],[0.00210708007759782,0.0003146721751507861,0.00016540340783203534,9.130652057653367e-05,6.979191522124292e-05,4.722978121177888e-05,2.8762361943306994e-05,1.861186350171872e-05,1.194785004243638e-05,1.601299924727822e-19]]","[[401.1183156996585,197.39960275709623,164.19580520093004,125.04709348138175,95.81303941858663,91.20839259366029,74.89031449434101,59.91562082222036,49.28389336291671,48.21043120462586,45.75160259396352,37.706046923031636,35.21959976949825,30.123676491125735,29.954925951450672,29.01564349947877,26.2093158304301,24.392547769597073,23.50068906609841,21.883484860449574,19.859758304504684,18.874098114494824,17.102630977222926,15.881887439576131,13.960438301928791],[0.38382900374884543,0.03249063656839608,0.02564378114645415,0.012216219308502677,0.00988461472184583,0.007714424861605977,0.0073963959553452014,0.006643103139605094,0.00525337639878789,0.0042649477660497434,0.0041345185425738645,0.003437318574624453,0.0031523824473887775,0.0024998140627989916,0.001860940322336041,0.0010332200540648048]]","[[0.0030000000000000027,0.0030000000000000022,0.0030000000000000022,0.003000000000000002,0.003000000000000002,0.0030000000000000014,0.0030000000000000014,0.0030000000000000014,0.003000000000000001,0.0030000000000000005,0.0030000000000000005,0.0030000000000000005,0.0030000000000000005,0.003,0.0029999999999999996,0.0029999999999999988],[0.0030000000000000014,0.0030000000000000014,0.003000000000000001,0.003000000000000001,0.0030000000000000005,0.0030000000000000005,0.0029999999999999996,0.0029999999999999996,0.002999999999999999,0.0029999999999999983]]",13.0,12.99999999999999,0.9999999999999999,0.9999999999999991,0.9999999999999993,1.7357882868024768e-05,0.42600926676772927,0.0011347203007527713,0.015297058540778358,0.0030000000000000027,0.06218850882298844,0.0663209560100706,0.1566416670102626,16,5,2
0,MNISTConvNet,MNIST conv filters=16 kernel=5 stride=2 lr=3e-03,1.0,0.003,Adam,0,3,512,64,2.3025890704926515,1.0962969615224694e-05,0.892578125,full_conv_patch_and_classifier_activation,2.9357420690581133,1.3885341402693037,2.0174715217575674,1.4799066091251785e-05,2.4669952435233373e-05,"[[0.001052990019240338,0.0004385538234253167,0.00028809593278865853,0.00018302742470103185,0.00013914872135640144,9.46342706372106e-05,7.011163477685628e-05,4.8318556191854584e-05,3.731092683746237e-05,3.189980063642686e-05,2.451518296332492e-05,2.3728633255039613e-05,1.4909738453475473e-05,1.0790852007752285e-05,8.550165066926012e-06,6.191680618741209e-06],[0.002591039544907107,0.0003593336688276233,0.0001742660175252883,0.00011401488029846591,6.0666916717171105e-05,4.634524648202979e-05,2.9307164488543465e-05,1.3477437890895495e-05,9.805304650270878e-06,9.983121786461459e-20]]","[[401.1183156996585,197.39960275709623,164.19580520093004,125.04709348138175,95.81303941858663,91.20839259366029,74.89031449434101,59.91562082222036,49.28389336291671,48.21043120462586,45.75160259396352,37.706046923031636,35.21959976949825,30.123676491125735,29.954925951450672,29.01564349947877,26.2093158304301,24.392547769597073,23.50068906609841,21.883484860449574,19.859758304504684,18.874098114494824,17.102630977222926,15.881887439576131,13.960438301928791],[0.6824725963455853,0.03785136484818768,0.01986446208292706,0.014325256350505012,0.010021826924847337,0.007003803325185128,0.006541672540998279,0.005828079076081943,0.005352117441227153,0.004224104055189839,0.0037464899479318593,0.002718439889125038,0.0021815973837544843,0.001810656871765759,0.0011605692319038162,0.0010798007258081852]]","[[0.012160888166141208,0.003767956598162153,0.003422141851984851,0.0024441558320647348,0.002171032793070945,0.001540084859714872,0.001416415551174952,0.001068653606138079,0.0009361847854035711,0.0004711521732539238,0.0003704241431801225,0.0002920847022551691,0.0002168095136736114,0.00018384977241595613,8.368553273303539e-05,7.748889033776783e-05],[0.0055090042892942245,0.0022971688814830394,0.0018309774330122282,0.0015446250323212644,0.001452753948265922,0.0008388619901271566,0.0005284582168501187,0.00047882891873799523,0.0003231543630881588,0.00011337610237779828]]",4.932801420951037,1.3853262507377373,0.40142268843149986,0.11426354749251941,0.2807266487232276,1.0527493682883596e-05,0.23703767771170178,0.0006849588203584186,0.015369527875230325,0.012160888166141208,0.061740141999085126,0.05897652266247075,0.18002808396704495,16,5,2
1,MNISTConvNet,MNIST conv filters=16 kernel=5 stride=2 lr=3e-03,1.0,0.003,Muon,0,3,512,64,2.3025811834343446,1.5161744779224051e-05,0.892578125,full_conv_patch_and_classifier_activation,3.184266083164463,1.3929971648715291,2.2515269152779003,1.704227929001791e-05,3.621776582666959e-05,"[[0.0011324447424685992,0.00039497911242002186,0.00029126961110804257,0.00020377958687918237,0.00017380767288010827,0.00011492640170349966,8.226448431335537e-05,4.987509759396183e-05,4.569644623999351e-05,3.416865054233025e-05,2.6970020429600317e-05,2.0605242680595044e-05,1.606680384175723e-05,1.1154058460009672e-05,9.347304239375543e-06,7.2917333296774e-06],[0.0016040846559989338,0.0003758552706042775,0.0001834804653388258,0.0001063758271039319,7.573207385561569e-05,4.269024587556007e-05,2.6228325513653057e-05,2.0108755092394435e-05,7.696822936152979e-06,1.331619338915589e-19]]","[[401.1183156996585,197.39960275709623,164.19580520093004,125.04709348138175,95.81303941858663,91.20839259366029,74.89031449434101,59.91562082222036,49.28389336291671,48.21043120462586,45.75160259396352,37.706046923031636,35.21959976949825,30.123676491125735,29.954925951450672,29.01564349947877,26.2093158304301,24.392547769597073,23.50068906609841,21.883484860449574,19.859758304504684,18.874098114494824,17.102630977222926,15.881887439576131,13.960438301928791],[0.40301653266856813,0.03307258059458868,0.025495563963763075,0.012450577851998405,0.009419099877864646,0.008416106433933961,0.007476759824787632,0.006823742329862981,0.0054626150226020275,0.004796266299343555,0.004172484795166718,0.003448051254043336,0.002911696214186497,0.002736807652160744,0.0021206267328675705,0.0011716531818111143]]","[[0.003000000000000002,0.003000000000000002,0.003000000000000002,0.003000000000000002,0.0030000000000000014,0.003000000000000001,0.003000000000000001,0.003000000000000001,0.0030000000000000005,0.0030000000000000005,0.0030000000000000005,0.003,0.0029999999999999996,0.0029999999999999996,0.0029999999999999988,0.0029999999999999988],[0.003000000000000002,0.0030000000000000005,0.0030000000000000005,0.0030000000000000005,0.003,0.0029999999999999996,0.0029999999999999996,0.0029999999999999996,0.0029999999999999996,0.0029999999999999988]]",13.000000000000004,12.999999999999988,1.0000000000000002,0.999999999999999,0.9999999999999989,1.5170698234348366e-05,0.47330712859535945,0.0009917395683560245,0.015297058540778358,0.003000000000000002,0.06174014199908513,0.06579966513725546,0.20261670905165374,16,5,2
0,MNISTConvNet,MNIST conv filters=16 kernel=5 stride=2 lr=3e-03,1.0,0.003,Adam,0,4,512,64,2.302508240989447,4.220895156414883e-05,0.892578125,full_conv_patch_and_classifier_activation,1.689196138061496,1.3873011953819043,1.265390457112681,1.3700382133939405e-05,1.969651470109661e-05,"[[0.0024159866821500692,0.0003006183839815244,0.0001566558608863437,0.00010973787804677257,9.641315026695261e-05,8.608974584750043e-05,5.969862953910633e-05,4.177219033061221e-05,4.0014791249626475e-05,3.056930491129864e-05,2.0732370393228452e-05,1.565754359381566e-05,1.3341924345906721e-05,9.533141267615747e-06,6.336340990522739e-06,3.0138939105097874e-06],[0.0031775828398538436,0.00027756716967361543,0.00011501067580322367,0.00010685462016845426,6.207560906185122e-05,4.0975075150347195e-05,3.111405377999175e-05,1.6583743575148398e-05,7.544452117038837e-06,2.97512567375047e-19]]","[[401.1183156996585,197.39960275709623,164.19580520093004,125.04709348138175,95.81303941858663,91.20839259366029,74.89031449434101,59.91562082222036,49.28389336291671,48.21043120462586,45.75160259396352,37.706046923031636,35.21959976949825,30.123676491125735,29.954925951450672,29.01564349947877,26.2093158304301,24.392547769597073,23.50068906609841,21.883484860449574,19.859758304504684,18.874098114494824,17.102630977222926,15.881887439576131,13.960438301928791],[0.8630829581236904,0.034570810117064386,0.0159256691626239,0.013819090109478795,0.0091866404018362,0.006541455477740855,0.0063609781841168,0.0049180308245572995,0.00485014291066452,0.003912518571531279,0.003718968317647997,0.002463944966149434,0.0022090110308674725,0.0017234301837429733,0.001496651926580037,0.0008614654706844086]]","[[0.012035939466181254,0.003720255437056633,0.003417170273246304,0.002616786349992841,0.0021713500606739713,0.0014371803845023385,0.0010097987164369336,0.0008028751204929785,0.0006019696105748971,0.000421293936923044,0.00032752780169278126,0.0002654584257150769,0.0001658259281610196,0.00010413666268311268,8.133706195803462e-05,5.74303076173526e-05],[0.006195687710752787,0.0024676624768596674,0.0016960670584117903,0.0013875606024808013,0.0012263263595602258,0.0008755949844471475,0.0004622896405776892,0.000333174297797764,0.000230434683176396,0.00013555676269774668]]",4.461098068499867,1.3200970889974912,0.3601471183207997,0.10787853552719968,0.29634598908089926,3.847916988685797e-05,0.6192931362350841,0.0024922255658420657,0.015439681870792758,0.012035939466181254,0.06126553269216463,0.059933029922857664,0.2256090841256082,16,5,2
1,MNISTConvNet,MNIST conv filters=16 kernel=5 stride=2 lr=3e-03,1.0,0.003,Muon,0,4,512,64,2.302559075961683,1.7959049264160143e-05,0.890625,full_conv_patch_and_classifier_activation,2.217967878578447,1.3928002588283386,1.724581043733241,1.3463032911790751e-05,2.9750923959611008e-05,"[[0.002294043238987883,0.00031639643384173444,0.00022780764882823155,0.00013719255527186832,0.00011571872419672142,9.902684858900798e-05,7.085991647244625e-05,5.301892400512739e-05,3.505391255016778e-05,2.9806501455053366e-05,2.7416100299969407e-05,1.880914890672159e-05,1.650304056760606e-05,1.0795550013538731e-05,8.374515031223485e-06,4.585539104808441e-06],[0.0015020982678985856,0.00033416066637992673,0.00017769423376466422,0.00013228988555013323,6.67671965505563e-05,4.702172039041866e-05,3.222005706720701e-05,2.5473030774529973e-05,1.3092008544144436e-05,7.998598720121346e-20]]","[[401.1183156996585,197.39960275709623,164.19580520093004,125.04709348138175,95.81303941858663,91.20839259366029,74.89031449434101,59.91562082222036,49.28389336291671,48.21043120462586,45.75160259396352,37.706046923031636,35.21959976949825,30.123676491125735,29.954925951450672,29.01564349947877,26.2093158304301,24.392547769597073,23.50068906609841,21.883484860449574,19.859758304504684,18.874098114494824,17.102630977222926,15.881887439576131,13.960438301928791],[0.42445887395194115,0.03581482140121859,0.024988261381444058,0.013057131217112201,0.0092986591923971,0.008239653052153574,0.007615676016958241,0.006902080372225616,0.0053274374173253244,0.004741017707599915,0.004112082046843538,0.003705920273080762,0.0029663463521749723,0.002579005575880575,0.0022104510426326626,0.0013623160296252774]]","[[0.003000000000000002,0.0030000000000000014,0.003000000000000001,0.003000000000000001,0.003000000000000001,0.003000000000000001,0.003000000000000001,0.0030000000000000005,0.0030000000000000005,0.0030000000000000005,0.003,0.0029999999999999996,0.0029999999999999996,0.0029999999999999996,0.0029999999999999996,0.0029999999999999996],[0.003000000000000001,0.0030000000000000005,0.0030000000000000005,0.0030000000000000005,0.003,0.003,0.003,0.003,0.0029999999999999996,0.0029999999999999996]]",12.999999999999998,12.999999999999991,0.9999999999999999,0.9999999999999993,0.9999999999999996,1.7388676995126832e-05,0.40459148477613716,0.0011367333758168416,0.015297058540778357,0.003000000000000002,0.061265532692164636,0.06501171682379343,0.24686004198156297,16,5,2
0,MNISTConvNet,MNIST conv filters=16 kernel=5 stride=2 lr=3e-03,1.0,0.003,Adam,0,5,512,64,2.302320580066706,,0.892578125,full_conv_patch_and_classifier_activation,1.2883838156475553,1.3867428930506542,0.9811407535902399,3.219450007721506e-05,3.762047405134416e-05,"[[0.005629079111574519,0.0003389556192232111,0.00016480658537038477,0.00014738770026779827,0.00012170655307959145,5.81634022897152e-05,5.5401850376314396e-05,4.2630112642652655e-05,3.5453502328848006e-05,2.898221278846867e-05,2.2091142309614785e-05,1.616850637535449e-05,1.1485469852399017e-05,9.493080607884553e-06,7.447339962085398e-06,6.715961542408313e-06],[0.006060214889295553,0.0002024831194691501,9.153202926728324e-05,7.948299702249216e-05,4.676874021435835e-05,3.720372051308073e-05,2.048325607257022e-05,1.4658730308912968e-05,8.25547428131988e-06,5.421846738364768e-19]]","[[401.1183156996585,197.39960275709623,164.19580520093004,125.04709348138175,95.81303941858663,91.20839259366029,74.89031449434101,59.91562082222036,49.28389336291671,48.21043120462586,45.75160259396352,37.706046923031636,35.21959976949825,30.123676491125735,29.954925951450672,29.01564349947877,26.2093158304301,24.392547769597073,23.50068906609841,21.883484860449574,19.859758304504684,18.874098114494824,17.102630977222926,15.881887439576131,13.960438301928791],[1.0689387021678523,0.03257388259831767,0.015487202539174186,0.010009553279453975,0.008555462536274433,0.006588148644522188,0.006020816624722009,0.004692451065062096,0.004416047527293275,0.0038036249402720024,0.003345551411589292,0.002456562306278997,0.002254126795431406,0.00215794822400225,0.0017224854417721683,0.0006596858065590146]]",,,,,,,,,,,,,,0.2695590420626104,16,5,2
1,MNISTConvNet,MNIST conv filters=16 kernel=5 stride=2 lr=3e-03,1.0,0.003,Muon,0,5,512,64,2.3025054076599045,,0.88671875,full_conv_patch_and_classifier_activation,1.9880029396805075,1.3924526166141593,1.4676906031235655,3.137758340718799e-05,5.065562879479502e-05,"[[0.0034244742559001,0.0008481369597328471,0.00034021555066097525,0.00022737941865413043,0.00018496874984271075,0.00010815925138787896,7.30263467269265e-05,5.9930274862354445e-05,4.859755245580943e-05,4.067860680106657e-05,3.0108140942701402e-05,1.754212882053143e-05,1.634302085185778e-05,1.299973281158455e-05,8.076171007455812e-06,6.296253002286123e-06],[0.0025714769267216595,0.00030478693340425507,0.00019274832197869275,0.00010131321600087303,5.924308294640117e-05,3.601235966400115e-05,2.7035623794834337e-05,2.2833857730389945e-05,8.980405756302049e-06,9.384162783320296e-20]]","[[401.1183156996585,197.39960275709623,164.19580520093004,125.04709348138175,95.81303941858663,91.20839259366029,74.89031449434101,59.91562082222036,49.28389336291671,48.21043120462586,45.75160259396352,37.706046923031636,35.21959976949825,30.123676491125735,29.954925951450672,29.01564349947877,26.2093158304301,24.392547769597073,23.50068906609841,21.883484860449574,19.859758304504684,18.874098114494824,17.102630977222926,15.881887439576131,13.960438301928791],[0.4641199534835309,0.039550393987655336,0.025109522796619533,0.014495689516749509,0.009443917391618836,0.008113535742727166,0.0075161785888990884,0.006576722442528018,0.005425853077047564,0.00487587593471018,0.004274387429253313,0.0035707374593912642,0.003138070699166123,0.0027482991888914234,0.002355199823684984,0.0015064416289834607]]",,,,,,,,,,,,,,0.29020770895294845,16,5,2
2,MNISTConvNet,MNIST conv filters=16 kernel=5 stride=2 lr=3e-03,1.0,0.003,Adam,1,0,512,64,2.302622850625773,2.6790982851743195e-05,0.853515625,full_conv_patch_and_classifier_activation,2.429398869347137,1.4075505352421942,1.661802536578119,2.228894368342435e-05,3.20456302235865e-05,"[[0.001394813625900146,0.00036764636134172744,0.00024456847230065325,0.00023296379939276955,0.00011503245386852687,8.934279749093235e-05,7.308130803647374e-05,6.0390144760772545e-05,4.257734209039346e-05,3.692294288370311e-05,3.455589729075737e-05,2.3769800744413006e-05,1.4203168458228308e-05,1.3011937522945361e-05,1.1013890737299494e-05,5.85699778854949e-06],[0.003122281646435506,0.0002718685049700479,0.00011124142132854765,8.9572445138836e-05,7.002477908776241e-05,4.470046864418335e-05,2.7780411394987028e-05,2.4314005404307117e-05,9.980754822467223e-06,1.7141659589032254e-19]]","[[390.49508151911226,195.7032235608191,163.85332786619975,123.87348519167585,96.9112556213114,91.86200157031035,74.23263594975835,60.67285521527967,49.51995634598056,48.39062975955221,45.78336309177383,37.842356514290785,35.73417151385935,30.64902850020215,29.86664571226451,28.87063668380468,26.407449145927636,24.807459652163995,23.691315232767103,21.848693291859362,19.95677372952212,18.946066130939002,16.947747813757786,15.78521018286518,13.945079448475957],[0.6648176641760396,0.032822061463880975,0.017282476059059006,0.015217096848010005,0.011523353226536503,0.008754411436529495,0.0058480546832529465,0.005443264945111834,0.00473292000128828,0.0043896305839129105,0.003295745030412294,0.002496054428955438,0.0023175175776067487,0.002003209631057727,0.0018931095081150186,0.0011305436082182402]]","[[0.010538684603712566,0.004012234916839079,0.0034074490870175493,0.0030688402763802787,0.0024335275973367547,0.0019943064015821,0.0017111516261273056,0.0015470983453668907,0.0013006515019166778,0.00109020195393008,8.520045000927441e-06,5.675439761882335e-06,2.2653398253273475e-07,5.432351159718951e-08,4.864023525287712e-08,1.4841518045376462e-08],[0.007062762143524242,0.0032824975941589513,0.0017717567085985327,0.0016607705618986975,0.001074088841021267,7.2405143141333e-06,1.0305473613965364e-06,1.646256186992234e-07,1.3331098548083307e-07,2.4829594745219856e-08]]",4.542439590679328,1.4273078883157353,0.34505632230034805,0.11465714616752383,0.3366419259385496,2.9110886528328494e-05,0.5474983650619061,0.0019030381854606697,0.015297058540778362,0.010538684603712566,0.06311790470748711,0.06277233195397083,0.02189804194495082,16,5,2
3,MNISTConvNet,MNIST conv filters=16 kernel=5 stride=2 lr=3e-03,1.0,0.003,Muon,1,0,512,64,2.302622850625773,1.884190190537538e-05,0.853515625,full_conv_patch_and_classifier_activation,2.429398869347137,1.4075505352421942,1.661802536578119,2.228894368342435e-05,3.20456302235865e-05,"[[0.001394813625900146,0.00036764636134172744,0.00024456847230065325,0.00023296379939276955,0.00011503245386852687,8.934279749093235e-05,7.308130803647374e-05,6.0390144760772545e-05,4.257734209039346e-05,3.692294288370311e-05,3.455589729075737e-05,2.3769800744413006e-05,1.4203168458228308e-05,1.3011937522945361e-05,1.1013890737299494e-05,5.85699778854949e-06],[0.003122281646435506,0.0002718685049700479,0.00011124142132854765,8.9572445138836e-05,7.002477908776241e-05,4.470046864418335e-05,2.7780411394987028e-05,2.4314005404307117e-05,9.980754822467223e-06,1.7141659589032254e-19]]","[[390.49508151911226,195.7032235608191,163.85332786619975,123.87348519167585,96.9112556213114,91.86200157031035,74.23263594975835,60.67285521527967,49.51995634598056,48.39062975955221,45.78336309177383,37.842356514290785,35.73417151385935,30.64902850020215,29.86664571226451,28.87063668380468,26.407449145927636,24.807459652163995,23.691315232767103,21.848693291859362,19.95677372952212,18.946066130939002,16.947747813757786,15.78521018286518,13.945079448475957],[0.6648176641760396,0.032822061463880975,0.017282476059059006,0.015217096848010005,0.011523353226536503,0.008754411436529495,0.0058480546832529465,0.005443264945111834,0.00473292000128828,0.0043896305839129105,0.003295745030412294,0.002496054428955438,0.0023175175776067487,0.002003209631057727,0.0018931095081150186,0.0011305436082182402]]","[[0.0030000000000000014,0.0030000000000000014,0.003000000000000001,0.003000000000000001,0.003000000000000001,0.0030000000000000005,0.0030000000000000005,0.0030000000000000005,0.0030000000000000005,0.0030000000000000005,0.0029999999999999996,0.0029999999999999996,0.0029999999999999996,0.0029999999999999996,0.0029999999999999996,0.002999999999999999],[0.0030000000000000014,0.003000000000000001,0.0030000000000000005,0.0030000000000000005,0.0030000000000000005,0.0030000000000000005,0.0029999999999999996,0.0029999999999999996,0.0029999999999999996,0.002999999999999999]]",12.999999999999998,12.99999999999999,0.9999999999999999,0.9999999999999993,0.9999999999999993,1.9594546133504806e-05,0.3685213077171086,0.001280935552496603,0.015297058540778358,0.0030000000000000014,0.0631179047074871,0.0652976101520166,0.0429898330476135,16,5,2
2,MNISTConvNet,MNIST conv filters=16 kernel=5 stride=2 lr=3e-03,1.0,0.003,Adam,1,1,512,64,2.3026584962968313,3.425682276869679e-05,0.91015625,full_conv_patch_and_classifier_activation,1.7495217545929944,1.407833490374553,1.268411878280275,2.542719558190986e-05,3.453647327487609e-05,"[[0.003084630736128822,0.00038528823744961955,0.00032232540914267833,0.0002116536099030671,0.00018002793668315127,8.683073826088887e-05,7.362188517091621e-05,5.76418265476261e-05,4.3445098002325014e-05,4.050223561052528e-05,3.589797482910435e-05,2.2536441191587996e-05,1.4698930240903476e-05,1.3947963090763803e-05,8.63576628903603e-06,6.953873910700574e-06],[0.0032713161089895524,0.00023096265384223158,0.00013936802069818637,5.2326847819345484e-05,4.714245519686562e-05,3.279075097782101e-05,3.0281215176515634e-05,2.5033967659512837e-05,7.1234919961441775e-06,1.1365102538008374e-19]]","[[390.49508151911226,195.7032235608191,163.85332786619975,123.87348519167585,96.9112556213114,91.86200157031035,74.23263594975835,60.67285521527967,49.51995634598056,48.39062975955221,45.78336309177383,37.842356514290785,35.73417151385935,30.64902850020215,29.86664571226451,28.87063668380468,26.407449145927636,24.807459652163995,23.691315232767103,21.848693291859362,19.95677372952212,18.946066130939002,16.947747813757786,15.78521018286518,13.945079448475957],[0.651177070762657,0.033957473708047727,0.020707034935306602,0.015088214836175838,0.0104713358269617,0.008442913196706434,0.00574479097364683,0.00530992026331952,0.004306440911382522,0.003898819605610346,0.0033390652618867037,0.002343057465404089,0.0021129966631004537,0.0018463172187601691,0.0016370326414862628,0.0013388143163063928]]","[[0.011240001824199214,0.003970470694278883,0.0037996617746870096,0.002905058169203867,0.0023831645681382688,0.0018586239100539094,0.001483948520587669,0.0012623762595852627,0.0010885886688679893,0.0007541292490948376,0.0005104390143135237,0.00033627284869022995,0.0001172491067023755,8.376708976203346e-05,3.535177775722828e-05,9.80999403104962e-06],[0.006398134820847598,0.003325437464025699,0.0020174826009261427,0.0013536521740840867,0.0009506824342324533,0.0005602592526472898,0.00020275324226498164,0.00011937592923061245,7.609706196816981e-05,3.992239398996607e-05]]",4.7271402421938085,1.4354124305903677,0.3671526952063815,0.11681847706507359,0.31557578252499646,3.6330324879878736e-05,0.5169058079957322,0.0023488544330043395,0.015467252618720123,0.011240001824199214,0.06381445485738053,0.06205801730055808,0.0652585830539465,16,5,2
3,MNISTConvNet,MNIST conv filters=16 kernel=5 stride=2 lr=3e-03,1.0,0.003,Muon,1,1,512,64,2.3026633068105617,2.4755781107277386e-05,0.890625,full_conv_patch_and_classifier_activation,1.7089080028717687,1.4077058224054193,1.240588470494078,2.5478054889142875e-05,3.397716100970763e-05,"[[0.0032788555047259926,0.00041021577409038745,0.0003127141101736373,0.0002128388978663664,0.00016968865573340505,8.933566320837777e-05,8.30673323653321e-05,6.056911292272598e-05,4.4647370162909806e-05,3.766907757447622e-05,3.1940798248932906e-05,2.1332233748478505e-05,1.7041641818909466e-05,1.4507090721441122e-05,1.2764794941275915e-05,8.70119539904716e-06],[0.003209269282124114,0.00021991095787481652,0.00012225860318179182,4.5778672841726895e-05,4.170481744990026e-05,3.264552465903174e-05,2.776927117942339e-05,2.0620309089905095e-05,7.400633541926606e-06,1.7416831978018541e-19]]","[[390.49508151911226,195.7032235608191,163.85332786619975,123.87348519167585,96.9112556213114,91.86200157031035,74.23263594975835,60.67285521527967,49.51995634598056,48.39062975955221,45.78336309177383,37.842356514290785,35.73417151385935,30.64902850020215,29.86664571226451,28.87063668380468,26.407449145927636,24.807459652163995,23.691315232767103,21.848693291859362,19.95677372952212,18.946066130939002,16.947747813757786,15.78521018286518,13.945079448475957],[0.6379449197934371,0.03297120212365381,0.01855467945682121,0.013166436162764335,0.010951977206978722,0.008541014730613588,0.00584742591253841,0.0050658277199400895,0.004560862392007217,0.004196902377360041,0.0032003949620151998,0.0025201921553321682,0.0022414583896167304,0.0018429933979028025,0.0018057232071648367,0.0011232805424125855]]","[[0.0030000000000000022,0.0030000000000000022,0.003000000000000002,0.003000000000000001,0.003000000000000001,0.003000000000000001,0.003000000000000001,0.0030000000000000005,0.003,0.0029999999999999996,0.0029999999999999996,0.0029999999999999996,0.0029999999999999996,0.002999999999999999,0.002999999999999999,0.0029999999999999988],[0.0030000000000000022,0.0030000000000000014,0.0030000000000000014,0.003000000000000001,0.0030000000000000005,0.0030000000000000005,0.0030000000000000005,0.003,0.0029999999999999996,0.0029999999999999996]]",13.0,12.999999999999984,1.0,0.9999999999999988,0.9999999999999988,2.559974197693301e-05,0.36105142690219094,0.0016735074856836115,0.01529705854077836,0.0030000000000000022,0.06381445485738055,0.0661471972964444,0.08641300001181662,16,5,2
2,MNISTConvNet,MNIST conv filters=16 kernel=5 stride=2 lr=3e-03,1.0,0.003,Adam,1,2,512,64,2.3026484060886125,2.8780051781307492e-05,0.8828125,full_conv_patch_and_classifier_activation,1.7071327859166798,1.4080718722951928,1.2498286884145884,3.138740675746109e-05,4.3338588602429855e-05,"[[0.0036542836870279206,0.0005792588188306454,0.0003836923908122376,0.00019865049972443715,0.00012404791770725693,9.183916143107814e-05,6.739498459874437e-05,4.934516774782091e-05,3.7239795205422303e-05,3.320805000127371e-05,2.8566700339496452e-05,2.1012534612052047e-05,1.6738725614024264e-05,1.002676002249723e-05,7.366343262745439e-06,6.110013840094131e-06],[0.0034366449647414087,0.00024375409136349573,0.00013653606069451323,9.443029242155225e-05,5.274240149201491e-05,4.578107649852535e-05,2.3767615292554535e-05,1.6415394681860366e-05,1.5102575825925125e-05,1.8991419192878728e-19]]","[[390.49508151911226,195.7032235608191,163.85332786619975,123.87348519167585,96.9112556213114,91.86200157031035,74.23263594975835,60.67285521527967,49.51995634598056,48.39062975955221,45.78336309177383,37.842356514290785,35.73417151385935,30.64902850020215,29.86664571226451,28.87063668380468,26.407449145927636,24.807459652163995,23.691315232767103,21.848693291859362,19.95677372952212,18.946066130939002,16.947747813757786,15.78521018286518,13.945079448475957],[0.6158277137678877,0.03320815411737918,0.022945406805498416,0.013434041011915771,0.0089264481923901,0.007958507460557257,0.005817295346852584,0.005089218236278703,0.0041175978839725165,0.0037302500411123683,0.0032576116701176685,0.002372594296645221,0.00205563823672795,0.0018803401284904326,0.0015952744864275077,0.001400292075428492]]","[[0.010367331233156847,0.004507137213049713,0.003848761831122936,0.003464800173450317,0.0019555505958333552,0.001845950928789137,0.0012772312171972374,0.0011024235117951576,0.0009184974144279985,0.0006292705622027141,0.0005793011819419872,0.0004121895829032458,0.00019099958021320094,0.00013919742558900637,0.00010698919309829774,3.587304215039888e-05],[0.007367254648741063,0.003878459687214644,0.001811642691650355,0.001569890147803401,0.0007638586904150452,0.0004143145249067864,0.00029168034808521256,0.00027568132902343003,0.00020808870657188498,9.707793869817754e-05]]",4.786383870456492,1.4750149071065257,0.36774142707492485,0.11845481197817212,0.32242950051248376,3.1912870815267825e-05,0.4033131694350216,0.0020491514106454533,0.015573700727764048,0.010367331233156847,0.06420633382250296,0.06469856959995368,0.1099422499537468,16,5,2
3,MNISTConvNet,MNIST conv filters=16 kernel=5 stride=2 lr=3e-03,1.0,0.003,Muon,1,2,512,64,2.302637520639504,2.667185773930214e-05,0.849609375,full_conv_patch_and_classifier_activation,1.738153865370998,1.4080724460016747,1.2666234985408726,3.153364956307014e-05,4.349272359947599e-05,"[[0.0034923978824917545,0.0005428864395132592,0.0003453287446379147,0.00020535851069740683,0.0001456137290040502,0.00011050966132271126,8.574433542768245e-05,6.224885983558169e-05,4.138258682621594e-05,3.380552057362017e-05,2.204467018702117e-05,2.0096121008462625e-05,1.550519299824531e-05,1.2672288291518372e-05,9.698537221397426e-06,6.497122629653021e-06],[0.0033383543336126366,0.00023995264661182713,0.00012669418398485389,8.999206702830047e-05,5.9347106645494254e-05,3.805309034349383e-05,2.8243088933055968e-05,1.4501180259541215e-05,1.1632758632696307e-05,8.883859794890013e-20]]","[[390.49508151911226,195.7032235608191,163.85332786619975,123.87348519167585,96.9112556213114,91.86200157031035,74.23263594975835,60.67285521527967,49.51995634598056,48.39062975955221,45.78336309177383,37.842356514290785,35.73417151385935,30.64902850020215,29.86664571226451,28.87063668380468,26.407449145927636,24.807459652163995,23.691315232767103,21.848693291859362,19.95677372952212,18.946066130939002,16.947747813757786,15.78521018286518,13.945079448475957],[0.5968300867450528,0.03374485533206987,0.018752566492834556,0.011713928799779975,0.011027085896474585,0.008411313549816312,0.005855557186781991,0.0047963362342389165,0.004578980918606135,0.004237863874008227,0.0031919231661044663,0.002703842163890393,0.0020727642980606273,0.0018915608453343225,0.0017876684420900192,0.0013073343645406432]]","[[0.0030000000000000022,0.0030000000000000022,0.0030000000000000014,0.0030000000000000014,0.003000000000000001,0.003000000000000001,0.0030000000000000005,0.0030000000000000005,0.003,0.003,0.003,0.003,0.0029999999999999996,0.0029999999999999996,0.002999999999999999,0.002999999999999999],[0.0030000000000000022,0.0030000000000000022,0.0030000000000000022,0.003000000000000002,0.003000000000000002,0.0030000000000000005,0.003,0.0029999999999999996,0.0029999999999999996,0.0029999999999999996]]",13.0,12.999999999999986,1.0,0.9999999999999989,0.9999999999999989,2.7295681976155193e-05,0.36473298154248956,0.0017843745517081818,0.015297058540778357,0.0030000000000000022,0.06420633382250299,0.06655633338630716,0.13183387485332787,16,5,2
2,MNISTConvNet,MNIST conv filters=16 kernel=5 stride=2 lr=3e-03,1.0,0.003,Adam,1,3,512,64,2.302664311218855,2.6054662841001885e-05,0.888671875,full_conv_patch_and_classifier_activation,2.276730473014808,1.4089672660544008,1.5983510694579206,2.879533031595456e-05,4.4254083618905616e-05,"[[0.002214794062876081,0.0007398928988308195,0.000417041063184219,0.00020529275012539353,0.00014353317341448145,0.00011043602268713689,8.803175221582963e-05,6.854306300981034e-05,4.879813160335394e-05,3.176164867673708e-05,2.6362206003984893e-05,1.4441818106626644e-05,1.328641394576587e-05,1.0742593369885478e-05,8.713297722875995e-06,4.1081724277493336e-06],[0.0028639684000028626,0.0003195091543236835,0.00015534558327089148,0.00010030651777249611,6.665187691941414e-05,4.138071594185637e-05,1.924131216777752e-05,1.8072906229494443e-05,9.807691368664813e-06,1.5812793247229268e-19]]","[[390.49508151911226,195.7032235608191,163.85332786619975,123.87348519167585,96.9112556213114,91.86200157031035,74.23263594975835,60.67285521527967,49.51995634598056,48.39062975955221,45.78336309177383,37.842356514290785,35.73417151385935,30.64902850020215,29.86664571226451,28.87063668380468,26.407449145927636,24.807459652163995,23.691315232767103,21.848693291859362,19.95677372952212,18.946066130939002,16.947747813757786,15.78521018286518,13.945079448475957],[0.5383522597533843,0.03336397990976799,0.02442547691505249,0.0122430012148356,0.008563204327716503,0.007520827916461796,0.0059620330845152995,0.004809356394106679,0.004127334550824876,0.0031978882859381944,0.003132410127874911,0.0027163433686485956,0.001975021780482566,0.0016073092264810092,0.0013857606774384862,0.001140191533350277]]","[[0.010968066656744612,0.004887160222219932,0.0038223038841990156,0.0029430320288862948,0.0019266409114980377,0.0015169599628836175,0.0012698993071844932,0.001134629138779866,0.0008684728444975236,0.0005839878701271519,0.0005581391901606793,0.00025603180483985296,0.00024321166220797532,0.00013029545184242602,0.00011592506399703338,3.068528660065101e-05],[0.006807156750240266,0.003937710430690682,0.001755584898458359,0.0015689021304613133,0.0008218958722681384,0.0006597347563493644,0.00042470936351872776,0.00024411566423391466,0.00017121796850125642,0.00011901283752568061]]",4.726709697553378,1.4817094385246017,0.3697265771567996,0.12043832031528148,0.3219701598174205,2.9049955551184998e-05,0.4931651194423844,0.0018494868425713226,0.015707035531432677,0.010968066656744612,0.0646978883186401,0.06420350851499436,0.15527270804159343,16,5,2
3,MNISTConvNet,MNIST conv filters=16 kernel=5 stride=2 lr=3e-03,1.0,0.003,Muon,1,3,512,64,2.302674171836515,2.408893602057205e-05,0.84375,full_conv_patch_and_classifier_activation,2.058701309283273,1.4081720942590428,1.4637895044821292,2.871375260763586e-05,4.221395570394952e-05,"[[0.002717354738657983,0.0006897300615819648,0.000408495072103926,0.0002111331166264823,0.00016483657532027806,0.00011897888212168883,8.50411620613964e-05,5.914441212734579e-05,4.25485011763139e-05,3.952058551086091e-05,3.092202659002094e-05,2.0334683594879703e-05,1.620336653540392e-05,1.4543631445469737e-05,7.575294685241608e-06,5.1074990776622575e-06],[0.0030686021162611835,0.0002918026902799713,0.00014279803379082016,8.51789809500079e-05,6.836857317155507e-05,5.362419365400235e-05,2.515484061017016e-05,1.2267713587094531e-05,7.348085415097404e-06,1.918482131087214e-19]]","[[390.49508151911226,195.7032235608191,163.85332786619975,123.87348519167585,96.9112556213114,91.86200157031035,74.23263594975835,60.67285521527967,49.51995634598056,48.39062975955221,45.78336309177383,37.842356514290785,35.73417151385935,30.64902850020215,29.86664571226451,28.87063668380468,26.407449145927636,24.807459652163995,23.691315232767103,21.848693291859362,19.95677372952212,18.946066130939002,16.947747813757786,15.78521018286518,13.945079448475957],[0.5763320044666727,0.03275273507977736,0.01888253750927142,0.012165759297750964,0.010700386100828773,0.008403961616052382,0.005720787275354011,0.004791486032381995,0.004377636094634091,0.003970959339461079,0.003057500517429415,0.0027322488726811904,0.002031224129531246,0.0017566350328618388,0.0016353436682916107,0.0012199063435958657]]","[[0.0030000000000000022,0.003000000000000002,0.0030000000000000014,0.0030000000000000014,0.0030000000000000014,0.003000000000000001,0.003000000000000001,0.0030000000000000005,0.0030000000000000005,0.0030000000000000005,0.003,0.003,0.003,0.0029999999999999996,0.0029999999999999996,0.002999999999999999],[0.003,0.003,0.0029999999999999996,0.0029999999999999996,0.0029999999999999996,0.002999999999999999,0.002999999999999999,0.002999999999999999,0.002999999999999999,0.0029999999999999983]]",13.0,12.99999999999999,1.0,0.9999999999999993,0.9999999999999992,2.5159844510810466e-05,0.3913184477643687,0.0016447504887126007,0.015297058540778357,0.0030000000000000022,0.06469788831864007,0.06693407072380554,0.17610275000333786,16,5,2
2,MNISTConvNet,MNIST conv filters=16 kernel=5 stride=2 lr=3e-03,1.0,0.003,Adam,1,4,512,64,2.3025986370239786,2.237511942970727e-05,0.853515625,full_conv_patch_and_classifier_activation,2.3804747201687526,1.4100234820806552,1.6182630183093756,5.4236879424362285e-05,7.441045695458389e-05,"[[0.0015799729948830549,0.0004851054694295643,0.0004107768020714235,0.0002174843967396931,0.00017291103884093103,7.103602031201737e-05,5.344317875188426e-05,4.233700059504269e-05,4.0602627213236964e-05,3.1809490886894874e-05,1.8367452211948123e-05,1.5673502366927382e-05,1.3527735304057023e-05,1.1499852896123253e-05,8.364420652731032e-06,4.790835493882125e-06],[0.003278216880033263,0.0002630373525338521,0.0001333552548329886,6.009539396851392e-05,5.532097530182446e-05,3.330903844131395e-05,2.1846385643124507e-05,1.870909560377137e-05,1.0977480153065525e-05,5.150766129276807e-20]]","[[390.49508151911226,195.7032235608191,163.85332786619975,123.87348519167585,96.9112556213114,91.86200157031035,74.23263594975835,60.67285521527967,49.51995634598056,48.39062975955221,45.78336309177383,37.842356514290785,35.73417151385935,30.64902850020215,29.86664571226451,28.87063668380468,26.407449145927636,24.807459652163995,23.691315232767103,21.848693291859362,19.95677372952212,18.946066130939002,16.947747813757786,15.78521018286518,13.945079448475957],[0.44711124357623805,0.03211148859328163,0.021863042678155014,0.012272609980814865,0.008035552125912965,0.007058902320542791,0.005733844540765256,0.004328739237505661,0.003809654001367509,0.003286647204938312,0.0027142234093731196,0.0022279511286220216,0.0019535695388871776,0.0015133805304644561,0.001445224631258104,0.0009024679637157394]]","[[0.010660553181911806,0.004831057941362958,0.004007539033897711,0.0034041426427079695,0.0021405468649486133,0.0015059396228412636,0.0013644783505197841,0.0010659176628074745,0.0008588075369128642,0.0007606808693247569,0.0005625291613007785,0.0002980098069604566,0.00021351518916622132,0.00016469125223085495,0.0001171584450652824,5.200736802254726e-05],[0.007441942883000982,0.0039695454724425865,0.0019194548781267921,0.0015080423811789287,0.0005505430747735728,0.000506110502280111,0.0004498449970978181,0.0002247294023194029,0.00018087131014937432,0.00013281698863770557]]",4.733890745257335,1.479454980088593,0.3644281705543996,0.11885990611774655,0.3259561329592374,2.5590129911282528e-05,0.4314942824360648,0.0016048647139417498,0.015945350214866365,0.010660553181911806,0.06547641519902994,0.06599433483867376,0.19847420789301395,16,5,2
3,MNISTConvNet,MNIST conv filters=16 kernel=5 stride=2 lr=3e-03,1.0,0.003,Muon,1,4,512,64,2.302621407645668,2.274411205549498e-05,0.849609375,full_conv_patch_and_classifier_activation,2.0706445068352597,1.408607144270258,1.4339011761663285,5.474407554407057e-05,7.157536473883593e-05,"[[0.0019412223052084248,0.00048017021975890387,0.00024941376819992043,0.00021533544184510904,0.00017106696726118745,0.00011421307917072485,5.581885921883782e-05,4.5206869550915004e-05,4.1023613115296085e-05,2.9400222372545985e-05,2.2642091554122256e-05,1.9696041012266665e-05,1.4606144802261131e-05,1.2470092717155196e-05,9.162437783080017e-06,6.392385953824363e-06],[0.0038663656112131947,0.00024950539487920964,0.00011989295212136887,7.658896461149004e-05,4.854966929674968e-05,4.070522784064716e-05,2.7592857037847547e-05,1.079490657583233e-05,8.3340175601269e-06,1.3106378970890323e-19]]","[[390.49508151911226,195.7032235608191,163.85332786619975,123.87348519167585,96.9112556213114,91.86200157031035,74.23263594975835,60.67285521527967,49.51995634598056,48.39062975955221,45.78336309177383,37.842356514290785,35.73417151385935,30.64902850020215,29.86664571226451,28.87063668380468,26.407449145927636,24.807459652163995,23.691315232767103,21.848693291859362,19.95677372952212,18.946066130939002,16.947747813757786,15.78521018286518,13.945079448475957],[0.5240842805201802,0.03175463149801072,0.018925429282910904,0.011842285589495167,0.010092623201943011,0.00832345613546592,0.005341330184457854,0.005039796776264257,0.004272038792400643,0.003734367983362756,0.0031262539896613445,0.0027432691554684246,0.002162916103124772,0.0018984813935829003,0.0016258111775017744,0.0015255991499059788]]","[[0.0030000000000000022,0.003000000000000002,0.0030000000000000014,0.003000000000000001,0.003000000000000001,0.003000000000000001,0.0030000000000000005,0.0030000000000000005,0.003,0.003,0.003,0.0029999999999999996,0.0029999999999999996,0.0029999999999999996,0.0029999999999999983,0.0029999999999999983],[0.0030000000000000022,0.003000000000000002,0.0030000000000000014,0.003000000000000001,0.003000000000000001,0.003000000000000001,0.003,0.003,0.0029999999999999996,0.002999999999999999]]",12.999999999999996,12.999999999999984,0.9999999999999998,0.9999999999999988,0.999999999999999,2.3628510421983127e-05,0.3525598674267573,0.0015446440476772109,0.015297058540778355,0.0030000000000000022,0.06547641519902991,0.06783123185072706,0.21914691687561572,16,5,2
2,MNISTConvNet,MNIST conv filters=16 kernel=5 stride=2 lr=3e-03,1.0,0.003,Adam,1,5,512,64,2.302604326366468,,0.79296875,full_conv_patch_and_classifier_activation,1.9917319311631143,1.4111297288505775,1.453836115971348,2.8006006884947408e-05,4.490910482603149e-05,"[[0.0017796574456995571,0.00036822534301574956,0.0001652336613272826,0.00014619396909997272,7.697800215647089e-05,6.961102623658045e-05,5.3469746860873276e-05,4.115529036192466e-05,3.118408088136732e-05,2.645794543080709e-05,1.9648578973234785e-05,1.7314747343290125e-05,8.764108536901122e-06,6.905052797813362e-06,6.212554827778852e-06,3.6417173753234122e-06],[0.0019708655704824937,0.0002582046332568666,0.00010399093826693519,8.337977316543863e-05,4.856866731568395e-05,2.7260296501686274e-05,2.0836983853427532e-05,1.8756123853574564e-05,6.672786350467674e-06,3.629049420457089e-20]]","[[390.49508151911226,195.7032235608191,163.85332786619975,123.87348519167585,96.9112556213114,91.86200157031035,74.23263594975835,60.67285521527967,49.51995634598056,48.39062975955221,45.78336309177383,37.842356514290785,35.73417151385935,30.64902850020215,29.86664571226451,28.87063668380468,26.407449145927636,24.807459652163995,23.691315232767103,21.848693291859362,19.95677372952212,18.946066130939002,16.947747813757786,15.78521018286518,13.945079448475957],[0.3766312434805291,0.03133768829304298,0.017701838056346397,0.012462002486805188,0.00788798266022024,0.006687104575528371,0.004700189853820598,0.004421642156209395,0.0037961193453586533,0.003076121185816677,0.00279527209988999,0.0020659044917400683,0.0016866993820282953,0.0014492317642032947,0.0013191021636678052,0.0007443760268048615]]",,,,,,,,,,,,,,0.24156483286060393,16,5,2
3,MNISTConvNet,MNIST conv filters=16 kernel=5 stride=2 lr=3e-03,1.0,0.003,Muon,1,5,512,64,2.302619906702373,,0.849609375,full_conv_patch_and_classifier_activation,2.0430589452143333,1.4090147502270884,1.4629497515905951,2.76981037529181e-05,4.1780025654327996e-05,"[[0.002005471959332817,0.0003226572437627701,0.00025059450235099975,0.00017164387485783241,0.00013453879115343862,0.00010714788148505069,7.652143402567272e-05,5.2993518607598156e-05,5.0746515751023064e-05,3.685349016164649e-05,3.039039994398756e-05,1.9684504668861314e-05,1.867634069179925e-05,1.633876971604438e-05,8.324928180857278e-06,5.013159156416221e-06],[0.002578406575631662,0.000251453383613787,0.00011949921830704805,7.60798760871812e-05,6.621893587185027e-05,4.0150574011548024e-05,3.547451783671811e-05,1.8914033059366746e-05,1.3848326458149025e-05,1.2828155541015809e-19]]","[[390.49508151911226,195.7032235608191,163.85332786619975,123.87348519167585,96.9112556213114,91.86200157031035,74.23263594975835,60.67285521527967,49.51995634598056,48.39062975955221,45.78336309177383,37.842356514290785,35.73417151385935,30.64902850020215,29.86664571226451,28.87063668380468,26.407449145927636,24.807459652163995,23.691315232767103,21.848693291859362,19.95677372952212,18.946066130939002,16.947747813757786,15.78521018286518,13.945079448475957],[0.49326696369416334,0.03145914123263209,0.018681688464374697,0.012696120969388516,0.009737791105548888,0.008475872485565871,0.0055241668513887265,0.005362349496055822,0.003997784952217046,0.0038014257523215898,0.003172661606180971,0.002975651025664306,0.002174818121048701,0.0018320227768640711,0.0016099294110098713,0.0014997511210538884]]",,,,,,,,,,,,,,0.282643707934767,16,5,2
4,MNISTConvNet,MNIST conv filters=16 kernel=5 stride=2 lr=3e-03,1.0,0.003,Adam,2,0,512,64,2.302646390509808,6.814941145005804e-05,0.8828125,full_conv_patch_and_classifier_activation,1.6915274600122774,1.4041205279651359,1.2085528242897046,3.820542311849846e-05,4.66886040786647e-05,"[[0.0028113115087590457,0.0004230734945394563,0.00022070863794514055,0.00020571725356071058,0.00014375052416662576,7.335805218047267e-05,7.261257702595369e-05,5.9334042295354784e-05,5.188285534595675e-05,4.583346851135077e-05,2.9195405859774114e-05,2.33262273588682e-05,2.1750663394916972e-05,1.6712405686742296e-05,6.851181244898163e-06,5.897919196099961e-06],[0.007494403016181925,0.0002975310299381351,0.00016254240659903277,0.00012627629263051775,8.136831645686944e-05,5.2788900854689345e-05,4.603111941635147e-05,3.0190503651043702e-05,1.1766744445527933e-05,2.8498795727256583e-19]]","[[390.1243794248421,193.04540387523517,163.96309140771794,123.32341245819842,96.54659266890104,92.30666111425151,74.51591546017586,61.32373016874431,50.70495561685686,48.894634164401396,45.65101788932086,38.14535327633893,36.03223047951664,30.617834545977644,30.007207647072015,28.47804701598164,26.264510724992817,24.693925469222563,23.34656646393843,21.51265791801151,19.862920821082756,18.683582433411566,16.836408396491933,15.681685322466798,13.847003962297682],[1.2140282767812476,0.03881507724855905,0.01864733051668311,0.014892834124135373,0.013263093359323937,0.01187751459742189,0.008917828926796474,0.007794541892447138,0.0063521164386974565,0.005745134258616932,0.005140097528652583,0.004099781421090579,0.0038022387477826295,0.003177194174212653,0.0028481809577048066,0.0024642565520057425]]","[[0.012237438088598219,0.0032984513834585128,0.0022608220256123855,0.0011742406771794113,1.2470115681711649e-05,2.821378863697966e-06,2.6899842245092385e-07,2.3307895146518422e-07,1.1445871103438896e-07,8.20378650024033e-08,4.223664445953916e-08,2.5260832385081847e-08,1.6181692643109153e-08,1.053334326363039e-08,3.325864213045633e-09,3.0266772148530905e-09],[0.008008309618568342,0.0016558914858276947,2.615161067922341e-06,2.896800856835486e-07,5.544425772652872e-08,9.419477781549005e-09,8.246628920264089e-09,6.382003672372445e-09,2.7375957202438443e-09,1.2717407311961172e-09]]",1.7772829462018929,1.0793724233087656,0.1372823923839641,0.08701242573194141,0.631768227710753,7.036583737470787e-05,0.5726513111099947,0.00459995869056323,0.015297058540778353,0.012237438088598219,0.059432738272097725,0.05986078587481401,0.022854749811813235,16,5,2
5,MNISTConvNet,MNIST conv filters=16 kernel=5 stride=2 lr=3e-03,1.0,0.003,Muon,2,0,512,64,2.302646390509808,3.7053886338789255e-05,0.8828125,full_conv_patch_and_classifier_activation,1.6915274600122774,1.4041205279651359,1.2085528242897046,3.820542311849846e-05,4.66886040786647e-05,"[[0.0028113115087590457,0.0004230734945394563,0.00022070863794514055,0.00020571725356071058,0.00014375052416662576,7.335805218047267e-05,7.261257702595369e-05,5.9334042295354784e-05,5.188285534595675e-05,4.583346851135077e-05,2.9195405859774114e-05,2.33262273588682e-05,2.1750663394916972e-05,1.6712405686742296e-05,6.851181244898163e-06,5.897919196099961e-06],[0.007494403016181925,0.0002975310299381351,0.00016254240659903277,0.00012627629263051775,8.136831645686944e-05,5.2788900854689345e-05,4.603111941635147e-05,3.0190503651043702e-05,1.1766744445527933e-05,2.8498795727256583e-19]]","[[390.1243794248421,193.04540387523517,163.96309140771794,123.32341245819842,96.54659266890104,92.30666111425151,74.51591546017586,61.32373016874431,50.70495561685686,48.894634164401396,45.65101788932086,38.14535327633893,36.03223047951664,30.617834545977644,30.007207647072015,28.47804701598164,26.264510724992817,24.693925469222563,23.34656646393843,21.51265791801151,19.862920821082756,18.683582433411566,16.836408396491933,15.681685322466798,13.847003962297682],[1.2140282767812476,0.03881507724855905,0.01864733051668311,0.014892834124135373,0.013263093359323937,0.01187751459742189,0.008917828926796474,0.007794541892447138,0.0063521164386974565,0.005745134258616932,0.005140097528652583,0.004099781421090579,0.0038022387477826295,0.003177194174212653,0.0028481809577048066,0.0024642565520057425]]","[[0.0030000000000000014,0.003000000000000001,0.003000000000000001,0.0030000000000000005,0.0030000000000000005,0.0030000000000000005,0.0030000000000000005,0.0030000000000000005,0.0030000000000000005,0.0030000000000000005,0.0029999999999999996,0.0029999999999999996,0.0029999999999999996,0.0029999999999999996,0.002999999999999999,0.0029999999999999983],[0.003000000000000002,0.0030000000000000014,0.0030000000000000014,0.0030000000000000014,0.0030000000000000014,0.0030000000000000014,0.0030000000000000005,0.003,0.003,0.0029999999999999996]]",12.999999999999996,12.999999999999991,0.9999999999999998,0.9999999999999993,0.9999999999999996,3.7542643641736386e-05,0.3055295709690955,0.0024542393912958195,0.015297058540778355,0.003000000000000002,0.05943273827209773,0.06261518647807708,0.0447047499474138,16,5,2
4,MNISTConvNet,MNIST conv filters=16 kernel=5 stride=2 lr=3e-03,1.0,0.003,Adam,2,1,512,64,2.3026678539494294,6.692190864754366e-05,0.8828125,full_conv_patch_and_classifier_activation,1.5774216725303731,1.4043018761463046,1.1449961345820188,3.402345313889672e-05,4.153722731902965e-05,"[[0.003918006729115943,0.0005845538245354187,0.00029270100325170704,0.00017385207195158383,0.00012528337455405947,0.0001117022753619877,7.831338188996024e-05,5.5196074268523865e-05,5.168503361678333e-05,3.762553169480658e-05,3.187163606834394e-05,1.9910493760827334e-05,1.7090765223820037e-05,1.5685373777254766e-05,1.2617386440635517e-05,7.026191214465518e-06],[0.006418922097309318,0.0002205710684023688,0.00016450030887443489,0.00013303295932561805,5.5216598794684045e-05,4.302727216745859e-05,3.470428171258775e-05,2.389314739578175e-05,1.4896619589079762e-05,5.3614311790189575e-19]]","[[390.1243794248421,193.04540387523517,163.96309140771794,123.32341245819842,96.54659266890104,92.30666111425151,74.51591546017586,61.32373016874431,50.70495561685686,48.894634164401396,45.65101788932086,38.14535327633893,36.03223047951664,30.617834545977644,30.007207647072015,28.47804701598164,26.264510724992817,24.693925469222563,23.34656646393843,21.51265791801151,19.862920821082756,18.683582433411566,16.836408396491933,15.681685322466798,13.847003962297682],[1.1017969727580408,0.03802038177869446,0.0197305647121491,0.014745741136881586,0.013240259162381428,0.011520574006069798,0.008387555626729886,0.0080890604232395,0.006219691970431273,0.005768440728547283,0.00522767456663252,0.00423541886859903,0.003885462385986979,0.0034201044260226457,0.002915793258954978,0.002501745927443783]]","[[0.012500220918071516,0.0027264122442727215,0.0013266113057628542,0.0008173184178258877,0.00039364588122209554,0.00024938953531300446,0.00019734063878051745,0.00014126537438210492,0.00010733026213439021,9.127016832877752e-05,4.1281605611782795e-05,3.671406687112377e-05,3.176352230858389e-05,1.6812903846857033e-05,1.2780014047271526e-05,1.0453550848472806e-05],[0.00786117764728286,0.0015480366777848946,0.0006812452729533349,0.0005167084202693268,0.00018873705223626828,0.0001016331949947027,6.594118091998068e-05,2.9617584450662774e-05,2.1176559849173912e-05,1.2944627785690843e-05]]",1.9864170733670932,1.058239663564235,0.1592400544951883,0.08585459964299241,0.5343309204349259,6.817291837331515e-05,0.5928006569744546,0.00448162178573781,0.015211662570515606,0.012500220918071516,0.05931319203215085,0.059472499297792455,0.06774299987591803,16,5,2
5,MNISTConvNet,MNIST conv filters=16 kernel=5 stride=2 lr=3e-03,1.0,0.003,Muon,2,1,512,64,2.3026932923063947,3.86069712732251e-05,0.8828125,full_conv_patch_and_classifier_activation,1.5332686087663983,1.4041797176577147,1.1169778827536485,3.4036329218889974e-05,4.099373130578782e-05,"[[0.0039158155488219605,0.0005751042777324316,0.0002627758373933315,0.00014937541096687315,0.00012196440908493563,8.467981318427577e-05,7.648300763751615e-05,4.739340659112916e-05,4.281923859408471e-05,4.082403302957158e-05,2.7811855759581326e-05,2.265588184642061e-05,1.847714774838071e-05,1.3212489990820365e-05,1.2266666422310667e-05,7.6189512531806335e-06],[0.006935342561992159,0.00023125918442985042,0.0001501453230752268,0.00013162099828970992,5.3125871212793406e-05,5.010604452743047e-05,3.4003395934051834e-05,2.3213763889750428e-05,1.7782043995582554e-05,3.505209330723951e-19]]","[[390.1243794248421,193.04540387523517,163.96309140771794,123.32341245819842,96.54659266890104,92.30666111425151,74.51591546017586,61.32373016874431,50.70495561685686,48.894634164401396,45.65101788932086,38.14535327633893,36.03223047951664,30.617834545977644,30.007207647072015,28.47804701598164,26.264510724992817,24.693925469222563,23.34656646393843,21.51265791801151,19.862920821082756,18.683582433411566,16.836408396491933,15.681685322466798,13.847003962297682],[1.1900119789551105,0.039052975010936165,0.01847301525798107,0.015816775664918056,0.01379518951016613,0.012241162420351401,0.008787858248042306,0.007591381925542988,0.006541208605179755,0.005666860706657453,0.005295568278239084,0.004226399772475271,0.003783186476163048,0.003148019427005167,0.002884489973498923,0.002473316219404985]]","[[0.0030000000000000014,0.003000000000000001,0.0030000000000000005,0.0030000000000000005,0.0030000000000000005,0.0029999999999999996,0.0029999999999999996,0.002999999999999999,0.002999999999999999,0.002999999999999999,0.002999999999999999,0.002999999999999999,0.002999999999999999,0.002999999999999999,0.002999999999999998,0.002999999999999997],[0.003000000000000002,0.0030000000000000014,0.003000000000000001,0.003000000000000001,0.003,0.003,0.0029999999999999996,0.002999999999999999,0.002999999999999999,0.0029999999999999988]]",13.0,12.999999999999986,1.0,0.9999999999999989,0.9999999999999989,3.913763149021005e-05,0.3198357581512307,0.002558507008774161,0.015297058540778351,0.003000000000000002,0.05931319203215083,0.06244435679998257,0.08964408398605883,16,5,2
4,MNISTConvNet,MNIST conv filters=16 kernel=5 stride=2 lr=3e-03,1.0,0.003,Adam,2,2,512,64,2.3026209804186415,2.922244174774491e-05,0.88671875,full_conv_patch_and_classifier_activation,1.7791082778219387,1.4044600401857736,1.2856360186123759,1.829011451964398e-05,2.4720975477036522e-05,"[[0.003326425658762712,0.0006715987690402536,0.0003105014989368012,0.00020029222333955459,0.00013776648529893068,0.0001232380513079468,8.929281697138621e-05,5.1243029141560574e-05,4.4762673231824024e-05,3.579717354455745e-05,2.873666897561149e-05,2.1157279303993512e-05,1.47575127427888e-05,1.0718722108993352e-05,7.122719350157281e-06,4.293771349051053e-06],[0.0043797706104716835,0.00024276858285279747,0.00016937223466352897,0.00010856891548815377,7.177612785753626e-05,5.5180998947303644e-05,3.8989412076979346e-05,2.661743279807576e-05,1.9807154104669694e-05,2.458961286893817e-19]]","[[390.1243794248421,193.04540387523517,163.96309140771794,123.32341245819842,96.54659266890104,92.30666111425151,74.51591546017586,61.32373016874431,50.70495561685686,48.894634164401396,45.65101788932086,38.14535327633893,36.03223047951664,30.617834545977644,30.007207647072015,28.47804701598164,26.264510724992817,24.693925469222563,23.34656646393843,21.51265791801151,19.862920821082756,18.683582433411566,16.836408396491933,15.681685322466798,13.847003962297682],[1.0270422159346084,0.03820707641362036,0.019865274767104625,0.015246690007684548,0.013136631290676562,0.010789440302288933,0.007881797017487794,0.007589649191577292,0.005960453164784289,0.00529655700599154,0.004809241352120377,0.004125987202917664,0.003856444466115749,0.0033704472161325484,0.0028153868189969493,0.002652628786737829]]","[[0.011993004096595143,0.003828290760784963,0.001206955198401915,0.0011262827791511897,0.0007109149670275054,0.0006087447084611652,0.0004877749964376595,0.0003724140056194808,0.00022306471655964688,0.0002149551119234047,0.00017617879714697192,0.00011128150722221442,8.876782564690145e-05,4.584599053858631e-05,2.420155109334082e-05,1.7945138783211382e-05],[0.007887913543633978,0.0017666893558093775,0.0010709892115137207,0.0005237985458073393,0.0003173002677274385,0.00027246680773399337,0.00015010023798711937,0.00011192342715827303,6.721526099130878e-05,2.1668635862899792e-05]]",2.4960072226317065,1.103530149983135,0.1976000830985765,0.08915433698969366,0.4464256643654787,3.082625265450307e-05,0.3654227698845436,0.0020344246588494042,0.015152319610566099,0.011993004096595143,0.0590662699849047,0.059474875046803224,0.11274533392861485,16,5,2
5,MNISTConvNet,MNIST conv filters=16 kernel=5 stride=2 lr=3e-03,1.0,0.003,Muon,2,2,512,64,2.30260833881099,3.1634716847861455e-05,0.8828125,full_conv_patch_and_classifier_activation,1.7490498980639715,1.404265978517795,1.261316910670721,1.819306921704473e-05,2.3950380511818404e-05,"[[0.0032588406984058677,0.0006213046145851529,0.0002881220237891865,0.0002086726381377761,0.0001624169023353966,0.00010689948197444521,7.492014654365557e-05,5.1457289163738146e-05,4.061655365447802e-05,3.133275148602225e-05,2.8715464276943756e-05,2.2025313286325054e-05,1.3479733088482115e-05,1.1595956101505986e-05,8.295527467036241e-06,7.531198692185072e-06],[0.004928562442278931,0.00022225884152988007,0.00017406975695874685,0.00011927431229091842,8.111612795542875e-05,6.375451121857302e-05,4.146431400662768e-05,2.411316557618191e-05,1.8726057668763828e-05,2.3538305912205e-19]]","[[390.1243794248421,193.04540387523517,163.96309140771794,123.32341245819842,96.54659266890104,92.30666111425151,74.51591546017586,61.32373016874431,50.70495561685686,48.894634164401396,45.65101788932086,38.14535327633893,36.03223047951664,30.617834545977644,30.007207647072015,28.47804701598164,26.264510724992817,24.693925469222563,23.34656646393843,21.51265791801151,19.862920821082756,18.683582433411566,16.836408396491933,15.681685322466798,13.847003962297682],[1.158042645645341,0.03939128988184822,0.018917104972294027,0.01624400914052239,0.014614297357509978,0.012492250841714087,0.008944107072315665,0.007349171572566599,0.00641806391469537,0.005576216131710326,0.0053945751650421115,0.004365896647022211,0.0038554244629851906,0.0030920776115567878,0.002927068654771465,0.0024674263472665484]]","[[0.003000000000000001,0.003000000000000001,0.003000000000000001,0.0030000000000000005,0.003,0.003,0.003,0.003,0.003,0.003,0.0029999999999999996,0.0029999999999999996,0.0029999999999999996,0.0029999999999999988,0.0029999999999999988,0.0029999999999999988],[0.0030000000000000022,0.0030000000000000022,0.0030000000000000005,0.0030000000000000005,0.0030000000000000005,0.003,0.0029999999999999996,0.002999999999999999,0.002999999999999999,0.002999999999999997]]",13.0,12.999999999999986,1.0,0.9999999999999989,0.9999999999999989,3.1828697467416756e-05,0.3488202894548056,0.002080707044597427,0.015297058540778353,0.0030000000000000022,0.0590662699849047,0.062150200237952695,0.1343565839342773,16,5,2
4,MNISTConvNet,MNIST conv filters=16 kernel=5 stride=2 lr=3e-03,1.0,0.003,Adam,2,3,512,64,2.302646960886749,2.702199685966633e-05,0.904296875,full_conv_patch_and_classifier_activation,1.9150952548541642,1.4047773165901356,1.3633196486744708,1.9829343685261653e-05,2.7036955941276102e-05,"[[0.0028441089322296374,0.0004336977401486396,0.00039753453589730977,0.0002448631794599064,0.00015208241405173146,0.00012370543251748265,9.398961947228526e-05,7.685905359068022e-05,6.413926930646294e-05,4.595132800372743e-05,3.73090453731846e-05,3.471486004720865e-05,1.9644072385198933e-05,9.387823523821207e-06,8.813415447692212e-06,3.67813589322296e-06],[0.004311853378687814,0.00024484462635179224,0.00016688561630196795,0.00011166821344304747,8.259952656043523e-05,5.1252330509823994e-05,3.894185248335924e-05,2.7099366732029628e-05,2.285617820127004e-05,1.8170673627009082e-19]]","[[390.1243794248421,193.04540387523517,163.96309140771794,123.32341245819842,96.54659266890104,92.30666111425151,74.51591546017586,61.32373016874431,50.70495561685686,48.894634164401396,45.65101788932086,38.14535327633893,36.03223047951664,30.617834545977644,30.007207647072015,28.47804701598164,26.264510724992817,24.693925469222563,23.34656646393843,21.51265791801151,19.862920821082756,18.683582433411566,16.836408396491933,15.681685322466798,13.847003962297682],[0.9712260684374916,0.04194515568201203,0.02016944850672499,0.01604509340933786,0.012705164421768233,0.010353506140321059,0.008330727899759126,0.007412388020038086,0.005683522252417044,0.0054026321865260464,0.004646986743361052,0.004375307210585401,0.004090139989854027,0.003196830449214706,0.002753229798741895,0.0025488563399528527]]","[[0.011526840845551023,0.00484663509787645,0.0020096151207155684,0.0018020915181170283,0.0011089108562936636,0.0009645712004211493,0.0008104855645434373,0.00042425551821088686,0.0003285190896615086,0.0002820678898085633,0.0002158698776608021,0.0001629996391717232,0.00012012213782703853,9.910593855759902e-05,3.9241397123741626e-05,2.2283370192724067e-05],[0.007337065138667289,0.0022032864330446553,0.0014821190115366625,0.0008330221330604905,0.00048644317898563575,0.00043028449215165,0.0001792186233876737,0.00015312227294442732,8.14692119495049e-05,4.551718035947629e-05]]",3.2472686535327253,1.2046229278219356,0.2558457179548943,0.09690585229202187,0.3753452053864179,2.876521210642311e-05,0.3640638801509543,0.001900893719249662,0.015132467331091805,0.011526840845551023,0.0588623353739126,0.05855763903921139,0.15843170881271362,16,5,2
5,MNISTConvNet,MNIST conv filters=16 kernel=5 stride=2 lr=3e-03,1.0,0.003,Muon,2,3,512,64,2.3026007166794034,3.046672496820335e-05,0.8828125,full_conv_patch_and_classifier_activation,1.8464182629902726,1.404320943857973,1.3148222247550025,1.9305570744314995e-05,2.538407163180523e-05,"[[0.0027852294755710432,0.0004683235377687963,0.000300684916226904,0.0002473833382611046,0.00013557982636574434,0.00011334300875110705,8.43807193800127e-05,6.568949308768921e-05,5.2472669102715496e-05,4.207597555561361e-05,3.727376825093391e-05,2.972775052871943e-05,1.747721576512825e-05,1.3278884937786785e-05,8.71078618908945e-06,5.675355756132373e-06],[0.0050619440482204524,0.00020320773331778522,0.0001910421628655556,0.00011807658327178355,7.755866100160029e-05,6.395664266227177e-05,4.432396270013858e-05,3.4780745213091386e-05,2.7938067710995186e-05,2.622524062014675e-19]]","[[390.1243794248421,193.04540387523517,163.96309140771794,123.32341245819842,96.54659266890104,92.30666111425151,74.51591546017586,61.32373016874431,50.70495561685686,48.894634164401396,45.65101788932086,38.14535327633893,36.03223047951664,30.617834545977644,30.007207647072015,28.47804701598164,26.264510724992817,24.693925469222563,23.34656646393843,21.51265791801151,19.862920821082756,18.683582433411566,16.836408396491933,15.681685322466798,13.847003962297682],[1.1544399102869636,0.039817409551232676,0.020168948205814868,0.016884540201866947,0.01480715826812698,0.013014558729991303,0.008874704277359069,0.007265164819752954,0.0067793557201836835,0.005866996635129126,0.0055514965929503645,0.004268853030330575,0.0038455161505071777,0.0030551479704192135,0.002998419046065513,0.0023335300056849715]]","[[0.003000000000000002,0.0030000000000000014,0.003000000000000001,0.0030000000000000005,0.003,0.003,0.003,0.0029999999999999996,0.0029999999999999996,0.0029999999999999996,0.0029999999999999996,0.0029999999999999996,0.002999999999999999,0.0029999999999999988,0.0029999999999999988,0.0029999999999999988],[0.003000000000000001,0.0030000000000000005,0.0030000000000000005,0.0030000000000000005,0.0030000000000000005,0.003,0.003,0.003,0.003,0.0029999999999999996]]",13.0,12.99999999999999,1.0,0.9999999999999992,0.9999999999999992,3.06904059853866e-05,0.34454537684753844,0.0020062946025586033,0.015297058540778355,0.003000000000000002,0.05886233537391261,0.061791409904535924,0.1804027499165386,16,5,2
4,MNISTConvNet,MNIST conv filters=16 kernel=5 stride=2 lr=3e-03,1.0,0.003,Adam,2,4,512,64,2.3025420801254346,5.161171595791103e-05,0.884765625,full_conv_patch_and_classifier_activation,1.8287740171135183,1.4052580712543246,1.3051946306230475,3.0062466573239423e-05,3.963913683110856e-05,"[[0.0032176439587598294,0.0007014074960219786,0.00029765795274598806,0.00024285032109500724,0.0001301231921976176,0.0001082167901520975,9.243697633224565e-05,6.794352514086807e-05,5.918446181127807e-05,4.254164840285468e-05,3.0465637115957828e-05,2.6718983795483694e-05,2.0819166676292317e-05,1.8573307772522752e-05,1.2526796870854112e-05,7.173945710666459e-06],[0.005036990943825315,0.00031967203578212863,0.00020103887015906696,9.518595519607525e-05,5.980599688307732e-05,3.8052992384096076e-05,3.076248504575924e-05,2.3562506452477404e-05,8.72302945760742e-06,3.9110327040375e-19]]","[[390.1243794248421,193.04540387523517,163.96309140771794,123.32341245819842,96.54659266890104,92.30666111425151,74.51591546017586,61.32373016874431,50.70495561685686,48.894634164401396,45.65101788932086,38.14535327633893,36.03223047951664,30.617834545977644,30.007207647072015,28.47804701598164,26.264510724992817,24.693925469222563,23.34656646393843,21.51265791801151,19.862920821082756,18.683582433411566,16.836408396491933,15.681685322466798,13.847003962297682],[0.9215306326026615,0.04634662839162413,0.023537624432799435,0.016240204841358092,0.011856577635342709,0.009974892137956647,0.008543916963030388,0.006855334414029906,0.005872163149927216,0.005728042408588726,0.005398543619437569,0.004833295620386432,0.0038252565910721296,0.0028851858252199407,0.0026121080626109734,0.002412967820909874]]","[[0.011383314002317374,0.004444827562609831,0.002375434917046074,0.0018206644697207244,0.0013104372387071617,0.0009197814995970708,0.0007241135024217495,0.0005252120034568181,0.00029958367280996434,0.00024701814576230186,0.00022305682393157213,0.00013840598606729005,0.00010976725761914067,7.116969238595515e-05,4.435735490569848e-05,1.6053833470437497e-05],[0.007696251284427478,0.00208917674858921,0.0014830103786166453,0.0010687365501520626,0.0004654333581053912,0.0003734410239284476,0.000214539684903813,0.00015188140045300716,8.86413947587891e-05,3.942135598849964e-05]]",3.2639968247853566,1.1934160990593505,0.2560096927256995,0.0959154697813073,0.3714304552690473,5.409112944254885e-05,0.5907153537150235,0.003572342215609432,0.015141642703265217,0.011383314002317374,0.05867745722962975,0.05912526131528162,0.20370312500745058,16,5,2
5,MNISTConvNet,MNIST conv filters=16 kernel=5 stride=2 lr=3e-03,1.0,0.003,Muon,2,4,512,64,2.3026487902026207,3.896047018470128e-05,0.8828125,full_conv_patch_and_classifier_activation,1.555791659134672,1.4043775504899845,1.1395595002964782,2.9702568336821833e-05,3.714138413309101e-05,"[[0.004409825158632546,0.0005281597184840756,0.0002730142479436332,0.00026518795765206036,0.00017015890288692354,8.904605618960168e-05,7.381361009024211e-05,6.880237846475839e-05,5.8916631407281795e-05,3.6980490385231684e-05,2.422223266099839e-05,2.3019492509103414e-05,2.216952684009258e-05,1.8504883901719844e-05,1.5911644615349167e-05,7.006720211248548e-06],[0.006258579041325905,0.0002494599793956864,0.0002133828859361237,0.00011498391121634658,5.55353755902405e-05,5.181098137341633e-05,3.910771645239717e-05,2.2672851406743975e-05,1.2717498073762532e-05,3.601562469198017e-19]]","[[390.1243794248421,193.04540387523517,163.96309140771794,123.32341245819842,96.54659266890104,92.30666111425151,74.51591546017586,61.32373016874431,50.70495561685686,48.894634164401396,45.65101788932086,38.14535327633893,36.03223047951664,30.617834545977644,30.007207647072015,28.47804701598164,26.264510724992817,24.693925469222563,23.34656646393843,21.51265791801151,19.862920821082756,18.683582433411566,16.836408396491933,15.681685322466798,13.847003962297682],[1.150253145951213,0.04017337789981546,0.02151599750896258,0.01692973555801411,0.01559162328629681,0.013390546707514306,0.008948403708807635,0.007366052756702504,0.007083246280555452,0.005949511750663002,0.005569229614894286,0.004236633889965759,0.003773483521680628,0.0032232487476011908,0.0030228247744118796,0.0022983465810560415]]","[[0.0030000000000000027,0.003000000000000002,0.003000000000000001,0.003000000000000001,0.003000000000000001,0.003000000000000001,0.0030000000000000005,0.0030000000000000005,0.0030000000000000005,0.003,0.003,0.0029999999999999996,0.002999999999999999,0.002999999999999999,0.0029999999999999988,0.0029999999999999988],[0.0030000000000000014,0.0030000000000000005,0.0030000000000000005,0.0030000000000000005,0.0030000000000000005,0.0030000000000000005,0.0029999999999999996,0.0029999999999999996,0.0029999999999999996,0.0029999999999999983]]",13.000000000000002,12.999999999999984,1.0,0.9999999999999989,0.9999999999999988,3.930896968093647e-05,0.333916159547554,0.0025697077366964383,0.015297058540778355,0.0030000000000000027,0.05867745722962974,0.06146083753344799,0.22533758380450308,16,5,2
4,MNISTConvNet,MNIST conv filters=16 kernel=5 stride=2 lr=3e-03,1.0,0.003,Adam,2,5,512,64,2.3025114014413917,,0.892578125,full_conv_patch_and_classifier_activation,1.8563945609820025,1.4051964210301744,1.3641617387279013,2.592292091201865e-05,3.927327443793662e-05,"[[0.003872358740533899,0.0007895863774871972,0.0003309146589085311,0.0002792093995173834,0.00014088179857890231,0.00010135974292034666,8.775428349847613e-05,6.694242369457962e-05,6.271165537272326e-05,4.5831732377822324e-05,3.9048036248624256e-05,2.7415096368217094e-05,1.875295651478345e-05,1.7692650424069472e-05,8.885671601918086e-06,6.059201078942071e-06],[0.004782632620849632,0.000437348748859127,0.00032024744038416914,0.00014086143560239535,8.172149558411434e-05,7.405061366946194e-05,4.640374204478571e-05,3.2589746558496774e-05,2.4915294143138687e-05,2.2732966165126013e-19]]","[[390.1243794248421,193.04540387523517,163.96309140771794,123.32341245819842,96.54659266890104,92.30666111425151,74.51591546017586,61.32373016874431,50.70495561685686,48.894634164401396,45.65101788932086,38.14535327633893,36.03223047951664,30.617834545977644,30.007207647072015,28.47804701598164,26.264510724992817,24.693925469222563,23.34656646393843,21.51265791801151,19.862920821082756,18.683582433411566,16.836408396491933,15.681685322466798,13.847003962297682],[0.9460918216207722,0.046147869014692436,0.02621941965060165,0.01569217947345421,0.011603287853000386,0.009431898574499971,0.008433266659503431,0.007374978281532711,0.005959963028600844,0.00583672111605189,0.005209695175699123,0.004209611392130093,0.0034296989018470074,0.002818105241577742,0.0026137923071528364,0.002345083437175871]]",,,,,,,,,,,,,,0.24833091697655618,16,5,2
5,MNISTConvNet,MNIST conv filters=16 kernel=5 stride=2 lr=3e-03,1.0,0.003,Muon,2,5,512,64,2.3026116314876117,,0.8828125,full_conv_patch_and_classifier_activation,1.782152383676804,1.4044314052755604,1.2943841583432034,2.5704345577457844e-05,3.5555428724499716e-05,"[[0.0038746764481783847,0.0006680971145934982,0.0003360599314961417,0.0002815257121300969,0.0001581421640518393,0.0001343703612292524,9.162289644804284e-05,7.834720727171471e-05,6.3510582088896e-05,4.651011515591019e-05,3.8476575784659476e-05,2.6212725071648822e-05,2.071368382910535e-05,1.6262057063947346e-05,9.523332793083979e-06,6.5626847651539e-06],[0.005734094897072928,0.00034665524574767267,0.00028418310272001373,0.00014411914051272326,8.990001837176722e-05,6.758146359078032e-05,5.538703437546631e-05,3.6849025463680866e-05,1.793404184152882e-05,4.990912267154433e-19]]","[[390.1243794248421,193.04540387523517,163.96309140771794,123.32341245819842,96.54659266890104,92.30666111425151,74.51591546017586,61.32373016874431,50.70495561685686,48.894634164401396,45.65101788932086,38.14535327633893,36.03223047951664,30.617834545977644,30.007207647072015,28.47804701598164,26.264510724992817,24.693925469222563,23.34656646393843,21.51265791801151,19.862920821082756,18.683582433411566,16.836408396491933,15.681685322466798,13.847003962297682],[1.1351044268631885,0.04020647448241542,0.022849396838857946,0.016891544028200166,0.015854345274953968,0.013159211865224885,0.009033241521323683,0.007141121358033898,0.006843809627587349,0.005891180110207919,0.005467011186472887,0.004448329008728662,0.0037132782541256936,0.003328312584093738,0.002983712001196474,0.0023481962343661327]]",,,,,,,,,,,,,,0.26982337492518127,16,5,2
6,MNISTConvNet,MNIST conv filters=16 kernel=5 stride=2 lr=1e-02,1.0,0.01,Adam,0,0,512,64,2.302560293601273,0.0001469006974046394,0.88671875,full_conv_patch_and_classifier_activation,2.3554988904504093,1.3947984288953106,1.667902548026774,3.532894630615783e-05,5.6199047609284904e-05,"[[0.0018739218397952958,0.0005041475593021925,0.00030278949248366304,0.00019030728125485674,0.000167100405913663,0.00013402209799383668,8.782689777311812e-05,5.390948309031235e-05,4.8163061105818653e-05,3.560589151905139e-05,3.113637518840904e-05,2.0848548755934208e-05,1.900930897419139e-05,1.6309418823429957e-05,9.605751457942118e-06,2.8573061105080314e-06],[0.001902928224793369,0.0002200605695976551,0.00010208212051983682,7.241435240304287e-05,6.433507445110221e-05,3.266413355963367e-05,2.613312893883618e-05,1.535396393528547e-05,8.433511618678535e-06,1.0706061585225402e-19]]","[[401.1183156996585,197.39960275709623,164.19580520093004,125.04709348138175,95.81303941858663,91.20839259366029,74.89031449434101,59.91562082222036,49.28389336291671,48.21043120462586,45.75160259396352,37.706046923031636,35.21959976949825,30.123676491125735,29.954925951450672,29.01564349947877,26.2093158304301,24.392547769597073,23.50068906609841,21.883484860449574,19.859758304504684,18.874098114494824,17.102630977222926,15.881887439576131,13.960438301928791],[0.3232449182918925,0.027226112281202357,0.024227256057075302,0.012047602769550204,0.010182639102790844,0.008449625893831879,0.007193533712236287,0.005864248472699791,0.0052607774061080815,0.004377664294386481,0.003838568237086493,0.0035107053631686968,0.003005096708507984,0.0028309134601261464,0.0025832538477446815,0.0010942785425225804]]","[[0.037102880099683405,0.014394481881414397,0.008187680577892514,0.008131825908263488,0.007638847116690967,0.0062552845482344325,0.00434516784185813,0.0035191761582403346,0.0031447512224914314,1.0541141368777705e-05,2.1180521865347455e-06,1.3180632376913357e-06,7.945531262786856e-07,3.7057743190622803e-07,8.363928211625164e-08,5.00096470293957e-08],[0.025911934153673145,0.006403357759656861,0.00414585176496675,0.0038412619103003077,2.2815003695649046e-05,4.26225116377592e-06,3.999108785101077e-07,2.0025667170862272e-07,6.930601873705689e-08,1.947937338248953e-08]]",3.409780407991462,1.2282989391296577,0.2540816087620081,0.0975557656702453,0.39911129236071907,9.883242515714825e-05,0.7009046210334506,0.0019382633248153749,0.05099019513592784,0.037102880099683405,0.20905416893714485,0.21375523571617702,0.022256291937083006,16,5,2
7,MNISTConvNet,MNIST conv filters=16 kernel=5 stride=2 lr=1e-02,1.0,0.01,Muon,0,0,512,64,2.302560293601273,6.740414311590115e-05,0.88671875,full_conv_patch_and_classifier_activation,2.3554988904504093,1.3947984288953106,1.667902548026774,3.532894630615783e-05,5.6199047609284904e-05,"[[0.0018739218397952958,0.0005041475593021925,0.00030278949248366304,0.00019030728125485674,0.000167100405913663,0.00013402209799383668,8.782689777311812e-05,5.390948309031235e-05,4.8163061105818653e-05,3.560589151905139e-05,3.113637518840904e-05,2.0848548755934208e-05,1.900930897419139e-05,1.6309418823429957e-05,9.605751457942118e-06,2.8573061105080314e-06],[0.001902928224793369,0.0002200605695976551,0.00010208212051983682,7.241435240304287e-05,6.433507445110221e-05,3.266413355963367e-05,2.613312893883618e-05,1.535396393528547e-05,8.433511618678535e-06,1.0706061585225402e-19]]","[[401.1183156996585,197.39960275709623,164.19580520093004,125.04709348138175,95.81303941858663,91.20839259366029,74.89031449434101,59.91562082222036,49.28389336291671,48.21043120462586,45.75160259396352,37.706046923031636,35.21959976949825,30.123676491125735,29.954925951450672,29.01564349947877,26.2093158304301,24.392547769597073,23.50068906609841,21.883484860449574,19.859758304504684,18.874098114494824,17.102630977222926,15.881887439576131,13.960438301928791],[0.3232449182918925,0.027226112281202357,0.024227256057075302,0.012047602769550204,0.010182639102790844,0.008449625893831879,0.007193533712236287,0.005864248472699791,0.0052607774061080815,0.004377664294386481,0.003838568237086493,0.0035107053631686968,0.003005096708507984,0.0028309134601261464,0.0025832538477446815,0.0010942785425225804]]","[[0.010000000000000002,0.010000000000000002,0.010000000000000002,0.01,0.01,0.01,0.01,0.009999999999999997,0.009999999999999997,0.009999999999999997,0.009999999999999997,0.009999999999999997,0.009999999999999997,0.009999999999999997,0.009999999999999995,0.009999999999999995],[0.010000000000000002,0.010000000000000002,0.010000000000000002,0.010000000000000002,0.009999999999999998,0.009999999999999998,0.009999999999999998,0.009999999999999997,0.009999999999999997,0.009999999999999995]]",13.0,12.99999999999999,1.0,0.9999999999999993,0.9999999999999993,5.941965799359663e-05,0.42139523341370566,0.0011653153676936874,0.05099019513592785,0.010000000000000002,0.20905416893714487,0.22424543845171652,0.04433649987913668,16,5,2
6,MNISTConvNet,MNIST conv filters=16 kernel=5 stride=2 lr=1e-02,1.0,0.01,Adam,0,1,512,64,2.3024694284108476,0.00026458995222666815,0.892578125,full_conv_patch_and_classifier_activation,1.544239513814374,1.3886002564148008,1.148711186396691,3.822293065756467e-05,4.897700842820425e-05,"[[0.0036138469114223477,0.00035466940425617807,0.00025804153723237586,0.00017453267190986835,0.00011873457200130215,9.978754266362217e-05,7.629518764436825e-05,5.311066643742105e-05,4.592650159339e-05,2.699552608662475e-05,2.1792629739844558e-05,2.0807434306562887e-05,1.2709356244633525e-05,9.617058941746704e-06,6.537574049798473e-06,3.7470013443579266e-06],[0.00430755964092468,0.0002579916865503876,9.820599762213112e-05,7.249831802253799e-05,6.155182735938991e-05,4.2435363116095836e-05,3.2960483271761045e-05,1.806332198205266e-05,8.944166403405008e-06,1.4775208836456991e-19]]","[[401.1183156996585,197.39960275709623,164.19580520093004,125.04709348138175,95.81303941858663,91.20839259366029,74.89031449434101,59.91562082222036,49.28389336291671,48.21043120462586,45.75160259396352,37.706046923031636,35.21959976949825,30.123676491125735,29.954925951450672,29.01564349947877,26.2093158304301,24.392547769597073,23.50068906609841,21.883484860449574,19.859758304504684,18.874098114494824,17.102630977222926,15.881887439576131,13.960438301928791],[0.6983988411142902,0.039180417487630584,0.020732685606749852,0.014468639100489539,0.011223343815042008,0.007581183204613129,0.006355207023176916,0.006077524423994483,0.005531399519787857,0.0041070922317877285,0.0038867977082051733,0.0025369761496265852,0.002008799435184911,0.0014147062402243209,0.0010608473437861208,0.0009393622825703802]]","[[0.04070056059151325,0.010119109055619812,0.007917920728964124,0.005465853403944268,0.004457635595188361,0.004034119701554658,0.002562792713332743,0.0010374818986294255,0.0008626911032468568,0.00046388303497646834,0.0003588720616311006,0.0002460626338502159,0.00014540914348306697,0.00012964929252340848,5.476068834167628e-05,4.233171130128414e-05],[0.02425813521388412,0.006604783396426471,0.004300660417967318,0.0027945085205078645,0.0015222007082181196,0.0010469693602282737,0.0006305167492588661,0.0005632594929735163,0.0001993876665954082,5.764424282626388e-05]]",2.958576762171459,1.1353846007994555,0.23477920041775543,0.09207256085199571,0.3873923176474907,0.00018619484138037763,0.6510358337141098,0.0036806904368083264,0.050586933233601306,0.04070056059151325,0.20198593622017683,0.2027328755616622,0.06751254200935364,16,5,2
7,MNISTConvNet,MNIST conv filters=16 kernel=5 stride=2 lr=1e-02,1.0,0.01,Muon,0,1,512,64,2.3025375908535706,8.545038176865916e-05,0.890625,full_conv_patch_and_classifier_activation,1.8261380774253921,1.3925917131468326,1.36467843245269,3.7492243201573476e-05,5.850619636230892e-05,"[[0.0026729711075147928,0.00042238671843303796,0.00018170090418684432,0.00017345720507179235,0.00010745439147973,9.690440176992868e-05,6.830684276870266e-05,5.096971286722695e-05,3.6886304782040154e-05,2.8528836880527722e-05,2.2681764670338207e-05,2.006197982499855e-05,1.3967375295176562e-05,1.2815291406769392e-05,6.969135733567967e-06,3.741377519188364e-06],[0.0027993467075181923,0.0003528335238563375,0.00010937925366446179,8.41098835750471e-05,7.791138391374217e-05,5.48687355833476e-05,3.468037593194454e-05,2.6982622334206246e-05,1.428916778693488e-05,1.7225186192920271e-19]]","[[401.1183156996585,197.39960275709623,164.19580520093004,125.04709348138175,95.81303941858663,91.20839259366029,74.89031449434101,59.91562082222036,49.28389336291671,48.21043120462586,45.75160259396352,37.706046923031636,35.21959976949825,30.123676491125735,29.954925951450672,29.01564349947877,26.2093158304301,24.392547769597073,23.50068906609841,21.883484860449574,19.859758304504684,18.874098114494824,17.102630977222926,15.881887439576131,13.960438301928791],[0.46167089639010767,0.03693150477190859,0.02979226411274711,0.012936595609827531,0.010591237161526598,0.008234346462048684,0.007439865484831193,0.007013138894076416,0.005353055624691156,0.004581857564874765,0.003954147012862893,0.0034413382727464335,0.003289442313806391,0.002122035059201961,0.0015358282768205816,0.0010076732011130498]]","[[0.010000000000000007,0.010000000000000005,0.010000000000000005,0.010000000000000005,0.010000000000000005,0.010000000000000004,0.010000000000000002,0.010000000000000002,0.010000000000000002,0.010000000000000002,0.010000000000000002,0.01,0.009999999999999998,0.009999999999999998,0.009999999999999997,0.009999999999999997],[0.010000000000000009,0.010000000000000005,0.010000000000000002,0.009999999999999998,0.009999999999999998,0.009999999999999997,0.009999999999999995,0.009999999999999995,0.009999999999999995,0.009999999999999995]]",13.0,12.999999999999982,1.0,0.9999999999999984,0.9999999999999984,7.474205004368877e-05,0.37341335583023244,0.001465812198687298,0.05099019513592785,0.010000000000000009,0.20198593622017685,0.21425688314032632,0.09149679192341864,16,5,2
6,MNISTConvNet,MNIST conv filters=16 kernel=5 stride=2 lr=1e-02,1.0,0.01,Adam,0,2,512,64,2.3025816259738887,0.00020525294775008973,0.892578125,full_conv_patch_and_classifier_activation,1.453203601093767,1.3865337373243194,1.0696433944982933,3.1102211221492724e-05,3.5679940677052815e-05,"[[0.002837800585114494,0.0002772906767021891,0.0001753709250105994,0.00014346710920719357,0.00010016910736678192,6.914974707367058e-05,4.0574152906387626e-05,3.814511254367345e-05,2.8665664689236263e-05,2.6845480675762724e-05,1.9463595372783118e-05,1.361943708299022e-05,1.1754204404267985e-05,8.961814358983088e-06,4.804084178714079e-06,1.1394173146293634e-06],[0.007428183501916328,0.00022444752912528966,0.00010145220391155556,9.594439483362694e-05,4.3120640396569555e-05,3.092774229859188e-05,2.2735104751002362e-05,1.2214970181481607e-05,6.391271601271948e-06,3.757899736771058e-19]]","[[401.1183156996585,197.39960275709623,164.19580520093004,125.04709348138175,95.81303941858663,91.20839259366029,74.89031449434101,59.91562082222036,49.28389336291671,48.21043120462586,45.75160259396352,37.706046923031636,35.21959976949825,30.123676491125735,29.954925951450672,29.01564349947877,26.2093158304301,24.392547769597073,23.50068906609841,21.883484860449574,19.859758304504684,18.874098114494824,17.102630977222926,15.881887439576131,13.960438301928791],[1.332833815861282,0.03567573073684563,0.015513130759536167,0.010492371484626008,0.008967585939717373,0.005779848056154644,0.004552946843067559,0.004040456936904796,0.0035257550058926186,0.002772714737022584,0.002429192740193396,0.0017326433804668146,0.0012829809193066924,0.0011372009465637032,0.0007742482613508631,0.0003651824813360454]]","[[0.04204633529153226,0.010874243312978264,0.006565645963257273,0.005978381338152024,0.004598613252023741,0.003689601892067257,0.0032380406199121244,0.00187440073509372,0.0011578785368797204,0.0008028866997416902,0.0004953881334115411,0.00046502485020508046,0.00034313003238582485,0.00024925129968606045,0.00011647418570122081,7.232044817188499e-05],[0.021610663438965328,0.011136510206310006,0.005672885986787674,0.0032672211060219506,0.0022893548159007306,0.0015951198081055596,0.0009535858183374754,0.0008620307674665298,0.0002739788974675723,0.0002129367048356571]]",3.471456555172192,1.259177874734864,0.28375214190796083,0.10453221309609426,0.36207866877244094,0.00016082392963250294,0.39146775012223306,0.00311832786578676,0.05157377176306852,0.04204633529153226,0.19387873930330407,0.19268361997675798,0.1173858328256756,16,5,2
7,MNISTConvNet,MNIST conv filters=16 kernel=5 stride=2 lr=1e-02,1.0,0.01,Muon,0,2,512,64,2.302562697639772,8.57306083386078e-05,0.869140625,full_conv_patch_and_classifier_activation,2.3213607360023243,1.3907893678132304,1.6464629218135682,3.133383673873522e-05,4.9003025241660865e-05,"[[0.0020659730604185955,0.0006290186229199697,0.00033844268675716464,0.00021521609166180896,0.0001399056218609058,0.0001378564148448572,7.675419758786971e-05,5.9828958368119175e-05,5.221655205783921e-05,3.955400354539824e-05,3.3564066503154586e-05,2.3899392028334253e-05,2.1327156107280664e-05,1.634808139432397e-05,1.0272873198294503e-05,6.466178245337782e-06],[0.0034544777364296105,0.00042924304331095383,0.00020433203887917345,9.350122396135034e-05,7.475486579211293e-05,6.298042758040756e-05,3.245141318608318e-05,2.0267075956390853e-05,1.3056521042097917e-05,2.4782887599602727e-19]]","[[401.1183156996585,197.39960275709623,164.19580520093004,125.04709348138175,95.81303941858663,91.20839259366029,74.89031449434101,59.91562082222036,49.28389336291671,48.21043120462586,45.75160259396352,37.706046923031636,35.21959976949825,30.123676491125735,29.954925951450672,29.01564349947877,26.2093158304301,24.392547769597073,23.50068906609841,21.883484860449574,19.859758304504684,18.874098114494824,17.102630977222926,15.881887439576131,13.960438301928791],[0.6234555046826836,0.045633579846855926,0.0315337815801441,0.01396263442786554,0.011206283738183085,0.009139207622424927,0.008240698557288316,0.006863822657761764,0.005681057591997418,0.004767904892387382,0.004420926848460293,0.0037976392579737784,0.003193162565793115,0.002490011768210066,0.00126038403349472,0.0009244180204499384]]","[[0.010000000000000009,0.010000000000000002,0.010000000000000002,0.009999999999999998,0.009999999999999998,0.009999999999999998,0.009999999999999998,0.009999999999999998,0.009999999999999997,0.009999999999999997,0.009999999999999995,0.009999999999999995,0.009999999999999993,0.009999999999999993,0.009999999999999993,0.009999999999999992],[0.010000000000000002,0.010000000000000002,0.009999999999999998,0.009999999999999998,0.009999999999999998,0.009999999999999998,0.009999999999999998,0.009999999999999997,0.009999999999999997,0.009999999999999997]]",12.999999999999996,12.999999999999979,0.9999999999999998,0.9999999999999984,0.9999999999999987,8.251708303637436e-05,0.3918141072884708,0.001618293140797035,0.05099019513592784,0.010000000000000009,0.19387873930330402,0.2028199912323091,0.13941324991174042,16,5,2
6,MNISTConvNet,MNIST conv filters=16 kernel=5 stride=2 lr=1e-02,1.0,0.01,Adam,0,3,512,64,2.302635838779387,8.745181993274898e-05,0.892578125,full_conv_patch_and_classifier_activation,2.0043682073379925,1.3862728726859106,1.383848253626974,1.3699628233323516e-05,1.5905021280336306e-05,"[[0.001301606776467776,0.000276702993067645,0.00019750137548560408,0.00013926591185927956,9.02976819300925e-05,8.330401599402913e-05,7.175253786034429e-05,3.825337159923957e-05,2.8355833393175585e-05,2.154477718493217e-05,1.5034484908265148e-05,1.2234439371286695e-05,8.558270059524253e-06,7.737192235299641e-06,4.290305967563011e-06,2.573911747433682e-07],[0.007376407396387803,0.0002892848296932168,0.00012121810409545927,7.517763827656045e-05,3.90037106282353e-05,2.613112658999351e-05,1.6410699629581855e-05,1.0744865220922043e-05,3.37117840802821e-06,3.572138497689381e-19]]","[[401.1183156996585,197.39960275709623,164.19580520093004,125.04709348138175,95.81303941858663,91.20839259366029,74.89031449434101,59.91562082222036,49.28389336291671,48.21043120462586,45.75160259396352,37.706046923031636,35.21959976949825,30.123676491125735,29.954925951450672,29.01564349947877,26.2093158304301,24.392547769597073,23.50068906609841,21.883484860449574,19.859758304504684,18.874098114494824,17.102630977222926,15.881887439576131,13.960438301928791],[1.9948756035379456,0.037799230226840695,0.01605148060032997,0.011675129906266271,0.007564696492648149,0.006192805109213673,0.005210899115631931,0.0032569348148608576,0.0022713624728587243,0.0017619753779344472,0.0014275568066710546,0.0013197340460817531,0.0012221687482138316,0.0011838909657639453,0.000938161713185227,0.00012800083988847766]]","[[0.04329075350180048,0.00979684340566362,0.008386197954750731,0.006150338659248312,0.0059548357185624555,0.004647888078244962,0.003136138962390267,0.0027442562061098237,0.0016790148514134414,0.0013055131959674733,0.0010616530211674455,0.000651046228698711,0.00047875168643923013,0.00024500114946995357,0.0001795009499914697,0.00012816745882733278],[0.019607992453158335,0.011781041813102546,0.0070942535040515115,0.005098364705060257,0.0034542205370388566,0.0025818464783973535,0.0012887493508650198,0.0008676653047621168,0.0005043522897771579,0.00020628614966309612]]",4.087264895136274,1.3834934895778672,0.3386397895994692,0.11674821755970419,0.33610453571963994,6.837302833720632e-05,0.17271853370993243,0.0012967776592484727,0.052725328701938655,0.04329075350180048,0.18428277959515876,0.1817679734962534,0.16259720781818032,16,5,2
7,MNISTConvNet,MNIST conv filters=16 kernel=5 stride=2 lr=1e-02,1.0,0.01,Muon,0,3,512,64,2.3025788449506464,6.849189304736214e-05,0.892578125,full_conv_patch_and_classifier_activation,2.658480479142057,1.3899119297163356,1.9025448336404074,1.544441177276195e-05,2.88133916456369e-05,"[[0.0015706570584462858,0.0003605727470192381,0.0002794358226944844,0.0002369128239312971,0.00016310351106275378,0.00012734687517853465,8.106561438385675e-05,7.671189355263364e-05,5.7679460798971925e-05,4.379174566321739e-05,2.8513050052721712e-05,2.2791366307526062e-05,1.6830637980186942e-05,1.6278719810039697e-05,1.0753951678078494e-05,6.207590286389658e-06],[0.0026161211202622636,0.0005165107189147917,0.00023768370671865675,0.00010314459011182323,8.736628670722307e-05,4.9286565306439764e-05,3.157879120738476e-05,2.0780912967732617e-05,1.4143281449405912e-05,1.054791857484643e-19]]","[[401.1183156996585,197.39960275709623,164.19580520093004,125.04709348138175,95.81303941858663,91.20839259366029,74.89031449434101,59.91562082222036,49.28389336291671,48.21043120462586,45.75160259396352,37.706046923031636,35.21959976949825,30.123676491125735,29.954925951450672,29.01564349947877,26.2093158304301,24.392547769597073,23.50068906609841,21.883484860449574,19.859758304504684,18.874098114494824,17.102630977222926,15.881887439576131,13.960438301928791],[0.6822913064339462,0.043352271369224815,0.03244433399794478,0.015155377796875891,0.011082791585173363,0.010022002621934093,0.007694846098645244,0.007064027599737786,0.00574782249872011,0.005284989395032151,0.004338971885584752,0.004117022190605129,0.0037607199588132476,0.0030286926515190014,0.0016500927851598574,0.001373620120335518]]","[[0.010000000000000007,0.010000000000000005,0.010000000000000004,0.010000000000000002,0.010000000000000002,0.010000000000000002,0.010000000000000002,0.01,0.01,0.01,0.009999999999999998,0.009999999999999998,0.009999999999999998,0.009999999999999998,0.009999999999999995,0.009999999999999995],[0.010000000000000005,0.010000000000000002,0.01,0.01,0.01,0.01,0.009999999999999998,0.009999999999999998,0.009999999999999997,0.009999999999999995]]",12.999999999999998,12.999999999999986,0.9999999999999998,0.9999999999999989,0.999999999999999,6.775268842491939e-05,0.42053266597017763,0.0013287395399116766,0.050990195135927854,0.010000000000000007,0.18428277959515876,0.19162649194371278,0.18528829189017415,16,5,2
6,MNISTConvNet,MNIST conv filters=16 kernel=5 stride=2 lr=1e-02,1.0,0.01,Adam,0,4,512,64,2.3021454908505827,0.000396548608621039,0.892578125,full_conv_patch_and_classifier_activation,1.3245880336772442,1.3861503946958549,0.9898937098394467,1.3880090440463955e-05,1.5450201941283316e-05,"[[0.0038458768976649764,0.0003594232468211186,0.00017319580156348804,0.00013023196286253118,0.000100246616376279,4.825138759908542e-05,3.2384974954994565e-05,2.986852030568762e-05,2.36430510992511e-05,1.8969133671802178e-05,1.2405575793814675e-05,7.84916359075979e-06,6.065689472526137e-06,4.685116218987922e-06,3.703638514773344e-06,3.817738932308084e-08],[0.009866002166863022,0.0002613625664841175,0.00010742073776074746,8.255213848090793e-05,4.364424084808785e-05,3.054653121147937e-05,1.5236885423179812e-05,5.035394187687867e-06,3.3855064552118512e-06,6.398517516332302e-19]]","[[401.1183156996585,197.39960275709623,164.19580520093004,125.04709348138175,95.81303941858663,91.20839259366029,74.89031449434101,59.91562082222036,49.28389336291671,48.21043120462586,45.75160259396352,37.706046923031636,35.21959976949825,30.123676491125735,29.954925951450672,29.01564349947877,26.2093158304301,24.392547769597073,23.50068906609841,21.883484860449574,19.859758304504684,18.874098114494824,17.102630977222926,15.881887439576131,13.960438301928791],[2.6493948646823604,0.035559536136557046,0.016739455461833558,0.009428596395147256,0.006491290308682094,0.005990638135638335,0.005097948128183386,0.0030256362221372803,0.0019239739765820624,0.0016686376663137704,0.0014750827582791334,0.0013477145573458078,0.0007860393232756171,0.0007162020540735733,0.0006114048514764338,2.715953415266595e-05]]","[[0.045035925075913384,0.010897215791775253,0.00930050054478259,0.007384451362784056,0.005090908568419494,0.004647388488633026,0.0029656995095402386,0.0023573449162743597,0.0018991421838157616,0.0008726553576356675,0.0007447093907326047,0.0005266093996012988,0.0003297282114444257,0.00021993523598630037,0.00013644573731235804,8.097199776096668e-05],[0.02340291838701372,0.010123938058722491,0.00797161632954698,0.004961167032024884,0.003740804628547053,0.002493199737242002,0.001243709719503122,0.0006922674490574925,0.0004665903329683645,7.216473194224265e-05]]",3.8162086967213584,1.2751726941658068,0.31352075798169254,0.10574405021556951,0.3334823668906646,0.0003357214706481975,0.5672472986932786,0.006014164594891984,0.055821796253021756,0.045035925075913384,0.17876869304140244,0.1802253597879659,0.2117560829501599,16,5,2
7,MNISTConvNet,MNIST conv filters=16 kernel=5 stride=2 lr=1e-02,1.0,0.01,Muon,0,4,512,64,2.302481895651545,9.823760341820531e-05,0.8828125,full_conv_patch_and_classifier_activation,1.9975741477920796,1.3901267966606334,1.5410915813253288,1.3744782144829015e-05,2.639080067178295e-05,"[[0.00364507069292748,0.0004642936285807215,0.00029124047405638747,0.00024039865264058517,0.00015230210480812785,0.00013619843481395765,0.00010487525070437778,7.702020624480107e-05,6.09351820216693e-05,3.928310505444222e-05,3.108251547532456e-05,2.494699697046174e-05,1.663631953943089e-05,1.3868037968205318e-05,8.721585237063275e-06,6.80486382251939e-06],[0.0026810007339884193,0.00047109647146435313,0.00026630946882505864,0.0001640118033220601,8.066813889376835e-05,6.18958436676397e-05,4.95274665823131e-05,2.5567939398142697e-05,1.5635351893770486e-05,1.440144648817698e-19]]","[[401.1183156996585,197.39960275709623,164.19580520093004,125.04709348138175,95.81303941858663,91.20839259366029,74.89031449434101,59.91562082222036,49.28389336291671,48.21043120462586,45.75160259396352,37.706046923031636,35.21959976949825,30.123676491125735,29.954925951450672,29.01564349947877,26.2093158304301,24.392547769597073,23.50068906609841,21.883484860449574,19.859758304504684,18.874098114494824,17.102630977222926,15.881887439576131,13.960438301928791],[0.7397350339382621,0.047076864251584576,0.03814095718653374,0.017254300665329673,0.011896813490785927,0.010255223195976958,0.008461773075420679,0.007985295505465702,0.006234563005637561,0.005327484248871421,0.004833239323539965,0.004507130805604502,0.003475694081491328,0.002707922011653624,0.0022590888787150875,0.0016602965077043826]]","[[0.01000000000000001,0.010000000000000009,0.010000000000000005,0.010000000000000004,0.010000000000000004,0.010000000000000004,0.010000000000000004,0.010000000000000004,0.010000000000000004,0.010000000000000004,0.010000000000000004,0.01,0.01,0.01,0.01,0.009999999999999997],[0.010000000000000002,0.010000000000000002,0.010000000000000002,0.010000000000000002,0.009999999999999998,0.009999999999999998,0.009999999999999998,0.009999999999999998,0.009999999999999998,0.009999999999999998]]",13.0,12.999999999999988,0.9999999999999999,0.9999999999999991,0.9999999999999992,9.129391268901084e-05,0.38856105428393467,0.0017904209318211621,0.050990195135927854,0.01000000000000001,0.17876869304140244,0.18321444645866564,0.23369625001214445,16,5,2
6,MNISTConvNet,MNIST conv filters=16 kernel=5 stride=2 lr=1e-02,1.0,0.01,Adam,0,5,512,64,2.3011214503856636,,0.892578125,full_conv_patch_and_classifier_activation,1.1180424760527752,1.386099374179404,0.8592868361249479,3.1979178879254765e-05,3.3528937478019044e-05,"[[0.009090277484723798,0.00040358000972883206,0.00011956742161617699,7.528612706259457e-05,5.451509994462669e-05,5.155482138102157e-05,3.072490233346212e-05,2.653829292292097e-05,2.016533631875517e-05,1.4904173004511365e-05,1.0489920280034423e-05,8.032971861683901e-06,5.036571701114832e-06,4.579294818816956e-06,1.9122240020284625e-06,1.5580566782296786e-08],[0.01980036845513151,0.00023785110824191825,9.368903030426763e-05,5.3494020280967254e-05,3.1581550682052063e-05,2.7349159976741315e-05,1.755090065132023e-05,1.1276466613188072e-05,4.694602975455234e-06,7.784449947768127e-19]]","[[401.1183156996585,197.39960275709623,164.19580520093004,125.04709348138175,95.81303941858663,91.20839259366029,74.89031449434101,59.91562082222036,49.28389336291671,48.21043120462586,45.75160259396352,37.706046923031636,35.21959976949825,30.123676491125735,29.954925951450672,29.01564349947877,26.2093158304301,24.392547769597073,23.50068906609841,21.883484860449574,19.859758304504684,18.874098114494824,17.102630977222926,15.881887439576131,13.960438301928791],[3.5017255941746273,0.03660182131270839,0.016887160651050982,0.008384728401017727,0.006539513116055372,0.005510983163993425,0.005011211729379557,0.0031004123694092786,0.0027514824399393037,0.0023369326625190825,0.0015703189043959787,0.0013634566848768931,0.0005380599407688721,0.0004955749465019864,0.0004486627266874908,4.777696917613739e-06]]",,,,,,,,,,,,,,0.25707716681063175,16,5,2
7,MNISTConvNet,MNIST conv filters=16 kernel=5 stride=2 lr=1e-02,1.0,0.01,Muon,0,5,512,64,2.302303123233164,,0.880859375,full_conv_patch_and_classifier_activation,1.7608859644268833,1.389582890919327,1.3132546525467044,3.2164855063458446e-05,4.762203968399293e-05,"[[0.005855560923011659,0.001369422015795562,0.0004768666915936125,0.00022259486116148867,0.00019682495742323134,0.0001314332714789491,8.198360286887321e-05,6.846475510496526e-05,5.9402092170700825e-05,4.069029747906547e-05,3.605213777820675e-05,2.5908235874077523e-05,1.894958241407736e-05,1.0964210724467568e-05,9.65070547371118e-06,6.27908039913766e-06],[0.0051134212853750135,0.0005283089288008508,0.00032329440907337013,0.00014560815085757752,5.6485259568098866e-05,4.98554896953247e-05,4.05044233042443e-05,2.126291874602566e-05,1.4383054417099071e-05,2.9831553115813787e-19]]","[[401.1183156996585,197.39960275709623,164.19580520093004,125.04709348138175,95.81303941858663,91.20839259366029,74.89031449434101,59.91562082222036,49.28389336291671,48.21043120462586,45.75160259396352,37.706046923031636,35.21959976949825,30.123676491125735,29.954925951450672,29.01564349947877,26.2093158304301,24.392547769597073,23.50068906609841,21.883484860449574,19.859758304504684,18.874098114494824,17.102630977222926,15.881887439576131,13.960438301928791],[0.9087068928668989,0.05366534819484075,0.04314578409605273,0.021529227764111654,0.01370788291272348,0.011942516398776063,0.009651772045399779,0.007641613146581106,0.006892717918422582,0.006418770141079457,0.005947924191027034,0.005106840150254012,0.0039651398815670445,0.003487308443453359,0.0023928411119662416,0.0021815904408983215]]",,,,,,,,,,,,,,0.2807064999360591,16,5,2
8,MNISTConvNet,MNIST conv filters=16 kernel=5 stride=2 lr=1e-02,1.0,0.01,Adam,1,0,512,64,2.302622850625773,8.065343263297109e-05,0.853515625,full_conv_patch_and_classifier_activation,2.429398869347137,1.4075505352421942,1.661802536578119,2.228894368342435e-05,3.20456302235865e-05,"[[0.001394813625900146,0.00036764636134172744,0.00024456847230065325,0.00023296379939276955,0.00011503245386852687,8.934279749093235e-05,7.308130803647374e-05,6.0390144760772545e-05,4.257734209039346e-05,3.692294288370311e-05,3.455589729075737e-05,2.3769800744413006e-05,1.4203168458228308e-05,1.3011937522945361e-05,1.1013890737299494e-05,5.85699778854949e-06],[0.003122281646435506,0.0002718685049700479,0.00011124142132854765,8.9572445138836e-05,7.002477908776241e-05,4.470046864418335e-05,2.7780411394987028e-05,2.4314005404307117e-05,9.980754822467223e-06,1.7141659589032254e-19]]","[[390.49508151911226,195.7032235608191,163.85332786619975,123.87348519167585,96.9112556213114,91.86200157031035,74.23263594975835,60.67285521527967,49.51995634598056,48.39062975955221,45.78336309177383,37.842356514290785,35.73417151385935,30.64902850020215,29.86664571226451,28.87063668380468,26.407449145927636,24.807459652163995,23.691315232767103,21.848693291859362,19.95677372952212,18.946066130939002,16.947747813757786,15.78521018286518,13.945079448475957],[0.6648176641760396,0.032822061463880975,0.017282476059059006,0.015217096848010005,0.011523353226536503,0.008754411436529495,0.0058480546832529465,0.005443264945111834,0.00473292000128828,0.0043896305839129105,0.003295745030412294,0.002496054428955438,0.0023175175776067487,0.002003209631057727,0.0018931095081150186,0.0011305436082182402]]","[[0.035128948679041865,0.013374116389463593,0.011358163623391822,0.010229467587934263,0.008111758657789177,0.006647688005273662,0.005703838753757681,0.005156994484556302,0.004335505006388923,0.003634006513100265,2.840015000308854e-05,1.8918132539606878e-05,7.551132751095636e-07,1.8107837199249746e-07,1.6213411751360805e-07,4.947172681930452e-08],[0.023542540478414125,0.010941658647196501,0.005905855695328442,0.005535901872995659,0.003580296136737558,2.413504771377873e-05,3.4351578713252483e-06,5.487520623287633e-07,4.44369951604715e-07,8.276531581896752e-08]]",4.5424395906793285,1.4273078883157355,0.3450563223003481,0.11465714616752387,0.3366419259385496,9.70362884277616e-05,0.5474983650619064,0.0019030381854606708,0.05099019513592782,0.035128948679041865,0.2103930156916235,0.20924110651323594,0.0228533330373466,16,5,2
9,MNISTConvNet,MNIST conv filters=16 kernel=5 stride=2 lr=1e-02,1.0,0.01,Muon,1,0,512,64,2.302622850625773,5.688308278717358e-05,0.853515625,full_conv_patch_and_classifier_activation,2.429398869347137,1.4075505352421942,1.661802536578119,2.228894368342435e-05,3.20456302235865e-05,"[[0.001394813625900146,0.00036764636134172744,0.00024456847230065325,0.00023296379939276955,0.00011503245386852687,8.934279749093235e-05,7.308130803647374e-05,6.0390144760772545e-05,4.257734209039346e-05,3.692294288370311e-05,3.455589729075737e-05,2.3769800744413006e-05,1.4203168458228308e-05,1.3011937522945361e-05,1.1013890737299494e-05,5.85699778854949e-06],[0.003122281646435506,0.0002718685049700479,0.00011124142132854765,8.9572445138836e-05,7.002477908776241e-05,4.470046864418335e-05,2.7780411394987028e-05,2.4314005404307117e-05,9.980754822467223e-06,1.7141659589032254e-19]]","[[390.49508151911226,195.7032235608191,163.85332786619975,123.87348519167585,96.9112556213114,91.86200157031035,74.23263594975835,60.67285521527967,49.51995634598056,48.39062975955221,45.78336309177383,37.842356514290785,35.73417151385935,30.64902850020215,29.86664571226451,28.87063668380468,26.407449145927636,24.807459652163995,23.691315232767103,21.848693291859362,19.95677372952212,18.946066130939002,16.947747813757786,15.78521018286518,13.945079448475957],[0.6648176641760396,0.032822061463880975,0.017282476059059006,0.015217096848010005,0.011523353226536503,0.008754411436529495,0.0058480546832529465,0.005443264945111834,0.00473292000128828,0.0043896305839129105,0.003295745030412294,0.002496054428955438,0.0023175175776067487,0.002003209631057727,0.0018931095081150186,0.0011305436082182402]]","[[0.010000000000000007,0.010000000000000002,0.01,0.01,0.01,0.01,0.009999999999999998,0.009999999999999998,0.009999999999999998,0.009999999999999998,0.009999999999999998,0.009999999999999998,0.009999999999999998,0.009999999999999998,0.009999999999999997,0.009999999999999995],[0.010000000000000005,0.010000000000000004,0.010000000000000002,0.010000000000000002,0.01,0.01,0.01,0.01,0.009999999999999998,0.009999999999999997]]",12.999999999999998,12.999999999999984,0.9999999999999999,0.9999999999999989,0.9999999999999989,6.531515377834934e-05,0.36852130771710867,0.0012809355524966033,0.05099019513592784,0.010000000000000007,0.21039301569162358,0.21765870050672192,0.04612441686913371,16,5,2
8,MNISTConvNet,MNIST conv filters=16 kernel=5 stride=2 lr=1e-02,1.0,0.01,Adam,1,1,512,64,2.302629545619811,9.44537267835166e-05,0.9296875,full_conv_patch_and_classifier_activation,1.8579301317231318,1.4070563375870495,1.316879661489538,2.5332078755526444e-05,3.3045099833074065e-05,"[[0.0024549026526957895,0.0003622364241025707,0.0002949378129436549,0.00024743957988837236,0.00017578525525892486,8.800622434916308e-05,7.97004520131615e-05,5.321600319429325e-05,3.826592942588941e-05,3.468391333506567e-05,2.9531930952525083e-05,1.543230006308675e-05,1.478241649782379e-05,1.100849597113073e-05,8.249808327870496e-06,3.7419649092920027e-06],[0.0037082841209518454,0.00021687306628381014,0.00014599086021712472,5.3829678677948505e-05,4.840318092114634e-05,3.396209462763223e-05,1.9165860185601317e-05,1.6839428147559357e-05,1.0913856526565423e-05,1.7384589778290745e-19]]","[[390.49508151911226,195.7032235608191,163.85332786619975,123.87348519167585,96.9112556213114,91.86200157031035,74.23263594975835,60.67285521527967,49.51995634598056,48.39062975955221,45.78336309177383,37.842356514290785,35.73417151385935,30.64902850020215,29.86664571226451,28.87063668380468,26.407449145927636,24.807459652163995,23.691315232767103,21.848693291859362,19.95677372952212,18.946066130939002,16.947747813757786,15.78521018286518,13.945079448475957],[0.7388003216723884,0.03164600152882447,0.021771336348455093,0.012874541178393045,0.008827048012142538,0.007442772566761219,0.005906503530396649,0.004231653393913837,0.003674113386032901,0.003197967055371441,0.002812502365348488,0.002281421161701803,0.0019106079574058945,0.0016430405452121833,0.001398336090499993,0.0009380078702481007]]","[[0.041431877892543746,0.01248787336545043,0.008595393138942305,0.006726173279740303,0.006228238663604139,0.005333019478535716,0.004172977981217376,0.002806957726102412,0.002545712016529513,0.00163252965780367,0.0007960668102671384,0.0006043486549319018,0.00037448411192500194,0.0003069816147715725,0.00013102978174255584,0.00010485389938474664],[0.02128124989882996,0.01195758742325211,0.007547501454404464,0.0056200081687623965,0.0031229327826272336,0.0026928312684407468,0.0011443638646807927,0.000616226907271219,0.00039178158686207343,0.00016977157711496062]]",4.236830706350849,1.3865573330025889,0.3441174827558924,0.11577691828609347,0.3273254579166463,0.00010471836620685939,0.44064962943964975,0.001979732822631348,0.05289520131695028,0.041431877892543746,0.21488659111436634,0.20961885077620762,0.0695688750129193,16,5,2
9,MNISTConvNet,MNIST conv filters=16 kernel=5 stride=2 lr=1e-02,1.0,0.01,Muon,1,1,512,64,2.3026418366855985,7.189859201384152e-05,0.916015625,full_conv_patch_and_classifier_activation,1.7466698020355276,1.4081502259876784,1.2685188551271627,2.5463659136246397e-05,3.480587824787907e-05,"[[0.0030757477111145784,0.0003588647916736778,0.000292503677472147,0.0002160045236962668,0.0001765010912792141,0.00010520161735569461,8.032265902120479e-05,5.3506319304106056e-05,4.737891990290828e-05,3.396692027203216e-05,3.191726880302514e-05,2.8563051006835868e-05,1.751543615904096e-05,1.4810679896382855e-05,1.0662926924329671e-05,8.328496198640453e-06],[0.0029837367793184686,0.0002209565411594897,0.00012980942078991627,5.4187433085007094e-05,4.125408846617557e-05,3.143988886638624e-05,2.375128999994938e-05,1.8649200280162704e-05,8.578371007956663e-06,1.7804625038813903e-19]]","[[390.49508151911226,195.7032235608191,163.85332786619975,123.87348519167585,96.9112556213114,91.86200157031035,74.23263594975835,60.67285521527967,49.51995634598056,48.39062975955221,45.78336309177383,37.842356514290785,35.73417151385935,30.64902850020215,29.86664571226451,28.87063668380468,26.407449145927636,24.807459652163995,23.691315232767103,21.848693291859362,19.95677372952212,18.946066130939002,16.947747813757786,15.78521018286518,13.945079448475957],[0.593685762301686,0.033668625696508955,0.02182306407494886,0.009871116884567668,0.00945768932173228,0.00754554170315178,0.006312672659701718,0.0048962624281193605,0.004578098506943521,0.0036489916380149762,0.003139278068628943,0.0026832072804579537,0.002064450100398566,0.001822278133540137,0.0015498337769436136,0.0014237781079845249]]","[[0.010000000000000007,0.010000000000000007,0.010000000000000004,0.010000000000000002,0.010000000000000002,0.01,0.01,0.01,0.01,0.009999999999999998,0.009999999999999998,0.009999999999999997,0.009999999999999997,0.009999999999999997,0.009999999999999997,0.009999999999999995],[0.010000000000000002,0.010000000000000002,0.010000000000000002,0.010000000000000002,0.009999999999999998,0.009999999999999998,0.009999999999999998,0.009999999999999998,0.009999999999999997,0.009999999999999995]]",13.000000000000002,12.999999999999986,1.0,0.9999999999999989,0.9999999999999989,8.064159103053598e-05,0.3651987389998713,0.0015815117164302767,0.05099019513592784,0.010000000000000007,0.21488659111436637,0.22345328821790397,0.09150037495419383,16,5,2
8,MNISTConvNet,MNIST conv filters=16 kernel=5 stride=2 lr=1e-02,1.0,0.01,Adam,1,2,512,64,2.302701399472351,8.935561468836895e-05,0.9296875,full_conv_patch_and_classifier_activation,1.4416488202131332,1.4060955892166342,1.0631156258579535,3.102108182131733e-05,3.705751410422744e-05,"[[0.003603005453649721,0.0003407405613080642,0.0002684827216376627,0.00012968074301255222,8.680975308038058e-05,7.288946936113636e-05,6.140884424211451e-05,4.7950152684661545e-05,3.848405605724444e-05,2.672293029166908e-05,1.9650003149038274e-05,1.1785578971912615e-05,6.754473774107274e-06,3.2699778742927537e-06,1.812491903082892e-06,8.475489906439759e-07],[0.0050244912235081485,0.00022727410856115252,9.213350076935547e-05,6.746535008909375e-05,4.466462046750814e-05,2.5382898838138612e-05,9.331542099620624e-06,8.547574170983973e-06,3.836582919439268e-06,4.367671901344389e-19]]","[[390.49508151911226,195.7032235608191,163.85332786619975,123.87348519167585,96.9112556213114,91.86200157031035,74.23263594975835,60.67285521527967,49.51995634598056,48.39062975955221,45.78336309177383,37.842356514290785,35.73417151385935,30.64902850020215,29.86664571226451,28.87063668380468,26.407449145927636,24.807459652163995,23.691315232767103,21.848693291859362,19.95677372952212,18.946066130939002,16.947747813757786,15.78521018286518,13.945079448475957],[0.9033251799111722,0.028629892202808663,0.013595169952838545,0.009311851375362131,0.007463925573679023,0.0051358402054781,0.004978809885306511,0.0032743414092171286,0.002867502183816795,0.0025469512453174556,0.002202350179711285,0.0018198866685899154,0.0006348776229657324,0.0005278606666680684,0.00045646824958401515,0.00032127756723476976]]","[[0.039192704240048434,0.013585452203264008,0.01281209286928702,0.007276129877573114,0.005929910433181225,0.005406530365177079,0.004942377011151208,0.0037549217136194574,0.002372021784006727,0.001970902466242849,0.0015687384189546605,0.0010406845717748695,0.0004997013979983144,0.00034023401644825825,0.0001921763347018484,0.00016110683851679815],[0.024243136627155337,0.013807612970387458,0.00992072403306799,0.0050521981492885155,0.003549795608544724,0.0025331671426369637,0.002005539200777027,0.001004648022950022,0.0007953505992576777,0.00031537493670885387]]",4.641315358444993,1.4573507844910094,0.37093297800194824,0.12066137804137528,0.31742842099122737,0.00010549267627141585,0.3112958291135059,0.0019320758605056586,0.054600690598042324,0.039192704240048434,0.21260163280957398,0.21532217592991792,0.11570379184558988,16,5,2
9,MNISTConvNet,MNIST conv filters=16 kernel=5 stride=2 lr=1e-02,1.0,0.01,Muon,1,2,512,64,2.302637627614479,7.42253660188652e-05,0.833984375,full_conv_patch_and_classifier_activation,1.82616357088849,1.4098999987067415,1.3488536327855871,3.095493909334428e-05,4.759159674195298e-05,"[[0.0033390925347006077,0.0004983973910801979,0.000372893278458415,0.00021524153348566357,0.00012958805807481544,8.152710002568943e-05,6.848810746917215e-05,5.6260021481608023e-05,4.439844321702854e-05,3.115332512665474e-05,2.964863975996504e-05,2.167588429800563e-05,1.7551251207726355e-05,1.6886869752466856e-05,1.0495868786311886e-05,7.476982698573658e-06],[0.002739134631268332,0.0003005998264112424,0.0001220447724719526,9.744719573520036e-05,6.389420056281495e-05,4.1934297790676214e-05,3.549533818347346e-05,2.336905518220188e-05,1.5663740901967974e-05,1.0533325321796209e-19]]","[[390.49508151911226,195.7032235608191,163.85332786619975,123.87348519167585,96.9112556213114,91.86200157031035,74.23263594975835,60.67285521527967,49.51995634598056,48.39062975955221,45.78336309177383,37.842356514290785,35.73417151385935,30.64902850020215,29.86664571226451,28.87063668380468,26.407449145927636,24.807459652163995,23.691315232767103,21.848693291859362,19.95677372952212,18.946066130939002,16.947747813757786,15.78521018286518,13.945079448475957],[0.4963291441218596,0.0379433869015918,0.0206398347666884,0.009888614722128484,0.008265608671998876,0.007961254645848828,0.006281342418322008,0.00531100714349912,0.00497795137797181,0.0042701890268310345,0.0035390166288818622,0.003416505356935843,0.0026089624092379164,0.0021709334994698894,0.0018541589884461006,0.0012201456042642837]]","[[0.010000000000000005,0.010000000000000004,0.010000000000000004,0.010000000000000002,0.010000000000000002,0.01,0.01,0.009999999999999998,0.009999999999999998,0.009999999999999998,0.009999999999999998,0.009999999999999998,0.009999999999999997,0.009999999999999995,0.009999999999999995,0.009999999999999995],[0.010000000000000007,0.010000000000000007,0.010000000000000007,0.010000000000000005,0.010000000000000002,0.01,0.01,0.01,0.009999999999999998,0.009999999999999997]]",13.000000000000002,12.999999999999986,1.0,0.9999999999999989,0.9999999999999989,8.380358348130766e-05,0.37464082371446905,0.0016435234903084217,0.050990195135927854,0.010000000000000007,0.212601632809574,0.21941944830112953,0.14015570795163512,16,5,2
8,MNISTConvNet,MNIST conv filters=16 kernel=5 stride=2 lr=1e-02,1.0,0.01,Adam,1,3,512,64,2.3026372088946174,6.10098530651193e-05,0.908203125,full_conv_patch_and_classifier_activation,2.1507580169512397,1.4067622552508414,1.4798778286446312,2.8515091020111313e-05,3.733324578300604e-05,"[[0.0016207520705118334,0.0006673195749302402,0.00032845755151327243,0.00014357495519285715,8.86695877415847e-05,7.827446008960785e-05,5.295073686279259e-05,3.560147660408071e-05,2.8489689963595095e-05,2.4519935912100668e-05,1.8907612529147772e-05,6.265307033460228e-06,4.019999797769821e-06,2.9566417709325823e-06,1.0743109750353297e-06,5.456434064249457e-07],[0.0035336878469932153,0.0003383067887962765,7.162455246575553e-05,6.625209541009262e-05,2.2844462661760605e-05,1.4436578027310651e-05,1.37447790262602e-05,5.160255602372521e-06,3.217224926450684e-06,2.6733020767968192e-20]]","[[390.49508151911226,195.7032235608191,163.85332786619975,123.87348519167585,96.9112556213114,91.86200157031035,74.23263594975835,60.67285521527967,49.51995634598056,48.39062975955221,45.78336309177383,37.842356514290785,35.73417151385935,30.64902850020215,29.86664571226451,28.87063668380468,26.407449145927636,24.807459652163995,23.691315232767103,21.848693291859362,19.95677372952212,18.946066130939002,16.947747813757786,15.78521018286518,13.945079448475957],[0.6650474628668743,0.03164293914475616,0.00956080982898166,0.008600735086050726,0.006005671376068381,0.004670515028986462,0.004189063083916318,0.0027290765604991445,0.00223458633019088,0.001340216736392164,0.000906284818399272,0.0007167198228399627,0.0002654799269092624,0.0002479869462596735,0.00023027176948369496,8.753802046978777e-05]]","[[0.04026699140547218,0.01661006068625511,0.014085659291995315,0.00928484536750311,0.006829562714000342,0.0050784921314973065,0.004744494740357173,0.0032778265609203876,0.0022312252824445056,0.0020376552121529248,0.0015127286582712366,0.0010570051222347876,0.00048570514231980824,0.0004437297960962042,0.00034947700188190967,0.00017507149610937578],[0.0234791883249859,0.014348119753086098,0.010338149246667462,0.004607674906522854,0.0035820358581818926,0.003388492633646793,0.0024190528070772302,0.001559943029136742,0.0009789450954617008,0.0005569768483401653]]",4.873690771687651,1.5431122749858428,0.39148299212582915,0.12770568478745425,0.31865074676095495,7.765489577281435e-05,0.3439349787914284,0.0013685165515178292,0.05674384842966414,0.04026699140547218,0.2084733088458376,0.2097960264769425,0.16470999992452562,16,5,2
9,MNISTConvNet,MNIST conv filters=16 kernel=5 stride=2 lr=1e-02,1.0,0.01,Muon,1,3,512,64,2.302622010599202,5.940958507233418e-05,0.83203125,full_conv_patch_and_classifier_activation,2.3064589236415514,1.411854619968814,1.65258144841032,3.041383688280539e-05,5.230093172848553e-05,"[[0.002409152268765937,0.0006135101963675253,0.0003950126856856768,0.00024273256392791912,0.0002014578729248839,0.00013605948011285107,7.892860668500432e-05,6.0285888463567754e-05,4.111390759737054e-05,3.307151756922666e-05,2.8183237960459356e-05,2.3111439895289753e-05,1.7621855107287238e-05,1.1771266567925336e-05,1.1160665219752892e-05,6.328514134826868e-06],[0.002234639764544691,0.0003826994735636437,0.00011957416396984224,8.223704077095373e-05,5.777511548274852e-05,4.949475231125002e-05,3.279099256441704e-05,2.3686784082906434e-05,1.784007111248938e-05,7.40697341286915e-20]]","[[390.49508151911226,195.7032235608191,163.85332786619975,123.87348519167585,96.9112556213114,91.86200157031035,74.23263594975835,60.67285521527967,49.51995634598056,48.39062975955221,45.78336309177383,37.842356514290785,35.73417151385935,30.64902850020215,29.86664571226451,28.87063668380468,26.407449145927636,24.807459652163995,23.691315232767103,21.848693291859362,19.95677372952212,18.946066130939002,16.947747813757786,15.78521018286518,13.945079448475957],[0.4122520211283093,0.035909996271021045,0.022021492733055696,0.011658025220773112,0.009240435772379546,0.007971464401063387,0.006081711597142318,0.005729569962532267,0.004920047718179653,0.004096744372446811,0.003894118639727607,0.003273883185385657,0.002919931023211713,0.0019006906632398864,0.0018294980336035422,0.0016620469017192556]]","[[0.010000000000000005,0.010000000000000004,0.010000000000000002,0.01,0.01,0.009999999999999998,0.009999999999999998,0.009999999999999998,0.009999999999999998,0.009999999999999998,0.009999999999999998,0.009999999999999997,0.009999999999999997,0.009999999999999997,0.009999999999999997,0.009999999999999997],[0.010000000000000002,0.010000000000000002,0.01,0.01,0.009999999999999998,0.009999999999999998,0.009999999999999998,0.009999999999999997,0.009999999999999995,0.009999999999999995]]",12.999999999999998,12.999999999999986,0.9999999999999999,0.9999999999999991,0.9999999999999991,7.310240125388445e-05,0.4202494277654773,0.0014336560403232562,0.050990195135927834,0.010000000000000005,0.20847330884583756,0.21391796835479274,0.18613266688771546,16,5,2
8,MNISTConvNet,MNIST conv filters=16 kernel=5 stride=2 lr=1e-02,1.0,0.01,Adam,1,4,512,64,2.302531142002105,6.252429942321669e-05,0.908203125,full_conv_patch_and_classifier_activation,2.009023110492654,1.41034204714374,1.4154733259872472,5.093201619844685e-05,7.047444455474907e-05,"[[0.0018301808087577251,0.0005911567515133157,0.0003244914244455804,0.0001899615279904127,8.565039136788613e-05,5.694916621977516e-05,4.451893440139924e-05,1.9866553408736903e-05,1.1536282883095926e-05,8.322659688240145e-06,5.481776234070503e-06,3.4743946417455835e-06,3.13418775533329e-06,2.0330236790440214e-06,1.0481774053180556e-06,5.011629227383097e-22],[0.002672356300780037,0.0003323866555131018,6.195966631942578e-05,4.2903385576074696e-05,3.672015678525993e-05,1.772684815567662e-05,1.0470809724222188e-05,7.558284833860722e-06,3.104137492142622e-06,4.130331538714864e-20]]","[[390.49508151911226,195.7032235608191,163.85332786619975,123.87348519167585,96.9112556213114,91.86200157031035,74.23263594975835,60.67285521527967,49.51995634598056,48.39062975955221,45.78336309177383,37.842356514290785,35.73417151385935,30.64902850020215,29.86664571226451,28.87063668380468,26.407449145927636,24.807459652163995,23.691315232767103,21.848693291859362,19.95677372952212,18.946066130939002,16.947747813757786,15.78521018286518,13.945079448475957],[0.37753538556735505,0.03340902618254383,0.011765453973440627,0.008070473603949009,0.006870764521132711,0.005337273487673574,0.004574186514369358,0.002709051576198002,0.0011509092682166645,0.0007427360222391811,0.0004069535660229902,0.0002580787004985613,0.00016290992570850771,0.00013855289786130886,5.638444498183466e-05,2.771423667598622e-05]]","[[0.04042220047317362,0.01911310213473864,0.017330058605214773,0.010847046569662809,0.007597999275201929,0.004993422883534267,0.003912614599845819,0.003400033252725828,0.002652053826540009,0.0019887854321215255,0.0017500406016108779,0.0008073804188234965,0.0004960437791956784,0.00042791825757836175,0.0003138558937866391,0.00026645101913519876],[0.02791346170177321,0.016537812626456868,0.011877210133134567,0.004727778953198271,0.003923835528169607,0.0027586072125113464,0.002259394391437495,0.0014934882731825886,0.0007850894289015438,0.00048360097885730716]]",4.783473137666348,1.5782890171315183,0.37855159104903724,0.1286578501158513,0.33472558052272444,6.5752466796397e-05,0.32041379424296745,0.0010681421099721013,0.06155778915795613,0.04042220047317362,0.20857344394710367,0.21542569502309927,0.21045174985192716,16,5,2
9,MNISTConvNet,MNIST conv filters=16 kernel=5 stride=2 lr=1e-02,1.0,0.01,Muon,1,4,512,64,2.30257590900191,6.399609818652507e-05,0.84375,full_conv_patch_and_classifier_activation,2.3167090516171864,1.4153769223061277,1.6214379519983104,5.132382830451205e-05,8.039280458444819e-05,"[[0.001828293587760125,0.0005414687424762655,0.00032441438133711865,0.00020912364447255176,0.00014860029972563093,0.00010240370986552524,5.8029806083739914e-05,4.498306983994445e-05,3.424708674118355e-05,3.0338960812460826e-05,2.7331989803123246e-05,1.806855798104204e-05,1.5127971336525564e-05,1.252994398130817e-05,9.11784600681929e-06,4.0718090324802375e-06],[0.0022874172251045955,0.0003674413662258573,9.230196529010591e-05,5.729480266439633e-05,3.71132077772866e-05,3.3000633872081935e-05,3.0210600892230336e-05,1.8160910462922125e-05,9.794293984908025e-06,5.744507636111168e-20]]","[[390.49508151911226,195.7032235608191,163.85332786619975,123.87348519167585,96.9112556213114,91.86200157031035,74.23263594975835,60.67285521527967,49.51995634598056,48.39062975955221,45.78336309177383,37.842356514290785,35.73417151385935,30.64902850020215,29.86664571226451,28.87063668380468,26.407449145927636,24.807459652163995,23.691315232767103,21.848693291859362,19.95677372952212,18.946066130939002,16.947747813757786,15.78521018286518,13.945079448475957],[0.3238535460165986,0.037769140309657945,0.017022512959544468,0.01021240486037318,0.009912062486200685,0.007934723930143278,0.0054930214322955265,0.005160455204623928,0.0038873917370760036,0.0037001956660839426,0.0031107075714811474,0.0029335870623103813,0.002850212130193826,0.0022466249559156184,0.002006591416465844,0.0015644608872660796]]","[[0.010000000000000007,0.010000000000000004,0.010000000000000004,0.010000000000000002,0.010000000000000002,0.010000000000000002,0.010000000000000002,0.010000000000000002,0.010000000000000002,0.01,0.01,0.01,0.009999999999999998,0.009999999999999998,0.009999999999999998,0.009999999999999997],[0.010000000000000005,0.010000000000000004,0.010000000000000002,0.01,0.01,0.01,0.009999999999999998,0.009999999999999998,0.009999999999999998,0.009999999999999997]]",13.0,12.999999999999986,1.0,0.9999999999999989,0.9999999999999989,6.34088641353023e-05,0.4097785391010172,0.0012435501367717696,0.05099019513592785,0.010000000000000007,0.20857344394710364,0.2126612742730114,0.23224699986167252,16,5,2
8,MNISTConvNet,MNIST conv filters=16 kernel=5 stride=2 lr=1e-02,1.0,0.01,Adam,1,5,512,64,2.302515169475826,,0.908203125,full_conv_patch_and_classifier_activation,2.27024672300987,1.4154782035987266,1.626912321938074,2.8749718351746152e-05,4.914570279816854e-05,"[[0.0014333254305877532,0.0008425415683889712,0.0001709952750761472,0.00010711330979388346,9.602704583267253e-05,5.47190643555214e-05,4.631490673072943e-05,2.4258052028321698e-05,1.3175933915832703e-05,1.0492785929629006e-05,5.82353383282447e-06,2.0036669449925684e-06,1.4474490477253567e-06,7.857895816362825e-08,4.549849135579155e-23,2.976154222701254e-24],[0.0020198575514246524,0.0004909533892619008,9.743450094281414e-05,6.264422862075292e-05,2.702947045791516e-05,2.586834673196313e-05,1.593173072596139e-05,9.06645015622618e-06,1.1983724109209219e-06,3.633907688852212e-20]]","[[390.49508151911226,195.7032235608191,163.85332786619975,123.87348519167585,96.9112556213114,91.86200157031035,74.23263594975835,60.67285521527967,49.51995634598056,48.39062975955221,45.78336309177383,37.842356514290785,35.73417151385935,30.64902850020215,29.86664571226451,28.87063668380468,26.407449145927636,24.807459652163995,23.691315232767103,21.848693291859362,19.95677372952212,18.946066130939002,16.947747813757786,15.78521018286518,13.945079448475957],[0.38835483674280585,0.04912167978095325,0.019198221323530523,0.011970272355139363,0.007286767386173035,0.0058857635213353755,0.005367850759716268,0.003881153473809676,0.0008728622206318949,0.000774165093463284,0.00034338949040271387,0.00024897870385272454,0.00019696784467238018,1.5625774155143663e-05,2.570438034679432e-06,1.1893144830777305e-23]]",,,,,,,,,,,,,,0.25583820790052414,16,5,2
9,MNISTConvNet,MNIST conv filters=16 kernel=5 stride=2 lr=1e-02,1.0,0.01,Muon,1,5,512,64,2.302554732619332,,0.76171875,full_conv_patch_and_classifier_activation,3.1019535857441087,1.4148870471644954,2.1070861606411277,2.8134160913961113e-05,5.0703910326100686e-05,"[[0.0011252896436826773,0.0005759372866485351,0.0003725967853877959,0.00024290654252473256,0.00013977742893819093,8.0499646349188e-05,6.420797040405646e-05,5.613096087149866e-05,5.4382499681112265e-05,3.179210737471572e-05,2.5487958115729843e-05,2.0057041110027445e-05,1.6598709083174867e-05,1.1111031387711192e-05,1.0154581676230651e-05,3.684745298503007e-06],[0.0020831803176206377,0.00041717570040851194,0.00013527988459464995,9.762499893394904e-05,7.106725845593977e-05,3.289597113696162e-05,2.101262020127644e-05,1.8320282696529652e-05,1.3789741095634763e-05,4.7460466773648166e-20]]","[[390.49508151911226,195.7032235608191,163.85332786619975,123.87348519167585,96.9112556213114,91.86200157031035,74.23263594975835,60.67285521527967,49.51995634598056,48.39062975955221,45.78336309177383,37.842356514290785,35.73417151385935,30.64902850020215,29.86664571226451,28.87063668380468,26.407449145927636,24.807459652163995,23.691315232767103,21.848693291859362,19.95677372952212,18.946066130939002,16.947747813757786,15.78521018286518,13.945079448475957],[0.4020891203270249,0.04541829421885228,0.02144244683971956,0.015369288480014644,0.010645720377288143,0.007296291895506699,0.007230263418025789,0.0056645209825410305,0.004867087066007334,0.004126967659687041,0.003648692740785433,0.002986763606283605,0.00253425736819237,0.0019215085036820958,0.0015913390734172955,0.0012709995804168757]]",,,,,,,,,,,,,,0.2919914999511093,16,5,2
10,MNISTConvNet,MNIST conv filters=16 kernel=5 stride=2 lr=1e-02,1.0,0.01,Adam,2,0,512,64,2.302646390509808,0.00021414008921150085,0.8828125,full_conv_patch_and_classifier_activation,1.6915274600122774,1.4041205279651359,1.2085528242897046,3.820542311849846e-05,4.66886040786647e-05,"[[0.0028113115087590457,0.0004230734945394563,0.00022070863794514055,0.00020571725356071058,0.00014375052416662576,7.335805218047267e-05,7.261257702595369e-05,5.9334042295354784e-05,5.188285534595675e-05,4.583346851135077e-05,2.9195405859774114e-05,2.33262273588682e-05,2.1750663394916972e-05,1.6712405686742296e-05,6.851181244898163e-06,5.897919196099961e-06],[0.007494403016181925,0.0002975310299381351,0.00016254240659903277,0.00012627629263051775,8.136831645686944e-05,5.2788900854689345e-05,4.603111941635147e-05,3.0190503651043702e-05,1.1766744445527933e-05,2.8498795727256583e-19]]","[[390.1243794248421,193.04540387523517,163.96309140771794,123.32341245819842,96.54659266890104,92.30666111425151,74.51591546017586,61.32373016874431,50.70495561685686,48.894634164401396,45.65101788932086,38.14535327633893,36.03223047951664,30.617834545977644,30.007207647072015,28.47804701598164,26.264510724992817,24.693925469222563,23.34656646393843,21.51265791801151,19.862920821082756,18.683582433411566,16.836408396491933,15.681685322466798,13.847003962297682],[1.2140282767812476,0.03881507724855905,0.01864733051668311,0.014892834124135373,0.013263093359323937,0.01187751459742189,0.008917828926796474,0.007794541892447138,0.0063521164386974565,0.005745134258616932,0.005140097528652583,0.004099781421090579,0.0038022387477826295,0.003177194174212653,0.0028481809577048066,0.0024642565520057425]]","[[0.040791460295327396,0.010994837944861714,0.007536073418707954,0.003914135590598035,4.156705227237421e-05,9.404596212325988e-06,8.966614081709082e-07,7.769298382159295e-07,3.8152903678004243e-07,2.7345955000841196e-07,1.4078881486822096e-07,8.420277461567689e-08,5.393897547838963e-08,3.511114421156733e-08,1.1086214044686121e-08,1.0088924051162366e-08],[0.026694365395227813,0.005519638286092314,8.717203559742468e-06,9.656002856130032e-07,1.8481419242099185e-07,3.1398259275500134e-08,2.748876307029445e-08,2.1273345573936802e-08,9.125319066228002e-09,4.239135769928904e-09]]",1.777282946201893,1.0793724233087656,0.1372823923839641,0.08701242573194143,0.631768227710753,0.00023455279124902636,0.5726513111099948,0.004599958690563232,0.050990195135927854,0.040791460295327396,0.19810912757365914,0.19953595291604675,0.02831070893444121,16,5,2
11,MNISTConvNet,MNIST conv filters=16 kernel=5 stride=2 lr=1e-02,1.0,0.01,Muon,2,0,512,64,2.302646390509808,0.00012011588103177928,0.8828125,full_conv_patch_and_classifier_activation,1.6915274600122774,1.4041205279651359,1.2085528242897046,3.820542311849846e-05,4.66886040786647e-05,"[[0.0028113115087590457,0.0004230734945394563,0.00022070863794514055,0.00020571725356071058,0.00014375052416662576,7.335805218047267e-05,7.261257702595369e-05,5.9334042295354784e-05,5.188285534595675e-05,4.583346851135077e-05,2.9195405859774114e-05,2.33262273588682e-05,2.1750663394916972e-05,1.6712405686742296e-05,6.851181244898163e-06,5.897919196099961e-06],[0.007494403016181925,0.0002975310299381351,0.00016254240659903277,0.00012627629263051775,8.136831645686944e-05,5.2788900854689345e-05,4.603111941635147e-05,3.0190503651043702e-05,1.1766744445527933e-05,2.8498795727256583e-19]]","[[390.1243794248421,193.04540387523517,163.96309140771794,123.32341245819842,96.54659266890104,92.30666111425151,74.51591546017586,61.32373016874431,50.70495561685686,48.894634164401396,45.65101788932086,38.14535327633893,36.03223047951664,30.617834545977644,30.007207647072015,28.47804701598164,26.264510724992817,24.693925469222563,23.34656646393843,21.51265791801151,19.862920821082756,18.683582433411566,16.836408396491933,15.681685322466798,13.847003962297682],[1.2140282767812476,0.03881507724855905,0.01864733051668311,0.014892834124135373,0.013263093359323937,0.01187751459742189,0.008917828926796474,0.007794541892447138,0.0063521164386974565,0.005745134258616932,0.005140097528652583,0.004099781421090579,0.0038022387477826295,0.003177194174212653,0.0028481809577048066,0.0024642565520057425]]","[[0.010000000000000005,0.010000000000000005,0.010000000000000005,0.010000000000000005,0.010000000000000005,0.010000000000000005,0.010000000000000002,0.010000000000000002,0.010000000000000002,0.010000000000000002,0.01,0.009999999999999998,0.009999999999999998,0.009999999999999997,0.009999999999999997,0.009999999999999997],[0.010000000000000002,0.010000000000000002,0.010000000000000002,0.010000000000000002,0.009999999999999998,0.009999999999999998,0.009999999999999998,0.009999999999999998,0.009999999999999997,0.009999999999999997]]",13.0,12.999999999999993,0.9999999999999999,0.9999999999999996,0.9999999999999996,0.00012514214547245463,0.3055295709690955,0.0024542393912958195,0.050990195135927854,0.010000000000000005,0.19810912757365914,0.20871728826025693,0.05397758400067687,16,5,2
10,MNISTConvNet,MNIST conv filters=16 kernel=5 stride=2 lr=1e-02,1.0,0.01,Adam,2,1,512,64,2.3025755205756786,0.00021124207539147122,0.890625,full_conv_patch_and_classifier_activation,1.5924410044096557,1.4045887094649057,1.1607284008999115,3.3962341665233104e-05,4.2624749037935806e-05,"[[0.004004696324145481,0.0005231562368441432,0.0003125102573867503,0.0001957336924254762,0.00013259485315502144,0.00010837294669783517,9.366032487758185e-05,6.43751578862865e-05,5.827371594585406e-05,3.8189557249297856e-05,3.3435061952014984e-05,2.4650006221010316e-05,2.011923172711222e-05,1.3496019630675484e-05,7.457516668138452e-06,6.53643156762066e-06],[0.005834345494165417,0.00022343135719145367,0.00019888241465543718,0.0001237138198476504,7.19495456501361e-05,3.609202853906378e-05,3.1440653757896265e-05,2.6236908630116407e-05,9.967217098621715e-06,2.5292635362753815e-19]]","[[390.1243794248421,193.04540387523517,163.96309140771794,123.32341245819842,96.54659266890104,92.30666111425151,74.51591546017586,61.32373016874431,50.70495561685686,48.894634164401396,45.65101788932086,38.14535327633893,36.03223047951664,30.617834545977644,30.007207647072015,28.47804701598164,26.264510724992817,24.693925469222563,23.34656646393843,21.51265791801151,19.862920821082756,18.683582433411566,16.836408396491933,15.681685322466798,13.847003962297682],[1.0027990575191055,0.039988059146605165,0.021512441521658564,0.015331601113149263,0.01156828781240967,0.009524923287758249,0.007901499167634846,0.007531412620172002,0.005873574944181873,0.004852461375020814,0.0047677670079609245,0.004262935274424753,0.003535964876409914,0.0031180574859191942,0.0027998831745054964,0.0025486220166850595]]","[[0.04071667848542666,0.009781151456013274,0.0048740660686386,0.0034335982326381765,0.0026807781054272164,0.001480775856459529,0.0010946741823972986,0.0008401362856292424,0.0004855210734098678,0.0003909996753898932,0.00031004994694212087,0.0001801741074293008,0.0001227634439655425,7.682099451186527e-05,4.244415935086275e-05,2.7439303208968034e-05],[0.025353461857476372,0.005949959014570841,0.004294117678352382,0.002847658802612393,0.0008860281394703084,0.000577792934525102,0.00034991244006318714,0.000182009249849259,9.774609434142119e-05,6.621833729438423e-05]]",2.3968171232155875,1.0923310467155731,0.19358661645549807,0.08886533132709618,0.4561083547277871,0.000209124802673791,0.5868777737251764,0.004176714360278295,0.05006921341392783,0.04071667848542666,0.1941758056850318,0.19399972888232123,0.08387695904821157,16,5,2
11,MNISTConvNet,MNIST conv filters=16 kernel=5 stride=2 lr=1e-02,1.0,0.01,Muon,2,1,512,64,2.3026556733601913,0.00012149853765164309,0.8828125,full_conv_patch_and_classifier_activation,1.5946879745865066,1.404365409906259,1.1550502509372396,3.405938224144299e-05,4.1663536791504534e-05,"[[0.0036865590738468013,0.0006142688460777484,0.0002913499254833756,0.00014836915282257645,0.00013662760717504104,7.853506250673855e-05,6.678274491820104e-05,5.350198011527864e-05,4.865817683809062e-05,3.399909296346689e-05,3.054527698888961e-05,2.474527454329507e-05,1.7471371792837303e-05,1.6130171516629224e-05,9.99086184902245e-06,6.263133468381622e-06],[0.0066888904593420855,0.00023532804760180353,0.00018146130305210118,0.00012229874762799544,6.363810137787603e-05,5.0365977964829564e-05,3.477767392519209e-05,2.343655345485292e-05,1.5601770868981026e-05,6.013751558598746e-19]]","[[390.1243794248421,193.04540387523517,163.96309140771794,123.32341245819842,96.54659266890104,92.30666111425151,74.51591546017586,61.32373016874431,50.70495561685686,48.894634164401396,45.65101788932086,38.14535327633893,36.03223047951664,30.617834545977644,30.007207647072015,28.47804701598164,26.264510724992817,24.693925469222563,23.34656646393843,21.51265791801151,19.862920821082756,18.683582433411566,16.836408396491933,15.681685322466798,13.847003962297682],[1.147568140471565,0.040044135880645086,0.02121765178135186,0.017346856982355833,0.014740032723729701,0.013120034556678086,0.008533165263008503,0.007329158683730995,0.007145173608068912,0.005911475987169924,0.005459583516732407,0.004454738747167089,0.00396752613268143,0.0031851293457713513,0.003012821829969962,0.0024875711150820355]]","[[0.010000000000000005,0.010000000000000004,0.010000000000000004,0.010000000000000004,0.010000000000000002,0.010000000000000002,0.010000000000000002,0.01,0.01,0.01,0.01,0.01,0.009999999999999998,0.009999999999999998,0.009999999999999998,0.009999999999999997],[0.010000000000000002,0.01,0.01,0.009999999999999998,0.009999999999999998,0.009999999999999998,0.009999999999999997,0.009999999999999997,0.009999999999999997,0.009999999999999997]]",13.0,12.999999999999988,1.0,0.9999999999999991,0.9999999999999991,0.0001267959638812209,0.32383067804577925,0.002486673438750582,0.05099019513592785,0.010000000000000005,0.1941758056850318,0.20368131139372192,0.11736637493595481,16,5,2
10,MNISTConvNet,MNIST conv filters=16 kernel=5 stride=2 lr=1e-02,1.0,0.01,Adam,2,2,512,64,2.3026660330654143,8.215950194401245e-05,0.896484375,full_conv_patch_and_classifier_activation,1.8940709892944305,1.404116873491718,1.337315901014032,1.823929209059032e-05,2.365164762247384e-05,"[[0.00283234945531507,0.0007351664665363511,0.00037099626375186823,0.00019556035103634954,0.0001646094499669679,0.00010239693372656547,7.165310246336485e-05,4.694677476992257e-05,3.7896579412691957e-05,3.5603733574439255e-05,2.531151752506882e-05,1.928809928947397e-05,1.4530415845676241e-05,1.1237544907787142e-05,1.0100777777747533e-05,3.19228216575763e-06],[0.00532545642951057,0.00028368413437434263,0.00018916815417559327,8.859209118207385e-05,7.092687822830822e-05,4.5645745253750877e-05,4.065971041219923e-05,2.2762669513581887e-05,1.7240404135131824e-05,2.689354162609683e-19]]","[[390.1243794248421,193.04540387523517,163.96309140771794,123.32341245819842,96.54659266890104,92.30666111425151,74.51591546017586,61.32373016874431,50.70495561685686,48.894634164401396,45.65101788932086,38.14535327633893,36.03223047951664,30.617834545977644,30.007207647072015,28.47804701598164,26.264510724992817,24.693925469222563,23.34656646393843,21.51265791801151,19.862920821082756,18.683582433411566,16.836408396491933,15.681685322466798,13.847003962297682],[1.249898568023937,0.04125287943371065,0.02331973236400955,0.015087289854401713,0.00999920243340775,0.007925096922291158,0.007422161099929371,0.006447773176558604,0.005964961867960355,0.004411882431878779,0.004175111576146732,0.003581587376515573,0.0029947159825116807,0.002518523080882103,0.0018863444029469957,0.001291291435476918]]","[[0.039489509360746175,0.013150994057357956,0.006101188555376289,0.005022055932827296,0.003047056794970256,0.002482769884481545,0.001950525099221511,0.0012385725874444395,0.0008507960502954192,0.0007654368611133944,0.0005867929258117599,0.00042021706820201973,0.00036588582770021906,0.0001603495259459238,0.00011466495185460562,9.404369167115756e-05],[0.024623109774185775,0.008075029063043058,0.006042051032055409,0.0026508720975681266,0.0021067687335916993,0.0013790452237356498,0.0006676789411223919,0.0004277605194424598,0.00033505578216314606,0.00014174823369009456]]",3.0760894072719993,1.178316561828404,0.24827463813453216,0.095977214551905,0.38349251784303395,8.954281089982354e-05,0.29099557257921904,0.0017767852170748628,0.050395967975937275,0.039489509360746175,0.18817177753020525,0.18763745276213453,0.15466825012117624,16,5,2
11,MNISTConvNet,MNIST conv filters=16 kernel=5 stride=2 lr=1e-02,1.0,0.01,Muon,2,2,512,64,2.3026106331977725,0.00010077353157988966,0.822265625,full_conv_patch_and_classifier_activation,1.921930835746064,1.4047297337830496,1.3753220986457104,1.817771782148922e-05,2.5453879957957617e-05,"[[0.0029977849288028127,0.0006217572100777484,0.00036950206355112976,0.000256478245458362,0.00015592664662718582,0.0001253209129610692,7.431428933404566e-05,5.4959312177635e-05,4.6493023306012234e-05,3.764086831106413e-05,2.5302808094983774e-05,2.45826916382228e-05,2.0536040838328644e-05,1.4289397103280475e-05,1.216307603356502e-05,9.63064216627239e-06],[0.0045779004057832536,0.0002979564305817566,0.00019400535785100192,0.00013825231323504996,8.245997322309894e-05,5.531793068975231e-05,4.602398864950634e-05,2.9963646165060143e-05,2.4080572288307587e-05,2.0993496605468984e-19]]","[[390.1243794248421,193.04540387523517,163.96309140771794,123.32341245819842,96.54659266890104,92.30666111425151,74.51591546017586,61.32373016874431,50.70495561685686,48.894634164401396,45.65101788932086,38.14535327633893,36.03223047951664,30.617834545977644,30.007207647072015,28.47804701598164,26.264510724992817,24.693925469222563,23.34656646393843,21.51265791801151,19.862920821082756,18.683582433411566,16.836408396491933,15.681685322466798,13.847003962297682],[1.077800855748177,0.041946164040642574,0.025736197433484032,0.01930305904673144,0.015971624358556234,0.013515549011379094,0.009061533192212883,0.007537383437083062,0.0064869426363199974,0.005701939108360275,0.005048784237769287,0.0046934550611308625,0.0036857505985268034,0.003452163664845578,0.003240253132356439,0.002301892554831165]]","[[0.010000000000000009,0.010000000000000007,0.010000000000000005,0.010000000000000004,0.010000000000000004,0.010000000000000004,0.010000000000000004,0.010000000000000004,0.010000000000000004,0.010000000000000002,0.010000000000000002,0.010000000000000002,0.010000000000000002,0.010000000000000002,0.010000000000000002,0.009999999999999995],[0.010000000000000005,0.010000000000000004,0.010000000000000002,0.010000000000000002,0.01,0.01,0.01,0.01,0.01,0.009999999999999998]]",12.999999999999996,12.999999999999988,0.9999999999999998,0.9999999999999991,0.9999999999999993,0.00010292642774948503,0.3640372179600344,0.002018553321380854,0.050990195135927854,0.010000000000000009,0.18817177753020528,0.19657211504387317,0.18184125004336238,16,5,2
10,MNISTConvNet,MNIST conv filters=16 kernel=5 stride=2 lr=1e-02,1.0,0.01,Adam,2,3,512,64,2.302759389349028,8.789565925271248e-05,0.884765625,full_conv_patch_and_classifier_activation,1.6094106571424456,1.4038292372970633,1.169991848333959,1.87273200603737e-05,2.3448578573964945e-05,"[[0.002976545281691718,0.0004732250052400505,0.0002005269518450456,0.00018970723367117218,8.436739836430654e-05,8.105295481870339e-05,6.326864185672214e-05,4.0002473447587864e-05,3.4936082762962464e-05,3.0309024553038592e-05,2.346940535875757e-05,1.8101789679736412e-05,1.5469635820265897e-05,9.02480390365464e-06,6.019121026029958e-06,1.9558906825276817e-06],[0.006362843056375421,0.0002899827397295732,0.00023500634305625209,0.0001002641527856458,5.851417976353251e-05,3.500034379393878e-05,2.432140961231172e-05,2.1060045284270815e-05,1.0931434368263787e-05,1.974950039996475e-19]]","[[390.1243794248421,193.04540387523517,163.96309140771794,123.32341245819842,96.54659266890104,92.30666111425151,74.51591546017586,61.32373016874431,50.70495561685686,48.894634164401396,45.65101788932086,38.14535327633893,36.03223047951664,30.617834545977644,30.007207647072015,28.47804701598164,26.264510724992817,24.693925469222563,23.34656646393843,21.51265791801151,19.862920821082756,18.683582433411566,16.836408396491933,15.681685322466798,13.847003962297682],[1.4731425982372268,0.03552570994396354,0.031702689051450156,0.013076346874571812,0.009549685491215366,0.006841750343312658,0.00592946591208936,0.00520666894134409,0.004043021409867449,0.0037077973766105614,0.003390118728332188,0.0029427655204664767,0.0018434941749806795,0.0011664644711574645,0.0008672820423578476,0.0006908748029223026]]","[[0.03984576112951229,0.01586089451018094,0.0074618113780774535,0.005792325731048168,0.003376343346909314,0.003197375661619487,0.0018671538966681966,0.0013640697706638716,0.0009558701339317806,0.0007141876711395499,0.0006041993228995954,0.0004767987868969269,0.00039341442637526433,0.00018530356090687075,0.00014086963687741938,9.835567995282353e-05],[0.022479512947751565,0.012099781469040043,0.007478673823923257,0.003782557396503054,0.0024369028788838874,0.0018700671443729064,0.0010215041173388753,0.000912408999504624,0.0006341885836644326,0.0002391476839643951]]",3.642273910596884,1.342528060621202,0.29930056006514183,0.11113320881144906,0.3680085705715782,0.00010008337119349292,0.27330839067556906,0.0019291696656486496,0.051878988652789976,0.03984576112951229,0.18364744076025669,0.18174229748768278,0.21281670895405114,16,5,2
11,MNISTConvNet,MNIST conv filters=16 kernel=5 stride=2 lr=1e-02,1.0,0.01,Muon,2,3,512,64,2.3025791097914916,0.00010063456066733423,0.78515625,full_conv_patch_and_classifier_activation,2.1087451941733573,1.4050937307969484,1.4821747978111612,1.9553044088051454e-05,2.7706936507938976e-05,"[[0.002614307083009426,0.0006737567093582769,0.0003728720873176309,0.0002040386180691531,0.00015255596864271228,0.00013613617640787068,8.79405004404042e-05,7.5985944938502e-05,6.863535178628387e-05,5.923810361164885e-05,4.245078699066404e-05,3.297395654505919e-05,2.4404665748242144e-05,1.9903665644903694e-05,1.5347198217214734e-05,9.310300363342041e-06],[0.004707751031951737,0.00034992925209159035,0.00022451530744581268,0.00012162663034607624,7.461229979742274e-05,6.92208039008717e-05,4.575204381385897e-05,2.583015816735989e-05,2.0776474769821417e-05,2.925721416535203e-19]]","[[390.1243794248421,193.04540387523517,163.96309140771794,123.32341245819842,96.54659266890104,92.30666111425151,74.51591546017586,61.32373016874431,50.70495561685686,48.894634164401396,45.65101788932086,38.14535327633893,36.03223047951664,30.617834545977644,30.007207647072015,28.47804701598164,26.264510724992817,24.693925469222563,23.34656646393843,21.51265791801151,19.862920821082756,18.683582433411566,16.836408396491933,15.681685322466798,13.847003962297682],[1.0694716516973444,0.04265954187814169,0.035834818025980764,0.020552774872194306,0.016033538838975167,0.01359988261247091,0.009213757341645463,0.008192922253031577,0.00734171845498503,0.00633384754963167,0.005711468351573469,0.004328257820668985,0.004105407388263828,0.0036981368311096736,0.0034027014735805994,0.0022044441754350066]]","[[0.010000000000000002,0.010000000000000002,0.010000000000000002,0.009999999999999998,0.009999999999999998,0.009999999999999998,0.009999999999999998,0.009999999999999998,0.009999999999999997,0.009999999999999995,0.009999999999999995,0.009999999999999995,0.009999999999999995,0.009999999999999995,0.009999999999999992,0.009999999999999992],[0.010000000000000005,0.010000000000000005,0.010000000000000005,0.010000000000000004,0.010000000000000002,0.01,0.009999999999999997,0.009999999999999997,0.009999999999999997,0.009999999999999995]]",13.0,12.999999999999986,1.0,0.999999999999999,0.999999999999999,0.00010229871119375885,0.36689357045239496,0.002006242786893727,0.05099019513592785,0.010000000000000005,0.1836474407602567,0.1898485361102763,0.23688345891423523,16,5,2
10,MNISTConvNet,MNIST conv filters=16 kernel=5 stride=2 lr=1e-02,1.0,0.01,Adam,2,4,512,64,2.302299148532234,0.0002051878407578478,0.88671875,full_conv_patch_and_classifier_activation,1.6022052162550313,1.4040004676622206,1.156369824335718,2.9275762278167756e-05,3.540597603912648e-05,"[[0.00385646190333564,0.0006310279912554659,0.0003297016254849106,0.00024650401397758394,0.0001615975641310841,8.876758284602619e-05,5.94270459145578e-05,5.365879757506406e-05,3.636219252359129e-05,2.553047983514846e-05,2.482901150068587e-05,1.973705416520889e-05,1.1910396934043864e-05,4.844158878905888e-06,4.127760823339044e-06,7.083522898282016e-07],[0.008182735280248222,0.0003916799615467755,0.0002557861046839605,8.449504863282294e-05,3.253456308998863e-05,2.7410360964248035e-05,2.0759316759582166e-05,1.7865636664966843e-05,7.980880991262284e-06,4.957803418245517e-19]]","[[390.1243794248421,193.04540387523517,163.96309140771794,123.32341245819842,96.54659266890104,92.30666111425151,74.51591546017586,61.32373016874431,50.70495561685686,48.894634164401396,45.65101788932086,38.14535327633893,36.03223047951664,30.617834545977644,30.007207647072015,28.47804701598164,26.264510724992817,24.693925469222563,23.34656646393843,21.51265791801151,19.862920821082756,18.683582433411566,16.836408396491933,15.681685322466798,13.847003962297682],[1.514904528913369,0.0453909968595731,0.0345310477882275,0.011928910574685366,0.01057248998744701,0.005727679623298959,0.00537736400432913,0.004652654453299244,0.003992167668362839,0.0037035852481000675,0.002860480818519249,0.0024071995343332426,0.001073692514539043,0.0006365735225950234,0.00036547509753350295,5.419485012553048e-05]]","[[0.037307419217475477,0.016306304693358954,0.012582661207548928,0.007125437111601606,0.0038347656982736862,0.0029576947322377035,0.0027337615089269964,0.0014796576170941318,0.0009565568144739865,0.000767473410415447,0.0007167535526094094,0.0005342466583173815,0.0004346702531074685,0.0002238532991542795,0.00017557370219739173,0.00012042211020513966],[0.025264651803330398,0.012313028218765494,0.009079525325072293,0.004032337878076551,0.0022381957816262088,0.0020538000190310586,0.0014791797798839495,0.0008527966072267862,0.0005953827919491392,0.00028461647729974553]]",3.92599045141917,1.3893860075082431,0.315833080886642,0.11330885971316829,0.35479072499246056,0.00017999116486623452,0.37386189720042134,0.0033992515652416216,0.052950233724005244,0.037307419217475477,0.176162894872963,0.1788385673036232,0.2632957089226693,16,5,2
11,MNISTConvNet,MNIST conv filters=16 kernel=5 stride=2 lr=1e-02,1.0,0.01,Muon,2,4,512,64,2.302518112792846,0.00013976444777918928,0.87109375,full_conv_patch_and_classifier_activation,1.727372104949251,1.4056549453241545,1.2628137548582288,3.0026668148843317e-05,4.149254604010775e-05,"[[0.004849498204568086,0.0007907222912812578,0.0003861964188797142,0.00032848844451177796,0.00016906065595829976,0.00014543485808847994,0.00010281633507986217,9.027714498054812e-05,6.507506775094894e-05,5.317334391268326e-05,3.7180437458109125e-05,2.8519652103934456e-05,2.3423041475979327e-05,1.944099477664322e-05,1.2490135853099678e-05,9.90446566900485e-06],[0.005834149149203116,0.00044957424984402855,0.00026855660005872345,0.000136264278564003,7.49627287287115e-05,5.4517004138578484e-05,4.360109926038399e-05,2.4688040337169987e-05,1.929175080598198e-05,6.087492674657525e-19]]","[[390.1243794248421,193.04540387523517,163.96309140771794,123.32341245819842,96.54659266890104,92.30666111425151,74.51591546017586,61.32373016874431,50.70495561685686,48.894634164401396,45.65101788932086,38.14535327633893,36.03223047951664,30.617834545977644,30.007207647072015,28.47804701598164,26.264510724992817,24.693925469222563,23.34656646393843,21.51265791801151,19.862920821082756,18.683582433411566,16.836408396491933,15.681685322466798,13.847003962297682],[1.0694431806517894,0.04885694300893298,0.043226223429115404,0.02080997181440685,0.01676577249952799,0.015177060553842969,0.01028517391987822,0.009380328968612886,0.0071760284448375644,0.006631031232290188,0.005702910854770611,0.004839159240843531,0.004204486656917601,0.0038338188634290844,0.0035221677275691287,0.0025138917892762198]]","[[0.010000000000000002,0.010000000000000002,0.01,0.01,0.01,0.009999999999999998,0.009999999999999998,0.009999999999999998,0.009999999999999998,0.009999999999999998,0.009999999999999997,0.009999999999999997,0.009999999999999997,0.009999999999999995,0.009999999999999995,0.009999999999999992],[0.010000000000000005,0.010000000000000005,0.010000000000000005,0.010000000000000004,0.010000000000000002,0.01,0.009999999999999998,0.009999999999999997,0.009999999999999997,0.009999999999999997]]",13.0,12.99999999999999,1.0,0.9999999999999991,0.9999999999999991,0.0001401730639328913,0.3584378918151265,0.002749019954899622,0.05099019513592784,0.010000000000000005,0.17616289487296297,0.18062658457388792,0.28788416692987084,16,5,2
10,MNISTConvNet,MNIST conv filters=16 kernel=5 stride=2 lr=1e-02,1.0,0.01,Adam,2,5,512,64,2.3022070258711542,,0.88671875,full_conv_patch_and_classifier_activation,1.6828958337168884,1.4040067223162662,1.2205506453707229,2.5405841371063266e-05,3.295145079888672e-05,"[[0.004279988000499076,0.0006982439680513063,0.0005563593180636384,0.0003340383339300111,0.0001314737951003358,8.365070578652188e-05,6.920489873901805e-05,6.600053883530243e-05,3.673414347097893e-05,1.9580625857930306e-05,1.399003160377166e-05,9.37723034353478e-06,6.6857144345487205e-06,2.770944360107892e-06,1.3296217473694658e-06,9.283281471145242e-08],[0.009462680687800444,0.0007218180387067061,0.0003791920442199169,0.0001230302611351861,6.277233752194347e-05,3.959654520973933e-05,2.4075493322804315e-05,1.063511572295374e-05,2.7188172893290796e-06,3.6959452590644773e-19]]","[[390.1243794248421,193.04540387523517,163.96309140771794,123.32341245819842,96.54659266890104,92.30666111425151,74.51591546017586,61.32373016874431,50.70495561685686,48.894634164401396,45.65101788932086,38.14535327633893,36.03223047951664,30.617834545977644,30.007207647072015,28.47804701598164,26.264510724992817,24.693925469222563,23.34656646393843,21.51265791801151,19.862920821082756,18.683582433411566,16.836408396491933,15.681685322466798,13.847003962297682],[1.8845432449705222,0.06077045385223911,0.03956679043251313,0.013383365575440561,0.010654182302162354,0.005842041394323882,0.005103234177440447,0.004524995803320142,0.0038664139475661293,0.0034992611112662844,0.002542629453899537,0.001987750190229684,0.0009432216123317628,0.0003899744583244762,0.00011127784413490404,1.432197708530707e-06]]",,,,,,,,,,,,,,0.31338504212908447,16,5,2
11,MNISTConvNet,MNIST conv filters=16 kernel=5 stride=2 lr=1e-02,1.0,0.01,Muon,2,5,512,64,2.302463265396518,,0.904296875,full_conv_patch_and_classifier_activation,2.1575808482934704,1.4055878297214641,1.5389728141075647,2.6037401869445424e-05,4.043336102325843e-05,"[[0.0037106655480003644,0.0009159431204692775,0.0004665331981061185,0.0003839001755527804,0.00025396489589801904,0.0001845516681309174,0.00013771753960971635,0.00010162850669276474,7.228905577331903e-05,6.092856629071612e-05,5.531470568656168e-05,4.1586693049476984e-05,3.0968093780419356e-05,1.8152402333447325e-05,1.0976837491634349e-05,8.011293508357255e-06],[0.005733175879480511,0.0006115581346983335,0.0004187941257639506,0.00013922179417182382,0.00010727872417565992,8.510517301609468e-05,6.224313422315125e-05,3.6038366523842773e-05,3.236598945051654e-05,2.062423482257167e-19]]","[[390.1243794248421,193.04540387523517,163.96309140771794,123.32341245819842,96.54659266890104,92.30666111425151,74.51591546017586,61.32373016874431,50.70495561685686,48.894634164401396,45.65101788932086,38.14535327633893,36.03223047951664,30.617834545977644,30.007207647072015,28.47804701598164,26.264510724992817,24.693925469222563,23.34656646393843,21.51265791801151,19.862920821082756,18.683582433411566,16.836408396491933,15.681685322466798,13.847003962297682],[1.13366511264878,0.051880803372887974,0.04621021133862324,0.020031391661963428,0.01714923234185434,0.014738521401396205,0.009305871923816716,0.008830449513146977,0.00792644268094232,0.0067616861252089095,0.005419519860917843,0.004551586679864956,0.004216234857294887,0.0038026329695816192,0.003507062417817452,0.002958516992999723]]",,,,,,,,,,,,,,0.33639412513002753,16,5,2
12,MNISTConvNet,MNIST conv filters=16 kernel=7 stride=2 lr=3e-03,1.0,0.003,Adam,0,0,512,64,2.3025179403532103,6.362610024179816e-05,0.9140625,full_conv_patch_and_classifier_activation,1.8697810378928086,1.574514396535812,1.2761848681273187,3.364401057209469e-05,5.123722645285146e-05,"[[0.0053939618091053574,0.0005417210008437489,0.000519571587628762,0.0003791500151734582,0.0002460526436759503,0.00023724082679386883,0.00020581937563589095,0.00013913721565453514,0.00011714943357574434,8.371771365619585e-05,7.06845090951005e-05,5.8860528616180175e-05,5.4367695952214765e-05,3.5873440053605534e-05,2.6099084496976173e-05,2.273165950661028e-05],[0.005079329318041153,0.000399006285369819,0.00031974646843195803,0.0001910989037955077,0.0001326216852980696,9.357570946175399e-05,6.463558002693803e-05,3.855691979557628e-05,1.7276966641672673e-05,2.551672752608272e-19]]","[[501.2838233391682,262.2017225172453,218.1407633790149,186.02700311640524,147.75599578714636,138.38247544402535,128.9878921443775,103.37825115797077,90.95939908651006,87.84597773104926,87.33219965821304,71.10863014115188,64.43283364430818,60.29015968703359,53.96933331596295,53.46116945814087,49.746075554058784,44.58815232110708,42.30940499248376,41.59294146216923,36.01046266244356,35.19286777706035,35.053991209895024,33.25998106648406,30.96326156100716,30.180863787964302,29.604531865687306,27.170536306251982,26.668823950712493,26.406102919582295,25.444833074128553,24.42460911602404,24.281607561868398,23.73533960749352,22.87219660342007,21.957780585006265,21.07305078050606,20.22909606158655,19.887087711759282,19.617172997771313,18.364194517488897,17.763809500157663,16.895965588973063,16.854987836657727,15.835998162763424,15.156575697838418,14.463423920452072,13.855967068711701,12.833280340345743],[0.8812830249324684,0.06121876339740189,0.03231889248118545,0.026424545730266057,0.01913942231294876,0.01596593878385534,0.012045735997597264,0.010999831501932964,0.009961851802162872,0.009240184016953019,0.008812629440036605,0.007571121226949473,0.006460830607043151,0.006162473175369605,0.004702259203524316,0.003942209484094159]]","[[0.012205229128818459,0.0038585173106370327,0.003162612824854217,0.003083285329785074,0.0022175515972408374,0.0015727681936637122,0.0013617924149335328,0.0009547403359855219,0.0008393512174910051,2.6831616723555614e-06,2.0257121553039418e-06,7.162963550906371e-07,1.9899656409657303e-07,9.484413018178168e-08,3.349608094530876e-08,1.6319492617176743e-08],[0.0058481309868232065,0.001669206438337245,0.0012684524439795486,0.001085327067284987,4.6856832733672745e-07,1.77206227686095e-07,4.16970695008967e-08,1.744403512504544e-08,1.0047092297848272e-08,4.3126352067587396e-09]]",3.429332211588669,1.2333848594338201,0.26027423174132847,0.09889195568113224,0.3851956010350641,6.427194632548783e-05,0.5607352481168781,0.004201588570387826,0.015297058540778357,0.012205229128818459,0.049321736671764184,0.04999801840658975,0.06442862492986023,16,7,2
13,MNISTConvNet,MNIST conv filters=16 kernel=7 stride=2 lr=3e-03,1.0,0.003,Muon,0,0,512,64,2.3025179403532103,4.427314458599341e-05,0.9140625,full_conv_patch_and_classifier_activation,1.8697810378928086,1.574514396535812,1.2761848681273187,3.364401057209469e-05,5.123722645285146e-05,"[[0.0053939618091053574,0.0005417210008437489,0.000519571587628762,0.0003791500151734582,0.0002460526436759503,0.00023724082679386883,0.00020581937563589095,0.00013913721565453514,0.00011714943357574434,8.371771365619585e-05,7.06845090951005e-05,5.8860528616180175e-05,5.4367695952214765e-05,3.5873440053605534e-05,2.6099084496976173e-05,2.273165950661028e-05],[0.005079329318041153,0.000399006285369819,0.00031974646843195803,0.0001910989037955077,0.0001326216852980696,9.357570946175399e-05,6.463558002693803e-05,3.855691979557628e-05,1.7276966641672673e-05,2.551672752608272e-19]]","[[501.2838233391682,262.2017225172453,218.1407633790149,186.02700311640524,147.75599578714636,138.38247544402535,128.9878921443775,103.37825115797077,90.95939908651006,87.84597773104926,87.33219965821304,71.10863014115188,64.43283364430818,60.29015968703359,53.96933331596295,53.46116945814087,49.746075554058784,44.58815232110708,42.30940499248376,41.59294146216923,36.01046266244356,35.19286777706035,35.053991209895024,33.25998106648406,30.96326156100716,30.180863787964302,29.604531865687306,27.170536306251982,26.668823950712493,26.406102919582295,25.444833074128553,24.42460911602404,24.281607561868398,23.73533960749352,22.87219660342007,21.957780585006265,21.07305078050606,20.22909606158655,19.887087711759282,19.617172997771313,18.364194517488897,17.763809500157663,16.895965588973063,16.854987836657727,15.835998162763424,15.156575697838418,14.463423920452072,13.855967068711701,12.833280340345743],[0.8812830249324684,0.06121876339740189,0.03231889248118545,0.026424545730266057,0.01913942231294876,0.01596593878385534,0.012045735997597264,0.010999831501932964,0.009961851802162872,0.009240184016953019,0.008812629440036605,0.007571121226949473,0.006460830607043151,0.006162473175369605,0.004702259203524316,0.003942209484094159]]","[[0.0030000000000000027,0.0030000000000000014,0.003000000000000001,0.003000000000000001,0.0030000000000000005,0.0030000000000000005,0.0030000000000000005,0.003,0.003,0.0029999999999999996,0.002999999999999999,0.002999999999999999,0.002999999999999999,0.0029999999999999983,0.0029999999999999975,0.0029999999999999975],[0.0030000000000000022,0.0030000000000000014,0.003000000000000001,0.0030000000000000005,0.0030000000000000005,0.003,0.003,0.003,0.0029999999999999988,0.0029999999999999983]]",13.000000000000004,12.999999999999979,1.0000000000000002,0.9999999999999984,0.9999999999999982,4.340395912897995e-05,0.37867423009394435,0.002837405571357083,0.015297058540778353,0.0030000000000000027,0.04932173667176418,0.0594517920885396,0.1129746250808239,16,7,2
12,MNISTConvNet,MNIST conv filters=16 kernel=7 stride=2 lr=3e-03,1.0,0.003,Adam,0,1,512,64,2.302464637030054,8.345449163638108e-05,0.9140625,full_conv_patch_and_classifier_activation,1.8208437141842175,1.574800192650085,1.2384206846223655,3.6563398677697825e-05,5.3649437028194376e-05,"[[0.006554389408874736,0.0009492966503950171,0.0006227562512562843,0.0004248452527695679,0.000262607193359109,0.00019228053870713334,0.00017599638337778618,0.00015126173926182374,0.00011969906750863221,9.568985120740371e-05,7.770374193812789e-05,6.573147168315308e-05,4.9631421003329014e-05,3.082351288340224e-05,2.830198463359624e-05,1.865194892736272e-05],[0.005546061356349614,0.00046208694132357075,0.0002778235498435546,0.0001483766445613326,0.00010572411153884804,9.022473756517863e-05,7.161287945800819e-05,4.943372610778643e-05,3.533834693994766e-05,2.709497511507131e-19]]","[[501.2838233391682,262.2017225172453,218.1407633790149,186.02700311640524,147.75599578714636,138.38247544402535,128.9878921443775,103.37825115797077,90.95939908651006,87.84597773104926,87.33219965821304,71.10863014115188,64.43283364430818,60.29015968703359,53.96933331596295,53.46116945814087,49.746075554058784,44.58815232110708,42.30940499248376,41.59294146216923,36.01046266244356,35.19286777706035,35.053991209895024,33.25998106648406,30.96326156100716,30.180863787964302,29.604531865687306,27.170536306251982,26.668823950712493,26.406102919582295,25.444833074128553,24.42460911602404,24.281607561868398,23.73533960749352,22.87219660342007,21.957780585006265,21.07305078050606,20.22909606158655,19.887087711759282,19.617172997771313,18.364194517488897,17.763809500157663,16.895965588973063,16.854987836657727,15.835998162763424,15.156575697838418,14.463423920452072,13.855967068711701,12.833280340345743],[0.9222647430515412,0.0678860073167798,0.034444677521595087,0.02795424181766925,0.020167498086888846,0.01548345356468352,0.012046956764304766,0.011404806190170797,0.010530545010473772,0.009521574148059542,0.00828382489732851,0.007227877509867779,0.006813471395814619,0.00600432077191081,0.005538230690689726,0.003989481904087902]]","[[0.013347728082844946,0.00269015895158005,0.0024446750858170556,0.0019396467000186391,0.001399337860015147,0.0010850834162905267,0.0008935550216769893,0.0006844476972481931,0.00036032973155120736,0.00022130457771463987,0.00017043514970627622,9.537249083598844e-05,8.321637350037405e-05,7.32594616379854e-05,2.480516655382722e-05,1.489994582364978e-05],[0.005406084051133799,0.0017798907614512028,0.0009740984371112209,0.000713632765549626,0.00031278555728154133,0.0002629002824466693,0.00012811660892825155,0.00012558894511026567,5.9382617602280205e-05,1.1870543107291836e-05]]",3.0338180678671396,1.143256723102406,0.24221535966344804,0.09330159859724331,0.3795338140190107,7.962762136168582e-05,0.5984007512126027,0.005207371195139762,0.015291328076632086,0.013347728082844946,0.04918949182691688,0.04822952345797739,0.16409799992106855,16,7,2
13,MNISTConvNet,MNIST conv filters=16 kernel=7 stride=2 lr=3e-03,1.0,0.003,Muon,0,1,512,64,2.302493083340664,5.0626465564640455e-05,0.9140625,full_conv_patch_and_classifier_activation,1.817398963519298,1.5744838621711197,1.2410560949341263,3.6618743981939925e-05,5.4288629945528554e-05,"[[0.006439724818368825,0.0008983564370505332,0.0004938588280008982,0.0004333964068927632,0.00022577599580533066,0.00021015519056859303,0.0001902364879069738,0.00018014302995752435,0.00012857271920965955,0.0001010208200528229,8.165456610473519e-05,6.825334297092671e-05,5.297383522399073e-05,3.474644666100876e-05,2.729695324428905e-05,1.5653716819389572e-05],[0.005554952004344947,0.0004660882987148234,0.00029897709841289,0.00015729908385074757,0.00010231592656376595,8.926674988588778e-05,7.073715190766949e-05,5.835291783906646e-05,3.4545304214767115e-05,1.5754490522421145e-19]]","[[501.2838233391682,262.2017225172453,218.1407633790149,186.02700311640524,147.75599578714636,138.38247544402535,128.9878921443775,103.37825115797077,90.95939908651006,87.84597773104926,87.33219965821304,71.10863014115188,64.43283364430818,60.29015968703359,53.96933331596295,53.46116945814087,49.746075554058784,44.58815232110708,42.30940499248376,41.59294146216923,36.01046266244356,35.19286777706035,35.053991209895024,33.25998106648406,30.96326156100716,30.180863787964302,29.604531865687306,27.170536306251982,26.668823950712493,26.406102919582295,25.444833074128553,24.42460911602404,24.281607561868398,23.73533960749352,22.87219660342007,21.957780585006265,21.07305078050606,20.22909606158655,19.887087711759282,19.617172997771313,18.364194517488897,17.763809500157663,16.895965588973063,16.854987836657727,15.835998162763424,15.156575697838418,14.463423920452072,13.855967068711701,12.833280340345743],[0.9233028476817556,0.06493448770684236,0.0332789379838768,0.027809874393572007,0.019451400022824125,0.01597536985299884,0.012111112097478288,0.011105219690097782,0.009894890852446953,0.009124433521862884,0.007992810335143794,0.007430065431385515,0.0068483995206726584,0.006278558915042398,0.004762318792603312,0.004231446890086699]]","[[0.003000000000000003,0.003000000000000001,0.003000000000000001,0.003000000000000001,0.003000000000000001,0.003000000000000001,0.0030000000000000005,0.0030000000000000005,0.0029999999999999996,0.0029999999999999996,0.0029999999999999996,0.0029999999999999996,0.0029999999999999996,0.002999999999999999,0.0029999999999999988,0.002999999999999998],[0.0030000000000000014,0.003000000000000001,0.003000000000000001,0.0030000000000000005,0.0030000000000000005,0.0030000000000000005,0.0029999999999999996,0.0029999999999999996,0.002999999999999999,0.0029999999999999983]]",13.0,12.99999999999998,1.0,0.9999999999999987,0.9999999999999987,4.92430623917185e-05,0.37388029720035054,0.0032191196928774302,0.01529705854077836,0.003000000000000003,0.04918949182691687,0.058923004869409615,0.21232299995608628,16,7,2
12,MNISTConvNet,MNIST conv filters=16 kernel=7 stride=2 lr=3e-03,1.0,0.003,Adam,0,2,512,64,2.3027039811961045,2.905511279172046e-05,0.9140625,full_conv_patch_and_classifier_activation,1.8420064805446053,1.5738311504910056,1.2698859567539502,3.171231828686645e-05,4.903736600351523e-05,"[[0.005921111114300333,0.0006890968233173376,0.0005480239519353014,0.00035757928846587305,0.0003167127912220676,0.00018847893196379296,0.00016876314096182432,0.000147116023940375,0.00010385247888871309,8.409598688652881e-05,6.378753947930848e-05,5.721669083949832e-05,4.732722776677044e-05,3.30145613288679e-05,2.541430361473462e-05,1.8994921680228745e-05],[0.0059441036132640195,0.0006328145706079192,0.0003283124606006498,0.00023429945445597027,0.00014006546137560147,7.266040436233573e-05,6.301797426013201e-05,3.928249723031963e-05,2.6463352760577416e-05,3.721296869304407e-19]]","[[501.2838233391682,262.2017225172453,218.1407633790149,186.02700311640524,147.75599578714636,138.38247544402535,128.9878921443775,103.37825115797077,90.95939908651006,87.84597773104926,87.33219965821304,71.10863014115188,64.43283364430818,60.29015968703359,53.96933331596295,53.46116945814087,49.746075554058784,44.58815232110708,42.30940499248376,41.59294146216923,36.01046266244356,35.19286777706035,35.053991209895024,33.25998106648406,30.96326156100716,30.180863787964302,29.604531865687306,27.170536306251982,26.668823950712493,26.406102919582295,25.444833074128553,24.42460911602404,24.281607561868398,23.73533960749352,22.87219660342007,21.957780585006265,21.07305078050606,20.22909606158655,19.887087711759282,19.617172997771313,18.364194517488897,17.763809500157663,16.895965588973063,16.854987836657727,15.835998162763424,15.156575697838418,14.463423920452072,13.855967068711701,12.833280340345743],[1.0643762360286795,0.07151062737636855,0.03387605342148232,0.02786812604581746,0.01991829797238864,0.014768311924846799,0.013589252202937312,0.011245654058572327,0.010315940182827126,0.009067967870694651,0.008453071559739877,0.007445065458476861,0.006250882059512209,0.005908268998905839,0.005106513605669582,0.0036000989484306933]]","[[0.01315506046693126,0.0031991382704513426,0.0029171279141749665,0.0024093378734578556,0.0016668978346223002,0.0010701277423817005,0.0008300896961352738,0.0007194307483307423,0.0005519900809723118,0.0005080032458549261,0.0003399538713776063,0.0002375913575009999,0.00017807016765372647,0.0001399583862596666,0.00011341946600615054,6.668256467576434e-05],[0.0048994441555686614,0.0019343787955691913,0.0015510996047593878,0.000629793460668232,0.0004415086095971182,0.00042292165618344215,0.0003423684171065893,0.00025459693277699497,0.0001776016990178488,4.659854716890411e-05]]",3.7786140036983658,1.2366671733468992,0.3051074467278907,0.10161401090808711,0.32794837366059,2.9877577456450755e-05,0.22968277126038997,0.0019503396771554397,0.015319166095224523,0.01315506046693126,0.049046706272576804,0.04715080808766489,0.2689712920691818,16,7,2
13,MNISTConvNet,MNIST conv filters=16 kernel=7 stride=2 lr=3e-03,1.0,0.003,Muon,0,2,512,64,2.30268748480596,4.633360791572727e-05,0.9140625,full_conv_patch_and_classifier_activation,1.8718612925038096,1.574530073278539,1.3025050635518625,3.159574355842545e-05,5.1149128522120864e-05,"[[0.006019498023472409,0.0006119726356790619,0.000556685391878471,0.0003432854794181659,0.00029970831121734165,0.00021826284793098743,0.00018337809579064212,0.00016230239856545543,0.00011236197569460754,9.820737437326201e-05,8.102842814854045e-05,4.6992070057144324e-05,4.1954052076786356e-05,3.9264367189982666e-05,3.139148072454036e-05,2.2864239990955064e-05],[0.005388135323180845,0.0006481212396222246,0.00033152897965845005,0.00022657207152763201,0.0001433596241088973,8.663763584717257e-05,5.4726972558642416e-05,4.670880135101404e-05,3.251997404341687e-05,5.247389184516995e-19]]","[[501.2838233391682,262.2017225172453,218.1407633790149,186.02700311640524,147.75599578714636,138.38247544402535,128.9878921443775,103.37825115797077,90.95939908651006,87.84597773104926,87.33219965821304,71.10863014115188,64.43283364430818,60.29015968703359,53.96933331596295,53.46116945814087,49.746075554058784,44.58815232110708,42.30940499248376,41.59294146216923,36.01046266244356,35.19286777706035,35.053991209895024,33.25998106648406,30.96326156100716,30.180863787964302,29.604531865687306,27.170536306251982,26.668823950712493,26.406102919582295,25.444833074128553,24.42460911602404,24.281607561868398,23.73533960749352,22.87219660342007,21.957780585006265,21.07305078050606,20.22909606158655,19.887087711759282,19.617172997771313,18.364194517488897,17.763809500157663,16.895965588973063,16.854987836657727,15.835998162763424,15.156575697838418,14.463423920452072,13.855967068711701,12.833280340345743],[0.9686826386875615,0.06993602307695057,0.034733479512250094,0.028949309816140436,0.019012222708603487,0.01641966660236329,0.012591169820702953,0.010930429527367702,0.0099283774151569,0.009132696478300348,0.007997147866507362,0.007178308644184712,0.006681353341823845,0.005861176431688919,0.005040818132171125,0.004058258515330518]]","[[0.0030000000000000027,0.003000000000000002,0.003000000000000001,0.0030000000000000005,0.0030000000000000005,0.003,0.0029999999999999996,0.0029999999999999996,0.002999999999999999,0.002999999999999999,0.002999999999999999,0.002999999999999999,0.0029999999999999988,0.0029999999999999988,0.0029999999999999988,0.0029999999999999966],[0.003,0.003,0.003,0.002999999999999999,0.002999999999999999,0.002999999999999999,0.002999999999999999,0.002999999999999999,0.0029999999999999988,0.002999999999999998]]",13.000000000000004,12.999999999999982,1.0000000000000004,0.9999999999999988,0.9999999999999984,4.748240338231994e-05,0.3794503095380939,0.003104021812804275,0.015297058540778353,0.0030000000000000027,0.04904670627257682,0.058375063122803494,0.31722104200161994,16,7,2
12,MNISTConvNet,MNIST conv filters=16 kernel=7 stride=2 lr=3e-03,1.0,0.003,Adam,0,3,512,64,2.302507446405403,2.515596306063017e-05,0.9140625,full_conv_patch_and_classifier_activation,2.6798932483276032,1.5728315805635575,1.7151705003684712,1.4719729055591968e-05,2.5708109189672168e-05,"[[0.002417203632621386,0.0006006413248483131,0.000429083653347056,0.0003340236902703327,0.00023872160205594514,0.0002004445351667875,0.00013991201032686072,0.00011777735174535674,8.926945146165922e-05,8.68315990231801e-05,6.552305025339527e-05,6.027955574549614e-05,4.574527183632766e-05,3.4293318636000145e-05,2.600733853935873e-05,1.2449682835246385e-05],[0.0045100343695111495,0.0005893015924851456,0.0003679917851611045,0.00021695041822904527,0.00013935018109466208,9.580884100086633e-05,5.6750663664649146e-05,4.843576046453776e-05,3.417974127555308e-05,1.7977229599408142e-19]]","[[501.2838233391682,262.2017225172453,218.1407633790149,186.02700311640524,147.75599578714636,138.38247544402535,128.9878921443775,103.37825115797077,90.95939908651006,87.84597773104926,87.33219965821304,71.10863014115188,64.43283364430818,60.29015968703359,53.96933331596295,53.46116945814087,49.746075554058784,44.58815232110708,42.30940499248376,41.59294146216923,36.01046266244356,35.19286777706035,35.053991209895024,33.25998106648406,30.96326156100716,30.180863787964302,29.604531865687306,27.170536306251982,26.668823950712493,26.406102919582295,25.444833074128553,24.42460911602404,24.281607561868398,23.73533960749352,22.87219660342007,21.957780585006265,21.07305078050606,20.22909606158655,19.887087711759282,19.617172997771313,18.364194517488897,17.763809500157663,16.895965588973063,16.854987836657727,15.835998162763424,15.156575697838418,14.463423920452072,13.855967068711701,12.833280340345743],[1.191738060256384,0.06859911814820642,0.0304625395028284,0.02807620080410583,0.017997762354243982,0.014886279924202888,0.01424320019446313,0.010975129015285608,0.009388595129229252,0.009183919621783351,0.007965498004809128,0.007407772975758433,0.005769122129207403,0.0055693560164373134,0.005112297591115297,0.0031179079601833114]]","[[0.012428503112353924,0.004339417688743028,0.003842702860386555,0.0029722888055227553,0.0025652666129792868,0.0016105211959257801,0.0013532256633932128,0.0010785328067964002,0.000898362970333393,0.0007909883450215306,0.00038659612481421935,0.0003020220991972455,0.00021504832590035558,0.0001914110608232349,0.00012977618638597812,9.653376679408155e-05],[0.003993360949687163,0.0024347516186458296,0.0014613292890992213,0.0012379602755261535,0.0007291437996874308,0.0005179885082772981,0.0003460219597491335,0.00032595470163146077,0.00022041640920784092,0.00013183075381777306]]",5.053112060097339,1.5176162084639968,0.40728675487023946,0.12616763216559768,0.30173934001995656,2.362032953258184e-05,0.29194735514749565,0.001532736992213002,0.01541055618320939,0.012428503112353924,0.049111684009195106,0.04575384805835049,0.3665242090355605,16,7,2
13,MNISTConvNet,MNIST conv filters=16 kernel=7 stride=2 lr=3e-03,1.0,0.003,Muon,0,3,512,64,2.302506564119488,3.285023975818646e-05,0.9140625,full_conv_patch_and_classifier_activation,2.8336820200813655,1.5747977762816063,1.833373672619429,1.5733561860306365e-05,3.033440387093762e-05,"[[0.00257942166769833,0.0009409683925097126,0.000496158360158437,0.0002966224725147949,0.0002565537955320102,0.0001754947525121643,0.0001438858368741544,0.0001311449498284859,9.494446380124102e-05,8.773654622751179e-05,6.992159604617368e-05,5.5388868402263204e-05,4.739647649983718e-05,3.7502925641693206e-05,3.147063443201566e-05,2.4396062155808368e-05],[0.003610753226527489,0.0006214144926863126,0.00033884292870881786,0.0002378177427634372,0.00013529217589231072,8.991859411754527e-05,4.628857358818909e-05,3.8859261343089586e-05,3.0227029970142657e-05,2.8106459424492003e-19]]","[[501.2838233391682,262.2017225172453,218.1407633790149,186.02700311640524,147.75599578714636,138.38247544402535,128.9878921443775,103.37825115797077,90.95939908651006,87.84597773104926,87.33219965821304,71.10863014115188,64.43283364430818,60.29015968703359,53.96933331596295,53.46116945814087,49.746075554058784,44.58815232110708,42.30940499248376,41.59294146216923,36.01046266244356,35.19286777706035,35.053991209895024,33.25998106648406,30.96326156100716,30.180863787964302,29.604531865687306,27.170536306251982,26.668823950712493,26.406102919582295,25.444833074128553,24.42460911602404,24.281607561868398,23.73533960749352,22.87219660342007,21.957780585006265,21.07305078050606,20.22909606158655,19.887087711759282,19.617172997771313,18.364194517488897,17.763809500157663,16.895965588973063,16.854987836657727,15.835998162763424,15.156575697838418,14.463423920452072,13.855967068711701,12.833280340345743],[0.9306180321619638,0.07001578189067555,0.0318597868330447,0.02881089118816165,0.018774268828906725,0.016389237404089447,0.013080566938202821,0.010733794707402374,0.010277074458438545,0.009277684461770271,0.007843622011462518,0.007498583705062255,0.00652305040343599,0.006360097694483533,0.005167865111133794,0.004015976427700202]]","[[0.003000000000000001,0.0030000000000000005,0.003,0.003,0.003,0.0029999999999999996,0.0029999999999999996,0.0029999999999999988,0.0029999999999999988,0.0029999999999999988,0.0029999999999999988,0.0029999999999999988,0.0029999999999999988,0.0029999999999999983,0.0029999999999999983,0.0029999999999999975],[0.003000000000000002,0.003000000000000002,0.003000000000000001,0.0030000000000000005,0.003,0.003,0.0029999999999999996,0.002999999999999999,0.0029999999999999988,0.0029999999999999988]]",13.0,12.999999999999986,1.0,0.9999999999999989,0.9999999999999989,3.1855265479295915e-05,0.4474139595477555,0.0020824438498667757,0.015297058540778353,0.003000000000000002,0.049111684009195126,0.05830797873632544,0.4116631250362843,16,7,2
12,MNISTConvNet,MNIST conv filters=16 kernel=7 stride=2 lr=3e-03,1.0,0.003,Adam,0,4,512,64,2.3024210061946317,5.8268007531836474e-05,0.9140625,full_conv_patch_and_classifier_activation,2.09231506853341,1.5719757765828901,1.4020425954501998,1.3690510309280543e-05,2.1884723961745867e-05,"[[0.0038253410688352447,0.0006987088376106025,0.0003708520426666028,0.0003569393958580767,0.00023581816246772455,0.00020160970402303166,0.0001691784778284134,0.00012512352912426615,9.446474179804722e-05,7.344238945178372e-05,5.610596984702633e-05,5.367813971241723e-05,3.273361519197778e-05,1.862769723556607e-05,1.1834847550903401e-05,9.500402553102967e-06],[0.004998092793447821,0.0005756204046627486,0.0002692384174167538,0.00021763386287956775,0.00012709129906778952,8.012932439417671e-05,6.374146077149977e-05,3.4952227728989115e-05,2.491003646800695e-05,1.9452991014166488e-19]]","[[501.2838233391682,262.2017225172453,218.1407633790149,186.02700311640524,147.75599578714636,138.38247544402535,128.9878921443775,103.37825115797077,90.95939908651006,87.84597773104926,87.33219965821304,71.10863014115188,64.43283364430818,60.29015968703359,53.96933331596295,53.46116945814087,49.746075554058784,44.58815232110708,42.30940499248376,41.59294146216923,36.01046266244356,35.19286777706035,35.053991209895024,33.25998106648406,30.96326156100716,30.180863787964302,29.604531865687306,27.170536306251982,26.668823950712493,26.406102919582295,25.444833074128553,24.42460911602404,24.281607561868398,23.73533960749352,22.87219660342007,21.957780585006265,21.07305078050606,20.22909606158655,19.887087711759282,19.617172997771313,18.364194517488897,17.763809500157663,16.895965588973063,16.854987836657727,15.835998162763424,15.156575697838418,14.463423920452072,13.855967068711701,12.833280340345743],[1.3637209102290888,0.06485469029277316,0.03070502295354119,0.02408678638448133,0.015392930706329572,0.01535983170103074,0.014406651592821387,0.010653105377265324,0.009075447249949768,0.008604479455422517,0.00763089410260421,0.006985843526145584,0.005696964018213612,0.005473619082624658,0.004156904393024349,0.0031289293956571086]]","[[0.01236188247574231,0.004438695993813396,0.0036269428124280603,0.002957151469162007,0.0027685197672876727,0.0015396372689936188,0.00121271448871829,0.0009328885813735044,0.0007930416570715885,0.0005916212385728016,0.0003076154889032043,0.0002858099586728827,0.00020369233434705834,0.00014908651916248553,0.00012676077769243634,0.00011749012218752804],[0.004367910118855735,0.002613700498547991,0.0013942738537172728,0.000972424441448262,0.0007065255209230151,0.00047842662359428494,0.0003437032722051244,0.00022019992101872735,0.00015493770046169734,0.00012804863219744768]]",4.7027726464708834,1.4599644207335971,0.3755876761808653,0.12047035086410747,0.31370698667911806,5.3901685727021563e-05,0.545851954766832,0.0034955626540314785,0.01542003135456778,0.01236188247574231,0.048781783592160705,0.04643714860271442,0.45836483407765627,16,7,2
13,MNISTConvNet,MNIST conv filters=16 kernel=7 stride=2 lr=3e-03,1.0,0.003,Muon,0,4,512,64,2.3024843931498524,3.5560729040540195e-05,0.9140625,full_conv_patch_and_classifier_activation,2.397305060550863,1.5745665354857248,1.6373758873057236,1.3582541471655192e-05,2.658207165465106e-05,"[[0.003673133010755662,0.0006980211540369741,0.0004366215905593368,0.0004076758263206341,0.0003095851033667343,0.0001756949664006781,0.00016999125203437517,0.00013718855074188737,9.822407967034272e-05,8.108061903594366e-05,6.59427545474244e-05,5.400672889184926e-05,3.219228965642049e-05,2.631849169116872e-05,1.912825254673842e-05,1.790091710085104e-05],[0.003601390510885445,0.0006350935970718406,0.0003189435125074159,0.00020424012559655264,0.0001995060296778475,8.602476964163894e-05,6.413988351644546e-05,4.009487960360713e-05,2.6881845140599575e-05,1.8170834107443067e-19]]","[[501.2838233391682,262.2017225172453,218.1407633790149,186.02700311640524,147.75599578714636,138.38247544402535,128.9878921443775,103.37825115797077,90.95939908651006,87.84597773104926,87.33219965821304,71.10863014115188,64.43283364430818,60.29015968703359,53.96933331596295,53.46116945814087,49.746075554058784,44.58815232110708,42.30940499248376,41.59294146216923,36.01046266244356,35.19286777706035,35.053991209895024,33.25998106648406,30.96326156100716,30.180863787964302,29.604531865687306,27.170536306251982,26.668823950712493,26.406102919582295,25.444833074128553,24.42460911602404,24.281607561868398,23.73533960749352,22.87219660342007,21.957780585006265,21.07305078050606,20.22909606158655,19.887087711759282,19.617172997771313,18.364194517488897,17.763809500157663,16.895965588973063,16.854987836657727,15.835998162763424,15.156575697838418,14.463423920452072,13.855967068711701,12.833280340345743],[0.9995566813450821,0.07371102978586627,0.03350919478655653,0.029917022030317306,0.018565163357281558,0.017082421701385134,0.014683622671276387,0.01118561045674825,0.009949847547588422,0.009466713641145687,0.008138304580155869,0.007308771451110202,0.00681295491657144,0.006614649460298345,0.004892321135656738,0.004486225421791614]]","[[0.003000000000000002,0.0030000000000000005,0.0030000000000000005,0.003,0.003,0.003,0.003,0.003,0.0029999999999999996,0.002999999999999999,0.002999999999999999,0.002999999999999999,0.002999999999999999,0.0029999999999999988,0.0029999999999999983,0.0029999999999999983],[0.0030000000000000014,0.003000000000000001,0.0030000000000000005,0.0030000000000000005,0.0030000000000000005,0.0029999999999999996,0.0029999999999999996,0.002999999999999999,0.002999999999999999,0.002999999999999999]]",13.0,12.999999999999986,0.9999999999999999,0.999999999999999,0.9999999999999991,3.4737062222995246e-05,0.42833130692238214,0.002270832796409481,0.015297058540778357,0.003000000000000002,0.04878178359216072,0.0573381197293065,0.5033057918772101,16,7,2
12,MNISTConvNet,MNIST conv filters=16 kernel=7 stride=2 lr=3e-03,1.0,0.003,Adam,0,5,512,64,2.302412810672464,,0.9140625,full_conv_patch_and_classifier_activation,1.7155919927958343,1.5713819286749793,1.1470819001104828,3.083791668994482e-05,4.0084974205513004e-05,"[[0.004830433708902611,0.0005864217425915213,0.0003934355071410959,0.0003166589679761704,0.0002885701097719125,0.00023016909257521218,0.00012002732486474588,7.50736345791953e-05,6.982604150131522e-05,6.213317300474567e-05,5.748176930793172e-05,4.781448515668497e-05,2.918911533807313e-05,2.4399957469046445e-05,1.9661920380296635e-05,1.0832421497687097e-05],[0.008936739277549472,0.0004984962951556607,0.00030169548602286273,0.00017992359999048827,0.00011133978913037937,7.19203579530658e-05,5.5006949140394326e-05,4.125094164961191e-05,3.051402634603439e-05,4.808102136848942e-19]]","[[501.2838233391682,262.2017225172453,218.1407633790149,186.02700311640524,147.75599578714636,138.38247544402535,128.9878921443775,103.37825115797077,90.95939908651006,87.84597773104926,87.33219965821304,71.10863014115188,64.43283364430818,60.29015968703359,53.96933331596295,53.46116945814087,49.746075554058784,44.58815232110708,42.30940499248376,41.59294146216923,36.01046266244356,35.19286777706035,35.053991209895024,33.25998106648406,30.96326156100716,30.180863787964302,29.604531865687306,27.170536306251982,26.668823950712493,26.406102919582295,25.444833074128553,24.42460911602404,24.281607561868398,23.73533960749352,22.87219660342007,21.957780585006265,21.07305078050606,20.22909606158655,19.887087711759282,19.617172997771313,18.364194517488897,17.763809500157663,16.895965588973063,16.854987836657727,15.835998162763424,15.156575697838418,14.463423920452072,13.855967068711701,12.833280340345743],[1.6132768245084292,0.06212496265313369,0.03257057209572529,0.02314394576864471,0.01594523282298863,0.015290577599483499,0.012610877677117287,0.010497250181463831,0.00922287517355985,0.007879769707337676,0.00710115043990649,0.006206171932180703,0.005644850426496877,0.0050334019446758305,0.003555996180809852,0.003513173835909444]]",,,,,,,,,,,,,,0.5502883750014007,16,7,2
13,MNISTConvNet,MNIST conv filters=16 kernel=7 stride=2 lr=3e-03,1.0,0.003,Muon,0,5,512,64,2.3025274652278127,,0.9140625,full_conv_patch_and_classifier_activation,2.4232713505454075,1.574511479713093,1.550661865584171,2.9522072610553058e-05,4.673179418523742e-05,"[[0.002971487670591429,0.0006940620800521118,0.00044443441961537045,0.0003157431810453982,0.0002884141908455597,0.00024853764498659854,0.00018291792432006184,0.00012156067701688003,8.987919034113226e-05,6.891824647028631e-05,5.532507957779133e-05,5.018020783739332e-05,4.213647188504077e-05,3.088618614257586e-05,2.4629672957426205e-05,2.114506204174942e-05],[0.005720334768195536,0.0006705699175991204,0.000334957441197481,0.00022898955174780226,0.00014415420132307325,7.245015801961219e-05,5.378645612634288e-05,3.935517847608108e-05,3.4936055265243464e-05,2.328465047969859e-19]]","[[501.2838233391682,262.2017225172453,218.1407633790149,186.02700311640524,147.75599578714636,138.38247544402535,128.9878921443775,103.37825115797077,90.95939908651006,87.84597773104926,87.33219965821304,71.10863014115188,64.43283364430818,60.29015968703359,53.96933331596295,53.46116945814087,49.746075554058784,44.58815232110708,42.30940499248376,41.59294146216923,36.01046266244356,35.19286777706035,35.053991209895024,33.25998106648406,30.96326156100716,30.180863787964302,29.604531865687306,27.170536306251982,26.668823950712493,26.406102919582295,25.444833074128553,24.42460911602404,24.281607561868398,23.73533960749352,22.87219660342007,21.957780585006265,21.07305078050606,20.22909606158655,19.887087711759282,19.617172997771313,18.364194517488897,17.763809500157663,16.895965588973063,16.854987836657727,15.835998162763424,15.156575697838418,14.463423920452072,13.855967068711701,12.833280340345743],[1.0631471396260805,0.07841501209314425,0.036547833986671885,0.030401432152723076,0.01927647705490373,0.017871715578934296,0.015712818244115245,0.010989927007006146,0.009940275337968436,0.009338701329047383,0.008181927232833952,0.007441403700526846,0.006640513933528396,0.006558531238370233,0.005073599697441012,0.004724365926474236]]",,,,,,,,,,,,,,0.5955248749814928,16,7,2
14,MNISTConvNet,MNIST conv filters=16 kernel=7 stride=2 lr=3e-03,1.0,0.003,Adam,1,0,512,64,2.3027162701941237,5.850100225801569e-05,0.919921875,full_conv_patch_and_classifier_activation,2.25704768660402,1.604754494658306,1.541093432284804,2.228430705874116e-05,4.244392485833395e-05,"[[0.004768096561552649,0.0006921786187060239,0.00045529079195361967,0.00041507254257528125,0.00031942305490675866,0.0002896354086138928,0.0002184504220454409,0.00016695547798007885,0.00015611496489041483,8.997906347356608e-05,8.106725527520464e-05,6.380916158770929e-05,4.908569562774869e-05,4.214391708702e-05,3.187250030369703e-05,2.8186596758451608e-05],[0.005270645476476852,0.0009025234848616698,0.0004976172444368526,0.00027451731351874135,0.0001768972184893427,0.00015881404783867967,9.905413773607494e-05,5.910285626145129e-05,3.044529427535918e-05,2.210214054474049e-19]]","[[486.2481708090735,259.8446472251625,216.24958445068805,183.7122983171536,147.89858163778146,138.10567669741445,127.8390818749908,103.34982479706355,91.60511919190584,87.40259145050457,86.8697513933867,71.34886983400732,65.24907197972718,59.32450967369966,53.87509130234577,53.481766751236265,50.14529573794769,44.52057679625825,42.78985777372914,41.76746085731856,35.97019704819681,35.62678728170247,34.93521036366559,33.94470369891809,30.66431645451282,30.59598409971866,29.66978902073454,27.203519321359956,27.09406318943487,26.114374850478214,25.599638280334634,24.772905241944187,24.18297441165068,23.988265487043922,23.0492393179248,21.976027593899797,21.20567931219397,20.448066728586863,19.763586864753936,19.65115363803375,18.387490082854235,17.840542777628364,16.86030618941448,16.673746529246984,15.708360268429628,15.046491314196702,14.378149746345663,13.805866165577841,12.90977975226263],[1.140539694979622,0.07307277503794014,0.06898084582949024,0.03633578688076624,0.027170487705335374,0.02053477713054547,0.019281958609907973,0.016075542070547746,0.011769721885890927,0.011269775291177292,0.008874636198300714,0.0075196521700136845,0.007160378857846942,0.006022748666023688,0.005066696448928873,0.0035539128607588798]]","[[0.01053680128178346,0.004945466485306924,0.004245468717850707,0.0037746825659519373,0.002939650506140873,0.0020774969016710172,0.0019512772153180299,0.0018660549366220937,0.0015223605534864608,0.001245732396726793,0.00114415182339616,0.000834175557048506,0.0006851669498771856,2.110946522840738e-07,3.449846803814309e-08,1.209216532978184e-08],[0.005041217240576384,0.0023641672694826024,0.001902229846234317,0.001628177335541389,0.0011749702395693837,0.0008894552530097271,0.000458981498209659,7.746464460412132e-08,1.6106112936020854e-08,5.150699049158702e-09]]",5.954074235231044,1.6554206324709004,0.45778384102689984,0.13272065722986903,0.2900281726206362,6.045740089100674e-05,0.5434335017395817,0.0039522239344146805,0.01529705854077836,0.01053680128178346,0.0481915514323323,0.04804792347693981,0.04686820809729397,16,7,2
15,MNISTConvNet,MNIST conv filters=16 kernel=7 stride=2 lr=3e-03,1.0,0.003,Muon,1,0,512,64,2.3027162701941237,4.454249549512568e-05,0.919921875,full_conv_patch_and_classifier_activation,2.25704768660402,1.604754494658306,1.541093432284804,2.228430705874116e-05,4.244392485833395e-05,"[[0.004768096561552649,0.0006921786187060239,0.00045529079195361967,0.00041507254257528125,0.00031942305490675866,0.0002896354086138928,0.0002184504220454409,0.00016695547798007885,0.00015611496489041483,8.997906347356608e-05,8.106725527520464e-05,6.380916158770929e-05,4.908569562774869e-05,4.214391708702e-05,3.187250030369703e-05,2.8186596758451608e-05],[0.005270645476476852,0.0009025234848616698,0.0004976172444368526,0.00027451731351874135,0.0001768972184893427,0.00015881404783867967,9.905413773607494e-05,5.910285626145129e-05,3.044529427535918e-05,2.210214054474049e-19]]","[[486.2481708090735,259.8446472251625,216.24958445068805,183.7122983171536,147.89858163778146,138.10567669741445,127.8390818749908,103.34982479706355,91.60511919190584,87.40259145050457,86.8697513933867,71.34886983400732,65.24907197972718,59.32450967369966,53.87509130234577,53.481766751236265,50.14529573794769,44.52057679625825,42.78985777372914,41.76746085731856,35.97019704819681,35.62678728170247,34.93521036366559,33.94470369891809,30.66431645451282,30.59598409971866,29.66978902073454,27.203519321359956,27.09406318943487,26.114374850478214,25.599638280334634,24.772905241944187,24.18297441165068,23.988265487043922,23.0492393179248,21.976027593899797,21.20567931219397,20.448066728586863,19.763586864753936,19.65115363803375,18.387490082854235,17.840542777628364,16.86030618941448,16.673746529246984,15.708360268429628,15.046491314196702,14.378149746345663,13.805866165577841,12.90977975226263],[1.140539694979622,0.07307277503794014,0.06898084582949024,0.03633578688076624,0.027170487705335374,0.02053477713054547,0.019281958609907973,0.016075542070547746,0.011769721885890927,0.011269775291177292,0.008874636198300714,0.0075196521700136845,0.007160378857846942,0.006022748666023688,0.005066696448928873,0.0035539128607588798]]","[[0.0030000000000000027,0.0030000000000000027,0.0030000000000000022,0.003000000000000002,0.003000000000000002,0.003000000000000002,0.0030000000000000014,0.0030000000000000014,0.0030000000000000014,0.0030000000000000014,0.0030000000000000014,0.003000000000000001,0.0030000000000000005,0.003,0.0029999999999999996,0.002999999999999999],[0.0030000000000000027,0.0030000000000000005,0.0030000000000000005,0.003,0.003,0.003,0.0029999999999999996,0.0029999999999999996,0.0029999999999999996,0.0029999999999999996]]",12.999999999999996,12.999999999999986,0.9999999999999998,0.9999999999999989,0.9999999999999991,4.6010937321697765e-05,0.413578559755288,0.003007829067205531,0.015297058540778357,0.0030000000000000027,0.04819155143233229,0.056801281538854914,0.09087345818988979,16,7,2
14,MNISTConvNet,MNIST conv filters=16 kernel=7 stride=2 lr=3e-03,1.0,0.003,Adam,1,1,512,64,2.302499277864696,5.5652661035576756e-05,0.88671875,full_conv_patch_and_classifier_activation,2.677490713083642,1.6056870833365442,1.7264322507016074,2.3809976981568646e-05,4.4903738117044875e-05,"[[0.003180599848008981,0.0007777664182879236,0.00048228209696350494,0.00040162847078848373,0.00035988386116936756,0.0002973101592108283,0.0001672866138266318,0.00013613596658394983,0.0001184802546093925,0.00010217176802926273,7.462725413314864e-05,5.262629754289083e-05,4.505793124668536e-05,3.592608694906053e-05,2.600081950134308e-05,1.4133465079782318e-05],[0.004927017851949605,0.0007712017845257241,0.00044728663413764997,0.0002477216733252591,0.00021932412344512285,0.0001431780373224858,8.919866624090023e-05,6.441208642477042e-05,2.902745081306785e-05,2.0444986698483394e-19]]","[[486.2481708090735,259.8446472251625,216.24958445068805,183.7122983171536,147.89858163778146,138.10567669741445,127.8390818749908,103.34982479706355,91.60511919190584,87.40259145050457,86.8697513933867,71.34886983400732,65.24907197972718,59.32450967369966,53.87509130234577,53.481766751236265,50.14529573794769,44.52057679625825,42.78985777372914,41.76746085731856,35.97019704819681,35.62678728170247,34.93521036366559,33.94470369891809,30.66431645451282,30.59598409971866,29.66978902073454,27.203519321359956,27.09406318943487,26.114374850478214,25.599638280334634,24.772905241944187,24.18297441165068,23.988265487043922,23.0492393179248,21.976027593899797,21.20567931219397,20.448066728586863,19.763586864753936,19.65115363803375,18.387490082854235,17.840542777628364,16.86030618941448,16.673746529246984,15.708360268429628,15.046491314196702,14.378149746345663,13.805866165577841,12.90977975226263],[1.0290471550398794,0.07146259578658029,0.06466021232497077,0.037822178263523805,0.02757561220141967,0.020765058859910545,0.019329186228117474,0.01665470576601438,0.012255230932913766,0.01189213411244704,0.010107612411328114,0.008082236646390755,0.0075524264979259514,0.006571006377577091,0.005259545786138519,0.0028604605700312757]]","[[0.012647111520019811,0.0030312339142187753,0.002824217012092653,0.002172700373900086,0.0018751786692035599,0.0016890928260217622,0.0012339464704831692,0.0009959890729194854,0.0008816125361952921,0.00043919809485739474,0.00041315071135661574,0.0003637478240023461,0.0003015647342516196,0.00020621705048046485,0.00014190290891022682,7.769978849328916e-05],[0.005301133182534141,0.0027073169131097865,0.0019818053157882195,0.0010825620003287854,0.0006553051170823168,0.0004028269801247338,0.0002540915935827888,0.0001753316323994564,8.771305585407641e-05,3.631878275092053e-05]]",4.184376911479094,1.3341882835015815,0.33469790342913497,0.11089397070319308,0.32244976355113686,5.1649230520317176e-05,0.5586202859619758,0.0033809089986194386,0.015276728992530601,0.012647111520019811,0.04816392765387386,0.04841944134102039,0.13522004219703376,16,7,2
15,MNISTConvNet,MNIST conv filters=16 kernel=7 stride=2 lr=3e-03,1.0,0.003,Muon,1,1,512,64,2.302502886141509,4.022749200593978e-05,0.8984375,full_conv_patch_and_classifier_activation,2.7535443098627135,1.6054527438949255,1.7528467971319197,2.403789973877967e-05,4.45878942404996e-05,"[[0.0029562933509467786,0.0007549601096980773,0.00046084870468166044,0.0004133362955467048,0.0003674436467453839,0.0003117733891956889,0.000163922582833447,0.00014053547024476311,0.00012585866029507116,8.51169742531909e-05,7.968719533569566e-05,5.041657898168567e-05,3.8960848680827776e-05,3.1132740426354946e-05,2.4460053843620415e-05,2.2400724074128206e-05],[0.005124195351307867,0.0007767694724737807,0.00045285061342273874,0.00025495909158099596,0.00021350270293277735,0.0001475558244723504,8.825653477169831e-05,6.093549299425885e-05,2.7728392669788117e-05,9.825013189737997e-20]]","[[486.2481708090735,259.8446472251625,216.24958445068805,183.7122983171536,147.89858163778146,138.10567669741445,127.8390818749908,103.34982479706355,91.60511919190584,87.40259145050457,86.8697513933867,71.34886983400732,65.24907197972718,59.32450967369966,53.87509130234577,53.481766751236265,50.14529573794769,44.52057679625825,42.78985777372914,41.76746085731856,35.97019704819681,35.62678728170247,34.93521036366559,33.94470369891809,30.66431645451282,30.59598409971866,29.66978902073454,27.203519321359956,27.09406318943487,26.114374850478214,25.599638280334634,24.772905241944187,24.18297441165068,23.988265487043922,23.0492393179248,21.976027593899797,21.20567931219397,20.448066728586863,19.763586864753936,19.65115363803375,18.387490082854235,17.840542777628364,16.86030618941448,16.673746529246984,15.708360268429628,15.046491314196702,14.378149746345663,13.805866165577841,12.90977975226263],[1.0639470539479488,0.07238020035859624,0.06677967972414744,0.0369571417892784,0.02868963458196498,0.02099676165747511,0.019919732807002537,0.016119002248926626,0.011934713321143415,0.011576908961408724,0.009036043220448174,0.007745123239417237,0.007434118284007451,0.006108661058995642,0.005128047994268953,0.003359891023046746]]","[[0.003,0.003,0.003,0.003,0.0029999999999999996,0.0029999999999999996,0.0029999999999999996,0.0029999999999999996,0.002999999999999999,0.0029999999999999983,0.0029999999999999983,0.0029999999999999983,0.0029999999999999983,0.0029999999999999983,0.002999999999999997,0.0029999999999999966],[0.0030000000000000014,0.0030000000000000014,0.003000000000000001,0.003000000000000001,0.003000000000000001,0.0030000000000000005,0.0030000000000000005,0.0030000000000000005,0.002999999999999999,0.002999999999999999]]",13.0,12.999999999999991,1.0,0.9999999999999993,0.9999999999999993,3.9521702407228e-05,0.4234994308767757,0.00258361451006234,0.015297058540778353,0.0030000000000000014,0.04816392765387388,0.05669669203312054,0.1787010000552982,16,7,2
14,MNISTConvNet,MNIST conv filters=16 kernel=7 stride=2 lr=3e-03,1.0,0.003,Adam,1,2,512,64,2.302620850992845,6.0590966566298476e-05,0.88671875,full_conv_patch_and_classifier_activation,2.421103331140714,1.6045447115820242,1.5957043978097483,2.9833779573076517e-05,5.4596235987436444e-05,"[[0.004191824507217968,0.0008367333290257225,0.0005531009521880358,0.0004382394844124349,0.0003844696407291657,0.00028716219122872,0.00024144736904125642,0.0001561708540803743,0.00010895870284978575,9.301067993419356e-05,8.837084014452944e-05,6.283264080617982e-05,4.360624283839303e-05,3.6082584097157534e-05,2.7116346098557602e-05,1.6265481773688354e-05],[0.005714499365574145,0.0008978455856523871,0.00046755980389627327,0.0002716483520527673,0.00021271835944989084,0.00015265446641042008,8.634895346271372e-05,6.395923925542931e-05,4.149216259518055e-05,2.786286161092967e-19]]","[[486.2481708090735,259.8446472251625,216.24958445068805,183.7122983171536,147.89858163778146,138.10567669741445,127.8390818749908,103.34982479706355,91.60511919190584,87.40259145050457,86.8697513933867,71.34886983400732,65.24907197972718,59.32450967369966,53.87509130234577,53.481766751236265,50.14529573794769,44.52057679625825,42.78985777372914,41.76746085731856,35.97019704819681,35.62678728170247,34.93521036366559,33.94470369891809,30.66431645451282,30.59598409971866,29.66978902073454,27.203519321359956,27.09406318943487,26.114374850478214,25.599638280334634,24.772905241944187,24.18297441165068,23.988265487043922,23.0492393179248,21.976027593899797,21.20567931219397,20.448066728586863,19.763586864753936,19.65115363803375,18.387490082854235,17.840542777628364,16.86030618941448,16.673746529246984,15.708360268429628,15.046491314196702,14.378149746345663,13.805866165577841,12.90977975226263],[1.0649642579939156,0.06444907306314948,0.05651263818518732,0.04077283960029856,0.027747949215172173,0.022385277486762504,0.01874804339200235,0.015762196704107088,0.012538129014835963,0.012000522251879413,0.010486336961976936,0.008017945366651902,0.007297708580677783,0.007058565293584043,0.005875959166272839,0.002334378164723234]]","[[0.012270497049622006,0.004079143273259674,0.003397683066202327,0.0021732824788810706,0.0018747413483462762,0.0013777323496780623,0.0009574189091156331,0.0008795566850490677,0.0008023207994080472,0.0006627811032715229,0.00047316762568607866,0.0003710614346245416,0.00027862178751603155,0.0002283416763497372,0.00014602763794024784,7.512526250973095e-05],[0.0052677285097305175,0.002508824336208328,0.0017211474994366198,0.0007180617396821647,0.0005495596910342071,0.0004537729932775865,0.00041249656495044904,0.00020248439724962052,0.00015082922751074413,9.071733015545966e-05]]",4.254118536144449,1.3277800298997402,0.33732355707969397,0.10884612492504965,0.3168275250520465,5.999263736753038e-05,0.5430743989595231,0.003951954842490185,0.01518049668040441,0.012270497049622006,0.04778141170589396,0.04741955626987833,0.22279808297753334,16,7,2
15,MNISTConvNet,MNIST conv filters=16 kernel=7 stride=2 lr=3e-03,1.0,0.003,Muon,1,2,512,64,2.3026338117521505,4.585443137905543e-05,0.88671875,full_conv_patch_and_classifier_activation,2.4668421250156882,1.6054107998644476,1.6285002157932094,3.0117118985310784e-05,5.653361497622327e-05,"[[0.004005675627201826,0.0008606506837759096,0.0005188106094246294,0.0004552877953310516,0.00037072883805113193,0.0002722299544180119,0.00021798241076101193,0.0001499808772560084,0.00010927142559696783,8.923180160752604e-05,6.533079713049632e-05,5.7645224604240264e-05,4.113104274838813e-05,3.895157920921271e-05,3.129097453785582e-05,1.8606978085421463e-05],[0.005902825998845119,0.0009596127706409741,0.0005708211741161763,0.00031981157315088643,0.00023443049005123244,0.00013789685203947384,7.888383035118917e-05,5.027748239664617e-05,4.6361870748089394e-05,3.830237800075732e-19]]","[[486.2481708090735,259.8446472251625,216.24958445068805,183.7122983171536,147.89858163778146,138.10567669741445,127.8390818749908,103.34982479706355,91.60511919190584,87.40259145050457,86.8697513933867,71.34886983400732,65.24907197972718,59.32450967369966,53.87509130234577,53.481766751236265,50.14529573794769,44.52057679625825,42.78985777372914,41.76746085731856,35.97019704819681,35.62678728170247,34.93521036366559,33.94470369891809,30.66431645451282,30.59598409971866,29.66978902073454,27.203519321359956,27.09406318943487,26.114374850478214,25.599638280334634,24.772905241944187,24.18297441165068,23.988265487043922,23.0492393179248,21.976027593899797,21.20567931219397,20.448066728586863,19.763586864753936,19.65115363803375,18.387490082854235,17.840542777628364,16.86030618941448,16.673746529246984,15.708360268429628,15.046491314196702,14.378149746345663,13.805866165577841,12.90977975226263],[1.0975156153692016,0.07236476906044084,0.06902370408964104,0.04004751703814771,0.030275614523584866,0.022394965837571272,0.02065283226022518,0.01624996839347798,0.012741239183536342,0.011916154541470473,0.00914558251202629,0.007974651434060957,0.007412787586623776,0.0063791944560231024,0.005227530664818841,0.0033849892624388416]]","[[0.0030000000000000027,0.0030000000000000022,0.003000000000000002,0.003000000000000002,0.003000000000000001,0.003000000000000001,0.003000000000000001,0.0030000000000000005,0.0030000000000000005,0.0030000000000000005,0.003,0.003,0.003,0.0029999999999999996,0.0029999999999999975,0.0029999999999999975],[0.003,0.003,0.0029999999999999996,0.0029999999999999996,0.002999999999999999,0.002999999999999999,0.002999999999999999,0.0029999999999999983,0.0029999999999999983,0.0029999999999999983]]",13.000000000000004,12.999999999999984,1.0000000000000004,0.9999999999999989,0.9999999999999986,4.681118598623841e-05,0.41699914591070303,0.0030601429589519323,0.015297058540778358,0.0030000000000000027,0.04778141170589394,0.05615489976633031,0.2678496250882745,16,7,2
14,MNISTConvNet,MNIST conv filters=16 kernel=7 stride=2 lr=3e-03,1.0,0.003,Adam,1,3,512,64,2.3026043206026516,5.0316596523103385e-05,0.88671875,full_conv_patch_and_classifier_activation,2.4410731688570673,1.6037143937186529,1.58690740100139,2.867316274330734e-05,5.050530832781443e-05,"[[0.003902474616829015,0.001012385069309175,0.0005773064533679264,0.00041458385949341144,0.0003581896047155598,0.00023226487365599402,0.00015728064101946273,0.00015313994581611951,9.805688382454098e-05,8.82143983163655e-05,7.540612288036314e-05,6.716511051162287e-05,4.556284590661857e-05,4.032479601497988e-05,3.268034806555875e-05,1.602235024233836e-05],[0.006031709014357194,0.0007834204615557613,0.00042190081976724287,0.00032489439429382036,0.00020425405791842877,0.00016397354625133544,0.00011475411090550333,7.643512374364108e-05,2.586771545620579e-05,2.315442785991707e-19]]","[[486.2481708090735,259.8446472251625,216.24958445068805,183.7122983171536,147.89858163778146,138.10567669741445,127.8390818749908,103.34982479706355,91.60511919190584,87.40259145050457,86.8697513933867,71.34886983400732,65.24907197972718,59.32450967369966,53.87509130234577,53.481766751236265,50.14529573794769,44.52057679625825,42.78985777372914,41.76746085731856,35.97019704819681,35.62678728170247,34.93521036366559,33.94470369891809,30.66431645451282,30.59598409971866,29.66978902073454,27.203519321359956,27.09406318943487,26.114374850478214,25.599638280334634,24.772905241944187,24.18297441165068,23.988265487043922,23.0492393179248,21.976027593899797,21.20567931219397,20.448066728586863,19.763586864753936,19.65115363803375,18.387490082854235,17.840542777628364,16.86030618941448,16.673746529246984,15.708360268429628,15.046491314196702,14.378149746345663,13.805866165577841,12.90977975226263],[1.1415829432703735,0.06176505667807862,0.053885287057808894,0.042079832228551384,0.029972100210348487,0.023320478135691488,0.01690918734239873,0.013840917659750566,0.01232012853363053,0.012150318821441165,0.010914378639838594,0.009221123852565629,0.007364727810504877,0.006716003133626549,0.00567913302337779,0.0022802315158906125]]","[[0.01149478048218392,0.005059139718822721,0.003974341382968348,0.002814355002522766,0.0021363978021949202,0.0014455453017706804,0.001310152539133622,0.001059424379845016,0.0009332802681649934,0.000585258338033578,0.0004949421784395029,0.00034994086987896956,0.00025594768083571313,0.0002145030743062182,0.00017530605704123653,0.00015313486819403912],[0.005071181266843424,0.00258811073934272,0.0016113181906235354,0.0008509662255041464,0.0007319917001548862,0.0005041524542979732,0.0003908847642801066,0.00032163880393858276,0.00026123511713509623,8.317361545476293e-05]]",4.824427979197257,1.4457242956195646,0.3799328035343793,0.11723000633495387,0.3047305037837501,4.829861485966518e-05,0.4322652359781042,0.0031879247834025143,0.01515048758713668,0.01149478048218392,0.047535055981233844,0.04681034557859963,0.31213541701436043,16,7,2
15,MNISTConvNet,MNIST conv filters=16 kernel=7 stride=2 lr=3e-03,1.0,0.003,Muon,1,3,512,64,2.302583982410787,4.214307400651762e-05,0.88671875,full_conv_patch_and_classifier_activation,2.6079686910343804,1.605963182076796,1.6989719201867797,2.9233272494276403e-05,5.560780740393105e-05,"[[0.003240425407894731,0.001030861016793553,0.0005274800549508952,0.00031195379460045706,0.00024885901069913004,0.00020366761163982948,0.00014934978247544095,0.00011756939272960257,0.00011153920433101069,8.348914336507997e-05,7.68595948427333e-05,6.150251596859648e-05,5.104030168360042e-05,3.870017588014784e-05,3.0971009810776505e-05,2.7653304729558737e-05],[0.005542883337109426,0.0008962349801222516,0.00048643891531538935,0.0003151626453921194,0.00024250152299977733,0.00015713721773632087,9.045470205564357e-05,8.178486644829485e-05,3.520700799053275e-05,2.0599214522677207e-19]]","[[486.2481708090735,259.8446472251625,216.24958445068805,183.7122983171536,147.89858163778146,138.10567669741445,127.8390818749908,103.34982479706355,91.60511919190584,87.40259145050457,86.8697513933867,71.34886983400732,65.24907197972718,59.32450967369966,53.87509130234577,53.481766751236265,50.14529573794769,44.52057679625825,42.78985777372914,41.76746085731856,35.97019704819681,35.62678728170247,34.93521036366559,33.94470369891809,30.66431645451282,30.59598409971866,29.66978902073454,27.203519321359956,27.09406318943487,26.114374850478214,25.599638280334634,24.772905241944187,24.18297441165068,23.988265487043922,23.0492393179248,21.976027593899797,21.20567931219397,20.448066728586863,19.763586864753936,19.65115363803375,18.387490082854235,17.840542777628364,16.86030618941448,16.673746529246984,15.708360268429628,15.046491314196702,14.378149746345663,13.805866165577841,12.90977975226263],[1.0456372160595062,0.07175609642750384,0.06796647672052437,0.04017090837349059,0.030719971699635397,0.022847256356395357,0.021469777193379044,0.016417474004583155,0.012761514610569208,0.012096042369296098,0.009349645223698055,0.008221833996798383,0.007888876363770465,0.006665180101639689,0.005056501355666974,0.003577763426303507]]","[[0.0030000000000000027,0.003000000000000002,0.003000000000000002,0.0030000000000000014,0.0030000000000000005,0.0029999999999999996,0.0029999999999999996,0.0029999999999999996,0.0029999999999999996,0.002999999999999999,0.002999999999999999,0.0029999999999999988,0.0029999999999999983,0.0029999999999999983,0.0029999999999999975,0.0029999999999999975],[0.003000000000000002,0.0030000000000000014,0.0030000000000000014,0.003,0.003,0.003,0.0029999999999999996,0.002999999999999999,0.002999999999999999,0.0029999999999999988]]",13.0,12.999999999999979,1.0,0.9999999999999984,0.9999999999999984,4.247917955269467e-05,0.4182828443419408,0.0027769508392384836,0.015297058540778357,0.0030000000000000027,0.04753505598123386,0.055768290280959296,0.3611462500412017,16,7,2
14,MNISTConvNet,MNIST conv filters=16 kernel=7 stride=2 lr=3e-03,1.0,0.003,Adam,1,4,512,64,2.302271547376499,0.0001069602907737277,0.828125,full_conv_patch_and_classifier_activation,1.8516205106866863,1.60287341654243,1.223685135217126,5.284365572690272e-05,7.439722807090369e-05,"[[0.007106662001009559,0.0010418810747561318,0.0006924073280672629,0.0005338440291281224,0.0003424428544475853,0.0002993312058628726,0.0002150416720937742,0.00018344307041060948,0.00012124038291228812,0.00010282895547594008,8.495244629625518e-05,7.460161469458205e-05,6.963095711227771e-05,5.452426937965462e-05,2.8949394215176914e-05,2.252159771277682e-05],[0.009199955386273091,0.0006518381346989293,0.0003907368063403379,0.0002475788229425405,0.0001842236055430091,0.00016384871886844943,8.926294393595226e-05,4.806470576579746e-05,2.350961847392704e-05,5.960397655116827e-19]]","[[486.2481708090735,259.8446472251625,216.24958445068805,183.7122983171536,147.89858163778146,138.10567669741445,127.8390818749908,103.34982479706355,91.60511919190584,87.40259145050457,86.8697513933867,71.34886983400732,65.24907197972718,59.32450967369966,53.87509130234577,53.481766751236265,50.14529573794769,44.52057679625825,42.78985777372914,41.76746085731856,35.97019704819681,35.62678728170247,34.93521036366559,33.94470369891809,30.66431645451282,30.59598409971866,29.66978902073454,27.203519321359956,27.09406318943487,26.114374850478214,25.599638280334634,24.772905241944187,24.18297441165068,23.988265487043922,23.0492393179248,21.976027593899797,21.20567931219397,20.448066728586863,19.763586864753936,19.65115363803375,18.387490082854235,17.840542777628364,16.86030618941448,16.673746529246984,15.708360268429628,15.046491314196702,14.378149746345663,13.805866165577841,12.90977975226263],[1.2708824469187174,0.06350516419194446,0.051733502117348666,0.041995259066090675,0.030355225330609026,0.02325279409527061,0.015395072529695374,0.012975592329177443,0.01247863933656674,0.012152572396801516,0.01037244409176526,0.009671745705422,0.007630861660418996,0.006154946235476509,0.0055707236325839085,0.0023126721520720346]]","[[0.012222065468901575,0.00423945027922016,0.0029547874188383424,0.002110405985643823,0.0018140155359850881,0.0010076940682427608,0.000982096056466025,0.0006742617397639104,0.00053579926345138,0.00044394647935998646,0.0003060897571525916,0.00029430002415963035,0.00024394070233941693,0.00017057388585269015,0.00011618906298440618,0.00011171753225204954],[0.005831669411564872,0.002410623331880258,0.001600581496903281,0.0007469491274027588,0.0005560397917947853,0.0004391662499045733,0.00037319771265935506,0.00023078619248175476,0.00019557756428594233,7.480099472032944e-05]]",3.907038048390626,1.2682224369923807,0.3108299124577941,0.10334494176929351,0.3276447789290764,9.648514501304386e-05,0.5406543024724471,0.00635212940717365,0.01518941741081035,0.012222065468901575,0.047462739926394576,0.04824593948035251,0.4073002920486033,16,7,2
15,MNISTConvNet,MNIST conv filters=16 kernel=7 stride=2 lr=3e-03,1.0,0.003,Muon,1,4,512,64,2.302368197288926,5.937013855739082e-05,0.88671875,full_conv_patch_and_classifier_activation,2.2610678443534526,1.6058950592256598,1.4369766925239484,5.2966212776006206e-05,8.027003127905528e-05,"[[0.0052409951249423195,0.0012931885545176963,0.0008129458225981189,0.000537931801547043,0.00043320218859913283,0.00027922217694296335,0.00023958685826476378,0.00020592990313496895,0.00010953848882612818,9.240116581650217e-05,8.411388480938587e-05,5.8201873268481054e-05,5.7318052144102617e-05,4.4703470938460465e-05,3.4790379087519646e-05,2.0089480851520612e-05],[0.007618893481811166,0.0006421739894074654,0.00048284321307555216,0.00022550319289010287,0.00018769733521764774,0.00014841677671354934,0.0001363761933690718,3.2558726276618756e-05,2.7560135365709887e-05,4.840867301431205e-19]]","[[486.2481708090735,259.8446472251625,216.24958445068805,183.7122983171536,147.89858163778146,138.10567669741445,127.8390818749908,103.34982479706355,91.60511919190584,87.40259145050457,86.8697513933867,71.34886983400732,65.24907197972718,59.32450967369966,53.87509130234577,53.481766751236265,50.14529573794769,44.52057679625825,42.78985777372914,41.76746085731856,35.97019704819681,35.62678728170247,34.93521036366559,33.94470369891809,30.66431645451282,30.59598409971866,29.66978902073454,27.203519321359956,27.09406318943487,26.114374850478214,25.599638280334634,24.772905241944187,24.18297441165068,23.988265487043922,23.0492393179248,21.976027593899797,21.20567931219397,20.448066728586863,19.763586864753936,19.65115363803375,18.387490082854235,17.840542777628364,16.86030618941448,16.673746529246984,15.708360268429628,15.046491314196702,14.378149746345663,13.805866165577841,12.90977975226263],[1.053827312171455,0.07369534702057438,0.0666314117714191,0.0391306326344039,0.031362414109694495,0.02274899669259956,0.021576918679090437,0.01611152242496503,0.013100132820057396,0.012076709333946658,0.00929538852279951,0.008757398809397582,0.008051529246804339,0.006793551311188999,0.005132148600329762,0.003634907474596991]]","[[0.003,0.003,0.003,0.003,0.0029999999999999996,0.0029999999999999996,0.0029999999999999996,0.002999999999999999,0.002999999999999999,0.0029999999999999983,0.0029999999999999983,0.0029999999999999983,0.0029999999999999983,0.0029999999999999983,0.002999999999999998,0.002999999999999997],[0.0030000000000000014,0.003000000000000001,0.003000000000000001,0.0030000000000000005,0.0030000000000000005,0.0029999999999999996,0.002999999999999999,0.0029999999999999983,0.002999999999999998,0.002999999999999998]]",13.000000000000002,12.99999999999999,1.0,0.9999999999999991,0.9999999999999989,5.713854681124796e-05,0.39523713183794,0.0037352636560113867,0.015297058540778353,0.0030000000000000014,0.0474627399263946,0.055535028303298276,0.4518211670219898,16,7,2
14,MNISTConvNet,MNIST conv filters=16 kernel=7 stride=2 lr=3e-03,1.0,0.003,Adam,1,5,512,64,2.3024454920692947,,0.869140625,full_conv_patch_and_classifier_activation,2.03794905807466,1.6017597903144905,1.3361415646109975,2.6851794981892854e-05,4.047434019542949e-05,"[[0.0041261752176430955,0.0007521461280233306,0.0004293487966311448,0.0003014922047796296,0.00025095989171161046,0.00020388825291855152,0.00015804962919048368,0.00014861240302033144,9.252181303106068e-05,8.520213952327693e-05,6.647318642261464e-05,5.860523556571801e-05,4.4724286192987685e-05,3.340225940627942e-05,2.5127653494314694e-05,2.2368782309080353e-05],[0.007917701247750302,0.0006868154428324205,0.0003505904122388852,0.0003233380106835738,0.0002070008217364691,0.0001530255695274633,9.173497353351223e-05,4.4976668675302525e-05,2.7977711126327996e-05,6.303158717042814e-19]]","[[486.2481708090735,259.8446472251625,216.24958445068805,183.7122983171536,147.89858163778146,138.10567669741445,127.8390818749908,103.34982479706355,91.60511919190584,87.40259145050457,86.8697513933867,71.34886983400732,65.24907197972718,59.32450967369966,53.87509130234577,53.481766751236265,50.14529573794769,44.52057679625825,42.78985777372914,41.76746085731856,35.97019704819681,35.62678728170247,34.93521036366559,33.94470369891809,30.66431645451282,30.59598409971866,29.66978902073454,27.203519321359956,27.09406318943487,26.114374850478214,25.599638280334634,24.772905241944187,24.18297441165068,23.988265487043922,23.0492393179248,21.976027593899797,21.20567931219397,20.448066728586863,19.763586864753936,19.65115363803375,18.387490082854235,17.840542777628364,16.86030618941448,16.673746529246984,15.708360268429628,15.046491314196702,14.378149746345663,13.805866165577841,12.90977975226263],[1.5373996100843885,0.0643296886497947,0.05048317442488942,0.04106337881988,0.030770431264004906,0.023056604535494588,0.014151114537295091,0.012757500736446424,0.01205126613010407,0.011255047442893983,0.010638547536535026,0.00889302149337702,0.007241192686306752,0.005792522065611178,0.0053695356755793745,0.002548207400655827]]",,,,,,,,,,,,,,0.5011424170807004,16,7,2
15,MNISTConvNet,MNIST conv filters=16 kernel=7 stride=2 lr=3e-03,1.0,0.003,Muon,1,5,512,64,2.302588223604271,,0.88671875,full_conv_patch_and_classifier_activation,2.561095825493239,1.6056065482732864,1.6734255411107624,2.637796256835323e-05,4.973269919358502e-05,"[[0.0032695219243094077,0.0005707195319064447,0.0004458357934445147,0.00038543813760209925,0.0003695382994180843,0.00021893630363487062,0.00018619421220496688,0.00015768153358487803,0.00011202398866115987,0.00010230640171424801,7.698722147149736e-05,7.007089893081379e-05,5.120339736522462e-05,4.369077325559189e-05,3.5715959361930086e-05,2.212183300687194e-05],[0.005698875742881707,0.0008490888038844307,0.0004413917335970233,0.00033798984731810546,0.00031251716744428235,0.00017235006862978313,8.584171095320856e-05,7.910098530230425e-05,3.661030640659338e-05,4.0281478255846596e-19]]","[[486.2481708090735,259.8446472251625,216.24958445068805,183.7122983171536,147.89858163778146,138.10567669741445,127.8390818749908,103.34982479706355,91.60511919190584,87.40259145050457,86.8697513933867,71.34886983400732,65.24907197972718,59.32450967369966,53.87509130234577,53.481766751236265,50.14529573794769,44.52057679625825,42.78985777372914,41.76746085731856,35.97019704819681,35.62678728170247,34.93521036366559,33.94470369891809,30.66431645451282,30.59598409971866,29.66978902073454,27.203519321359956,27.09406318943487,26.114374850478214,25.599638280334634,24.772905241944187,24.18297441165068,23.988265487043922,23.0492393179248,21.976027593899797,21.20567931219397,20.448066728586863,19.763586864753936,19.65115363803375,18.387490082854235,17.840542777628364,16.86030618941448,16.673746529246984,15.708360268429628,15.046491314196702,14.378149746345663,13.805866165577841,12.90977975226263],[1.1294560451046107,0.07478058692346187,0.0709046525658972,0.04294415342778282,0.03387270243102981,0.023847090692789355,0.022424893087657553,0.016906336884877103,0.013701562535290444,0.012686058021348225,0.009535565482677475,0.008929323017837599,0.007979724974412714,0.007238845466672327,0.005046966479365873,0.003726718973669704]]",,,,,,,,,,,,,,0.5447422079741955,16,7,2
16,MNISTConvNet,MNIST conv filters=16 kernel=7 stride=2 lr=3e-03,1.0,0.003,Adam,2,0,512,64,2.3024099838660512,0.000110626166771155,0.900390625,full_conv_patch_and_classifier_activation,1.8507086843497318,1.5955864399677755,1.1996424319802674,3.909962051270057e-05,5.1091008233382417e-05,"[[0.0059823309247423765,0.0009576826284274114,0.0007219191779007215,0.00042579559012296186,0.00033931245856518195,0.0001853063698195602,0.00016527354816524322,0.00015220033683985574,0.0001265844351052826,0.00010380923093219761,9.240835840735922e-05,7.217665770911712e-05,5.9989932813413295e-05,4.1720341762333725e-05,3.2325160822381663e-05,2.9206080143816867e-05],[0.010772613375433646,0.0006192624609799646,0.00032879717634249153,0.0002506742459819273,0.0001192151510129477,9.223133659730375e-05,8.558325003660802e-05,5.5012630953242433e-05,4.1127668928058616e-05,3.9876618632032707e-19]]","[[486.7469956954346,254.87905103727837,216.78189977852952,181.48034224900442,148.00789297796265,138.4572552275255,127.6167318572432,104.06647556993836,91.33859260302864,88.14749526844344,87.10780983922493,72.04824868313176,66.23328882684137,59.98391986945949,56.140411533208955,54.45981203005132,50.68927673314143,45.62513979877622,43.68144988901508,41.68442868823515,36.31823533870285,35.81283475873343,35.378821663203965,33.92792777873004,30.789683614752427,30.73592896969273,29.844017108914954,27.26066835754155,27.137480225179623,25.50088652415177,25.32582961059101,24.682447382142144,24.035985046853575,23.795098589057094,22.252635682782685,21.741758923632204,20.88189116725893,20.230110791191837,19.56648790783419,19.342466234382233,18.412075392793785,17.64769273542979,16.71468864753443,16.478450426833934,15.664906398627155,14.917052642026235,14.32450260066382,13.654128567672489,12.806041615073447],[1.7271711383192114,0.06753428105111303,0.04565392906459255,0.02532987400469605,0.02237437722006577,0.018452448448678098,0.017436139968891318,0.013797473043943685,0.012349122508222968,0.011281322682391064,0.00995003540838044,0.009239364558368697,0.007739817865174821,0.007032261131892799,0.004017237108634724,0.003272321666095495]]","[[0.012142515100407047,0.003737966823576531,0.003389946091027249,0.0029116409637525886,0.0026212828120947707,0.0019944639599127514,0.0013671621575116987,8.235475668517715e-06,5.58072574322698e-07,3.2919471144611424e-07,5.5213513331679495e-08,4.232354886290839e-08,2.146237959525616e-08,1.8356421410280718e-08,5.3583242141651825e-09,3.6327493868657753e-09],[0.005866571144233887,0.0016057041027475337,0.0013726545725759548,0.0008776643150735722,0.0004999148824542902,8.397006229287672e-08,1.432995473103711e-08,5.41810955161066e-09,2.3145390852417656e-09,4.3542152095190046e-10]]",3.354353924272516,1.2378846027695238,0.25875596185680144,0.0991047184216682,0.38226794952453974,0.00010590476031923858,0.5573563854833162,0.006923210762181593,0.015297058540778358,0.012142515100407047,0.04734322199743346,0.047235647136348174,0.04739866708405316,16,7,2
17,MNISTConvNet,MNIST conv filters=16 kernel=7 stride=2 lr=3e-03,1.0,0.003,Muon,2,0,512,64,2.3024099838660512,6.657595820991347e-05,0.900390625,full_conv_patch_and_classifier_activation,1.8507086843497318,1.5955864399677755,1.1996424319802674,3.909962051270057e-05,5.1091008233382417e-05,"[[0.0059823309247423765,0.0009576826284274114,0.0007219191779007215,0.00042579559012296186,0.00033931245856518195,0.0001853063698195602,0.00016527354816524322,0.00015220033683985574,0.0001265844351052826,0.00010380923093219761,9.240835840735922e-05,7.217665770911712e-05,5.9989932813413295e-05,4.1720341762333725e-05,3.2325160822381663e-05,2.9206080143816867e-05],[0.010772613375433646,0.0006192624609799646,0.00032879717634249153,0.0002506742459819273,0.0001192151510129477,9.223133659730375e-05,8.558325003660802e-05,5.5012630953242433e-05,4.1127668928058616e-05,3.9876618632032707e-19]]","[[486.7469956954346,254.87905103727837,216.78189977852952,181.48034224900442,148.00789297796265,138.4572552275255,127.6167318572432,104.06647556993836,91.33859260302864,88.14749526844344,87.10780983922493,72.04824868313176,66.23328882684137,59.98391986945949,56.140411533208955,54.45981203005132,50.68927673314143,45.62513979877622,43.68144988901508,41.68442868823515,36.31823533870285,35.81283475873343,35.378821663203965,33.92792777873004,30.789683614752427,30.73592896969273,29.844017108914954,27.26066835754155,27.137480225179623,25.50088652415177,25.32582961059101,24.682447382142144,24.035985046853575,23.795098589057094,22.252635682782685,21.741758923632204,20.88189116725893,20.230110791191837,19.56648790783419,19.342466234382233,18.412075392793785,17.64769273542979,16.71468864753443,16.478450426833934,15.664906398627155,14.917052642026235,14.32450260066382,13.654128567672489,12.806041615073447],[1.7271711383192114,0.06753428105111303,0.04565392906459255,0.02532987400469605,0.02237437722006577,0.018452448448678098,0.017436139968891318,0.013797473043943685,0.012349122508222968,0.011281322682391064,0.00995003540838044,0.009239364558368697,0.007739817865174821,0.007032261131892799,0.004017237108634724,0.003272321666095495]]","[[0.003000000000000001,0.003000000000000001,0.003000000000000001,0.003000000000000001,0.003000000000000001,0.0030000000000000005,0.0030000000000000005,0.0030000000000000005,0.003,0.0029999999999999996,0.0029999999999999996,0.0029999999999999996,0.0029999999999999996,0.0029999999999999988,0.0029999999999999988,0.0029999999999999983],[0.003000000000000003,0.003000000000000002,0.003000000000000001,0.003000000000000001,0.003000000000000001,0.0029999999999999996,0.0029999999999999996,0.002999999999999999,0.002999999999999999,0.002999999999999998]]",13.0,12.999999999999986,1.0,0.9999999999999989,0.9999999999999989,6.555767558563623e-05,0.3450174382620307,0.004285639321499287,0.015297058540778357,0.003000000000000003,0.04734322199743345,0.05576153223258935,0.09146300004795194,16,7,2
16,MNISTConvNet,MNIST conv filters=16 kernel=7 stride=2 lr=3e-03,1.0,0.003,Adam,2,1,512,64,2.3026249772615177,9.094627643690956e-05,0.8984375,full_conv_patch_and_classifier_activation,2.005203984465685,1.5956197313808818,1.2693009489378801,3.4813064390600775e-05,4.537036314652871e-05,"[[0.004672831632156675,0.0009030054654727202,0.0005597813818115566,0.0004060817461857985,0.00035155584226337924,0.00024165937940279865,0.00018233098716312552,0.00015151149324995957,0.00013001391816726613,0.00010307180686231794,7.326503523554102e-05,5.548747541356943e-05,4.207451192595698e-05,3.64359158319125e-05,2.68997852311213e-05,1.829409829801815e-05],[0.010489299580691551,0.0005062228153956174,0.00039309543039798433,0.00022028310743447963,0.0001506691355748238,0.00010398443895059316,6.475784036685347e-05,5.842468885483815e-05,3.4078413162252425e-05,9.470964869415395e-19]]","[[486.7469956954346,254.87905103727837,216.78189977852952,181.48034224900442,148.00789297796265,138.4572552275255,127.6167318572432,104.06647556993836,91.33859260302864,88.14749526844344,87.10780983922493,72.04824868313176,66.23328882684137,59.98391986945949,56.140411533208955,54.45981203005132,50.68927673314143,45.62513979877622,43.68144988901508,41.68442868823515,36.31823533870285,35.81283475873343,35.378821663203965,33.92792777873004,30.789683614752427,30.73592896969273,29.844017108914954,27.26066835754155,27.137480225179623,25.50088652415177,25.32582961059101,24.682447382142144,24.035985046853575,23.795098589057094,22.252635682782685,21.741758923632204,20.88189116725893,20.230110791191837,19.56648790783419,19.342466234382233,18.412075392793785,17.64769273542979,16.71468864753443,16.478450426833934,15.664906398627155,14.917052642026235,14.32450260066382,13.654128567672489,12.806041615073447],[1.7818193756534637,0.06958335924257819,0.04948013913854354,0.026210315847724586,0.02307226082750766,0.019254034139946977,0.017562912937272992,0.014362728541191964,0.012605383402583157,0.011483273515721386,0.010762236629427378,0.00898235075494477,0.008226481095924356,0.006901455475771476,0.004538511860283171,0.002960474647495489]]","[[0.013146261140928473,0.00332632987110265,0.0027964956261745254,0.001076777739633553,0.0005441094578207114,0.00046303463641900785,0.0002468333391256241,0.0002269988807236875,0.00019131543039171408,0.00014739934744173092,0.00012624186688022927,0.00012223189022749308,6.983913349518877e-05,5.5827557945717256e-05,3.1174752241829276e-05,1.4267496806704143e-05],[0.005865828539895018,0.001550963916246929,0.0007064200581531561,0.0005444494035253794,0.0003337717023111402,0.0001341998883573439,0.00011999730824717117,6.549602681784684e-05,3.50689416733954e-05,1.8471080081874014e-05]]",2.481214381667572,1.108766807946719,0.19871718308959324,0.08987378477204003,0.44830008167623936,8.710406764024036e-05,0.49483368357528873,0.005726710698145419,0.01521013933329106,0.013146261140928473,0.04696009134429781,0.046355311023092025,0.14200658397749066,16,7,2
17,MNISTConvNet,MNIST conv filters=16 kernel=7 stride=2 lr=3e-03,1.0,0.003,Muon,2,1,512,64,2.30264706568303,5.947337883194237e-05,0.9140625,full_conv_patch_and_classifier_activation,1.9479419160316986,1.5956231769993288,1.241925362826001,3.4787747478675524e-05,4.5182733537103376e-05,"[[0.004835652188650581,0.0008856261987914646,0.0005745399067088802,0.00040811376253141067,0.00032757938104642856,0.00021467668148912833,0.00017119280766853041,0.0001508998392266591,0.00012903538879576704,8.0680402941516e-05,7.643703764310746e-05,5.5076903489159565e-05,4.0483136798195146e-05,3.809151874648729e-05,2.8599543203486164e-05,1.9552369904375683e-05],[0.010388535872991296,0.0004782216556019296,0.00040648945780072176,0.00021677144828496174,0.00015201432911496034,9.609628163270348e-05,6.595480725048572e-05,5.0240592827973506e-05,3.013543552096345e-05,3.291909569449292e-19]]","[[486.7469956954346,254.87905103727837,216.78189977852952,181.48034224900442,148.00789297796265,138.4572552275255,127.6167318572432,104.06647556993836,91.33859260302864,88.14749526844344,87.10780983922493,72.04824868313176,66.23328882684137,59.98391986945949,56.140411533208955,54.45981203005132,50.68927673314143,45.62513979877622,43.68144988901508,41.68442868823515,36.31823533870285,35.81283475873343,35.378821663203965,33.92792777873004,30.789683614752427,30.73592896969273,29.844017108914954,27.26066835754155,27.137480225179623,25.50088652415177,25.32582961059101,24.682447382142144,24.035985046853575,23.795098589057094,22.252635682782685,21.741758923632204,20.88189116725893,20.230110791191837,19.56648790783419,19.342466234382233,18.412075392793785,17.64769273542979,16.71468864753443,16.478450426833934,15.664906398627155,14.917052642026235,14.32450260066382,13.654128567672489,12.806041615073447],[1.7652555920491657,0.06868559078392399,0.0487679875491738,0.02622326643982004,0.0240045856266824,0.018658655099393674,0.017936130834628118,0.014424684364655162,0.012791050045320964,0.011338371961503616,0.010159621964388424,0.009318728646034294,0.008026255990481547,0.00712311823310523,0.004386193212559925,0.0028819003545049082]]","[[0.0030000000000000022,0.0030000000000000014,0.0030000000000000014,0.0030000000000000005,0.0030000000000000005,0.0030000000000000005,0.0030000000000000005,0.0030000000000000005,0.003,0.003,0.003,0.0029999999999999996,0.0029999999999999996,0.0029999999999999996,0.002999999999999999,0.002999999999999997],[0.003000000000000001,0.003000000000000001,0.003,0.003,0.003,0.0029999999999999996,0.0029999999999999996,0.0029999999999999996,0.0029999999999999996,0.0029999999999999988]]",12.999999999999998,12.999999999999986,0.9999999999999999,0.999999999999999,0.9999999999999991,5.9762090845983515e-05,0.3383670431568788,0.003906770094830444,0.015297058540778357,0.0030000000000000022,0.04696009134429781,0.05531642455190339,0.18712766701355577,16,7,2
16,MNISTConvNet,MNIST conv filters=16 kernel=7 stride=2 lr=3e-03,1.0,0.003,Adam,2,2,512,64,2.3025048869466374,3.924050085757358e-05,0.88671875,full_conv_patch_and_classifier_activation,2.171668612959543,1.5955115910346738,1.3835624668138746,1.7837092061073363e-05,2.5756991338561173e-05,"[[0.0035955991196505795,0.0005642013627868212,0.0005240589135915668,0.0003932818255966217,0.0002561444239930675,0.00019103693123736712,0.00016335287135347897,0.00011889142793653796,0.00010924676303811772,9.979606312586427e-05,8.370185084612137e-05,7.741932082022836e-05,5.9609659304752094e-05,5.098112481473313e-05,2.673151330369963e-05,2.0682002426299785e-05],[0.007853698393291272,0.0005786112158433083,0.00041038174467441656,0.00021621649116260116,0.00016107603465447462,0.00012292658702968287,7.327964171936082e-05,4.766317412746906e-05,3.342138751969168e-05,3.4172722411578737e-19]]","[[486.7469956954346,254.87905103727837,216.78189977852952,181.48034224900442,148.00789297796265,138.4572552275255,127.6167318572432,104.06647556993836,91.33859260302864,88.14749526844344,87.10780983922493,72.04824868313176,66.23328882684137,59.98391986945949,56.140411533208955,54.45981203005132,50.68927673314143,45.62513979877622,43.68144988901508,41.68442868823515,36.31823533870285,35.81283475873343,35.378821663203965,33.92792777873004,30.789683614752427,30.73592896969273,29.844017108914954,27.26066835754155,27.137480225179623,25.50088652415177,25.32582961059101,24.682447382142144,24.035985046853575,23.795098589057094,22.252635682782685,21.741758923632204,20.88189116725893,20.230110791191837,19.56648790783419,19.342466234382233,18.412075392793785,17.64769273542979,16.71468864753443,16.478450426833934,15.664906398627155,14.917052642026235,14.32450260066382,13.654128567672489,12.806041615073447],[1.8685907643952528,0.07152748972092508,0.04897223048047603,0.026477378269650464,0.022802163722555793,0.019455561050445574,0.01767749912539851,0.01438974560041371,0.013025186675886346,0.01095640192573968,0.010615008370186203,0.008935219131508217,0.008311561086351877,0.007260321688005917,0.00534963278736789,0.002421619899776127]]","[[0.012538262975928735,0.0039038928594541744,0.0027350861299345894,0.0020654758169664357,0.0014497692629646276,0.0010502844196370864,0.0009046011351742531,0.0005736605107481001,0.0004538142135575817,0.0003431692549872129,0.00031540787112215534,0.00025350787706887096,0.00016600537509424548,0.00012283510287389144,0.00011066660663973342,4.3015557122783224e-05],[0.0061329900939158764,0.0015819009103488193,0.0012413293562931896,0.0007121464718448532,0.00048276903125365724,0.0003466502653739359,0.00025057213534337747,0.00014363699150303193,8.280262998349854e-05,5.4366713137440465e-05]]",3.3592199874069943,1.167830844085211,0.26347788703388464,0.09423034609155592,0.35407058170660644,3.626967771985119e-05,0.2730662382063024,0.002382750158095971,0.015221771194355466,0.012538262975928735,0.046891091886333724,0.047316978894034266,0.2332077920436859,16,7,2
17,MNISTConvNet,MNIST conv filters=16 kernel=7 stride=2 lr=3e-03,1.0,0.003,Muon,2,2,512,64,2.3024989913502982,4.690681416841258e-05,0.884765625,full_conv_patch_and_classifier_activation,2.243664406797767,1.5957321391055581,1.4311596286054713,1.7852604535294167e-05,2.6757966791247948e-05,"[[0.00357188306044013,0.000699162707280993,0.000527882630885085,0.0004028409058321304,0.0002518167823575532,0.00019110859753047505,0.0001641109789950048,0.00011949694151070456,0.00010664436291952885,8.661394622450526e-05,8.339361654177868e-05,7.652805309105569e-05,6.332048499622985e-05,4.2870269616438396e-05,2.5577841409409892e-05,1.898463156921416e-05],[0.007342987980025279,0.0005955676379366398,0.0004184381855079687,0.00020126884872657638,0.00015442450871100058,0.0001429897574011393,0.00010033357424076945,5.7450723701476215e-05,4.394913725101348e-05,3.7028556153560775e-19]]","[[486.7469956954346,254.87905103727837,216.78189977852952,181.48034224900442,148.00789297796265,138.4572552275255,127.6167318572432,104.06647556993836,91.33859260302864,88.14749526844344,87.10780983922493,72.04824868313176,66.23328882684137,59.98391986945949,56.140411533208955,54.45981203005132,50.68927673314143,45.62513979877622,43.68144988901508,41.68442868823515,36.31823533870285,35.81283475873343,35.378821663203965,33.92792777873004,30.789683614752427,30.73592896969273,29.844017108914954,27.26066835754155,27.137480225179623,25.50088652415177,25.32582961059101,24.682447382142144,24.035985046853575,23.795098589057094,22.252635682782685,21.741758923632204,20.88189116725893,20.230110791191837,19.56648790783419,19.342466234382233,18.412075392793785,17.64769273542979,16.71468864753443,16.478450426833934,15.664906398627155,14.917052642026235,14.32450260066382,13.654128567672489,12.806041615073447],[1.7480134454729468,0.07001028667369145,0.05200457076917243,0.025550813410131195,0.0233683131616768,0.01884049438737727,0.01809103262040579,0.014482501522438955,0.012937327752111726,0.011301730488244142,0.010267646702319685,0.009426525905485495,0.008448505109124834,0.00700934569066591,0.004806622036208295,0.0026606810264647117]]","[[0.003,0.003,0.003,0.0029999999999999996,0.002999999999999999,0.002999999999999999,0.002999999999999999,0.002999999999999999,0.002999999999999999,0.002999999999999999,0.0029999999999999983,0.0029999999999999983,0.0029999999999999983,0.002999999999999998,0.002999999999999997,0.002999999999999997],[0.0030000000000000014,0.0030000000000000014,0.003000000000000001,0.003000000000000001,0.0030000000000000005,0.0030000000000000005,0.0030000000000000005,0.0030000000000000005,0.0030000000000000005,0.0029999999999999996]]",12.999999999999996,12.999999999999991,0.9999999999999998,0.9999999999999993,0.9999999999999996,4.64689384941063e-05,0.36725883135047666,0.003037769540479372,0.01529705854077835,0.0030000000000000014,0.04689109188633373,0.05515172369963974,0.2771260419394821,16,7,2
16,MNISTConvNet,MNIST conv filters=16 kernel=7 stride=2 lr=3e-03,1.0,0.003,Adam,2,3,512,64,2.30239554318752,7.347959617387545e-05,0.88671875,full_conv_patch_and_classifier_activation,1.9482578979215168,1.595264221790003,1.272507866662946,1.818581870046375e-05,2.564874244088963e-05,"[[0.005114280304535944,0.0007744832238994624,0.0005934310462591954,0.00039488896679618746,0.00034916256591563963,0.00027545895588580277,0.00016499237453698038,0.00015294747967175879,0.00010038747249546928,9.159155374630487e-05,6.41664999394689e-05,5.698370116586212e-05,4.580709507515925e-05,3.788519206661504e-05,3.237117427097321e-05,2.0433539187927663e-05],[0.008668384198548663,0.0005473395101899988,0.0004290239210838362,0.00023645166961741934,0.00017204361019089706,0.0001151425314339772,8.678547134336195e-05,6.263804121900667e-05,2.9985569986238135e-05,3.0140555673982493e-19]]","[[486.7469956954346,254.87905103727837,216.78189977852952,181.48034224900442,148.00789297796265,138.4572552275255,127.6167318572432,104.06647556993836,91.33859260302864,88.14749526844344,87.10780983922493,72.04824868313176,66.23328882684137,59.98391986945949,56.140411533208955,54.45981203005132,50.68927673314143,45.62513979877622,43.68144988901508,41.68442868823515,36.31823533870285,35.81283475873343,35.378821663203965,33.92792777873004,30.789683614752427,30.73592896969273,29.844017108914954,27.26066835754155,27.137480225179623,25.50088652415177,25.32582961059101,24.682447382142144,24.035985046853575,23.795098589057094,22.252635682782685,21.741758923632204,20.88189116725893,20.230110791191837,19.56648790783419,19.342466234382233,18.412075392793785,17.64769273542979,16.71468864753443,16.478450426833934,15.664906398627155,14.917052642026235,14.32450260066382,13.654128567672489,12.806041615073447],[2.0407280324642576,0.07237421957061785,0.04573951097927824,0.028007248506823953,0.023068928451635627,0.018857315228834392,0.01801266154105443,0.015172377969440723,0.013341643466227465,0.01118717338434807,0.009375112087955254,0.00877303439220599,0.008282815007567303,0.0076863229009684324,0.0057787365189804355,0.002304180456643293]]","[[0.012756820405469915,0.0038864374956435357,0.003141807476223651,0.001591820127867319,0.0011782571907227061,0.0009898355236827605,0.0008263053472886288,0.0006172329965515132,0.0004408651335542247,0.00034135173724234713,0.00030455538927035345,0.00021048851936282016,0.00014444227340548916,0.00011007360876472713,7.710621412426434e-05,4.910637012487551e-05],[0.00551901396317054,0.001756188344480167,0.0013017018126824929,0.0010584667923044955,0.0004600747882726601,0.0004063163658000718,0.00026705737986819307,0.00023116246279754788,0.0001643608935744503,5.158100976386734e-05]]",3.5362062851235008,1.2021209475864567,0.284951979514225,0.09784078643974098,0.34047021125208343,6.926956572177604e-05,0.44841285774240824,0.0045570456084009555,0.015200542560749658,0.012756820405469915,0.046558549873166995,0.04561808074347289,0.32278775004670024,16,7,2
17,MNISTConvNet,MNIST conv filters=16 kernel=7 stride=2 lr=3e-03,1.0,0.003,Muon,2,3,512,64,2.302394588947439,5.243144434130542e-05,0.869140625,full_conv_patch_and_classifier_activation,2.2182634538151844,1.595787564148138,1.417287888653184,1.8658257570086285e-05,2.7812131492128686e-05,"[[0.004400453006695484,0.0008976690507641747,0.0007300370719688156,0.00043751613327422476,0.00032645961598169455,0.0003113865246167558,0.0001671760483689193,0.00014877500694322133,0.00012227217114503465,8.027510975899527e-05,7.011274940072426e-05,5.738705248612156e-05,5.04997221064166e-05,4.084470683965776e-05,2.9982658818039946e-05,2.174722069615985e-05],[0.0076204829802398065,0.0005662114927835942,0.000489584381443862,0.00021062460566809176,0.00016453381686862197,0.00012284146609542045,7.384127242530596e-05,7.191136558147342e-05,5.2921642458938334e-05,3.7434673886557547e-19]]","[[486.7469956954346,254.87905103727837,216.78189977852952,181.48034224900442,148.00789297796265,138.4572552275255,127.6167318572432,104.06647556993836,91.33859260302864,88.14749526844344,87.10780983922493,72.04824868313176,66.23328882684137,59.98391986945949,56.140411533208955,54.45981203005132,50.68927673314143,45.62513979877622,43.68144988901508,41.68442868823515,36.31823533870285,35.81283475873343,35.378821663203965,33.92792777873004,30.789683614752427,30.73592896969273,29.844017108914954,27.26066835754155,27.137480225179623,25.50088652415177,25.32582961059101,24.682447382142144,24.035985046853575,23.795098589057094,22.252635682782685,21.741758923632204,20.88189116725893,20.230110791191837,19.56648790783419,19.342466234382233,18.412075392793785,17.64769273542979,16.71468864753443,16.478450426833934,15.664906398627155,14.917052642026235,14.32450260066382,13.654128567672489,12.806041615073447],[1.774201268332898,0.07068204162467187,0.054759579250080424,0.026852773254457823,0.025709087266392254,0.019371037073083085,0.01912813633825332,0.014710847589691824,0.01329858738111652,0.011262324403888684,0.010681847732958459,0.009518343675892866,0.008755091978969183,0.006943964902608725,0.004770141148780284,0.002783076349763372]]","[[0.003000000000000002,0.0030000000000000014,0.0030000000000000014,0.0030000000000000014,0.003000000000000001,0.0030000000000000005,0.003,0.003,0.003,0.003,0.0029999999999999996,0.0029999999999999996,0.002999999999999999,0.0029999999999999988,0.0029999999999999975,0.0029999999999999975],[0.003000000000000003,0.003000000000000001,0.003000000000000001,0.003000000000000001,0.003000000000000001,0.003000000000000001,0.003000000000000001,0.003000000000000001,0.003000000000000001,0.003000000000000001]]",13.0,12.999999999999984,1.0,0.9999999999999987,0.9999999999999987,5.179664062028867e-05,0.378773478087493,0.003386052323864161,0.01529705854077836,0.003000000000000003,0.046558549873166995,0.05439175208028425,0.3667298750951886,16,7,2
16,MNISTConvNet,MNIST conv filters=16 kernel=7 stride=2 lr=3e-03,1.0,0.003,Adam,2,4,512,64,2.3022016845117887,0.0001221897506047398,0.88671875,full_conv_patch_and_classifier_activation,1.6498185943458954,1.5951015887686628,1.0999164698017034,2.972384868104717e-05,3.793990254907486e-05,"[[0.006126752131894294,0.0005792106033649971,0.0004352648669556447,0.0003443186650666851,0.0002833795916044638,0.0002297749422763979,0.00017732890686413967,0.0001359930410539791,0.00010843621300296747,9.495922670781758e-05,8.294224939810635e-05,7.895581825950396e-05,4.8139075251218174e-05,3.452297368260018e-05,2.677659880494916e-05,2.189011870054591e-05],[0.012505821937244112,0.0005580493766153816,0.0004047453491770643,0.00026655083577703656,0.00014215130085340716,0.00011320914740720831,8.666211905987709e-05,5.3404110295339545e-05,3.9992509270556e-05,1.5131418537884507e-18]]","[[486.7469956954346,254.87905103727837,216.78189977852952,181.48034224900442,148.00789297796265,138.4572552275255,127.6167318572432,104.06647556993836,91.33859260302864,88.14749526844344,87.10780983922493,72.04824868313176,66.23328882684137,59.98391986945949,56.140411533208955,54.45981203005132,50.68927673314143,45.62513979877622,43.68144988901508,41.68442868823515,36.31823533870285,35.81283475873343,35.378821663203965,33.92792777873004,30.789683614752427,30.73592896969273,29.844017108914954,27.26066835754155,27.137480225179623,25.50088652415177,25.32582961059101,24.682447382142144,24.035985046853575,23.795098589057094,22.252635682782685,21.741758923632204,20.88189116725893,20.230110791191837,19.56648790783419,19.342466234382233,18.412075392793785,17.64769273542979,16.71468864753443,16.478450426833934,15.664906398627155,14.917052642026235,14.32450260066382,13.654128567672489,12.806041615073447],[2.298160242835479,0.07981451517477396,0.044065209529818926,0.029133612075277295,0.02239785563939013,0.019400367769308834,0.017532769062049126,0.015058926476148166,0.013410150129118444,0.011472821161580977,0.009316137285071116,0.008502118525859885,0.008137313536367999,0.007461471749387887,0.0059367182628837206,0.0024737960537528155]]","[[0.013096853481730791,0.003348371994863661,0.0021645055596882837,0.001176689654838451,0.0010453320771598468,0.0009247627589433935,0.0007647314021945965,0.0005226561096708109,0.00036926219828861884,0.0003156471971009079,0.00023028673748771305,0.00019375698261794776,0.0001467510000215274,0.00010327758995675858,5.967129097430704e-05,3.674250396831066e-05],[0.005889174822074241,0.0018145672373927326,0.0010241012079930747,0.0008355185392539609,0.00045363757452413856,0.00033962475673809446,0.000263822856479067,0.00016249632335450142,9.737535864259446e-05,2.5772381805440237e-05]]",3.044497674751951,1.1384264222552458,0.24582836875065228,0.09285712250185649,0.37437037330932277,0.00011459185525946025,0.5380717777209407,0.007521255704616876,0.015235734531551526,0.013096853481730791,0.046258113722631125,0.0459674932775433,0.4125258750282228,16,7,2
17,MNISTConvNet,MNIST conv filters=16 kernel=7 stride=2 lr=3e-03,1.0,0.003,Muon,2,4,512,64,2.3023634523977794,6.11697485877194e-05,0.8359375,full_conv_patch_and_classifier_activation,1.9276159539128184,1.59571039847089,1.2477227637081167,2.9644820411988703e-05,4.0160715535952566e-05,"[[0.00514939468976294,0.0007176937707138236,0.000597741979364557,0.00042791317120699095,0.00039049556363771965,0.0002846824900200057,0.00017442184083932678,0.00013870852615216993,0.00010012078845973234,7.455751512298914e-05,6.731026497471957e-05,6.062924038214283e-05,5.153238134079635e-05,4.4660582152654434e-05,3.3353982821778e-05,2.9520060855165483e-05],[0.00996829960207694,0.0005841350811161729,0.0004208743841861804,0.0002524012914835403,0.00016722430351035744,0.00011200942124593968,7.565427738657949e-05,4.7861139773580576e-05,3.0159665239166078e-05,5.845575904987554e-19]]","[[486.7469956954346,254.87905103727837,216.78189977852952,181.48034224900442,148.00789297796265,138.4572552275255,127.6167318572432,104.06647556993836,91.33859260302864,88.14749526844344,87.10780983922493,72.04824868313176,66.23328882684137,59.98391986945949,56.140411533208955,54.45981203005132,50.68927673314143,45.62513979877622,43.68144988901508,41.68442868823515,36.31823533870285,35.81283475873343,35.378821663203965,33.92792777873004,30.789683614752427,30.73592896969273,29.844017108914954,27.26066835754155,27.137480225179623,25.50088652415177,25.32582961059101,24.682447382142144,24.035985046853575,23.795098589057094,22.252635682782685,21.741758923632204,20.88189116725893,20.230110791191837,19.56648790783419,19.342466234382233,18.412075392793785,17.64769273542979,16.71468864753443,16.478450426833934,15.664906398627155,14.917052642026235,14.32450260066382,13.654128567672489,12.806041615073447],[1.8366362990010046,0.07080943143312658,0.05633539872558566,0.027572135056077928,0.026324395676638995,0.019530214269245342,0.01862305730429707,0.01509329772531332,0.013751849942385614,0.011061652420184894,0.010598930536259292,0.009115572625171516,0.008774662249427887,0.007030957779066772,0.004978959491675362,0.0031502583459337707]]","[[0.003000000000000002,0.003000000000000001,0.0030000000000000005,0.0030000000000000005,0.0030000000000000005,0.003,0.003,0.003,0.003,0.003,0.0029999999999999996,0.0029999999999999996,0.0029999999999999996,0.0029999999999999988,0.0029999999999999983,0.002999999999999997],[0.003,0.0029999999999999996,0.0029999999999999996,0.0029999999999999996,0.0029999999999999996,0.0029999999999999996,0.002999999999999999,0.002999999999999999,0.0029999999999999983,0.002999999999999998]]",13.000000000000004,12.999999999999988,1.0000000000000002,0.9999999999999991,0.9999999999999989,6.000406804147788e-05,0.3468685297113619,0.003922588638954423,0.01529705854077835,0.003000000000000002,0.04625811372263114,0.05373250354107119,0.4556646249257028,16,7,2
16,MNISTConvNet,MNIST conv filters=16 kernel=7 stride=2 lr=3e-03,1.0,0.003,Adam,2,5,512,64,2.3023386481879426,,0.88671875,full_conv_patch_and_classifier_activation,1.8685063634902792,1.5948726142777485,1.2090788270379613,2.5957161981882076e-05,3.400180391533016e-05,"[[0.005074267784442731,0.0008946635724856779,0.00042760426424360556,0.00035616247606686533,0.00028607686355318563,0.0002680158783164827,0.00016532307445997921,0.00014248135165585197,0.00010377749033098842,9.388099465814628e-05,8.234264679261489e-05,6.451211868596295e-05,5.76333912576546e-05,3.922993322777801e-05,2.8000107886212082e-05,2.195673848138614e-05],[0.013366573610369676,0.0008074182019527769,0.0004460185119321687,0.0003178894341365127,0.00015089460882840872,0.0001292373571751824,6.906819309951195e-05,3.725896481421461e-05,2.936423359053848e-05,7.183238134569383e-19]]","[[486.7469956954346,254.87905103727837,216.78189977852952,181.48034224900442,148.00789297796265,138.4572552275255,127.6167318572432,104.06647556993836,91.33859260302864,88.14749526844344,87.10780983922493,72.04824868313176,66.23328882684137,59.98391986945949,56.140411533208955,54.45981203005132,50.68927673314143,45.62513979877622,43.68144988901508,41.68442868823515,36.31823533870285,35.81283475873343,35.378821663203965,33.92792777873004,30.789683614752427,30.73592896969273,29.844017108914954,27.26066835754155,27.137480225179623,25.50088652415177,25.32582961059101,24.682447382142144,24.035985046853575,23.795098589057094,22.252635682782685,21.741758923632204,20.88189116725893,20.230110791191837,19.56648790783419,19.342466234382233,18.412075392793785,17.64769273542979,16.71468864753443,16.478450426833934,15.664906398627155,14.917052642026235,14.32450260066382,13.654128567672489,12.806041615073447],[2.6308889331872476,0.08239542325541219,0.042336476745554956,0.030141891823979302,0.02211347598430475,0.0199291969556973,0.016631811138061323,0.014748988538826072,0.01338479898787427,0.011887359669675555,0.009672222200769456,0.00846154565187458,0.007681538255474737,0.007334064359034796,0.006330117497109359,0.0028968899550901104]]",,,,,,,,,,,,,,0.5021455420646816,16,7,2
17,MNISTConvNet,MNIST conv filters=16 kernel=7 stride=2 lr=3e-03,1.0,0.003,Muon,2,5,512,64,2.3025533904320055,,0.900390625,full_conv_patch_and_classifier_activation,2.0468428509111325,1.5957231358787,1.3353152272902293,2.6108196663174316e-05,3.8562757465946216e-05,"[[0.005404422040656388,0.0009302402043003674,0.000719195034752866,0.0004365504538019643,0.00035626772735245106,0.0003295528431002802,0.00018209073480286858,0.00015981806915810567,0.0001208572983955652,9.427494932819146e-05,7.404268084761848e-05,6.698327830088163e-05,4.973591569380744e-05,3.3856770111816876e-05,2.9552689241575656e-05,2.6956813253961682e-05],[0.009638634610857545,0.0007473472447712674,0.0006341175146924494,0.0002827540760051948,0.00016758840564496557,0.0001426843479405531,0.00011154926444190812,4.449482094004297e-05,3.423879153930184e-05,4.571661040489316e-19]]","[[486.7469956954346,254.87905103727837,216.78189977852952,181.48034224900442,148.00789297796265,138.4572552275255,127.6167318572432,104.06647556993836,91.33859260302864,88.14749526844344,87.10780983922493,72.04824868313176,66.23328882684137,59.98391986945949,56.140411533208955,54.45981203005132,50.68927673314143,45.62513979877622,43.68144988901508,41.68442868823515,36.31823533870285,35.81283475873343,35.378821663203965,33.92792777873004,30.789683614752427,30.73592896969273,29.844017108914954,27.26066835754155,27.137480225179623,25.50088652415177,25.32582961059101,24.682447382142144,24.035985046853575,23.795098589057094,22.252635682782685,21.741758923632204,20.88189116725893,20.230110791191837,19.56648790783419,19.342466234382233,18.412075392793785,17.64769273542979,16.71468864753443,16.478450426833934,15.664906398627155,14.917052642026235,14.32450260066382,13.654128567672489,12.806041615073447],[1.8975569989744867,0.07221657045378016,0.06031882420791271,0.028272712461114843,0.026617569766993258,0.020409579944365423,0.019565458007434148,0.016014793498157008,0.01383845291408943,0.01132603479374506,0.010912573856154432,0.009323518443954326,0.008933031956546565,0.007134127958578431,0.00537333145364691,0.00370892130852107]]",,,,,,,,,,,,,,0.5449828340206295,16,7,2
18,MNISTConvNet,MNIST conv filters=16 kernel=7 stride=2 lr=1e-02,1.0,0.01,Adam,0,0,512,64,2.3025179403532103,0.00023715659765821684,0.9140625,full_conv_patch_and_classifier_activation,1.8697810378928086,1.574514396535812,1.2761848681273187,3.364401057209469e-05,5.123722645285146e-05,"[[0.0053939618091053574,0.0005417210008437489,0.000519571587628762,0.0003791500151734582,0.0002460526436759503,0.00023724082679386883,0.00020581937563589095,0.00013913721565453514,0.00011714943357574434,8.371771365619585e-05,7.06845090951005e-05,5.8860528616180175e-05,5.4367695952214765e-05,3.5873440053605534e-05,2.6099084496976173e-05,2.273165950661028e-05],[0.005079329318041153,0.000399006285369819,0.00031974646843195803,0.0001910989037955077,0.0001326216852980696,9.357570946175399e-05,6.463558002693803e-05,3.855691979557628e-05,1.7276966641672673e-05,2.551672752608272e-19]]","[[501.2838233391682,262.2017225172453,218.1407633790149,186.02700311640524,147.75599578714636,138.38247544402535,128.9878921443775,103.37825115797077,90.95939908651006,87.84597773104926,87.33219965821304,71.10863014115188,64.43283364430818,60.29015968703359,53.96933331596295,53.46116945814087,49.746075554058784,44.58815232110708,42.30940499248376,41.59294146216923,36.01046266244356,35.19286777706035,35.053991209895024,33.25998106648406,30.96326156100716,30.180863787964302,29.604531865687306,27.170536306251982,26.668823950712493,26.406102919582295,25.444833074128553,24.42460911602404,24.281607561868398,23.73533960749352,22.87219660342007,21.957780585006265,21.07305078050606,20.22909606158655,19.887087711759282,19.617172997771313,18.364194517488897,17.763809500157663,16.895965588973063,16.854987836657727,15.835998162763424,15.156575697838418,14.463423920452072,13.855967068711701,12.833280340345743],[0.8812830249324684,0.06121876339740189,0.03231889248118545,0.026424545730266057,0.01913942231294876,0.01596593878385534,0.012045735997597264,0.010999831501932964,0.009961851802162872,0.009240184016953019,0.008812629440036605,0.007571121226949473,0.006460830607043151,0.006162473175369605,0.004702259203524316,0.003942209484094159]]","[[0.04068409709606153,0.012861724368790108,0.010542042749514058,0.010277617765950238,0.007391838657469459,0.005242560645545709,0.004539308049778442,0.003182467786618407,0.0027978373916366876,8.943872241188448e-06,6.752373851012445e-06,2.387654516969003e-06,6.633218803225285e-07,3.1614710060665553e-07,1.1165360315105942e-07,5.439830872402606e-08],[0.01949376995607735,0.00556402146112415,0.0042281748132651596,0.0036177568909499603,1.5618944244560065e-06,5.906874256205652e-07,1.3899023166905636e-07,5.81467837503759e-08,3.3490307658932625e-08,1.4375450686874197e-08]]",3.4293322115886697,1.2333848594338201,0.2602742317413285,0.09889195568113222,0.385195601035064,0.00021423982108495943,0.5607352481168784,0.004201588570387828,0.05099019513592784,0.04068409709606153,0.16440578890588056,0.16666006135529912,0.0494483329821378,16,7,2
19,MNISTConvNet,MNIST conv filters=16 kernel=7 stride=2 lr=1e-02,1.0,0.01,Muon,0,0,512,64,2.3025179403532103,0.0001541927634711726,0.9140625,full_conv_patch_and_classifier_activation,1.8697810378928086,1.574514396535812,1.2761848681273187,3.364401057209469e-05,5.123722645285146e-05,"[[0.0053939618091053574,0.0005417210008437489,0.000519571587628762,0.0003791500151734582,0.0002460526436759503,0.00023724082679386883,0.00020581937563589095,0.00013913721565453514,0.00011714943357574434,8.371771365619585e-05,7.06845090951005e-05,5.8860528616180175e-05,5.4367695952214765e-05,3.5873440053605534e-05,2.6099084496976173e-05,2.273165950661028e-05],[0.005079329318041153,0.000399006285369819,0.00031974646843195803,0.0001910989037955077,0.0001326216852980696,9.357570946175399e-05,6.463558002693803e-05,3.855691979557628e-05,1.7276966641672673e-05,2.551672752608272e-19]]","[[501.2838233391682,262.2017225172453,218.1407633790149,186.02700311640524,147.75599578714636,138.38247544402535,128.9878921443775,103.37825115797077,90.95939908651006,87.84597773104926,87.33219965821304,71.10863014115188,64.43283364430818,60.29015968703359,53.96933331596295,53.46116945814087,49.746075554058784,44.58815232110708,42.30940499248376,41.59294146216923,36.01046266244356,35.19286777706035,35.053991209895024,33.25998106648406,30.96326156100716,30.180863787964302,29.604531865687306,27.170536306251982,26.668823950712493,26.406102919582295,25.444833074128553,24.42460911602404,24.281607561868398,23.73533960749352,22.87219660342007,21.957780585006265,21.07305078050606,20.22909606158655,19.887087711759282,19.617172997771313,18.364194517488897,17.763809500157663,16.895965588973063,16.854987836657727,15.835998162763424,15.156575697838418,14.463423920452072,13.855967068711701,12.833280340345743],[0.8812830249324684,0.06121876339740189,0.03231889248118545,0.026424545730266057,0.01913942231294876,0.01596593878385534,0.012045735997597264,0.010999831501932964,0.009961851802162872,0.009240184016953019,0.008812629440036605,0.007571121226949473,0.006460830607043151,0.006162473175369605,0.004702259203524316,0.003942209484094159]]","[[0.010000000000000009,0.010000000000000009,0.010000000000000004,0.010000000000000002,0.010000000000000002,0.010000000000000002,0.009999999999999998,0.009999999999999998,0.009999999999999998,0.009999999999999998,0.009999999999999998,0.009999999999999997,0.009999999999999997,0.009999999999999995,0.009999999999999995,0.009999999999999995],[0.010000000000000007,0.010000000000000004,0.010000000000000004,0.010000000000000004,0.010000000000000002,0.010000000000000002,0.010000000000000002,0.01,0.009999999999999998,0.009999999999999997]]",13.0,12.999999999999982,1.0,0.9999999999999987,0.9999999999999987,0.00014467986376326652,0.3786742300939443,0.002837405571357083,0.050990195135927854,0.010000000000000009,0.16440578890588062,0.198172640295132,0.09501604200340807,16,7,2
18,MNISTConvNet,MNIST conv filters=16 kernel=7 stride=2 lr=1e-02,1.0,0.01,Adam,0,1,512,64,2.3022797254049068,0.00046650954110738496,0.9140625,full_conv_patch_and_classifier_activation,1.5549774189985488,1.5727132092969303,1.0863141345477554,3.760360810869238e-05,5.1018485548885e-05,"[[0.009318761374928968,0.0008159770655356051,0.0007066540606700136,0.0005056085722004608,0.000242731181741854,0.00019592023107728497,0.00015664699351535045,0.00011056848687912018,9.760287762140585e-05,6.290958742583582e-05,5.7694082592837456e-05,4.9007850372073126e-05,3.720924265881542e-05,3.076452844705985e-05,2.1711699522460013e-05,1.568066844109154e-05],[0.007655482642265999,0.000457469493124897,0.000331743124523576,0.00016061088081344854,0.0001409594479853263,8.311144307906161e-05,6.27321387556155e-05,4.1768956236348815e-05,3.507362414189591e-05,2.439499981723526e-19]]","[[501.2838233391682,262.2017225172453,218.1407633790149,186.02700311640524,147.75599578714636,138.38247544402535,128.9878921443775,103.37825115797077,90.95939908651006,87.84597773104926,87.33219965821304,71.10863014115188,64.43283364430818,60.29015968703359,53.96933331596295,53.46116945814087,49.746075554058784,44.58815232110708,42.30940499248376,41.59294146216923,36.01046266244356,35.19286777706035,35.053991209895024,33.25998106648406,30.96326156100716,30.180863787964302,29.604531865687306,27.170536306251982,26.668823950712493,26.406102919582295,25.444833074128553,24.42460911602404,24.281607561868398,23.73533960749352,22.87219660342007,21.957780585006265,21.07305078050606,20.22909606158655,19.887087711759282,19.617172997771313,18.364194517488897,17.763809500157663,16.895965588973063,16.854987836657727,15.835998162763424,15.156575697838418,14.463423920452072,13.855967068711701,12.833280340345743],[1.2524457091044114,0.06546837396399555,0.04235496925032671,0.02799422493685547,0.017318240558658302,0.015243611361998258,0.014191301120290298,0.011256487642604566,0.009972423417413707,0.008805052986833449,0.008140390855799184,0.006890304666056289,0.005725395847266799,0.005329789748672105,0.00504228803196289,0.003413970430421309]]","[[0.04288375406095969,0.011260357633837294,0.010366275813002864,0.008657320382501589,0.005116436975710172,0.0027531337072185615,0.0017958599329078015,0.0013007446515153796,0.0010458936974127992,0.0007336678609453045,0.0004906510599244569,0.00037068521430390345,0.0002954381175358288,0.0001650485812165924,0.00014032499810338552,0.00011004716543394348],[0.018540756016458566,0.005943076688828499,0.004349536362518538,0.0021100249898785973,0.001098546417368261,0.0007445186704902151,0.0005294663555695636,0.00037446922565691134,0.00012217528317916642,7.585595518354832e-05]]",3.1672107214294103,1.1837387490957623,0.25116412960130574,0.09605502533251145,0.37760997715260314,0.00036550519384602334,0.5911286721000659,0.007176839891795751,0.05092843080752754,0.04288375406095969,0.1614564576213658,0.1597214086052015,0.14151095785200596,16,7,2
19,MNISTConvNet,MNIST conv filters=16 kernel=7 stride=2 lr=1e-02,1.0,0.01,Muon,0,1,512,64,2.3023921853121463,0.00021064589804220546,0.9140625,full_conv_patch_and_classifier_activation,1.7957481688880819,1.5742245185945307,1.2290686839168075,3.6993606166357034e-05,5.455744199030318e-05,"[[0.007598482372175331,0.0011608441405300647,0.000606418751966328,0.000474182365402855,0.00025941296934802035,0.00022639043351872835,0.0002019226427578795,0.000138836696219417,0.00013635992154477044,0.00010356577376624846,8.578140624505029e-05,7.1384684051601e-05,6.179456942990839e-05,4.450749925406356e-05,3.661435220112364e-05,2.1941525962592394e-05],[0.00641276215687324,0.0005403512885709509,0.0003277503820811295,0.00018816008941785925,0.00012855054064751082,0.00010972710505173135,6.739485331663281e-05,6.17489455802772e-05,2.7893905418751094e-05,1.2625921796678003e-19]]","[[501.2838233391682,262.2017225172453,218.1407633790149,186.02700311640524,147.75599578714636,138.38247544402535,128.9878921443775,103.37825115797077,90.95939908651006,87.84597773104926,87.33219965821304,71.10863014115188,64.43283364430818,60.29015968703359,53.96933331596295,53.46116945814087,49.746075554058784,44.58815232110708,42.30940499248376,41.59294146216923,36.01046266244356,35.19286777706035,35.053991209895024,33.25998106648406,30.96326156100716,30.180863787964302,29.604531865687306,27.170536306251982,26.668823950712493,26.406102919582295,25.444833074128553,24.42460911602404,24.281607561868398,23.73533960749352,22.87219660342007,21.957780585006265,21.07305078050606,20.22909606158655,19.887087711759282,19.617172997771313,18.364194517488897,17.763809500157663,16.895965588973063,16.854987836657727,15.835998162763424,15.156575697838418,14.463423920452072,13.855967068711701,12.833280340345743],[1.0603859352802578,0.07350595727486674,0.03814609432731306,0.031362605091534025,0.01908013384781402,0.01707181663129748,0.012684431738282036,0.011449467719611188,0.010142392933200274,0.00905764554673045,0.007771119002984439,0.006939075201204084,0.006581021187509816,0.006432540526743505,0.005374269167359683,0.004237565233550406]]","[[0.010000000000000005,0.010000000000000004,0.010000000000000004,0.010000000000000004,0.010000000000000004,0.010000000000000004,0.010000000000000004,0.010000000000000004,0.010000000000000004,0.01,0.01,0.01,0.009999999999999998,0.009999999999999998,0.009999999999999998,0.009999999999999997],[0.010000000000000009,0.010000000000000009,0.010000000000000005,0.010000000000000005,0.010000000000000005,0.010000000000000004,0.010000000000000004,0.010000000000000004,0.009999999999999998,0.009999999999999995]]",13.0,12.99999999999999,0.9999999999999999,0.9999999999999992,0.9999999999999993,0.00019092779371332073,0.37166110037240857,0.0037444020993516926,0.050990195135927854,0.010000000000000009,0.16145645762136582,0.18958626430872705,0.18467929190956056,16,7,2
18,MNISTConvNet,MNIST conv filters=16 kernel=7 stride=2 lr=1e-02,1.0,0.01,Adam,0,2,512,64,2.3028454573378396,0.0001894426301949359,0.9140625,full_conv_patch_and_classifier_activation,1.456622306965417,1.5707152068119428,1.0063189895318527,3.156286860291214e-05,3.863511935915349e-05,"[[0.006320675853610525,0.0005126905320240852,0.0002833319115580565,0.0002558181068052457,0.0002150019196342421,0.00015246164765663373,0.00011619859113073414,0.0001011312124516181,7.41324757093162e-05,6.832974622273129e-05,6.126360469715006e-05,3.744131096972526e-05,2.567438000200986e-05,1.8723765566359615e-05,1.4070085995164492e-05,7.5217408632679276e-06],[0.012372227614679165,0.0006031328780937535,0.00027177958814232644,0.0002018721897875805,0.0001134299137747906,6.816675621434583e-05,3.72527620787273e-05,3.196653156415832e-05,1.8863136896109376e-05,4.802473768865228e-19]]","[[501.2838233391682,262.2017225172453,218.1407633790149,186.02700311640524,147.75599578714636,138.38247544402535,128.9878921443775,103.37825115797077,90.95939908651006,87.84597773104926,87.33219965821304,71.10863014115188,64.43283364430818,60.29015968703359,53.96933331596295,53.46116945814087,49.746075554058784,44.58815232110708,42.30940499248376,41.59294146216923,36.01046266244356,35.19286777706035,35.053991209895024,33.25998106648406,30.96326156100716,30.180863787964302,29.604531865687306,27.170536306251982,26.668823950712493,26.406102919582295,25.444833074128553,24.42460911602404,24.281607561868398,23.73533960749352,22.87219660342007,21.957780585006265,21.07305078050606,20.22909606158655,19.887087711759282,19.617172997771313,18.364194517488897,17.763809500157663,16.895965588973063,16.854987836657727,15.835998162763424,15.156575697838418,14.463423920452072,13.855967068711701,12.833280340345743],[2.2058045518837974,0.0504032276921556,0.039447885836458016,0.0234630186714664,0.019425529462643008,0.01566523601108127,0.011973695365235251,0.009218234258470995,0.00852293807324077,0.00649420590341022,0.006242677538344101,0.00517889792271663,0.004229803828970581,0.003426048079180754,0.002797079326576925,0.002495301916402051]]","[[0.042738980267140694,0.014019815108110751,0.009540213391826776,0.009406474708737149,0.00678845203210577,0.0027542513659510118,0.0022500314694888363,0.0016987403324452393,0.0011311956982197632,0.0009960799107086517,0.00072776916449557,0.0006288378717269991,0.0004731204710055505,0.0003491937099192409,0.0002892435841663282,0.0002622495479842263],[0.015325759825642741,0.010704051113997758,0.004185314165066201,0.002290743182556466,0.0014854173542055518,0.001346372454374028,0.0011711592943244324,0.0005274096451901729,0.00023466593088464923,0.00012082768046434465]]",3.799844963895827,1.4253964878086713,0.3068501259435927,0.1192590988052808,0.3766650038482645,0.00014648971062269426,0.20444249741721904,0.002847847878313706,0.051438741422324526,0.042738980267140694,0.15697921166602383,0.151872275785145,0.23010529205203056,16,7,2
19,MNISTConvNet,MNIST conv filters=16 kernel=7 stride=2 lr=1e-02,1.0,0.01,Muon,0,2,512,64,2.302722973462578,0.00017399559998798608,0.9140625,full_conv_patch_and_classifier_activation,1.8869676554695507,1.5739120168091958,1.29833740210116,3.18217695385118e-05,5.010882549285137e-05,"[[0.006377455204593727,0.0008342729872563964,0.0005152277630292262,0.000337527079007481,0.00030232023118623315,0.00029164180286257106,0.00024134764878323953,0.00016177064220499328,0.000144092355011543,9.582137430645145e-05,9.368777386185998e-05,6.816205116995718e-05,5.4948217501863725e-05,3.078961129435938e-05,2.5414778598738506e-05,1.6758044838875178e-05],[0.007361120357902751,0.0007865932876645293,0.00046329556045449934,0.0003506628275092298,0.0001946269096976548,8.279982054974556e-05,5.176942301855825e-05,4.500441825946704e-05,2.189702170627286e-05,3.996034278095014e-19]]","[[501.2838233391682,262.2017225172453,218.1407633790149,186.02700311640524,147.75599578714636,138.38247544402535,128.9878921443775,103.37825115797077,90.95939908651006,87.84597773104926,87.33219965821304,71.10863014115188,64.43283364430818,60.29015968703359,53.96933331596295,53.46116945814087,49.746075554058784,44.58815232110708,42.30940499248376,41.59294146216923,36.01046266244356,35.19286777706035,35.053991209895024,33.25998106648406,30.96326156100716,30.180863787964302,29.604531865687306,27.170536306251982,26.668823950712493,26.406102919582295,25.444833074128553,24.42460911602404,24.281607561868398,23.73533960749352,22.87219660342007,21.957780585006265,21.07305078050606,20.22909606158655,19.887087711759282,19.617172997771313,18.364194517488897,17.763809500157663,16.895965588973063,16.854987836657727,15.835998162763424,15.156575697838418,14.463423920452072,13.855967068711701,12.833280340345743],[1.3169776965313296,0.08840767288885919,0.04834376975914884,0.0369467449621014,0.021122925042222893,0.01775933915538247,0.01612250623569037,0.012110511954637823,0.010714860452283833,0.00929825550262788,0.008450563866750728,0.007472951062893187,0.007118748907728865,0.005620897096634409,0.004748023818243727,0.0030958785782143495]]","[[0.01000000000000001,0.010000000000000009,0.010000000000000007,0.010000000000000004,0.010000000000000004,0.010000000000000004,0.01,0.01,0.01,0.01,0.01,0.01,0.01,0.009999999999999997,0.009999999999999997,0.009999999999999997],[0.010000000000000002,0.010000000000000002,0.009999999999999998,0.009999999999999998,0.009999999999999998,0.009999999999999998,0.009999999999999998,0.009999999999999998,0.009999999999999997,0.009999999999999997]]",13.0,12.999999999999982,1.0,0.9999999999999988,0.9999999999999989,0.00018949007192270223,0.37684055319358645,0.003716206055253689,0.05099019513592784,0.01000000000000001,0.15697921166602385,0.17859887065300845,0.2726052920334041,16,7,2
18,MNISTConvNet,MNIST conv filters=16 kernel=7 stride=2 lr=1e-02,1.0,0.01,Adam,0,3,512,64,2.30245990805761,0.00015632708799229178,0.9140625,full_conv_patch_and_classifier_activation,2.0493458286845314,1.5705691819766023,1.311312235333712,1.384263337183811e-05,1.8398907027112688e-05,"[[0.0026695745348262663,0.0006619259872693569,0.00032444208146335053,0.000228261631757273,0.00016068600715795159,0.00013512429735145108,0.00011664871658394238,8.573376925127599e-05,6.992032367004497e-05,6.236287248395659e-05,4.30322577377573e-05,3.694873968541148e-05,1.847120914276343e-05,1.4870336065551188e-05,1.227797171018397e-05,6.554004215493777e-06],[0.010902886461951835,0.0006832611238011955,0.0004607743177478324,0.0002499834257145644,0.00016191693089486698,6.649604711658518e-05,4.824979111949547e-05,3.4119431322874406e-05,8.632898398705172e-06,9.242512734145527e-19]]","[[501.2838233391682,262.2017225172453,218.1407633790149,186.02700311640524,147.75599578714636,138.38247544402535,128.9878921443775,103.37825115797077,90.95939908651006,87.84597773104926,87.33219965821304,71.10863014115188,64.43283364430818,60.29015968703359,53.96933331596295,53.46116945814087,49.746075554058784,44.58815232110708,42.30940499248376,41.59294146216923,36.01046266244356,35.19286777706035,35.053991209895024,33.25998106648406,30.96326156100716,30.180863787964302,29.604531865687306,27.170536306251982,26.668823950712493,26.406102919582295,25.444833074128553,24.42460911602404,24.281607561868398,23.73533960749352,22.87219660342007,21.957780585006265,21.07305078050606,20.22909606158655,19.887087711759282,19.617172997771313,18.364194517488897,17.763809500157663,16.895965588973063,16.854987836657727,15.835998162763424,15.156575697838418,14.463423920452072,13.855967068711701,12.833280340345743],[2.9399861373309433,0.06153224128734666,0.04209524481168555,0.033382870717902045,0.01943749296120648,0.016103086955078057,0.011335229834238259,0.010364634557444992,0.0059397914039770565,0.0050024911972967765,0.0035165500018342487,0.002862474714312719,0.0025283161137637285,0.0020071794466459416,0.0015966918182179974,0.0014117446152288663]]","[[0.042818883915119135,0.017419918754697075,0.011915927495831244,0.010945806130643441,0.006611769590331516,0.004041588348332349,0.0029048862136301173,0.002564680209379579,0.0014348627894349606,0.0012822593987336748,0.000949586221282327,0.000741097958889351,0.00060604732121107,0.00039098240248075966,0.0003483696676749791,0.0002456574395338521],[0.014132753572153638,0.009215025404818574,0.0065275919088478036,0.0030935236134021415,0.002441666143378958,0.0015740296203225368,0.0012520988326456255,0.0007539266765803525,0.0006564417242898792,0.0002696381674944793]]",4.5224149048986115,1.5471475423077363,0.3685213786002669,0.1293565884982809,0.34161550638831734,0.0001363500894211379,0.22713453212307202,0.002564194115474735,0.05317463627198678,0.042818883915119135,0.15522917279102905,0.14645560470916638,0.3203634999226779,16,7,2
19,MNISTConvNet,MNIST conv filters=16 kernel=7 stride=2 lr=1e-02,1.0,0.01,Muon,0,3,512,64,2.3024692791202126,0.0001415132227338134,0.9140625,full_conv_patch_and_classifier_activation,3.083323008160529,1.5750579682297916,1.9700580844326159,1.5618287212917537e-05,3.131144745740039e-05,"[[0.002824186745668679,0.001101575733653612,0.0006972489664047789,0.0004900725714348717,0.00025798616677153216,0.00021838206927705416,0.00019907867784033664,0.0001511809778329953,0.00013132084960549903,9.806806231629226e-05,7.957084340685932e-05,7.788499138615447e-05,5.4536143908605756e-05,4.531938181089578e-05,2.775298172398124e-05,2.608713826722828e-05],[0.004524932290640855,0.0009205150191335732,0.0004534719754106588,0.0003113193166982304,0.0001673309405807312,0.00011200665650194813,5.846115145538775e-05,5.251724612177221e-05,2.33974285619182e-05,1.739136664668949e-19]]","[[501.2838233391682,262.2017225172453,218.1407633790149,186.02700311640524,147.75599578714636,138.38247544402535,128.9878921443775,103.37825115797077,90.95939908651006,87.84597773104926,87.33219965821304,71.10863014115188,64.43283364430818,60.29015968703359,53.96933331596295,53.46116945814087,49.746075554058784,44.58815232110708,42.30940499248376,41.59294146216923,36.01046266244356,35.19286777706035,35.053991209895024,33.25998106648406,30.96326156100716,30.180863787964302,29.604531865687306,27.170536306251982,26.668823950712493,26.406102919582295,25.444833074128553,24.42460911602404,24.281607561868398,23.73533960749352,22.87219660342007,21.957780585006265,21.07305078050606,20.22909606158655,19.887087711759282,19.617172997771313,18.364194517488897,17.763809500157663,16.895965588973063,16.854987836657727,15.835998162763424,15.156575697838418,14.463423920452072,13.855967068711701,12.833280340345743],[1.1779726531526942,0.09160060370534454,0.04671022526213412,0.03553514714388494,0.022930497230924437,0.020893549363286964,0.016609196147454472,0.011979475532913482,0.01000989044170306,0.008982195787362812,0.008758766055448671,0.008137445052965136,0.007631370671482542,0.006589483718521332,0.005740829011377368,0.0029668261391265116]]","[[0.010000000000000005,0.010000000000000004,0.010000000000000004,0.010000000000000004,0.010000000000000004,0.010000000000000004,0.01,0.01,0.01,0.01,0.009999999999999998,0.009999999999999998,0.009999999999999997,0.009999999999999997,0.009999999999999995,0.009999999999999993],[0.010000000000000002,0.010000000000000002,0.010000000000000002,0.010000000000000002,0.009999999999999998,0.009999999999999998,0.009999999999999998,0.009999999999999997,0.009999999999999995,0.00999999999999999]]",13.000000000000002,12.999999999999986,1.0,0.9999999999999991,0.9999999999999989,0.00013104204326414454,0.4556578174595309,0.0025699459065574733,0.05099019513592784,0.010000000000000005,0.155229172791029,0.17314976461729042,0.3635267079807818,16,7,2
18,MNISTConvNet,MNIST conv filters=16 kernel=7 stride=2 lr=1e-02,1.0,0.01,Adam,0,4,512,64,2.301882851703968,0.0004992171686133418,0.9140625,full_conv_patch_and_classifier_activation,1.503011932452556,1.5705431423612204,1.049373661843809,1.3805759511956351e-05,1.800289854635597e-05,"[[0.006362641620961871,0.0006467500317354191,0.00043142632338134796,0.00027870365588783796,0.0001707312638721581,0.00012496447794238923,0.0001161254501322348,6.919523054737038e-05,5.3644202806337496e-05,4.050226180173242e-05,3.066042446970699e-05,2.232410138339325e-05,1.0242797392582571e-05,8.333221091904299e-06,5.356745916407644e-06,3.1558268302392737e-06],[0.014030981494159682,0.0007748955741809056,0.0005697038482874118,0.00032832185518723967,0.0001707032567262052,8.559358947569777e-05,6.824485253868257e-05,3.485700882126001e-05,9.570921809401006e-06,1.2921105859590917e-18]]","[[501.2838233391682,262.2017225172453,218.1407633790149,186.02700311640524,147.75599578714636,138.38247544402535,128.9878921443775,103.37825115797077,90.95939908651006,87.84597773104926,87.33219965821304,71.10863014115188,64.43283364430818,60.29015968703359,53.96933331596295,53.46116945814087,49.746075554058784,44.58815232110708,42.30940499248376,41.59294146216923,36.01046266244356,35.19286777706035,35.053991209895024,33.25998106648406,30.96326156100716,30.180863787964302,29.604531865687306,27.170536306251982,26.668823950712493,26.406102919582295,25.444833074128553,24.42460911602404,24.281607561868398,23.73533960749352,22.87219660342007,21.957780585006265,21.07305078050606,20.22909606158655,19.887087711759282,19.617172997771313,18.364194517488897,17.763809500157663,16.895965588973063,16.854987836657727,15.835998162763424,15.156575697838418,14.463423920452072,13.855967068711701,12.833280340345743],[3.7865462225085653,0.06839378287773616,0.062011886225465405,0.04765026655856819,0.020697045421379234,0.01661865226420829,0.01618328944512113,0.00965140437393854,0.005964220662384139,0.004295355761632421,0.0032164302729057836,0.0020314932481056026,0.0017837674444267173,0.0015670562897769928,0.0009521470260237489,0.0008485065781221781]]","[[0.04374644379036401,0.01744518760992848,0.012570071128149686,0.010864718981967624,0.005508307493178773,0.0039226278690119906,0.0021641382477963008,0.001742080679307903,0.0013154958993372276,0.0010632201112921902,0.000624904987445445,0.0005069335177445652,0.0004637395100178777,0.0003376796171060222,0.0002406600389494662,0.0002092966779012973],[0.01721299567851665,0.007534988892985499,0.006767931724554272,0.0026001589734089337,0.0019445878997852806,0.001458609293146146,0.0011995868037128106,0.0007104308264775563,0.0006484795162831989,0.00015379187700614123]]",4.023045302648386,1.3651493782929456,0.3247586479026634,0.11151638471103201,0.33982133604677867,0.0004336182219697255,0.5148748417844623,0.007962738746219042,0.05445591470342048,0.04374644379036401,0.1494558980261824,0.1449714931674742,0.4090207919944078,16,7,2
19,MNISTConvNet,MNIST conv filters=16 kernel=7 stride=2 lr=1e-02,1.0,0.01,Muon,0,4,512,64,2.302307317742454,0.00017837644648066586,0.9140625,full_conv_patch_and_classifier_activation,2.3940758076761846,1.5746607525815954,1.6454374340919755,1.4014323275019272e-05,2.7939157500513247e-05,"[[0.005204686930205611,0.0010790955138321302,0.0006303350197283143,0.0004173480633563404,0.0003545960805544235,0.00030680219308697816,0.00024269127571215467,0.0002192809305365901,0.00016297777579004033,8.625279833794148e-05,7.314102102406531e-05,6.985022701139337e-05,5.722776748264835e-05,3.992917520458426e-05,3.1517374183569603e-05,2.8675816756872034e-05],[0.005192424153748214,0.0010412091093456538,0.000556999484502729,0.00030007292568854337,0.00018791172264410102,9.156262338478749e-05,8.186664176349272e-05,6.099744578058165e-05,5.9274829801190524e-05,2.3905643468469234e-19]]","[[501.2838233391682,262.2017225172453,218.1407633790149,186.02700311640524,147.75599578714636,138.38247544402535,128.9878921443775,103.37825115797077,90.95939908651006,87.84597773104926,87.33219965821304,71.10863014115188,64.43283364430818,60.29015968703359,53.96933331596295,53.46116945814087,49.746075554058784,44.58815232110708,42.30940499248376,41.59294146216923,36.01046266244356,35.19286777706035,35.053991209895024,33.25998106648406,30.96326156100716,30.180863787964302,29.604531865687306,27.170536306251982,26.668823950712493,26.406102919582295,25.444833074128553,24.42460911602404,24.281607561868398,23.73533960749352,22.87219660342007,21.957780585006265,21.07305078050606,20.22909606158655,19.887087711759282,19.617172997771313,18.364194517488897,17.763809500157663,16.895965588973063,16.854987836657727,15.835998162763424,15.156575697838418,14.463423920452072,13.855967068711701,12.833280340345743],[1.4261439644869967,0.10366076523615698,0.06039061920698007,0.039518716255849934,0.027220101540700273,0.02334217220203231,0.019099650676659346,0.013434217593488135,0.012404222694294849,0.01097673215705284,0.010420974205247456,0.00931264085112675,0.00802741439717569,0.007703184850199331,0.006120233652892678,0.005039919724386692]]","[[0.010000000000000005,0.010000000000000004,0.010000000000000004,0.010000000000000004,0.010000000000000002,0.010000000000000002,0.010000000000000002,0.01,0.01,0.01,0.01,0.01,0.009999999999999998,0.009999999999999997,0.009999999999999997,0.009999999999999997],[0.010000000000000007,0.010000000000000005,0.010000000000000005,0.010000000000000004,0.010000000000000004,0.01,0.01,0.01,0.01,0.009999999999999998]]",12.999999999999996,12.99999999999999,0.9999999999999998,0.9999999999999991,0.9999999999999993,0.0001657672689946295,0.4279592565924333,0.003250963612763846,0.050990195135927854,0.010000000000000007,0.14945589802618245,0.1624065896213293,0.45498962490819395,16,7,2
18,MNISTConvNet,MNIST conv filters=16 kernel=7 stride=2 lr=1e-02,1.0,0.01,Adam,0,5,512,64,2.301356422138106,,0.9140625,full_conv_patch_and_classifier_activation,1.3630121735284684,1.5705016045002083,0.9497140966130184,3.150219935463568e-05,3.702368688889612e-05,"[[0.008720265117480709,0.0007379088431611507,0.0004914377266005173,0.0004042681109768092,0.00020609186308901428,8.932670151394644e-05,8.540843824363095e-05,6.090474914346155e-05,4.334865738292469e-05,3.688717487019605e-05,2.3282880439060127e-05,1.444433635257265e-05,4.809850060285314e-06,4.090229995316252e-06,3.3521350277252908e-06,2.558223880361878e-06],[0.028044209955697615,0.0010885303069225324,0.0006880891146372341,0.0003194578776985649,0.0001429682643467253,9.53502943383384e-05,3.514245089306253e-05,2.4740330361447708e-05,1.0310168357163427e-05,1.2476471249376549e-18]]","[[501.2838233391682,262.2017225172453,218.1407633790149,186.02700311640524,147.75599578714636,138.38247544402535,128.9878921443775,103.37825115797077,90.95939908651006,87.84597773104926,87.33219965821304,71.10863014115188,64.43283364430818,60.29015968703359,53.96933331596295,53.46116945814087,49.746075554058784,44.58815232110708,42.30940499248376,41.59294146216923,36.01046266244356,35.19286777706035,35.053991209895024,33.25998106648406,30.96326156100716,30.180863787964302,29.604531865687306,27.170536306251982,26.668823950712493,26.406102919582295,25.444833074128553,24.42460911602404,24.281607561868398,23.73533960749352,22.87219660342007,21.957780585006265,21.07305078050606,20.22909606158655,19.887087711759282,19.617172997771313,18.364194517488897,17.763809500157663,16.895965588973063,16.854987836657727,15.835998162763424,15.156575697838418,14.463423920452072,13.855967068711701,12.833280340345743],[5.002292345397104,0.0903851877460647,0.08044481598985977,0.05239030347449268,0.023616524071426004,0.018611186187455588,0.016407638853131262,0.009964410997797607,0.0060929029451897805,0.00458316842248283,0.004057803981986063,0.0017597994821273958,0.0016895544343183422,0.0009399465730791347,0.0005360808180342365,0.00047072044870780886]]",,,,,,,,,,,,,,0.49891554191708565,16,7,2
19,MNISTConvNet,MNIST conv filters=16 kernel=7 stride=2 lr=1e-02,1.0,0.01,Muon,0,5,512,64,2.3022717751379678,,0.9140625,full_conv_patch_and_classifier_activation,2.023474239015178,1.5743020221917585,1.3597371682998978,3.0789125544624257e-05,4.8238971188394396e-05,"[[0.006493613841925225,0.0012231514331111268,0.000675790500889823,0.00046015945565590913,0.00041657554033607957,0.000287835549379855,0.00024592637354769754,0.00014698596433434182,0.00011441586003165323,0.0001087551590873911,8.730617302853473e-05,7.014308314680885e-05,6.056088095234547e-05,5.5926407120384896e-05,3.78978835540672e-05,1.8262522495025397e-05],[0.009532369744290425,0.001262062592224752,0.0004889687862996921,0.00036925065700793336,0.00016585236737780043,0.00013074534067164092,6.84406534273507e-05,5.765208874824971e-05,3.864314718804799e-05,2.1684184388818587e-19]]","[[501.2838233391682,262.2017225172453,218.1407633790149,186.02700311640524,147.75599578714636,138.38247544402535,128.9878921443775,103.37825115797077,90.95939908651006,87.84597773104926,87.33219965821304,71.10863014115188,64.43283364430818,60.29015968703359,53.96933331596295,53.46116945814087,49.746075554058784,44.58815232110708,42.30940499248376,41.59294146216923,36.01046266244356,35.19286777706035,35.053991209895024,33.25998106648406,30.96326156100716,30.180863787964302,29.604531865687306,27.170536306251982,26.668823950712493,26.406102919582295,25.444833074128553,24.42460911602404,24.281607561868398,23.73533960749352,22.87219660342007,21.957780585006265,21.07305078050606,20.22909606158655,19.887087711759282,19.617172997771313,18.364194517488897,17.763809500157663,16.895965588973063,16.854987836657727,15.835998162763424,15.156575697838418,14.463423920452072,13.855967068711701,12.833280340345743],[1.7369341405501888,0.12264245892960451,0.06913987062657745,0.046451510634610796,0.03465344891516448,0.026608223329076672,0.019748443313538717,0.014460266659140554,0.013127295943529266,0.011371358749086338,0.010838807969992507,0.010260685921940052,0.008282958067039095,0.007203001050832744,0.006037773850512747,0.0047088151016528995]]",,,,,,,,,,,,,,0.5414223328698426,16,7,2
20,MNISTConvNet,MNIST conv filters=16 kernel=7 stride=2 lr=1e-02,1.0,0.01,Adam,1,0,512,64,2.3027162701941237,0.0001908721906760391,0.919921875,full_conv_patch_and_classifier_activation,2.25704768660402,1.604754494658306,1.541093432284804,2.228430705874116e-05,4.244392485833395e-05,"[[0.004768096561552649,0.0006921786187060239,0.00045529079195361967,0.00041507254257528125,0.00031942305490675866,0.0002896354086138928,0.0002184504220454409,0.00016695547798007885,0.00015611496489041483,8.997906347356608e-05,8.106725527520464e-05,6.380916158770929e-05,4.908569562774869e-05,4.214391708702e-05,3.187250030369703e-05,2.8186596758451608e-05],[0.005270645476476852,0.0009025234848616698,0.0004976172444368526,0.00027451731351874135,0.0001768972184893427,0.00015881404783867967,9.905413773607494e-05,5.910285626145129e-05,3.044529427535918e-05,2.210214054474049e-19]]","[[486.2481708090735,259.8446472251625,216.24958445068805,183.7122983171536,147.89858163778146,138.10567669741445,127.8390818749908,103.34982479706355,91.60511919190584,87.40259145050457,86.8697513933867,71.34886983400732,65.24907197972718,59.32450967369966,53.87509130234577,53.481766751236265,50.14529573794769,44.52057679625825,42.78985777372914,41.76746085731856,35.97019704819681,35.62678728170247,34.93521036366559,33.94470369891809,30.66431645451282,30.59598409971866,29.66978902073454,27.203519321359956,27.09406318943487,26.114374850478214,25.599638280334634,24.772905241944187,24.18297441165068,23.988265487043922,23.0492393179248,21.976027593899797,21.20567931219397,20.448066728586863,19.763586864753936,19.65115363803375,18.387490082854235,17.840542777628364,16.86030618941448,16.673746529246984,15.708360268429628,15.046491314196702,14.378149746345663,13.805866165577841,12.90977975226263],[1.140539694979622,0.07307277503794014,0.06898084582949024,0.03633578688076624,0.027170487705335374,0.02053477713054547,0.019281958609907973,0.016075542070547746,0.011769721885890927,0.011269775291177292,0.008874636198300714,0.0075196521700136845,0.007160378857846942,0.006022748666023688,0.005066696448928873,0.0035539128607588798]]","[[0.03512267093927821,0.016484888284356417,0.014151562392835692,0.012582275219839794,0.009798835020469573,0.00692498967223672,0.006504257384393433,0.006220183122073649,0.005074535178288206,0.004152441322422645,0.0038138394113205374,0.0027805851901616884,0.0022838898329239545,7.036488409431041e-07,1.149948934606391e-07,4.030721777032793e-08],[0.016804057468587947,0.007880557564942008,0.00634076615411439,0.005427257785137962,0.003916567465231275,0.0029648508433657568,0.0015299383273655314,2.5821548201276687e-07,5.3687043120739094e-08,1.7168996829499403e-08]]",5.954074235231046,1.6554206324709,0.45778384102689995,0.132720657229869,0.29002817262063607,0.0002015246696366891,0.5434335017395816,0.00395222393441468,0.05099019513592787,0.03512267093927821,0.160638504774441,0.16015974492313273,0.044676874997094274,16,7,2
21,MNISTConvNet,MNIST conv filters=16 kernel=7 stride=2 lr=1e-02,1.0,0.01,Muon,1,0,512,64,2.3027162701941237,0.00013663954063281025,0.919921875,full_conv_patch_and_classifier_activation,2.25704768660402,1.604754494658306,1.541093432284804,2.228430705874116e-05,4.244392485833395e-05,"[[0.004768096561552649,0.0006921786187060239,0.00045529079195361967,0.00041507254257528125,0.00031942305490675866,0.0002896354086138928,0.0002184504220454409,0.00016695547798007885,0.00015611496489041483,8.997906347356608e-05,8.106725527520464e-05,6.380916158770929e-05,4.908569562774869e-05,4.214391708702e-05,3.187250030369703e-05,2.8186596758451608e-05],[0.005270645476476852,0.0009025234848616698,0.0004976172444368526,0.00027451731351874135,0.0001768972184893427,0.00015881404783867967,9.905413773607494e-05,5.910285626145129e-05,3.044529427535918e-05,2.210214054474049e-19]]","[[486.2481708090735,259.8446472251625,216.24958445068805,183.7122983171536,147.89858163778146,138.10567669741445,127.8390818749908,103.34982479706355,91.60511919190584,87.40259145050457,86.8697513933867,71.34886983400732,65.24907197972718,59.32450967369966,53.87509130234577,53.481766751236265,50.14529573794769,44.52057679625825,42.78985777372914,41.76746085731856,35.97019704819681,35.62678728170247,34.93521036366559,33.94470369891809,30.66431645451282,30.59598409971866,29.66978902073454,27.203519321359956,27.09406318943487,26.114374850478214,25.599638280334634,24.772905241944187,24.18297441165068,23.988265487043922,23.0492393179248,21.976027593899797,21.20567931219397,20.448066728586863,19.763586864753936,19.65115363803375,18.387490082854235,17.840542777628364,16.86030618941448,16.673746529246984,15.708360268429628,15.046491314196702,14.378149746345663,13.805866165577841,12.90977975226263],[1.140539694979622,0.07307277503794014,0.06898084582949024,0.03633578688076624,0.027170487705335374,0.02053477713054547,0.019281958609907973,0.016075542070547746,0.011769721885890927,0.011269775291177292,0.008874636198300714,0.0075196521700136845,0.007160378857846942,0.006022748666023688,0.005066696448928873,0.0035539128607588798]]","[[0.010000000000000009,0.010000000000000009,0.010000000000000005,0.010000000000000005,0.010000000000000005,0.010000000000000005,0.010000000000000005,0.010000000000000005,0.010000000000000004,0.010000000000000004,0.010000000000000004,0.010000000000000004,0.010000000000000004,0.010000000000000002,0.010000000000000002,0.009999999999999997],[0.010000000000000002,0.010000000000000002,0.01,0.01,0.009999999999999998,0.009999999999999998,0.009999999999999998,0.009999999999999998,0.009999999999999997,0.009999999999999995]]",13.000000000000002,12.99999999999999,1.0,0.9999999999999993,0.9999999999999991,0.00015336979107232585,0.41357855975528796,0.0030078290672055303,0.050990195135927854,0.010000000000000009,0.16063850477444094,0.18933760512951636,0.08741437504068017,16,7,2
20,MNISTConvNet,MNIST conv filters=16 kernel=7 stride=2 lr=1e-02,1.0,0.01,Adam,1,1,512,64,2.3024520499008734,0.0002627806851998038,0.908203125,full_conv_patch_and_classifier_activation,2.400748481555305,1.6046271193109445,1.5909084713986141,2.3087262382668202e-05,4.263690263981652e-05,"[[0.003979080985534973,0.0007972536932991447,0.0004690597465787233,0.00039196946602994916,0.000370723331725518,0.0003134802853738636,0.0002139704566708141,0.00013315537926877934,9.653659568973467e-05,9.384953225046987e-05,7.630373016147773e-05,5.519149238832251e-05,3.972056598355933e-05,3.559991743057294e-05,2.6155245187795657e-05,8.106902332336349e-06],[0.004688039756582437,0.0006510215703485144,0.0003934825427089166,0.0002660749682794213,0.0002121450032832135,0.00013145413205423967,8.284746652957768e-05,5.071109312975188e-05,3.2186133431570995e-05,2.046106850136301e-19]]","[[486.2481708090735,259.8446472251625,216.24958445068805,183.7122983171536,147.89858163778146,138.10567669741445,127.8390818749908,103.34982479706355,91.60511919190584,87.40259145050457,86.8697513933867,71.34886983400732,65.24907197972718,59.32450967369966,53.87509130234577,53.481766751236265,50.14529573794769,44.52057679625825,42.78985777372914,41.76746085731856,35.97019704819681,35.62678728170247,34.93521036366559,33.94470369891809,30.66431645451282,30.59598409971866,29.66978902073454,27.203519321359956,27.09406318943487,26.114374850478214,25.599638280334634,24.772905241944187,24.18297441165068,23.988265487043922,23.0492393179248,21.976027593899797,21.20567931219397,20.448066728586863,19.763586864753936,19.65115363803375,18.387490082854235,17.840542777628364,16.86030618941448,16.673746529246984,15.708360268429628,15.046491314196702,14.378149746345663,13.805866165577841,12.90977975226263],[0.9915775739853192,0.05969800788070219,0.04926858410571099,0.03885302984155064,0.03049138653094116,0.021863399362290918,0.017776587722473196,0.014977555665465185,0.013317815216497516,0.011584326634848504,0.010788791355951032,0.009250532382190474,0.008799090344514008,0.007405620523603597,0.005838432771033259,0.0015369756473030598]]","[[0.04147551063428694,0.011260327489747073,0.010131065059562478,0.007202467337928399,0.005747083427317585,0.005142056570665595,0.004692313992121874,0.0037987230698423888,0.0027862248283549535,0.0018540631739997829,0.0013519592591650957,0.0010405383932038967,0.0007605277559072361,0.00050076188440985,0.0003992579985335173,0.0002957138223174774],[0.017056859193327358,0.009080285805430074,0.007240844048995231,0.004223575373238181,0.0034246200793367227,0.0024965814936628574,0.001554759711042806,0.0007993960676823816,0.000325183240930563,0.0001882591992279355]]",4.608355965061925,1.4128848371106488,0.3748336573234999,0.11826125750669936,0.3064108699609895,0.00019908848686373286,0.6210359962740182,0.003921491606942826,0.05076856125645037,0.04147551063428694,0.1589088214364844,0.1604343552937375,0.13166475016623735,16,7,2
21,MNISTConvNet,MNIST conv filters=16 kernel=7 stride=2 lr=1e-02,1.0,0.01,Muon,1,1,512,64,2.302473978200871,0.00014067368063619412,0.88671875,full_conv_patch_and_classifier_activation,2.892610404394637,1.6074897904298184,1.8555650802567443,2.338145232057183e-05,4.695121831597735e-05,"[[0.003093001377730514,0.000756660533309731,0.0005149707685712394,0.0004752347695794106,0.00044544842324232826,0.00031511316731253904,0.00019477860288401056,0.00015370208027692977,0.00012564465153045066,8.962401591671087e-05,7.986706640385453e-05,6.255478038051079e-05,4.218838085536194e-05,3.671347267492331e-05,2.541181177511555e-05,1.5460274331924813e-05],[0.004292994816218982,0.0007652252165779182,0.0004359117060289607,0.0002646977402144613,0.00020622962193254663,0.0001493243456556499,7.872869142773627e-05,6.195158144514147e-05,2.832578179909476e-05,9.495799816514295e-20]]","[[486.2481708090735,259.8446472251625,216.24958445068805,183.7122983171536,147.89858163778146,138.10567669741445,127.8390818749908,103.34982479706355,91.60511919190584,87.40259145050457,86.8697513933867,71.34886983400732,65.24907197972718,59.32450967369966,53.87509130234577,53.481766751236265,50.14529573794769,44.52057679625825,42.78985777372914,41.76746085731856,35.97019704819681,35.62678728170247,34.93521036366559,33.94470369891809,30.66431645451282,30.59598409971866,29.66978902073454,27.203519321359956,27.09406318943487,26.114374850478214,25.599638280334634,24.772905241944187,24.18297441165068,23.988265487043922,23.0492393179248,21.976027593899797,21.20567931219397,20.448066728586863,19.763586864753936,19.65115363803375,18.387490082854235,17.840542777628364,16.86030618941448,16.673746529246984,15.708360268429628,15.046491314196702,14.378149746345663,13.805866165577841,12.90977975226263],[0.9097410686587752,0.06930324576590781,0.06360898990427218,0.03961115818615778,0.03240224176583009,0.022332820383972475,0.020166060317467004,0.016413584738064032,0.012720889089696845,0.012237365634491192,0.009533904470604766,0.008833807884316848,0.008090734463301188,0.006377132584831607,0.005316763866034102,0.002929955935971887]]","[[0.010000000000000009,0.010000000000000007,0.010000000000000007,0.010000000000000005,0.010000000000000005,0.010000000000000004,0.010000000000000004,0.010000000000000004,0.010000000000000004,0.010000000000000002,0.010000000000000002,0.010000000000000002,0.009999999999999998,0.009999999999999998,0.009999999999999998,0.009999999999999997],[0.010000000000000005,0.010000000000000004,0.010000000000000002,0.010000000000000002,0.010000000000000002,0.010000000000000002,0.01,0.01,0.009999999999999998,0.009999999999999997]]",13.000000000000002,12.999999999999986,1.0,0.9999999999999989,0.9999999999999989,0.00012709763678076048,0.4522366182465971,0.002492589731063945,0.050990195135927854,0.010000000000000009,0.1589088214364845,0.18543767733784428,0.17390995915047824,16,7,2
20,MNISTConvNet,MNIST conv filters=16 kernel=7 stride=2 lr=1e-02,1.0,0.01,Adam,1,2,512,64,2.3025457981140787,0.0002959004129037268,0.90625,full_conv_patch_and_classifier_activation,1.953065650148761,1.6008872332962065,1.2652750138905904,2.9888841155117645e-05,4.1440688455844955e-05,"[[0.005186584801975173,0.0006976961407656973,0.0005567024704004887,0.00045424390117721077,0.00037707097246456294,0.0002621225686094766,0.00022770425864524488,0.00017368907669493278,0.00012537018991738835,8.929991058962325e-05,8.01187580081099e-05,5.077428951455102e-05,4.855921198338689e-05,4.169018647008214e-05,3.513579997603609e-05,2.1260620508378976e-05],[0.009543498959137423,0.0005523946397961246,0.00035469284478637875,0.0002398800561643977,0.00019949372681553494,0.00016873244959302657,0.0001082158693112365,6.494733847463835e-05,5.694780041727846e-05,7.239698399277297e-19]]","[[486.2481708090735,259.8446472251625,216.24958445068805,183.7122983171536,147.89858163778146,138.10567669741445,127.8390818749908,103.34982479706355,91.60511919190584,87.40259145050457,86.8697513933867,71.34886983400732,65.24907197972718,59.32450967369966,53.87509130234577,53.481766751236265,50.14529573794769,44.52057679625825,42.78985777372914,41.76746085731856,35.97019704819681,35.62678728170247,34.93521036366559,33.94470369891809,30.66431645451282,30.59598409971866,29.66978902073454,27.203519321359956,27.09406318943487,26.114374850478214,25.599638280334634,24.772905241944187,24.18297441165068,23.988265487043922,23.0492393179248,21.976027593899797,21.20567931219397,20.448066728586863,19.763586864753936,19.65115363803375,18.387490082854235,17.840542777628364,16.86030618941448,16.673746529246984,15.708360268429628,15.046491314196702,14.378149746345663,13.805866165577841,12.90977975226263],[1.7511476117154452,0.05612800950948224,0.042439584451904655,0.03735994240048331,0.029167118251614107,0.02162026545942443,0.016505068256875706,0.013564821177577284,0.011872514006653227,0.009900047061121095,0.009425789343075818,0.008614000499652092,0.007876631862358407,0.006304389496749399,0.0057725069670286865,0.0012139746969352747]]","[[0.04075197259158175,0.012475773461025663,0.011407451046736404,0.0068493606589362524,0.00605936523664473,0.004249354187060537,0.0031846267810195475,0.002023117699508852,0.0016146787493223399,0.001350086963261221,0.0009292867747796571,0.0008207686740490792,0.0007330216414392619,0.0004996604753836767,0.0004553086488992396,0.00024429532240382364],[0.016853567471850423,0.006965125395473146,0.005504999011450799,0.00442814941136126,0.003303225541393552,0.0017722125680675106,0.0015460332414924654,0.0010118895847707103,0.0005132471035595222,0.0004761833638932169]]",4.361049551124159,1.3279226064124727,0.35664533574393736,0.10942773318407939,0.30420890476844675,0.00025963008011120744,0.47712033444642893,0.005224181787721324,0.04969774993692409,0.04075197259158175,0.15167387135775567,0.14963625945441567,0.21720770909450948,16,7,2
21,MNISTConvNet,MNIST conv filters=16 kernel=7 stride=2 lr=1e-02,1.0,0.01,Muon,1,2,512,64,2.3025480198330293,0.00017059970197230712,0.828125,full_conv_patch_and_classifier_activation,2.5048983415725243,1.6065848985680526,1.6736400495677404,3.052534673796647e-05,6.056737293777236e-05,"[[0.004854311444395311,0.0010453488871607494,0.0006806714265156561,0.0005851729900968618,0.0004189535086884417,0.0003329234501470568,0.00020523534470038706,0.00017300740266901454,0.0001311783622718078,0.0001085564369820468,8.300073934028699e-05,5.349327754775373e-05,4.860882367478282e-05,4.2049557886712335e-05,2.437679769739994e-05,1.8124098065902917e-05],[0.005984001137769607,0.0011322265762389152,0.000575146757964355,0.00036235684762988353,0.00023373248077542837,0.00018840716202466487,9.18760498799686e-05,7.975042361303301e-05,5.8107584742863665e-05,5.359989995295812e-19]]","[[486.2481708090735,259.8446472251625,216.24958445068805,183.7122983171536,147.89858163778146,138.10567669741445,127.8390818749908,103.34982479706355,91.60511919190584,87.40259145050457,86.8697513933867,71.34886983400732,65.24907197972718,59.32450967369966,53.87509130234577,53.481766751236265,50.14529573794769,44.52057679625825,42.78985777372914,41.76746085731856,35.97019704819681,35.62678728170247,34.93521036366559,33.94470369891809,30.66431645451282,30.59598409971866,29.66978902073454,27.203519321359956,27.09406318943487,26.114374850478214,25.599638280334634,24.772905241944187,24.18297441165068,23.988265487043922,23.0492393179248,21.976027593899797,21.20567931219397,20.448066728586863,19.763586864753936,19.65115363803375,18.387490082854235,17.840542777628364,16.86030618941448,16.673746529246984,15.708360268429628,15.046491314196702,14.378149746345663,13.805866165577841,12.90977975226263],[1.1107444295013074,0.082571324947485,0.06901702992769652,0.04748743515628915,0.038154415039016,0.02551024268617821,0.02290907151703423,0.017683634751893183,0.014267872559333566,0.013197396139347554,0.010786930705019494,0.009369787670078516,0.008572400878178156,0.007886028739451368,0.00578669288495641,0.00343760417319136]]","[[0.010000000000000002,0.010000000000000002,0.010000000000000002,0.010000000000000002,0.010000000000000002,0.010000000000000002,0.009999999999999998,0.009999999999999998,0.009999999999999998,0.009999999999999997,0.009999999999999997,0.009999999999999997,0.009999999999999997,0.009999999999999995,0.009999999999999995,0.009999999999999995],[0.010000000000000009,0.010000000000000005,0.010000000000000004,0.010000000000000002,0.010000000000000002,0.010000000000000002,0.009999999999999998,0.009999999999999998,0.009999999999999997,0.009999999999999997]]",13.0,12.999999999999986,1.0,0.9999999999999989,0.9999999999999989,0.0001751061756847889,0.43086400915257084,0.0034341146414128654,0.05099019513592785,0.010000000000000009,0.15167387135775567,0.1734610925467765,0.25969750015065074,16,7,2
20,MNISTConvNet,MNIST conv filters=16 kernel=7 stride=2 lr=1e-02,1.0,0.01,Adam,1,3,512,64,2.302570730356477,0.00027590391109111323,0.908203125,full_conv_patch_and_classifier_activation,1.953778825078334,1.600167446664609,1.2390582416783529,2.788833448337389e-05,3.590229978490796e-05,"[[0.003926921247988469,0.0005571274533613236,0.0004540659244833724,0.0003691490236382977,0.0002874709487061069,0.0002540707753153045,0.00014744835835270924,0.00012432201755242087,8.046214414273639e-05,7.867111305772009e-05,6.677960189644883e-05,6.147918586157378e-05,4.3963270874150955e-05,3.3079755569577864e-05,2.650305409204551e-05,1.806428759062691e-05],[0.014088182343275819,0.0008230415059031429,0.00035651311846701667,0.0002973551539744056,0.00018554644348899168,0.00013143946692285199,9.168854891600397e-05,4.172491125074964e-05,1.8725899651944936e-05,4.763528904244566e-19]]","[[486.2481708090735,259.8446472251625,216.24958445068805,183.7122983171536,147.89858163778146,138.10567669741445,127.8390818749908,103.34982479706355,91.60511919190584,87.40259145050457,86.8697513933867,71.34886983400732,65.24907197972718,59.32450967369966,53.87509130234577,53.481766751236265,50.14529573794769,44.52057679625825,42.78985777372914,41.76746085731856,35.97019704819681,35.62678728170247,34.93521036366559,33.94470369891809,30.66431645451282,30.59598409971866,29.66978902073454,27.203519321359956,27.09406318943487,26.114374850478214,25.599638280334634,24.772905241944187,24.18297441165068,23.988265487043922,23.0492393179248,21.976027593899797,21.20567931219397,20.448066728586863,19.763586864753936,19.65115363803375,18.387490082854235,17.840542777628364,16.86030618941448,16.673746529246984,15.708360268429628,15.046491314196702,14.378149746345663,13.805866165577841,12.90977975226263],[2.674155592004947,0.06946026180303341,0.04267409810148574,0.03326412444919265,0.02945361417708528,0.021265003856954394,0.015055038503925656,0.013158159337776986,0.011806358602418418,0.008587255504843678,0.008292661950435183,0.007264101518400096,0.006116856742578767,0.00526258473178838,0.0050700198598572655,0.0020505374643038014]]","[[0.04180543910300661,0.01144659569146952,0.007980687364580429,0.007248716070279832,0.004996674212899025,0.004636443296407199,0.003143410914854582,0.0028957798517399397,0.0017213148626942139,0.0014329475670672312,0.0011296487949585717,0.0009685312335733799,0.0007919237387385335,0.0006365105477993191,0.0003782990372291901,0.0002666711034880212],[0.01679790855700079,0.0072495575882117165,0.00569460928145036,0.003938915928761393,0.002795828337511659,0.0025889638241800954,0.001983779327184591,0.0011258263078791101,0.0006624587435859785,0.0005185739672429783]]",4.354834533215271,1.3059681454147336,0.3596142905034333,0.10840871402525867,0.299397302787666,0.00024307552474789928,0.33292151610005305,0.0048896968399368525,0.04971177819503396,0.04180543910300661,0.14633755087541836,0.14450390987522094,0.3045587500091642,16,7,2
21,MNISTConvNet,MNIST conv filters=16 kernel=7 stride=2 lr=1e-02,1.0,0.01,Muon,1,3,512,64,2.3025250313363723,0.00015555643545628328,0.88671875,full_conv_patch_and_classifier_activation,2.800061541963477,1.6079583499780616,1.8377697724046311,3.0191452945050013e-05,6.340302977538503e-05,"[[0.003466138672701751,0.0010285493979454343,0.0006031913252005574,0.0004988326185432057,0.000300692277064697,0.00022171769075860767,0.0001736527449565962,0.0001418022409129243,0.00011120205156374582,0.00010610010967840591,8.077142665213496e-05,6.40653056825942e-05,4.792585881054159e-05,3.884944885164686e-05,3.43294458721423e-05,2.522841143026201e-05],[0.005755375426757641,0.0012931623522128633,0.000511157771717822,0.00039043620794395315,0.0003252008599461239,0.0001964755270177895,9.896094653183998e-05,7.645092131265663e-05,4.434663923359196e-05,2.4670401124593344e-19]]","[[486.2481708090735,259.8446472251625,216.24958445068805,183.7122983171536,147.89858163778146,138.10567669741445,127.8390818749908,103.34982479706355,91.60511919190584,87.40259145050457,86.8697513933867,71.34886983400732,65.24907197972718,59.32450967369966,53.87509130234577,53.481766751236265,50.14529573794769,44.52057679625825,42.78985777372914,41.76746085731856,35.97019704819681,35.62678728170247,34.93521036366559,33.94470369891809,30.66431645451282,30.59598409971866,29.66978902073454,27.203519321359956,27.09406318943487,26.114374850478214,25.599638280334634,24.772905241944187,24.18297441165068,23.988265487043922,23.0492393179248,21.976027593899797,21.20567931219397,20.448066728586863,19.763586864753936,19.65115363803375,18.387490082854235,17.840542777628364,16.86030618941448,16.673746529246984,15.708360268429628,15.046491314196702,14.378149746345663,13.805866165577841,12.90977975226263],[1.0824057005503351,0.09596301406112695,0.06479886501056072,0.05010489151692089,0.03804954423568489,0.028266760848828433,0.02328983466411169,0.018136633104057047,0.013815162615475971,0.01261882861568582,0.011690461701519559,0.011094816989566762,0.009750166606169059,0.008773476957191974,0.00622491897290485,0.004563029834933703]]","[[0.010000000000000007,0.010000000000000005,0.010000000000000005,0.010000000000000005,0.010000000000000005,0.010000000000000005,0.010000000000000004,0.010000000000000004,0.010000000000000004,0.010000000000000004,0.010000000000000004,0.010000000000000004,0.010000000000000004,0.010000000000000002,0.01,0.009999999999999998],[0.01,0.01,0.009999999999999998,0.009999999999999997,0.009999999999999997,0.009999999999999997,0.009999999999999995,0.009999999999999995,0.009999999999999992,0.00999999999999999]]",13.000000000000004,12.99999999999999,1.0000000000000004,0.9999999999999992,0.9999999999999989,0.00015634615679299525,0.4367526964931038,0.0030662004013950767,0.05099019513592785,0.010000000000000007,0.1463375508754184,0.16524275629032537,0.34722870914265513,16,7,2
20,MNISTConvNet,MNIST conv filters=16 kernel=7 stride=2 lr=1e-02,1.0,0.01,Adam,1,4,512,64,2.3014129673477903,0.0007782467006594018,0.908203125,full_conv_patch_and_classifier_activation,1.3377177424314852,1.5998830174359724,0.9185074251003693,5.324309916743463e-05,6.0616716594765925e-05,"[[0.010979628337284912,0.0007068207809784758,0.0005024437967792231,0.000420800036008878,0.0002765788435689837,0.00021478534613183502,0.00010494469033349435,9.479653646846884e-05,8.88335887752364e-05,6.503651801689986e-05,4.8753086587745185e-05,4.061560334362491e-05,3.95663228402566e-05,3.877435514015349e-05,2.4574254774796626e-05,2.2254575494982246e-05],[0.026561463877105878,0.0006819587580598077,0.0004197028149420697,0.00024137712922914353,0.00017279724578777504,0.00012812968151015418,6.636506532460418e-05,6.178943847493412e-05,3.428592063921092e-05,4.442999784944333e-19]]","[[486.2481708090735,259.8446472251625,216.24958445068805,183.7122983171536,147.89858163778146,138.10567669741445,127.8390818749908,103.34982479706355,91.60511919190584,87.40259145050457,86.8697513933867,71.34886983400732,65.24907197972718,59.32450967369966,53.87509130234577,53.481766751236265,50.14529573794769,44.52057679625825,42.78985777372914,41.76746085731856,35.97019704819681,35.62678728170247,34.93521036366559,33.94470369891809,30.66431645451282,30.59598409971866,29.66978902073454,27.203519321359956,27.09406318943487,26.114374850478214,25.599638280334634,24.772905241944187,24.18297441165068,23.988265487043922,23.0492393179248,21.976027593899797,21.20567931219397,20.448066728586863,19.763586864753936,19.65115363803375,18.387490082854235,17.840542777628364,16.86030618941448,16.673746529246984,15.708360268429628,15.046491314196702,14.378149746345663,13.805866165577841,12.90977975226263],[3.6421241365592203,0.07261557173063214,0.04609069670587584,0.036808937305071183,0.030048757712033726,0.021900258873817597,0.014410035800377002,0.013248073557491224,0.011779300181288593,0.0073971395731943865,0.006202276221712944,0.005268253608844545,0.004475183193418971,0.003534770696126942,0.002453318427203343,0.0021905484071068487]]","[[0.04277302164190365,0.01085784496055373,0.008654422594270093,0.006985453083001976,0.004941411013627728,0.0033830895380239446,0.0030914894919410888,0.0015835954639774376,0.0014439614192166513,0.0011309816104951697,0.0008658794015647232,0.0006501540121700434,0.0004660051791302894,0.0003936628441227046,0.0003123261658378183,0.00017286134919865183],[0.01852032154533386,0.0066850495832404,0.005022726187021887,0.004430756022166266,0.0023925548259679675,0.001986974616881766,0.0015287147840202706,0.0008920442961051046,0.00035591295952125044,0.0001537014726023702]]",3.78757280501189,1.2299221255452415,0.3108541479263961,0.10122348406654447,0.32455174555092586,0.000670733167230953,0.4598604062369301,0.013231765563256696,0.05069113143097945,0.04277302164190365,0.14223610024217942,0.14241277796348786,0.39114891714416444,16,7,2
21,MNISTConvNet,MNIST conv filters=16 kernel=7 stride=2 lr=1e-02,1.0,0.01,Muon,1,4,512,64,2.302186110729003,0.0002704392957899593,0.82421875,full_conv_patch_and_classifier_activation,2.3390882354768667,1.6078436665052132,1.486981030680511,5.478390415027687e-05,8.625830337919697e-05,"[[0.007205509364672238,0.0017185882088919728,0.0014100778088392684,0.0008272007661816144,0.0006405180141299681,0.00036262396570329474,0.000277828026273223,0.00021991488158994485,0.00020469306337528808,0.00015367531465022635,0.00010596029462746784,8.06159150601773e-05,7.062482425793832e-05,5.1668808996047345e-05,3.408069601514839e-05,3.137439645367159e-05],[0.008670107639263045,0.0009704973805468505,0.0005220551610448242,0.0002608715182427088,0.00020683647118966577,0.00019005079728459594,0.00015261383919995953,6.567323089504015e-05,3.2158450682105526e-05,3.427294599707289e-19]]","[[486.2481708090735,259.8446472251625,216.24958445068805,183.7122983171536,147.89858163778146,138.10567669741445,127.8390818749908,103.34982479706355,91.60511919190584,87.40259145050457,86.8697513933867,71.34886983400732,65.24907197972718,59.32450967369966,53.87509130234577,53.481766751236265,50.14529573794769,44.52057679625825,42.78985777372914,41.76746085731856,35.97019704819681,35.62678728170247,34.93521036366559,33.94470369891809,30.66431645451282,30.59598409971866,29.66978902073454,27.203519321359956,27.09406318943487,26.114374850478214,25.599638280334634,24.772905241944187,24.18297441165068,23.988265487043922,23.0492393179248,21.976027593899797,21.20567931219397,20.448066728586863,19.763586864753936,19.65115363803375,18.387490082854235,17.840542777628364,16.86030618941448,16.673746529246984,15.708360268429628,15.046491314196702,14.378149746345663,13.805866165577841,12.90977975226263],[1.1821637088592467,0.09898328105172449,0.0821396143785471,0.05348745352325992,0.03486061714755022,0.02965655966205565,0.022233801832199432,0.019352573400978252,0.01457161560219832,0.014298239484193438,0.013038466635303439,0.012800272190880459,0.010234804889844401,0.009406281554567224,0.006772256630981571,0.0055989162389805626]]","[[0.010000000000000002,0.010000000000000002,0.010000000000000002,0.01,0.01,0.01,0.01,0.01,0.01,0.009999999999999998,0.009999999999999998,0.009999999999999997,0.009999999999999997,0.009999999999999997,0.009999999999999995,0.009999999999999992],[0.010000000000000002,0.010000000000000002,0.01,0.009999999999999998,0.009999999999999998,0.009999999999999997,0.009999999999999997,0.009999999999999997,0.009999999999999995,0.009999999999999995]]",13.0,12.99999999999999,1.0,0.9999999999999992,0.9999999999999993,0.0002446581883806629,0.4131624618321086,0.004798141833512538,0.050990195135927834,0.010000000000000002,0.14223610024217942,0.1571385443242196,0.43359037511982024,16,7,2
20,MNISTConvNet,MNIST conv filters=16 kernel=7 stride=2 lr=1e-02,1.0,0.01,Adam,1,5,512,64,2.3015098908334197,,0.908203125,full_conv_patch_and_classifier_activation,1.4313501819776144,1.5997078397426963,0.9663129098469635,2.7204988736784716e-05,3.148518185142696e-05,"[[0.007229425073301251,0.000846180438943288,0.0004369776431271771,0.0002729579081923004,0.0001813781390475818,0.00012417004993651139,8.303631675735916e-05,8.092125015663711e-05,7.357362034757899e-05,5.5609932200935865e-05,4.160109314694091e-05,3.714252404553388e-05,2.6496571010360904e-05,2.2562636899645072e-05,1.3405057288585715e-05,8.865349663608225e-06],[0.02542414869984873,0.0005820365969645561,0.0004843930690799661,0.0003205537437672112,0.000258636593579918,0.00015790833934180222,8.388528626114295e-05,3.791578245134224e-05,2.449061599340424e-05,8.4063488144510395e-19]]","[[486.2481708090735,259.8446472251625,216.24958445068805,183.7122983171536,147.89858163778146,138.10567669741445,127.8390818749908,103.34982479706355,91.60511919190584,87.40259145050457,86.8697513933867,71.34886983400732,65.24907197972718,59.32450967369966,53.87509130234577,53.481766751236265,50.14529573794769,44.52057679625825,42.78985777372914,41.76746085731856,35.97019704819681,35.62678728170247,34.93521036366559,33.94470369891809,30.66431645451282,30.59598409971866,29.66978902073454,27.203519321359956,27.09406318943487,26.114374850478214,25.599638280334634,24.772905241944187,24.18297441165068,23.988265487043922,23.0492393179248,21.976027593899797,21.20567931219397,20.448066728586863,19.763586864753936,19.65115363803375,18.387490082854235,17.840542777628364,16.86030618941448,16.673746529246984,15.708360268429628,15.046491314196702,14.378149746345663,13.805866165577841,12.90977975226263],[4.877360237932443,0.06813674584085623,0.05139084677250684,0.04002486891427488,0.032295667192636504,0.0217872582109777,0.014447999748748941,0.013556279915182752,0.010265615591411637,0.008251173902001552,0.007438624764384837,0.004427310151491675,0.0033755444184124434,0.0032864232250099357,0.0017335618572840309,0.0013150232907453102]]",,,,,,,,,,,,,,0.47702641715295613,16,7,2
21,MNISTConvNet,MNIST conv filters=16 kernel=7 stride=2 lr=1e-02,1.0,0.01,Muon,1,5,512,64,2.30233383328852,,0.8125,full_conv_patch_and_classifier_activation,2.6315400401263256,1.6065275718395167,1.7238225142373533,2.7101230340695604e-05,5.302280958436358e-05,"[[0.005167267288549421,0.0009822369005713619,0.0007885976334109084,0.0007420622711457609,0.0006508313805486117,0.0003527258116063728,0.00029744661965179026,0.00021618884869727166,0.00014966354317957526,0.00014008416636333693,0.00011049591968995877,7.54762832501037e-05,5.887544472638354e-05,4.8631385136089255e-05,3.9785319720598764e-05,2.9706728757914684e-05],[0.0074435004124094074,0.0013377439389462365,0.0004997799250602736,0.0004896405387365846,0.00041293535527366565,0.00027007434671694024,0.00011958052225912874,8.346434254506763e-05,6.636965698735658e-05,4.2943033427318256e-19]]","[[486.2481708090735,259.8446472251625,216.24958445068805,183.7122983171536,147.89858163778146,138.10567669741445,127.8390818749908,103.34982479706355,91.60511919190584,87.40259145050457,86.8697513933867,71.34886983400732,65.24907197972718,59.32450967369966,53.87509130234577,53.481766751236265,50.14529573794769,44.52057679625825,42.78985777372914,41.76746085731856,35.97019704819681,35.62678728170247,34.93521036366559,33.94470369891809,30.66431645451282,30.59598409971866,29.66978902073454,27.203519321359956,27.09406318943487,26.114374850478214,25.599638280334634,24.772905241944187,24.18297441165068,23.988265487043922,23.0492393179248,21.976027593899797,21.20567931219397,20.448066728586863,19.763586864753936,19.65115363803375,18.387490082854235,17.840542777628364,16.86030618941448,16.673746529246984,15.708360268429628,15.046491314196702,14.378149746345663,13.805866165577841,12.90977975226263],[1.4623383712082378,0.11330234223001916,0.08987360373531128,0.06201865912801448,0.043177214480032734,0.032548593864175995,0.0287359554230724,0.021632447471876027,0.016691529882354422,0.014611995581095326,0.014290322208943622,0.012549777661099427,0.011446206444022928,0.010414868241488283,0.006972343483610526,0.006479304964294212]]",,,,,,,,,,,,,,0.5188043341040611,16,7,2
22,MNISTConvNet,MNIST conv filters=16 kernel=7 stride=2 lr=1e-02,1.0,0.01,Adam,2,0,512,64,2.3024099838660512,0.000416212369138691,0.900390625,full_conv_patch_and_classifier_activation,1.8507086843497318,1.5955864399677755,1.1996424319802674,3.909962051270057e-05,5.1091008233382417e-05,"[[0.0059823309247423765,0.0009576826284274114,0.0007219191779007215,0.00042579559012296186,0.00033931245856518195,0.0001853063698195602,0.00016527354816524322,0.00015220033683985574,0.0001265844351052826,0.00010380923093219761,9.240835840735922e-05,7.217665770911712e-05,5.9989932813413295e-05,4.1720341762333725e-05,3.2325160822381663e-05,2.9206080143816867e-05],[0.010772613375433646,0.0006192624609799646,0.00032879717634249153,0.0002506742459819273,0.0001192151510129477,9.223133659730375e-05,8.558325003660802e-05,5.5012630953242433e-05,4.1127668928058616e-05,3.9876618632032707e-19]]","[[486.7469956954346,254.87905103727837,216.78189977852952,181.48034224900442,148.00789297796265,138.4572552275255,127.6167318572432,104.06647556993836,91.33859260302864,88.14749526844344,87.10780983922493,72.04824868313176,66.23328882684137,59.98391986945949,56.140411533208955,54.45981203005132,50.68927673314143,45.62513979877622,43.68144988901508,41.68442868823515,36.31823533870285,35.81283475873343,35.378821663203965,33.92792777873004,30.789683614752427,30.73592896969273,29.844017108914954,27.26066835754155,27.137480225179623,25.50088652415177,25.32582961059101,24.682447382142144,24.035985046853575,23.795098589057094,22.252635682782685,21.741758923632204,20.88189116725893,20.230110791191837,19.56648790783419,19.342466234382233,18.412075392793785,17.64769273542979,16.71468864753443,16.478450426833934,15.664906398627155,14.917052642026235,14.32450260066382,13.654128567672489,12.806041615073447],[1.7271711383192114,0.06753428105111303,0.04565392906459255,0.02532987400469605,0.02237437722006577,0.018452448448678098,0.017436139968891318,0.013797473043943685,0.012349122508222968,0.011281322682391064,0.00995003540838044,0.009239364558368697,0.007739817865174821,0.007032261131892799,0.004017237108634724,0.003272321666095495]]","[[0.04047505033469014,0.01245988941192177,0.01129982030342416,0.009705469879175293,0.008737609373649233,0.006648213199709171,0.00455720719170566,2.7451585561723054e-05,1.8602419144086258e-06,1.0973157048217529e-06,1.8404504443961016e-07,1.4107849621009322e-07,7.15412653141885e-08,6.118807136728579e-08,1.7861080709530674e-08,1.2109164624334534e-08],[0.019555237147446284,0.0053523470091584365,0.00457551524191985,0.0029255477169119054,0.0016663829415142987,2.799002076428016e-07,4.7766515769826226e-08,1.8060365172678603e-08,7.71513028440433e-09,1.4514050703157814e-09]]",3.354353924272515,1.2378846027695238,0.25875596185680133,0.09910471842166821,0.3822679495245399,0.0003530158677307953,0.5573563854833166,0.006923210762181597,0.050990195135927834,0.04047505033469014,0.15781073999144477,0.15745215712116054,0.04345129197463393,16,7,2
23,MNISTConvNet,MNIST conv filters=16 kernel=7 stride=2 lr=1e-02,1.0,0.01,Muon,2,0,512,64,2.3024099838660512,0.0002294202306245552,0.900390625,full_conv_patch_and_classifier_activation,1.8507086843497318,1.5955864399677755,1.1996424319802674,3.909962051270057e-05,5.1091008233382417e-05,"[[0.0059823309247423765,0.0009576826284274114,0.0007219191779007215,0.00042579559012296186,0.00033931245856518195,0.0001853063698195602,0.00016527354816524322,0.00015220033683985574,0.0001265844351052826,0.00010380923093219761,9.240835840735922e-05,7.217665770911712e-05,5.9989932813413295e-05,4.1720341762333725e-05,3.2325160822381663e-05,2.9206080143816867e-05],[0.010772613375433646,0.0006192624609799646,0.00032879717634249153,0.0002506742459819273,0.0001192151510129477,9.223133659730375e-05,8.558325003660802e-05,5.5012630953242433e-05,4.1127668928058616e-05,3.9876618632032707e-19]]","[[486.7469956954346,254.87905103727837,216.78189977852952,181.48034224900442,148.00789297796265,138.4572552275255,127.6167318572432,104.06647556993836,91.33859260302864,88.14749526844344,87.10780983922493,72.04824868313176,66.23328882684137,59.98391986945949,56.140411533208955,54.45981203005132,50.68927673314143,45.62513979877622,43.68144988901508,41.68442868823515,36.31823533870285,35.81283475873343,35.378821663203965,33.92792777873004,30.789683614752427,30.73592896969273,29.844017108914954,27.26066835754155,27.137480225179623,25.50088652415177,25.32582961059101,24.682447382142144,24.035985046853575,23.795098589057094,22.252635682782685,21.741758923632204,20.88189116725893,20.230110791191837,19.56648790783419,19.342466234382233,18.412075392793785,17.64769273542979,16.71468864753443,16.478450426833934,15.664906398627155,14.917052642026235,14.32450260066382,13.654128567672489,12.806041615073447],[1.7271711383192114,0.06753428105111303,0.04565392906459255,0.02532987400469605,0.02237437722006577,0.018452448448678098,0.017436139968891318,0.013797473043943685,0.012349122508222968,0.011281322682391064,0.00995003540838044,0.009239364558368697,0.007739817865174821,0.007032261131892799,0.004017237108634724,0.003272321666095495]]","[[0.010000000000000007,0.010000000000000002,0.010000000000000002,0.010000000000000002,0.010000000000000002,0.01,0.01,0.01,0.009999999999999998,0.009999999999999998,0.009999999999999998,0.009999999999999998,0.009999999999999998,0.009999999999999997,0.009999999999999997,0.009999999999999995],[0.010000000000000005,0.010000000000000004,0.010000000000000002,0.010000000000000002,0.010000000000000002,0.010000000000000002,0.009999999999999997,0.009999999999999995,0.009999999999999993,0.009999999999999993]]",13.000000000000004,12.999999999999982,1.0000000000000004,0.9999999999999987,0.9999999999999984,0.0002185255852854541,0.3450174382620308,0.004285639321499288,0.05099019513592784,0.010000000000000007,0.1578107399914448,0.18587177410863115,0.08769774995744228,16,7,2
22,MNISTConvNet,MNIST conv filters=16 kernel=7 stride=2 lr=1e-02,1.0,0.01,Adam,2,1,512,64,2.3025115647964074,0.0004088013672003399,0.900390625,full_conv_patch_and_classifier_activation,2.002607112868353,1.5953651615597977,1.259496263032326,3.4814737190420615e-05,4.4245469532731333e-05,"[[0.004834939152395933,0.0010047720502555394,0.0006066958712376512,0.00047205309098412307,0.00033597486580828103,0.00022848213912940031,0.00017449511619670408,0.00016212037684042608,0.00013045114511970284,9.92218997456594e-05,7.867623867038652e-05,6.527489651890825e-05,3.870992001853194e-05,3.2909640129651346e-05,2.149120865908733e-05,1.6039101873398497e-05],[0.012639774879175156,0.0006022733451012828,0.0003969970252603075,0.00024809997092682933,0.00013898043611990874,9.92210729550505e-05,7.965970812319061e-05,4.99018063052662e-05,4.093715579000873e-05,8.495880429653164e-19]]","[[486.7469956954346,254.87905103727837,216.78189977852952,181.48034224900442,148.00789297796265,138.4572552275255,127.6167318572432,104.06647556993836,91.33859260302864,88.14749526844344,87.10780983922493,72.04824868313176,66.23328882684137,59.98391986945949,56.140411533208955,54.45981203005132,50.68927673314143,45.62513979877622,43.68144988901508,41.68442868823515,36.31823533870285,35.81283475873343,35.378821663203965,33.92792777873004,30.789683614752427,30.73592896969273,29.844017108914954,27.26066835754155,27.137480225179623,25.50088652415177,25.32582961059101,24.682447382142144,24.035985046853575,23.795098589057094,22.252635682782685,21.741758923632204,20.88189116725893,20.230110791191837,19.56648790783419,19.342466234382233,18.412075392793785,17.64769273542979,16.71468864753443,16.478450426833934,15.664906398627155,14.917052642026235,14.32450260066382,13.654128567672489,12.806041615073447],[2.14635532684289,0.07981862408744944,0.051374870738780415,0.02880012900111897,0.026165983642823742,0.019188446686185804,0.01852376219324813,0.016269343256382865,0.014110486472348438,0.011522993341622798,0.010515952464187687,0.009418587554781827,0.008279429473837733,0.007827116533426395,0.005958936357713912,0.0025851101709675832]]","[[0.04373578858276067,0.010438975867700519,0.007990701441301078,0.0014098864840473818,0.0012765659165217855,0.0011494997131267924,0.0008044839088519514,0.0006677051392262952,0.0004505097598988117,0.00040434936831931935,0.0003298742310098025,0.00031596801689311865,0.0002488486585711952,0.00017498901555152685,0.00012193145439229633,9.883909061673397e-05],[0.019152264414098497,0.005428176621080574,0.0035523463912758534,0.0019940624524346366,0.0010504179697144783,0.0006113705093651618,0.0003342633087860638,0.0002020901786752094,0.00013087308883799246,7.779112868524593e-05]]",2.4349042248422768,1.111971228473854,0.20005760790171856,0.0906871460570373,0.4574009332959492,0.0003306128065950431,0.4846562532537821,0.006603163912319943,0.050068847447236275,0.04373578858276067,0.15241576388888023,0.15016114999796473,0.1317206248641014,16,7,2
23,MNISTConvNet,MNIST conv filters=16 kernel=7 stride=2 lr=1e-02,1.0,0.01,Muon,2,1,512,64,2.3025990895652364,0.00021325551197515225,0.859375,full_conv_patch_and_classifier_activation,1.9550494109526881,1.5956984565607866,1.2497774743121992,3.4641880011039424e-05,4.5588082959748085e-05,"[[0.005253612944961208,0.0009976106505017483,0.0005941842962713437,0.0004232292467837993,0.0003565988496674966,0.00028176931470166844,0.0001997495501542143,0.0001518477062271446,0.000135942072961332,9.215514050901716e-05,6.680755959767688e-05,5.2378391931550825e-05,4.736082288309747e-05,3.791933843026201e-05,2.607291625392451e-05,1.3868696540054384e-05],[0.0110186398597367,0.0005665450696735392,0.0004296641678708553,0.00025391902352121635,0.0001674367647386732,9.166826777059082e-05,7.514285595827916e-05,5.808294340283164e-05,3.211866059740324e-05,5.353518625631605e-19]]","[[486.7469956954346,254.87905103727837,216.78189977852952,181.48034224900442,148.00789297796265,138.4572552275255,127.6167318572432,104.06647556993836,91.33859260302864,88.14749526844344,87.10780983922493,72.04824868313176,66.23328882684137,59.98391986945949,56.140411533208955,54.45981203005132,50.68927673314143,45.62513979877622,43.68144988901508,41.68442868823515,36.31823533870285,35.81283475873343,35.378821663203965,33.92792777873004,30.789683614752427,30.73592896969273,29.844017108914954,27.26066835754155,27.137480225179623,25.50088652415177,25.32582961059101,24.682447382142144,24.035985046853575,23.795098589057094,22.252635682782685,21.741758923632204,20.88189116725893,20.230110791191837,19.56648790783419,19.342466234382233,18.412075392793785,17.64769273542979,16.71468864753443,16.478450426833934,15.664906398627155,14.917052642026235,14.32450260066382,13.654128567672489,12.806041615073447],[1.8768431195726396,0.07269864650870067,0.055102254863479146,0.030027928300412423,0.027769892280382364,0.019486171521535103,0.018805948485499643,0.015908296472141252,0.014068092946041888,0.011559545315885817,0.01070335249575298,0.009509154081780205,0.008573631053786467,0.007459513260456227,0.0051612216859772825,0.002545628753765477]]","[[0.010000000000000007,0.010000000000000007,0.010000000000000007,0.010000000000000005,0.010000000000000005,0.010000000000000005,0.010000000000000004,0.010000000000000004,0.010000000000000004,0.010000000000000002,0.010000000000000002,0.010000000000000002,0.010000000000000002,0.01,0.009999999999999998,0.009999999999999995],[0.010000000000000005,0.010000000000000002,0.010000000000000002,0.010000000000000002,0.01,0.01,0.01,0.009999999999999998,0.009999999999999997,0.009999999999999995]]",13.0,12.99999999999999,0.9999999999999999,0.9999999999999991,0.9999999999999992,0.00021424325111645633,0.3414028104566624,0.004201655838839883,0.05099019513592787,0.010000000000000007,0.15241576388888023,0.17859468795380568,0.1759422079194337,16,7,2
22,MNISTConvNet,MNIST conv filters=16 kernel=7 stride=2 lr=1e-02,1.0,0.01,Adam,2,2,512,64,2.3025312802416065,0.00021235046834267024,0.88671875,full_conv_patch_and_classifier_activation,1.820263184566878,1.594618998054878,1.1833676831941955,1.7891763271654443e-05,2.3185126802218156e-05,"[[0.004122645679664848,0.0006315650337737716,0.0004325684390360271,0.0003020726874429423,0.00020147980465729602,0.00015153841951200998,0.00012072864071500097,9.939647775674312e-05,9.004801892350244e-05,7.971308474210263e-05,6.761419251805699e-05,4.911324946618634e-05,3.682603043904011e-05,3.1706009701805085e-05,2.536482701283691e-05,1.3303351561005738e-05],[0.012533454382075784,0.0005617812413215256,0.0004033772292961767,0.0002736439235275918,0.00020575605328666645,0.00017277971860628423,6.890727797965874e-05,5.205153340155308e-05,3.281375254294128e-05,9.578659060028077e-19]]","[[486.7469956954346,254.87905103727837,216.78189977852952,181.48034224900442,148.00789297796265,138.4572552275255,127.6167318572432,104.06647556993836,91.33859260302864,88.14749526844344,87.10780983922493,72.04824868313176,66.23328882684137,59.98391986945949,56.140411533208955,54.45981203005132,50.68927673314143,45.62513979877622,43.68144988901508,41.68442868823515,36.31823533870285,35.81283475873343,35.378821663203965,33.92792777873004,30.789683614752427,30.73592896969273,29.844017108914954,27.26066835754155,27.137480225179623,25.50088652415177,25.32582961059101,24.682447382142144,24.035985046853575,23.795098589057094,22.252635682782685,21.741758923632204,20.88189116725893,20.230110791191837,19.56648790783419,19.342466234382233,18.412075392793785,17.64769273542979,16.71468864753443,16.478450426833934,15.664906398627155,14.917052642026235,14.32450260066382,13.654128567672489,12.806041615073447],[2.9690645703989924,0.07284241585232352,0.04401672133467107,0.028806890181288566,0.023144261584862248,0.019479051062970387,0.017773328645415108,0.014630633305636947,0.014455875188543797,0.01236705503509848,0.010568531623689483,0.008471545770964765,0.007089403986593649,0.00651076003467914,0.006127959378578692,0.0016930110528210623]]","[[0.04158788457283695,0.012158219311367962,0.011464338277502293,0.004897649918813621,0.003673839119085788,0.0034265151857819803,0.0028232615766092457,0.0016074450620767826,0.0011928790749523562,0.0009475296386835155,0.000782472483241134,0.0005718285740721699,0.00030520421974612494,0.00028742037506295263,0.00026631447701690566,0.00019801392504012976],[0.019995026740332253,0.006502530372645399,0.004979152241857318,0.0026161273191767417,0.0012199868297621537,0.0010915761331606482,0.0008596510306652308,0.0004625461435965488,0.00021056969169684165,0.0001110655527608724]]",3.3087340092330875,1.1960958200187584,0.2636522396059536,0.09714569758904049,0.36398650212780204,0.00017697893633654725,0.26457133201437,0.003505020800306602,0.05049297747992423,0.04158788457283695,0.14942169032225458,0.15060874145943534,0.2200713329948485,16,7,2
23,MNISTConvNet,MNIST conv filters=16 kernel=7 stride=2 lr=1e-02,1.0,0.01,Muon,2,2,512,64,2.3024933074950398,0.00017601209243478522,0.88671875,full_conv_patch_and_classifier_activation,2.3457775607851867,1.596002044746244,1.4913436465694954,1.810968467303573e-05,2.8060238441256495e-05,"[[0.0037639053676150644,0.0007936345484022468,0.0006632686527770434,0.0005170117268123695,0.00026893930057879807,0.00024525612569565106,0.00014454560668570305,0.00012328162784230342,0.00012199514898410789,9.074080716165995e-05,8.240464038565555e-05,7.465784148760364e-05,5.2488405057427476e-05,3.5449569057455006e-05,2.6163882197234918e-05,1.5974518683506725e-05],[0.008049495956511794,0.0007935452390914519,0.00044821220650734586,0.00021762494094767563,0.00019108481901216145,0.00017328077948751682,0.00011577278778487366,6.490752176607554e-05,6.004753992051542e-05,3.2962328847126095e-19]]","[[486.7469956954346,254.87905103727837,216.78189977852952,181.48034224900442,148.00789297796265,138.4572552275255,127.6167318572432,104.06647556993836,91.33859260302864,88.14749526844344,87.10780983922493,72.04824868313176,66.23328882684137,59.98391986945949,56.140411533208955,54.45981203005132,50.68927673314143,45.62513979877622,43.68144988901508,41.68442868823515,36.31823533870285,35.81283475873343,35.378821663203965,33.92792777873004,30.789683614752427,30.73592896969273,29.844017108914954,27.26066835754155,27.137480225179623,25.50088652415177,25.32582961059101,24.682447382142144,24.035985046853575,23.795098589057094,22.252635682782685,21.741758923632204,20.88189116725893,20.230110791191837,19.56648790783419,19.342466234382233,18.412075392793785,17.64769273542979,16.71468864753443,16.478450426833934,15.664906398627155,14.917052642026235,14.32450260066382,13.654128567672489,12.806041615073447],[1.905577583274467,0.08208420031951097,0.06426912148638968,0.030043101272135296,0.02617833764846171,0.02016487241522044,0.019198368242290098,0.016112343170589183,0.014750198583004871,0.012255980591903705,0.010933598517152096,0.009617075086889694,0.008698118752668616,0.007517691289277539,0.00614100598138651,0.001964611975394322]]","[[0.010000000000000007,0.010000000000000005,0.010000000000000005,0.010000000000000005,0.010000000000000005,0.010000000000000004,0.010000000000000004,0.010000000000000004,0.010000000000000002,0.010000000000000002,0.010000000000000002,0.01,0.01,0.01,0.01,0.01],[0.010000000000000002,0.009999999999999998,0.009999999999999998,0.009999999999999998,0.009999999999999998,0.009999999999999998,0.009999999999999997,0.009999999999999995,0.009999999999999995,0.00999999999999999]]",13.0,12.99999999999999,1.0,0.9999999999999991,0.9999999999999991,0.00017133689560453247,0.3722690006977053,0.003360192977253542,0.05099019513592785,0.010000000000000007,0.1494216903222546,0.17279264700784203,0.2622903329320252,16,7,2
22,MNISTConvNet,MNIST conv filters=16 kernel=7 stride=2 lr=1e-02,1.0,0.01,Adam,2,3,512,64,2.302372661365083,0.00036662022794864413,0.88671875,full_conv_patch_and_classifier_activation,1.6202936076853758,1.594308873379941,1.0656121109283017,1.7373089475554e-05,2.0813300876156308e-05,"[[0.005843734604005029,0.0008701853353520154,0.0004586802847557641,0.0003233703461228019,0.0002118009736123399,0.00017979443049713088,0.00015731838143172842,0.00010834789512774223,8.408198906445136e-05,6.385918349931648e-05,5.2489951465321744e-05,4.006349568507469e-05,3.5944096825706354e-05,2.5909804513145768e-05,2.1947900754372395e-05,1.8876551308398656e-05],[0.016546889337813446,0.0004936385876207494,0.0004299458511669069,0.00019710797652337,0.00015377477664959378,0.0001329438650265117,8.171416337755443e-05,5.9352792934264815e-05,3.79589334046773e-05,8.823512244130476e-19]]","[[486.7469956954346,254.87905103727837,216.78189977852952,181.48034224900442,148.00789297796265,138.4572552275255,127.6167318572432,104.06647556993836,91.33859260302864,88.14749526844344,87.10780983922493,72.04824868313176,66.23328882684137,59.98391986945949,56.140411533208955,54.45981203005132,50.68927673314143,45.62513979877622,43.68144988901508,41.68442868823515,36.31823533870285,35.81283475873343,35.378821663203965,33.92792777873004,30.789683614752427,30.73592896969273,29.844017108914954,27.26066835754155,27.137480225179623,25.50088652415177,25.32582961059101,24.682447382142144,24.035985046853575,23.795098589057094,22.252635682782685,21.741758923632204,20.88189116725893,20.230110791191837,19.56648790783419,19.342466234382233,18.412075392793785,17.64769273542979,16.71468864753443,16.478450426833934,15.664906398627155,14.917052642026235,14.32450260066382,13.654128567672489,12.806041615073447],[3.9736717405014974,0.06292153211699349,0.04544507858225767,0.028817466773800895,0.019638988383496,0.018832061169747057,0.014967390618808208,0.01397483255485194,0.01182705046135315,0.011413030600253166,0.007797740226708284,0.0066807367188147825,0.005761521405132587,0.005049091355269399,0.004200554831534687,0.0020946151562844695]]","[[0.04432661250578712,0.011472031828321827,0.007439185293945272,0.004018904189601957,0.00335977438593347,0.0025352767920473226,0.0020902983053609167,0.0018388742279691534,0.0012820519117478012,0.0009856005017222986,0.0006632250980326058,0.00035797674178895755,0.0003238311793209787,0.00029022471259521233,0.000241877967991366,0.0001367982550790998],[0.016967142586281403,0.008628138029372684,0.005485996803283461,0.0031455341657432765,0.0015572045894757102,0.0012295881756605443,0.0011902008426404361,0.0007977114645402394,0.0006221675912691218,0.0003616951155083776]]",3.4620497876991467,1.269096836541895,0.289705176814007,0.10594561516664798,0.367087055657478,0.0003321874201518919,0.36980244262548573,0.006507611956304303,0.05104597852213401,0.04432661250578712,0.14383981438608953,0.14000785538995233,0.30870920792222023,16,7,2
23,MNISTConvNet,MNIST conv filters=16 kernel=7 stride=2 lr=1e-02,1.0,0.01,Muon,2,3,512,64,2.3023052145828924,0.0002048244471413163,0.845703125,full_conv_patch_and_classifier_activation,2.351680464973664,1.5963514942183221,1.505262360026893,1.88757482884497e-05,3.0047688636853747e-05,"[[0.00464618175297503,0.001256151395623577,0.0009311905960744581,0.00042754607610923697,0.0003327673766638551,0.0002844396517857259,0.00018034394713455865,0.00014161358949341568,0.00012961751561833744,8.601648990095034e-05,7.214341076996164e-05,6.723477034019609e-05,5.293775098911815e-05,4.832178244514685e-05,3.800426771728445e-05,2.6274428542310463e-05],[0.008530256021554721,0.0008709310006294284,0.0006260254283703694,0.0002755106318579848,0.00016843573034478357,0.00015792108904389004,0.00010918676753834364,9.325881741733889e-05,5.2031664788134145e-05,4.223650004775634e-19]]","[[486.7469956954346,254.87905103727837,216.78189977852952,181.48034224900442,148.00789297796265,138.4572552275255,127.6167318572432,104.06647556993836,91.33859260302864,88.14749526844344,87.10780983922493,72.04824868313176,66.23328882684137,59.98391986945949,56.140411533208955,54.45981203005132,50.68927673314143,45.62513979877622,43.68144988901508,41.68442868823515,36.31823533870285,35.81283475873343,35.378821663203965,33.92792777873004,30.789683614752427,30.73592896969273,29.844017108914954,27.26066835754155,27.137480225179623,25.50088652415177,25.32582961059101,24.682447382142144,24.035985046853575,23.795098589057094,22.252635682782685,21.741758923632204,20.88189116725893,20.230110791191837,19.56648790783419,19.342466234382233,18.412075392793785,17.64769273542979,16.71468864753443,16.478450426833934,15.664906398627155,14.917052642026235,14.32450260066382,13.654128567672489,12.806041615073447],[1.9809116632139907,0.09138088712016135,0.07395048845238,0.03345371780599156,0.030934225935250918,0.02422769699696554,0.021678810349463954,0.01662756810785436,0.01624757840891964,0.013542546703558898,0.012202847403746307,0.010490829386142968,0.010256518868843214,0.007061847501308977,0.005933165512388228,0.003217015010071394]]","[[0.010000000000000005,0.010000000000000005,0.010000000000000004,0.010000000000000004,0.010000000000000004,0.010000000000000004,0.010000000000000004,0.010000000000000002,0.010000000000000002,0.010000000000000002,0.01,0.01,0.009999999999999998,0.009999999999999995,0.009999999999999992,0.00999999999999999],[0.01,0.01,0.01,0.009999999999999998,0.009999999999999998,0.009999999999999998,0.009999999999999997,0.009999999999999997,0.009999999999999997,0.009999999999999993]]",13.0,12.99999999999999,1.0,0.9999999999999992,0.9999999999999993,0.00019604341953728162,0.38725456976499056,0.0038447277758925226,0.050990195135927854,0.010000000000000005,0.14383981438608956,0.1613484002936061,0.35030937497504056,16,7,2
22,MNISTConvNet,MNIST conv filters=16 kernel=7 stride=2 lr=1e-02,1.0,0.01,Adam,2,4,512,64,2.3013114495106892,0.0007698183737891995,0.88671875,full_conv_patch_and_classifier_activation,1.337795375686802,1.594177359769331,0.9088877456332868,2.9436183381036922e-05,3.226223194473455e-05,"[[0.009082932946058308,0.0007614135859074607,0.000367547418826029,0.0002661799721436274,0.0002501586187090643,0.00016599701174312227,0.00012179108251788723,0.00010761572483123692,8.520282351037921e-05,7.732289740043292e-05,5.6012714113391235e-05,5.070796592335656e-05,3.353237339645493e-05,2.4289740216202112e-05,1.657754613116802e-05,1.0882857613523527e-05],[0.02724376024428963,0.00044399829159118596,0.0003076728801774131,0.00017707523709380515,0.00013037372670923351,9.57088363369047e-05,6.497199380190824e-05,5.080235984262091e-05,1.8017403386258716e-05,1.2636579800261335e-18]]","[[486.7469956954346,254.87905103727837,216.78189977852952,181.48034224900442,148.00789297796265,138.4572552275255,127.6167318572432,104.06647556993836,91.33859260302864,88.14749526844344,87.10780983922493,72.04824868313176,66.23328882684137,59.98391986945949,56.140411533208955,54.45981203005132,50.68927673314143,45.62513979877622,43.68144988901508,41.68442868823515,36.31823533870285,35.81283475873343,35.378821663203965,33.92792777873004,30.789683614752427,30.73592896969273,29.844017108914954,27.26066835754155,27.137480225179623,25.50088652415177,25.32582961059101,24.682447382142144,24.035985046853575,23.795098589057094,22.252635682782685,21.741758923632204,20.88189116725893,20.230110791191837,19.56648790783419,19.342466234382233,18.412075392793785,17.64769273542979,16.71468864753443,16.478450426833934,15.664906398627155,14.917052642026235,14.32450260066382,13.654128567672489,12.806041615073447],[5.022652741166991,0.055303115040526325,0.04053082398692262,0.029255236997624133,0.01897738665848873,0.016983291190432438,0.012855844283770484,0.012334166961868386,0.01158043016849144,0.008273095007008163,0.007109497710714413,0.006473496662632392,0.005633438387113749,0.005461403462789574,0.0035221146471442573,0.0024392676446551554]]","[[0.04470192671226179,0.01185816173299271,0.007184268129333924,0.0044329985841812265,0.0031093786150896397,0.0027231021860979056,0.002576516586235037,0.0017962737908145154,0.0014314615233130578,0.001021481570436473,0.0003903743071461262,0.00030542066944958055,0.00020899901947260335,0.0001773870860069466,0.00013063144073421367,0.00010286341650916236],[0.019048060402293936,0.007791667171532493,0.005192322175948031,0.0025677071305624847,0.0017569151272132694,0.0014440855390750542,0.0009232912943148867,0.0006236380155098352,0.0005151444101379337,0.000189322245885556]]",3.2354333766166627,1.199774412436767,0.26706547714249673,0.09895417810520057,0.3709147885276347,0.000680672508533989,0.4554252125915855,0.013089033729265714,0.052003266445259155,0.04470192671226179,0.13842693311180665,0.13718163982126508,0.39388770796358585,16,7,2
23,MNISTConvNet,MNIST conv filters=16 kernel=7 stride=2 lr=1e-02,1.0,0.01,Muon,2,4,512,64,2.3021350054263148,0.00028232028358132766,0.85546875,full_conv_patch_and_classifier_activation,1.8682692825431244,1.596074398187047,1.2299676700489635,2.9886003935963925e-05,4.154702673128978e-05,"[[0.00801374116347602,0.0012578305258458416,0.0008677475077150653,0.000674654388658078,0.00046300678804063434,0.0003547440003707251,0.00020278185988890243,0.0001542093932722992,0.00011410879441099404,0.00010313727804908412,9.071445166897676e-05,8.106210680940306e-05,5.5020894439418634e-05,4.966713364016771e-05,4.462372823977499e-05,3.918681224611838e-05],[0.012062706455878376,0.0009074585655533051,0.0005003874683283706,0.0003171405372990522,0.00018096002831552427,0.00013746801532944932,0.00010811595508004485,6.518393470182792e-05,3.289765928245374e-05,3.3507884310501524e-19]]","[[486.7469956954346,254.87905103727837,216.78189977852952,181.48034224900442,148.00789297796265,138.4572552275255,127.6167318572432,104.06647556993836,91.33859260302864,88.14749526844344,87.10780983922493,72.04824868313176,66.23328882684137,59.98391986945949,56.140411533208955,54.45981203005132,50.68927673314143,45.62513979877622,43.68144988901508,41.68442868823515,36.31823533870285,35.81283475873343,35.378821663203965,33.92792777873004,30.789683614752427,30.73592896969273,29.844017108914954,27.26066835754155,27.137480225179623,25.50088652415177,25.32582961059101,24.682447382142144,24.035985046853575,23.795098589057094,22.252635682782685,21.741758923632204,20.88189116725893,20.230110791191837,19.56648790783419,19.342466234382233,18.412075392793785,17.64769273542979,16.71468864753443,16.478450426833934,15.664906398627155,14.917052642026235,14.32450260066382,13.654128567672489,12.806041615073447],[2.215951014909034,0.09145755155873461,0.08141337146133487,0.04043979687601451,0.03030822783506074,0.026217311341004558,0.023020750631157574,0.01828766431039727,0.015624350673086696,0.013736560583596442,0.01144446259528722,0.010020000796755269,0.009364537657225055,0.00770603942207139,0.00653060580378991,0.004585108874776894]]","[[0.010000000000000002,0.010000000000000002,0.01,0.01,0.01,0.01,0.01,0.01,0.009999999999999997,0.009999999999999997,0.009999999999999997,0.009999999999999997,0.009999999999999997,0.009999999999999995,0.009999999999999995,0.009999999999999995],[0.01000000000000001,0.010000000000000007,0.010000000000000005,0.010000000000000005,0.010000000000000004,0.010000000000000004,0.010000000000000004,0.01,0.01,0.01]]",13.0,12.999999999999988,0.9999999999999999,0.999999999999999,0.9999999999999991,0.0002687855544653989,0.36015909468637897,0.0052713184122727885,0.050990195135927854,0.01000000000000001,0.13842693311180665,0.15199750986901153,0.4381565419025719,16,7,2
22,MNISTConvNet,MNIST conv filters=16 kernel=7 stride=2 lr=1e-02,1.0,0.01,Adam,2,5,512,64,2.301312298320761,,0.88671875,full_conv_patch_and_classifier_activation,1.4268567222340574,1.5941249036818683,0.9517033738363148,2.555120121997178e-05,2.8200691013065573e-05,"[[0.00792999612855725,0.0007561041734129449,0.0004494928863206982,0.00036732343855142783,0.00026820387969911266,0.00017129668606725472,0.0001534968213765561,0.00010460419985905414,8.677796347075898e-05,6.741898227843423e-05,6.098167679184848e-05,4.998341918668419e-05,4.530871426640002e-05,3.7322607305598564e-05,2.0860995771785554e-05,9.314253644731982e-06],[0.03210263407728901,0.0006298684317689379,0.00039647137485927634,0.0002685304581681542,0.00014110365422894948,8.447385959387796e-05,6.288272405558258e-05,3.264312866063887e-05,2.106136336588087e-05,2.080486882145682e-18]]","[[486.7469956954346,254.87905103727837,216.78189977852952,181.48034224900442,148.00789297796265,138.4572552275255,127.6167318572432,104.06647556993836,91.33859260302864,88.14749526844344,87.10780983922493,72.04824868313176,66.23328882684137,59.98391986945949,56.140411533208955,54.45981203005132,50.68927673314143,45.62513979877622,43.68144988901508,41.68442868823515,36.31823533870285,35.81283475873343,35.378821663203965,33.92792777873004,30.789683614752427,30.73592896969273,29.844017108914954,27.26066835754155,27.137480225179623,25.50088652415177,25.32582961059101,24.682447382142144,24.035985046853575,23.795098589057094,22.252635682782685,21.741758923632204,20.88189116725893,20.230110791191837,19.56648790783419,19.342466234382233,18.412075392793785,17.64769273542979,16.71468864753443,16.478450426833934,15.664906398627155,14.917052642026235,14.32450260066382,13.654128567672489,12.806041615073447],[6.352958444413648,0.05290018840200559,0.042796251107837184,0.028324280412633747,0.019785278515749623,0.016669354083215057,0.014437675566548134,0.01209468697921588,0.01003319512821139,0.008402805900699879,0.006474455492417183,0.00633954735656791,0.006028121784904865,0.0055904673719931785,0.0045986415638196824,0.0017879612163599966]]",,,,,,,,,,,,,,0.4818849170114845,16,7,2
23,MNISTConvNet,MNIST conv filters=16 kernel=7 stride=2 lr=1e-02,1.0,0.01,Muon,2,5,512,64,2.302267129443353,,0.904296875,full_conv_patch_and_classifier_activation,2.1771031903993627,1.5962082633800354,1.4092438800993228,2.660655181507046e-05,4.0747121835438475e-05,"[[0.007784224519209492,0.0015079654798343068,0.0010744592604665206,0.0007858604461798952,0.0006684441575114838,0.0005924997032800477,0.0002678510228342884,0.0002023962678191822,0.00015897772918973082,0.00012935450704768203,0.00010191369327726223,9.149563410191043e-05,8.269149042186319e-05,6.428274539029837e-05,5.453737402357284e-05,2.7515930462562775e-05],[0.01245772461813524,0.001178069839322549,0.000960676324731725,0.00037765424556313493,0.0002319527642487323,0.0001835770304967055,9.967049464185143e-05,6.541350080455289e-05,2.2096353137711927e-05,1.0219371796644125e-18]]","[[486.7469956954346,254.87905103727837,216.78189977852952,181.48034224900442,148.00789297796265,138.4572552275255,127.6167318572432,104.06647556993836,91.33859260302864,88.14749526844344,87.10780983922493,72.04824868313176,66.23328882684137,59.98391986945949,56.140411533208955,54.45981203005132,50.68927673314143,45.62513979877622,43.68144988901508,41.68442868823515,36.31823533870285,35.81283475873343,35.378821663203965,33.92792777873004,30.789683614752427,30.73592896969273,29.844017108914954,27.26066835754155,27.137480225179623,25.50088652415177,25.32582961059101,24.682447382142144,24.035985046853575,23.795098589057094,22.252635682782685,21.741758923632204,20.88189116725893,20.230110791191837,19.56648790783419,19.342466234382233,18.412075392793785,17.64769273542979,16.71468864753443,16.478450426833934,15.664906398627155,14.917052642026235,14.32450260066382,13.654128567672489,12.806041615073447],[2.434968257781589,0.10800828411523736,0.09197006932915092,0.039095788161834316,0.03451111440280895,0.02831844751615802,0.02601407562815728,0.018890009163738727,0.017131442017717654,0.014886264792871246,0.012388642913485393,0.010787574280526315,0.008960518073101938,0.008327691370780889,0.0076562429140105415,0.005610529430862583]]",,,,,,,,,,,,,,0.5239181669894606,16,7,2
24,MNISTConvNet,MNIST conv filters=32 kernel=5 stride=2 lr=3e-03,1.0,0.003,Adam,0,0,512,64,2.3026756493676657,6.56418844973139e-05,0.9140625,full_conv_patch_and_classifier_activation,2.1910711243199072,1.391031060803822,1.5420127919487845,3.596724530521592e-05,5.111181882773813e-05,"[[0.0039783867627349616,0.0009153982098809607,0.0005437203547508226,0.0004541272692116203,0.0002578984207778912,0.00018883901237166402,0.00013441564017628598,0.00011479288221450041,8.68984968514906e-05,8.419570550628229e-05,7.696142502792507e-05,5.895322121556083e-05,4.599780799962247e-05,3.6547619523396546e-05,2.9374815642446907e-05,2.716835936748363e-05,2.278441291734025e-05,2.1078775799853246e-05,1.6393356488958423e-05,1.4478871944710981e-05,1.1293008245918444e-05,8.680526396333042e-06,7.429374778135513e-06,5.73159551185653e-06,5.044353570014067e-06],[0.004245464819903197,0.0003066924448935938,0.00017032356301975772,0.0001182591794777784,9.41917806195885e-05,6.552932075037963e-05,4.439062394144599e-05,3.696856695248218e-05,2.611988862434699e-05,2.5280055672918187e-19]]","[[401.1183156996585,197.39960275709623,164.19580520093004,125.04709348138175,95.81303941858663,91.20839259366029,74.89031449434101,59.91562082222036,49.28389336291671,48.21043120462586,45.75160259396352,37.706046923031636,35.21959976949825,30.123676491125735,29.954925951450672,29.01564349947877,26.2093158304301,24.392547769597073,23.50068906609841,21.883484860449574,19.859758304504684,18.874098114494824,17.102630977222926,15.881887439576131,13.960438301928791],[0.71092314450557,0.05260251351833406,0.030328896717035994,0.02038468926641397,0.014908497443638632,0.012314012866603868,0.009870693046594523,0.00839085657225478,0.007748674493773325,0.006747517149617977,0.006603754681379792,0.0062414733609441175,0.0057566044816783875,0.005011972332645979,0.004762921642685307,0.0042226597865598825,0.0040691347499854985,0.0038810029850225537,0.0036881733797194173,0.0034354578999121286,0.0032324361904137134,0.0030680823727701925,0.002842385716790562,0.002741317250505716,0.0026943403431330818,0.0025376353785809404,0.002314375600882731,0.002180146707412455,0.0020702555086353366,0.0019865872994108786,0.001887745251699889,0.0009964777287127516]]","[[0.013428405883134301,0.003549622468402958,0.0027374242906684516,0.0026217350277554525,0.0024373152177576073,0.0016174117848151751,0.0014530013888045309,0.0013892793812856094,0.0011967005197526211,0.0010518445801160927,0.0009772234882936242,0.0008848358902601903,0.0007627150913941373,0.0004037259694874274,5.065281399229464e-07,3.2029236157599877e-07,1.908142115551073e-07,1.32984029511879e-07,1.1142481427762014e-07,8.108783888092371e-08,6.24973615133048e-08,3.833851943878994e-08,2.8741512539551898e-08,1.889471970280399e-08,8.657376463307516e-09],[0.009151112056847545,0.0017773530072291578,0.001142010148510577,0.0010600481427638622,0.0008731627918084788,5.895736906166029e-06,1.065326996843034e-06,1.5628153037910348e-07,5.446033290111403e-08,3.4638964198508026e-08]]",3.737506985802254,1.161537703223555,0.21486836940049958,0.07873608631627302,0.36462080980285094,6.751250744933253e-05,0.6383435818147487,0.003803898861212935,0.017748239349298856,0.013428405883134301,0.052831533028814305,0.05324505788176841,0.02795662498101592,32,5,2
25,MNISTConvNet,MNIST conv filters=32 kernel=5 stride=2 lr=3e-03,1.0,0.003,Muon,0,0,512,64,2.3026756493676657,3.590607796466472e-05,0.9140625,full_conv_patch_and_classifier_activation,2.1910711243199072,1.391031060803822,1.5420127919487845,3.596724530521592e-05,5.111181882773813e-05,"[[0.0039783867627349616,0.0009153982098809607,0.0005437203547508226,0.0004541272692116203,0.0002578984207778912,0.00018883901237166402,0.00013441564017628598,0.00011479288221450041,8.68984968514906e-05,8.419570550628229e-05,7.696142502792507e-05,5.895322121556083e-05,4.599780799962247e-05,3.6547619523396546e-05,2.9374815642446907e-05,2.716835936748363e-05,2.278441291734025e-05,2.1078775799853246e-05,1.6393356488958423e-05,1.4478871944710981e-05,1.1293008245918444e-05,8.680526396333042e-06,7.429374778135513e-06,5.73159551185653e-06,5.044353570014067e-06],[0.004245464819903197,0.0003066924448935938,0.00017032356301975772,0.0001182591794777784,9.41917806195885e-05,6.552932075037963e-05,4.439062394144599e-05,3.696856695248218e-05,2.611988862434699e-05,2.5280055672918187e-19]]","[[401.1183156996585,197.39960275709623,164.19580520093004,125.04709348138175,95.81303941858663,91.20839259366029,74.89031449434101,59.91562082222036,49.28389336291671,48.21043120462586,45.75160259396352,37.706046923031636,35.21959976949825,30.123676491125735,29.954925951450672,29.01564349947877,26.2093158304301,24.392547769597073,23.50068906609841,21.883484860449574,19.859758304504684,18.874098114494824,17.102630977222926,15.881887439576131,13.960438301928791],[0.71092314450557,0.05260251351833406,0.030328896717035994,0.02038468926641397,0.014908497443638632,0.012314012866603868,0.009870693046594523,0.00839085657225478,0.007748674493773325,0.006747517149617977,0.006603754681379792,0.0062414733609441175,0.0057566044816783875,0.005011972332645979,0.004762921642685307,0.0042226597865598825,0.0040691347499854985,0.0038810029850225537,0.0036881733797194173,0.0034354578999121286,0.0032324361904137134,0.0030680823727701925,0.002842385716790562,0.002741317250505716,0.0026943403431330818,0.0025376353785809404,0.002314375600882731,0.002180146707412455,0.0020702555086353366,0.0019865872994108786,0.001887745251699889,0.0009964777287127516]]","[[0.003000000000000002,0.003000000000000002,0.0030000000000000014,0.0030000000000000014,0.003000000000000001,0.003000000000000001,0.0030000000000000005,0.0030000000000000005,0.0030000000000000005,0.0030000000000000005,0.0030000000000000005,0.0030000000000000005,0.003,0.003,0.003,0.003,0.003,0.003,0.003,0.0029999999999999996,0.0029999999999999996,0.0029999999999999996,0.0029999999999999988,0.0029999999999999988,0.0029999999999999983],[0.0030000000000000014,0.003000000000000001,0.003000000000000001,0.0030000000000000005,0.0030000000000000005,0.0030000000000000005,0.0029999999999999996,0.002999999999999999,0.002999999999999999,0.002999999999999999]]",17.5,17.499999999999986,1.0,0.9999999999999991,0.9999999999999991,3.676359140126581e-05,0.34760673987809265,0.0020713937127920337,0.01774823934929885,0.003000000000000002,0.052831533028814284,0.05323656029646795,0.052395167062059045,32,5,2
24,MNISTConvNet,MNIST conv filters=32 kernel=5 stride=2 lr=3e-03,1.0,0.003,Adam,0,1,512,64,2.3025969722246553,7.871122354208282e-05,0.92578125,full_conv_patch_and_classifier_activation,2.058203233253274,1.3910907916320994,1.4768653728811294,3.788500295628131e-05,5.557818652200936e-05,"[[0.004502085388342033,0.0009320413771713997,0.0006140224122782152,0.00047386124651681077,0.00020849839560209505,0.00014374468164165104,0.0001196258641735082,0.00010790474890216137,7.842915553726524e-05,6.95220229922626e-05,5.5964357751418206e-05,4.935993429151429e-05,4.0563182920153306e-05,3.109557582137466e-05,2.6911900246855236e-05,2.3596808108682868e-05,2.117240883970923e-05,1.847770905078616e-05,1.6370944399715583e-05,1.3666429624405763e-05,1.1546929548390474e-05,8.759496297997582e-06,7.5706392879031945e-06,6.847961171487846e-06,5.6748914855598125e-06],[0.004325296051609401,0.00038873066443012756,0.00015895882125149544,0.0001186263694641964,0.00010031118374025208,7.093944520571808e-05,5.388190347232314e-05,5.136831292909383e-05,2.691191221993515e-05,2.236992466067198e-19]]","[[401.1183156996585,197.39960275709623,164.19580520093004,125.04709348138175,95.81303941858663,91.20839259366029,74.89031449434101,59.91562082222036,49.28389336291671,48.21043120462586,45.75160259396352,37.706046923031636,35.21959976949825,30.123676491125735,29.954925951450672,29.01564349947877,26.2093158304301,24.392547769597073,23.50068906609841,21.883484860449574,19.859758304504684,18.874098114494824,17.102630977222926,15.881887439576131,13.960438301928791],[0.706687915645316,0.054028049063346316,0.02902216058772505,0.01910977480167378,0.014284783710544946,0.012016737019131132,0.00927973796162651,0.008852656809671013,0.007770820305070036,0.007131381559551175,0.006566112299433896,0.006267199145497083,0.005776325458254024,0.005043892064949685,0.0046392437469168595,0.0042268137960728945,0.004147564996247339,0.003999504266285498,0.0036307960023862712,0.0034397714091706226,0.0032917981305128417,0.002974835962343433,0.002895972428884935,0.0025968250480505038,0.002528150559682841,0.0024335406982743456,0.0023668447685669227,0.0022626952935507964,0.0021216700886925568,0.0019539158253713655,0.0018568470086982292,0.000759121245063516]]","[[0.01431504402830679,0.002671714705562603,0.0025245925894719166,0.0021163837530902233,0.0016036631550710237,0.0013370184261962965,0.0011343007963232918,0.0009096907578723018,0.0007922751243154026,0.0007336929371118588,0.00046937040887614777,0.0003131346458099938,0.0002577806091916712,0.00019766450501761847,0.00013366973496542993,8.793477501168521e-05,7.067827623853892e-05,6.391305283130033e-05,5.40657824552982e-05,4.0608067445755484e-05,2.854117644098062e-05,2.686857889801265e-05,2.2799976751283448e-05,1.555946711877516e-05,9.690117923514917e-06],[0.008844479128508456,0.002108801637470486,0.0017175429236504153,0.0006898521661909103,0.0003252723768388806,0.00030906473351885303,0.00020710863353170728,0.00016623820101499987,0.00014413996338672147,3.706118281773676e-05]]",3.1640939864854927,1.1158743625936243,0.20007419138314397,0.07776706113574411,0.37071379640383817,7.709917712896472e-05,0.677741796945223,0.004327537436210984,0.017815946890217923,0.01431504402830679,0.052944188821688186,0.05298050772476795,0.07874454208649695,32,5,2
25,MNISTConvNet,MNIST conv filters=32 kernel=5 stride=2 lr=3e-03,1.0,0.003,Muon,0,1,512,64,2.3026309072331097,3.816201172135436e-05,0.91796875,full_conv_patch_and_classifier_activation,2.0613131924876593,1.3911911658153842,1.4828700508871218,3.780210899309434e-05,5.621864240057112e-05,"[[0.004543736807212125,0.0009698571223775523,0.0006084041288349232,0.00046011522000332386,0.000206707756545038,0.00014016295116123576,0.00010841118059203532,9.574298205645212e-05,7.743897852162866e-05,6.685820302595281e-05,6.346334757882289e-05,5.3984946091086716e-05,5.137015393700301e-05,3.099598281016571e-05,2.682704253152854e-05,2.363423451425693e-05,2.1146480861583706e-05,1.832662047528615e-05,1.6489241906451407e-05,1.3964346237052198e-05,1.208358456343538e-05,1.0615960233966226e-05,8.443779409367269e-06,6.046312545202818e-06,4.733154480310826e-06],[0.004201165426027514,0.0003851841563904048,0.00015498550473087334,0.00012508081018954196,0.00010789006876392168,7.52165443260882e-05,5.608543647323848e-05,4.752784216534789e-05,2.734963120822967e-05,3.3696023924285997e-19]]","[[401.1183156996585,197.39960275709623,164.19580520093004,125.04709348138175,95.81303941858663,91.20839259366029,74.89031449434101,59.91562082222036,49.28389336291671,48.21043120462586,45.75160259396352,37.706046923031636,35.21959976949825,30.123676491125735,29.954925951450672,29.01564349947877,26.2093158304301,24.392547769597073,23.50068906609841,21.883484860449574,19.859758304504684,18.874098114494824,17.102630977222926,15.881887439576131,13.960438301928791],[0.687383326915255,0.05154581128853153,0.02966636122740712,0.01961673627722565,0.01472030478147384,0.012349087193822996,0.009825719613395328,0.00854335143277295,0.007770800700404542,0.006818400051871843,0.006689548737718151,0.006251335686622159,0.005879520608332237,0.00505952257698392,0.0046113897843137195,0.004292538128713419,0.0041296040570506865,0.003880260674608263,0.0035952172201046263,0.003502371325070782,0.003273482588144711,0.0030618829618677896,0.002939649471082065,0.0026930611806454683,0.0026509973809993852,0.0025913530197333888,0.002410843005868458,0.002241473582750941,0.002109690644997386,0.001990395092149258,0.0018700856978849999,0.0009663254219519333]]","[[0.0030000000000000014,0.003000000000000001,0.003000000000000001,0.0030000000000000005,0.0030000000000000005,0.0030000000000000005,0.0030000000000000005,0.0030000000000000005,0.0030000000000000005,0.0030000000000000005,0.0029999999999999996,0.0029999999999999996,0.0029999999999999996,0.002999999999999999,0.002999999999999999,0.002999999999999999,0.002999999999999999,0.002999999999999999,0.002999999999999999,0.002999999999999999,0.002999999999999999,0.002999999999999999,0.002999999999999999,0.0029999999999999983,0.002999999999999998],[0.003000000000000003,0.003000000000000002,0.0030000000000000014,0.0030000000000000014,0.003000000000000001,0.003000000000000001,0.003000000000000001,0.003000000000000001,0.003,0.0029999999999999996]]",17.5,17.49999999999998,1.0,0.9999999999999989,0.9999999999999988,3.846013781634283e-05,0.3420469279395145,0.0021669832741951505,0.017748239349298853,0.003000000000000003,0.05294418882168817,0.053412522685670275,0.10355166695080698,32,5,2
24,MNISTConvNet,MNIST conv filters=32 kernel=5 stride=2 lr=3e-03,1.0,0.003,Adam,0,2,512,64,2.3025637578863365,2.9227610924831282e-05,0.9140625,full_conv_patch_and_classifier_activation,2.4749051447137544,1.3902499028326893,1.7293168608556249,3.130854550015851e-05,4.834299337120762e-05,"[[0.0025726681908433083,0.00048412196008731055,0.00040679431806019177,0.0003095210276197269,0.00025982918564509277,0.00019604909653992724,0.0001275714712186826,0.00011014038389130916,8.515004370224763e-05,7.151690920642889e-05,6.497564386593197e-05,4.820735121693305e-05,4.2146226756485306e-05,3.583027062212125e-05,2.7688564559505634e-05,1.990223419999735e-05,1.943914397458593e-05,1.826251853189327e-05,1.627767772882038e-05,1.2970581984059482e-05,1.1554087753731148e-05,1.1083730122888511e-05,7.694145452069952e-06,5.629449971326157e-06,2.4565166675851195e-06],[0.004295250746878489,0.00043815049313380506,0.00025701803257695066,0.0001169477257269316,0.00010585905049010155,6.845596017281836e-05,5.959644039534875e-05,3.5320295100981887e-05,2.5631261033254384e-05,4.360080052338771e-19]]","[[401.1183156996585,197.39960275709623,164.19580520093004,125.04709348138175,95.81303941858663,91.20839259366029,74.89031449434101,59.91562082222036,49.28389336291671,48.21043120462586,45.75160259396352,37.706046923031636,35.21959976949825,30.123676491125735,29.954925951450672,29.01564349947877,26.2093158304301,24.392547769597073,23.50068906609841,21.883484860449574,19.859758304504684,18.874098114494824,17.102630977222926,15.881887439576131,13.960438301928791],[0.7737124708473578,0.05502506411650461,0.02827631785602188,0.017768431679253304,0.013832946343076153,0.011407549046568943,0.009520013602967229,0.008773731927214617,0.008447304465283854,0.007683246857162882,0.006517937869492884,0.006190053619678318,0.005494220019827739,0.005028234276170474,0.004378771393672913,0.0043542424776430826,0.004105149801696259,0.003708463304111983,0.003554330352716673,0.0034427966865050994,0.0032517823738596103,0.003056999221039194,0.002968328097279075,0.0025790502485046624,0.002497057967111428,0.002246588702422133,0.002140100743436271,0.001983460811670215,0.0019777548481955923,0.0018446490614631907,0.0018133384905632093,0.0006295218643022181]]","[[0.014917071909912219,0.00297982222891619,0.002362462253127067,0.0018960372454888447,0.0015680222413595572,0.0013937883584884403,0.0010152846550311745,0.0008568836751299141,0.0007352826508079696,0.0005273453746866283,0.00047189446300040125,0.0003317999754595075,0.0002937695309873499,0.00021306261397678668,0.00018478151371167521,0.00016647679117093425,0.0001368851172855876,9.291150036457243e-05,8.319682158170995e-05,7.859799420002663e-05,6.907386874224861e-05,5.158275311387785e-05,3.4820362746476766e-05,2.1241776855658594e-05,1.2367746482585339e-05],[0.007715010700774923,0.0022108878122488514,0.0018127967978031376,0.001351953060502472,0.0008844063656273087,0.0006825381742809327,0.00046071301016839766,0.00027956287725911666,0.00021503414798305494,0.00015500231792372625]]",3.621438389065946,1.1550949124973604,0.24971598153421307,0.08205584958530168,0.3197327904092628,2.632220939720415e-05,0.28882090375954994,0.0014731424108693227,0.01786806842501468,0.014917071909912219,0.05291811235927477,0.05133159885635588,0.13061000010930002,32,5,2
25,MNISTConvNet,MNIST conv filters=32 kernel=5 stride=2 lr=3e-03,1.0,0.003,Muon,0,2,512,64,2.302544984040598,3.134366468060534e-05,0.921875,full_conv_patch_and_classifier_activation,2.354264558389047,1.3912610941597099,1.679163272433129,3.119921106593438e-05,5.090476542248715e-05,"[[0.0029688778568236866,0.00045683440158777176,0.0003705914299334779,0.00032425911473548617,0.00030866124985737346,0.0001788810617767143,0.00013282308969082935,0.00012733248839924056,8.651871309683184e-05,8.052618659458326e-05,6.727704870900383e-05,5.427324001080338e-05,4.061662740530679e-05,3.3747198550306595e-05,3.065382897793919e-05,2.3211355108526025e-05,1.7806924086337946e-05,1.5142443161179613e-05,1.3458616847790927e-05,1.1946451230935292e-05,9.997653449455022e-06,8.721964647937948e-06,6.269556366587006e-06,5.191380412081456e-06,4.654262779596419e-06],[0.0037707711619323833,0.000419437501030613,0.0002748239991382756,0.00013141216648007088,0.00010565561552023259,6.998499770497632e-05,5.640055442924049e-05,3.5292141945407956e-05,2.7058717214253354e-05,4.174643437545992e-19]]","[[401.1183156996585,197.39960275709623,164.19580520093004,125.04709348138175,95.81303941858663,91.20839259366029,74.89031449434101,59.91562082222036,49.28389336291671,48.21043120462586,45.75160259396352,37.706046923031636,35.21959976949825,30.123676491125735,29.954925951450672,29.01564349947877,26.2093158304301,24.392547769597073,23.50068906609841,21.883484860449574,19.859758304504684,18.874098114494824,17.102630977222926,15.881887439576131,13.960438301928791],[0.6819338617883235,0.05162376056947166,0.029950651168938237,0.018666097755803704,0.014450256406032513,0.012247984746469117,0.010177879859759998,0.008813370170903587,0.007668450668452964,0.006817305571526492,0.006722101656025525,0.006297063638598932,0.005785795160003058,0.0051272687012814296,0.004535513471530577,0.0043191441686358,0.004154294229711375,0.0038505385024449742,0.0035522302963164895,0.0034783445817874303,0.003293173623543113,0.0031069722786029024,0.0029544459740020574,0.0026998464527826483,0.002622040740796571,0.002578181206724382,0.0024866961231536124,0.0022317623023521793,0.0020536949531046343,0.001953834434239022,0.001769806701858193,0.000982827816077539]]","[[0.003000000000000002,0.003000000000000002,0.003000000000000002,0.0030000000000000014,0.0030000000000000014,0.0030000000000000014,0.0030000000000000014,0.003000000000000001,0.0030000000000000005,0.0030000000000000005,0.0030000000000000005,0.0030000000000000005,0.0030000000000000005,0.0030000000000000005,0.003,0.003,0.003,0.003,0.0029999999999999996,0.0029999999999999996,0.0029999999999999996,0.002999999999999999,0.002999999999999999,0.002999999999999999,0.0029999999999999983],[0.003000000000000002,0.0030000000000000014,0.003000000000000001,0.0030000000000000005,0.0030000000000000005,0.003,0.0029999999999999996,0.0029999999999999996,0.0029999999999999996,0.0029999999999999988]]",17.5,17.499999999999986,1.0,0.9999999999999991,0.999999999999999,3.0807332998905704e-05,0.35459849993044734,0.0017357965707242259,0.017748239349298846,0.003000000000000002,0.052918112359274766,0.05337359444709702,0.15693687507882714,32,5,2
24,MNISTConvNet,MNIST conv filters=32 kernel=5 stride=2 lr=3e-03,1.0,0.003,Adam,0,3,512,64,2.3025927851211145,1.9820432318518044e-05,0.9140625,full_conv_patch_and_classifier_activation,2.9983243114837994,1.3888889658451005,2.0681300502176034,1.4397995751479204e-05,2.5045217065598912e-05,"[[0.0017900503785621823,0.0006221149016065052,0.00041014750581411783,0.0003255033980318202,0.0001721053590465695,0.0001310616160045655,0.0001040878379960418,8.878905887235994e-05,8.306140958484038e-05,6.679743293648597e-05,5.5540205518633037e-05,4.367619736789091e-05,3.789366454060785e-05,3.0973312804458784e-05,2.4342496374502982e-05,2.3363705537595194e-05,1.5795937779993898e-05,1.51419845960729e-05,1.3987982975952251e-05,1.3024877589240276e-05,9.419848734165077e-06,6.920204001943976e-06,6.0379084881451e-06,4.077780241759933e-06,2.9852940606824355e-06],[0.0033667604750748418,0.000447637673014318,0.0002997112082536687,0.00011490065858552634,0.00010288839997971736,6.915274611873512e-05,5.469493000248455e-05,3.8184717348319484e-05,2.2323440674113885e-05,3.2502327497412145e-19]]","[[401.1183156996585,197.39960275709623,164.19580520093004,125.04709348138175,95.81303941858663,91.20839259366029,74.89031449434101,59.91562082222036,49.28389336291671,48.21043120462586,45.75160259396352,37.706046923031636,35.21959976949825,30.123676491125735,29.954925951450672,29.01564349947877,26.2093158304301,24.392547769597073,23.50068906609841,21.883484860449574,19.859758304504684,18.874098114494824,17.102630977222926,15.881887439576131,13.960438301928791],[0.8998627772365863,0.05197936955203829,0.028163242296842864,0.01637147524631633,0.013278881187754867,0.011338524769885163,0.01056260461955713,0.008598344218343906,0.007864500007347697,0.007166776504235788,0.0063861276868313905,0.006211246603938423,0.005370209314976638,0.0047033954357009215,0.0042819398454474935,0.004170743370830827,0.0036771634842528824,0.0034672341192940144,0.003272587341727763,0.0031803480809339904,0.003141682286112816,0.0028709069276946497,0.0026646729023671323,0.002520530828196253,0.0023221911639505267,0.0022218441395384218,0.0020730439515747327,0.0019290704888746536,0.0018751271908307259,0.0016793999384143276,0.001554394626451675,0.0005317797281325748]]","[[0.01472611393772367,0.0039886228274960715,0.0033379808385749178,0.002485538948100166,0.0016629792481258456,0.00156307163927562,0.001391615373768039,0.0011231920994785062,0.0009213679793337121,0.0007077589844470541,0.0006115667866388153,0.0005307637687085064,0.0003835016036388778,0.00034837735349301245,0.00029965954539916834,0.0002495766847885801,0.00019696714292713737,0.00015965139845653287,0.00012557928695229573,0.00010070384361681506,7.586619780363935e-05,7.370121993715782e-05,4.495565011103215e-05,3.427780465509773e-05,2.3595169407810737e-05],[0.006501032006088938,0.0028210016993283405,0.001987730746354451,0.0016048545174552782,0.0014226351743744415,0.0008757610025496238,0.0007754406812019476,0.0004281103694619268,0.00038495920228767564,0.00017057676387366934]]",4.749521378002331,1.317592975111645,0.3328147366156018,0.09564924610099604,0.27735898065230025,1.870140445705311e-05,0.2639698383901992,0.0010429557009807723,0.017931158954754,0.01472611393772367,0.05282380506112669,0.049955710672290224,0.1842573331668973,32,5,2
25,MNISTConvNet,MNIST conv filters=32 kernel=5 stride=2 lr=3e-03,1.0,0.003,Muon,0,3,512,64,2.302595556008153,2.4373657780518698e-05,0.908203125,full_conv_patch_and_classifier_activation,3.201105011397838,1.3910272049406966,2.228564315607515,1.539141623049094e-05,3.0216381231407882e-05,"[[0.00180526865427047,0.0006833369760068039,0.00042716348313983797,0.0003873523422813004,0.00019798504655928995,0.0001382555455821491,0.00011919649148715057,8.605545996466856e-05,7.982322008865983e-05,6.13208245891864e-05,4.8581457606015636e-05,4.158651418854524e-05,3.8640157857368944e-05,3.178940474394729e-05,2.5322046836801218e-05,2.186408027297003e-05,2.0202030756286414e-05,1.8754286627549278e-05,1.2154034066650157e-05,9.924894020155478e-06,9.25285314481213e-06,7.168515385408566e-06,6.7368277783288624e-06,4.827630829386552e-06,3.8499359385926045e-06],[0.0027110898296186093,0.0004778182843251992,0.00031640770055629017,0.00012178226496526538,0.00010516388192544437,6.443692647638586e-05,5.401778980215144e-05,3.8341391208562463e-05,2.173211584175282e-05,1.268947849041678e-19]]","[[401.1183156996585,197.39960275709623,164.19580520093004,125.04709348138175,95.81303941858663,91.20839259366029,74.89031449434101,59.91562082222036,49.28389336291671,48.21043120462586,45.75160259396352,37.706046923031636,35.21959976949825,30.123676491125735,29.954925951450672,29.01564349947877,26.2093158304301,24.392547769597073,23.50068906609841,21.883484860449574,19.859758304504684,18.874098114494824,17.102630977222926,15.881887439576131,13.960438301928791],[0.7079167181824614,0.05182799570450288,0.03179989716380907,0.018417190666741287,0.014481729832013355,0.012406906139484192,0.01017712307848884,0.00907129228551572,0.00799958773703573,0.006892640452334459,0.006621861168674892,0.006429727882316978,0.005645702085471463,0.005200345773930043,0.004641661988672272,0.004327524331269466,0.004094627938523377,0.003826637650364475,0.003627685684516914,0.0035634026598226625,0.0033356065923288995,0.003072353263789203,0.0029339323352189466,0.002775652354961139,0.002654379462675696,0.002595252839432691,0.002504278051591155,0.002299110814617569,0.0021243771982001982,0.001987552457317123,0.001655985779926709,0.0009497488999761742]]","[[0.0030000000000000027,0.0030000000000000022,0.0030000000000000022,0.0030000000000000022,0.003000000000000002,0.0030000000000000014,0.0030000000000000014,0.0030000000000000014,0.0030000000000000014,0.0030000000000000014,0.0030000000000000014,0.0030000000000000014,0.003000000000000001,0.003000000000000001,0.0030000000000000005,0.0030000000000000005,0.0030000000000000005,0.0030000000000000005,0.0030000000000000005,0.0030000000000000005,0.003,0.003,0.003,0.003,0.0029999999999999996],[0.0030000000000000027,0.0030000000000000022,0.003000000000000002,0.003000000000000002,0.0030000000000000005,0.0030000000000000005,0.003,0.003,0.0029999999999999996,0.0029999999999999996]]",17.5,17.499999999999982,0.9999999999999998,0.9999999999999989,0.9999999999999991,2.4591608696225994e-05,0.402153552564619,0.0013855801813489452,0.017748239349298856,0.0030000000000000027,0.052823805061126695,0.05325572084201302,0.20932958298362792,32,5,2
24,MNISTConvNet,MNIST conv filters=32 kernel=5 stride=2 lr=3e-03,1.0,0.003,Adam,0,4,512,64,2.302489509898289,5.9106815493592535e-05,0.9140625,full_conv_patch_and_classifier_activation,2.0068091878301555,1.3878508561347946,1.4722350764028564,1.3905485337754696e-05,2.1790783280880047e-05,"[[0.0032930749529062457,0.0005420980419090228,0.0003322602732037248,0.0002436781834309776,0.0001659454820896571,0.0001206869560339659,0.00011488051209656394,8.133560915437346e-05,7.318797711528047e-05,5.6722222553333947e-05,5.133663918636076e-05,4.1428387251520744e-05,3.3531710635260274e-05,2.4402528120047935e-05,1.934313146895345e-05,1.599964493715529e-05,1.2298315892176185e-05,1.085604725196162e-05,9.13421306330191e-06,8.099310437323862e-06,6.644597304453012e-06,4.961662393750264e-06,4.068984195546135e-06,3.2121759355187234e-06,2.4892753868934464e-06],[0.003931201371475032,0.00037614658152030836,0.0002532549885908769,0.0001556360017137954,7.726506301057481e-05,6.401380803220098e-05,5.6555997712431826e-05,3.486602665709534e-05,2.009452987746951e-05,3.805541867329507e-19]]","[[401.1183156996585,197.39960275709623,164.19580520093004,125.04709348138175,95.81303941858663,91.20839259366029,74.89031449434101,59.91562082222036,49.28389336291671,48.21043120462586,45.75160259396352,37.706046923031636,35.21959976949825,30.123676491125735,29.954925951450672,29.01564349947877,26.2093158304301,24.392547769597073,23.50068906609841,21.883484860449574,19.859758304504684,18.874098114494824,17.102630977222926,15.881887439576131,13.960438301928791],[1.0625395056992772,0.04819210102675877,0.027480465032346232,0.015383154723086797,0.012988237803124265,0.01166650960173484,0.010309207322946152,0.008067422896126051,0.00713391096461822,0.006662914083573619,0.00636369344919109,0.005499460632982431,0.005175463482022067,0.00439764887338404,0.004063571404654759,0.0037975545804737293,0.0034137804438191632,0.0033693348473421386,0.0031201152801539067,0.0028326188834540073,0.0027004783541724497,0.002627269212657248,0.0024944598367537076,0.0022712117986595356,0.002175651565172999,0.002016700184538307,0.001979338396113098,0.0017562917948366686,0.0016522809925639508,0.0014368122757917293,0.00132935380382311,0.0004829192940271789]]","[[0.01427657333734149,0.004512716325514687,0.003121840919730381,0.0025288472124560266,0.001777514610432263,0.0014011553272126212,0.0013295762296082246,0.0012461213378931924,0.0009875492701523205,0.0007172364517449658,0.0006256577813101468,0.0004735698049513103,0.0003852405645356632,0.00034368451620844694,0.0002523800530051182,0.00022817307054784372,0.00018057205074197528,0.0001570287113249756,0.0001386174139915694,0.00012617827269147203,9.858867684182606e-05,6.347112183167285e-05,4.866541496202714e-05,3.489018244758596e-05,1.68060635518201e-05],[0.007396466709051797,0.003058627409767788,0.00209400492177603,0.0014548549002397443,0.001327041135883914,0.0008539418115868941,0.0005542036957013474,0.0004287293722895637,0.0003064590132444944,0.00016708928946164965]]",4.559129957451412,1.2899203067105125,0.30910492762790687,0.09199371921183028,0.2853786705000484,5.4264759080687644e-05,0.578349586642157,0.0030099069249313586,0.018028716646088704,0.01427657333734149,0.05270042472687925,0.05141379304589043,0.23579104198142886,32,5,2
25,MNISTConvNet,MNIST conv filters=32 kernel=5 stride=2 lr=3e-03,1.0,0.003,Muon,0,4,512,64,2.302546737514698,2.623790016498262e-05,0.91015625,full_conv_patch_and_classifier_activation,2.9443492224108447,1.3910937988313836,2.1084612024530713,1.3729039111570186e-05,2.8540566927590598e-05,"[[0.0023125941577194315,0.0006288697989093976,0.00045086461930075097,0.0003447406907555487,0.00024096234951782072,0.00014966613067270826,0.00012937530770782928,0.00010335191266716211,9.50972735860402e-05,6.582196236308617e-05,6.204037860793782e-05,5.06089239152325e-05,4.204643848901112e-05,3.356561114686469e-05,2.4088112091636168e-05,2.0415355072574926e-05,1.9243567856435575e-05,1.4645614028605887e-05,1.357015910284972e-05,1.1858457605330651e-05,9.465841575317242e-06,8.376826053927076e-06,6.351107109391237e-06,4.6688797934182684e-06,3.777101707239787e-06],[0.0025514232207438114,0.00043636261459807516,0.00031494834978196425,0.00018596231719263147,0.00010598376681345954,8.418121280975928e-05,5.262089259373216e-05,3.959262158636409e-05,2.359093309545662e-05,1.9207476958819587e-19]]","[[401.1183156996585,197.39960275709623,164.19580520093004,125.04709348138175,95.81303941858663,91.20839259366029,74.89031449434101,59.91562082222036,49.28389336291671,48.21043120462586,45.75160259396352,37.706046923031636,35.21959976949825,30.123676491125735,29.954925951450672,29.01564349947877,26.2093158304301,24.392547769597073,23.50068906609841,21.883484860449574,19.859758304504684,18.874098114494824,17.102630977222926,15.881887439576131,13.960438301928791],[0.7067285866403064,0.05148764361346262,0.032535680069597166,0.01870512649864908,0.014429169766620906,0.01261092724684973,0.010319725780291156,0.009616704648539623,0.007980535261166119,0.007210586934229915,0.006739679568619713,0.006606424261430631,0.005534846115102628,0.005209930302292484,0.004573203782708923,0.004537444323218434,0.004152475663273949,0.0038470868776721468,0.0037032628184022046,0.003529126846014036,0.0033432144817327797,0.0031260662964253333,0.003000434014571217,0.002782747312601965,0.002700926470411807,0.002516006195721044,0.002488046866110634,0.002310144399034366,0.002153468601270277,0.0020095288542118974,0.0016883596227756576,0.0010011792466039422]]","[[0.003000000000000002,0.0030000000000000014,0.0030000000000000014,0.003,0.003,0.003,0.003,0.003,0.003,0.003,0.003,0.0029999999999999996,0.0029999999999999996,0.0029999999999999996,0.0029999999999999996,0.0029999999999999996,0.0029999999999999996,0.0029999999999999996,0.002999999999999999,0.002999999999999999,0.002999999999999999,0.0029999999999999988,0.0029999999999999988,0.0029999999999999983,0.0029999999999999975],[0.003000000000000001,0.003000000000000001,0.0030000000000000005,0.003,0.003,0.003,0.003,0.0029999999999999996,0.0029999999999999988,0.0029999999999999988]]",17.5,17.49999999999998,1.0,0.999999999999999,0.9999999999999989,2.592219751971241e-05,0.40422092979815033,0.001460550368379863,0.017748239349298846,0.003000000000000002,0.05270042472687923,0.053142829336969816,0.26113229198381305,32,5,2
24,MNISTConvNet,MNIST conv filters=32 kernel=5 stride=2 lr=3e-03,1.0,0.003,Adam,0,5,512,64,2.302424247334196,,0.9140625,full_conv_patch_and_classifier_activation,1.6490847384320326,1.3872254386173233,1.203437882052952,3.211333876783356e-05,4.0344991143540266e-05,"[[0.005263357523589627,0.0005868478336776818,0.0005241312746250423,0.0003366287063497829,0.00016497955913207974,0.00014244756213475495,0.00010545348352545165,8.870650319332785e-05,6.400410397926941e-05,5.864434227236677e-05,5.6556474125445825e-05,4.693970077645758e-05,4.129831125806401e-05,2.517555264692458e-05,2.0891849831243422e-05,2.0028308561794773e-05,1.655466421783126e-05,1.448416052333276e-05,1.1038476681363437e-05,9.24608757092379e-06,7.926000495837482e-06,7.377460794090864e-06,4.572493054201249e-06,4.33074618465016e-06,3.6531036794152737e-06],[0.00710153548496699,0.0003203515850986302,0.0002325501009988472,0.00011068362970601225,7.061010773857792e-05,5.957196944946467e-05,3.845841337598982e-05,3.0762153897926e-05,1.9098671187866986e-05,5.729093887476772e-19]]","[[401.1183156996585,197.39960275709623,164.19580520093004,125.04709348138175,95.81303941858663,91.20839259366029,74.89031449434101,59.91562082222036,49.28389336291671,48.21043120462586,45.75160259396352,37.706046923031636,35.21959976949825,30.123676491125735,29.954925951450672,29.01564349947877,26.2093158304301,24.392547769597073,23.50068906609841,21.883484860449574,19.859758304504684,18.874098114494824,17.102630977222926,15.881887439576131,13.960438301928791],[1.2554100155201162,0.04583911326736319,0.026655642566237887,0.014794471292290981,0.012601313921075228,0.012235078773188997,0.009678718427810443,0.007613576253060041,0.007044553391005178,0.006323522633512293,0.006035605201017048,0.004954089316779225,0.004789313291385649,0.004194038053163002,0.0038404420508350323,0.003480802699259411,0.0033076387961698014,0.0032425063893847883,0.0028426971575033298,0.0026810328122781587,0.0024209391404248514,0.002310989263854753,0.0021542412223570094,0.0020634209160257906,0.0019437564307557451,0.0018593502807966926,0.0017752528139202332,0.001556525605576819,0.0014793800908348557,0.0011910286193728952,0.0011676235228641624,0.0004580634269620916]]",,,,,,,,,,,,,,0.28789820801466703,32,5,2
25,MNISTConvNet,MNIST conv filters=32 kernel=5 stride=2 lr=3e-03,1.0,0.003,Muon,0,5,512,64,2.3025883030258427,,0.908203125,full_conv_patch_and_classifier_activation,2.210319990121463,1.3909901840020065,1.582570610281116,3.116930643321862e-05,4.859311790574528e-05,"[[0.0038119901666996497,0.000762585993657748,0.00047300958653456217,0.00044648687893885687,0.00020932277370167693,0.00016084057416333608,0.00014359286587562164,0.00013387317284183284,9.067002643688222e-05,7.049501641434185e-05,6.86264220177409e-05,5.804614538910741e-05,4.2128638836873206e-05,3.608848659464385e-05,2.949925871841596e-05,2.8327461120587032e-05,2.405429043100314e-05,1.9152911814329382e-05,1.7811053487974493e-05,1.4175655945613417e-05,1.2432467428637047e-05,7.698681439490447e-06,7.565384499589104e-06,5.667824891093004e-06,4.5344066093122755e-06],[0.004033734594329286,0.00041989442977542253,0.00023837190851751794,0.00015323498288318733,9.575795689437018e-05,5.2977671602656644e-05,4.240940660596292e-05,3.52441999334729e-05,3.2078434663430656e-05,4.3087618301261893e-19]]","[[401.1183156996585,197.39960275709623,164.19580520093004,125.04709348138175,95.81303941858663,91.20839259366029,74.89031449434101,59.91562082222036,49.28389336291671,48.21043120462586,45.75160259396352,37.706046923031636,35.21959976949825,30.123676491125735,29.954925951450672,29.01564349947877,26.2093158304301,24.392547769597073,23.50068906609841,21.883484860449574,19.859758304504684,18.874098114494824,17.102630977222926,15.881887439576131,13.960438301928791],[0.7285394836149504,0.05214594489921803,0.034030817858274005,0.01865253563402487,0.014612745002783246,0.012707346033488479,0.010748992191187986,0.010094601641754174,0.008513495380862865,0.007188916479365527,0.007081761845354905,0.006584809835002372,0.005493197748603417,0.005413291576546116,0.00453432769882053,0.004517687556547249,0.0041805879169125315,0.003830050587894112,0.0037108490467474054,0.003558095638316117,0.0033979105641175245,0.0031899016896315326,0.0029914299282816437,0.002855421046336041,0.0026648008713023143,0.00254796912927876,0.0024410150576892847,0.002326049061545388,0.002131282698081177,0.0020089214487106605,0.0016761946484726536,0.0010402548895541404]]",,,,,,,,,,,,,,0.31323387497104704,32,5,2
26,MNISTConvNet,MNIST conv filters=32 kernel=5 stride=2 lr=3e-03,1.0,0.003,Adam,1,0,512,64,2.302623707159129,5.5891138719843525e-05,0.857421875,full_conv_patch_and_classifier_activation,2.5937711425270926,1.4083793855344022,1.7811979844439167,2.2466509377581782e-05,3.526108424499798e-05,"[[0.0027884426417648027,0.0007501798034178454,0.0005084927156035939,0.0004405912670482764,0.00024750011863241585,0.00018341281740631113,0.0001363840360828474,0.00011117031132725965,9.414824077029999e-05,8.276071741108169e-05,6.617536469446204e-05,4.727608161610673e-05,4.404376691447895e-05,3.5108123988584573e-05,3.123495129788138e-05,2.506490263819411e-05,1.856731049793588e-05,1.7674702893329377e-05,1.2271175107169128e-05,1.1035605433956932e-05,9.656980033293776e-06,7.458950523376555e-06,5.671071160084519e-06,3.994452874732883e-06,3.0545948958829304e-06],[0.004240093280934846,0.00045202438784197667,0.0002309740594862063,0.000138221403069897,0.00011018230045392313,9.293671165581394e-05,4.953355142544862e-05,3.777007692854365e-05,2.0895068964620522e-05,3.783094701262172e-19]]","[[390.49508151911226,195.7032235608191,163.85332786619975,123.87348519167585,96.9112556213114,91.86200157031035,74.23263594975835,60.67285521527967,49.51995634598056,48.39062975955221,45.78336309177383,37.842356514290785,35.73417151385935,30.64902850020215,29.86664571226451,28.87063668380468,26.407449145927636,24.807459652163995,23.691315232767103,21.848693291859362,19.95677372952212,18.946066130939002,16.947747813757786,15.78521018286518,13.945079448475957],[0.9020362989893294,0.049808784772311473,0.030142467702158914,0.023014458119381173,0.016198224641736775,0.013920703372246905,0.010575710360449402,0.009028560286866638,0.008054926192523362,0.007456754346386199,0.006635742614757969,0.00546652183707731,0.005407695949300574,0.004731596464214332,0.004153165884136539,0.0039541610733617874,0.003661094685081865,0.0034651078671631827,0.0032251501855508355,0.003053515646533203,0.002951399833794024,0.0027798948839822964,0.002480217940928056,0.0023466868846479232,0.00225598468789467,0.0020245211996552516,0.0019374789967959672,0.0018271158982333074,0.001748733641793943,0.0015789371341959903,0.0014337732804600516,0.0009764010537271874]]","[[0.012140151876997164,0.004885987425775889,0.003723653449539136,0.0029752390118124093,0.0025531128046357163,0.0023214709356792003,0.00216845144966415,0.0019706811577983505,0.0017180773690283761,0.0014813329518442893,0.0011670095455844703,0.0010444993464374752,0.0008781595316063814,0.0007860899875242737,0.0007355107603683959,0.000493288887254815,0.0004208153587344237,1.9120287868101664e-06,3.389827501793019e-07,1.8414553816967558e-07,1.525677565339433e-07,1.0972027557128738e-07,5.468943817305773e-08,3.322122767372125e-08,5.623791410674679e-09],[0.007871615942785142,0.0036375743592455528,0.002861754838229465,0.0018088814306201448,0.001638374795375418,0.0011149123883911027,3.3525581961441822e-06,2.832251743641043e-07,1.4650736958114556e-07,7.164027871110711e-08]]",5.8103865561627615,1.492291464056568,0.3511819841286966,0.10354892448456217,0.28400323591624443,5.658155298406285e-05,0.610989601448834,0.00318800934957518,0.017748239349298853,0.012140151876997164,0.05137335055801859,0.05149139466842302,0.02600424992851913,32,5,2
27,MNISTConvNet,MNIST conv filters=32 kernel=5 stride=2 lr=3e-03,1.0,0.003,Muon,1,0,512,64,2.302623707159129,3.282524964154376e-05,0.857421875,full_conv_patch_and_classifier_activation,2.5937711425270926,1.4083793855344022,1.7811979844439167,2.2466509377581782e-05,3.526108424499798e-05,"[[0.0027884426417648027,0.0007501798034178454,0.0005084927156035939,0.0004405912670482764,0.00024750011863241585,0.00018341281740631113,0.0001363840360828474,0.00011117031132725965,9.414824077029999e-05,8.276071741108169e-05,6.617536469446204e-05,4.727608161610673e-05,4.404376691447895e-05,3.5108123988584573e-05,3.123495129788138e-05,2.506490263819411e-05,1.856731049793588e-05,1.7674702893329377e-05,1.2271175107169128e-05,1.1035605433956932e-05,9.656980033293776e-06,7.458950523376555e-06,5.671071160084519e-06,3.994452874732883e-06,3.0545948958829304e-06],[0.004240093280934846,0.00045202438784197667,0.0002309740594862063,0.000138221403069897,0.00011018230045392313,9.293671165581394e-05,4.953355142544862e-05,3.777007692854365e-05,2.0895068964620522e-05,3.783094701262172e-19]]","[[390.49508151911226,195.7032235608191,163.85332786619975,123.87348519167585,96.9112556213114,91.86200157031035,74.23263594975835,60.67285521527967,49.51995634598056,48.39062975955221,45.78336309177383,37.842356514290785,35.73417151385935,30.64902850020215,29.86664571226451,28.87063668380468,26.407449145927636,24.807459652163995,23.691315232767103,21.848693291859362,19.95677372952212,18.946066130939002,16.947747813757786,15.78521018286518,13.945079448475957],[0.9020362989893294,0.049808784772311473,0.030142467702158914,0.023014458119381173,0.016198224641736775,0.013920703372246905,0.010575710360449402,0.009028560286866638,0.008054926192523362,0.007456754346386199,0.006635742614757969,0.00546652183707731,0.005407695949300574,0.004731596464214332,0.004153165884136539,0.0039541610733617874,0.003661094685081865,0.0034651078671631827,0.0032251501855508355,0.003053515646533203,0.002951399833794024,0.0027798948839822964,0.002480217940928056,0.0023466868846479232,0.00225598468789467,0.0020245211996552516,0.0019374789967959672,0.0018271158982333074,0.001748733641793943,0.0015789371341959903,0.0014337732804600516,0.0009764010537271874]]","[[0.003000000000000002,0.003000000000000002,0.003000000000000002,0.003000000000000002,0.003000000000000002,0.0030000000000000014,0.0030000000000000014,0.003000000000000001,0.003000000000000001,0.003000000000000001,0.003000000000000001,0.003000000000000001,0.003000000000000001,0.003000000000000001,0.0030000000000000005,0.0030000000000000005,0.0030000000000000005,0.0030000000000000005,0.003,0.0029999999999999996,0.0029999999999999996,0.0029999999999999996,0.0029999999999999996,0.002999999999999999,0.0029999999999999988],[0.003,0.003,0.003,0.0029999999999999996,0.0029999999999999996,0.0029999999999999996,0.002999999999999999,0.002999999999999999,0.002999999999999999,0.0029999999999999983]]",17.5,17.49999999999999,1.0,0.9999999999999996,0.9999999999999996,3.316200463438645e-05,0.35809621557250626,0.0018684672874718985,0.017748239349298856,0.003000000000000002,0.051373350558018595,0.05144118671447663,0.05150379193946719,32,5,2
26,MNISTConvNet,MNIST conv filters=32 kernel=5 stride=2 lr=3e-03,1.0,0.003,Adam,1,1,512,64,2.3025934531362453,4.554773414433555e-05,0.900390625,full_conv_patch_and_classifier_activation,2.4674363082942223,1.4082302957590673,1.6822548825017303,2.5136172212733224e-05,3.6137498112129394e-05,"[[0.002665247713749514,0.000592984740167431,0.0005369203043884757,0.0002685688881707664,0.00021892630516062147,0.00019135984415957755,0.00015342084338926146,0.00012518561667923135,8.141619975056112e-05,7.614928465671423e-05,6.036456144199294e-05,4.885209348053932e-05,4.6449821363706035e-05,3.8819685248275666e-05,3.063558062032392e-05,2.7059798898897733e-05,2.309688137210809e-05,1.7404855801293965e-05,1.5137461080058544e-05,1.3618140673376213e-05,1.1260690350862947e-05,9.840234455277789e-06,8.23542532833681e-06,7.155649255081734e-06,3.3362056015215574e-06],[0.004602358270028425,0.00037063383699785307,0.0001961561190182047,0.00010444135934148468,9.316551394824287e-05,7.284645205742571e-05,5.414772478910094e-05,4.258180566029969e-05,2.4810038939500023e-05,2.863317298023044e-19]]","[[390.49508151911226,195.7032235608191,163.85332786619975,123.87348519167585,96.9112556213114,91.86200157031035,74.23263594975835,60.67285521527967,49.51995634598056,48.39062975955221,45.78336309177383,37.842356514290785,35.73417151385935,30.64902850020215,29.86664571226451,28.87063668380468,26.407449145927636,24.807459652163995,23.691315232767103,21.848693291859362,19.95677372952212,18.946066130939002,16.947747813757786,15.78521018286518,13.945079448475957],[0.9224311742492619,0.049700449012191734,0.03018689770574581,0.023750462982308367,0.015571023582253232,0.013275539875239334,0.009945166736784819,0.009173929039734375,0.008131154604536762,0.00725909310031097,0.006630005762813397,0.005512587153069998,0.005055298515669856,0.00450888123376063,0.004144598453224739,0.003928569187981659,0.003773764162687262,0.0035351762822270305,0.003205307239437628,0.003051089066748519,0.0029039453573494385,0.002700828696623854,0.002496730191209387,0.0023699221559893183,0.0022239800217765896,0.0021384521235420792,0.0018699914591391888,0.0017825086318818805,0.0017143968100258823,0.0015980023024331838,0.001441011923006174,0.0012551021798149627]]","[[0.012724914533486112,0.005047572591095601,0.003604487062797724,0.002648389134427028,0.0021385219067708953,0.001960900766041671,0.0016750405295220328,0.0013333100457384422,0.0012220696691029572,0.0010201583616447308,0.0009140495591032024,0.0007077417444344531,0.0006880604295439142,0.00055793937906525,0.0005002577752819778,0.000459562563885479,0.00037024689987676936,0.0002711187766913264,0.0002198240625919087,0.00017691208242933955,0.0001488105871856114,0.00010552049213458183,9.1382274332702e-05,5.9880353928227996e-05,3.288152590562946e-05],[0.008031530899941408,0.003943249839310051,0.0027311448240010094,0.0014373476303283816,0.001038692617724195,0.0008001245511303233,0.0004357551176668844,0.0002965017268137823,0.000133062037568202,0.00011047892760446208]]",5.27363981282467,1.4075055484808194,0.3286450132191756,0.0989043252607492,0.28627685925546226,4.658202439377419e-05,0.48255239289933777,0.002614371912661325,0.01781767321174881,0.012724914533486112,0.05152225018550541,0.05171068027648429,0.07894758298061788,32,5,2
27,MNISTConvNet,MNIST conv filters=32 kernel=5 stride=2 lr=3e-03,1.0,0.003,Muon,1,1,512,64,2.302596963884446,3.205550807550139e-05,0.83203125,full_conv_patch_and_classifier_activation,2.525365297140638,1.4084399348217316,1.7173063205751289,2.5011517130935057e-05,3.6321381064837095e-05,"[[0.0026184553871505738,0.0005913300331484727,0.0005432827436578222,0.00028279114406525675,0.00021460384160868368,0.00020404628537936127,0.0001677586327200917,0.0001324436892983881,8.477616247853131e-05,7.768784655758405e-05,5.670221700320811e-05,5.212175828569481e-05,4.861669143107477e-05,3.67878857882755e-05,2.8352670089852376e-05,2.792195858457953e-05,2.361448641890692e-05,1.6738775919903112e-05,1.4908356830103963e-05,1.1992246662832866e-05,1.0762814684877242e-05,8.547405017826865e-06,7.128340068181401e-06,5.427375049646738e-06,4.310698322058708e-06],[0.004446945863803954,0.0003716617546011297,0.00019717568003423867,0.00010428101162812151,9.059985054199034e-05,6.864144211882583e-05,5.768472837888273e-05,4.4318696686714746e-05,2.2146246672337454e-05,4.1341907550594415e-19]]","[[390.49508151911226,195.7032235608191,163.85332786619975,123.87348519167585,96.9112556213114,91.86200157031035,74.23263594975835,60.67285521527967,49.51995634598056,48.39062975955221,45.78336309177383,37.842356514290785,35.73417151385935,30.64902850020215,29.86664571226451,28.87063668380468,26.407449145927636,24.807459652163995,23.691315232767103,21.848693291859362,19.95677372952212,18.946066130939002,16.947747813757786,15.78521018286518,13.945079448475957],[0.8938177502353859,0.049577225349589533,0.0311878074570623,0.022923277206784116,0.01603878552563905,0.013572704141059403,0.010236956962290777,0.008977305433546164,0.008068672445633508,0.007375128677055655,0.006471275077492883,0.005401711104287696,0.005239927270146791,0.004572559367165364,0.004141024164720488,0.003913302386288541,0.003762825776795407,0.0034595546715622777,0.003216915757126219,0.003041267343696634,0.0029508433283130806,0.002722718533197832,0.0025377501401060007,0.0023427542059516818,0.002168569342378521,0.0020920989287771157,0.0018778008314445326,0.0018054530902413511,0.0017423901228395516,0.001600516886309023,0.0014527180444474405,0.0010352061738213643]]","[[0.0030000000000000027,0.0030000000000000014,0.003000000000000001,0.003000000000000001,0.0030000000000000005,0.0030000000000000005,0.0030000000000000005,0.003,0.003,0.003,0.003,0.003,0.003,0.0029999999999999996,0.0029999999999999996,0.0029999999999999996,0.0029999999999999996,0.0029999999999999996,0.0029999999999999996,0.0029999999999999996,0.0029999999999999996,0.002999999999999999,0.0029999999999999988,0.0029999999999999988,0.0029999999999999975],[0.003000000000000002,0.0030000000000000014,0.0030000000000000014,0.0030000000000000014,0.003000000000000001,0.0030000000000000005,0.0030000000000000005,0.003,0.003,0.003]]",17.500000000000004,17.49999999999997,1.0,0.9999999999999987,0.9999999999999987,3.202369416206396e-05,0.3426898129270325,0.0018043307582128736,0.017748239349298853,0.0030000000000000027,0.05152225018550542,0.05158649721689833,0.10436325008049607,32,5,2
26,MNISTConvNet,MNIST conv filters=32 kernel=5 stride=2 lr=3e-03,1.0,0.003,Adam,1,2,512,64,2.302614377893745,5.3595432639497176e-05,0.908203125,full_conv_patch_and_classifier_activation,2.466531029906856,1.408218905181044,1.6906953126660884,3.1914854120764146e-05,4.716541159468868e-05,"[[0.0031930757200338638,0.0009493759918378376,0.0006116250433905144,0.0003474865120723587,0.0002755764314027327,0.0002133411038650635,0.000149410827210048,0.00011273923203333493,9.628140838837028e-05,8.079008763428819e-05,6.956359075143506e-05,5.19181912458873e-05,4.404074868125392e-05,3.9812362722232456e-05,2.295457177710429e-05,2.037112718742883e-05,1.9529289573897544e-05,1.744246236455957e-05,1.3386004369744558e-05,9.987366203764056e-06,9.19471325523396e-06,8.197943700080763e-06,6.295522337829937e-06,5.124451269834264e-06,3.7492720442767185e-06],[0.005208935714132177,0.0004443152430226991,0.0002803546359148859,0.00016721090449325004,8.555906398166038e-05,6.766214897610995e-05,5.519757886385615e-05,4.692167118640054e-05,3.197337742426464e-05,5.561926030617835e-19]]","[[390.49508151911226,195.7032235608191,163.85332786619975,123.87348519167585,96.9112556213114,91.86200157031035,74.23263594975835,60.67285521527967,49.51995634598056,48.39062975955221,45.78336309177383,37.842356514290785,35.73417151385935,30.64902850020215,29.86664571226451,28.87063668380468,26.407449145927636,24.807459652163995,23.691315232767103,21.848693291859362,19.95677372952212,18.946066130939002,16.947747813757786,15.78521018286518,13.945079448475957],[0.927504534763796,0.049117224159226765,0.031213123559256182,0.0247855968347537,0.01527443814428217,0.013188763809805996,0.009855856587926735,0.009145980752117082,0.007947892666975582,0.006956910984415144,0.00642401263682093,0.005692900968482226,0.005027274979659307,0.004566202552298277,0.004175298792219167,0.0039664835550608625,0.003580061072491892,0.0033176349069146444,0.0031849660016289878,0.0030751056151603422,0.0029404374846349304,0.0028213096732877868,0.002617169699776586,0.002429741102309534,0.002384689809020399,0.0022327959365762208,0.0019063046228868852,0.0018148201361091578,0.001729514720270491,0.0015026088275864942,0.0014198883523200549,0.001210298437115812]]","[[0.013023603812595196,0.0047752121891101494,0.0035876942480454785,0.00231834956365885,0.002047083948063009,0.0016826617890504964,0.001653291305561626,0.0011126951935363566,0.0010107664119696437,0.0009099609084403505,0.0007183313770842849,0.0006261471347812866,0.000574766374692644,0.0004490580567618223,0.0003670276693122911,0.00032285553649440005,0.00025606037472847873,0.00020670536498561295,0.00016756013898290418,0.00014286965723051283,0.0001269218981105171,0.00010862252496927804,8.477789211553581e-05,5.672803666543993e-05,4.1079764816270304e-05],[0.008347337106235003,0.004108951252814368,0.001539739669179373,0.0012425070655710823,0.001145968935660808,0.0005596943899070129,0.0003906488391705196,0.00032849103045630245,0.0002567339970762191,0.00021609338387987889]]",4.713070263595669,1.3279892806905484,0.2952276896758181,0.09293517210845488,0.29976707194653174,5.519129203398663e-05,0.4942321824652351,0.00309566615781115,0.01782856717114829,0.013023603812595196,0.05152357368675376,0.0518375815179843,0.1315645829308778,32,5,2
27,MNISTConvNet,MNIST conv filters=32 kernel=5 stride=2 lr=3e-03,1.0,0.003,Muon,1,2,512,64,2.3026251774599875,3.84492096294764e-05,0.890625,full_conv_patch_and_classifier_activation,2.4465704504192782,1.4084787608222789,1.6839965921658233,3.196947720431951e-05,4.789914394855389e-05,"[[0.003414040132810871,0.0009966441284133295,0.0006570856369491296,0.00035725261415469494,0.00031519702098349594,0.00020536357871469988,0.000165882440425693,0.00010519689742317504,9.623835672122924e-05,7.856935160478388e-05,7.259922909658033e-05,5.268486467626542e-05,4.488000629979689e-05,3.2998576474860386e-05,2.726858551423502e-05,2.493539556026983e-05,1.8606204561228367e-05,1.62747562366922e-05,1.5077824713935744e-05,1.1089917110563905e-05,9.017795684717953e-06,7.816889915116222e-06,6.433500616713801e-06,5.302209815759599e-06,3.332794744244503e-06],[0.00502110194519067,0.0004479614169735165,0.00028681353259841645,0.00015767909333911606,8.736626161488869e-05,7.249205955627371e-05,5.734616600261575e-05,4.5526549186987035e-05,2.884551630698557e-05,3.8904101261739437e-19]]","[[390.49508151911226,195.7032235608191,163.85332786619975,123.87348519167585,96.9112556213114,91.86200157031035,74.23263594975835,60.67285521527967,49.51995634598056,48.39062975955221,45.78336309177383,37.842356514290785,35.73417151385935,30.64902850020215,29.86664571226451,28.87063668380468,26.407449145927636,24.807459652163995,23.691315232767103,21.848693291859362,19.95677372952212,18.946066130939002,16.947747813757786,15.78521018286518,13.945079448475957],[0.8937769784100473,0.049659876045625675,0.03215328522968727,0.022985981364187946,0.016074332394844713,0.013562838798796061,0.01001488768151731,0.00907527049399259,0.007817860835605931,0.007317041219559595,0.0064564007036360845,0.005378368830156699,0.005200574896258026,0.004473116351571357,0.00415169818532274,0.0038667136219779456,0.003752647704911536,0.0034062175754500513,0.0032493645410379295,0.003035133984788085,0.0029236602272552687,0.002578536417581068,0.00250123762424206,0.0023337901285206096,0.002153206395562502,0.0021096281448780493,0.0018156871206974148,0.0017685568870087615,0.001694461995218448,0.0016087746632772366,0.0014087696659928596,0.0010840992227572094]]","[[0.003000000000000002,0.0030000000000000014,0.0030000000000000014,0.003000000000000001,0.003000000000000001,0.003000000000000001,0.003000000000000001,0.003000000000000001,0.0030000000000000005,0.0030000000000000005,0.0030000000000000005,0.0030000000000000005,0.003,0.0029999999999999996,0.0029999999999999996,0.0029999999999999996,0.0029999999999999996,0.0029999999999999996,0.0029999999999999996,0.0029999999999999996,0.002999999999999999,0.002999999999999999,0.002999999999999999,0.002999999999999999,0.0029999999999999988],[0.0030000000000000022,0.003000000000000002,0.003000000000000002,0.003000000000000002,0.0030000000000000014,0.003000000000000001,0.003000000000000001,0.0030000000000000005,0.0030000000000000005,0.0029999999999999996]]",17.5,17.499999999999986,0.9999999999999999,0.9999999999999991,0.9999999999999992,3.883476374997466e-05,0.35057305851468595,0.0021880910543111897,0.01774823934929885,0.0030000000000000022,0.051523573686753754,0.05150637760525819,0.15781941707246006,32,5,2
26,MNISTConvNet,MNIST conv filters=32 kernel=5 stride=2 lr=3e-03,1.0,0.003,Adam,1,3,512,64,2.3025197611634463,4.037923752742145e-05,0.908203125,full_conv_patch_and_classifier_activation,2.3624203837212754,1.4080634826192613,1.6382985652052846,2.8115920323572662e-05,4.218014273979915e-05,"[[0.003289186963546759,0.0008207818556513409,0.00046352707788053046,0.00041798695548948253,0.00030387312429232326,0.00022364219954006822,0.0001452247371612242,0.00012081622017881175,8.689610656448884e-05,7.138457346913468e-05,5.083162380678071e-05,3.9598100275239287e-05,3.850022862519876e-05,2.9244411464919408e-05,2.3109034236485193e-05,2.0153443881526487e-05,1.692381497759095e-05,1.600700943551306e-05,1.4502472518516247e-05,1.3219616653055325e-05,9.049305467879923e-06,6.445055086478998e-06,5.503445407768159e-06,5.0525252144291294e-06,2.211563280936387e-06],[0.005108618824084593,0.0004442156532678944,0.00027306442542082747,0.00014979850452672975,0.00012570959523381368,9.194128858283232e-05,5.2859792925644316e-05,3.913520193207419e-05,2.7678960079444705e-05,3.7610667283784543e-19]]","[[390.49508151911226,195.7032235608191,163.85332786619975,123.87348519167585,96.9112556213114,91.86200157031035,74.23263594975835,60.67285521527967,49.51995634598056,48.39062975955221,45.78336309177383,37.842356514290785,35.73417151385935,30.64902850020215,29.86664571226451,28.87063668380468,26.407449145927636,24.807459652163995,23.691315232767103,21.848693291859362,19.95677372952212,18.946066130939002,16.947747813757786,15.78521018286518,13.945079448475957],[0.9694034376307386,0.05004846386421349,0.03152817974272187,0.026040984019558476,0.015108181005064579,0.013065515225579576,0.009900963774294043,0.008968213839947737,0.007884791928490613,0.006734534999498407,0.006562647490198443,0.00590122475627195,0.005120490011440546,0.004490255207214281,0.0041840703165123205,0.0037996205427138106,0.0036553958622279753,0.0035306771882714165,0.003369516832084791,0.0030679723448255158,0.0029941936173715207,0.002634709229838536,0.0025730471990581846,0.002344623995961358,0.002319514150104734,0.002187828723620703,0.0018972151870394944,0.0018275979451608914,0.0017000517849678968,0.0015855248780419766,0.001356394792563702,0.0010464203943380249]]","[[0.0128520675985995,0.004745095506453,0.00379921465089677,0.0024910737919644353,0.0019489681725690015,0.0018338615889591453,0.0017302499498407203,0.0013593553880813622,0.0011642819598542578,0.0008965239614410907,0.0008514372537125848,0.0007580926320971773,0.0005604104695505584,0.0004931654768400796,0.0003750000345367315,0.0003538157891161863,0.00031133211594681144,0.00023972050022620834,0.00022847677543725743,0.00019582173475699274,0.00012155402640184441,0.00011322237841595075,8.809761528976154e-05,7.506912611151878e-05,3.0313579371266402e-05],[0.00836875861234768,0.004377888238072953,0.0014582099596687885,0.0013069152705960996,0.0009291544077280107,0.0008320524298471771,0.0005405340041523747,0.00046285067144739454,0.0004067662326135,0.00023184050666652414]]",5.022511514083826,1.3612892574130528,0.3135058286855126,0.09528093863421966,0.2895033280798092,4.075211354537263e-05,0.36701065533771704,0.0022773269736143065,0.01789471341512969,0.0128520675985995,0.05156765263463824,0.05214520168941219,0.1851766670588404,32,5,2
27,MNISTConvNet,MNIST conv filters=32 kernel=5 stride=2 lr=3e-03,1.0,0.003,Muon,1,3,512,64,2.3025122531382327,3.765833637991989e-05,0.89453125,full_conv_patch_and_classifier_activation,2.443245071658853,1.4085172472941592,1.693392548893748,2.843704351262003e-05,4.404878698879518e-05,"[[0.0033419987514895625,0.0009808836385936301,0.00046922690968158293,0.0004277982212871229,0.00032041441703474646,0.0002067749980565141,0.00015928546942024996,0.00011377009719684919,8.25169057629299e-05,7.967762885618799e-05,5.6229414865195806e-05,4.7621730210348585e-05,4.36168714644513e-05,3.306627271221545e-05,2.922568287861312e-05,2.564276888561435e-05,1.869923187947958e-05,1.7822663149855104e-05,1.5162288823018095e-05,1.0453050478156368e-05,9.1359864726321e-06,7.456196581580815e-06,6.730688240862249e-06,6.060285015147175e-06,2.420356535431088e-06],[0.004705071826334205,0.00045736644677140244,0.00030100041996319725,0.00014392869184500743,0.00011138636137008668,8.820920629710583e-05,4.759587982790825e-05,3.6528019043445884e-05,2.8964638863301138e-05,3.777272336285237e-19]]","[[390.49508151911226,195.7032235608191,163.85332786619975,123.87348519167585,96.9112556213114,91.86200157031035,74.23263594975835,60.67285521527967,49.51995634598056,48.39062975955221,45.78336309177383,37.842356514290785,35.73417151385935,30.64902850020215,29.86664571226451,28.87063668380468,26.407449145927636,24.807459652163995,23.691315232767103,21.848693291859362,19.95677372952212,18.946066130939002,16.947747813757786,15.78521018286518,13.945079448475957],[0.8891681269229423,0.04949828653914321,0.032968786062869834,0.022889972644366426,0.01583532596372779,0.013297188903244564,0.010040107576233878,0.008889225038363523,0.007688580185320744,0.007257334916792455,0.006585276245593721,0.005434819318842186,0.0049367266264925,0.0043602547598489425,0.004051066126186203,0.003887905167688875,0.003711667489777924,0.003375076874891634,0.0032890193902390323,0.003049226042142615,0.0028218666523640848,0.002582422333697429,0.002419978814604765,0.002364479311292427,0.002153626064295757,0.002049002302393122,0.0018413641788924532,0.0017548327325147045,0.0017292489275320948,0.001667619525756125,0.0013974299366874127,0.0010973005482817005]]","[[0.0030000000000000027,0.003000000000000002,0.003000000000000002,0.0030000000000000014,0.0030000000000000014,0.0030000000000000014,0.0030000000000000014,0.003000000000000001,0.003000000000000001,0.003000000000000001,0.003000000000000001,0.0030000000000000005,0.0030000000000000005,0.0030000000000000005,0.0030000000000000005,0.003,0.003,0.003,0.003,0.003,0.003,0.0029999999999999996,0.0029999999999999996,0.002999999999999999,0.002999999999999999],[0.0030000000000000022,0.0030000000000000022,0.003000000000000002,0.0030000000000000014,0.003000000000000001,0.003000000000000001,0.0030000000000000005,0.003,0.0029999999999999988,0.0029999999999999983]]",17.499999999999996,17.49999999999998,0.9999999999999998,0.9999999999999988,0.999999999999999,3.7295226047662916e-05,0.3540555768610226,0.0021013479316829404,0.017748239349298853,0.0030000000000000027,0.051567652634638236,0.0515188634686693,0.21002287487499416,32,5,2
26,MNISTConvNet,MNIST conv filters=32 kernel=5 stride=2 lr=3e-03,1.0,0.003,Adam,1,4,512,64,2.302467766977594,8.408755594313533e-05,0.908203125,full_conv_patch_and_classifier_activation,1.8964460921579533,1.4076835420389684,1.3271182479817405,5.486533832868421e-05,6.896219961221217e-05,"[[0.00523308819528365,0.0010705994906594668,0.0007391534029601625,0.0004326397509915247,0.000284805883893773,0.00016836263983127447,0.00012173116140712019,0.00011070008934609996,8.108551736303437e-05,5.689921157561742e-05,5.388272320995013e-05,4.658527276901809e-05,4.061959526994841e-05,3.610274297650892e-05,2.384510223828744e-05,2.290817095189757e-05,2.0895345389874994e-05,2.0597947441206848e-05,1.6302446669898982e-05,1.3672680102908614e-05,1.015829208114708e-05,8.467070343354085e-06,5.93439658627853e-06,5.133828926538e-06,3.6610392696709956e-06],[0.007780004829641026,0.0003532237100569412,0.0001542180745351847,0.00013965671625093112,0.00010698208819889377,0.00010062937258885913,6.555701194822726e-05,3.380094291545465e-05,2.286257673365717e-05,8.5152566201907885e-19]]","[[390.49508151911226,195.7032235608191,163.85332786619975,123.87348519167585,96.9112556213114,91.86200157031035,74.23263594975835,60.67285521527967,49.51995634598056,48.39062975955221,45.78336309177383,37.842356514290785,35.73417151385935,30.64902850020215,29.86664571226451,28.87063668380468,26.407449145927636,24.807459652163995,23.691315232767103,21.848693291859362,19.95677372952212,18.946066130939002,16.947747813757786,15.78521018286518,13.945079448475957],[1.052039742902485,0.04979242989298009,0.032976850070526954,0.025849305144317967,0.015038029621697525,0.013208695145464612,0.010509116846436874,0.009212840177746656,0.008117010731347008,0.006833019722538899,0.0065108106875032545,0.005625910679759939,0.0051530180159458224,0.004319804395565389,0.00410560575696198,0.003764431478857751,0.003630288989214922,0.003566265095728704,0.0032733818626500648,0.002994571834521793,0.0027835443549706733,0.002583840548816703,0.002483775108582686,0.002247737809658096,0.002066037400786199,0.0019417860386019272,0.0018949756785082111,0.0017697643105106247,0.0016611676317922943,0.001561741467894827,0.0011420610416535515,0.0008830689501575827]]","[[0.012376963281182376,0.004092571099225079,0.003690723385617438,0.0022112408379605466,0.002132741336236,0.0019052650204722044,0.0015316031647956549,0.0013196861082606247,0.0011349596614722436,0.0008230850726051831,0.0007934607023831779,0.0006828579713246774,0.0005601597974431843,0.0004198918464799457,0.00038518920417679686,0.00035982061165695025,0.0002721075214471989,0.00025142011826176705,0.0002221705652178294,0.00015223281743847122,0.000141007994862054,9.898402333452846e-05,8.879433610078257e-05,7.012187840573272e-05,2.2576408269720144e-05],[0.009582745942552429,0.004350245870810892,0.0015645710428530593,0.0012822396748089111,0.0010309226452805767,0.0006944030067255384,0.0005343344944744601,0.0003872678907374786,0.0003004251968270408,0.00015030326058498598]]",4.807896959554247,1.305167871855521,0.2936798371726679,0.09041000186333405,0.29562053875618927,8.126771749222521e-05,0.47719356154147724,0.0045307264119791996,0.017937017180590313,0.012376963281182376,0.05136567229916751,0.05361425065936656,0.2363299580756575,32,5,2
27,MNISTConvNet,MNIST conv filters=32 kernel=5 stride=2 lr=3e-03,1.0,0.003,Muon,1,4,512,64,2.3025574813200818,5.013919067664574e-05,0.89453125,full_conv_patch_and_classifier_activation,1.9777246302182125,1.4085243567233778,1.38056291616452,5.487007581802264e-05,7.122617379099924e-05,"[[0.005292183540757856,0.0012129339952058702,0.000848119235577674,0.0004507388548949981,0.0002643056376351452,0.0001975647514650406,0.000139022793821309,9.617373355065875e-05,8.29968847343271e-05,6.333870808088003e-05,5.835136378638909e-05,5.05610161097594e-05,4.045531074923584e-05,3.562580043050801e-05,2.991122265936227e-05,2.9323810832178974e-05,2.620896636266817e-05,1.7770126616521285e-05,1.5228190712277241e-05,1.2632772855259233e-05,1.0487377600618967e-05,8.736826184446515e-06,6.467914220197247e-06,5.4305783896666365e-06,3.2323483444454453e-06],[0.0067218389659933625,0.0003622058477890668,0.00014920741487531362,0.00013649418417139913,0.00010951595445138132,0.00010287136799128938,6.637903377183869e-05,3.396125951880723e-05,1.733661635853683e-05,8.082694043845628e-19]]","[[390.49508151911226,195.7032235608191,163.85332786619975,123.87348519167585,96.9112556213114,91.86200157031035,74.23263594975835,60.67285521527967,49.51995634598056,48.39062975955221,45.78336309177383,37.842356514290785,35.73417151385935,30.64902850020215,29.86664571226451,28.87063668380468,26.407449145927636,24.807459652163995,23.691315232767103,21.848693291859362,19.95677372952212,18.946066130939002,16.947747813757786,15.78521018286518,13.945079448475957],[0.909458079608222,0.05032764505623913,0.035007804110040903,0.023244194995776735,0.01595359002918315,0.013312526709606714,0.01015934129785859,0.008609095339207905,0.0077671167162374054,0.007435128274353724,0.006555086365006175,0.005594618760548892,0.004967993154173944,0.004243614228559558,0.003967662648425759,0.003878998965488688,0.00376364215688646,0.0033920084892977175,0.0032344488183376706,0.0031278832665890084,0.002857217217060529,0.0026140385538207748,0.002454312389344227,0.002274578499651683,0.0021718746338195588,0.002060557411143784,0.0018604241199811418,0.0018208235773141549,0.0016750687150583698,0.0015717728942363236,0.0013496254444445397,0.0010573358878347553]]","[[0.003000000000000002,0.0030000000000000014,0.0030000000000000014,0.0030000000000000014,0.0030000000000000014,0.003000000000000001,0.003000000000000001,0.003000000000000001,0.003000000000000001,0.003000000000000001,0.0030000000000000005,0.003,0.003,0.003,0.003,0.003,0.0029999999999999996,0.0029999999999999996,0.0029999999999999996,0.002999999999999999,0.002999999999999999,0.002999999999999999,0.0029999999999999988,0.0029999999999999988,0.0029999999999999983],[0.0030000000000000014,0.003000000000000001,0.0030000000000000005,0.0030000000000000005,0.0030000000000000005,0.0030000000000000005,0.0029999999999999996,0.0029999999999999996,0.002999999999999999,0.002999999999999999]]",17.5,17.499999999999986,1.0,0.9999999999999991,0.9999999999999991,5.009283721949489e-05,0.3238696462914785,0.002822411633831939,0.017748239349298853,0.003000000000000002,0.05136567229916751,0.051227271494937596,0.26298741693608463,32,5,2
26,MNISTConvNet,MNIST conv filters=32 kernel=5 stride=2 lr=3e-03,1.0,0.003,Adam,1,5,512,64,2.3025387675101165,,0.908203125,full_conv_patch_and_classifier_activation,2.3729440074779236,1.4072321701729191,1.6181171211506757,2.8204104931155714e-05,3.893500180189711e-05,"[[0.0026574202071791048,0.0006535813862899575,0.000418847216519011,0.00039589569729814674,0.0002597685973469099,0.00016576054412853063,9.965152796818725e-05,7.770267438952001e-05,6.905968021312414e-05,6.270721237060243e-05,5.601209559249276e-05,4.088331511409052e-05,3.796025345095226e-05,3.1639908144504136e-05,2.868103310792217e-05,2.259528924733525e-05,1.814308071367658e-05,1.5213153224380625e-05,1.3822784382238626e-05,1.1317262381414276e-05,9.106105996954826e-06,8.352699317690518e-06,6.588229467258457e-06,5.054474844529049e-06,2.9235600548678547e-06],[0.006100273171864494,0.00039599960646917166,0.00019827224650688534,0.0001732774736386479,0.00012085847061820403,0.00010500460796066148,5.7400980028406476e-05,3.510010755200515e-05,1.9508507771592456e-05,4.565043570106739e-19]]","[[390.49508151911226,195.7032235608191,163.85332786619975,123.87348519167585,96.9112556213114,91.86200157031035,74.23263594975835,60.67285521527967,49.51995634598056,48.39062975955221,45.78336309177383,37.842356514290785,35.73417151385935,30.64902850020215,29.86664571226451,28.87063668380468,26.407449145927636,24.807459652163995,23.691315232767103,21.848693291859362,19.95677372952212,18.946066130939002,16.947747813757786,15.78521018286518,13.945079448475957],[1.1526202244426462,0.04850625700838964,0.03308659579490922,0.024902244548434857,0.015077319391349415,0.013198301129794804,0.011543844394466403,0.00936849525628806,0.0079921109870401,0.006646662142896708,0.006332969744979755,0.0055171545282937905,0.0050249185749404995,0.00423227383221882,0.004056634596839348,0.0036486200731995085,0.0035839575563435125,0.003386567253598793,0.0031567961301640873,0.0028128538768974077,0.0027081298291293525,0.002406139315412358,0.0022869365338027453,0.002148385905929254,0.0019259927504883736,0.0018975978528074395,0.001797653384077536,0.001743603981095745,0.0016294687387148205,0.0014279712517713669,0.0010172590750553384,0.0008053541561238683]]",,,,,,,,,,,,,,0.2917720419354737,32,5,2
27,MNISTConvNet,MNIST conv filters=32 kernel=5 stride=2 lr=3e-03,1.0,0.003,Muon,1,5,512,64,2.3025881026840276,,0.908203125,full_conv_patch_and_classifier_activation,2.7083000783728743,1.4085394008922645,1.8280481536369577,2.8035185673857994e-05,4.1948199376405473e-05,"[[0.002514538624889377,0.0007631409951803779,0.0005167195798790609,0.00039270106748495607,0.00028947321828684704,0.000168314150390686,0.0001496325640505015,9.132263736369664e-05,9.050924463734362e-05,7.948160624211655e-05,6.680240771011632e-05,5.6113450649364454e-05,3.992202796948105e-05,3.7348187782602255e-05,3.0145374600997225e-05,2.6537107772814968e-05,2.0803780108241745e-05,1.6140148382521434e-05,1.435828634675246e-05,1.151012667923669e-05,1.0910385845913692e-05,9.724650930142655e-06,8.236084610606889e-06,5.948038129804576e-06,4.525740151572978e-06],[0.004828512299660735,0.00040478704937708097,0.00020788257632551387,0.00016820193634518732,0.00013137938409527283,9.079986113560978e-05,6.309184501207638e-05,3.752907196833764e-05,2.6844662527828198e-05,2.0528878081873216e-19]]","[[390.49508151911226,195.7032235608191,163.85332786619975,123.87348519167585,96.9112556213114,91.86200157031035,74.23263594975835,60.67285521527967,49.51995634598056,48.39062975955221,45.78336309177383,37.842356514290785,35.73417151385935,30.64902850020215,29.86664571226451,28.87063668380468,26.407449145927636,24.807459652163995,23.691315232767103,21.848693291859362,19.95677372952212,18.946066130939002,16.947747813757786,15.78521018286518,13.945079448475957],[0.9171374465964162,0.05065061008179064,0.035898512013831936,0.02349024484372145,0.01587326277555982,0.013378266425819244,0.010352871852365601,0.008680887887268302,0.0077566774531288765,0.007502277119363973,0.006662258301109393,0.0056190343412334046,0.004984343066647576,0.004270555077590885,0.003951896368946265,0.0038373062460912042,0.0037356352848448697,0.0033942193550235314,0.0032989038848579575,0.0031001129063609727,0.0028432140280678572,0.002626531687809025,0.002461880171876208,0.002294453802621173,0.0021724132465418544,0.0020478450128537514,0.001908567603711295,0.0018114992985732723,0.0016984435351582682,0.001572194239965033,0.0013757424764814527,0.0010878394439876706]]",,,,,,,,,,,,,,0.316427499987185,32,5,2
28,MNISTConvNet,MNIST conv filters=32 kernel=5 stride=2 lr=3e-03,1.0,0.003,Adam,2,0,512,64,2.302686629615729,9.495639456025273e-05,0.90234375,full_conv_patch_and_classifier_activation,1.9329024930662166,1.404504348244533,1.3557352992509561,3.8246556905281425e-05,4.911477776646786e-05,"[[0.0043528132690011535,0.0008606222943364931,0.0004876870833048975,0.00033553141237947266,0.00025990860915937197,0.00018153779350895178,0.0001313951341407206,0.00010809203941228154,8.510725430332667e-05,7.141377935871454e-05,6.732243359971663e-05,4.9975884563286295e-05,4.399215102005308e-05,3.900461996815604e-05,2.4211868141610936e-05,2.1296126687968832e-05,1.981748211534982e-05,1.741253119171018e-05,1.591238096412257e-05,1.1234321190652454e-05,9.337075798015578e-06,8.311111236005301e-06,5.896561853978503e-06,4.431775404057467e-06,3.2137277453911556e-06],[0.008316165806584213,0.00038104983660043216,0.00027960868577522104,0.0001847183852881202,9.498267455457078e-05,7.045279644423203e-05,5.941471226942409e-05,4.537394483398548e-05,2.3308750130929338e-05,5.827456673467927e-19]]","[[390.1243794248421,193.04540387523517,163.96309140771794,123.32341245819842,96.54659266890104,92.30666111425151,74.51591546017586,61.32373016874431,50.70495561685686,48.894634164401396,45.65101788932086,38.14535327633893,36.03223047951664,30.617834545977644,30.007207647072015,28.47804701598164,26.264510724992817,24.693925469222563,23.34656646393843,21.51265791801151,19.862920821082756,18.683582433411566,16.836408396491933,15.681685322466798,13.847003962297682],[1.347403447260266,0.0490063381232189,0.026686038784549303,0.01949476426237228,0.018109669938035096,0.014040620752219382,0.012064929090492942,0.00991770790158442,0.008968269319730892,0.007645767640878295,0.007107757056073181,0.006484132432271555,0.005913123587931876,0.00523436588358607,0.004436651082869197,0.004349140677564867,0.003954917639982734,0.003695647065954401,0.003550731027239863,0.003303455248937001,0.002987497245807885,0.002825681510565131,0.002798316094590866,0.0025113427702227586,0.0023203203776804623,0.002172831524154376,0.002124477332320255,0.0019051588578135907,0.0016186768051542893,0.001513711832821929,0.001348936501295973,0.0012239285218027275]]","[[0.01330315186119306,0.004069612076199927,0.0029241667295827915,0.0027102599314908203,0.0023117359159917556,0.0021904284741724764,0.00142085733067216,0.0012362851815849209,0.0009763641353793539,0.0007512516591653184,2.7565324101042022e-05,1.154634701870005e-06,6.498265366110677e-07,3.637117790533752e-07,2.3445038720228172e-07,1.7807709677652893e-07,1.4661899118438657e-07,1.0747539619350075e-07,9.271224104201445e-08,4.521682914153311e-08,3.590292321909171e-08,1.2425981538195246e-08,7.74667582486736e-09,3.5831846694047765e-09,1.902123320987586e-09],[0.008898332028285202,0.0023921813168833557,0.0018323934072509195,0.0012124787152446711,0.0007935723057931765,3.21937716224283e-06,1.1620350069899028e-06,7.366557481195191e-07,1.3137924021293662e-07,1.0611157017844122e-08]]",3.535888848419888,1.2052677600975006,0.217479237999404,0.08244663871430993,0.36499470468778306,0.00010035800132684908,0.5972726429067851,0.005654532787829109,0.017748239349298842,0.01330315186119306,0.050552925122664245,0.05054554899039693,0.02540083392523229,32,5,2
29,MNISTConvNet,MNIST conv filters=32 kernel=5 stride=2 lr=3e-03,1.0,0.003,Muon,2,0,512,64,2.302686629615729,4.9374943859703535e-05,0.90234375,full_conv_patch_and_classifier_activation,1.9329024930662166,1.404504348244533,1.3557352992509561,3.8246556905281425e-05,4.911477776646786e-05,"[[0.0043528132690011535,0.0008606222943364931,0.0004876870833048975,0.00033553141237947266,0.00025990860915937197,0.00018153779350895178,0.0001313951341407206,0.00010809203941228154,8.510725430332667e-05,7.141377935871454e-05,6.732243359971663e-05,4.9975884563286295e-05,4.399215102005308e-05,3.900461996815604e-05,2.4211868141610936e-05,2.1296126687968832e-05,1.981748211534982e-05,1.741253119171018e-05,1.591238096412257e-05,1.1234321190652454e-05,9.337075798015578e-06,8.311111236005301e-06,5.896561853978503e-06,4.431775404057467e-06,3.2137277453911556e-06],[0.008316165806584213,0.00038104983660043216,0.00027960868577522104,0.0001847183852881202,9.498267455457078e-05,7.045279644423203e-05,5.941471226942409e-05,4.537394483398548e-05,2.3308750130929338e-05,5.827456673467927e-19]]","[[390.1243794248421,193.04540387523517,163.96309140771794,123.32341245819842,96.54659266890104,92.30666111425151,74.51591546017586,61.32373016874431,50.70495561685686,48.894634164401396,45.65101788932086,38.14535327633893,36.03223047951664,30.617834545977644,30.007207647072015,28.47804701598164,26.264510724992817,24.693925469222563,23.34656646393843,21.51265791801151,19.862920821082756,18.683582433411566,16.836408396491933,15.681685322466798,13.847003962297682],[1.347403447260266,0.0490063381232189,0.026686038784549303,0.01949476426237228,0.018109669938035096,0.014040620752219382,0.012064929090492942,0.00991770790158442,0.008968269319730892,0.007645767640878295,0.007107757056073181,0.006484132432271555,0.005913123587931876,0.00523436588358607,0.004436651082869197,0.004349140677564867,0.003954917639982734,0.003695647065954401,0.003550731027239863,0.003303455248937001,0.002987497245807885,0.002825681510565131,0.002798316094590866,0.0025113427702227586,0.0023203203776804623,0.002172831524154376,0.002124477332320255,0.0019051588578135907,0.0016186768051542893,0.001513711832821929,0.001348936501295973,0.0012239285218027275]]","[[0.003000000000000003,0.0030000000000000022,0.003000000000000002,0.003000000000000002,0.003000000000000002,0.003000000000000001,0.003000000000000001,0.003000000000000001,0.003000000000000001,0.0030000000000000005,0.0030000000000000005,0.0030000000000000005,0.0029999999999999996,0.0029999999999999996,0.0029999999999999996,0.0029999999999999996,0.0029999999999999996,0.0029999999999999996,0.0029999999999999996,0.0029999999999999996,0.0029999999999999996,0.0029999999999999996,0.0029999999999999996,0.002999999999999998,0.002999999999999998],[0.003000000000000001,0.0030000000000000005,0.003,0.003,0.0029999999999999996,0.0029999999999999996,0.0029999999999999988,0.0029999999999999988,0.0029999999999999988,0.0029999999999999983]]",17.5,17.49999999999997,1.0000000000000002,0.9999999999999984,0.9999999999999983,5.001166293859977e-05,0.2976404243266791,0.002817837981240404,0.017748239349298846,0.003000000000000003,0.05055292512266426,0.05051538935629627,0.05275699985213578,32,5,2
28,MNISTConvNet,MNIST conv filters=32 kernel=5 stride=2 lr=3e-03,1.0,0.003,Adam,2,1,512,64,2.3025459887911586,8.367615529536465e-05,0.90234375,full_conv_patch_and_classifier_activation,1.8693811555877589,1.4046027589552368,1.3164626328175717,3.4016035020844305e-05,4.306452237008482e-05,"[[0.004089512857551067,0.0007075288535292137,0.000467345180693392,0.0003068563693230796,0.00020662874296478351,0.00014484943813144875,0.00014227925581642394,9.889505575017513e-05,7.90888456636108e-05,5.697789855773697e-05,4.750532266516977e-05,4.4895925688843324e-05,3.820972216097081e-05,3.096959551246042e-05,2.901898711680442e-05,2.1850337277281335e-05,1.898625155061141e-05,1.6018211602286008e-05,1.4966827995158184e-05,1.1843663656167415e-05,9.976533286644945e-06,6.914372358746927e-06,5.0514765995749e-06,3.4860127982517837e-06,1.9358545651548954e-06],[0.0074807414372633895,0.0003351662910478942,0.00023287867785937765,0.0001545911675872902,6.881000494664008e-05,5.5818751154407304e-05,4.9283935660583784e-05,4.0487548218539284e-05,2.6331776455237094e-05,5.710787084700502e-19]]","[[390.1243794248421,193.04540387523517,163.96309140771794,123.32341245819842,96.54659266890104,92.30666111425151,74.51591546017586,61.32373016874431,50.70495561685686,48.894634164401396,45.65101788932086,38.14535327633893,36.03223047951664,30.617834545977644,30.007207647072015,28.47804701598164,26.264510724992817,24.693925469222563,23.34656646393843,21.51265791801151,19.862920821082756,18.683582433411566,16.836408396491933,15.681685322466798,13.847003962297682],[1.2849615180150329,0.04984957839678879,0.024805934647984435,0.01858797285807197,0.017123344145712118,0.013583333061202608,0.012219018240447733,0.00987157100458856,0.008649658468633204,0.007792788004743893,0.0069974342565828586,0.0064087111071434635,0.005901554652614991,0.0050488371539343735,0.004650819509267317,0.004016592866332855,0.003859561971931251,0.0037399082328666107,0.003665755505872321,0.003181155597436024,0.0030853150360151465,0.0028361937326095853,0.002578816038903422,0.0025566985896399892,0.0024229301808288807,0.0021840519981510195,0.002042521708363556,0.0019182243848821462,0.0017757388092117098,0.0015274833796573373,0.0013548654750710973,0.001255147800558842]]","[[0.01440322112521367,0.0027363358893343803,0.002549379980256518,0.002258399839988978,0.0014370015437829382,0.0009870209373599983,0.0008912197714545782,0.0007574340465470396,0.0004861493078220808,0.0003467774206430102,0.00022865872297128697,0.000169830905000399,0.0001410395411465126,0.00010373952617313721,7.964405277540289e-05,7.066421330953601e-05,5.7623505481847616e-05,5.410077399729181e-05,3.421370915943158e-05,2.5140177033914597e-05,2.2581154356224684e-05,1.546839034489348e-05,1.2771286487789026e-05,8.266697556560113e-06,3.828369556188095e-06],[0.008530492341052414,0.0024955830364212627,0.001660300717578634,0.001029021129018155,0.0008501953891837775,0.0004990652186618714,0.00038108443228942036,0.0002192074062461343,9.928456026536945e-05,4.211904646308861e-05]]",3.1666809409407124,1.1348984047891277,0.21590722548007504,0.08002160581109308,0.3600806473272192,8.516491097682012e-05,0.5581388379376006,0.004795261764164735,0.017760221478056185,0.01440322112521367,0.05071838169187097,0.050149752311557536,0.08008608384989202,32,5,2
29,MNISTConvNet,MNIST conv filters=32 kernel=5 stride=2 lr=3e-03,1.0,0.003,Muon,2,1,512,64,2.3025752417689542,4.619893882296111e-05,0.90234375,full_conv_patch_and_classifier_activation,1.8659697289957626,1.4044925175437732,1.3128778504711858,3.4041597182655155e-05,4.28255390764777e-05,"[[0.00415684706035842,0.000752670292552294,0.00047121715953845543,0.0003118054490161604,0.00020521884996273194,0.00014982884036241555,0.0001332782414405922,0.00010245137074209088,7.622877948718418e-05,5.269085113445917e-05,4.8539015338642815e-05,4.212794528446439e-05,3.894158795593456e-05,3.798588291274765e-05,2.7504544635066856e-05,2.339320348216518e-05,1.9522331902587334e-05,1.5936874312226324e-05,1.2263499179272617e-05,1.0756536495721228e-05,8.819100432278091e-06,8.087385507858818e-06,6.185193307752965e-06,4.54577020852582e-06,2.842339460872351e-06],[0.00776878485865105,0.00032332924849438904,0.0002498799137061601,0.0001590589487383359,6.773707988795788e-05,5.768869971777376e-05,4.689649536972701e-05,3.883774165301582e-05,2.7386646298045963e-05,4.212745309807793e-19]]","[[390.1243794248421,193.04540387523517,163.96309140771794,123.32341245819842,96.54659266890104,92.30666111425151,74.51591546017586,61.32373016874431,50.70495561685686,48.894634164401396,45.65101788932086,38.14535327633893,36.03223047951664,30.617834545977644,30.007207647072015,28.47804701598164,26.264510724992817,24.693925469222563,23.34656646393843,21.51265791801151,19.862920821082756,18.683582433411566,16.836408396491933,15.681685322466798,13.847003962297682],[1.3337793193875005,0.04813161034275091,0.026197623628432583,0.01953946689849154,0.018111932168553332,0.013826439179282534,0.011701748110975844,0.009870439409246028,0.008564616100626565,0.007652609762189472,0.007125408042291556,0.006327670324188979,0.0058211170727119526,0.00502774830206166,0.004427362230721399,0.004252641706973807,0.004166789090268443,0.0036688819115953636,0.0035142496272244734,0.0033445813466678083,0.0030235562393466395,0.0028112963560619386,0.0027047079535921278,0.002480246803115714,0.0023383048113896025,0.0020780126324500834,0.0020381564001442265,0.0019000594683994628,0.0016695404433276122,0.0015253289273696323,0.0013532895818718076,0.0012451744269646673]]","[[0.0030000000000000022,0.003000000000000002,0.0030000000000000014,0.0030000000000000014,0.003000000000000001,0.0030000000000000005,0.003,0.003,0.0029999999999999996,0.0029999999999999996,0.0029999999999999996,0.0029999999999999996,0.0029999999999999996,0.0029999999999999996,0.0029999999999999996,0.002999999999999999,0.002999999999999999,0.002999999999999999,0.002999999999999999,0.002999999999999999,0.0029999999999999988,0.0029999999999999988,0.0029999999999999988,0.0029999999999999983,0.002999999999999998],[0.003,0.0029999999999999996,0.0029999999999999996,0.0029999999999999996,0.0029999999999999996,0.002999999999999999,0.0029999999999999983,0.0029999999999999983,0.0029999999999999983,0.0029999999999999983]]",17.500000000000004,17.499999999999975,1.0000000000000002,0.9999999999999989,0.9999999999999987,4.637786321258214e-05,0.2943043075145824,0.00261309656128873,0.017748239349298846,0.0030000000000000022,0.05071838169187098,0.05064050947039203,0.10659025004133582,32,5,2
28,MNISTConvNet,MNIST conv filters=32 kernel=5 stride=2 lr=3e-03,1.0,0.003,Adam,2,2,512,64,2.3025460897961008,2.9268642672608536e-05,0.896484375,full_conv_patch_and_classifier_activation,2.063809878406551,1.4044962127420852,1.446457703111606,1.816052807852123e-05,2.481055018690437e-05,"[[0.0031520468085666845,0.0006796633262535788,0.00040195969020032486,0.00024547514366691413,0.000194700789574256,0.00014955709686138318,0.00010092386655660169,8.735376498983401e-05,7.109587275581117e-05,5.4942188460659225e-05,5.22640965570628e-05,4.72983394081705e-05,4.126465811554768e-05,3.0500829860185733e-05,2.2679945691465432e-05,2.0454105540370606e-05,1.814632537632052e-05,1.592099955759975e-05,1.2324778894677813e-05,1.1271618788335138e-05,7.875143977238018e-06,6.5180840210042215e-06,5.634244634090666e-06,3.8284037666636714e-06,2.3668193717441426e-06],[0.005614850137693841,0.00028737999265098695,0.0002511084581525488,0.00012194055863355835,9.275692249051935e-05,8.625935029242633e-05,5.7993558044413595e-05,4.421577501710523e-05,3.383120003037181e-05,3.3497699863809704e-19]]","[[390.1243794248421,193.04540387523517,163.96309140771794,123.32341245819842,96.54659266890104,92.30666111425151,74.51591546017586,61.32373016874431,50.70495561685686,48.894634164401396,45.65101788932086,38.14535327633893,36.03223047951664,30.617834545977644,30.007207647072015,28.47804701598164,26.264510724992817,24.693925469222563,23.34656646393843,21.51265791801151,19.862920821082756,18.683582433411566,16.836408396491933,15.681685322466798,13.847003962297682],[1.3213921562317255,0.04995244884872652,0.024073406735619068,0.017839503814022304,0.015754007966011885,0.01327910334730601,0.012456852892757395,0.01012185722932339,0.008030419039112785,0.007559070254034918,0.007191829765321262,0.006357499776333953,0.005813646648483393,0.00511851055761232,0.004874231160054847,0.004169245022416375,0.004088227541659787,0.003769198510454283,0.0033306592787722042,0.0031987101579363324,0.002938023787900583,0.0027368094577090362,0.0025465298693897087,0.0025035601945522785,0.0022926483586785057,0.002070705820780364,0.0019966135890975177,0.0018372161091410129,0.0016528409651816187,0.0015594856291141672,0.0014587753533844634,0.0013633980365008096]]","[[0.013664158247386886,0.003772203709600225,0.0031757663345224367,0.0025327999180677924,0.0022438783921997084,0.001770721210524592,0.0010398634396965327,0.0006908986953877174,0.0006363380466962663,0.0005379845665343201,0.0004147263096760184,0.0003275363392497649,0.00029731319131199923,0.0002608176506247127,0.00019499827179821096,0.00013166098527280185,9.935936012349727e-05,9.784085468008163e-05,8.094300478868551e-05,6.285682146299785e-05,4.729360353522065e-05,3.628752190778766e-05,2.816002222013559e-05,2.3282234510167915e-05,1.1858022865342482e-05],[0.008201990252273859,0.003033532981680359,0.002361571328766919,0.001635746865192175,0.0008125374022062266,0.00066819380024197,0.0004353132990640632,0.00036536906077329806,0.0002596613845584647,8.957213395523859e-05]]",4.117267110495784,1.2525364783370547,0.27570560507704645,0.0885566710364547,0.30809281532796695,2.9249864278051315e-05,0.25317538582712296,0.0016490339390482242,0.017737575671082615,0.013664158247386886,0.050601916385852604,0.05028722528917909,0.13268224988132715,32,5,2
29,MNISTConvNet,MNIST conv filters=32 kernel=5 stride=2 lr=3e-03,1.0,0.003,Muon,2,2,512,64,2.3025292112892246,3.7123816649664576e-05,0.90234375,full_conv_patch_and_classifier_activation,1.9519262540167512,1.4044955877455017,1.386510461446862,1.8152216143225085e-05,2.496146102131382e-05,"[[0.0034138548274688717,0.0006040599185762464,0.0003803195990411141,0.00024865244905485377,0.00017274114873607708,0.00014845514854742984,9.72783077977505e-05,8.976659862915972e-05,7.25018776631838e-05,5.735333793771328e-05,5.325003564454591e-05,4.889397053785544e-05,3.501362440018619e-05,2.8320839556624393e-05,2.059660764947628e-05,1.9187988894802523e-05,1.69133310876543e-05,1.5349998961225855e-05,1.3451158398747381e-05,1.1506697883830165e-05,9.904571791499974e-06,7.279842131979536e-06,4.541923143071364e-06,3.920332013844663e-06,2.9209558394221626e-06],[0.005692916357595785,0.00030876251770715457,0.00024810607338124954,0.00014245444804436298,9.76870277360573e-05,8.585122756521846e-05,5.442935143810321e-05,4.148520398136671e-05,3.33025557484268e-05,3.9699297182094667e-19]]","[[390.1243794248421,193.04540387523517,163.96309140771794,123.32341245819842,96.54659266890104,92.30666111425151,74.51591546017586,61.32373016874431,50.70495561685686,48.894634164401396,45.65101788932086,38.14535327633893,36.03223047951664,30.617834545977644,30.007207647072015,28.47804701598164,26.264510724992817,24.693925469222563,23.34656646393843,21.51265791801151,19.862920821082756,18.683582433411566,16.836408396491933,15.681685322466798,13.847003962297682],[1.3403126734014448,0.04849141069121853,0.026582217767600936,0.019652477092831064,0.017954027686785477,0.013766846928214569,0.011664687144418219,0.009983922525188125,0.0084690087023189,0.007675956908598376,0.007242789765548048,0.006264815493460672,0.005910051654636309,0.005029581452993446,0.004489933968593261,0.004315512802485451,0.00402185593042286,0.0038389492945064066,0.003595105910312851,0.0032963365209064044,0.0030173576362957514,0.0028333864308192017,0.002669049633024127,0.0025420947442976577,0.0023683955501191513,0.002069363380682701,0.0020010575981572014,0.0018507960617676078,0.0016821951404824608,0.0015460397036453103,0.0013669323087158655,0.0012891943033134117]]","[[0.0030000000000000014,0.003000000000000001,0.0030000000000000005,0.0030000000000000005,0.0030000000000000005,0.0030000000000000005,0.0030000000000000005,0.0030000000000000005,0.0030000000000000005,0.0029999999999999996,0.0029999999999999996,0.0029999999999999996,0.0029999999999999996,0.002999999999999999,0.002999999999999999,0.002999999999999999,0.002999999999999999,0.002999999999999999,0.002999999999999999,0.002999999999999999,0.002999999999999999,0.002999999999999999,0.002999999999999999,0.0029999999999999983,0.002999999999999998],[0.003,0.002999999999999999,0.0029999999999999988,0.0029999999999999988,0.0029999999999999988,0.0029999999999999988,0.002999999999999998,0.002999999999999998,0.002999999999999998,0.0029999999999999975]]",17.500000000000004,17.49999999999998,1.0,0.9999999999999988,0.9999999999999987,3.684308956375467e-05,0.30972149776743557,0.0020758729268100717,0.017748239349298842,0.0030000000000000014,0.050601916385852604,0.050584596500349605,0.1575899589806795,32,5,2
28,MNISTConvNet,MNIST conv filters=32 kernel=5 stride=2 lr=3e-03,1.0,0.003,Adam,2,3,512,64,2.3025524269445423,4.3568911936464616e-05,0.896484375,full_conv_patch_and_classifier_activation,2.039678968065994,1.4043641522618042,1.4280309493502465,1.903018444676023e-05,2.555676510694151e-05,"[[0.003173647705073746,0.0006275223011462094,0.0003146013689488039,0.00027292848147787593,0.00020124988495669844,0.00016093021286435992,0.00011831392618514867,9.87545033171341e-05,8.565376686422371e-05,7.091738167968482e-05,5.518777955187774e-05,5.186617781508391e-05,3.5007822155896225e-05,2.965421407023418e-05,2.219049144995281e-05,2.0211661240870558e-05,1.760080806257186e-05,1.7032021443767395e-05,1.1305057533746382e-05,9.3025263950254e-06,7.618972447392767e-06,6.9612377240592826e-06,5.289158200123382e-06,4.104517456873671e-06,3.133071598735287e-06],[0.0061249543950832085,0.00028939228288722674,0.0002280800100227535,0.0001545261394998461,0.0001116899099461411,7.042647049954874e-05,5.817080845270273e-05,4.815346134102733e-05,3.8204442594710965e-05,4.660667657691498e-19]]","[[390.1243794248421,193.04540387523517,163.96309140771794,123.32341245819842,96.54659266890104,92.30666111425151,74.51591546017586,61.32373016874431,50.70495561685686,48.894634164401396,45.65101788932086,38.14535327633893,36.03223047951664,30.617834545977644,30.007207647072015,28.47804701598164,26.264510724992817,24.693925469222563,23.34656646393843,21.51265791801151,19.862920821082756,18.683582433411566,16.836408396491933,15.681685322466798,13.847003962297682],[1.4074922318862344,0.05110716552746365,0.024676084985204873,0.01714680324541434,0.01484213543676131,0.013558718432354323,0.012018762958287382,0.009733415075726086,0.008008232403461654,0.007590749937748315,0.007314112756348305,0.006425253824572868,0.005786823476750404,0.005189049940847169,0.004616366316398549,0.004222805079144803,0.004201783469170248,0.0037079937284251034,0.0033612690790532384,0.0031854929264584896,0.0029288389248928338,0.0026968941321771226,0.0024853097979213538,0.002379781705161498,0.0022748435292425494,0.0019955820442685277,0.0018191817469248516,0.001701054029608772,0.0016454280431160127,0.0015031644494173872,0.0014591821802693366,0.001385001934030323]]","[[0.014058301733986032,0.004425708443168817,0.0030692612821363956,0.0024858930399293193,0.0018955967087130037,0.0017726684563667526,0.0010847039957406273,0.0008958493799743386,0.0006997562271889912,0.0005965638373210789,0.0005246138069391371,0.00036624856822843236,0.0003228518181432981,0.0002839157512696395,0.0002006337363715588,0.00015964727363386956,0.00015077306212089208,0.0001106535119538739,8.764047649612143e-05,7.084293693552818e-05,6.251729906415454e-05,5.21746503226096e-05,4.629290217163443e-05,3.416193274595005e-05,1.6199935920949822e-05],[0.007389030838061643,0.002590226533531525,0.0018650601487936462,0.001768247788238443,0.0010785730994261804,0.0007007611820575862,0.0004544411488982848,0.0004102294257871214,0.00019539596802987472,0.00016057221816532068]]",4.275652979273337,1.2561230770246343,0.28929268661436824,0.08871096958203159,0.2960612498279862,4.344545796418062e-05,0.3527344575267188,0.002455265734551914,0.017694808896972374,0.014058301733986032,0.050255287489274506,0.0484502255713898,0.18431912502273917,32,5,2
29,MNISTConvNet,MNIST conv filters=32 kernel=5 stride=2 lr=3e-03,1.0,0.003,Muon,2,3,512,64,2.3025483510546736,3.727315937895881e-05,0.90234375,full_conv_patch_and_classifier_activation,2.047383108540961,1.404495172769735,1.439134686283631,1.9314338938904444e-05,2.6540489161735155e-05,"[[0.0031890920669377437,0.000677407537456274,0.00034829367734072556,0.00024398825684166198,0.0001782895676294154,0.00014637535700986272,0.00011123171911119983,9.737859406489741e-05,7.34517297527958e-05,6.622745297972768e-05,5.937183315208396e-05,5.0599776632812566e-05,3.874272678604199e-05,2.7985773593358592e-05,2.6628370036957554e-05,2.173456550403641e-05,1.66778456274205e-05,1.604349015882323e-05,1.3388074272214563e-05,9.558495039543628e-06,9.347281729646043e-06,7.953820989912938e-06,6.068233834163144e-06,4.155377083102648e-06,3.459574449148845e-06],[0.0059393696188876815,0.0002805355078973582,0.00025857093449162976,0.00015739341955677805,0.00011791062379182706,8.036769155332749e-05,6.592062955217856e-05,5.2314345690108565e-05,3.856534813808632e-05,4.43243328042786e-19]]","[[390.1243794248421,193.04540387523517,163.96309140771794,123.32341245819842,96.54659266890104,92.30666111425151,74.51591546017586,61.32373016874431,50.70495561685686,48.894634164401396,45.65101788932086,38.14535327633893,36.03223047951664,30.617834545977644,30.007207647072015,28.47804701598164,26.264510724992817,24.693925469222563,23.34656646393843,21.51265791801151,19.862920821082756,18.683582433411566,16.836408396491933,15.681685322466798,13.847003962297682],[1.3552654824057868,0.04876877484098822,0.02769210983916973,0.019893869935760984,0.01798101193912135,0.013529377533853696,0.011819063491301334,0.010046998756522806,0.008322302497954062,0.007760691038482648,0.007275407938993551,0.006317849471100942,0.005903043453881107,0.005030118917686271,0.004586176462903896,0.004416929506819112,0.0042093503026628095,0.0038929712164645952,0.0036701314274274017,0.0031886100473154416,0.0030769619689929558,0.0028651383326003294,0.002717031292602697,0.0025552847894576253,0.0024586394466478657,0.002163688891958939,0.002030951103936841,0.0018557365237770118,0.001772656859869529,0.001603768413809096,0.001416104300899614,0.0013470679401875634]]","[[0.0030000000000000022,0.003000000000000002,0.0030000000000000014,0.0030000000000000014,0.0030000000000000014,0.003000000000000001,0.003000000000000001,0.003000000000000001,0.003000000000000001,0.003000000000000001,0.003000000000000001,0.0030000000000000005,0.0030000000000000005,0.0030000000000000005,0.003,0.003,0.003,0.003,0.0029999999999999996,0.0029999999999999996,0.002999999999999999,0.002999999999999999,0.002999999999999999,0.002999999999999999,0.0029999999999999988],[0.003000000000000001,0.003000000000000001,0.0030000000000000005,0.003,0.0029999999999999996,0.0029999999999999996,0.0029999999999999996,0.0029999999999999988,0.0029999999999999988,0.0029999999999999988]]",17.5,17.499999999999982,1.0,0.999999999999999,0.9999999999999989,3.730319795271763e-05,0.30861821117573757,0.0021017970976479595,0.01774823934929885,0.0030000000000000022,0.0502552874892745,0.05028265854391094,0.2088967498857528,32,5,2
28,MNISTConvNet,MNIST conv filters=32 kernel=5 stride=2 lr=3e-03,1.0,0.003,Adam,2,4,512,64,2.3024305027137277,7.303742701836313e-05,0.896484375,full_conv_patch_and_classifier_activation,1.802071236661146,1.4042836013778215,1.2738360934104938,2.930001667003157e-05,3.6358441240242775e-05,"[[0.003955549438084509,0.0006091316542287576,0.0004684749571145332,0.00024291533919991432,0.00018612144040219713,0.00015077355771239313,0.00012079331956919178,8.294529012212893e-05,6.731818038174473e-05,5.671025664280594e-05,4.964376365522941e-05,4.128765434096299e-05,3.278746699795522e-05,2.5950371422856214e-05,2.441089384953235e-05,2.110003225012437e-05,1.7669643921808787e-05,1.5170144798195119e-05,1.3144024645341576e-05,1.0388996461486336e-05,7.705266055491406e-06,6.433302234736228e-06,5.388773498662269e-06,4.477989482261096e-06,3.900858712061274e-06],[0.00803982137165497,0.00034254569898694464,0.0002556110827048426,0.00010913014329751943,7.488871200167288e-05,5.3474237579491145e-05,4.6224950783885525e-05,3.160202817413398e-05,2.6683501282359564e-05,4.0635105493858764e-19]]","[[390.1243794248421,193.04540387523517,163.96309140771794,123.32341245819842,96.54659266890104,92.30666111425151,74.51591546017586,61.32373016874431,50.70495561685686,48.894634164401396,45.65101788932086,38.14535327633893,36.03223047951664,30.617834545977644,30.007207647072015,28.47804701598164,26.264510724992817,24.693925469222563,23.34656646393843,21.51265791801151,19.862920821082756,18.683582433411566,16.836408396491933,15.681685322466798,13.847003962297682],[1.4876720752493582,0.05285516824559927,0.025631676527936593,0.01624976965190851,0.0147210015316815,0.013882090742144394,0.011502074765980108,0.009677713509638076,0.00804082338600991,0.007561708741597804,0.0071403103988981085,0.00632122105147571,0.005706678718524436,0.004951404021832549,0.004494427667508878,0.004293378982174624,0.004164214044731965,0.003663969558631089,0.0033612086771207627,0.0031779783634367843,0.0028491908438828474,0.002714563371642887,0.002488748632383238,0.0022092247761197202,0.0021470967927078176,0.0019523639143561094,0.0017443201830362248,0.001680330885418094,0.001637677471183603,0.0013719818847817574,0.0013410799052266573,0.0011276910662641837]]","[[0.014124049645604795,0.004001734863421061,0.0030170633915821963,0.002199638527793556,0.0017839602626596946,0.0014051039367029246,0.0010431384609505363,0.0007513273430971735,0.0006800056369344878,0.00041333641819185207,0.00038074049772299283,0.00028160080067990065,0.00025772920842164404,0.00021672201892765965,0.00018954317899832278,0.00017853402149276874,0.00013382794823337704,8.125236834791939e-05,6.821918535808353e-05,6.31019916152141e-05,5.186544833111435e-05,4.413000063239905e-05,3.166201490215595e-05,2.435398599184749e-05,1.5226910513143609e-05],[0.007919362051775267,0.0028867749366093156,0.001828860562223258,0.0014889782304323897,0.0009455783670216771,0.0007954176133566003,0.0004526500982286269,0.0003306536604629604,0.0002180940556543692,0.00017359832809953478]]",3.9309086143384233,1.2209249200187045,0.26815934951055137,0.08640153304910739,0.3121691759905988,7.157373489840511e-05,0.446818046014535,0.004027217815248446,0.01777250155861997,0.014124049645604795,0.05020068782373524,0.04922619742270323,0.23578258394263685,32,5,2
29,MNISTConvNet,MNIST conv filters=32 kernel=5 stride=2 lr=3e-03,1.0,0.003,Muon,2,4,512,64,2.3025418902409878,4.438281189900195e-05,0.90234375,full_conv_patch_and_classifier_activation,1.884126074859579,1.4044566148624273,1.3260711623739492,2.9571040164025394e-05,3.7615683872612915e-05,"[[0.003950926060177132,0.0005782604488927276,0.0005247539048461328,0.00030996015047930433,0.0002065107987499476,0.00016485061720142636,0.00012523031724372195,9.124206635102501e-05,7.479398258701905e-05,6.606547286986638e-05,5.2916291909856265e-05,4.2320930331616264e-05,3.713521241109111e-05,3.053411129963642e-05,2.824951565828409e-05,2.1447978190717378e-05,1.9710703535802013e-05,1.722574341017806e-05,1.2444343619382046e-05,1.1894385878042876e-05,8.564150832960457e-06,8.391316630891204e-06,7.138330360626968e-06,5.855839870684997e-06,3.387292383394552e-06],[0.00741235195769832,0.00029974918467184404,0.0002912821945269013,0.00013191227480218614,7.935507454967755e-05,6.831191521654668e-05,5.084403641418144e-05,2.8481997365719832e-05,2.3911987287969842e-05,3.870637423675995e-19]]","[[390.1243794248421,193.04540387523517,163.96309140771794,123.32341245819842,96.54659266890104,92.30666111425151,74.51591546017586,61.32373016874431,50.70495561685686,48.894634164401396,45.65101788932086,38.14535327633893,36.03223047951664,30.617834545977644,30.007207647072015,28.47804701598164,26.264510724992817,24.693925469222563,23.34656646393843,21.51265791801151,19.862920821082756,18.683582433411566,16.836408396491933,15.681685322466798,13.847003962297682],[1.3656525115985776,0.047869157431679306,0.028563586607897144,0.019813932512248025,0.017490825681168144,0.013616295774207188,0.011567004797641835,0.010179382340166564,0.007849466191946033,0.007804950416322979,0.007253307226122374,0.006202302312263077,0.005776015709716209,0.004909174769391913,0.004667265332487826,0.004468270808370636,0.003987895990238804,0.0038909991610263667,0.0037414330406383223,0.0031103145321104133,0.00300852488352399,0.002924783997177995,0.0027001338206790455,0.0025596233651974613,0.0024843790548828007,0.002252050700271397,0.002068626212554443,0.0018704158234856651,0.0017655780013744894,0.0015485640672782664,0.001402130215606381,0.0013080408497710676]]","[[0.003000000000000001,0.0030000000000000005,0.0030000000000000005,0.0030000000000000005,0.0030000000000000005,0.0030000000000000005,0.003,0.003,0.003,0.003,0.003,0.003,0.0029999999999999996,0.0029999999999999996,0.0029999999999999996,0.0029999999999999988,0.0029999999999999988,0.0029999999999999988,0.0029999999999999988,0.0029999999999999988,0.0029999999999999988,0.0029999999999999988,0.0029999999999999983,0.0029999999999999983,0.0029999999999999975],[0.003000000000000003,0.0030000000000000022,0.003000000000000001,0.003000000000000001,0.003000000000000001,0.0029999999999999996,0.0029999999999999996,0.0029999999999999996,0.0029999999999999996,0.002999999999999998]]",17.5,17.49999999999998,1.0,0.9999999999999987,0.9999999999999987,4.435803176476444e-05,0.2954097125483965,0.0024992919518248904,0.01774823934929885,0.003000000000000003,0.050200687823735234,0.050189588521632536,0.2610264169052243,32,5,2
28,MNISTConvNet,MNIST conv filters=32 kernel=5 stride=2 lr=3e-03,1.0,0.003,Adam,2,5,512,64,2.3022963170164266,,0.896484375,full_conv_patch_and_classifier_activation,1.7952036087999406,1.40412893742044,1.2887549814302997,2.5454685045775596e-05,3.3714386535359624e-05,"[[0.005091064113220466,0.0007191885538809132,0.0005848966031652574,0.0003446793917960645,0.00025615549285504214,0.00015700189938780445,0.0001258835328617507,9.094154898586897e-05,8.132778667095688e-05,6.838060893572145e-05,6.197251717016769e-05,4.451812256048078e-05,3.589679066068877e-05,3.0393618648463714e-05,2.660509712230802e-05,2.287764508439041e-05,2.168230340421973e-05,1.6310105147581503e-05,1.2691120304771917e-05,9.560699822133926e-06,5.855439975707171e-06,4.601947501796856e-06,4.1975130073605086e-06,3.0233627801729254e-06,2.6279525482565026e-06],[0.008101531035159084,0.0004851379496624303,0.00031522467528214933,0.00014978372996362366,9.109935472781435e-05,7.38527426932625e-05,6.061491721411842e-05,5.2241560789390934e-05,2.969870471937922e-05,4.68742893133825e-19]]","[[390.1243794248421,193.04540387523517,163.96309140771794,123.32341245819842,96.54659266890104,92.30666111425151,74.51591546017586,61.32373016874431,50.70495561685686,48.894634164401396,45.65101788932086,38.14535327633893,36.03223047951664,30.617834545977644,30.007207647072015,28.47804701598164,26.264510724992817,24.693925469222563,23.34656646393843,21.51265791801151,19.862920821082756,18.683582433411566,16.836408396491933,15.681685322466798,13.847003962297682],[1.610394952759958,0.05320220643099377,0.025701859898442207,0.0162008681523891,0.014775313803337332,0.013938513021460971,0.0111632034078164,0.009993470551421035,0.008146769935025715,0.007567758353493736,0.0063481861145390705,0.0060559978566070115,0.005428959361631836,0.0046853259712609525,0.004538012611790599,0.004094047654668745,0.003988935814760243,0.00356721734351486,0.0032268078442885544,0.0031858940729012114,0.0027312779582459677,0.002559129986217582,0.0024706650817759297,0.0021551766768745763,0.0020481693242759094,0.0020068530613084235,0.0017745306640182226,0.0017275313808898579,0.0015635472747993178,0.0013387668532349479,0.0012141008909444752,0.0007654449452388463]]",,,,,,,,,,,,,,0.2866953748743981,32,5,2
29,MNISTConvNet,MNIST conv filters=32 kernel=5 stride=2 lr=3e-03,1.0,0.003,Muon,2,5,512,64,2.3024905765353325,,0.90234375,full_conv_patch_and_classifier_activation,1.9367020553649987,1.404439433014601,1.3819686991103541,2.5598377333020835e-05,3.5642931334218386e-05,"[[0.004614577846252914,0.0007643460591111983,0.0005219394797803536,0.00042933152190168336,0.00024638060956135,0.00014705108117327002,0.00014265808503729067,0.00010514066619151825,8.774262562378603e-05,7.571231092021805e-05,6.664676975698328e-05,4.586464188088003e-05,3.732032239454628e-05,3.160709054812818e-05,3.026289574617725e-05,2.2441746903635712e-05,2.169870589978736e-05,1.550286156736893e-05,1.351305027024756e-05,1.287829842584914e-05,9.138197176470628e-06,7.210221523982307e-06,5.126306910792862e-06,4.724194980603938e-06,3.184375163547597e-06],[0.006945766914592462,0.00044151542913683004,0.00034681509647967635,0.00017056240169534867,0.00010404609704161772,9.082237877574546e-05,6.111218557379539e-05,5.347670324225614e-05,2.3394875767754272e-05,2.677442003372241e-19]]","[[390.1243794248421,193.04540387523517,163.96309140771794,123.32341245819842,96.54659266890104,92.30666111425151,74.51591546017586,61.32373016874431,50.70495561685686,48.894634164401396,45.65101788932086,38.14535327633893,36.03223047951664,30.617834545977644,30.007207647072015,28.47804701598164,26.264510724992817,24.693925469222563,23.34656646393843,21.51265791801151,19.862920821082756,18.683582433411566,16.836408396491933,15.681685322466798,13.847003962297682],[1.3780869368335076,0.04733499695500765,0.029469988949971045,0.020060637853324036,0.0177136987655621,0.013773517328161653,0.011448673238493459,0.010184401452693297,0.007903587625005811,0.007678653561695858,0.007222016266240406,0.00612685287419484,0.005751133549972519,0.004978106071005102,0.004657676892646815,0.004518664390084028,0.0039520235065846005,0.003909828163434742,0.0037134226081694966,0.003180355970974727,0.003051370321504757,0.0029730739242193253,0.0027380240940433217,0.002603397713509641,0.0024090623532217886,0.0023438440418762185,0.0020184948998359814,0.0018497256374407996,0.001656041716889693,0.0015393843585988596,0.0014189906133387194,0.0013215176193143619]]",,,,,,,,,,,,,,0.3112186249345541,32,5,2
30,MNISTConvNet,MNIST conv filters=32 kernel=5 stride=2 lr=1e-02,1.0,0.01,Adam,0,0,512,64,2.3026756493676657,0.0002268134640499575,0.9140625,full_conv_patch_and_classifier_activation,2.1910711243199072,1.391031060803822,1.5420127919487845,3.596724530521592e-05,5.111181882773813e-05,"[[0.0039783867627349616,0.0009153982098809607,0.0005437203547508226,0.0004541272692116203,0.0002578984207778912,0.00018883901237166402,0.00013441564017628598,0.00011479288221450041,8.68984968514906e-05,8.419570550628229e-05,7.696142502792507e-05,5.895322121556083e-05,4.599780799962247e-05,3.6547619523396546e-05,2.9374815642446907e-05,2.716835936748363e-05,2.278441291734025e-05,2.1078775799853246e-05,1.6393356488958423e-05,1.4478871944710981e-05,1.1293008245918444e-05,8.680526396333042e-06,7.429374778135513e-06,5.73159551185653e-06,5.044353570014067e-06],[0.004245464819903197,0.0003066924448935938,0.00017032356301975772,0.0001182591794777784,9.41917806195885e-05,6.552932075037963e-05,4.439062394144599e-05,3.696856695248218e-05,2.611988862434699e-05,2.5280055672918187e-19]]","[[401.1183156996585,197.39960275709623,164.19580520093004,125.04709348138175,95.81303941858663,91.20839259366029,74.89031449434101,59.91562082222036,49.28389336291671,48.21043120462586,45.75160259396352,37.706046923031636,35.21959976949825,30.123676491125735,29.954925951450672,29.01564349947877,26.2093158304301,24.392547769597073,23.50068906609841,21.883484860449574,19.859758304504684,18.874098114494824,17.102630977222926,15.881887439576131,13.960438301928791],[0.71092314450557,0.05260251351833406,0.030328896717035994,0.02038468926641397,0.014908497443638632,0.012314012866603868,0.009870693046594523,0.00839085657225478,0.007748674493773325,0.006747517149617977,0.006603754681379792,0.0062414733609441175,0.0057566044816783875,0.005011972332645979,0.004762921642685307,0.0042226597865598825,0.0040691347499854985,0.0038810029850225537,0.0036881733797194173,0.0034354578999121286,0.0032324361904137134,0.0030680823727701925,0.002842385716790562,0.002741317250505716,0.0026943403431330818,0.0025376353785809404,0.002314375600882731,0.002180146707412455,0.0020702555086353366,0.0019865872994108786,0.001887745251699889,0.0009964777287127516]]","[[0.04476135294378099,0.011832074894676527,0.0091247476355615,0.00873911675918484,0.008124384059192028,0.005391372616050586,0.004843337962681769,0.004630931270952031,0.003989001732508732,0.0035061486003869734,0.003257411627645415,0.002949452967533965,0.0025423836379804576,0.0013457532316247548,1.6884271330765242e-06,1.0676412052510689e-06,6.360473718516944e-07,4.432800983705598e-07,3.714160475909327e-07,2.702927962699235e-07,2.0832453837797723e-07,1.277950647914083e-07,9.580504180041316e-08,6.298239900990455e-08,2.8857921544215457e-08],[0.030503706856158483,0.005924510024097196,0.0038067004950352555,0.003533493809212871,0.002910542639361596,1.9652456353882544e-05,3.55108998947986e-06,5.209384345975398e-07,1.81534443001893e-07,1.1546321399439747e-07]]",3.737506985802254,1.161537703223555,0.21486836940049958,0.07873608631627305,0.36462080980285105,0.00022504169149777502,0.6383435818147487,0.003803898861212935,0.05916079783099617,0.04476135294378099,0.17610511009604762,0.17748352627256134,0.024985832860693336,32,5,2
31,MNISTConvNet,MNIST conv filters=32 kernel=5 stride=2 lr=1e-02,1.0,0.01,Muon,0,0,512,64,2.3026756493676657,0.00011218305532967321,0.9140625,full_conv_patch_and_classifier_activation,2.1910711243199072,1.391031060803822,1.5420127919487845,3.596724530521592e-05,5.111181882773813e-05,"[[0.0039783867627349616,0.0009153982098809607,0.0005437203547508226,0.0004541272692116203,0.0002578984207778912,0.00018883901237166402,0.00013441564017628598,0.00011479288221450041,8.68984968514906e-05,8.419570550628229e-05,7.696142502792507e-05,5.895322121556083e-05,4.599780799962247e-05,3.6547619523396546e-05,2.9374815642446907e-05,2.716835936748363e-05,2.278441291734025e-05,2.1078775799853246e-05,1.6393356488958423e-05,1.4478871944710981e-05,1.1293008245918444e-05,8.680526396333042e-06,7.429374778135513e-06,5.73159551185653e-06,5.044353570014067e-06],[0.004245464819903197,0.0003066924448935938,0.00017032356301975772,0.0001182591794777784,9.41917806195885e-05,6.552932075037963e-05,4.439062394144599e-05,3.696856695248218e-05,2.611988862434699e-05,2.5280055672918187e-19]]","[[401.1183156996585,197.39960275709623,164.19580520093004,125.04709348138175,95.81303941858663,91.20839259366029,74.89031449434101,59.91562082222036,49.28389336291671,48.21043120462586,45.75160259396352,37.706046923031636,35.21959976949825,30.123676491125735,29.954925951450672,29.01564349947877,26.2093158304301,24.392547769597073,23.50068906609841,21.883484860449574,19.859758304504684,18.874098114494824,17.102630977222926,15.881887439576131,13.960438301928791],[0.71092314450557,0.05260251351833406,0.030328896717035994,0.02038468926641397,0.014908497443638632,0.012314012866603868,0.009870693046594523,0.00839085657225478,0.007748674493773325,0.006747517149617977,0.006603754681379792,0.0062414733609441175,0.0057566044816783875,0.005011972332645979,0.004762921642685307,0.0042226597865598825,0.0040691347499854985,0.0038810029850225537,0.0036881733797194173,0.0034354578999121286,0.0032324361904137134,0.0030680823727701925,0.002842385716790562,0.002741317250505716,0.0026943403431330818,0.0025376353785809404,0.002314375600882731,0.002180146707412455,0.0020702555086353366,0.0019865872994108786,0.001887745251699889,0.0009964777287127516]]","[[0.010000000000000005,0.010000000000000004,0.010000000000000004,0.010000000000000004,0.010000000000000002,0.010000000000000002,0.010000000000000002,0.010000000000000002,0.01,0.01,0.01,0.01,0.01,0.01,0.009999999999999998,0.009999999999999998,0.009999999999999998,0.009999999999999998,0.009999999999999998,0.009999999999999998,0.009999999999999998,0.009999999999999998,0.009999999999999998,0.009999999999999997,0.009999999999999997],[0.010000000000000002,0.010000000000000002,0.009999999999999998,0.009999999999999998,0.009999999999999998,0.009999999999999998,0.009999999999999998,0.009999999999999998,0.009999999999999995,0.009999999999999992]]",17.5,17.499999999999982,1.0,0.999999999999999,0.999999999999999,0.000122545304670886,0.3476067398780926,0.0020713937127920332,0.05916079783099617,0.010000000000000005,0.17610511009604762,0.1774552009882265,0.049846624955534935,32,5,2
30,MNISTConvNet,MNIST conv filters=32 kernel=5 stride=2 lr=1e-02,1.0,0.01,Adam,0,1,512,64,2.3024409691746666,0.00036763772205672396,0.9140625,full_conv_patch_and_classifier_activation,1.7931476354325984,1.3890597373611795,1.3008359994134724,3.839818703747398e-05,5.133242729189144e-05,"[[0.005514526155069537,0.0008534446351424016,0.0006011574708848097,0.000443639115972894,0.00020249674975362624,0.00014270703265647458,0.00012728423386547985,0.0001073193568757952,7.789301831615113e-05,6.394519687816858e-05,5.2246147831236606e-05,4.577718969647888e-05,3.527888127257545e-05,3.1233200701404264e-05,2.793832756809475e-05,2.3663330097837496e-05,2.000784033760262e-05,1.4757240209479045e-05,1.3027591888609858e-05,1.1638278849024354e-05,1.069300758586706e-05,8.13988091843316e-06,7.300569777013632e-06,4.11147919657203e-06,2.911079047068815e-06],[0.005422914359029439,0.00034842941561873277,0.0001462216829604884,9.879335417672438e-05,8.506644860008209e-05,6.832703279093076e-05,5.708319665315479e-05,4.9878349573745614e-05,3.0641022924442116e-05,3.688933497270724e-19]]","[[401.1183156996585,197.39960275709623,164.19580520093004,125.04709348138175,95.81303941858663,91.20839259366029,74.89031449434101,59.91562082222036,49.28389336291671,48.21043120462586,45.75160259396352,37.706046923031636,35.21959976949825,30.123676491125735,29.954925951450672,29.01564349947877,26.2093158304301,24.392547769597073,23.50068906609841,21.883484860449574,19.859758304504684,18.874098114494824,17.102630977222926,15.881887439576131,13.960438301928791],[0.877684617691339,0.05201010835616722,0.028775252142572257,0.016534491064367145,0.013369613603657595,0.011196548942585887,0.009865450489234675,0.00831048984352044,0.00810382794172599,0.0072524230008301546,0.006700651694234667,0.0057782640073381535,0.005319460583353557,0.004724908234713208,0.00449673337043574,0.004208867536775212,0.003793917026315327,0.0036216576873973855,0.003531994529052052,0.0033204026438640928,0.0032406410683253097,0.0029726798342975076,0.002744751329749936,0.002657235001296808,0.0024676908622648383,0.0022357961800517517,0.002155962964216409,0.0019481970419180166,0.001860925263831053,0.0017516927863056473,0.0014253953926882583,0.0004621141262164404]]","[[0.04723935633979287,0.01235568736917987,0.00852322650726725,0.005732551280550524,0.005070524301130426,0.004505705715303328,0.0041368196155880605,0.0036811769382571725,0.0026441955475761665,0.0015552745780562213,0.0010669569836608678,0.0006747576000704221,0.0006127614429719155,0.0005924739391191408,0.0004008856401722444,0.00035366581173768794,0.00030584652418483613,0.00018047916604998663,0.00016224234286770119,0.0001242814222147221,0.0001088684581767434,0.00010179272103443184,5.4550976158643126e-05,4.052365405045795e-05,3.251669150104064e-05],[0.030096274161942216,0.00776460632282611,0.006048307265539976,0.0017830750187794462,0.0012300046099612916,0.0010951698789620485,0.0006899999956898648,0.0005135037529242752,0.0004312131224969687,0.00022430900267323878]]",3.181104634480518,1.135026169740474,0.2011699224330187,0.07883692042927498,0.37436434057794266,0.00030051754240687726,0.6403327154556626,0.005016896298914963,0.05990108714662333,0.04723935633979287,0.1754450361930485,0.1767092539899083,0.07685120799578726,32,5,2
31,MNISTConvNet,MNIST conv filters=32 kernel=5 stride=2 lr=1e-02,1.0,0.01,Muon,0,1,512,64,2.3025662284594985,0.00012612808272960407,0.923828125,full_conv_patch_and_classifier_activation,2.1186627157102063,1.3915639221772085,1.5203057233267185,3.782658584874326e-05,5.720375082787378e-05,"[[0.004378560021836784,0.0009694640621302748,0.0006096191711036879,0.00046512692408126377,0.00021323381235717034,0.00014144267762422185,0.00011587308180555118,0.00010589157199395342,8.850563943479161e-05,6.812313258542087e-05,6.344286413723439e-05,4.973038993622209e-05,4.682619382176879e-05,3.6862619344671855e-05,2.437262991315414e-05,2.323345328434716e-05,2.2407765665993563e-05,1.830740177444727e-05,1.45366794032177e-05,1.3179955935863047e-05,1.1526484617892407e-05,1.0607495462706822e-05,7.84943449582953e-06,6.003027396635641e-06,3.4963772592081036e-06],[0.0039899823842358875,0.00036390674809722555,0.0001559061835321534,0.000128166992774627,0.00010672972640324394,7.466212863668863e-05,5.868981429867974e-05,5.5156791773371326e-05,3.106793931899209e-05,1.3939325786824853e-19]]","[[401.1183156996585,197.39960275709623,164.19580520093004,125.04709348138175,95.81303941858663,91.20839259366029,74.89031449434101,59.91562082222036,49.28389336291671,48.21043120462586,45.75160259396352,37.706046923031636,35.21959976949825,30.123676491125735,29.954925951450672,29.01564349947877,26.2093158304301,24.392547769597073,23.50068906609841,21.883484860449574,19.859758304504684,18.874098114494824,17.102630977222926,15.881887439576131,13.960438301928791],[0.6527569904560231,0.050229960342201764,0.029552429028143496,0.018520104076745553,0.014141730458846263,0.012271350287202793,0.009991450552119722,0.009402814746507112,0.008259524403238672,0.0072810467789423735,0.007092595960055033,0.00621790744989029,0.005798951314900405,0.0053028697843791935,0.00452047622144859,0.004338664208697815,0.004097651664927247,0.0038266518319762027,0.003609067626873347,0.0035005275340460537,0.0033487681892495225,0.0030484625766500715,0.002972347438254726,0.002798109723664113,0.002656641141154106,0.0025234016156472244,0.0024830408910148445,0.0023249824891553874,0.002135809102364344,0.0018220576838548763,0.0017520897316402853,0.0009126354577722159]]","[[0.010000000000000005,0.010000000000000005,0.010000000000000005,0.010000000000000005,0.010000000000000004,0.010000000000000004,0.010000000000000004,0.010000000000000002,0.010000000000000002,0.010000000000000002,0.010000000000000002,0.010000000000000002,0.010000000000000002,0.010000000000000002,0.010000000000000002,0.01,0.01,0.01,0.01,0.009999999999999998,0.009999999999999998,0.009999999999999998,0.009999999999999998,0.009999999999999998,0.009999999999999997],[0.010000000000000009,0.010000000000000004,0.010000000000000004,0.010000000000000002,0.010000000000000002,0.010000000000000002,0.009999999999999998,0.009999999999999997,0.009999999999999997,0.009999999999999993]]",17.500000000000004,17.49999999999998,1.0,0.9999999999999987,0.9999999999999986,0.00012472491576473183,0.34690835163206224,0.0021082358645843785,0.05916079783099617,0.010000000000000009,0.1754450361930484,0.17745387571406285,0.10197125002741814,32,5,2
30,MNISTConvNet,MNIST conv filters=32 kernel=5 stride=2 lr=1e-02,1.0,0.01,Adam,0,2,512,64,2.3026257661649026,0.00019088172881609466,0.9140625,full_conv_patch_and_classifier_activation,2.0216229824983403,1.3869719256346587,1.4130216127708508,3.135159109012097e-05,3.9268836667703425e-05,"[[0.002647577931396594,0.0005621438604968969,0.0002400030945101793,0.0002217835967731194,0.00017727418684934808,0.00015217061555342822,0.00010412043318004306,9.423038139742105e-05,6.590264025290308e-05,4.69291026089166e-05,4.469564682474551e-05,4.357070767965029e-05,3.341002177212645e-05,2.870536629293892e-05,2.3461071363836476e-05,1.735129782151622e-05,1.4937685362640092e-05,1.2038472501395358e-05,1.1826646725240332e-05,1.0308448154534206e-05,8.667132297092388e-06,6.9816656397619485e-06,4.901807305232323e-06,3.670602753690006e-06,2.6964050992429105e-06],[0.008056473834357649,0.00040514142676146496,0.0002747308509209831,9.623913049251391e-05,7.862171744217231e-05,5.438622314080954e-05,3.219121778010329e-05,2.6950678126150164e-05,1.8388011320262487e-05,7.99803336190035e-19]]","[[401.1183156996585,197.39960275709623,164.19580520093004,125.04709348138175,95.81303941858663,91.20839259366029,74.89031449434101,59.91562082222036,49.28389336291671,48.21043120462586,45.75160259396352,37.706046923031636,35.21959976949825,30.123676491125735,29.954925951450672,29.01564349947877,26.2093158304301,24.392547769597073,23.50068906609841,21.883484860449574,19.859758304504684,18.874098114494824,17.102630977222926,15.881887439576131,13.960438301928791],[1.4417302994862382,0.04485879074530225,0.02994220922878058,0.01676803214449936,0.013860194558390654,0.011186419105900148,0.009772929278323968,0.008132367628479346,0.007343866672686673,0.006190842832266164,0.00517768654500249,0.005001420437297757,0.004558801943255409,0.003940314821808193,0.003610660048444448,0.0034224504649746053,0.003147632028250963,0.0029528303399997814,0.0025286779813107545,0.002413165936334659,0.002254644223835699,0.0021378314589696247,0.0020041974661243645,0.0019213679735927034,0.0017654956737861661,0.0016387317772242386,0.0015976695520936405,0.0014318664335417385,0.0012581873520191825,0.0010961096503973474,0.0006872278894778538,0.00037808922941827135]]","[[0.04904692327713174,0.0123627007195252,0.008770049808106941,0.008515104934273123,0.0048365825032184225,0.004606711241825127,0.003918492424529525,0.0025518389306591143,0.0018714165505668145,0.0017943233201418434,0.0012563862675286014,0.0009363902886186751,0.000717268245580124,0.0006904473434117091,0.0006090495638653931,0.00036808041230120984,0.0003039186346145164,0.0002619178912455358,0.00017936313627769227,0.0001679326710048627,0.00013860947148754805,9.511581580650617e-05,7.218198528903072e-05,5.1896522825440506e-05,3.6826479531052625e-05],[0.023905559149007494,0.015386919960193092,0.005801005960682752,0.004264991555523435,0.0026090059026390635,0.0024243031366731407,0.0015516007195127738,0.0011344038932333744,0.0007016973735153233,0.0004932057015749777]]",3.8831643210145566,1.3463910930671417,0.2714602706347689,0.09990426434065816,0.3468791522198516,0.00015626620933481645,0.30286436635893554,0.002582132706822231,0.0605182719392953,0.04904692327713174,0.17051280151581769,0.1674713630023976,0.12831275002099574,32,5,2
31,MNISTConvNet,MNIST conv filters=32 kernel=5 stride=2 lr=1e-02,1.0,0.01,Muon,0,2,512,64,2.3025554285359626,0.00010838631187981562,0.9140625,full_conv_patch_and_classifier_activation,2.5380700574345005,1.391191871482219,1.7832246430475949,3.122385339945946e-05,5.098462317248844e-05,"[[0.0027418349617586496,0.00047219187946772234,0.00041079912785724107,0.0003631798270131786,0.0002908313979347248,0.00022716003231577594,0.00014232375544852017,0.00013305456944876984,8.843661027096216e-05,8.19755067855177e-05,6.616487610120344e-05,6.337422995178135e-05,4.2095049168931767e-05,3.7475729630271535e-05,3.208165359344723e-05,2.139328288270348e-05,1.9922043745100065e-05,1.8838228415458414e-05,1.4789095429978444e-05,1.2763002762637114e-05,1.1018099885418904e-05,7.70461395564304e-06,6.843399192280855e-06,4.692161954358286e-06,4.000727303095559e-06],[0.00400614616276294,0.00042342187527622666,0.0003182652415671786,0.00012801478982432337,0.00010953100664694533,8.248098344796546e-05,6.609705144626938e-05,3.839325539073761e-05,2.463982292451916e-05,2.752279584548276e-19]]","[[401.1183156996585,197.39960275709623,164.19580520093004,125.04709348138175,95.81303941858663,91.20839259366029,74.89031449434101,59.91562082222036,49.28389336291671,48.21043120462586,45.75160259396352,37.706046923031636,35.21959976949825,30.123676491125735,29.954925951450672,29.01564349947877,26.2093158304301,24.392547769597073,23.50068906609841,21.883484860449574,19.859758304504684,18.874098114494824,17.102630977222926,15.881887439576131,13.960438301928791],[0.7241029768924829,0.05426174533299193,0.03370672709266462,0.017380597967185166,0.013262393025998291,0.01262331369828411,0.011063482694334234,0.010777816735627319,0.008864746700679866,0.008134554144991132,0.0070942123676109225,0.006266987408249818,0.0057269186296221835,0.005189015794814673,0.0045604345764339235,0.004347655440963574,0.0040877188485192156,0.00393892159414497,0.0037940543028819186,0.0035810456972969087,0.003288367622625654,0.0029995359185755075,0.0029707546220011038,0.0027344298464918155,0.002702748091926988,0.00249508871608071,0.0021842619660053754,0.002054062138049387,0.0018887123903607768,0.0017196958531351023,0.0015634989963932546,0.000962379934392434]]","[[0.010000000000000009,0.010000000000000005,0.010000000000000005,0.010000000000000004,0.010000000000000004,0.010000000000000004,0.010000000000000004,0.010000000000000004,0.010000000000000004,0.010000000000000004,0.010000000000000004,0.010000000000000002,0.010000000000000002,0.010000000000000002,0.010000000000000002,0.010000000000000002,0.010000000000000002,0.010000000000000002,0.010000000000000002,0.009999999999999998,0.009999999999999998,0.009999999999999998,0.009999999999999997,0.009999999999999995,0.009999999999999995],[0.010000000000000005,0.010000000000000004,0.010000000000000004,0.010000000000000002,0.010000000000000002,0.01,0.01,0.01,0.01,0.01]]",17.5,17.49999999999998,1.0,0.9999999999999989,0.9999999999999989,0.00010511934051560479,0.358130435284043,0.0017768411578203817,0.05916079783099618,0.010000000000000009,0.1705128015158176,0.17218920087870437,0.15288862492889166,32,5,2
30,MNISTConvNet,MNIST conv filters=32 kernel=5 stride=2 lr=1e-02,1.0,0.01,Adam,0,3,512,64,2.302584883516378,0.00011043325095361212,0.9140625,full_conv_patch_and_classifier_activation,2.007519751777837,1.3864001122345826,1.4174749388322971,1.3670079939347669e-05,1.7876453333417293e-05,"[[0.0019399571542084047,0.00028853778939156053,0.0002076884642855179,0.00017163737587420108,0.00011446250391397125,0.00010316595861334791,7.498160842033615e-05,5.8188719088214625e-05,5.315872784092265e-05,4.887978202417411e-05,4.6105846997792595e-05,3.4354796929994364e-05,2.3941930782133876e-05,2.0267790952561504e-05,1.5221156944056062e-05,1.4443988909610718e-05,1.2562701521725089e-05,1.1986922131528363e-05,8.48353645852806e-06,7.932988130829245e-06,5.449300581587662e-06,4.446412890826624e-06,3.630439975898993e-06,3.4351767272952512e-06,1.8165652218994019e-06],[0.007498833451456466,0.00048821550149877156,0.0002961060934483144,0.00011160912109690641,7.084519458727951e-05,5.966136745129907e-05,3.6849062538438735e-05,3.025555035135571e-05,1.2747205586757684e-05,8.518331076349389e-19]]","[[401.1183156996585,197.39960275709623,164.19580520093004,125.04709348138175,95.81303941858663,91.20839259366029,74.89031449434101,59.91562082222036,49.28389336291671,48.21043120462586,45.75160259396352,37.706046923031636,35.21959976949825,30.123676491125735,29.954925951450672,29.01564349947877,26.2093158304301,24.392547769597073,23.50068906609841,21.883484860449574,19.859758304504684,18.874098114494824,17.102630977222926,15.881887439576131,13.960438301928791],[2.0344828762783695,0.035685687062459774,0.03337942102011896,0.014528285002502573,0.011739019872698778,0.009079831284646168,0.008228257325059779,0.007122114737111308,0.006021559406373345,0.005462677523027232,0.004630408810841846,0.004245806173134465,0.003706004550530647,0.0028452770434580455,0.0027379619145769213,0.002339067643812843,0.0022230344618341708,0.0019076080006318007,0.0017701724478734356,0.001591770587580936,0.001570029641167244,0.0014932210245311203,0.001285288758477188,0.0011793703728379212,0.0011031369272663592,0.0009233429080296459,0.0008818884158547051,0.0008346024719040192,0.0007363307138113332,0.00051126858244312,0.0003801913988983191,0.00025924498089834475]]","[[0.04974491593672205,0.014713069989968538,0.010766290335825162,0.009370508035690662,0.00579526938417692,0.004594107332866521,0.003685284232804737,0.002847651870917136,0.0022746464150815403,0.0019530501019074842,0.0015650549894589423,0.0012591791989030603,0.0008856514710809222,0.0007643230822118593,0.0006309526078796929,0.0005061117999654953,0.00039633816702264624,0.00036657332864898544,0.00031305151876926784,0.00022379680397235897,0.00017586008187888785,0.0001502981349559295,0.00013907161923725587,8.140106672392126e-05,6.303577111974973e-05],[0.022447530918215986,0.013606220581097193,0.00898204449347348,0.006631387654487873,0.0043722078355141695,0.003113233684588707,0.0019840952934134636,0.0017279982011107517,0.001233124223834108,0.0008467624928211436]]",4.623975772526718,1.4485466257420891,0.3335356168504122,0.10864573900204218,0.3111271193506742,9.07388431746015e-05,0.18822789736991433,0.0014646078068479788,0.06195436262891631,0.04974491593672205,0.16599965748386264,0.16227267144724394,0.18011766695417464,32,5,2
31,MNISTConvNet,MNIST conv filters=32 kernel=5 stride=2 lr=1e-02,1.0,0.01,Muon,0,3,512,64,2.302577800945306,8.597067175664108e-05,0.892578125,full_conv_patch_and_classifier_activation,3.1161016819055067,1.390890753864284,2.1890738969527,1.5333807658216216e-05,3.0696923206215406e-05,"[[0.0018989852294545504,0.0005728244475053392,0.00042678654575367263,0.0003474906843519193,0.00019133897656106966,0.00013549770665304402,0.00013176066254620345,9.114064787554706e-05,7.691927164796217e-05,5.876352440948396e-05,5.7469963589576296e-05,5.3900000155767166e-05,4.816042341254665e-05,3.7603518860143976e-05,2.8521209608888857e-05,2.2105857741369423e-05,2.0352214849363812e-05,1.7156698367818734e-05,1.2166590000589812e-05,1.1027988232222282e-05,9.742549162021373e-06,9.231934846480463e-06,8.844375768363718e-06,4.3000971088544206e-06,2.6703081567133475e-06],[0.003040327640718357,0.0005960085334010143,0.00035467045746513984,0.00015639500283410376,0.00010065842504727586,7.594747438526112e-05,5.76824228031781e-05,3.903713635564189e-05,2.334037788681589e-05,2.895198655176805e-19]]","[[401.1183156996585,197.39960275709623,164.19580520093004,125.04709348138175,95.81303941858663,91.20839259366029,74.89031449434101,59.91562082222036,49.28389336291671,48.21043120462586,45.75160259396352,37.706046923031636,35.21959976949825,30.123676491125735,29.954925951450672,29.01564349947877,26.2093158304301,24.392547769597073,23.50068906609841,21.883484860449574,19.859758304504684,18.874098114494824,17.102630977222926,15.881887439576131,13.960438301928791],[0.7982350051046757,0.05476742575258538,0.04157571541604316,0.017617419300305887,0.014668504591708858,0.013477197299553604,0.01237685759295035,0.010359189037760608,0.009975534897999737,0.007941764692848166,0.007640498092042643,0.006974952787142851,0.005975818300966617,0.00535827179026678,0.0049531757065109224,0.0043818921409006055,0.004212997743677623,0.0040284730817683806,0.003707287988462924,0.0034139180900199257,0.003125278057249301,0.0029922383323430384,0.0028408648679605765,0.0027117718983430206,0.0025884795123147235,0.002511938807532965,0.0023606314132887064,0.002244569864161622,0.00209597881606113,0.0017931788808541822,0.001301102850015602,0.0008196260125463861]]","[[0.010000000000000002,0.010000000000000002,0.010000000000000002,0.010000000000000002,0.010000000000000002,0.010000000000000002,0.010000000000000002,0.010000000000000002,0.010000000000000002,0.010000000000000002,0.009999999999999998,0.009999999999999998,0.009999999999999998,0.009999999999999998,0.009999999999999998,0.009999999999999998,0.009999999999999998,0.009999999999999998,0.009999999999999998,0.009999999999999998,0.009999999999999998,0.009999999999999997,0.009999999999999997,0.009999999999999997,0.009999999999999997],[0.010000000000000002,0.01,0.009999999999999997,0.009999999999999997,0.009999999999999997,0.009999999999999997,0.009999999999999995,0.009999999999999995,0.009999999999999995,0.009999999999999995]]",17.5,17.499999999999986,1.0,0.9999999999999991,0.9999999999999991,8.7188288975163e-05,0.3923375680030553,0.0014737510677971686,0.05916079783099616,0.010000000000000002,0.16599965748386267,0.16690447662818575,0.2049564579501748,32,5,2
30,MNISTConvNet,MNIST conv filters=32 kernel=5 stride=2 lr=1e-02,1.0,0.01,Adam,0,4,512,64,2.302051084533085,0.0004566887470529579,0.9140625,full_conv_patch_and_classifier_activation,1.3724394118914014,1.386256903359428,1.0383974277058035,1.3874517418339812e-05,1.681842906029117e-05,"[[0.005097245284888694,0.00036548486465924927,0.00018474394940817693,0.00015047735337487332,9.874942741839138e-05,9.257632179960197e-05,6.500495694283948e-05,5.776838075729795e-05,4.022918802819099e-05,3.272197829412956e-05,3.116976761273796e-05,2.008892424652036e-05,1.813467797834977e-05,1.6228354548167397e-05,1.4284377307964238e-05,1.0877761121991331e-05,9.460474248617903e-06,7.89656316739661e-06,6.881403486593969e-06,4.339990352247291e-06,4.04699942241081e-06,3.0060193691172043e-06,2.3586296700124645e-06,1.5626866499668782e-06,8.295860290373616e-07],[0.009991407792895105,0.00047435447559497114,0.00026080522693681826,0.00011443101821737383,6.740825986268401e-05,5.727798625139367e-05,2.551135162068642e-05,1.9243648770757896e-05,9.92810133464551e-06,8.43990952211596e-19]]","[[401.1183156996585,197.39960275709623,164.19580520093004,125.04709348138175,95.81303941858663,91.20839259366029,74.89031449434101,59.91562082222036,49.28389336291671,48.21043120462586,45.75160259396352,37.706046923031636,35.21959976949825,30.123676491125735,29.954925951450672,29.01564349947877,26.2093158304301,24.392547769597073,23.50068906609841,21.883484860449574,19.859758304504684,18.874098114494824,17.102630977222926,15.881887439576131,13.960438301928791],[2.686609554858355,0.03832927908042254,0.03539113369561172,0.01433007043682466,0.01148202021365253,0.008856048734590623,0.008161187329169017,0.005826783157270133,0.0052498150809613155,0.004855710436017172,0.0037599678449926426,0.0033252414479647907,0.0025716246764275947,0.0021752395622223687,0.0021146145789898126,0.0017179287308501981,0.001642513288225441,0.0015844038852677203,0.0012318164048628,0.0011907966302378281,0.0010340260359723106,0.0009410856729422775,0.0008353658012365874,0.0007906248938146016,0.000757509766201297,0.0006083784911737039,0.0005144992583734209,0.00045308489990109047,0.00038721362404378086,0.0002594629195633806,0.00014706691141325864,0.00011076855237978602]]","[[0.051143426393443284,0.01593624136048075,0.01056933570386468,0.008737788418659267,0.0063983670219843435,0.004249808602035712,0.003145133718120062,0.0024926542176493885,0.002279992024991115,0.001562651656039196,0.0011000906112696857,0.0009910597178123674,0.0008577983370997724,0.0006118013630638955,0.0005292398755553107,0.0004611352315634568,0.00042669275910016017,0.0002902224833938004,0.00027061486313869373,0.00019009752637088556,0.00013691184371361295,0.00011786306927923535,0.00010687408263676808,9.271336310385169e-05,3.6150673618234676e-05],[0.025855440416962177,0.013125555581097648,0.009515002876326796,0.0064621403005214245,0.003871441550984175,0.0028717909393770414,0.0017780658366032365,0.0015653089216032133,0.0011419566357389682,0.0007428592262200214]]",4.252099695069506,1.3518880851309296,0.30396471999492425,0.09912155326531184,0.3169687140725506,0.00039168438877135186,0.5410192381753371,0.006081274713285029,0.0644082708376397,0.051143426393443284,0.1608802255888296,0.16087794535286234,0.2309287500102073,32,5,2
31,MNISTConvNet,MNIST conv filters=32 kernel=5 stride=2 lr=1e-02,1.0,0.01,Muon,0,4,512,64,2.3024655573554837,0.00010997832627657189,0.9140625,full_conv_patch_and_classifier_activation,2.6788836550116475,1.3913752042904122,1.967813369514652,1.4098052587109881e-05,2.993041908002351e-05,"[[0.003107297802568361,0.0006966272351277436,0.0004923295752844309,0.0003521736362615186,0.0002621323114974175,0.00019154102133968993,0.00015379198792294844,9.776761556387978e-05,9.307560404760795e-05,7.193888442662237e-05,6.33177969603189e-05,5.436205905781821e-05,3.8786336868028465e-05,3.236318513376449e-05,2.813706558207174e-05,2.371579802935334e-05,1.8332293570998826e-05,1.6479590720675506e-05,1.5233041372989336e-05,1.289205636878115e-05,1.0533403295460262e-05,9.54778714839326e-06,5.4228009508218585e-06,4.003146876408598e-06,2.894111016374045e-06],[0.0029981962560827404,0.000571308598613044,0.0003919094604099262,0.00021204502905427153,0.00011320687092355638,0.00010112767092265345,6.84169594019845e-05,4.324507479057801e-05,2.6001414226339977e-05,2.9786875993097356e-19]]","[[401.1183156996585,197.39960275709623,164.19580520093004,125.04709348138175,95.81303941858663,91.20839259366029,74.89031449434101,59.91562082222036,49.28389336291671,48.21043120462586,45.75160259396352,37.706046923031636,35.21959976949825,30.123676491125735,29.954925951450672,29.01564349947877,26.2093158304301,24.392547769597073,23.50068906609841,21.883484860449574,19.859758304504684,18.874098114494824,17.102630977222926,15.881887439576131,13.960438301928791],[0.8228028307748289,0.057140649622226196,0.047200663787021056,0.020349820647706098,0.015515939466625776,0.01503429414841388,0.013489546685062732,0.01108571374359917,0.010656399858301774,0.008949779261565607,0.008191799471486232,0.0070206768230183505,0.006294385320811959,0.005861123156007967,0.005068551719417232,0.004909032652412013,0.004229214241768559,0.0038961998902813377,0.00370999301329949,0.003696651273882239,0.003277302485205116,0.0029912208935056967,0.0029603735768065904,0.002909574242078251,0.0026586736462114,0.002516042502800582,0.0022736919471213145,0.0022153376012065086,0.002070363979378389,0.0019175460386475472,0.0013469516670809286,0.0009379813079705348]]","[[0.010000000000000002,0.010000000000000002,0.010000000000000002,0.010000000000000002,0.010000000000000002,0.009999999999999998,0.009999999999999998,0.009999999999999998,0.009999999999999998,0.009999999999999998,0.009999999999999998,0.009999999999999998,0.009999999999999998,0.009999999999999998,0.009999999999999998,0.009999999999999997,0.009999999999999997,0.009999999999999995,0.009999999999999995,0.009999999999999995,0.009999999999999995,0.009999999999999995,0.009999999999999995,0.009999999999999993,0.009999999999999992],[0.010000000000000007,0.010000000000000007,0.010000000000000005,0.010000000000000002,0.010000000000000002,0.01,0.01,0.01,0.009999999999999998,0.009999999999999997]]",17.5,17.499999999999982,1.0,0.9999999999999991,0.9999999999999991,0.00010380153481417571,0.3902314681624468,0.0017545661759110172,0.05916079783099615,0.010000000000000007,0.16088022558882956,0.16123918053725597,0.25588674983009696,32,5,2
30,MNISTConvNet,MNIST conv filters=32 kernel=5 stride=2 lr=1e-02,1.0,0.01,Adam,0,5,512,64,2.30141357116132,,0.9140625,full_conv_patch_and_classifier_activation,1.3114981750282746,1.3862035012409821,0.9836793003376403,3.2025721254756284e-05,3.582575746770336e-05,"[[0.00793952299510551,0.0007481858965438043,0.0004398906654892516,0.0001307162917792465,0.00011807782325111734,0.00010262026788227734,7.288590430836214e-05,4.8581250375216925e-05,4.767671083825934e-05,2.995364280465829e-05,2.125469599214691e-05,1.7804155315366516e-05,1.5939280184407828e-05,1.5080404106241086e-05,1.1700178040160495e-05,9.184922650887416e-06,7.735834843880903e-06,4.540914476317778e-06,4.306381090292707e-06,3.497003972301416e-06,3.261931657035493e-06,2.3151569730947724e-06,1.7512035286422373e-06,1.4087076216684259e-06,9.037377199659547e-07],[0.02004699287917507,0.0005863260337500828,0.0003253368446176135,8.114327600748652e-05,6.838558415700658e-05,5.956003128644242e-05,3.136666570071586e-05,1.3072706634936808e-05,6.919058394984036e-06,1.9243267362272315e-18]]","[[401.1183156996585,197.39960275709623,164.19580520093004,125.04709348138175,95.81303941858663,91.20839259366029,74.89031449434101,59.91562082222036,49.28389336291671,48.21043120462586,45.75160259396352,37.706046923031636,35.21959976949825,30.123676491125735,29.954925951450672,29.01564349947877,26.2093158304301,24.392547769597073,23.50068906609841,21.883484860449574,19.859758304504684,18.874098114494824,17.102630977222926,15.881887439576131,13.960438301928791],[3.544491302059687,0.0467771771050656,0.041052676541511436,0.014234475843523674,0.011766527532616736,0.008606539898936763,0.008150944692260065,0.006004188480937106,0.005099140137327762,0.004382341947817519,0.003881366030107358,0.003133044931939676,0.002082535071095968,0.0018427702532037547,0.0017962388938911806,0.0015548078220630065,0.0013888382367828315,0.001182797547009257,0.0009356610360993767,0.0008594680484175582,0.000845073308206594,0.0007388774557338905,0.0007038812379487703,0.0005327849351284398,0.0004914034608878936,0.00043932589562780885,0.00041180697062656433,0.00030889143822310504,0.00019424014333719648,0.00011748693209563946,8.110778527392331e-05,5.6371661034316016e-05]]",,,,,,,,,,,,,,0.2821331669110805,32,5,2
31,MNISTConvNet,MNIST conv filters=32 kernel=5 stride=2 lr=1e-02,1.0,0.01,Muon,0,5,512,64,2.30243826722472,,0.9140625,full_conv_patch_and_classifier_activation,2.162143933053555,1.3907654446432862,1.5621874668089597,3.1896316667474016e-05,5.070576011089913e-05,"[[0.004456435995016209,0.0006854386119801749,0.0005840389150221324,0.0003788160088696118,0.00024719230028617307,0.0002436593420613269,0.00018099085703472863,0.00013095397196110636,0.00011358829814727599,9.420388893847606e-05,8.293969393917044e-05,7.514483714657421e-05,6.131424760269234e-05,5.0505400932903304e-05,3.5809518554155225e-05,2.7563704217330978e-05,2.4898470600421612e-05,2.056508396972171e-05,1.8428450135534424e-05,1.2767886856702549e-05,1.1239447742611311e-05,9.444730177018646e-06,6.26286469298006e-06,5.573413512267502e-06,4.562290627503134e-06],[0.005382301311728314,0.0007009175029965263,0.0002816169008943936,0.00018474573022400113,0.00012552046470726895,6.617643551572762e-05,5.8274684921285755e-05,5.0952711657561585e-05,4.182706279392599e-05,4.2041983755630274e-19]]","[[401.1183156996585,197.39960275709623,164.19580520093004,125.04709348138175,95.81303941858663,91.20839259366029,74.89031449434101,59.91562082222036,49.28389336291671,48.21043120462586,45.75160259396352,37.706046923031636,35.21959976949825,30.123676491125735,29.954925951450672,29.01564349947877,26.2093158304301,24.392547769597073,23.50068906609841,21.883484860449574,19.859758304504684,18.874098114494824,17.102630977222926,15.881887439576131,13.960438301928791],[0.9633618613769325,0.061300998037717436,0.05462222663186452,0.021740443881343555,0.01751090339413103,0.01614593622299149,0.014871856268891252,0.012865500322687115,0.010973864993328256,0.009458131690733295,0.008659522154940069,0.00781967882398573,0.006694171772038724,0.005778263365096822,0.00557274254953129,0.005303680042209697,0.0046674035670245684,0.0042425735580751784,0.003986430504652514,0.003693743761728209,0.0034482643835082156,0.0032642553183125206,0.003058477283973588,0.0028762080364879007,0.002786251306166671,0.002580269109899768,0.002474830675001674,0.00226236225440317,0.0021545458801680703,0.0019252135372800968,0.0015702199897201718,0.0011144951162916168]]",,,,,,,,,,,,,,0.3065732920076698,32,5,2
32,MNISTConvNet,MNIST conv filters=32 kernel=5 stride=2 lr=1e-02,1.0,0.01,Adam,1,0,512,64,2.302623707159129,0.00018623619782021095,0.857421875,full_conv_patch_and_classifier_activation,2.5937711425270926,1.4083793855344022,1.7811979844439167,2.2466509377581782e-05,3.526108424499798e-05,"[[0.0027884426417648027,0.0007501798034178454,0.0005084927156035939,0.0004405912670482764,0.00024750011863241585,0.00018341281740631113,0.0001363840360828474,0.00011117031132725965,9.414824077029999e-05,8.276071741108169e-05,6.617536469446204e-05,4.727608161610673e-05,4.404376691447895e-05,3.5108123988584573e-05,3.123495129788138e-05,2.506490263819411e-05,1.856731049793588e-05,1.7674702893329377e-05,1.2271175107169128e-05,1.1035605433956932e-05,9.656980033293776e-06,7.458950523376555e-06,5.671071160084519e-06,3.994452874732883e-06,3.0545948958829304e-06],[0.004240093280934846,0.00045202438784197667,0.0002309740594862063,0.000138221403069897,0.00011018230045392313,9.293671165581394e-05,4.953355142544862e-05,3.777007692854365e-05,2.0895068964620522e-05,3.783094701262172e-19]]","[[390.49508151911226,195.7032235608191,163.85332786619975,123.87348519167585,96.9112556213114,91.86200157031035,74.23263594975835,60.67285521527967,49.51995634598056,48.39062975955221,45.78336309177383,37.842356514290785,35.73417151385935,30.64902850020215,29.86664571226451,28.87063668380468,26.407449145927636,24.807459652163995,23.691315232767103,21.848693291859362,19.95677372952212,18.946066130939002,16.947747813757786,15.78521018286518,13.945079448475957],[0.9020362989893294,0.049808784772311473,0.030142467702158914,0.023014458119381173,0.016198224641736775,0.013920703372246905,0.010575710360449402,0.009028560286866638,0.008054926192523362,0.007456754346386199,0.006635742614757969,0.00546652183707731,0.005407695949300574,0.004731596464214332,0.004153165884136539,0.0039541610733617874,0.003661094685081865,0.0034651078671631827,0.0032251501855508355,0.003053515646533203,0.002951399833794024,0.0027798948839822964,0.002480217940928056,0.0023466868846479232,0.00225598468789467,0.0020245211996552516,0.0019374789967959672,0.0018271158982333074,0.001748733641793943,0.0015789371341959903,0.0014337732804600516,0.0009764010537271874]]","[[0.04046717292332387,0.01628662475258628,0.012412178165130454,0.009917463372708024,0.008510376015452388,0.0077382364522640005,0.007228171498880495,0.006568937192661169,0.00572692456342792,0.004937776506147622,0.003890031818614903,0.003481664488124915,0.0029271984386879386,0.0026202999584142425,0.0024517025345613197,0.0016442962908493819,0.0014027178624480777,6.373429289366152e-06,1.1299425005985528e-06,6.138184605671169e-07,5.085591884453229e-07,3.657342519015062e-07,1.822981272423049e-07,1.1073742557914028e-07,1.874597136689038e-08],[0.026238719809283804,0.012125247864151836,0.009539182794098213,0.006029604768733809,0.005461249317918062,0.0037163746279703404,1.1175193987147931e-05,9.440839145469231e-07,4.883578986021482e-07,2.388009290368605e-07]]",5.810386556162758,1.4922914640565679,0.3511819841286965,0.10354892448456214,0.2840032359162445,0.00018860517661354275,0.6109896014488337,0.003188009349575179,0.05916079783099617,0.04046717292332387,0.17124450186006193,0.1716379822280767,0.025931250071153045,32,5,2
33,MNISTConvNet,MNIST conv filters=32 kernel=5 stride=2 lr=1e-02,1.0,0.01,Muon,1,0,512,64,2.302623707159129,0.00010689230755556167,0.857421875,full_conv_patch_and_classifier_activation,2.5937711425270926,1.4083793855344022,1.7811979844439167,2.2466509377581782e-05,3.526108424499798e-05,"[[0.0027884426417648027,0.0007501798034178454,0.0005084927156035939,0.0004405912670482764,0.00024750011863241585,0.00018341281740631113,0.0001363840360828474,0.00011117031132725965,9.414824077029999e-05,8.276071741108169e-05,6.617536469446204e-05,4.727608161610673e-05,4.404376691447895e-05,3.5108123988584573e-05,3.123495129788138e-05,2.506490263819411e-05,1.856731049793588e-05,1.7674702893329377e-05,1.2271175107169128e-05,1.1035605433956932e-05,9.656980033293776e-06,7.458950523376555e-06,5.671071160084519e-06,3.994452874732883e-06,3.0545948958829304e-06],[0.004240093280934846,0.00045202438784197667,0.0002309740594862063,0.000138221403069897,0.00011018230045392313,9.293671165581394e-05,4.953355142544862e-05,3.777007692854365e-05,2.0895068964620522e-05,3.783094701262172e-19]]","[[390.49508151911226,195.7032235608191,163.85332786619975,123.87348519167585,96.9112556213114,91.86200157031035,74.23263594975835,60.67285521527967,49.51995634598056,48.39062975955221,45.78336309177383,37.842356514290785,35.73417151385935,30.64902850020215,29.86664571226451,28.87063668380468,26.407449145927636,24.807459652163995,23.691315232767103,21.848693291859362,19.95677372952212,18.946066130939002,16.947747813757786,15.78521018286518,13.945079448475957],[0.9020362989893294,0.049808784772311473,0.030142467702158914,0.023014458119381173,0.016198224641736775,0.013920703372246905,0.010575710360449402,0.009028560286866638,0.008054926192523362,0.007456754346386199,0.006635742614757969,0.00546652183707731,0.005407695949300574,0.004731596464214332,0.004153165884136539,0.0039541610733617874,0.003661094685081865,0.0034651078671631827,0.0032251501855508355,0.003053515646533203,0.002951399833794024,0.0027798948839822964,0.002480217940928056,0.0023466868846479232,0.00225598468789467,0.0020245211996552516,0.0019374789967959672,0.0018271158982333074,0.001748733641793943,0.0015789371341959903,0.0014337732804600516,0.0009764010537271874]]","[[0.010000000000000007,0.010000000000000007,0.010000000000000005,0.010000000000000005,0.010000000000000005,0.010000000000000005,0.010000000000000005,0.010000000000000005,0.010000000000000005,0.010000000000000005,0.010000000000000004,0.010000000000000004,0.010000000000000004,0.010000000000000004,0.010000000000000004,0.010000000000000002,0.010000000000000002,0.010000000000000002,0.010000000000000002,0.01,0.01,0.01,0.01,0.009999999999999998,0.009999999999999998],[0.010000000000000002,0.010000000000000002,0.010000000000000002,0.009999999999999998,0.009999999999999998,0.009999999999999998,0.009999999999999998,0.009999999999999997,0.009999999999999995,0.009999999999999992]]",17.500000000000004,17.499999999999986,1.0000000000000002,0.9999999999999991,0.9999999999999989,0.0001105400154479548,0.35809621557250637,0.0018684672874718989,0.05916079783099616,0.010000000000000007,0.1712445018600619,0.17147062238158872,0.05455654114484787,32,5,2
32,MNISTConvNet,MNIST conv filters=32 kernel=5 stride=2 lr=1e-02,1.0,0.01,Adam,1,1,512,64,2.302564108997547,0.00017332827789928729,0.908203125,full_conv_patch_and_classifier_activation,2.3180935294881095,1.407441435969271,1.589500534042435,2.5525670068532233e-05,3.544790027206719e-05,"[[0.002734766095063673,0.0005327832636100147,0.0004910330397580764,0.00025087943275886045,0.00023940052889327438,0.00019126516405349123,0.00012631398656290615,0.00010410745592576501,7.786016849000953e-05,6.715740191046935e-05,6.102818619062893e-05,4.9823846178086226e-05,4.071596858675985e-05,3.3570302985143206e-05,2.7348709141197352e-05,2.4990296185640307e-05,2.0615170524791765e-05,1.9754077831384286e-05,1.5947402024501283e-05,1.2877226541022577e-05,1.0003913822830697e-05,9.04613798223472e-06,7.694127417487556e-06,5.334442570393904e-06,4.545964061145273e-06],[0.005519815422421386,0.0003980680757282842,0.00022292055745558713,0.00011338086589543718,9.542337599988178e-05,7.254951452694514e-05,6.171534200263924e-05,3.5441022917816226e-05,2.4831627338860215e-05,3.0178740766347483e-19]]","[[390.49508151911226,195.7032235608191,163.85332786619975,123.87348519167585,96.9112556213114,91.86200157031035,74.23263594975835,60.67285521527967,49.51995634598056,48.39062975955221,45.78336309177383,37.842356514290785,35.73417151385935,30.64902850020215,29.86664571226451,28.87063668380468,26.407449145927636,24.807459652163995,23.691315232767103,21.848693291859362,19.95677372952212,18.946066130939002,16.947747813757786,15.78521018286518,13.945079448475957],[1.09685113232744,0.050220236465981484,0.0307380825275607,0.02592307069515344,0.014321586295045843,0.013341655328528754,0.009824014962779522,0.009041969881998693,0.008047403051325033,0.00682626697508333,0.005914482223992332,0.005640926253360837,0.005211117673033112,0.0047120031748995855,0.004395682446153707,0.003983293700559163,0.0033798147576143927,0.0032790264109285737,0.0032303656586537693,0.003157900742022383,0.002940302884272537,0.002672092449392898,0.002502155320664025,0.002417584469592491,0.0021343339373227415,0.002052596822652122,0.0018456080579964385,0.0017105335548252391,0.0016097107091330336,0.0013693467035313977,0.0012277910158905502,0.001098901054301094]]","[[0.043398242880512375,0.014479341564640225,0.012081044140715657,0.008080744593928924,0.007583764443753039,0.006379337757232571,0.005373639033201921,0.004981239062993323,0.004045751242114087,0.0035688136619836863,0.0031257116213378264,0.0025906550267890136,0.0022958110068343265,0.0014000401240195843,0.001307052302114109,0.0010784379918967989,0.0010117460666695791,0.000755980752048762,0.0006848077471543876,0.0006152087268952501,0.00046863670230363775,0.0003951605852215992,0.0002474609726295165,0.00019245507244181843,0.00015195489318503715],[0.026949333105576692,0.01293477901735523,0.010293688473468435,0.005779274554155611,0.004759464598175161,0.0036532284415059057,0.0020058205366001746,0.0014200972185170484,0.0008753526087568118,0.0004921533907366361]]",5.394043188566254,1.40839161192979,0.3491342153780138,0.10078141748285357,0.2718881134949291,0.0001638596908452009,0.4383209760080805,0.0027344845769280168,0.059923428432456065,0.043398242880512375,0.17113429200348676,0.17307824637374153,0.08093900000676513,32,5,2
33,MNISTConvNet,MNIST conv filters=32 kernel=5 stride=2 lr=1e-02,1.0,0.01,Muon,1,1,512,64,2.302574244316172,0.00010564013012714923,0.888671875,full_conv_patch_and_classifier_activation,2.6013228304385656,1.4085914427734223,1.7636076795639153,2.5058128880886496e-05,3.689382611809255e-05,"[[0.0024645824551090714,0.0005507908327222851,0.0005286288136315888,0.00029741559135267097,0.0002207384006813501,0.00020955669252266233,0.00016422735666086412,0.00012424080997859588,8.022023875396427e-05,6.802542096763835e-05,6.185839233631563e-05,4.98994745463724e-05,4.8918646484209456e-05,3.8683327725604435e-05,2.92092667574047e-05,2.759652162233462e-05,2.2243025178015672e-05,1.852304250620606e-05,1.4839856947183378e-05,1.3499899960736817e-05,1.119648415787855e-05,8.784698121444496e-06,6.676272396149895e-06,4.2270514354593424e-06,4.079471901658941e-06],[0.004437722139424505,0.00041317706343075157,0.00020258055891255854,0.00010765648850466872,8.912151646418511e-05,6.340565082089413e-05,5.7668458735910326e-05,4.275463699779168e-05,2.1045031989260073e-05,2.9510192625224113e-19]]","[[390.49508151911226,195.7032235608191,163.85332786619975,123.87348519167585,96.9112556213114,91.86200157031035,74.23263594975835,60.67285521527967,49.51995634598056,48.39062975955221,45.78336309177383,37.842356514290785,35.73417151385935,30.64902850020215,29.86664571226451,28.87063668380468,26.407449145927636,24.807459652163995,23.691315232767103,21.848693291859362,19.95677372952212,18.946066130939002,16.947747813757786,15.78521018286518,13.945079448475957],[0.8919209485604017,0.04972548832732546,0.034915898344334846,0.023240246690284735,0.015865876178885685,0.01268695653633746,0.009857714592559836,0.008589998751250348,0.007906895885093359,0.007250487044236393,0.00605589088525079,0.0054569215821518545,0.005085672561226125,0.004375160269131748,0.004092518588842139,0.004036009090813841,0.00386635890619159,0.003407970132766527,0.0032010672976567605,0.003058201108929457,0.0028763853919272875,0.0027217197894402858,0.0024459760897772324,0.002352368437628239,0.0022671586132404966,0.0019929236242383188,0.0018390224876695047,0.0017737028037049937,0.0016636486677211297,0.0016190917446637335,0.00139448816494702,0.0011588188138857937]]","[[0.010000000000000009,0.010000000000000005,0.010000000000000005,0.010000000000000005,0.010000000000000004,0.010000000000000004,0.010000000000000004,0.010000000000000002,0.010000000000000002,0.010000000000000002,0.010000000000000002,0.010000000000000002,0.010000000000000002,0.010000000000000002,0.010000000000000002,0.010000000000000002,0.010000000000000002,0.010000000000000002,0.009999999999999998,0.009999999999999998,0.009999999999999998,0.009999999999999998,0.009999999999999998,0.009999999999999998,0.009999999999999995],[0.010000000000000005,0.010000000000000004,0.010000000000000004,0.010000000000000004,0.010000000000000004,0.010000000000000002,0.010000000000000002,0.010000000000000002,0.010000000000000002,0.01]]",17.5,17.49999999999998,1.0,0.999999999999999,0.9999999999999991,0.00010503793589738196,0.3427106358921331,0.0017754651686314703,0.05916079783099618,0.010000000000000009,0.17113429200348673,0.17131404491554744,0.10793729103170335,32,5,2
32,MNISTConvNet,MNIST conv filters=32 kernel=5 stride=2 lr=1e-02,1.0,0.01,Adam,1,2,512,64,2.302551753898842,0.00022720754650062958,0.908203125,full_conv_patch_and_classifier_activation,2.157053750946348,1.406594196325707,1.486545121734673,3.153799552362545e-05,4.17246645556708e-05,"[[0.003331705745356147,0.0007524122560252062,0.00042681046814508624,0.0003434759514480038,0.00021669889381778745,0.00018875227580177002,0.00013576585203372432,0.00012352009917898087,8.087439644406621e-05,7.491166996984673e-05,6.628922804098668e-05,5.148126676486224e-05,4.2997956704894446e-05,3.330484423919545e-05,2.9598972330291583e-05,2.813129673494512e-05,1.8114923309971505e-05,1.666727930230049e-05,1.4250283880005009e-05,1.0850145584200136e-05,8.919199925920661e-06,6.899954861805859e-06,5.415928177442429e-06,4.090335762661529e-06,2.6609751264374766e-06],[0.007799926558343072,0.0005016807410024016,0.00028317743854415267,0.00016330093470067394,7.288362721015867e-05,7.023347101136814e-05,5.2052136516146304e-05,4.4193777942664364e-05,2.2957389897597993e-05,3.661095177991335e-19]]","[[390.49508151911226,195.7032235608191,163.85332786619975,123.87348519167585,96.9112556213114,91.86200157031035,74.23263594975835,60.67285521527967,49.51995634598056,48.39062975955221,45.78336309177383,37.842356514290785,35.73417151385935,30.64902850020215,29.86664571226451,28.87063668380468,26.407449145927636,24.807459652163995,23.691315232767103,21.848693291859362,19.95677372952212,18.946066130939002,16.947747813757786,15.78521018286518,13.945079448475957],[1.393171970507842,0.04721072925170907,0.03399475235184374,0.024958775598674095,0.014062502622237539,0.012926154013526998,0.011473498235070568,0.00868358901223221,0.006834826586102269,0.006685402307539151,0.005817234780381796,0.005057301257338234,0.004562263196858239,0.004044666378727214,0.0039056638576533014,0.0035767923152201183,0.003445762432039101,0.003121370641388376,0.0029580165634373935,0.002765443101014463,0.0026343705103028642,0.002366906304390623,0.0021179015878683136,0.0020047580979739603,0.0017635461157346584,0.001700608852390278,0.001514947765514712,0.0013590502867771117,0.0012178324670554976,0.0010079617114931911,0.0004999778807183093,0.00048011906616042234]]","[[0.045060998912265234,0.011803211070191433,0.010951493438667071,0.00799069070511232,0.007571793615450587,0.006454516664099859,0.004764798082134827,0.004460756441458074,0.003458209007403368,0.0030247373048016566,0.0028879577075939275,0.0024831362053166243,0.0018915584811095008,0.001567607179818827,0.0014986125845645483,0.0009514542104658153,0.0008250312482183484,0.0006700860810022678,0.0005331512257776691,0.00043725348159782496,0.00039217471927471674,0.0003305427143477454,0.00023206996467136653,0.0001621119984773202,6.0146334213921305e-05],[0.027513819311987597,0.014364982570256889,0.008578703653251921,0.005345846749373415,0.00492015373391077,0.003351371228835698,0.002249181698171566,0.001983236498740733,0.0014471294586930782,0.001198899288312336]]",5.115041604297529,1.3614001172380545,0.34023834420612276,0.09858348104722647,0.27231190923630794,0.00021375265048375575,0.41288459997577076,0.003535424632301102,0.06046024812149101,0.045060998912265234,0.16795405009849626,0.17090846050615374,0.13467345805838704,32,5,2
33,MNISTConvNet,MNIST conv filters=32 kernel=5 stride=2 lr=1e-02,1.0,0.01,Muon,1,2,512,64,2.3025800464979627,0.0001271546153844838,0.908203125,full_conv_patch_and_classifier_activation,2.5477381717775893,1.408794148487878,1.7490959571342568,3.1796241322616226e-05,4.899874534230056e-05,"[[0.0031996396402366907,0.0009222971305057396,0.0006542576334594723,0.00037901818234915174,0.0002905851720152565,0.00020254565716436388,0.0001726732132409016,0.00012414875604869476,9.748958640578999e-05,8.607275931899966e-05,7.700147566255884e-05,4.880568104189375e-05,4.440840904344342e-05,3.317090647545266e-05,2.815224960656048e-05,2.3344085349797978e-05,1.9771281054029246e-05,1.7329904806154906e-05,1.5736131959921848e-05,1.2882805932418292e-05,1.0153442784562326e-05,7.724886472709014e-06,7.358652468275093e-06,5.201807562694071e-06,3.723816867337109e-06],[0.005213993925305863,0.0005964800385825832,0.00029504115476466295,0.00017639270058453327,8.585432515831048e-05,6.211105900950589e-05,5.1293263539112e-05,4.564936524312503e-05,2.6385243760436988e-05,3.5831261533221407e-19]]","[[390.49508151911226,195.7032235608191,163.85332786619975,123.87348519167585,96.9112556213114,91.86200157031035,74.23263594975835,60.67285521527967,49.51995634598056,48.39062975955221,45.78336309177383,37.842356514290785,35.73417151385935,30.64902850020215,29.86664571226451,28.87063668380468,26.407449145927636,24.807459652163995,23.691315232767103,21.848693291859362,19.95677372952212,18.946066130939002,16.947747813757786,15.78521018286518,13.945079448475957],[0.9329682112301647,0.051628477787934196,0.0427046205894554,0.023568647181745672,0.0167412299698817,0.012505710854399795,0.009817194956190035,0.008926913603339184,0.0076145929053879355,0.007030203454123638,0.006361877105962412,0.005602344129354664,0.004985244456598353,0.004613441238487275,0.0042401066841553795,0.004116921604947701,0.0038639875040354927,0.003499355480340518,0.0030463835616707036,0.003032626853259883,0.0028935879203336834,0.0025912571920711585,0.002436168167565457,0.0023093269065206637,0.002203762679805909,0.002001017428155003,0.0019627090318112897,0.0016888726432970973,0.0016526893610786283,0.0013657053603476563,0.001292060351679865,0.0010721976456004986]]","[[0.010000000000000005,0.010000000000000005,0.010000000000000004,0.010000000000000004,0.010000000000000004,0.010000000000000004,0.010000000000000004,0.010000000000000002,0.010000000000000002,0.010000000000000002,0.010000000000000002,0.010000000000000002,0.010000000000000002,0.01,0.01,0.01,0.01,0.009999999999999998,0.009999999999999998,0.009999999999999998,0.009999999999999998,0.009999999999999998,0.009999999999999998,0.009999999999999998,0.009999999999999997],[0.010000000000000002,0.010000000000000002,0.010000000000000002,0.009999999999999998,0.009999999999999998,0.009999999999999998,0.009999999999999998,0.009999999999999998,0.009999999999999997,0.009999999999999995]]",17.500000000000004,17.499999999999986,1.0,0.9999999999999991,0.999999999999999,0.00013036694343781006,0.35044982537472974,0.0022036035384483416,0.059160797830996134,0.010000000000000005,0.16795405009849618,0.16711397032537278,0.1596375829540193,32,5,2
32,MNISTConvNet,MNIST conv filters=32 kernel=5 stride=2 lr=1e-02,1.0,0.01,Adam,1,3,512,64,2.302449687342663,0.0002494083552524451,0.908203125,full_conv_patch_and_classifier_activation,1.938894146830771,1.4060104501723751,1.3471811358019399,2.781576239499368e-05,3.4397368453330464e-05,"[[0.003549622393735811,0.0006393327912304835,0.0004266148418838344,0.0004026991061786068,0.00021631717915598272,0.00014388850862279552,0.00011106805504308192,9.983448304490546e-05,7.332596542961868e-05,5.456183740116652e-05,4.2671167370927764e-05,3.409590881184337e-05,3.267745156599463e-05,2.756281558815636e-05,2.2705229195780817e-05,1.7888974411248723e-05,1.2859212719750296e-05,1.206971471783462e-05,9.784174141892797e-06,8.211256390551752e-06,7.340178094726772e-06,5.638167784741071e-06,3.7975342967344305e-06,3.188158528078307e-06,2.1361848933456078e-06],[0.00940999129573273,0.00039479773113565176,0.00020583949415055192,0.0001594413286772304,0.00012176095582264355,8.242908585539826e-05,5.006575866479117e-05,3.19372466353574e-05,2.9705147158335862e-05,4.532817113265338e-19]]","[[390.49508151911226,195.7032235608191,163.85332786619975,123.87348519167585,96.9112556213114,91.86200157031035,74.23263594975835,60.67285521527967,49.51995634598056,48.39062975955221,45.78336309177383,37.842356514290785,35.73417151385935,30.64902850020215,29.86664571226451,28.87063668380468,26.407449145927636,24.807459652163995,23.691315232767103,21.848693291859362,19.95677372952212,18.946066130939002,16.947747813757786,15.78521018286518,13.945079448475957],[1.7867174256233773,0.04285538468041316,0.034429716350711015,0.02077459042502819,0.014507774416702647,0.012701489239557818,0.010307756750665706,0.009027496771676575,0.007006704659070902,0.006157529760236454,0.005600960323155793,0.00524799647474885,0.004565098355015255,0.003994759987844634,0.0037385164220611325,0.0036302170383249867,0.003445719487624232,0.0030395341443132332,0.002862956651177307,0.002521272146122081,0.0021381181682433087,0.002067584849497063,0.0019152252493044321,0.0014446687032286434,0.0013522588399750403,0.0011435629045813977,0.0009665168612232295,0.0008208237316554951,0.0007431648284642161,0.0004698762922467889,0.000268765302043649,0.00021288090483606256]]","[[0.04709099973405062,0.012585839710236064,0.010197752784729334,0.00748104790374264,0.007057813214276365,0.006092573230032667,0.005107093374323603,0.004395189342466098,0.0038674064863133246,0.003043355022504398,0.002164561497002008,0.0018926511493647011,0.001829321516977992,0.0014652371531524266,0.0009993737269590485,0.0008325054917258553,0.0005802340918009463,0.0005140389314376479,0.0004548168103540508,0.00033629088702091353,0.000273188160627277,0.00024048787498836486,0.00017115570665657973,0.00010670509999502242,8.344166766806701e-05],[0.0271815729912348,0.013940750566814014,0.008913801989240222,0.005077004007956074,0.0045582668697159425,0.0029159028188956416,0.0023234143503175985,0.002166965203259487,0.0016259611547931418,0.001200232688027066]]",4.86603061009267,1.3429576655179472,0.33014378469824035,0.09764700237049945,0.2792146251349645,0.00022074616089174512,0.3545521051219864,0.0035852694494982427,0.06157031263651285,0.04709099973405062,0.16336245717435796,0.1652654563135199,0.18527658306993544,32,5,2
33,MNISTConvNet,MNIST conv filters=32 kernel=5 stride=2 lr=1e-02,1.0,0.01,Muon,1,3,512,64,2.302477998672877,0.00013911716507397642,0.908203125,full_conv_patch_and_classifier_activation,2.4742553414419945,1.4091909221659873,1.7201297063830798,2.86867853640248e-05,4.5753598490196936e-05,"[[0.003713984670924261,0.0011090957997494935,0.000673593137852897,0.00045607686757166845,0.0003181261524755077,0.00021134457777651077,0.00015722043821706248,0.00011426125034268763,9.767066126815813e-05,8.448170087950873e-05,6.831300576961437e-05,5.032497765713762e-05,4.500212901748527e-05,3.2163587862352496e-05,2.9297550380771934e-05,2.807171523622893e-05,2.0612966230122735e-05,1.973558191704208e-05,1.4722118203565807e-05,1.2174703794542678e-05,1.1368480871213281e-05,7.46744484130384e-06,6.075324702389921e-06,4.163801294688615e-06,3.2558688597455506e-06],[0.004997771343445167,0.0006435020814434971,0.0002728370896474987,0.00016395796958589936,0.00012210515338723953,8.463419945899526e-05,5.3372760279249425e-05,3.5151333860842315e-05,3.109112167920004e-05,3.9870293381084475e-19]]","[[390.49508151911226,195.7032235608191,163.85332786619975,123.87348519167585,96.9112556213114,91.86200157031035,74.23263594975835,60.67285521527967,49.51995634598056,48.39062975955221,45.78336309177383,37.842356514290785,35.73417151385935,30.64902850020215,29.86664571226451,28.87063668380468,26.407449145927636,24.807459652163995,23.691315232767103,21.848693291859362,19.95677372952212,18.946066130939002,16.947747813757786,15.78521018286518,13.945079448475957],[0.9431969494684719,0.053029237887069536,0.049379169234194324,0.024759230405898704,0.015988427424666555,0.012496118852374314,0.010691596341778398,0.008430451474023744,0.008147711118593247,0.007629261248647678,0.006987223992442678,0.005763483629682744,0.005239732644377193,0.004787825075584404,0.004314273378245922,0.004276270259798713,0.00374760978632586,0.003681940288351607,0.0030674530742032203,0.0029143959088096956,0.002758620697110213,0.002672449786840285,0.002571065426006319,0.002352059089920516,0.002186034501658529,0.0019458326217866636,0.0019134243208941202,0.0018580015390998693,0.0017727590278078817,0.001494502851404101,0.001341064111998451,0.0012196911148034636]]","[[0.010000000000000007,0.010000000000000007,0.010000000000000007,0.010000000000000007,0.010000000000000007,0.010000000000000007,0.010000000000000007,0.010000000000000007,0.010000000000000007,0.010000000000000005,0.010000000000000005,0.010000000000000005,0.010000000000000005,0.010000000000000005,0.010000000000000005,0.010000000000000004,0.010000000000000004,0.010000000000000004,0.010000000000000004,0.010000000000000002,0.010000000000000002,0.010000000000000002,0.010000000000000002,0.01,0.01],[0.010000000000000007,0.010000000000000002,0.010000000000000002,0.010000000000000002,0.010000000000000002,0.01,0.009999999999999998,0.009999999999999998,0.009999999999999998,0.009999999999999997]]",17.5,17.499999999999986,1.0,0.999999999999999,0.9999999999999989,0.00013693027566483553,0.3596362246321395,0.002314544101585687,0.05916079783099619,0.010000000000000007,0.16336245717435793,0.1621486816790304,0.21193025005050004,32,5,2
32,MNISTConvNet,MNIST conv filters=32 kernel=5 stride=2 lr=1e-02,1.0,0.01,Adam,1,4,512,64,2.301921129975423,0.0006038987888623559,0.908203125,full_conv_patch_and_classifier_activation,1.5265444073393013,1.4056811883016476,1.0909219300126174,5.4038640716030836e-05,5.987846161199741e-05,"[[0.006870646397640561,0.0009595965850522944,0.0006069601846408755,0.0003541759524622768,0.00018713320327046198,0.00013877208331988732,0.00012335585174422126,9.845257114689e-05,6.894014280981416e-05,5.20488854403053e-05,4.870109729581628e-05,3.8888459506127726e-05,3.6471901487485765e-05,2.804917660977592e-05,2.5028881035612628e-05,2.2102612214949e-05,1.752184654055874e-05,1.6164602100560554e-05,1.12363277017832e-05,9.17618247084151e-06,7.647557175228313e-06,5.472153861349278e-06,2.649672408250073e-06,1.6842087996195378e-06,1.2905537743300851e-06],[0.017390164830735123,0.00039476530173552236,0.00014797171166770222,0.00012058137320547511,7.940947979788798e-05,7.287225704724265e-05,5.255731359044259e-05,3.433355358229401e-05,2.561627132237459e-05,1.8765240760811633e-18]]","[[390.49508151911226,195.7032235608191,163.85332786619975,123.87348519167585,96.9112556213114,91.86200157031035,74.23263594975835,60.67285521527967,49.51995634598056,48.39062975955221,45.78336309177383,37.842356514290785,35.73417151385935,30.64902850020215,29.86664571226451,28.87063668380468,26.407449145927636,24.807459652163995,23.691315232767103,21.848693291859362,19.95677372952212,18.946066130939002,16.947747813757786,15.78521018286518,13.945079448475957],[2.366477747491551,0.03959733834320282,0.03365893382140763,0.018572573415713473,0.014570377838918774,0.012272448953774195,0.009006202767239135,0.008420114092197494,0.006817952464231561,0.006499036944487274,0.005410752456589483,0.005165915332928428,0.004730492964437637,0.004191371810766751,0.003627004304724724,0.003498062815158328,0.0032929430902943475,0.0029729203645752636,0.0026738180591125136,0.0023157155859014887,0.002087790964459633,0.0018991497420673227,0.0015769676402109692,0.0014838497896777904,0.0011994145786765828,0.0008451686700907796,0.0005408530944425304,0.0004593568392590864,0.00029504611876023004,0.00018686543449554114,0.0001466101353944999,8.41610340712224e-05]]","[[0.04597387146494409,0.01384225610173042,0.011781254741365326,0.008378941543648056,0.007587657153158201,0.006613937854352229,0.005067196887763236,0.004083104424906875,0.003566515097787283,0.0025059225243951283,0.0021334521601678105,0.001990941113320335,0.0018877064943139347,0.001553972916712477,0.0012711545416946703,0.0008768703036679286,0.0005974201556643738,0.000539196631725346,0.0004756850897669254,0.0003940989198530202,0.00028764626066297706,0.00021898470784573618,0.0001605612103405241,8.35277459667489e-05,7.307969767774378e-05],[0.03171481664133645,0.014308930962742999,0.008818160692283335,0.004624521237010194,0.004276540664752314,0.003065004426314068,0.0023421396465406964,0.00190537187120181,0.0013343928199818225,0.0010919746499895313]]",4.7595655616895,1.3083631112865026,0.31041839792843995,0.09258468373072255,0.2831962033606345,0.0005165937391373283,0.4333662159679363,0.00812306117005719,0.06359594349006868,0.04597387146494409,0.1583181581750146,0.16483315286951777,0.23998158308677375,32,5,2
33,MNISTConvNet,MNIST conv filters=32 kernel=5 stride=2 lr=1e-02,1.0,0.01,Muon,1,4,512,64,2.3024263742817497,0.00019049124773173887,0.908203125,full_conv_patch_and_classifier_activation,1.983617902500335,1.4092495658043598,1.3920289282556528,5.423378770183677e-05,7.253607726295021e-05,"[[0.005810037647581432,0.001235309225156662,0.0009342604457603321,0.00044636610334661253,0.00029172110336589174,0.00025058972069747805,0.00016847322046997188,0.00010745015848323616,9.949273067758558e-05,6.782562677771254e-05,5.934374432946657e-05,5.6558218098656136e-05,4.6894595710622895e-05,3.8641896328415405e-05,3.493741834000547e-05,2.7057803125762473e-05,2.4157146749721657e-05,2.0257928986646133e-05,1.6453254235669985e-05,1.331597683631313e-05,1.1711265808835551e-05,1.0405393991278231e-05,7.925542559326932e-06,5.501902697394339e-06,2.5985240326800033e-06],[0.007512488058528054,0.000603545699746307,0.00014847932111146598,0.00012816813875088614,0.00012760682172464032,9.956018090878879e-05,7.296732860973471e-05,3.5651721326799453e-05,2.7196846658177678e-05,4.982020042974397e-19]]","[[390.49508151911226,195.7032235608191,163.85332786619975,123.87348519167585,96.9112556213114,91.86200157031035,74.23263594975835,60.67285521527967,49.51995634598056,48.39062975955221,45.78336309177383,37.842356514290785,35.73417151385935,30.64902850020215,29.86664571226451,28.87063668380468,26.407449145927636,24.807459652163995,23.691315232767103,21.848693291859362,19.95677372952212,18.946066130939002,16.947747813757786,15.78521018286518,13.945079448475957],[1.0240517803590459,0.058459031132044086,0.05450188796276955,0.02707075777724187,0.016432995173417692,0.013038203766533182,0.011804834168634705,0.009572713223677108,0.008415148485269523,0.0073987293956087295,0.007206764883571423,0.0059722348031356785,0.005529561144365161,0.004988005667798617,0.0044936217938259,0.004393879412214861,0.003844696980488549,0.003511895010719759,0.0031950859286310187,0.003089701273883432,0.0029729507871700165,0.0027821041204277707,0.002566866527134893,0.002496878675118687,0.0022587477323013413,0.002180136829818877,0.0018776370000106396,0.0018291680015368025,0.0013932373130762362,0.0013614235619232278,0.001161403931277434,0.0010888710097317204]]","[[0.010000000000000002,0.010000000000000002,0.010000000000000002,0.010000000000000002,0.010000000000000002,0.010000000000000002,0.010000000000000002,0.009999999999999998,0.009999999999999998,0.009999999999999998,0.009999999999999998,0.009999999999999998,0.009999999999999998,0.009999999999999998,0.009999999999999998,0.009999999999999998,0.009999999999999998,0.009999999999999998,0.009999999999999998,0.009999999999999997,0.009999999999999997,0.009999999999999997,0.009999999999999997,0.009999999999999993,0.00999999999999999],[0.010000000000000002,0.009999999999999998,0.009999999999999998,0.009999999999999998,0.009999999999999998,0.009999999999999998,0.009999999999999998,0.009999999999999998,0.009999999999999995,0.009999999999999995]]",17.5,17.499999999999986,1.0,0.9999999999999992,0.9999999999999991,0.00018542950711512564,0.32424043007103903,0.003134330737811203,0.05916079783099617,0.010000000000000002,0.1583181581750146,0.15662737912380537,0.2647977080196142,32,5,2
32,MNISTConvNet,MNIST conv filters=32 kernel=5 stride=2 lr=1e-02,1.0,0.01,Adam,1,5,512,64,2.3019084432644177,,0.908203125,full_conv_patch_and_classifier_activation,1.5372007417703077,1.4055748697909034,1.1026940330963622,2.8186295191540632e-05,3.196575388497338e-05,"[[0.005657233961768455,0.0006248552942811592,0.00044951785707943414,0.0003606306386329356,0.00016584614421170222,0.00013478801739064656,0.00012074809822905297,8.485016697336648e-05,7.570564917472038e-05,5.764186441952556e-05,4.57219195131878e-05,4.1495677890592315e-05,3.189229566922762e-05,2.4781658214373907e-05,2.1304786834342278e-05,1.6070761364027465e-05,1.5090307342696933e-05,1.1194722660268257e-05,9.159653877243829e-06,7.721544710133227e-06,7.3998069746998245e-06,5.962326153210772e-06,3.785133135331854e-06,2.6227226802283774e-06,1.726435736467841e-06],[0.01638861377008686,0.00046010266623871935,0.00018789754675803936,0.0001285153336895707,0.00010603600532670598,8.185394434657182e-05,6.273282978066006e-05,3.269207908506764e-05,1.77942179908399e-05,1.4499135236194229e-18]]","[[390.49508151911226,195.7032235608191,163.85332786619975,123.87348519167585,96.9112556213114,91.86200157031035,74.23263594975835,60.67285521527967,49.51995634598056,48.39062975955221,45.78336309177383,37.842356514290785,35.73417151385935,30.64902850020215,29.86664571226451,28.87063668380468,26.407449145927636,24.807459652163995,23.691315232767103,21.848693291859362,19.95677372952212,18.946066130939002,16.947747813757786,15.78521018286518,13.945079448475957],[3.088564057256415,0.046508169954637225,0.032478543542778335,0.019369976425569483,0.016137742970489723,0.013365603413716481,0.00920532760016283,0.008760840668005731,0.0071457168643887774,0.006204896290812603,0.0058108496371848065,0.00572601208582276,0.004932604821784268,0.00464278765707429,0.004390377317199376,0.0037153323143764615,0.0034399914876333117,0.0029933194268186047,0.002544844069223466,0.002315574082235596,0.0021708896461146406,0.001981782770686269,0.001503748974505298,0.0012585265668579254,0.001111520715402103,0.0006706246107940742,0.0003638666584569055,0.00031522191917200275,0.00011549660048827276,9.090071499492778e-05,7.028548058821302e-05,4.360185233119983e-05]]",,,,,,,,,,,,,,0.29153579100966454,32,5,2
33,MNISTConvNet,MNIST conv filters=32 kernel=5 stride=2 lr=1e-02,1.0,0.01,Muon,1,5,512,64,2.3024441737773422,,0.908203125,full_conv_patch_and_classifier_activation,2.8273384213460373,1.4091062373797325,1.90489302914956,2.831321512229764e-05,4.3841398145779925e-05,"[[0.0026496847484278065,0.0009050940161075376,0.0006284193023457184,0.0005465513194831618,0.0002350808157110786,0.00020872832673782688,0.00011182340869398293,0.00010441082854544946,9.464185264058317e-05,8.699007047930297e-05,6.216999906123162e-05,5.6048542893436155e-05,4.614133764071703e-05,4.229049668377349e-05,4.02505789429982e-05,2.9629013653722237e-05,2.3804471752544006e-05,2.1131851783562332e-05,1.916629683620805e-05,1.4945505649732455e-05,1.1761546051436802e-05,1.0801452707542662e-05,8.756830764021219e-06,3.1828297506166056e-06,2.7872383572793535e-06],[0.005895962677718213,0.0007031797587084203,0.00024730311531768594,0.00020395447105377583,0.00013644539329145557,9.553768350017165e-05,7.473789433325537e-05,4.237147361486898e-05,3.1591589932523875e-05,4.1614728342321697e-19]]","[[390.49508151911226,195.7032235608191,163.85332786619975,123.87348519167585,96.9112556213114,91.86200157031035,74.23263594975835,60.67285521527967,49.51995634598056,48.39062975955221,45.78336309177383,37.842356514290785,35.73417151385935,30.64902850020215,29.86664571226451,28.87063668380468,26.407449145927636,24.807459652163995,23.691315232767103,21.848693291859362,19.95677372952212,18.946066130939002,16.947747813757786,15.78521018286518,13.945079448475957],[1.1181014349814298,0.06351577913818818,0.05849817684232199,0.02714227288814297,0.016338453211149045,0.014334260201386948,0.013907445502562673,0.010423652529711539,0.009160904148222179,0.007852225602325338,0.007512754020187541,0.0063314395709198786,0.005821478924626673,0.004926665504046503,0.004777478815462928,0.0045141441875012995,0.00398051382391623,0.0036660558200197436,0.00350442043801805,0.00327759711710512,0.003114993530269182,0.002718048131247309,0.002688468931339745,0.0025308943186720225,0.0021391670570649504,0.00199428544659224,0.0018451564060860647,0.0017193173291759373,0.0015040089303549257,0.0014578079273735215,0.0012195538954442417,0.0011301039805883385]]",,,,,,,,,,,,,,0.31612783297896385,32,5,2
34,MNISTConvNet,MNIST conv filters=32 kernel=5 stride=2 lr=1e-02,1.0,0.01,Adam,2,0,512,64,2.302686629615729,0.0002854453330720652,0.90234375,full_conv_patch_and_classifier_activation,1.9329024930662166,1.404504348244533,1.3557352992509561,3.8246556905281425e-05,4.911477776646786e-05,"[[0.0043528132690011535,0.0008606222943364931,0.0004876870833048975,0.00033553141237947266,0.00025990860915937197,0.00018153779350895178,0.0001313951341407206,0.00010809203941228154,8.510725430332667e-05,7.141377935871454e-05,6.732243359971663e-05,4.9975884563286295e-05,4.399215102005308e-05,3.900461996815604e-05,2.4211868141610936e-05,2.1296126687968832e-05,1.981748211534982e-05,1.741253119171018e-05,1.591238096412257e-05,1.1234321190652454e-05,9.337075798015578e-06,8.311111236005301e-06,5.896561853978503e-06,4.431775404057467e-06,3.2137277453911556e-06],[0.008316165806584213,0.00038104983660043216,0.00027960868577522104,0.0001847183852881202,9.498267455457078e-05,7.045279644423203e-05,5.941471226942409e-05,4.537394483398548e-05,2.3308750130929338e-05,5.827456673467927e-19]]","[[390.1243794248421,193.04540387523517,163.96309140771794,123.32341245819842,96.54659266890104,92.30666111425151,74.51591546017586,61.32373016874431,50.70495561685686,48.894634164401396,45.65101788932086,38.14535327633893,36.03223047951664,30.617834545977644,30.007207647072015,28.47804701598164,26.264510724992817,24.693925469222563,23.34656646393843,21.51265791801151,19.862920821082756,18.683582433411566,16.836408396491933,15.681685322466798,13.847003962297682],[1.347403447260266,0.0490063381232189,0.026686038784549303,0.01949476426237228,0.018109669938035096,0.014040620752219382,0.012064929090492942,0.00991770790158442,0.008968269319730892,0.007645767640878295,0.007107757056073181,0.006484132432271555,0.005913123587931876,0.00523436588358607,0.004436651082869197,0.004349140677564867,0.003954917639982734,0.003695647065954401,0.003550731027239863,0.003303455248937001,0.002987497245807885,0.002825681510565131,0.002798316094590866,0.0025113427702227586,0.0023203203776804623,0.002172831524154376,0.002124477332320255,0.0019051588578135907,0.0016186768051542893,0.001513711832821929,0.001348936501295973,0.0012239285218027275]]","[[0.04434383953731021,0.013565373587333089,0.00974722243194264,0.009034199771636069,0.007705786386639189,0.0073014282472415905,0.004736191102240538,0.00412095060528307,0.0032545471179311813,0.002504172197217729,9.188441367014549e-05,3.8487823395671376e-06,2.1660884553625335e-06,1.2123725968447832e-06,7.815012906715297e-07,5.935903225856928e-07,4.887299706086834e-07,3.5825132064455003e-07,3.0904080347250316e-07,1.5072276380208825e-07,1.1967641072812408e-07,4.1419938460685116e-08,2.5822252752382566e-08,1.1943948898765227e-08,6.340411070003666e-09],[0.02966110676095069,0.007973937722944519,0.006107978024169733,0.004041595717482243,0.0026452410193105905,1.0731257207473926e-05,3.873450023298738e-06,2.4555191604015983e-06,4.379308007117999e-07,3.537052339254583e-08]]",3.535888848419887,1.2052677600975008,0.21747923799940394,0.08244663871430996,0.36499470468778317,0.0003345266710894971,0.5972726429067851,0.00565453278782911,0.05916079783099616,0.04434383953731021,0.1685097504088809,0.16848516330132318,0.026205665897578,32,5,2
35,MNISTConvNet,MNIST conv filters=32 kernel=5 stride=2 lr=1e-02,1.0,0.01,Muon,2,0,512,64,2.302686629615729,0.00015950557950672462,0.90234375,full_conv_patch_and_classifier_activation,1.9329024930662166,1.404504348244533,1.3557352992509561,3.8246556905281425e-05,4.911477776646786e-05,"[[0.0043528132690011535,0.0008606222943364931,0.0004876870833048975,0.00033553141237947266,0.00025990860915937197,0.00018153779350895178,0.0001313951341407206,0.00010809203941228154,8.510725430332667e-05,7.141377935871454e-05,6.732243359971663e-05,4.9975884563286295e-05,4.399215102005308e-05,3.900461996815604e-05,2.4211868141610936e-05,2.1296126687968832e-05,1.981748211534982e-05,1.741253119171018e-05,1.591238096412257e-05,1.1234321190652454e-05,9.337075798015578e-06,8.311111236005301e-06,5.896561853978503e-06,4.431775404057467e-06,3.2137277453911556e-06],[0.008316165806584213,0.00038104983660043216,0.00027960868577522104,0.0001847183852881202,9.498267455457078e-05,7.045279644423203e-05,5.941471226942409e-05,4.537394483398548e-05,2.3308750130929338e-05,5.827456673467927e-19]]","[[390.1243794248421,193.04540387523517,163.96309140771794,123.32341245819842,96.54659266890104,92.30666111425151,74.51591546017586,61.32373016874431,50.70495561685686,48.894634164401396,45.65101788932086,38.14535327633893,36.03223047951664,30.617834545977644,30.007207647072015,28.47804701598164,26.264510724992817,24.693925469222563,23.34656646393843,21.51265791801151,19.862920821082756,18.683582433411566,16.836408396491933,15.681685322466798,13.847003962297682],[1.347403447260266,0.0490063381232189,0.026686038784549303,0.01949476426237228,0.018109669938035096,0.014040620752219382,0.012064929090492942,0.00991770790158442,0.008968269319730892,0.007645767640878295,0.007107757056073181,0.006484132432271555,0.005913123587931876,0.00523436588358607,0.004436651082869197,0.004349140677564867,0.003954917639982734,0.003695647065954401,0.003550731027239863,0.003303455248937001,0.002987497245807885,0.002825681510565131,0.002798316094590866,0.0025113427702227586,0.0023203203776804623,0.002172831524154376,0.002124477332320255,0.0019051588578135907,0.0016186768051542893,0.001513711832821929,0.001348936501295973,0.0012239285218027275]]","[[0.010000000000000009,0.010000000000000007,0.010000000000000007,0.010000000000000007,0.010000000000000007,0.010000000000000005,0.010000000000000004,0.010000000000000004,0.010000000000000004,0.010000000000000002,0.010000000000000002,0.010000000000000002,0.010000000000000002,0.010000000000000002,0.010000000000000002,0.010000000000000002,0.010000000000000002,0.010000000000000002,0.010000000000000002,0.010000000000000002,0.009999999999999998,0.009999999999999998,0.009999999999999998,0.009999999999999998,0.009999999999999997],[0.010000000000000002,0.009999999999999998,0.009999999999999998,0.009999999999999998,0.009999999999999998,0.009999999999999997,0.009999999999999997,0.009999999999999995,0.009999999999999995,0.009999999999999995]]",17.5,17.49999999999998,1.0,0.9999999999999989,0.999999999999999,0.00016670554312866589,0.29764042432667903,0.0028178379812404033,0.05916079783099617,0.010000000000000009,0.16850975040888092,0.1683846311876543,0.051271457923576236,32,5,2
34,MNISTConvNet,MNIST conv filters=32 kernel=5 stride=2 lr=1e-02,1.0,0.01,Adam,2,1,512,64,2.302438467688173,0.00028143683573134126,0.896484375,full_conv_patch_and_classifier_activation,1.7901350781672594,1.4045413999844127,1.2692378571878415,3.4008404871989494e-05,4.253532727216904e-05,"[[0.004098305651624754,0.0006261158123389046,0.0004339727844713362,0.0002501832491685586,0.00021411839352050734,0.00013986972445622042,0.00011564681299055649,9.40704167886687e-05,8.601297828841225e-05,5.878500661842148e-05,4.5284313152861514e-05,3.9194810524416916e-05,3.120264185930685e-05,2.7558666619819772e-05,2.663742628480677e-05,1.9909908417743933e-05,1.7142330909977116e-05,1.5005989329826544e-05,1.1332800644985932e-05,9.419897802942354e-06,8.231539874565937e-06,6.84789208973378e-06,6.4642824892020135e-06,4.25518193962745e-06,2.938455501430801e-06],[0.007438626917653131,0.0003357749156089158,0.00020232758878042974,0.00014271091355875043,6.801283410670985e-05,5.092119520647589e-05,4.470934033727474e-05,3.615574268109796e-05,2.483548818724619e-05,9.468424781717994e-19]]","[[390.1243794248421,193.04540387523517,163.96309140771794,123.32341245819842,96.54659266890104,92.30666111425151,74.51591546017586,61.32373016874431,50.70495561685686,48.894634164401396,45.65101788932086,38.14535327633893,36.03223047951664,30.617834545977644,30.007207647072015,28.47804701598164,26.264510724992817,24.693925469222563,23.34656646393843,21.51265791801151,19.862920821082756,18.683582433411566,16.836408396491933,15.681685322466798,13.847003962297682],[1.2776912430717846,0.05027438469714581,0.02391323278445462,0.016238463540191955,0.014012224749438263,0.013112502707619432,0.011930182349229592,0.009714730974167673,0.0077840548448854996,0.007248583327287986,0.00673942031729819,0.005754943265041399,0.0053653530383661165,0.004958988664139834,0.0043871835487799505,0.004305424905122564,0.004187800186729408,0.003488172627041517,0.003288387764356885,0.00307874376448721,0.0028551544750630353,0.002796959623888338,0.0025263545988898142,0.002383785067834272,0.00216996103128107,0.002063038347116152,0.0018557234176055542,0.0016642291058838175,0.0015731911424570631,0.0014253319602748646,0.0014130456411706412,0.0012889327743211792]]","[[0.04655176141974548,0.01012893221294805,0.008928501703920878,0.008159847276137557,0.0072162640196291065,0.004225997542550417,0.003682090490746617,0.002284858564793658,0.0019380700233067676,0.0015715767236151616,0.0009570302298279618,0.0007904126497794829,0.0004876642863788093,0.0004530612672520321,0.00038998960168545773,0.00033757543949333344,0.0002745821661062342,0.00019826888085618902,0.0001643574783465047,0.00013063506533222784,0.00011101270467678745,7.583083924344457e-05,5.393519179934285e-05,3.676956470445323e-05,1.8787113306799532e-05],[0.028922345540819478,0.009217236836625845,0.005906458681402504,0.004682566130383925,0.003554983113155517,0.002884135149950254,0.0014601392121624374,0.0008165084684634299,0.0005145145518838004,0.0002455421790934197]]",3.646320800808832,1.1790257506691955,0.24724701695690987,0.08310901232850912,0.3254711449418941,0.0002669890013104005,0.5267917428056036,0.004502859986780291,0.0592932052282859,0.04655176141974548,0.16866466018677745,0.1685061102859659,0.07834691600874066,32,5,2
35,MNISTConvNet,MNIST conv filters=32 kernel=5 stride=2 lr=1e-02,1.0,0.01,Muon,2,1,512,64,2.3025243919420113,0.00014997442892239476,0.90234375,full_conv_patch_and_classifier_activation,1.8620103699424657,1.4044971091291818,1.3095125376274597,3.4054766194311606e-05,4.266298340748899e-05,"[[0.003922390375970374,0.0006864117621677166,0.0004598740087964874,0.00027769489480290944,0.0001886533324344165,0.00014755228936025094,0.00011720917734435159,9.40129880474391e-05,7.506404879204918e-05,5.112574285825247e-05,4.856273257795861e-05,4.004161010483552e-05,3.766223999633213e-05,3.591701095507126e-05,3.4510724565068304e-05,2.3013031495839328e-05,1.8832745136753158e-05,1.538443889382348e-05,1.3982671818235602e-05,1.105083764443081e-05,9.734284754963638e-06,8.493903517349074e-06,5.7704827306937495e-06,5.070433205753742e-06,3.419931260666326e-06],[0.007657435449590275,0.00032454166823338466,0.00023998652039184214,0.0001460087799576379,6.299251924131757e-05,5.7813095857250486e-05,4.728128728611718e-05,3.653584065337347e-05,2.3522128004849826e-05,5.312029307294393e-19]]","[[390.1243794248421,193.04540387523517,163.96309140771794,123.32341245819842,96.54659266890104,92.30666111425151,74.51591546017586,61.32373016874431,50.70495561685686,48.894634164401396,45.65101788932086,38.14535327633893,36.03223047951664,30.617834545977644,30.007207647072015,28.47804701598164,26.264510724992817,24.693925469222563,23.34656646393843,21.51265791801151,19.862920821082756,18.683582433411566,16.836408396491933,15.681685322466798,13.847003962297682],[1.3143726168632455,0.04665253958214457,0.027140038297766764,0.01997715374414051,0.01825319606677379,0.013802817407222336,0.010945673105883466,0.009369868066186185,0.007969021168638214,0.00763002185483794,0.007212824754584551,0.006067844206415224,0.005418475275484361,0.005022961970105118,0.004320798768116616,0.004256034831279701,0.004080148141079806,0.003674840304323663,0.003505062171685431,0.0031781395804941913,0.0030244713548564115,0.002892525227719161,0.0025106755132904834,0.002398030474255935,0.002315467154345282,0.0020986624676961945,0.0020127655464791945,0.0018630415775817229,0.0016077148515197836,0.0014626727270083172,0.0013260035097566556,0.0012064302106128857]]","[[0.010000000000000007,0.010000000000000004,0.010000000000000004,0.010000000000000002,0.010000000000000002,0.010000000000000002,0.010000000000000002,0.010000000000000002,0.010000000000000002,0.010000000000000002,0.010000000000000002,0.010000000000000002,0.01,0.01,0.01,0.01,0.01,0.01,0.009999999999999998,0.009999999999999998,0.009999999999999998,0.009999999999999997,0.009999999999999995,0.009999999999999995,0.009999999999999993],[0.010000000000000002,0.010000000000000002,0.010000000000000002,0.009999999999999998,0.009999999999999998,0.009999999999999998,0.009999999999999998,0.009999999999999998,0.009999999999999995,0.009999999999999993]]",17.5,17.49999999999998,1.0,0.9999999999999989,0.9999999999999989,0.00014927552988448079,0.29121116714631623,0.002523216984174455,0.05916079783099616,0.010000000000000007,0.16866466018677742,0.16810612995922042,0.10319691593758762,32,5,2
34,MNISTConvNet,MNIST conv filters=32 kernel=5 stride=2 lr=1e-02,1.0,0.01,Adam,2,2,512,64,2.3025896810324937,0.00011336931260919059,0.896484375,full_conv_patch_and_classifier_activation,1.9887946391568656,1.4039404686756294,1.3864875620129837,1.8143479639065633e-05,2.325116765922131e-05,"[[0.0028003054697169167,0.00046385560486005483,0.00036874924574280987,0.000276530709347438,0.00017019171239235242,0.00012970820300584184,8.533729449564612e-05,7.04981783581942e-05,6.632587282946254e-05,5.057012191478622e-05,4.4756449831271505e-05,3.851537661372754e-05,3.4989075869764755e-05,2.7139934308210235e-05,2.2822868591157044e-05,1.786835111025445e-05,1.5079179492438302e-05,1.3029820590714252e-05,1.2487378472294607e-05,1.0881268418960615e-05,7.438103249784376e-06,5.852263853277424e-06,3.3487124601811703e-06,2.9004619309364493e-06,1.4237753330924636e-06],[0.007321765090802762,0.0003572458732696073,0.0002590654692809095,0.00010483386597679151,9.058687315845658e-05,6.097049373890646e-05,5.606340095814886e-05,3.98953905718214e-05,2.1396298830122803e-05,4.3213928100862333e-19]]","[[390.1243794248421,193.04540387523517,163.96309140771794,123.32341245819842,96.54659266890104,92.30666111425151,74.51591546017586,61.32373016874431,50.70495561685686,48.894634164401396,45.65101788932086,38.14535327633893,36.03223047951664,30.617834545977644,30.007207647072015,28.47804701598164,26.264510724992817,24.693925469222563,23.34656646393843,21.51265791801151,19.862920821082756,18.683582433411566,16.836408396491933,15.681685322466798,13.847003962297682],[1.722490956929002,0.05097230834363237,0.026443794621179316,0.014513502808872179,0.013219843383929012,0.012044621300271768,0.01055362149632592,0.008926240009907384,0.008210829547605323,0.006840851575631969,0.005703507486954059,0.005314850207775211,0.004953640711187045,0.004260464786029939,0.003991596588697675,0.0036907591640110617,0.0036043301048530887,0.003420037561904227,0.003159526439952672,0.002911839839682574,0.002688098800754219,0.0024895891217302725,0.0020896801937743334,0.00204017326601672,0.0018596414257209231,0.0015046752947360394,0.0013543932845943073,0.0011908448945489169,0.001172118381994007,0.001063471309202665,0.0009752034479502923,0.0005716200108164262]]","[[0.04505354625926198,0.013355815209005747,0.01108868652001547,0.00985951582147789,0.0073539080471760635,0.00566835894507695,0.004624577136204777,0.0033843135019445145,0.0024296149425420696,0.0021763531234722817,0.0014528510884675332,0.0009401808759017953,0.000874329479004335,0.000592239211000769,0.0005562525837337058,0.0004959661153984748,0.0003970565038351313,0.0002713933737560215,0.0002592113735083195,0.0001755180566592893,0.00015350011907330023,0.00014783420032477178,0.0001093981263842549,8.723923198725911e-05,4.934326379789324e-05],[0.02756137314581059,0.01043432331649754,0.008775509296511583,0.006684894080936933,0.0037584816112191813,0.003308543262171028,0.0021648406348686497,0.0014242759190508918,0.0012374782889859669,0.0009233121764143955]]",4.57150313437732,1.305624672270084,0.3114884623608411,0.09268051077280048,0.2872913294767042,9.58766196889661e-05,0.20301027432568075,0.0016007263741517248,0.05989569562741424,0.04505354625926198,0.16527074168647043,0.1656426551293501,0.12971845781430602,32,5,2
35,MNISTConvNet,MNIST conv filters=32 kernel=5 stride=2 lr=1e-02,1.0,0.01,Muon,2,2,512,64,2.302538678168919,0.00012901548777888294,0.896484375,full_conv_patch_and_classifier_activation,2.0262304618671236,1.4044893719101277,1.4303088642251947,1.8178573015690454e-05,2.5215051667347465e-05,"[[0.0033886253262299967,0.0005876043690893427,0.0004942684277145283,0.0002774117245898527,0.00018837072804116906,0.0001736205863508865,9.947693487304986e-05,9.250030977305343e-05,6.940620464545589e-05,5.339781581669553e-05,4.8235174107668e-05,4.44789535891798e-05,3.766001547711388e-05,2.8827414555619643e-05,2.2339870672449252e-05,1.879512981379925e-05,1.5635569014017696e-05,1.4907130616576353e-05,1.3294216710693766e-05,1.18198665611014e-05,9.165303197753057e-06,7.72736034964774e-06,5.392311405278215e-06,4.389764011373014e-06,2.8158540168941327e-06],[0.005885186621936018,0.00038820329305835866,0.0002488002440546164,0.00014819483894617833,8.569196465907326e-05,7.629101812034556e-05,6.0586404101462456e-05,4.2370361610459894e-05,3.0188612051487962e-05,2.8465582211229773e-19]]","[[390.1243794248421,193.04540387523517,163.96309140771794,123.32341245819842,96.54659266890104,92.30666111425151,74.51591546017586,61.32373016874431,50.70495561685686,48.894634164401396,45.65101788932086,38.14535327633893,36.03223047951664,30.617834545977644,30.007207647072015,28.47804701598164,26.264510724992817,24.693925469222563,23.34656646393843,21.51265791801151,19.862920821082756,18.683582433411566,16.836408396491933,15.681685322466798,13.847003962297682],[1.3853790320389048,0.048738366289073826,0.03115300018230419,0.020368949899404673,0.017327543056724154,0.014564712679287672,0.011616144588040169,0.009415219827099454,0.008083074887084108,0.007819910026333721,0.006953272306325995,0.006213941721339153,0.005796099858509869,0.005149787096126106,0.004654870472978838,0.004383451544589168,0.003882278361346387,0.003802910969044343,0.0033307977778086993,0.0031402362454570677,0.0030768243640763144,0.002937456040306337,0.002587707541232086,0.002546930724978154,0.0023012330559212123,0.0021088703157469083,0.0020248257466884997,0.0017194907338400505,0.00165772487624248,0.0015240512168536943,0.0012902253913321738,0.0007442364659658207]]","[[0.010000000000000002,0.010000000000000002,0.010000000000000002,0.010000000000000002,0.010000000000000002,0.010000000000000002,0.010000000000000002,0.010000000000000002,0.009999999999999998,0.009999999999999998,0.009999999999999998,0.009999999999999998,0.009999999999999998,0.009999999999999998,0.009999999999999998,0.009999999999999998,0.009999999999999998,0.009999999999999998,0.009999999999999998,0.009999999999999998,0.009999999999999998,0.009999999999999998,0.009999999999999998,0.009999999999999998,0.009999999999999997],[0.01,0.009999999999999998,0.009999999999999997,0.009999999999999997,0.009999999999999997,0.009999999999999995,0.009999999999999995,0.009999999999999995,0.009999999999999992,0.00999999999999999]]",17.500000000000004,17.49999999999999,1.0000000000000002,0.9999999999999993,0.9999999999999991,0.00012675679719761196,0.3120664816094764,0.0021425809293464295,0.059160797830996155,0.010000000000000002,0.1652707416864704,0.16503315827470372,0.15550324996002018,32,5,2
34,MNISTConvNet,MNIST conv filters=32 kernel=5 stride=2 lr=1e-02,1.0,0.01,Adam,2,3,512,64,2.3025392404173184,0.00020613276729930519,0.896484375,full_conv_patch_and_classifier_activation,1.7630092128145058,1.4036266550088485,1.2435830347304813,1.844292386400119e-05,2.213480701701806e-05,"[[0.003259612572099782,0.00040192265436675634,0.0002662837004808004,0.00021849948790609252,0.00021247727426504848,0.00013354643440785608,9.912641056445177e-05,8.323407652046498e-05,7.683989426747345e-05,6.005431941137986e-05,5.558755556206326e-05,4.3684587417628995e-05,3.683180042575466e-05,2.15904340113654e-05,1.6492663846831968e-05,1.5807868190442243e-05,1.4491928814768318e-05,9.772856899300288e-06,7.890774104971197e-06,6.2061785921897915e-06,5.145791516006721e-06,4.583436491378082e-06,4.089477272515708e-06,2.267564199792654e-06,1.4909541965303825e-06],[0.00958198844600326,0.00036201050573373794,0.00019229804847258752,0.0001296457732194114,7.198265531224592e-05,7.088309581595165e-05,4.5468658627863896e-05,3.6116880184670006e-05,2.2689375775116335e-05,6.620737402438066e-19]]","[[390.1243794248421,193.04540387523517,163.96309140771794,123.32341245819842,96.54659266890104,92.30666111425151,74.51591546017586,61.32373016874431,50.70495561685686,48.894634164401396,45.65101788932086,38.14535327633893,36.03223047951664,30.617834545977644,30.007207647072015,28.47804701598164,26.264510724992817,24.693925469222563,23.34656646393843,21.51265791801151,19.862920821082756,18.683582433411566,16.836408396491933,15.681685322466798,13.847003962297682],[2.233631791659639,0.049400303395069345,0.026962729049999294,0.017337900920884577,0.012988914130920869,0.011305299219113983,0.01029347990530986,0.007498024965192906,0.00723785567684336,0.005514940656844748,0.005335168949558098,0.004589638301605967,0.0044649962704341,0.004101985960058516,0.003714050090337319,0.003210602269679639,0.003183744349093484,0.002798899802996018,0.002573318072391349,0.002387224878848118,0.0022299433631706835,0.0019954980066308197,0.001872192469276472,0.0017656560282110732,0.0016517697386957404,0.0012903399880629415,0.001200045419904901,0.0007630076231070986,0.0007083409702228618,0.0006338397224915514,0.0006078570139399726,0.00022582735192029906]]","[[0.04829536847630655,0.011876747949085435,0.009850051816685346,0.00904180688321655,0.0061766985991172745,0.004215350515553993,0.003004774450911364,0.002539789237076969,0.002163025396449662,0.001922753366572399,0.0011291219820860334,0.0008567036653654289,0.0007997484796706503,0.000700105853673064,0.0005257320136297037,0.00046553018622558104,0.00041125890694959297,0.00034752188012511666,0.00023227997229916897,0.00021442174003569804,0.0001908924973524195,0.00014833330983541766,0.00010163356794523776,7.097110918384654e-05,5.101112753786646e-05],[0.024345170061113846,0.014383087113281432,0.00954567835716003,0.005669992654506883,0.0038532370662179172,0.0027375818886993804,0.0021613355506730695,0.001939962824802063,0.001383004231653218,0.0009642772931932925]]",4.3729726072541,1.3934164207192168,0.31565098899415533,0.10414912151289778,0.3166532741922485,0.00018731485260941423,0.30370662065974985,0.003082521439180182,0.06076676393181288,0.04829536847630655,0.15888046033273184,0.1572695568963582,0.18211441580206156,32,5,2
35,MNISTConvNet,MNIST conv filters=32 kernel=5 stride=2 lr=1e-02,1.0,0.01,Muon,2,3,512,64,2.302507726725479,0.00013652513696094104,0.90234375,full_conv_patch_and_classifier_activation,2.013602351826628,1.4047042252039166,1.43077389898801,1.939440182968989e-05,2.7566113514595967e-05,"[[0.0036343586334934654,0.0007890874953068564,0.0003335421122031541,0.00023156302836022682,0.00022136510134431264,0.00014602817435520904,0.00012986187169401723,0.00010723225269510898,7.914653685996083e-05,7.02382149781207e-05,6.564588016283949e-05,5.3533312291722956e-05,3.492608596403307e-05,3.0311131708294927e-05,2.4289235903361753e-05,2.05544845468524e-05,1.8740182277541145e-05,1.5844281002740417e-05,1.3731941078434175e-05,1.1738134265740278e-05,8.871444627202803e-06,7.483095276819669e-06,5.72310199240429e-06,4.031272055150558e-06,2.5175365938835414e-06],[0.006255516646564557,0.00044356887958375325,0.0002785474573974362,0.00016075634941939074,0.00012300551247529699,7.622699094014144e-05,7.089114628559624e-05,5.404097842760621e-05,3.79034648705988e-05,3.3094826833598797e-19]]","[[390.1243794248421,193.04540387523517,163.96309140771794,123.32341245819842,96.54659266890104,92.30666111425151,74.51591546017586,61.32373016874431,50.70495561685686,48.894634164401396,45.65101788932086,38.14535327633893,36.03223047951664,30.617834545977644,30.007207647072015,28.47804701598164,26.264510724992817,24.693925469222563,23.34656646393843,21.51265791801151,19.862920821082756,18.683582433411566,16.836408396491933,15.681685322466798,13.847003962297682],[1.4264362660303869,0.05271324993117529,0.04016193339412659,0.021009215199684832,0.01746058390748998,0.013930493693645695,0.012104647398338372,0.010661340935110508,0.008491188687419228,0.00844652872821215,0.0076512030318203585,0.00691813164544338,0.006017869215850192,0.0058772663557170165,0.005035780315407325,0.0045841723543613095,0.004254754617956441,0.0041744711977672435,0.0039017032617994093,0.0034604405665918814,0.0033147356614725517,0.0030843497282520256,0.002888312914874126,0.0026702778037476895,0.0025989059735229626,0.0022907992491525224,0.002219546197244977,0.001935716746155255,0.0018060153325034222,0.0017638747378752179,0.0012046745738675288,0.0009165732143673207]]","[[0.010000000000000002,0.010000000000000002,0.009999999999999998,0.009999999999999998,0.009999999999999998,0.009999999999999998,0.009999999999999998,0.009999999999999998,0.009999999999999998,0.009999999999999998,0.009999999999999998,0.009999999999999998,0.009999999999999998,0.009999999999999998,0.009999999999999998,0.009999999999999997,0.009999999999999997,0.009999999999999997,0.009999999999999997,0.009999999999999997,0.009999999999999997,0.009999999999999995,0.009999999999999993,0.009999999999999992,0.009999999999999986],[0.01,0.01,0.01,0.01,0.01,0.009999999999999997,0.009999999999999997,0.009999999999999995,0.009999999999999995,0.009999999999999993]]",17.5,17.499999999999986,1.0,0.9999999999999992,0.9999999999999993,0.0001356082196700183,0.31315040581665976,0.002292197276605506,0.05916079783099614,0.010000000000000002,0.15888046033273184,0.15884452181920206,0.20636058296076953,32,5,2
34,MNISTConvNet,MNIST conv filters=32 kernel=5 stride=2 lr=1e-02,1.0,0.01,Adam,2,4,512,64,2.3019710751814313,0.00048133089343238566,0.896484375,full_conv_patch_and_classifier_activation,1.4122458638250488,1.403450800426141,1.0308071534492358,2.898566436392666e-05,3.235597975975084e-05,"[[0.005752389469126098,0.0005061161685895747,0.0002948968410131167,0.0002207237653643341,0.00020562364940967092,0.00014941967468639651,9.456376578242201e-05,6.321741522655853e-05,5.712071455707202e-05,4.7301670209926985e-05,3.47237014463626e-05,2.8253767349552855e-05,2.6740845787414756e-05,1.7749056566206044e-05,1.6562467433131957e-05,1.2109623346375582e-05,9.975624839215355e-06,7.752103785192639e-06,6.594225850075943e-06,5.3603916706594906e-06,4.876745876279923e-06,4.073819132664123e-06,2.282549404623183e-06,1.793363918633035e-06,1.0554086746120988e-06],[0.014519594474889248,0.0003751555364205793,0.00018979037415430477,7.290412797385179e-05,6.350602771568719e-05,3.943138356564349e-05,3.661126511373477e-05,3.0409886038800696e-05,2.377687707921083e-05,1.3097206268580887e-18]]","[[390.1243794248421,193.04540387523517,163.96309140771794,123.32341245819842,96.54659266890104,92.30666111425151,74.51591546017586,61.32373016874431,50.70495561685686,48.894634164401396,45.65101788932086,38.14535327633893,36.03223047951664,30.617834545977644,30.007207647072015,28.47804701598164,26.264510724992817,24.693925469222563,23.34656646393843,21.51265791801151,19.862920821082756,18.683582433411566,16.836408396491933,15.681685322466798,13.847003962297682],[2.6981161101211595,0.045067564547596556,0.02544463094713249,0.015171408877574425,0.013218107023775563,0.012140495972121095,0.01029019525755833,0.006014353017279374,0.005783379846688611,0.0048690078496184145,0.00416383986215901,0.004073998425135443,0.0036622080321855746,0.003403380716010526,0.002927213214269119,0.0027439029569820586,0.0024260966318963174,0.0019820558112794294,0.0018979675508196102,0.001617543168444353,0.00137992986803375,0.0012940397107998973,0.0012660915763701905,0.0009590148812134585,0.0008715532205821824,0.0007388319248323436,0.0005715250326906655,0.0004555879906701626,0.00038207572763423884,0.0002923234849050656,0.00027045998026314867,9.52920088678481e-05]]","[[0.04910489215621688,0.013360248524420911,0.010590613107135332,0.009308006041196235,0.005459704927615843,0.004159316277701232,0.00339303967498219,0.0027921102096205653,0.0019762661929525905,0.001633645484353207,0.00103483481036145,0.0007489911740598187,0.0007371198636269465,0.0005781467210336437,0.0004599067988188205,0.00042891187096671577,0.00039597428859491094,0.00033811590577799536,0.0002690696931520161,0.00020866476042222083,0.00016026603032254257,0.0001286918105754431,9.928195256901522e-05,8.698750954139826e-05,5.120232632044877e-05],[0.02749443547043045,0.013865100796440334,0.010232875398457061,0.005448429665820729,0.003582950952789659,0.0025647694031589855,0.002195576340392965,0.0020038118577802005,0.001433785628290432,0.0005117752533300456]]",4.176242141570306,1.33033186531517,0.2966044794735223,0.09738921379362933,0.31775645886011505,0.00041431236891416366,0.4200321185820477,0.00656887427927194,0.06307205029353734,0.04910489215621688,0.15521921434778949,0.15605017476008817,0.2330190408974886,32,5,2
35,MNISTConvNet,MNIST conv filters=32 kernel=5 stride=2 lr=1e-02,1.0,0.01,Muon,2,4,512,64,2.3024205929074655,0.00016768138784950537,0.90234375,full_conv_patch_and_classifier_activation,1.8840138862459699,1.4047555252651387,1.3350294564889276,2.9559487724898645e-05,3.8828134819795723e-05,"[[0.004448495247039066,0.0007134298995032631,0.0006191696607536039,0.00033567151438451974,0.0002220455397859307,0.00015502084452195087,0.00010210241755818679,9.457672740740411e-05,7.513873310441833e-05,5.99762749185387e-05,5.404664721094961e-05,4.629617968970511e-05,4.0880545700931784e-05,3.39346011236615e-05,3.0310146632329166e-05,2.4316368682818276e-05,2.1365081765137615e-05,1.7240201499387597e-05,1.5745021259441665e-05,1.2526273381778978e-05,1.0208354656314424e-05,9.04318905517299e-06,7.308172239934587e-06,5.849904943707911e-06,2.845216505220674e-06],[0.007990044991449036,0.0004942799558803482,0.00031387314567627117,0.00012405522583254288,7.845767773796743e-05,6.790555466953131e-05,6.234622539857097e-05,3.772085915808157e-05,2.9822233012572264e-05,9.779668322755756e-19]]","[[390.1243794248421,193.04540387523517,163.96309140771794,123.32341245819842,96.54659266890104,92.30666111425151,74.51591546017586,61.32373016874431,50.70495561685686,48.894634164401396,45.65101788932086,38.14535327633893,36.03223047951664,30.617834545977644,30.007207647072015,28.47804701598164,26.264510724992817,24.693925469222563,23.34656646393843,21.51265791801151,19.862920821082756,18.683582433411566,16.836408396491933,15.681685322466798,13.847003962297682],[1.4739209609528945,0.05193252748848509,0.047064889404176705,0.022596124713959696,0.01707513021817548,0.015042784199419477,0.012494594914839667,0.010769710425002675,0.009139126262603178,0.008275635461871851,0.007822520243517189,0.007041685921619255,0.006271867871244376,0.005905868577655265,0.005075572741544373,0.004837125448259782,0.004206055112887769,0.003996617323839451,0.003654726683409927,0.0035513536444173365,0.003358697139263772,0.0029790291634769024,0.002835099493153759,0.0026270308899235656,0.0025402438507512027,0.0023022111582592752,0.0021363687019689223,0.002014305799320522,0.0018232917605262432,0.001542406053765572,0.001322967615871406,0.0008717417395399419]]","[[0.010000000000000005,0.010000000000000005,0.010000000000000005,0.010000000000000004,0.010000000000000004,0.010000000000000004,0.010000000000000004,0.010000000000000002,0.010000000000000002,0.010000000000000002,0.010000000000000002,0.010000000000000002,0.010000000000000002,0.010000000000000002,0.010000000000000002,0.01,0.01,0.01,0.009999999999999998,0.009999999999999998,0.009999999999999998,0.009999999999999998,0.009999999999999998,0.009999999999999997,0.009999999999999995],[0.010000000000000005,0.010000000000000005,0.010000000000000004,0.010000000000000002,0.010000000000000002,0.01,0.01,0.01,0.009999999999999998,0.009999999999999998]]",17.5,17.499999999999982,1.0,0.9999999999999991,0.9999999999999991,0.0001635604863213829,0.2996547000836253,0.002764676818399642,0.059160797830996155,0.010000000000000005,0.15521921434778949,0.1544793510861088,0.25844445801340044,32,5,2
34,MNISTConvNet,MNIST conv filters=32 kernel=5 stride=2 lr=1e-02,1.0,0.01,Adam,2,5,512,64,2.3014879722644825,,0.896484375,full_conv_patch_and_classifier_activation,1.347868613141815,1.403354250840768,0.9965801757526351,2.504513104766409e-05,2.810890000277901e-05,"[[0.007218339250084385,0.0004766063827632292,0.00038728671199935295,0.00027180719328682675,0.00024974901916533643,0.00010436411378030518,8.060398491739795e-05,6.113147820949004e-05,4.580624021431055e-05,4.274148503812047e-05,3.428564704547946e-05,2.8386213310610304e-05,2.147831621136034e-05,1.790428584869173e-05,1.2794729069036537e-05,1.0964530226118915e-05,1.0649430531890252e-05,7.852451235719826e-06,4.71682034531045e-06,4.1589182731058425e-06,2.4306336692365633e-06,2.2095974374138865e-06,1.8261629958040849e-06,1.4717667360859574e-06,7.872182616214126e-07],[0.017025649621803217,0.0004362276687676156,0.00020810812520101032,0.00014091877718296642,9.31658160674139e-05,5.771645767261493e-05,4.7331941437992496e-05,2.2371863806742918e-05,1.6506413269637222e-05,1.4931111120867708e-18]]","[[390.1243794248421,193.04540387523517,163.96309140771794,123.32341245819842,96.54659266890104,92.30666111425151,74.51591546017586,61.32373016874431,50.70495561685686,48.894634164401396,45.65101788932086,38.14535327633893,36.03223047951664,30.617834545977644,30.007207647072015,28.47804701598164,26.264510724992817,24.693925469222563,23.34656646393843,21.51265791801151,19.862920821082756,18.683582433411566,16.836408396491933,15.681685322466798,13.847003962297682],[3.4036592065812656,0.04558840934199336,0.021329177471399643,0.015007445523400054,0.013601240572611544,0.012372892610263532,0.01089281036837375,0.006415811688935944,0.004826471164870721,0.004641411061696502,0.004156451101582253,0.0037029172170220904,0.0035218893942095433,0.0030087513990890587,0.002585002060640159,0.00231546906516831,0.002065227328838136,0.00173876920629903,0.0012985340279846483,0.0012422614000391354,0.0009382108876060428,0.0009010793494517356,0.0007525321917464273,0.00058587042409062,0.00044945272276968555,0.0003799685448823356,0.0003206198263065447,0.0002898201110709942,0.00024260860654292743,0.0001356016414718473,0.00010113010890548356,5.876201449737677e-05]]",,,,,,,,,,,,,,0.2856409999076277,32,5,2
35,MNISTConvNet,MNIST conv filters=32 kernel=5 stride=2 lr=1e-02,1.0,0.01,Muon,2,5,512,64,2.3022984410073057,,0.90234375,full_conv_patch_and_classifier_activation,2.0436937689991472,1.4048156543017938,1.4584631656453615,2.5667858371106707e-05,3.776657457648569e-05,"[[0.005038506358624895,0.000959220367758473,0.0006557239900502717,0.0004531127949998687,0.0003061330789328044,0.0001959988409115273,0.00018725049240492358,0.0001105801704812326,9.915719703520182e-05,7.2584808141227e-05,5.4762413738243835e-05,5.152133463309564e-05,4.5103873723293244e-05,3.7680929909170064e-05,2.8858107526988135e-05,2.358169228383007e-05,2.1763801623863174e-05,1.6676356682344804e-05,1.438486471056766e-05,1.2262533127541812e-05,1.0931338849654959e-05,9.392136474567566e-06,6.526128791158236e-06,5.326541776403172e-06,2.729234150356363e-06],[0.007920334712148851,0.0006903953960122086,0.0005057298873924025,0.00020302709181111654,0.0001065062294859607,9.196892941583466e-05,6.943945291112799e-05,6.418418152679043e-05,3.259503153905702e-05,3.460194119159586e-19]]","[[390.1243794248421,193.04540387523517,163.96309140771794,123.32341245819842,96.54659266890104,92.30666111425151,74.51591546017586,61.32373016874431,50.70495561685686,48.894634164401396,45.65101788932086,38.14535327633893,36.03223047951664,30.617834545977644,30.007207647072015,28.47804701598164,26.264510724992817,24.693925469222563,23.34656646393843,21.51265791801151,19.862920821082756,18.683582433411566,16.836408396491933,15.681685322466798,13.847003962297682],[1.57330772326145,0.056501727246258966,0.05279703702537565,0.02395401191884222,0.01768188512341372,0.01591797860989095,0.012469477742918686,0.01138494255648787,0.00961971497096121,0.009045919423869437,0.00793169156147582,0.007516303355380628,0.006417334257857376,0.0059146081497158075,0.005541061037391215,0.004881883408646388,0.004440742241588242,0.003978442049892205,0.0038691395005108643,0.0036751039554682803,0.0034632993151729992,0.0031451917345299433,0.0028601798669056575,0.0027499639753012475,0.002455080535435819,0.0023502594179309784,0.0020919051286534653,0.0019594169747802425,0.0016948504348194488,0.0013815328020053716,0.000979949550921967,0.0005863607290697313]]",,,,,,,,,,,,,,0.3110410408116877,32,5,2
36,MNISTConvNet,MNIST conv filters=32 kernel=7 stride=2 lr=3e-03,1.0,0.003,Adam,0,0,512,64,2.3027670894857626,9.7194547597379e-05,0.9140625,full_conv_patch_and_classifier_activation,2.5209899789826435,1.57628983203184,1.6128578587734266,3.414170505099218e-05,5.6357692206737916e-05,"[[0.005724549561902923,0.0011244798680996823,0.0008664987545765395,0.000507497061054741,0.0004348579251971404,0.0003339675274358628,0.00031381689535390394,0.0002562456189045953,0.00018205217156085034,0.00013863828377987846,0.00012847982562303012,0.0001233938873438271,0.00011517172583598286,8.428452176596304e-05,8.232639495564814e-05,6.464340589292127e-05,6.148495134143832e-05,5.472904660017638e-05,5.2096388109514515e-05,4.3715722143287386e-05,3.798128962364672e-05,3.232496140631576e-05,3.130216937490491e-05,2.944402982829158e-05,2.587447468886382e-05,2.4873414865631703e-05,2.1322624062642217e-05,1.9511118104735976e-05,1.4838147644338959e-05,1.237092518424174e-05,1.1142356273646523e-05,7.22235566122159e-06],[0.006403894708758739,0.000551566191569746,0.0004356541974086667,0.00028573971418665374,0.00022518734177034313,0.00017805332923534803,0.00011655297076148056,8.66313180214025e-05,6.363773828380767e-05,5.027406518802294e-19]]","[[501.2838233391682,262.2017225172453,218.1407633790149,186.02700311640524,147.75599578714636,138.38247544402535,128.9878921443775,103.37825115797077,90.95939908651006,87.84597773104926,87.33219965821304,71.10863014115188,64.43283364430818,60.29015968703359,53.96933331596295,53.46116945814087,49.746075554058784,44.58815232110708,42.30940499248376,41.59294146216923,36.01046266244356,35.19286777706035,35.053991209895024,33.25998106648406,30.96326156100716,30.180863787964302,29.604531865687306,27.170536306251982,26.668823950712493,26.406102919582295,25.444833074128553,24.42460911602404,24.281607561868398,23.73533960749352,22.87219660342007,21.957780585006265,21.07305078050606,20.22909606158655,19.887087711759282,19.617172997771313,18.364194517488897,17.763809500157663,16.895965588973063,16.854987836657727,15.835998162763424,15.156575697838418,14.463423920452072,13.855967068711701,12.833280340345743],[1.1050713523947218,0.08751021145215479,0.04537780127704891,0.03632124986853476,0.03263287844254929,0.021113232740016637,0.020077594083597078,0.01849527279361473,0.015801424667647817,0.014908800943417795,0.013841926051372069,0.011991813229287576,0.011181479679272393,0.010776186124602967,0.00976828221114606,0.009395499041804794,0.00798328010527808,0.007602521718737144,0.0071329039882485415,0.0069834754928278205,0.00678994736872852,0.006175360086554694,0.006059743547308874,0.0058623592362346,0.005573041856394187,0.005126606356300808,0.004899098037984256,0.004372486965486256,0.004129628129390734,0.003703242235568332,0.0034358621842481975,0.0027414840529019326]]","[[0.01495562859257329,0.004310341920062183,0.0036304900427271847,0.0034557253237193666,0.0033067291485158385,0.0025549632629303766,0.0024053269002099614,0.002195723954356162,0.002054314913365034,0.0019187469847521735,0.0015402489481004182,0.0012761435429252295,0.0012397851149888325,0.0010806986499887084,0.001022844561834183,0.000953405800628541,0.0008868851687915788,0.0008021600787328194,0.0005959705458224751,1.0557672207178518e-06,9.71016290539095e-07,5.000541889448542e-07,2.8369136408060026e-07,1.3008855842733305e-07,6.109801775232221e-08,4.1000232594521935e-08,2.3731469885690575e-08,2.0380975425287088e-08,1.921138309799855e-08,8.750883598530733e-09,6.984073413464537e-09,4.26587929508664e-09],[0.007309355059451819,0.0021200465873353453,0.0019018191761869224,0.0011615680508447923,0.0008733329626542336,0.0007485378238287132,9.38987614934802e-07,2.3174685777506493e-07,8.551319077189442e-08,2.4070561403505198e-08]]",5.565390533137305,1.3023751788811533,0.28059197471671077,0.0820125611845643,0.2810246305966395,0.00010107329360657743,0.5911565424504251,0.005198649265065658,0.01944222209522359,0.01495562859257329,0.044431665888306646,0.04468017284830736,0.04869295796379447,32,7,2
37,MNISTConvNet,MNIST conv filters=32 kernel=7 stride=2 lr=3e-03,1.0,0.003,Muon,0,0,512,64,2.3027670894857626,5.6311134194242385e-05,0.9140625,full_conv_patch_and_classifier_activation,2.5209899789826435,1.57628983203184,1.6128578587734266,3.414170505099218e-05,5.6357692206737916e-05,"[[0.005724549561902923,0.0011244798680996823,0.0008664987545765395,0.000507497061054741,0.0004348579251971404,0.0003339675274358628,0.00031381689535390394,0.0002562456189045953,0.00018205217156085034,0.00013863828377987846,0.00012847982562303012,0.0001233938873438271,0.00011517172583598286,8.428452176596304e-05,8.232639495564814e-05,6.464340589292127e-05,6.148495134143832e-05,5.472904660017638e-05,5.2096388109514515e-05,4.3715722143287386e-05,3.798128962364672e-05,3.232496140631576e-05,3.130216937490491e-05,2.944402982829158e-05,2.587447468886382e-05,2.4873414865631703e-05,2.1322624062642217e-05,1.9511118104735976e-05,1.4838147644338959e-05,1.237092518424174e-05,1.1142356273646523e-05,7.22235566122159e-06],[0.006403894708758739,0.000551566191569746,0.0004356541974086667,0.00028573971418665374,0.00022518734177034313,0.00017805332923534803,0.00011655297076148056,8.66313180214025e-05,6.363773828380767e-05,5.027406518802294e-19]]","[[501.2838233391682,262.2017225172453,218.1407633790149,186.02700311640524,147.75599578714636,138.38247544402535,128.9878921443775,103.37825115797077,90.95939908651006,87.84597773104926,87.33219965821304,71.10863014115188,64.43283364430818,60.29015968703359,53.96933331596295,53.46116945814087,49.746075554058784,44.58815232110708,42.30940499248376,41.59294146216923,36.01046266244356,35.19286777706035,35.053991209895024,33.25998106648406,30.96326156100716,30.180863787964302,29.604531865687306,27.170536306251982,26.668823950712493,26.406102919582295,25.444833074128553,24.42460911602404,24.281607561868398,23.73533960749352,22.87219660342007,21.957780585006265,21.07305078050606,20.22909606158655,19.887087711759282,19.617172997771313,18.364194517488897,17.763809500157663,16.895965588973063,16.854987836657727,15.835998162763424,15.156575697838418,14.463423920452072,13.855967068711701,12.833280340345743],[1.1050713523947218,0.08751021145215479,0.04537780127704891,0.03632124986853476,0.03263287844254929,0.021113232740016637,0.020077594083597078,0.01849527279361473,0.015801424667647817,0.014908800943417795,0.013841926051372069,0.011991813229287576,0.011181479679272393,0.010776186124602967,0.00976828221114606,0.009395499041804794,0.00798328010527808,0.007602521718737144,0.0071329039882485415,0.0069834754928278205,0.00678994736872852,0.006175360086554694,0.006059743547308874,0.0058623592362346,0.005573041856394187,0.005126606356300808,0.004899098037984256,0.004372486965486256,0.004129628129390734,0.003703242235568332,0.0034358621842481975,0.0027414840529019326]]","[[0.003000000000000002,0.003000000000000002,0.003000000000000002,0.003000000000000002,0.0030000000000000014,0.0030000000000000014,0.0030000000000000014,0.0030000000000000014,0.003000000000000001,0.003000000000000001,0.003000000000000001,0.003000000000000001,0.003000000000000001,0.003000000000000001,0.0030000000000000005,0.0030000000000000005,0.0030000000000000005,0.0030000000000000005,0.0030000000000000005,0.0030000000000000005,0.0030000000000000005,0.003,0.003,0.003,0.003,0.003,0.0029999999999999996,0.0029999999999999996,0.002999999999999999,0.002999999999999999,0.002999999999999999,0.0029999999999999983],[0.0030000000000000027,0.003000000000000002,0.0030000000000000014,0.0030000000000000014,0.0030000000000000005,0.003,0.003,0.003,0.0029999999999999996,0.0029999999999999988]]",21.0,20.99999999999998,1.0,0.9999999999999989,0.9999999999999989,5.792416474257774e-05,0.33878631764823336,0.002979297554511946,0.01944222209522358,0.0030000000000000027,0.044431665888306625,0.04789306754486309,0.09362545795738697,32,7,2
36,MNISTConvNet,MNIST conv filters=32 kernel=7 stride=2 lr=3e-03,1.0,0.003,Adam,0,1,512,64,2.3026144637404813,8.567287437655224e-05,0.900390625,full_conv_patch_and_classifier_activation,2.884347656524634,1.577883329931629,1.8042794578223442,3.6027457820688335e-05,6.260730632971838e-05,"[[0.004351856763718987,0.0008790243066512858,0.0008574233760136242,0.0005230151774374997,0.00036881281690124125,0.0003057341286567454,0.00027514067968508274,0.0002317399264085526,0.0002217466153661094,0.00018572160533840431,0.00012910812300270843,0.00012280281976014527,9.340708250780631e-05,8.165321731020516e-05,7.217451218890041e-05,6.738559198113531e-05,6.0506852404328355e-05,4.985821862607894e-05,4.435053164710561e-05,4.114993657646509e-05,3.790891029126911e-05,3.36418846435762e-05,3.003947083277151e-05,2.8709163333064154e-05,2.5026136319377875e-05,2.062570533436433e-05,1.9599249390399384e-05,1.705480198829124e-05,1.4868837673355067e-05,1.2276257489965445e-05,1.0715288777128027e-05,7.982068005773602e-06],[0.005811249418148198,0.0007046054959452852,0.00041597002539500125,0.00020504110483374652,0.00018067695638939406,0.00017198295568813575,0.00011984953251351775,0.00011312040627072221,8.924224113017217e-05,5.187785999911522e-19]]","[[501.2838233391682,262.2017225172453,218.1407633790149,186.02700311640524,147.75599578714636,138.38247544402535,128.9878921443775,103.37825115797077,90.95939908651006,87.84597773104926,87.33219965821304,71.10863014115188,64.43283364430818,60.29015968703359,53.96933331596295,53.46116945814087,49.746075554058784,44.58815232110708,42.30940499248376,41.59294146216923,36.01046266244356,35.19286777706035,35.053991209895024,33.25998106648406,30.96326156100716,30.180863787964302,29.604531865687306,27.170536306251982,26.668823950712493,26.406102919582295,25.444833074128553,24.42460911602404,24.281607561868398,23.73533960749352,22.87219660342007,21.957780585006265,21.07305078050606,20.22909606158655,19.887087711759282,19.617172997771313,18.364194517488897,17.763809500157663,16.895965588973063,16.854987836657727,15.835998162763424,15.156575697838418,14.463423920452072,13.855967068711701,12.833280340345743],[0.9796999966012158,0.0837257441224086,0.04682110799809301,0.03762530806563063,0.034915368397168835,0.02250162719201806,0.019960685144469904,0.018568583556472843,0.01651135867092869,0.015665414722362856,0.01365865455258462,0.011826185444407621,0.011442789632503182,0.01027428126881131,0.009695905496133429,0.009201836037704813,0.008115852404578043,0.007693264497044267,0.007203436824226653,0.006989835297623497,0.006718220571893561,0.006374673022385534,0.00603744071494516,0.005801767251784487,0.005710513694054228,0.005173735302978181,0.0050704763257432995,0.00460378542186826,0.00424394244790521,0.003943650341485362,0.0036577520801755483,0.00281331094030579]]","[[0.01584335871638517,0.004293978725749944,0.003930026787441632,0.0027733498868263424,0.002397411986356531,0.001973608532527674,0.0018013804846596494,0.0016310602202686427,0.0015773501591260792,0.001271410595777522,0.0011695803696432543,0.000989914473286432,0.0008762128996320366,0.0007761754127651958,0.0007227248012667052,0.0005929669043268366,0.000525797757426025,0.00036484950852874596,0.00032283615232980183,0.00019487162752056781,0.00019187733176110437,0.00013365219415502872,0.00010999743202485393,9.362597437983913e-05,7.45615247658868e-05,7.267456022677579e-05,5.984803888479129e-05,3.819145678521578e-05,3.0010998584016646e-05,2.5988969919412563e-05,2.1637682701836764e-05,1.44658740427067e-05],[0.007114666241573549,0.0024305022472989827,0.0014637040976813887,0.0011307299075756143,0.0006473247173638272,0.00041953934650355585,0.00036162892874561363,0.00028253695513980466,0.0001747568781896595,5.1875954917431655e-05]]",4.804466199531072,1.232823446623948,0.26220665151275274,0.07980527496705836,0.28378176310191994,8.720197811632824e-05,0.6001400788624466,0.004483629071343187,0.019448972412475826,0.01584335871638517,0.04448265787628786,0.04424354713802546,0.14063191693276167,32,7,2
37,MNISTConvNet,MNIST conv filters=32 kernel=7 stride=2 lr=3e-03,1.0,0.003,Muon,0,1,512,64,2.3026496200667,5.109442820483423e-05,0.9140625,full_conv_patch_and_classifier_activation,2.7946814651194565,1.5768582673029061,1.7459466764954197,3.646751933561865e-05,6.0979547071598546e-05,"[[0.004476477169863454,0.0008857576200546474,0.0008195977620985668,0.00047961114486585836,0.0003626266465720896,0.0003365122409208447,0.00030397584437406405,0.000219925646833916,0.0002151819192997432,0.00018399392897978166,0.00012704538239024027,0.00011716036201739509,9.760927663723458e-05,8.599285868366573e-05,7.387329718659174e-05,7.042335154312024e-05,6.121625187289386e-05,5.79724073904843e-05,4.492840864787817e-05,4.10493482302243e-05,3.575882281370109e-05,3.320919013048207e-05,2.975505055514416e-05,2.6409177220260826e-05,2.444006452080455e-05,2.0948412590414162e-05,1.8811074848999347e-05,1.6181534139429775e-05,1.4414602858945264e-05,1.2855240229095324e-05,1.0195950108457919e-05,8.200724845425526e-06],[0.006183808545966213,0.0006686925332734705,0.0003998820497381715,0.00020783859775061676,0.0001909913765300278,0.00016220900468119797,0.00011984861519328249,0.00010383770867232962,9.113997094566589e-05,4.1007688748134594e-19]]","[[501.2838233391682,262.2017225172453,218.1407633790149,186.02700311640524,147.75599578714636,138.38247544402535,128.9878921443775,103.37825115797077,90.95939908651006,87.84597773104926,87.33219965821304,71.10863014115188,64.43283364430818,60.29015968703359,53.96933331596295,53.46116945814087,49.746075554058784,44.58815232110708,42.30940499248376,41.59294146216923,36.01046266244356,35.19286777706035,35.053991209895024,33.25998106648406,30.96326156100716,30.180863787964302,29.604531865687306,27.170536306251982,26.668823950712493,26.406102919582295,25.444833074128553,24.42460911602404,24.281607561868398,23.73533960749352,22.87219660342007,21.957780585006265,21.07305078050606,20.22909606158655,19.887087711759282,19.617172997771313,18.364194517488897,17.763809500157663,16.895965588973063,16.854987836657727,15.835998162763424,15.156575697838418,14.463423920452072,13.855967068711701,12.833280340345743],[1.0339550465428196,0.08368170631689778,0.045083222501285464,0.036323682965467896,0.033073218563789426,0.021439184169022792,0.019603755973153985,0.01830719147244844,0.016054458190591078,0.015044861948944705,0.013679552995688715,0.011813179406258029,0.011344001214983966,0.010697509934476792,0.009873772635634966,0.009116124524532728,0.008095685465224555,0.007494306185696876,0.007094858579372486,0.006971338494524326,0.006701090338625817,0.006190259406056897,0.006020625195622619,0.005942721602757049,0.005596142256267524,0.005130784427787806,0.004858183255818271,0.004421019401698438,0.004227667957178211,0.0038192800579967758,0.0036059591200493088,0.0028882769650047445]]","[[0.0030000000000000022,0.003000000000000002,0.003000000000000002,0.0030000000000000014,0.0030000000000000014,0.003000000000000001,0.003000000000000001,0.0030000000000000005,0.0030000000000000005,0.0030000000000000005,0.0030000000000000005,0.003,0.003,0.003,0.003,0.003,0.003,0.003,0.0029999999999999996,0.0029999999999999996,0.0029999999999999996,0.0029999999999999996,0.0029999999999999996,0.0029999999999999996,0.0029999999999999996,0.0029999999999999996,0.0029999999999999996,0.002999999999999999,0.002999999999999999,0.002999999999999999,0.002999999999999999,0.002999999999999999],[0.0030000000000000022,0.0030000000000000014,0.0030000000000000014,0.003000000000000001,0.003,0.003,0.0029999999999999996,0.0029999999999999996,0.0029999999999999988,0.0029999999999999983]]",21.0,20.999999999999968,1.0000000000000002,0.9999999999999984,0.9999999999999983,5.2321077348224494e-05,0.3438540648260723,0.002691105836152255,0.019442222095223578,0.0030000000000000022,0.044482657876287884,0.04791053917120775,0.18503008293919265,32,7,2
36,MNISTConvNet,MNIST conv filters=32 kernel=7 stride=2 lr=3e-03,1.0,0.003,Adam,0,2,512,64,2.3026140607732684,5.4425809937974634e-05,0.9140625,full_conv_patch_and_classifier_activation,2.7012602511852744,1.5783794089697984,1.7699169349009436,3.1387482894761554e-05,6.071149696486653e-05,"[[0.00609111041709873,0.0013093171406879144,0.0009287589332655444,0.0005181110062593749,0.0004678177698010897,0.00034286728057535213,0.00031209986787804003,0.000244852495119126,0.00022678702354381544,0.00018636734925964933,0.00017546314394174022,0.00013370722185404783,0.0001222775680871551,0.00010009705357145572,8.789581446375078e-05,6.352349868457045e-05,6.036885136999209e-05,5.4401883100541325e-05,4.843238769427407e-05,4.559688611471205e-05,4.18891171445972e-05,4.125800656674474e-05,3.273128020178198e-05,3.11305145465459e-05,2.636814532835905e-05,2.528162713956646e-05,2.2770967161740026e-05,2.120762123202896e-05,1.767616036747841e-05,1.406034468204253e-05,1.2440052280214018e-05,9.628269619851605e-06],[0.005291506903305843,0.0007997010376058176,0.00042752779242064454,0.0003283854005537373,0.0002532098041148221,0.00016888599209352058,0.00013112355937952057,9.754167061713964e-05,6.0148834824564696e-05,3.8731674080475086e-19]]","[[501.2838233391682,262.2017225172453,218.1407633790149,186.02700311640524,147.75599578714636,138.38247544402535,128.9878921443775,103.37825115797077,90.95939908651006,87.84597773104926,87.33219965821304,71.10863014115188,64.43283364430818,60.29015968703359,53.96933331596295,53.46116945814087,49.746075554058784,44.58815232110708,42.30940499248376,41.59294146216923,36.01046266244356,35.19286777706035,35.053991209895024,33.25998106648406,30.96326156100716,30.180863787964302,29.604531865687306,27.170536306251982,26.668823950712493,26.406102919582295,25.444833074128553,24.42460911602404,24.281607561868398,23.73533960749352,22.87219660342007,21.957780585006265,21.07305078050606,20.22909606158655,19.887087711759282,19.617172997771313,18.364194517488897,17.763809500157663,16.895965588973063,16.854987836657727,15.835998162763424,15.156575697838418,14.463423920452072,13.855967068711701,12.833280340345743],[0.9620983452215428,0.08340282417776765,0.0508328397581624,0.03694286946878284,0.03599208696395588,0.023390713611391473,0.020066447393332132,0.018112211946960565,0.017480062538965613,0.015669012331261136,0.013536238106310055,0.012225215348739714,0.011605779625757625,0.00976029867207932,0.009223950228949103,0.008760476278376698,0.008035046361049632,0.007632191267074312,0.007322094252576131,0.006917519094815731,0.006367424319465408,0.006057116587917101,0.005952904265070082,0.005613362000821552,0.00548471550794549,0.005112972073959115,0.004705437107071242,0.004610550133478325,0.0042994292323211515,0.004039609606752914,0.0036623195358208437,0.002692188422559467]]","[[0.015554330663065111,0.005080913415205648,0.0038468856661618067,0.0029956171961769366,0.0023147116672627656,0.001990103465719363,0.0018413312387250372,0.0016993578477092772,0.001364537074421399,0.0013390926407180065,0.00103402116763371,0.0009744320139243232,0.0008920956850103474,0.0007417678043996809,0.0006024299670640745,0.000557591582848553,0.0005343823046783565,0.00045850167290337185,0.0003795939560415289,0.00035366030034057316,0.0002771641188896872,0.00025992015665449137,0.00022033303069660782,0.00019306618574375071,0.00017793978129436767,0.00015665614092135157,0.00013781446649127813,9.513785823492134e-05,8.526697609940738e-05,7.803079401642563e-05,5.324850802196955e-05,2.3991702665485016e-05],[0.006921757077749695,0.002453243361455924,0.0017772792367141792,0.0014366794216286618,0.0009125538280283814,0.000723862946706323,0.0005846306557272909,0.0004639361552586022,0.0003709547515531771,0.00021833793163459418]]",5.449094443928088,1.292099164122111,0.311509833559276,0.08432443927009192,0.25174496098156257,5.400387658618865e-05,0.3331124052831485,0.0027807411983613475,0.019420676982817527,0.015554330663065111,0.04438394264333978,0.044232831716046334,0.2323954578023404,32,7,2
37,MNISTConvNet,MNIST conv filters=32 kernel=7 stride=2 lr=3e-03,1.0,0.003,Muon,0,2,512,64,2.302537819207533,5.758680852840925e-05,0.89453125,full_conv_patch_and_classifier_activation,2.76867613067828,1.5772982313461212,1.779547198578268,3.113639502734546e-05,5.752148803935931e-05,"[[0.005702900671234495,0.001220402754211833,0.0008622489885868539,0.0005812800065704306,0.00047480933670104717,0.0003873299261361974,0.0003180902869228737,0.00027697159614739034,0.0002365297382370086,0.0002051698919967348,0.00015432710873462344,0.00013298054235862027,0.0001141527287579508,0.0001005939924811094,8.322372856693996e-05,7.44408500157303e-05,6.475149730312716e-05,6.017562883990792e-05,5.324498770560992e-05,4.871210769259981e-05,4.723204216415668e-05,3.9729405750228594e-05,3.71285285689249e-05,3.298117694913345e-05,2.7703188705505427e-05,2.5242041539292076e-05,2.261239248500913e-05,1.9634215246220474e-05,1.729337871281549e-05,1.4196266353201176e-05,1.1886797100042385e-05,1.1316633607124133e-05],[0.005487609930753253,0.0007764746568909988,0.00040815760353776276,0.00032461127922630753,0.00023341173158100256,0.00014641474325798013,0.00010959007455352533,8.562140535994477e-05,6.061756803226274e-05,3.06507962185575e-19]]","[[501.2838233391682,262.2017225172453,218.1407633790149,186.02700311640524,147.75599578714636,138.38247544402535,128.9878921443775,103.37825115797077,90.95939908651006,87.84597773104926,87.33219965821304,71.10863014115188,64.43283364430818,60.29015968703359,53.96933331596295,53.46116945814087,49.746075554058784,44.58815232110708,42.30940499248376,41.59294146216923,36.01046266244356,35.19286777706035,35.053991209895024,33.25998106648406,30.96326156100716,30.180863787964302,29.604531865687306,27.170536306251982,26.668823950712493,26.406102919582295,25.444833074128553,24.42460911602404,24.281607561868398,23.73533960749352,22.87219660342007,21.957780585006265,21.07305078050606,20.22909606158655,19.887087711759282,19.617172997771313,18.364194517488897,17.763809500157663,16.895965588973063,16.854987836657727,15.835998162763424,15.156575697838418,14.463423920452072,13.855967068711701,12.833280340345743],[0.9992196110467405,0.08118941783513156,0.04758139283887597,0.03621401350369346,0.0336105067773235,0.022795415874025234,0.019597448246606787,0.01849090937735729,0.016054661333688925,0.01538592699809677,0.013554322880778411,0.011894321008082282,0.011435874775376585,0.010407170152552653,0.010026677379437895,0.009105054483440898,0.008163089698268084,0.007468102663413218,0.007110757070017538,0.0068907354603978035,0.006587651971527398,0.006365803610513834,0.006060209392332332,0.005826576639797134,0.005710260293353367,0.005192238602842171,0.004891246100515752,0.004537189785055847,0.004269813450208775,0.003858376934728178,0.0037704767277176514,0.0029497803026287918]]","[[0.0030000000000000022,0.003000000000000002,0.003000000000000002,0.003000000000000002,0.0030000000000000014,0.0030000000000000014,0.0030000000000000014,0.003000000000000001,0.003000000000000001,0.003000000000000001,0.003000000000000001,0.003000000000000001,0.003000000000000001,0.003000000000000001,0.003000000000000001,0.0030000000000000005,0.0030000000000000005,0.0030000000000000005,0.0030000000000000005,0.003,0.003,0.003,0.003,0.003,0.0029999999999999996,0.0029999999999999996,0.0029999999999999996,0.002999999999999999,0.002999999999999999,0.002999999999999999,0.0029999999999999988,0.0029999999999999988],[0.0030000000000000014,0.0030000000000000014,0.003000000000000001,0.003000000000000001,0.0030000000000000005,0.002999999999999999,0.002999999999999999,0.002999999999999999,0.0029999999999999983,0.0029999999999999983]]",21.0,20.99999999999998,1.0,0.9999999999999989,0.9999999999999989,5.727540428872734e-05,0.36008424114830656,0.002945928917394598,0.019442222095223585,0.0030000000000000022,0.044383942643339794,0.04771304613314517,0.27699579182080925,32,7,2
36,MNISTConvNet,MNIST conv filters=32 kernel=7 stride=2 lr=3e-03,1.0,0.003,Adam,0,3,512,64,2.3025599776697923,1.8391653066274216e-05,0.9140625,full_conv_patch_and_classifier_activation,4.387602990735435,1.577872191436805,2.648776927982749,1.7802563680305764e-05,4.056524125266455e-05,"[[0.0023706551672134416,0.0010764619115524274,0.0006892392133897983,0.0005982926142003532,0.0004026580769280761,0.0002916362466467445,0.0002683554270527581,0.00021329937029533722,0.00018984235446171155,0.00017432416436462766,0.00013551203792481567,0.00011967028608597823,8.6847197516034e-05,7.735309971135838e-05,7.437012819544942e-05,5.850249283598017e-05,5.288693983406146e-05,5.194682329647365e-05,3.940083290006247e-05,3.8113419528519596e-05,3.272885032691519e-05,2.8517567590726584e-05,2.7617593840996545e-05,2.5412232993166766e-05,2.1877504833993078e-05,2.0243672338374105e-05,1.836143230491334e-05,1.6718065596704424e-05,1.1703647597269387e-05,1.0597093041697905e-05,9.2224692264376e-06,7.275450569770529e-06],[0.004122098252954578,0.0009353394270798911,0.0004625857645824817,0.0003448745525057552,0.0002636635178077637,0.00013267420180057015,9.975696881947367e-05,9.160419564186995e-05,5.611427803646862e-05,3.3988350215089333e-19]]","[[501.2838233391682,262.2017225172453,218.1407633790149,186.02700311640524,147.75599578714636,138.38247544402535,128.9878921443775,103.37825115797077,90.95939908651006,87.84597773104926,87.33219965821304,71.10863014115188,64.43283364430818,60.29015968703359,53.96933331596295,53.46116945814087,49.746075554058784,44.58815232110708,42.30940499248376,41.59294146216923,36.01046266244356,35.19286777706035,35.053991209895024,33.25998106648406,30.96326156100716,30.180863787964302,29.604531865687306,27.170536306251982,26.668823950712493,26.406102919582295,25.444833074128553,24.42460911602404,24.281607561868398,23.73533960749352,22.87219660342007,21.957780585006265,21.07305078050606,20.22909606158655,19.887087711759282,19.617172997771313,18.364194517488897,17.763809500157663,16.895965588973063,16.854987836657727,15.835998162763424,15.156575697838418,14.463423920452072,13.855967068711701,12.833280340345743],[1.014099675397845,0.08560788292753908,0.0564272880666016,0.03708381689184447,0.0340837737751922,0.022907709744129055,0.019554148304983646,0.017260511469529297,0.015932325634951863,0.015060333248219347,0.013082471955452243,0.012494086442219767,0.01094928551629187,0.00959246430547079,0.00913876567706786,0.008330775804294187,0.007934074375431345,0.007711806395020231,0.007276974439094004,0.006760101230096586,0.0064761719841975015,0.006362597192035408,0.005734357077275329,0.005534388194293244,0.005174448265349125,0.004847121790286172,0.004649801617102654,0.0042199948501271,0.003955330782051062,0.0038018730612756862,0.003403947728747712,0.0020362888832859832]]","[[0.014452842126386693,0.006262131412335103,0.004752841320449042,0.003553351394754212,0.0032586083669263583,0.0030373936994321413,0.0023225359396345777,0.002080970601165942,0.0015417899945541892,0.0014289201724368315,0.0013063617818013067,0.0011194098918208524,0.0009882397824159679,0.0009041123857437022,0.0008089439778121865,0.0007104124748104114,0.0005240203743370743,0.0005155289334803581,0.0004794044142749417,0.00041990637523693853,0.00033791530643062913,0.00032358277927158063,0.00025401266233428824,0.0002405213697332257,0.00021103489533766184,0.00019042714609730815,0.00016195066299749374,0.0001269117740296941,0.00011838485230101612,8.671936576716326e-05,7.808921659845374e-05,6.639586985201595e-05],[0.005709332431321874,0.0032279968599783562,0.0019407132083803912,0.001652602485485885,0.0010873146562480828,0.0010034631075660902,0.000843388432498575,0.0006915283854529556,0.0004969445499451175,0.00038150224683683454]]",6.99429249060389,1.5944680167002467,0.4057735345373691,0.10601956618765063,0.2410543022546616,1.7803165832213296e-05,0.17816348658990236,0.0009157645937217044,0.019440766714795676,0.014452842126386693,0.04430089429746321,0.0429830503125957,0.3238884168677032,32,7,2
37,MNISTConvNet,MNIST conv filters=32 kernel=7 stride=2 lr=3e-03,1.0,0.003,Muon,0,3,512,64,2.302532967012586,4.3463142226141116e-05,0.873046875,full_conv_patch_and_classifier_activation,4.096644076037487,1.5771597552507928,2.509268102827434,1.7610171935301858e-05,3.9837604536993854e-05,"[[0.002787365977633165,0.001202738454919434,0.0007085929495795174,0.0006192284555385998,0.00041277597040168386,0.000324639372826382,0.0002683514766464177,0.0002151288580053333,0.00020807259972850366,0.0001534620212953638,0.00011873259883033825,0.00010219595062545672,9.970066700532471e-05,8.619234750522866e-05,7.687802260353228e-05,6.727643357354675e-05,6.12924471490958e-05,5.7614387317836794e-05,4.5254642262414785e-05,3.944075743436974e-05,3.622392733138696e-05,3.482574381397599e-05,3.111110567980094e-05,2.6945527479564934e-05,2.5863028275773524e-05,2.304768241161062e-05,1.9157483407557954e-05,1.6442084806387115e-05,1.5247516199722359e-05,1.366674424865926e-05,1.157271451413559e-05,1.0703720268782231e-05],[0.004194213446303367,0.0008950406236098741,0.00045241333315559245,0.0003713490610333836,0.00026597348773083795,0.0001527098588134919,9.894172894730019e-05,9.182119472619044e-05,5.345094765475114e-05,2.7791856154157966e-19]]","[[501.2838233391682,262.2017225172453,218.1407633790149,186.02700311640524,147.75599578714636,138.38247544402535,128.9878921443775,103.37825115797077,90.95939908651006,87.84597773104926,87.33219965821304,71.10863014115188,64.43283364430818,60.29015968703359,53.96933331596295,53.46116945814087,49.746075554058784,44.58815232110708,42.30940499248376,41.59294146216923,36.01046266244356,35.19286777706035,35.053991209895024,33.25998106648406,30.96326156100716,30.180863787964302,29.604531865687306,27.170536306251982,26.668823950712493,26.406102919582295,25.444833074128553,24.42460911602404,24.281607561868398,23.73533960749352,22.87219660342007,21.957780585006265,21.07305078050606,20.22909606158655,19.887087711759282,19.617172997771313,18.364194517488897,17.763809500157663,16.895965588973063,16.854987836657727,15.835998162763424,15.156575697838418,14.463423920452072,13.855967068711701,12.833280340345743],[1.034611228656041,0.08355780803849748,0.049405958221738426,0.037673914928780486,0.034052676762844576,0.023342918945426682,0.019664378078146687,0.018492412342822104,0.016039814128887112,0.015057403937806585,0.013716332399911567,0.012445770943743327,0.011175820148854891,0.010659990386408889,0.010186942986462083,0.008864785497171571,0.008064265978330229,0.007497744410410193,0.00729186701967355,0.00678553239721204,0.006690237368984888,0.006333159227281908,0.006009834438622201,0.005721285800918269,0.005557310227146937,0.005285262780457277,0.0049143695103632664,0.004564037236182487,0.004301167699690342,0.003864952340059709,0.003692162546584608,0.0027211987322111027]]","[[0.0030000000000000022,0.0030000000000000022,0.0030000000000000014,0.0030000000000000014,0.0030000000000000014,0.0030000000000000014,0.003000000000000001,0.003000000000000001,0.003000000000000001,0.003000000000000001,0.003000000000000001,0.003000000000000001,0.003000000000000001,0.0030000000000000005,0.0030000000000000005,0.0030000000000000005,0.0030000000000000005,0.003,0.003,0.003,0.0029999999999999996,0.0029999999999999996,0.0029999999999999996,0.0029999999999999996,0.0029999999999999996,0.002999999999999999,0.002999999999999999,0.002999999999999999,0.0029999999999999988,0.0029999999999999988,0.0029999999999999983,0.0029999999999999983],[0.0030000000000000022,0.0030000000000000022,0.003000000000000002,0.003000000000000002,0.0030000000000000014,0.003000000000000001,0.0030000000000000005,0.0030000000000000005,0.0030000000000000005,0.0030000000000000005]]",20.999999999999996,20.999999999999975,0.9999999999999998,0.999999999999999,0.9999999999999991,4.348696605388108e-05,0.41193764514283016,0.00223672818060054,0.01944222209522359,0.0030000000000000022,0.04430089429746322,0.04756878808377367,0.36849187477491796,32,7,2
36,MNISTConvNet,MNIST conv filters=32 kernel=7 stride=2 lr=3e-03,1.0,0.003,Adam,0,4,512,64,2.3024860876036186,6.158541910927795e-05,0.9140625,full_conv_patch_and_classifier_activation,3.358793908653656,1.5764953473640997,2.2016831228545812,1.3701795623749471e-05,3.2892708096704335e-05,"[[0.003312544451713896,0.00078090953020828,0.0006369029162251288,0.0004548456979764794,0.0003804819426889372,0.00023843317170982377,0.00020884222965451507,0.00018074490429126756,0.00015555123173806185,0.00012392589641567638,0.00010429838845955064,9.077116815897415e-05,8.091580694383625e-05,7.311715523033444e-05,6.517288214251728e-05,5.8380571898642545e-05,4.858036799218253e-05,4.4414990261440575e-05,4.1075071867483795e-05,3.5331336897552354e-05,3.110591485174259e-05,2.9158247189290834e-05,2.695416505425243e-05,2.303760609282823e-05,1.89474281390354e-05,1.8688876464140083e-05,1.7376467782260865e-05,1.5210047851260858e-05,1.4124979449512906e-05,1.2564284155948165e-05,9.69035338969525e-06,6.304566602805609e-06],[0.00394425071818448,0.0008939155356415933,0.0006252186706288077,0.00033122439654087015,0.00022463302251745406,0.00014631673547689828,0.00013199990265517619,8.791131119803581e-05,3.4882327675476904e-05,3.2291164013229773e-19]]","[[501.2838233391682,262.2017225172453,218.1407633790149,186.02700311640524,147.75599578714636,138.38247544402535,128.9878921443775,103.37825115797077,90.95939908651006,87.84597773104926,87.33219965821304,71.10863014115188,64.43283364430818,60.29015968703359,53.96933331596295,53.46116945814087,49.746075554058784,44.58815232110708,42.30940499248376,41.59294146216923,36.01046266244356,35.19286777706035,35.053991209895024,33.25998106648406,30.96326156100716,30.180863787964302,29.604531865687306,27.170536306251982,26.668823950712493,26.406102919582295,25.444833074128553,24.42460911602404,24.281607561868398,23.73533960749352,22.87219660342007,21.957780585006265,21.07305078050606,20.22909606158655,19.887087711759282,19.617172997771313,18.364194517488897,17.763809500157663,16.895965588973063,16.854987836657727,15.835998162763424,15.156575697838418,14.463423920452072,13.855967068711701,12.833280340345743],[1.1124013719399088,0.08615021386220802,0.057310679356805595,0.0366924433347938,0.032387414251627514,0.021597283166920132,0.018977979461887874,0.01690822615960307,0.015076232778680242,0.013815175797384832,0.013115706910173608,0.012287263249479806,0.01015839641644948,0.009690022546785155,0.008439628337629599,0.008384277428473844,0.0076116647952852974,0.00745609297633742,0.007302792248894087,0.006775886211504104,0.006469531268563625,0.0060955400422801785,0.005576512611279056,0.00507887668407884,0.0049027270218517365,0.004786451526997542,0.004446121615916571,0.003997845222227583,0.00354914148836663,0.0034773114318641008,0.0028552827619305566,0.00153932280914277]]","[[0.014586444297707578,0.006424649426536101,0.004221050801352455,0.003434530755867296,0.002983222602081922,0.002573539868754449,0.002322839294422894,0.0018617532269133996,0.001491014518945248,0.0012304444502428224,0.0011750013486480921,0.0009248201353093618,0.0008705256270637161,0.0006953246807185169,0.0006872576526492682,0.0005851207326066208,0.0005033686980054296,0.00045286596871697274,0.00043314432226083287,0.00036537057926578617,0.00033315897861047386,0.00030960747475060373,0.00025554246762389966,0.00019634039355752986,0.00018776869855304226,0.0001614594592289407,0.00015150590502484992,0.00012843138520594218,0.00010540400902419518,9.143818061860816e-05,7.478522388614443e-05,7.018023790067627e-05],[0.006367987939222977,0.003465300193719952,0.0019647272660529695,0.0015524937034628128,0.0011046138648429195,0.0008767975388457117,0.0008058752175661042,0.0007216129907809302,0.0004638917668264055,0.000344716808577162]]",6.426350815521131,1.514081125270827,0.3729981540109259,0.10014584502428982,0.2484800638087123,5.6716758394617726e-05,0.5357896999699527,0.0029109973608162933,0.019483617250244906,0.014586444297707578,0.04419902750398933,0.04425288946532685,0.41720429179258645,32,7,2
37,MNISTConvNet,MNIST conv filters=32 kernel=7 stride=2 lr=3e-03,1.0,0.003,Muon,0,4,512,64,2.302514758789802,4.1873382155444006e-05,0.9140625,full_conv_patch_and_classifier_activation,3.5360121620452944,1.5772488249545378,2.2988463790633555,1.377508757522006e-05,3.386492887371156e-05,"[[0.00333605596461793,0.0007491296773942307,0.0006634228836166778,0.00044252363386186377,0.0003743624586994847,0.0002904953476265157,0.00025742512124117263,0.00019371440222472626,0.00018059141855166045,0.0001555565994008281,0.0001273900571056573,0.00010306492847365534,9.752343816550906e-05,8.803214186130444e-05,7.297002567741888e-05,6.210676938191071e-05,5.993060805914945e-05,5.1272382043600985e-05,4.798055393558828e-05,3.9277135932980906e-05,3.500536423051409e-05,3.249650489819364e-05,2.9910534891787408e-05,2.7459920944250916e-05,2.2736572523473892e-05,2.0901943084739627e-05,2.0190062010607422e-05,1.9709048614319056e-05,1.4954984084563891e-05,1.3351518531342104e-05,1.1135937129769785e-05,9.15186376147556e-06],[0.0037321080044010065,0.0008517174011034376,0.0005352337329072595,0.0003544973632334892,0.00023921371834026642,0.0001760817207817347,0.000130891277013687,8.289960338522372e-05,4.980569728695085e-05,3.711147059376722e-19]]","[[501.2838233391682,262.2017225172453,218.1407633790149,186.02700311640524,147.75599578714636,138.38247544402535,128.9878921443775,103.37825115797077,90.95939908651006,87.84597773104926,87.33219965821304,71.10863014115188,64.43283364430818,60.29015968703359,53.96933331596295,53.46116945814087,49.746075554058784,44.58815232110708,42.30940499248376,41.59294146216923,36.01046266244356,35.19286777706035,35.053991209895024,33.25998106648406,30.96326156100716,30.180863787964302,29.604531865687306,27.170536306251982,26.668823950712493,26.406102919582295,25.444833074128553,24.42460911602404,24.281607561868398,23.73533960749352,22.87219660342007,21.957780585006265,21.07305078050606,20.22909606158655,19.887087711759282,19.617172997771313,18.364194517488897,17.763809500157663,16.895965588973063,16.854987836657727,15.835998162763424,15.156575697838418,14.463423920452072,13.855967068711701,12.833280340345743],[1.049790203293603,0.08458141255450137,0.051395649986931254,0.0388620418262212,0.035554093874628406,0.02415386321988669,0.01965975496076532,0.018337504623768312,0.01605289395692204,0.01583303298476078,0.013663004194976831,0.01277956378634733,0.01126963392793713,0.010589060507683812,0.010261717271697177,0.009131779818423683,0.008164935390171772,0.0076813200555806566,0.007094815807489009,0.007009107969343187,0.006761259219509784,0.006319655268555318,0.00615569612504546,0.005686688949091376,0.005347195648414447,0.005126901133756467,0.004933464836714691,0.0044896085789604126,0.004242189848256388,0.003973867211300385,0.0036535319780327522,0.0026915249643697926]]","[[0.003000000000000001,0.0030000000000000005,0.0030000000000000005,0.003,0.003,0.003,0.003,0.003,0.003,0.003,0.003,0.003,0.003,0.003,0.003,0.003,0.0029999999999999996,0.0029999999999999996,0.0029999999999999996,0.0029999999999999996,0.0029999999999999996,0.0029999999999999996,0.0029999999999999996,0.0029999999999999988,0.0029999999999999988,0.0029999999999999988,0.0029999999999999988,0.0029999999999999988,0.0029999999999999988,0.0029999999999999988,0.0029999999999999975,0.0029999999999999975],[0.003000000000000001,0.003000000000000001,0.003,0.003,0.003,0.003,0.0029999999999999996,0.0029999999999999988,0.0029999999999999983,0.0029999999999999975]]",21.0,20.999999999999982,1.0,0.9999999999999991,0.9999999999999991,4.140683496308987e-05,0.4027551485652451,0.0021297377820440797,0.01944222209522358,0.003000000000000001,0.044199027503989324,0.04733720149566953,0.46213108277879655,32,7,2
36,MNISTConvNet,MNIST conv filters=32 kernel=7 stride=2 lr=3e-03,1.0,0.003,Adam,0,5,512,64,2.302393697232359,,0.90625,full_conv_patch_and_classifier_activation,2.285151379724407,1.5749502480860147,1.4946954713548013,3.023726994987837e-05,4.8881879403330404e-05,"[[0.006101478424070405,0.0012483348715241899,0.0008377436772064147,0.0005060191428996727,0.0003042955794723117,0.0003014470667328983,0.00023879182096815224,0.00020060968281042255,0.00016851098848409487,0.00011334370398538079,9.886980075311683e-05,8.259920304191523e-05,7.831947942857585e-05,6.9771166437505e-05,6.396337077112722e-05,5.882121732676987e-05,5.133713663980296e-05,4.4542592362656276e-05,3.749277904337686e-05,3.2198069137287074e-05,3.1515467704028134e-05,2.9828175699633153e-05,2.7348333948689173e-05,2.3940714602999727e-05,2.0072735653258708e-05,1.772922773590038e-05,1.4982216064802702e-05,1.2995420950601989e-05,1.2194823881188555e-05,1.098899786148167e-05,8.648713150849185e-06,7.430975458815134e-06],[0.007199456600379223,0.0009017969100925844,0.0004529390203893419,0.00027261721158770434,0.00014678484048297606,0.00010665638177095772,9.072156809343246e-05,7.13570853055645e-05,5.632391069362898e-05,4.519865349382205e-19]]","[[501.2838233391682,262.2017225172453,218.1407633790149,186.02700311640524,147.75599578714636,138.38247544402535,128.9878921443775,103.37825115797077,90.95939908651006,87.84597773104926,87.33219965821304,71.10863014115188,64.43283364430818,60.29015968703359,53.96933331596295,53.46116945814087,49.746075554058784,44.58815232110708,42.30940499248376,41.59294146216923,36.01046266244356,35.19286777706035,35.053991209895024,33.25998106648406,30.96326156100716,30.180863787964302,29.604531865687306,27.170536306251982,26.668823950712493,26.406102919582295,25.444833074128553,24.42460911602404,24.281607561868398,23.73533960749352,22.87219660342007,21.957780585006265,21.07305078050606,20.22909606158655,19.887087711759282,19.617172997771313,18.364194517488897,17.763809500157663,16.895965588973063,16.854987836657727,15.835998162763424,15.156575697838418,14.463423920452072,13.855967068711701,12.833280340345743],[1.3236174467721393,0.09283880134343134,0.059177852167294355,0.03543135188733725,0.030116097113989923,0.021543271750291165,0.019114422667795384,0.017289592087456486,0.0150765767372684,0.013515224777877168,0.012868739402084203,0.01225214623753858,0.00961023266154567,0.0095519458749472,0.008614662693784738,0.007970107182568234,0.00784165563613387,0.007333270878916656,0.006864907817834958,0.0067509614320745235,0.006424961395716062,0.0059227230836027215,0.005599867695604258,0.004879705752662122,0.00463474121662574,0.004383267385675075,0.004278545096863333,0.0039043500401708684,0.003270274491765668,0.003067266471897989,0.0023469603385775123,0.0012661836613470667]]",,,,,,,,,,,,,,0.5094229578971863,32,7,2
37,MNISTConvNet,MNIST conv filters=32 kernel=7 stride=2 lr=3e-03,1.0,0.003,Muon,0,5,512,64,2.3025786756120366,,0.9140625,full_conv_patch_and_classifier_activation,3.1780513930713017,1.5771488829544755,1.9620810339949508,2.9102047466200902e-05,5.278223246623632e-05,"[[0.0038349441448869014,0.0010666009992072447,0.0008103292767303935,0.000608335008101037,0.0003840517825598535,0.0003265283833117919,0.00028117365800233997,0.0002619867297979529,0.0001731863382581645,0.00014096666036180643,0.00010774114339593977,0.00010128322941817064,9.448243798747036e-05,7.874811956965039e-05,7.274493886381304e-05,6.606746557949609e-05,6.103710125003385e-05,5.647450891232334e-05,5.030672113154761e-05,4.137814150715919e-05,3.421272872058033e-05,3.21890020886544e-05,2.7473984488178157e-05,2.5626361118834317e-05,2.178948672150327e-05,2.0046095776607027e-05,1.7999770601936793e-05,1.677357901241423e-05,1.4672920423045613e-05,1.3210301873730134e-05,1.1617748127059643e-05,7.900299124949318e-06],[0.005791229321507658,0.000831161231852466,0.0004905936125011651,0.00036892572406724646,0.00016964636655976905,0.00012108295518577319,9.562138975120776e-05,6.418506679775882e-05,5.224956376667385e-05,4.841530793144701e-19]]","[[501.2838233391682,262.2017225172453,218.1407633790149,186.02700311640524,147.75599578714636,138.38247544402535,128.9878921443775,103.37825115797077,90.95939908651006,87.84597773104926,87.33219965821304,71.10863014115188,64.43283364430818,60.29015968703359,53.96933331596295,53.46116945814087,49.746075554058784,44.58815232110708,42.30940499248376,41.59294146216923,36.01046266244356,35.19286777706035,35.053991209895024,33.25998106648406,30.96326156100716,30.180863787964302,29.604531865687306,27.170536306251982,26.668823950712493,26.406102919582295,25.444833074128553,24.42460911602404,24.281607561868398,23.73533960749352,22.87219660342007,21.957780585006265,21.07305078050606,20.22909606158655,19.887087711759282,19.617172997771313,18.364194517488897,17.763809500157663,16.895965588973063,16.854987836657727,15.835998162763424,15.156575697838418,14.463423920452072,13.855967068711701,12.833280340345743],[1.0914071126435363,0.08756195731146595,0.05359812713647311,0.041041521765487546,0.036461661860216175,0.024428780013374826,0.019696044852782365,0.018351541969440575,0.015908086329060107,0.01583728410438053,0.013906587142940047,0.013147203896550557,0.011219539278573696,0.010603630304608027,0.010537444803345173,0.009081304510296952,0.008195509158309524,0.007965707264532369,0.007423774720420843,0.007202648164250285,0.0067802318230740476,0.006374840232328203,0.006107838420968406,0.005661398049237829,0.005352625179678823,0.005215103123297042,0.004866390807781356,0.004574554707861721,0.004348349957163885,0.004169517791696825,0.003640712720991776,0.0027265647814385878]]",,,,,,,,,,,,,,0.5563171249814332,32,7,2
38,MNISTConvNet,MNIST conv filters=32 kernel=7 stride=2 lr=3e-03,1.0,0.003,Adam,1,0,512,64,2.302559626278573,9.427806056416799e-05,0.908203125,full_conv_patch_and_classifier_activation,2.956671486474625,1.6047280708966092,1.862927715390306,2.2301486112986702e-05,4.277783178278444e-05,"[[0.0047521574881004384,0.0008867532668191619,0.0006915785802243535,0.0005760511580601514,0.0005352349379304515,0.0003876218701298437,0.00032931870998862783,0.0002986670488153915,0.00024002499124091244,0.00015714384129326308,0.00013150114601902498,0.00011951215789753456,0.0001045222709056219,9.1037062532723e-05,8.157184165020315e-05,7.281705703568281e-05,6.690845822852468e-05,5.931013590978971e-05,5.1608735093227985e-05,4.793692426102691e-05,3.776700918261442e-05,3.738344278193496e-05,3.5755543704584656e-05,3.107329537295591e-05,2.7121778263792363e-05,2.3145251044621058e-05,2.1529209175812325e-05,1.887748786999214e-05,1.7428426473227938e-05,1.5639453612832135e-05,1.0536020451466425e-05,7.156667444832212e-06],[0.006293397181291609,0.0010029806225185726,0.000596768305227057,0.0003151134576193323,0.00022653007546691152,0.00020812286694996162,0.00012849594969057928,0.00010963628646560103,5.47063268019569e-05,4.2844409806478764e-19]]","[[486.2481708090735,259.8446472251625,216.24958445068805,183.7122983171536,147.89858163778146,138.10567669741445,127.8390818749908,103.34982479706355,91.60511919190584,87.40259145050457,86.8697513933867,71.34886983400732,65.24907197972718,59.32450967369966,53.87509130234577,53.481766751236265,50.14529573794769,44.52057679625825,42.78985777372914,41.76746085731856,35.97019704819681,35.62678728170247,34.93521036366559,33.94470369891809,30.66431645451282,30.59598409971866,29.66978902073454,27.203519321359956,27.09406318943487,26.114374850478214,25.599638280334634,24.772905241944187,24.18297441165068,23.988265487043922,23.0492393179248,21.976027593899797,21.20567931219397,20.448066728586863,19.763586864753936,19.65115363803375,18.387490082854235,17.840542777628364,16.86030618941448,16.673746529246984,15.708360268429628,15.046491314196702,14.378149746345663,13.805866165577841,12.90977975226263],[1.3591056851630001,0.08735350182182955,0.07252600748140678,0.04035961556398031,0.03661897903444026,0.027284605915858472,0.023404433488515338,0.019729159712547156,0.016594820018440395,0.015380798589843118,0.014338428064221,0.012920185913403477,0.012339082902298985,0.010126717059428239,0.00940422690660696,0.008952805377194183,0.008432164356553007,0.007709939216530003,0.007521817530479039,0.007335374248896127,0.006909780461869559,0.006738810235581469,0.006501153649940404,0.006151604788358439,0.0055162275028739416,0.0050472322927447065,0.004876098807387264,0.0046075185823291065,0.004040093047567977,0.003254762270466457,0.0031701931899941437,0.0020459409798755]]","[[0.014627584035696152,0.005212556512226105,0.0040893407749030795,0.0035537655010529448,0.003012132057236718,0.0026690634490212748,0.0024797891811439124,0.0021765337724656024,0.0017931196395513562,0.0016412953084840897,0.0014907573482900813,0.0013410759760317098,0.001299305073140182,0.0012282754667844792,0.0010342596859446006,0.0008764899383205122,0.0007973691381276593,0.000604149900290198,0.0005238701361017974,4.274531953221225e-06,2.687626107612552e-07,2.1994824105846238e-07,1.472789741577948e-07,1.080278725747436e-07,9.461355965169792e-08,7.348433569158043e-08,5.135618446171873e-08,4.692604078315349e-08,2.4235508184759622e-08,1.2039219248278292e-08,5.563833611422998e-09,3.186629390465258e-09],[0.006570352565835709,0.0028538373699226968,0.0022845370786869442,0.0018115963504748214,0.001487395128151287,0.0011017516972352452,0.000843342464421939,0.0004850206428439131,1.739716791090264e-07,5.7610242466814656e-08]]",6.424997567911482,1.4767585211944405,0.36363135830115945,0.09725994039852266,0.24732090255199832,9.239700666852793e-05,0.5842086176387904,0.004752389218474534,0.019442222095223585,0.014627584035696152,0.04314200354552189,0.04317379125043098,0.04784829099662602,32,7,2
39,MNISTConvNet,MNIST conv filters=32 kernel=7 stride=2 lr=3e-03,1.0,0.003,Muon,1,0,512,64,2.302559626278573,5.665200653037772e-05,0.908203125,full_conv_patch_and_classifier_activation,2.956671486474625,1.6047280708966092,1.862927715390306,2.2301486112986702e-05,4.277783178278444e-05,"[[0.0047521574881004384,0.0008867532668191619,0.0006915785802243535,0.0005760511580601514,0.0005352349379304515,0.0003876218701298437,0.00032931870998862783,0.0002986670488153915,0.00024002499124091244,0.00015714384129326308,0.00013150114601902498,0.00011951215789753456,0.0001045222709056219,9.1037062532723e-05,8.157184165020315e-05,7.281705703568281e-05,6.690845822852468e-05,5.931013590978971e-05,5.1608735093227985e-05,4.793692426102691e-05,3.776700918261442e-05,3.738344278193496e-05,3.5755543704584656e-05,3.107329537295591e-05,2.7121778263792363e-05,2.3145251044621058e-05,2.1529209175812325e-05,1.887748786999214e-05,1.7428426473227938e-05,1.5639453612832135e-05,1.0536020451466425e-05,7.156667444832212e-06],[0.006293397181291609,0.0010029806225185726,0.000596768305227057,0.0003151134576193323,0.00022653007546691152,0.00020812286694996162,0.00012849594969057928,0.00010963628646560103,5.47063268019569e-05,4.2844409806478764e-19]]","[[486.2481708090735,259.8446472251625,216.24958445068805,183.7122983171536,147.89858163778146,138.10567669741445,127.8390818749908,103.34982479706355,91.60511919190584,87.40259145050457,86.8697513933867,71.34886983400732,65.24907197972718,59.32450967369966,53.87509130234577,53.481766751236265,50.14529573794769,44.52057679625825,42.78985777372914,41.76746085731856,35.97019704819681,35.62678728170247,34.93521036366559,33.94470369891809,30.66431645451282,30.59598409971866,29.66978902073454,27.203519321359956,27.09406318943487,26.114374850478214,25.599638280334634,24.772905241944187,24.18297441165068,23.988265487043922,23.0492393179248,21.976027593899797,21.20567931219397,20.448066728586863,19.763586864753936,19.65115363803375,18.387490082854235,17.840542777628364,16.86030618941448,16.673746529246984,15.708360268429628,15.046491314196702,14.378149746345663,13.805866165577841,12.90977975226263],[1.3591056851630001,0.08735350182182955,0.07252600748140678,0.04035961556398031,0.03661897903444026,0.027284605915858472,0.023404433488515338,0.019729159712547156,0.016594820018440395,0.015380798589843118,0.014338428064221,0.012920185913403477,0.012339082902298985,0.010126717059428239,0.00940422690660696,0.008952805377194183,0.008432164356553007,0.007709939216530003,0.007521817530479039,0.007335374248896127,0.006909780461869559,0.006738810235581469,0.006501153649940404,0.006151604788358439,0.0055162275028739416,0.0050472322927447065,0.004876098807387264,0.0046075185823291065,0.004040093047567977,0.003254762270466457,0.0031701931899941437,0.0020459409798755]]","[[0.0030000000000000014,0.0030000000000000014,0.0030000000000000014,0.0030000000000000014,0.003000000000000001,0.003000000000000001,0.0030000000000000005,0.0030000000000000005,0.0030000000000000005,0.0030000000000000005,0.0030000000000000005,0.0030000000000000005,0.0030000000000000005,0.0030000000000000005,0.0030000000000000005,0.0030000000000000005,0.0030000000000000005,0.0029999999999999996,0.0029999999999999996,0.0029999999999999996,0.0029999999999999996,0.0029999999999999996,0.0029999999999999996,0.002999999999999999,0.002999999999999999,0.002999999999999999,0.002999999999999999,0.002999999999999999,0.002999999999999999,0.002999999999999999,0.002999999999999999,0.0029999999999999983],[0.003000000000000002,0.0030000000000000005,0.0030000000000000005,0.0030000000000000005,0.003,0.003,0.0029999999999999996,0.0029999999999999996,0.0029999999999999983,0.0029999999999999983]]",21.0,20.999999999999982,1.0,0.999999999999999,0.9999999999999989,5.6701327018638614e-05,0.3585116560613319,0.002916401568757337,0.01944222209522358,0.003000000000000002,0.04314200354552188,0.04624695085593873,0.09295041603036225,32,7,2
38,MNISTConvNet,MNIST conv filters=32 kernel=7 stride=2 lr=3e-03,1.0,0.003,Adam,1,1,512,64,2.3025257526995486,9.344028847824148e-05,0.908203125,full_conv_patch_and_classifier_activation,2.8373123353804957,1.6041600230558215,1.7643518602922161,2.4079282632105055e-05,4.220055483740439e-05,"[[0.004750845418556236,0.001203045082069249,0.0007023629098085473,0.0005807908708266893,0.0004171625124005985,0.00033475493399407906,0.0002795733056600549,0.0002251030098846145,0.0001922919263493804,0.00017198442432382542,0.00013972113698055959,0.00013089169375707368,0.00011895851927924578,8.856934403983111e-05,7.737772125563489e-05,6.456605606937651e-05,5.848931685322872e-05,5.690888598627728e-05,4.8770532080178564e-05,4.505343976093082e-05,4.122367344958825e-05,3.662617664315647e-05,3.2593883811761716e-05,2.6909826549982527e-05,2.5116301504382284e-05,2.3598126021655093e-05,2.198169054567277e-05,1.8073278375223763e-05,1.613544110666408e-05,1.4783527091525388e-05,1.2295541215184455e-05,6.917907906699869e-06],[0.0069966486362303985,0.0008652341186143043,0.0005393676660248117,0.000302920010738734,0.00025038493325980286,0.00020236007069597084,0.00012790791009114453,7.822240811427345e-05,6.184550773691383e-05,5.674904556075823e-19]]","[[486.2481708090735,259.8446472251625,216.24958445068805,183.7122983171536,147.89858163778146,138.10567669741445,127.8390818749908,103.34982479706355,91.60511919190584,87.40259145050457,86.8697513933867,71.34886983400732,65.24907197972718,59.32450967369966,53.87509130234577,53.481766751236265,50.14529573794769,44.52057679625825,42.78985777372914,41.76746085731856,35.97019704819681,35.62678728170247,34.93521036366559,33.94470369891809,30.66431645451282,30.59598409971866,29.66978902073454,27.203519321359956,27.09406318943487,26.114374850478214,25.599638280334634,24.772905241944187,24.18297441165068,23.988265487043922,23.0492393179248,21.976027593899797,21.20567931219397,20.448066728586863,19.763586864753936,19.65115363803375,18.387490082854235,17.840542777628364,16.86030618941448,16.673746529246984,15.708360268429628,15.046491314196702,14.378149746345663,13.805866165577841,12.90977975226263],[1.4440861567236138,0.089434316293731,0.07088167072362436,0.04065916807496371,0.03725218407729536,0.027086942659971563,0.02340187043472216,0.018966362914756042,0.016845572577672028,0.015764691352670623,0.013117046376119063,0.012515987696130406,0.011734269703357588,0.009893212448987132,0.009617052266225664,0.009242253737321213,0.00867494789754386,0.007984630193960986,0.007769928627794968,0.00747118016295375,0.006680436425457298,0.006367430808721838,0.00634871415732525,0.006188520167666726,0.005889643536317594,0.00514103559779603,0.00466143698965958,0.00432223636228617,0.00418419045265143,0.003234106470659898,0.002996238014082158,0.0017200621560706617]]","[[0.015506842478494346,0.004667759075839673,0.004089369480721666,0.0033648611762604973,0.00257408980852166,0.0023514828441426943,0.001979789739706054,0.0018095979639873166,0.0015834783941784446,0.0013921076629441354,0.001194608941058451,0.0010077585358394827,0.0009013072630546076,0.000786350065156652,0.0007512082413010247,0.0006753280041480181,0.0005823281988532363,0.0004635288430062408,0.0003689072105249738,0.00034154352003335013,0.00029068102483181666,0.0002273381478997218,0.00018185316503482697,0.0001350195028661447,0.00010554599441261323,8.705135623339436e-05,7.403169375636885e-05,5.5940555827590425e-05,3.987927988980497e-05,1.6107276947445368e-05,1.0167562912720905e-05,8.872950890678972e-06],[0.006160417492358715,0.0033084989636896277,0.0022049731126241937,0.0013322452429934894,0.0012400430747933906,0.0007375786884933301,0.0006013775554979386,0.00030864211336841554,0.0002824958917069807,0.00011154430744304485]]",5.82438256656136,1.4317180504286402,0.33879887227783234,0.09742546736160554,0.2618936002506304,8.861122512469677e-05,0.5239526583784686,0.0045566315820680554,0.019446651222234653,0.015506842478494346,0.043073611299703024,0.04233050606990132,0.1397987911477685,32,7,2
39,MNISTConvNet,MNIST conv filters=32 kernel=7 stride=2 lr=3e-03,1.0,0.003,Muon,1,1,512,64,2.3025345014517695,5.673795740435139e-05,0.908203125,full_conv_patch_and_classifier_activation,2.955292484954965,1.6045395921708328,1.828783024392215,2.3860621581115923e-05,4.27954323810936e-05,"[[0.004544248250030392,0.0012337156176746974,0.0007107736026753227,0.0005658421556696962,0.0004266387105033533,0.00035046158309052773,0.0002884647724417596,0.00024293511618485287,0.00018970749765395936,0.0001733484637088985,0.0001383001591096305,0.0001260020231107143,0.00011274439109917315,8.930827170594314e-05,8.305325565314962e-05,7.773240767058198e-05,5.9727401543477145e-05,5.690279686225272e-05,4.9991809426181296e-05,4.571557452142174e-05,4.2740878378583086e-05,3.8336861582885007e-05,3.1706292126902046e-05,2.6995176977192637e-05,2.4540583324713133e-05,2.286748357268848e-05,2.0606883393653925e-05,1.8240377536125997e-05,1.6935015294782157e-05,1.1831556895977606e-05,9.338607206035709e-06,5.17208335624024e-06],[0.006633534775424875,0.0008567249603732379,0.0005345866328599014,0.00029813739089765113,0.00025578649025117986,0.00019978410248911837,0.0001335406322494604,7.317847294334465e-05,6.860552780805892e-05,5.323249347556417e-19]]","[[486.2481708090735,259.8446472251625,216.24958445068805,183.7122983171536,147.89858163778146,138.10567669741445,127.8390818749908,103.34982479706355,91.60511919190584,87.40259145050457,86.8697513933867,71.34886983400732,65.24907197972718,59.32450967369966,53.87509130234577,53.481766751236265,50.14529573794769,44.52057679625825,42.78985777372914,41.76746085731856,35.97019704819681,35.62678728170247,34.93521036366559,33.94470369891809,30.66431645451282,30.59598409971866,29.66978902073454,27.203519321359956,27.09406318943487,26.114374850478214,25.599638280334634,24.772905241944187,24.18297441165068,23.988265487043922,23.0492393179248,21.976027593899797,21.20567931219397,20.448066728586863,19.763586864753936,19.65115363803375,18.387490082854235,17.840542777628364,16.86030618941448,16.673746529246984,15.708360268429628,15.046491314196702,14.378149746345663,13.805866165577841,12.90977975226263],[1.3770462325753836,0.08725944965995285,0.07084607838291772,0.04092904547631739,0.037244012819108066,0.027008951528283302,0.023253967848115346,0.019500131608647935,0.016766400929479803,0.01515336465075077,0.013964080273255602,0.012874750680499107,0.012260811738715264,0.010053208217524066,0.00942501978314341,0.00902053092513656,0.00874273483558752,0.007733938379339713,0.007623570191652266,0.007373808547195791,0.006997676529307053,0.006711658370595121,0.00661596428900189,0.006303373583017078,0.0054954535772811265,0.00512163334974885,0.004804751703372204,0.004699763366825088,0.004040092358322235,0.0032183014155413832,0.0030846883796694126,0.0019189153686715672]]","[[0.0030000000000000027,0.0030000000000000022,0.003000000000000002,0.003000000000000002,0.0030000000000000014,0.0030000000000000014,0.0030000000000000014,0.0030000000000000014,0.0030000000000000014,0.003000000000000001,0.003000000000000001,0.003000000000000001,0.0030000000000000005,0.0030000000000000005,0.0030000000000000005,0.0030000000000000005,0.0030000000000000005,0.0030000000000000005,0.0030000000000000005,0.0030000000000000005,0.0030000000000000005,0.0030000000000000005,0.003,0.003,0.003,0.0029999999999999996,0.0029999999999999996,0.002999999999999999,0.0029999999999999988,0.0029999999999999988,0.0029999999999999988,0.0029999999999999988],[0.003000000000000001,0.003000000000000001,0.0030000000000000005,0.0030000000000000005,0.0030000000000000005,0.0030000000000000005,0.003,0.003,0.0029999999999999996,0.0029999999999999988]]",21.0,20.99999999999998,1.0,0.9999999999999991,0.9999999999999991,5.666641393583579e-05,0.351274935644453,0.0029146058335460107,0.01944222209522358,0.0030000000000000027,0.043073611299703024,0.04618218604597292,0.18599462509155273,32,7,2
38,MNISTConvNet,MNIST conv filters=32 kernel=7 stride=2 lr=3e-03,1.0,0.003,Adam,1,2,512,64,2.3025110137142795,8.280121778758698e-05,0.908203125,full_conv_patch_and_classifier_activation,2.7744348971000576,1.6033196315896623,1.7320602831934653,2.9858573507111804e-05,5.1847753822213926e-05,"[[0.0052071861229296326,0.0012542421641897445,0.0008075670399659067,0.0005926497327409569,0.0004160315900406556,0.00040797904156458114,0.000326446596149297,0.00028288898094049026,0.00023022728633860078,0.00016638449510154066,0.00013044020819216056,0.00011579634779915139,0.00010734037727653576,9.141058283984546e-05,8.21361365956727e-05,7.009139540309508e-05,6.05025468807652e-05,5.8687221835142956e-05,5.222617704983751e-05,4.100396311475886e-05,3.879240314721679e-05,3.146506985999571e-05,2.7017478659313705e-05,2.5120673933633712e-05,2.397215019680132e-05,2.1317233193843737e-05,1.68478738582146e-05,1.586311012989467e-05,1.2893618921958543e-05,1.1362455845484122e-05,1.0861968340087545e-05,5.977009553824632e-06],[0.00850791537050194,0.0009611715440394702,0.000721952896000025,0.0004234616808546435,0.00027147748432548114,0.0001873463399338284,0.0001298138951089082,0.00011520723708964038,7.256965413143901e-05,1.0489143704348116e-18]]","[[486.2481708090735,259.8446472251625,216.24958445068805,183.7122983171536,147.89858163778146,138.10567669741445,127.8390818749908,103.34982479706355,91.60511919190584,87.40259145050457,86.8697513933867,71.34886983400732,65.24907197972718,59.32450967369966,53.87509130234577,53.481766751236265,50.14529573794769,44.52057679625825,42.78985777372914,41.76746085731856,35.97019704819681,35.62678728170247,34.93521036366559,33.94470369891809,30.66431645451282,30.59598409971866,29.66978902073454,27.203519321359956,27.09406318943487,26.114374850478214,25.599638280334634,24.772905241944187,24.18297441165068,23.988265487043922,23.0492393179248,21.976027593899797,21.20567931219397,20.448066728586863,19.763586864753936,19.65115363803375,18.387490082854235,17.840542777628364,16.86030618941448,16.673746529246984,15.708360268429628,15.046491314196702,14.378149746345663,13.805866165577841,12.90977975226263],[1.5759097949089522,0.0904621088210725,0.06709425066348579,0.04124023591434561,0.03577715285416822,0.026822757776934637,0.02313852388449292,0.018564016082858143,0.016700162770844424,0.015588295151075569,0.013014582133117757,0.012360284960418987,0.011948425617865455,0.010257467186751058,0.009574339918032302,0.009142283613090607,0.008764148238494645,0.00838585251111406,0.007761915860931609,0.007262429235898904,0.006912530393848147,0.006440962488363398,0.006232360307630571,0.005837997091392337,0.00572300960845441,0.005372930189132428,0.0047697084404983575,0.004470474688549429,0.0039917121726639445,0.0032976177287657093,0.002655076035376445,0.001563791003474193]]","[[0.015144316840297437,0.005253684060885451,0.00450698788689075,0.0035757510259296064,0.00274047493417713,0.001953066698682183,0.0018271093449851459,0.001575948490874073,0.0014910024161082932,0.0011695795067876889,0.001100576935842902,0.0010144402319383116,0.0009410832483692901,0.0008003585082320945,0.0006929448569985372,0.0005294931953346424,0.0004978886079262764,0.00046414693814409444,0.0003663803274197232,0.0003066368338106043,0.00027018458630861345,0.0002381265723445896,0.00019700309582723543,0.0001555230167708672,0.00012052135623792872,0.00010758604867057207,9.89418350874486e-05,8.61790684215921e-05,7.523551159219946e-05,5.374909880954599e-05,2.5515643266299438e-05,1.511712302514744e-05],[0.006423176145976632,0.0030569451584289897,0.0022577524095548085,0.0016612538345006438,0.0008919664684710159,0.0007765673633787559,0.0005894712207836244,0.0005484056875161953,0.0002680706279129079,0.00021195801014701544]]",5.847724178030182,1.4241483142492726,0.34060690223998713,0.09501498682101309,0.2570440346308311,8.05162066667097e-05,0.4056604476020877,0.004147482088941046,0.019413274111876266,0.015144316840297437,0.04287014985216293,0.042515309109414645,0.25068333302624524,32,7,2
39,MNISTConvNet,MNIST conv filters=32 kernel=7 stride=2 lr=3e-03,1.0,0.003,Muon,1,2,512,64,2.3025135800261376,6.30749725853974e-05,0.908203125,full_conv_patch_and_classifier_activation,3.0086766216885543,1.6044971127648846,1.8680487613946806,2.9821193577975157e-05,5.513566994838855e-05,"[[0.004846580867378332,0.0012334491272867761,0.0008202252808918673,0.0007001120456511041,0.0004890326696054833,0.0003834685140138282,0.0003274899793390331,0.00028637034557642195,0.00023467545192814586,0.00018263122176747363,0.00013134787791827467,0.00012075432743370354,0.00010791201350108598,8.604029560469554e-05,7.663681580648335e-05,6.963109609373908e-05,6.426766550520009e-05,6.295753325650757e-05,4.568180161016597e-05,4.237067089638788e-05,3.7692477671839756e-05,3.421842513780803e-05,3.0263377895012078e-05,2.9079427402344464e-05,2.3471505606320205e-05,2.281447013003551e-05,1.6601865284675053e-05,1.570939379677689e-05,1.4579152462656028e-05,1.264008529868699e-05,1.1310284567362579e-05,9.081803391707564e-06],[0.0075051796383579965,0.0010128085952454222,0.0006875976061031404,0.00041189870680463913,0.00032212426547915555,0.0001828771615742547,0.00012608373502312248,0.00010458592495309933,6.891114537989765e-05,3.633760763083985e-19]]","[[486.2481708090735,259.8446472251625,216.24958445068805,183.7122983171536,147.89858163778146,138.10567669741445,127.8390818749908,103.34982479706355,91.60511919190584,87.40259145050457,86.8697513933867,71.34886983400732,65.24907197972718,59.32450967369966,53.87509130234577,53.481766751236265,50.14529573794769,44.52057679625825,42.78985777372914,41.76746085731856,35.97019704819681,35.62678728170247,34.93521036366559,33.94470369891809,30.66431645451282,30.59598409971866,29.66978902073454,27.203519321359956,27.09406318943487,26.114374850478214,25.599638280334634,24.772905241944187,24.18297441165068,23.988265487043922,23.0492393179248,21.976027593899797,21.20567931219397,20.448066728586863,19.763586864753936,19.65115363803375,18.387490082854235,17.840542777628364,16.86030618941448,16.673746529246984,15.708360268429628,15.046491314196702,14.378149746345663,13.805866165577841,12.90977975226263],[1.3965877726273486,0.08864982531676843,0.07113657230772272,0.041178163979271126,0.037665054245583196,0.027235457399838223,0.022657023810149432,0.01914068577867893,0.01775943330850731,0.015294431935865195,0.013928735712112046,0.012886125212670435,0.012595060834745243,0.01018485089625529,0.009500577391438841,0.00916639897752565,0.008951232093682671,0.007990931607139077,0.00786099368452799,0.007302480933048368,0.007200012357418459,0.006939936946794048,0.006741825572521141,0.006298389350611088,0.005706056865506528,0.005137373412886985,0.0048765518003129095,0.004758004122893176,0.004069968505080839,0.0032825470469057456,0.002905875285122854,0.0019736577623906937]]","[[0.0030000000000000022,0.0030000000000000022,0.0030000000000000014,0.0030000000000000014,0.003000000000000001,0.003000000000000001,0.0030000000000000005,0.0030000000000000005,0.0030000000000000005,0.0030000000000000005,0.003,0.003,0.003,0.0029999999999999996,0.0029999999999999996,0.0029999999999999996,0.0029999999999999996,0.0029999999999999996,0.0029999999999999996,0.002999999999999999,0.002999999999999999,0.002999999999999999,0.002999999999999999,0.002999999999999999,0.002999999999999999,0.0029999999999999988,0.0029999999999999988,0.0029999999999999988,0.0029999999999999988,0.0029999999999999983,0.002999999999999998,0.0029999999999999966],[0.0030000000000000027,0.0030000000000000005,0.0030000000000000005,0.003,0.003,0.003,0.0029999999999999996,0.0029999999999999988,0.0029999999999999988,0.0029999999999999983]]",21.0,20.999999999999964,1.0,0.9999999999999982,0.9999999999999982,6.2973493945892e-05,0.35114945526923397,0.00323900702488955,0.019442222095223578,0.0030000000000000027,0.04287014985216293,0.045912117776177784,0.29838150017894804,32,7,2
38,MNISTConvNet,MNIST conv filters=32 kernel=7 stride=2 lr=3e-03,1.0,0.003,Adam,1,3,512,64,2.302501235218369,7.653036280075298e-05,0.908203125,full_conv_patch_and_classifier_activation,3.337150179591875,1.6025619538157805,1.9590240144064888,2.860329352166839e-05,4.6553065078422665e-05,"[[0.003562455190278741,0.0009001608142308922,0.0008637761001440607,0.0006178524802179842,0.00048027533377492025,0.00038956393198419316,0.0003569655167281757,0.00022268554096937154,0.00018863579348414112,0.0001781432496821729,0.00015996393059214834,0.00011163888696776818,9.288557286112274e-05,8.233670584348791e-05,7.759463898607015e-05,6.877588633887352e-05,6.54941232061484e-05,5.419751505937957e-05,4.345202925296607e-05,4.1815857899002365e-05,3.7499731255452215e-05,3.512778720424522e-05,3.0176545760053368e-05,2.732632257783692e-05,2.0609888561454232e-05,1.673296814475823e-05,1.5579828551423175e-05,1.5004139094588036e-05,1.324281643888497e-05,7.474623490472955e-06,6.526531010161787e-06,5.0670114888088005e-06],[0.009393944054078536,0.001070729943471993,0.0005589704867681845,0.00035770212783748593,0.0002701558867521897,0.00019635176614070434,0.000122108923941743,9.068972446206998e-05,7.771554914972049e-05,3.7013826436667416e-19]]","[[486.2481708090735,259.8446472251625,216.24958445068805,183.7122983171536,147.89858163778146,138.10567669741445,127.8390818749908,103.34982479706355,91.60511919190584,87.40259145050457,86.8697513933867,71.34886983400732,65.24907197972718,59.32450967369966,53.87509130234577,53.481766751236265,50.14529573794769,44.52057679625825,42.78985777372914,41.76746085731856,35.97019704819681,35.62678728170247,34.93521036366559,33.94470369891809,30.66431645451282,30.59598409971866,29.66978902073454,27.203519321359956,27.09406318943487,26.114374850478214,25.599638280334634,24.772905241944187,24.18297441165068,23.988265487043922,23.0492393179248,21.976027593899797,21.20567931219397,20.448066728586863,19.763586864753936,19.65115363803375,18.387490082854235,17.840542777628364,16.86030618941448,16.673746529246984,15.708360268429628,15.046491314196702,14.378149746345663,13.805866165577841,12.90977975226263],[1.773578456335759,0.09533665763569167,0.06353809327838424,0.0416053728798558,0.03435846808161905,0.02692897114670916,0.022250580357429824,0.018880066678888814,0.016304544989338334,0.015263039854616496,0.013341880420830163,0.012443432524768983,0.011854016431174985,0.010165095494798668,0.009237103669450766,0.009146242852720327,0.008789828724379892,0.00826388310865855,0.007980677720984217,0.007463173322281589,0.006773292938430669,0.006394800793279389,0.00611473459603238,0.005692789609017368,0.005544428340377992,0.005160477102256177,0.004998668389951059,0.0047686517009936,0.004111549192948241,0.002890232986027892,0.002554427779589575,0.0015429131252470178]]","[[0.014957514578299367,0.0052860372199199195,0.005093252506371064,0.003602724079960778,0.0025995003584476217,0.002255004843148624,0.0020427784954604785,0.0017002957427604604,0.0014904687797989093,0.0013662235208532268,0.0010827752158802258,0.0009020297070371231,0.0008777035698864263,0.0007305234970643765,0.0006106194657278862,0.0005740902128201981,0.0005398786185079074,0.00047412774572967985,0.0003805793778243616,0.00035672799317764905,0.0003270135342333567,0.00025603650129220286,0.00018187379321855005,0.00015498236331037122,0.0001374329265895238,0.00012485241056881666,9.428119512454676e-05,7.441562592038567e-05,6.810423697633996e-05,5.6857611888271945e-05,3.099173450942859e-05,1.9570781103153184e-05],[0.0061928501297011974,0.0031487373677545104,0.0020446438167084505,0.001743555239378145,0.0009632963134835238,0.000806872726830638,0.0006874998763446642,0.0004989313195097308,0.0003426956261061389,0.00020293629817045984]]",6.070131020545481,1.4676043284480813,0.353792701409677,0.09780033280015978,0.2549239500901359,7.061783424204965e-05,0.35460004688772395,0.003638939232168294,0.019406159250417433,0.014957514578299367,0.04267496697251763,0.04197095784902935,0.34893200010992587,32,7,2
39,MNISTConvNet,MNIST conv filters=32 kernel=7 stride=2 lr=3e-03,1.0,0.003,Muon,1,3,512,64,2.302500279297947,5.8175811136429445e-05,0.908203125,full_conv_patch_and_classifier_activation,3.4206466479910245,1.6044288442465566,2.033673689390752,2.9041709252339248e-05,5.1354904164594076e-05,"[[0.003755022977986906,0.0009797534328766415,0.0008041430739720864,0.0006532855351434474,0.0005354287153140757,0.00041187141869692697,0.00037937471332193746,0.0002589573444803147,0.0002072758804625679,0.00017216221866844095,0.00014296073790263702,0.00012258789430364452,9.698120021729684e-05,8.899943907688271e-05,8.633746518628372e-05,7.890013319776597e-05,6.61750107980123e-05,5.923113813821457e-05,4.996290682614607e-05,4.633102573441615e-05,4.195874007939646e-05,3.277914439776787e-05,3.067938310801108e-05,2.92793592970113e-05,2.6892343014186556e-05,2.3036747978562007e-05,1.9989668776605575e-05,1.6499816549329145e-05,1.4540081809044122e-05,1.2497542569949524e-05,9.108742041526927e-06,6.482877227863288e-06],[0.007564225431718229,0.0009852888909211174,0.0005408104285402759,0.00038860406408987525,0.00026931684920239966,0.00020992112423336737,0.00011519310461202519,9.93140611406595e-05,7.259652520810609e-05,5.957427900709292e-19]]","[[486.2481708090735,259.8446472251625,216.24958445068805,183.7122983171536,147.89858163778146,138.10567669741445,127.8390818749908,103.34982479706355,91.60511919190584,87.40259145050457,86.8697513933867,71.34886983400732,65.24907197972718,59.32450967369966,53.87509130234577,53.481766751236265,50.14529573794769,44.52057679625825,42.78985777372914,41.76746085731856,35.97019704819681,35.62678728170247,34.93521036366559,33.94470369891809,30.66431645451282,30.59598409971866,29.66978902073454,27.203519321359956,27.09406318943487,26.114374850478214,25.599638280334634,24.772905241944187,24.18297441165068,23.988265487043922,23.0492393179248,21.976027593899797,21.20567931219397,20.448066728586863,19.763586864753936,19.65115363803375,18.387490082854235,17.840542777628364,16.86030618941448,16.673746529246984,15.708360268429628,15.046491314196702,14.378149746345663,13.805866165577841,12.90977975226263],[1.4226313853576533,0.08896481743738205,0.07257480162471944,0.042289204893734125,0.03802764875250053,0.02717763850671863,0.023375245256071788,0.019320297047282678,0.01842083471923329,0.015721474820511595,0.013990243474992812,0.012848812881171014,0.0124270452481968,0.010411307692328545,0.009629252524022107,0.009133581753022462,0.008868455835113153,0.008315155093497423,0.00788912842030009,0.007345830984952979,0.007115903528139266,0.006871308567548578,0.00662733214233271,0.006193493582664484,0.005703787026134463,0.005258548190748126,0.004797279517855105,0.004744449049510013,0.004114268039249525,0.0033646312704017052,0.0028752984812124203,0.0020377757021937293]]","[[0.0030000000000000014,0.0030000000000000014,0.003000000000000001,0.0030000000000000005,0.0030000000000000005,0.0030000000000000005,0.0030000000000000005,0.0030000000000000005,0.0030000000000000005,0.0030000000000000005,0.0030000000000000005,0.0030000000000000005,0.0030000000000000005,0.0030000000000000005,0.0030000000000000005,0.0029999999999999996,0.0029999999999999996,0.0029999999999999996,0.0029999999999999996,0.0029999999999999996,0.0029999999999999996,0.0029999999999999996,0.002999999999999999,0.002999999999999999,0.002999999999999999,0.002999999999999999,0.002999999999999999,0.002999999999999999,0.0029999999999999983,0.0029999999999999983,0.002999999999999998,0.002999999999999998],[0.0030000000000000022,0.003000000000000002,0.0030000000000000014,0.003000000000000001,0.003,0.003,0.003,0.0029999999999999996,0.002999999999999999,0.0029999999999999988]]",21.0,20.99999999999998,1.0000000000000002,0.9999999999999989,0.9999999999999987,5.851427156645988e-05,0.34583096161142135,0.0030096493744321147,0.019442222095223578,0.0030000000000000022,0.042674966972517644,0.04559124752462494,0.3954005411360413,32,7,2
38,MNISTConvNet,MNIST conv filters=32 kernel=7 stride=2 lr=3e-03,1.0,0.003,Adam,1,4,512,64,2.302305834106769,0.00014753240952636304,0.908203125,full_conv_patch_and_classifier_activation,2.262248842579415,1.6018177536597151,1.383433110302006,5.2393763601797615e-05,6.842600034503666e-05,"[[0.006936867809809084,0.001387230705885891,0.0009850806197892364,0.0007771866284573852,0.0005469356928752332,0.00042737485057196226,0.0002884106650307995,0.00027394104080720547,0.00022271217766003774,0.00015130465757798837,0.00013345245450119945,0.0001225058298996364,9.569765534164438e-05,7.862659742650241e-05,6.985527746287885e-05,6.771612611522452e-05,5.80002945241165e-05,5.12853653384499e-05,4.2239472054141896e-05,4.1627595773095754e-05,3.588767186360879e-05,2.963811962059441e-05,2.4880497192332256e-05,2.378326609269932e-05,2.0873288298983937e-05,1.9845248286356485e-05,1.694238881737674e-05,1.4088547807632284e-05,1.1646781237663015e-05,9.841869174468868e-06,6.117736028768291e-06,3.004602690282308e-06],[0.014562167465655657,0.0005960403451595003,0.0004933125149716911,0.0002985088579817273,0.000285002119388463,0.00021933906590780946,0.000136169611473598,6.43638297504801e-05,5.882839061421679e-05,1.0016293312225724e-18]]","[[486.2481708090735,259.8446472251625,216.24958445068805,183.7122983171536,147.89858163778146,138.10567669741445,127.8390818749908,103.34982479706355,91.60511919190584,87.40259145050457,86.8697513933867,71.34886983400732,65.24907197972718,59.32450967369966,53.87509130234577,53.481766751236265,50.14529573794769,44.52057679625825,42.78985777372914,41.76746085731856,35.97019704819681,35.62678728170247,34.93521036366559,33.94470369891809,30.66431645451282,30.59598409971866,29.66978902073454,27.203519321359956,27.09406318943487,26.114374850478214,25.599638280334634,24.772905241944187,24.18297441165068,23.988265487043922,23.0492393179248,21.976027593899797,21.20567931219397,20.448066728586863,19.763586864753936,19.65115363803375,18.387490082854235,17.840542777628364,16.86030618941448,16.673746529246984,15.708360268429628,15.046491314196702,14.378149746345663,13.805866165577841,12.90977975226263],[2.015806686617953,0.09623956070342551,0.06028246276240992,0.04124055255962641,0.033353746404779144,0.02688883271275606,0.021172610821046847,0.018656226818863846,0.016197410967152364,0.014940543018873568,0.013852524536733257,0.012260707096848355,0.011781414473168147,0.010681912190750627,0.009562718962262089,0.009179730832622746,0.008727906778833686,0.008442352243030665,0.007845155013517714,0.007763612716879367,0.006529867685919389,0.0063761037679971036,0.0060827106255195275,0.00572170444000662,0.005344167116759809,0.005313387638105435,0.004642390477564735,0.004491968633709487,0.00393941744043452,0.0028573113158350803,0.002536298270506175,0.0015245732100858565]]","[[0.015071229248865042,0.005441020997712524,0.00447740719221586,0.0033072306118813316,0.002286470549772029,0.0020628824193544577,0.0018640252211208001,0.001629567521908613,0.001501102516267442,0.0012480083414783526,0.0010283031292220308,0.0008931154065324662,0.0008564663677478584,0.0008047827192124299,0.0005781013335279843,0.0005134764580012563,0.00046952664842851927,0.00037086975906948247,0.00031840281857751227,0.00028829932552229483,0.00021617917708461687,0.00017927793167487265,0.00016736016323761418,0.00015068139710317153,0.00012037725968352826,0.00010580060790793909,7.553373030437073e-05,6.919021174292442e-05,5.707750178368093e-05,5.0238010168643945e-05,2.042922330207567e-05,1.802949794485108e-05],[0.007081358738443188,0.002923732297705471,0.0017533198556186043,0.0015712799004637243,0.0010349399098248517,0.0005975335043849863,0.0005179327339841192,0.0003819846183610605,0.0002890519946002629,0.0001969014594138579]]",5.44833550007313,1.3462381793293583,0.3090337303677259,0.08745131211170808,0.26353566516604326,0.00013863225971503848,0.4378251575635396,0.007131356910881883,0.019439815093744178,0.015071229248865042,0.04248928578937744,0.04288319942637566,0.4453462501987815,32,7,2
39,MNISTConvNet,MNIST conv filters=32 kernel=7 stride=2 lr=3e-03,1.0,0.003,Muon,1,4,512,64,2.3024465207545766,7.878977815423127e-05,0.908203125,full_conv_patch_and_classifier_activation,2.435689855125612,1.6043625943981783,1.5068726930802239,5.2201723932417705e-05,7.707055250138303e-05,"[[0.006939873499859354,0.0015428710139463906,0.00101180311778609,0.0007426832375797106,0.0005438129457663971,0.00041418836446158294,0.00031318916864661193,0.00028080576228686126,0.00025580068351702383,0.00019363593032378657,0.0001700255176507194,0.00011793080172455461,0.00010442270979281068,9.473710730154165e-05,7.538011237615728e-05,6.749610970885386e-05,6.041455860630762e-05,5.643555046860683e-05,5.022783247319689e-05,4.828677593014452e-05,4.440792946941666e-05,3.9527360986405586e-05,3.861799020116363e-05,3.316534309909327e-05,2.9185156000323064e-05,2.3916304170443945e-05,2.321838311235638e-05,1.888717377495661e-05,1.6390281891765885e-05,1.2983351686950726e-05,9.962527257007091e-06,5.872126927364065e-06],[0.010351556383011619,0.000712174034723094,0.0005519634497921103,0.0003136706280296545,0.00025791982577405017,0.00019898192228903305,0.0001654589059486387,8.598258241064921e-05,6.357383712368679e-05,6.932730408138283e-19]]","[[486.2481708090735,259.8446472251625,216.24958445068805,183.7122983171536,147.89858163778146,138.10567669741445,127.8390818749908,103.34982479706355,91.60511919190584,87.40259145050457,86.8697513933867,71.34886983400732,65.24907197972718,59.32450967369966,53.87509130234577,53.481766751236265,50.14529573794769,44.52057679625825,42.78985777372914,41.76746085731856,35.97019704819681,35.62678728170247,34.93521036366559,33.94470369891809,30.66431645451282,30.59598409971866,29.66978902073454,27.203519321359956,27.09406318943487,26.114374850478214,25.599638280334634,24.772905241944187,24.18297441165068,23.988265487043922,23.0492393179248,21.976027593899797,21.20567931219397,20.448066728586863,19.763586864753936,19.65115363803375,18.387490082854235,17.840542777628364,16.86030618941448,16.673746529246984,15.708360268429628,15.046491314196702,14.378149746345663,13.805866165577841,12.90977975226263],[1.4397662563501927,0.08952147522419115,0.07238960378923665,0.041833108001077014,0.039175698269886275,0.027095386863784238,0.023778217656589044,0.01963272047372998,0.019062863708261393,0.01563504136651534,0.014500310361247904,0.013182465700205882,0.01255613215914215,0.010534582272162453,0.009808521210444038,0.009172882825241065,0.008756912533645628,0.008657605602330618,0.008008761802603294,0.007310286538034858,0.00709398011141336,0.0068029191757913035,0.006562874660282465,0.00609293605663656,0.005803570733368114,0.005415172282006271,0.004915167265019913,0.004834997367237673,0.004161420369975893,0.003170327027687428,0.0031048486028033943,0.0020325324200511237]]","[[0.0030000000000000027,0.0030000000000000022,0.0030000000000000022,0.003000000000000002,0.003000000000000002,0.0030000000000000014,0.0030000000000000014,0.0030000000000000014,0.0030000000000000014,0.0030000000000000014,0.003000000000000001,0.003000000000000001,0.003000000000000001,0.0030000000000000005,0.0030000000000000005,0.0030000000000000005,0.0030000000000000005,0.0030000000000000005,0.003,0.003,0.003,0.003,0.003,0.0029999999999999996,0.0029999999999999996,0.0029999999999999996,0.0029999999999999996,0.002999999999999999,0.002999999999999999,0.002999999999999999,0.0029999999999999988,0.0029999999999999983],[0.003000000000000001,0.003,0.003,0.003,0.003,0.0029999999999999996,0.0029999999999999996,0.0029999999999999988,0.0029999999999999988,0.002999999999999997]]",21.0,20.99999999999997,1.0,0.9999999999999988,0.9999999999999987,7.824430889365948e-05,0.3170056790480881,0.004024452992586786,0.01944222209522358,0.0030000000000000027,0.04248928578937744,0.04528072137315121,0.49146650009788573,32,7,2
38,MNISTConvNet,MNIST conv filters=32 kernel=7 stride=2 lr=3e-03,1.0,0.003,Adam,1,5,512,64,2.3023635287735504,,0.908203125,full_conv_patch_and_classifier_activation,2.059245312714753,1.6012229016579491,1.3273484094978674,2.6916449927481632e-05,3.87056250135525e-05,"[[0.006714618217525464,0.0009857732263723873,0.0006166546869937581,0.0005259818351261296,0.0004007067122508827,0.00032039900443932946,0.00025065623697162584,0.00021088826929042192,0.0001665901699000024,0.0001542861497991224,0.00010829399676075481,9.948101765602067e-05,8.540977383603945e-05,6.959719751728465e-05,6.482799943871181e-05,6.257464352710728e-05,5.45427030800123e-05,5.128562033158813e-05,4.694604233375887e-05,3.7684776607404646e-05,3.3848549913806886e-05,2.8496409804068185e-05,2.5485225909069657e-05,2.288095814053505e-05,2.0330197694517698e-05,1.9307459209239546e-05,1.461279565578442e-05,1.3542202610207622e-05,9.919465900790149e-06,9.458575584544338e-06,7.043493979168561e-06,4.5236499553578395e-06],[0.011871446870496521,0.0007607038098229737,0.00047354094561960025,0.0003757874834842508,0.00028561709884562906,0.00022339048059563467,0.0001766654440536406,8.683409637040805e-05,6.314887931421283e-05,1.1024381448568819e-18]]","[[486.2481708090735,259.8446472251625,216.24958445068805,183.7122983171536,147.89858163778146,138.10567669741445,127.8390818749908,103.34982479706355,91.60511919190584,87.40259145050457,86.8697513933867,71.34886983400732,65.24907197972718,59.32450967369966,53.87509130234577,53.481766751236265,50.14529573794769,44.52057679625825,42.78985777372914,41.76746085731856,35.97019704819681,35.62678728170247,34.93521036366559,33.94470369891809,30.66431645451282,30.59598409971866,29.66978902073454,27.203519321359956,27.09406318943487,26.114374850478214,25.599638280334634,24.772905241944187,24.18297441165068,23.988265487043922,23.0492393179248,21.976027593899797,21.20567931219397,20.448066728586863,19.763586864753936,19.65115363803375,18.387490082854235,17.840542777628364,16.86030618941448,16.673746529246984,15.708360268429628,15.046491314196702,14.378149746345663,13.805866165577841,12.90977975226263],[2.297273613119105,0.09340722333754621,0.05943537752944172,0.04111603060315573,0.03448481264536655,0.02668625600517994,0.021332879358458033,0.0184497181210888,0.016730095468866765,0.015337241351099526,0.013873968660289187,0.012411793978101682,0.01118452994844607,0.010900016792749214,0.009864508871549505,0.009142898426735933,0.008298632546723628,0.007977676201265079,0.0076576421736734,0.007273421256159535,0.006604920767225993,0.0063099113252771885,0.006040704969483603,0.005604406924506829,0.005245739997481464,0.004925724848859175,0.0044062793654804045,0.004199031487204656,0.0038220774681504404,0.0030562706535737475,0.0023980934824434546,0.001502516457142452]]",,,,,,,,,,,,,,0.538155458169058,32,7,2
39,MNISTConvNet,MNIST conv filters=32 kernel=7 stride=2 lr=3e-03,1.0,0.003,Muon,1,5,512,64,2.302517210055135,,0.908203125,full_conv_patch_and_classifier_activation,3.146613894159957,1.6043583768714944,1.9150986366938954,2.64440105766879e-05,4.734695640505631e-05,"[[0.00431098209423061,0.0012702557163256126,0.0009494544118657241,0.0006093717853385634,0.0005205836896686307,0.00046385061789911217,0.0003124355900700979,0.00021110882446310038,0.00017815893668133908,0.00016127402420524508,0.00011360305613477291,9.629657550869211e-05,8.987602538317857e-05,8.129310165778501e-05,6.712814086335683e-05,6.518924567919753e-05,6.36097107840014e-05,5.4406551148777916e-05,4.936040193065414e-05,4.726065677208169e-05,4.031206323457899e-05,3.6217210012306776e-05,3.2129491590179076e-05,2.7814107321279567e-05,2.5097658163740695e-05,2.3373620134380514e-05,1.8902096358037434e-05,1.6958826903082814e-05,1.4695018707798674e-05,1.3582629894031773e-05,1.2637426501496397e-05,6.244990833845587e-06],[0.007451482216535689,0.0009160850970099125,0.00047598034982819764,0.0003734903004674249,0.0003502592011152262,0.0002122736986047668,0.00018409391013830747,0.0001056013323687142,7.766045280750468e-05,5.142163619754693e-19]]","[[486.2481708090735,259.8446472251625,216.24958445068805,183.7122983171536,147.89858163778146,138.10567669741445,127.8390818749908,103.34982479706355,91.60511919190584,87.40259145050457,86.8697513933867,71.34886983400732,65.24907197972718,59.32450967369966,53.87509130234577,53.481766751236265,50.14529573794769,44.52057679625825,42.78985777372914,41.76746085731856,35.97019704819681,35.62678728170247,34.93521036366559,33.94470369891809,30.66431645451282,30.59598409971866,29.66978902073454,27.203519321359956,27.09406318943487,26.114374850478214,25.599638280334634,24.772905241944187,24.18297441165068,23.988265487043922,23.0492393179248,21.976027593899797,21.20567931219397,20.448066728586863,19.763586864753936,19.65115363803375,18.387490082854235,17.840542777628364,16.86030618941448,16.673746529246984,15.708360268429628,15.046491314196702,14.378149746345663,13.805866165577841,12.90977975226263],[1.4675026356568608,0.0910313514510967,0.07422492647059077,0.04254135909760202,0.03966714871829026,0.027505132893106153,0.02422223671027768,0.020049798612314533,0.019573068251688933,0.016216219314509426,0.014742768650267054,0.013493508329608167,0.012440455268177884,0.010696067031583966,0.009953211390716997,0.009463395956525213,0.008899137007819278,0.008658527374177787,0.008163491099418264,0.007390968965556475,0.007038500481789391,0.0068651701359749105,0.006576136007115942,0.006098311587551506,0.005986542375843858,0.005478970504740916,0.005013475391735462,0.004828759493823223,0.003985050033467328,0.0031197112904273482,0.00293785756501788,0.0019492209818157125]]",,,,,,,,,,,,,,0.5823701662011445,32,7,2
40,MNISTConvNet,MNIST conv filters=32 kernel=7 stride=2 lr=3e-03,1.0,0.003,Adam,2,0,512,64,2.302283437019862,0.0001753323626458858,0.888671875,full_conv_patch_and_classifier_activation,1.9722910399104752,1.5957928552855218,1.2638887229714935,3.858561711741684e-05,5.1674305191208094e-05,"[[0.00825791275500538,0.0011915594808156334,0.0009530384563556816,0.0006200232298324396,0.0005340341345182638,0.0003527297326782328,0.00030012844615553784,0.0002147407264156082,0.00018119436684480128,0.00015077716926131408,0.00013928858214941981,9.900300754448805e-05,7.900622492511211e-05,7.58320600649738e-05,6.292031809631852e-05,5.566115107567574e-05,5.138726247656523e-05,4.707832213707715e-05,3.943012817739957e-05,3.657259968009944e-05,3.0627241115394045e-05,2.7433372271237084e-05,2.4200710978415883e-05,2.0340472974176692e-05,1.9064210195086586e-05,1.856397774929521e-05,1.442062596277911e-05,1.3360372191981319e-05,1.1322137589353011e-05,9.152200379029755e-06,7.505243684577618e-06,4.375043722972156e-06],[0.013600256237598172,0.0007111909387793444,0.0005434732095379106,0.0003441249770474674,0.00016739308408397018,0.00015591273253126944,0.00010787331854618763,0.00010002504941253906,7.866437211958113e-05,8.094841576607151e-19]]","[[486.7469956954346,254.87905103727837,216.78189977852952,181.48034224900442,148.00789297796265,138.4572552275255,127.6167318572432,104.06647556993836,91.33859260302864,88.14749526844344,87.10780983922493,72.04824868313176,66.23328882684137,59.98391986945949,56.140411533208955,54.45981203005132,50.68927673314143,45.62513979877622,43.68144988901508,41.68442868823515,36.31823533870285,35.81283475873343,35.378821663203965,33.92792777873004,30.789683614752427,30.73592896969273,29.844017108914954,27.26066835754155,27.137480225179623,25.50088652415177,25.32582961059101,24.682447382142144,24.035985046853575,23.795098589057094,22.252635682782685,21.741758923632204,20.88189116725893,20.230110791191837,19.56648790783419,19.342466234382233,18.412075392793785,17.64769273542979,16.71468864753443,16.478450426833934,15.664906398627155,14.917052642026235,14.32450260066382,13.654128567672489,12.806041615073447],[2.195364182650116,0.08494140121823136,0.05372623945276612,0.04880186006229891,0.030620311078964943,0.02764847474792309,0.02064120362187693,0.0182173270590932,0.01704793181991004,0.015937860064676714,0.014984918185748873,0.012988050653274548,0.012427325573022346,0.010548886972259726,0.009855193336767508,0.009008119691720239,0.008883443812865134,0.008449168388471678,0.007468232524106525,0.007169510444816262,0.006896503296116615,0.006585259194209967,0.006278301484089783,0.005994316314304689,0.005764015749621706,0.005020785076609537,0.0047626377842950995,0.0046657738344042295,0.004336399094268366,0.0033090355629125713,0.0028240191812990466,0.0007917456579935959]]","[[0.015617381256328292,0.004726409305687832,0.0031530853039077192,0.002878839109349366,0.0027737663729764453,0.002338025046243215,0.0019985114213664362,0.0018553383674286513,0.001738575592051278,0.0015839671302848312,0.001267333748371073,0.0010457656610701096,3.937061092043671e-06,2.7627052713772875e-06,4.7566634340035414e-07,4.113359892777172e-07,1.9041398457754608e-07,1.1309507876757894e-07,8.969703684878491e-08,6.38905341478242e-08,4.628983928567602e-08,4.3814899665259336e-08,3.552515225100011e-08,2.7384155440696147e-08,2.5324590812916636e-08,2.1112016508443626e-08,8.322981178867976e-09,7.002528652586271e-09,4.36649728148731e-09,2.688635702230528e-09,1.7664565612025836e-09,7.983915131892846e-10],[0.007220651476100814,0.0023210410915828024,0.0015728704243908995,0.0013539979916997662,0.0011713225933538747,0.0010932832699532308,0.0005490070300836882,7.600364076489486e-07,4.813351031946661e-08,1.70885359657941e-08]]",4.485809840274501,1.2627427573538965,0.2642751209159945,0.08211871891737609,0.29166720728295514,0.00016661841440147656,0.5340230263469257,0.008569926502506634,0.019442222095223574,0.015617381256328292,0.043798327050478994,0.04554031671314402,0.04822666710242629,32,7,2
41,MNISTConvNet,MNIST conv filters=32 kernel=7 stride=2 lr=3e-03,1.0,0.003,Muon,2,0,512,64,2.302283437019862,8.95066697337299e-05,0.888671875,full_conv_patch_and_classifier_activation,1.9722910399104752,1.5957928552855218,1.2638887229714935,3.858561711741684e-05,5.1674305191208094e-05,"[[0.00825791275500538,0.0011915594808156334,0.0009530384563556816,0.0006200232298324396,0.0005340341345182638,0.0003527297326782328,0.00030012844615553784,0.0002147407264156082,0.00018119436684480128,0.00015077716926131408,0.00013928858214941981,9.900300754448805e-05,7.900622492511211e-05,7.58320600649738e-05,6.292031809631852e-05,5.566115107567574e-05,5.138726247656523e-05,4.707832213707715e-05,3.943012817739957e-05,3.657259968009944e-05,3.0627241115394045e-05,2.7433372271237084e-05,2.4200710978415883e-05,2.0340472974176692e-05,1.9064210195086586e-05,1.856397774929521e-05,1.442062596277911e-05,1.3360372191981319e-05,1.1322137589353011e-05,9.152200379029755e-06,7.505243684577618e-06,4.375043722972156e-06],[0.013600256237598172,0.0007111909387793444,0.0005434732095379106,0.0003441249770474674,0.00016739308408397018,0.00015591273253126944,0.00010787331854618763,0.00010002504941253906,7.866437211958113e-05,8.094841576607151e-19]]","[[486.7469956954346,254.87905103727837,216.78189977852952,181.48034224900442,148.00789297796265,138.4572552275255,127.6167318572432,104.06647556993836,91.33859260302864,88.14749526844344,87.10780983922493,72.04824868313176,66.23328882684137,59.98391986945949,56.140411533208955,54.45981203005132,50.68927673314143,45.62513979877622,43.68144988901508,41.68442868823515,36.31823533870285,35.81283475873343,35.378821663203965,33.92792777873004,30.789683614752427,30.73592896969273,29.844017108914954,27.26066835754155,27.137480225179623,25.50088652415177,25.32582961059101,24.682447382142144,24.035985046853575,23.795098589057094,22.252635682782685,21.741758923632204,20.88189116725893,20.230110791191837,19.56648790783419,19.342466234382233,18.412075392793785,17.64769273542979,16.71468864753443,16.478450426833934,15.664906398627155,14.917052642026235,14.32450260066382,13.654128567672489,12.806041615073447],[2.195364182650116,0.08494140121823136,0.05372623945276612,0.04880186006229891,0.030620311078964943,0.02764847474792309,0.02064120362187693,0.0182173270590932,0.01704793181991004,0.015937860064676714,0.014984918185748873,0.012988050653274548,0.012427325573022346,0.010548886972259726,0.009855193336767508,0.009008119691720239,0.008883443812865134,0.008449168388471678,0.007468232524106525,0.007169510444816262,0.006896503296116615,0.006585259194209967,0.006278301484089783,0.005994316314304689,0.005764015749621706,0.005020785076609537,0.0047626377842950995,0.0046657738344042295,0.004336399094268366,0.0033090355629125713,0.0028240191812990466,0.0007917456579935959]]","[[0.0030000000000000027,0.0030000000000000014,0.0030000000000000014,0.0030000000000000014,0.0030000000000000014,0.0030000000000000014,0.003000000000000001,0.003000000000000001,0.003000000000000001,0.003000000000000001,0.003000000000000001,0.003000000000000001,0.0030000000000000005,0.0030000000000000005,0.0030000000000000005,0.0030000000000000005,0.0030000000000000005,0.0030000000000000005,0.0030000000000000005,0.0030000000000000005,0.003,0.003,0.003,0.003,0.003,0.003,0.003,0.0029999999999999996,0.0029999999999999996,0.002999999999999999,0.002999999999999999,0.0029999999999999988],[0.003000000000000001,0.0030000000000000005,0.003,0.003,0.003,0.003,0.0029999999999999996,0.0029999999999999996,0.0029999999999999983,0.0029999999999999983]]",21.0,20.999999999999975,1.0,0.9999999999999989,0.9999999999999988,8.835479304804229e-05,0.2831829491671943,0.004544480184173426,0.019442222095223578,0.0030000000000000027,0.043798327050479,0.048960865867050986,0.09448666707612574,32,7,2
40,MNISTConvNet,MNIST conv filters=32 kernel=7 stride=2 lr=3e-03,1.0,0.003,Adam,2,1,512,64,2.3023882062296264,0.00014377469616144722,0.90625,full_conv_patch_and_classifier_activation,1.8857525329435025,1.5954957448358211,1.2143352566717533,3.4265350438848355e-05,4.459988002012372e-05,"[[0.007024774727232034,0.0006931197018921111,0.0006758235638083338,0.00048601591498218324,0.0003658797412140158,0.0003071927912663687,0.00026843253927052123,0.00022146860728832323,0.0001520725196681094,0.00013642018922455556,0.00011516064132758293,0.00010383079282028813,8.758449493253747e-05,7.247308738330291e-05,6.284114791498467e-05,5.9855606538390296e-05,5.6162163008797434e-05,4.6119171112030744e-05,4.042891194564915e-05,3.2819219441768046e-05,3.075721029080316e-05,2.699368560738447e-05,2.3907194120233366e-05,1.9833294516442733e-05,1.898794626319351e-05,1.762918471118583e-05,1.587912167383154e-05,1.5231643680214273e-05,1.2341605958049069e-05,1.0465908632546747e-05,6.190288101855984e-06,4.645634586879439e-06],[0.01391182237281768,0.0006623789739968916,0.00042917927488690845,0.000304499702431514,0.0002487802568283958,0.00012516204128520904,9.638582840453676e-05,7.888666237625174e-05,7.106538396696122e-05,9.762965624793034e-19]]","[[486.7469956954346,254.87905103727837,216.78189977852952,181.48034224900442,148.00789297796265,138.4572552275255,127.6167318572432,104.06647556993836,91.33859260302864,88.14749526844344,87.10780983922493,72.04824868313176,66.23328882684137,59.98391986945949,56.140411533208955,54.45981203005132,50.68927673314143,45.62513979877622,43.68144988901508,41.68442868823515,36.31823533870285,35.81283475873343,35.378821663203965,33.92792777873004,30.789683614752427,30.73592896969273,29.844017108914954,27.26066835754155,27.137480225179623,25.50088652415177,25.32582961059101,24.682447382142144,24.035985046853575,23.795098589057094,22.252635682782685,21.741758923632204,20.88189116725893,20.230110791191837,19.56648790783419,19.342466234382233,18.412075392793785,17.64769273542979,16.71468864753443,16.478450426833934,15.664906398627155,14.917052642026235,14.32450260066382,13.654128567672489,12.806041615073447],[2.381600611986056,0.08490425844143858,0.05184764972496123,0.04639570133426591,0.030646884697311534,0.027392212358468636,0.021088631543757477,0.018721695010587416,0.01735087371842136,0.016172585460846007,0.015231192503298739,0.013354997336406898,0.013110780426640125,0.010352137693492192,0.009361046111902289,0.009238564870303482,0.008651582042691761,0.008274288426960569,0.007904036958172204,0.007144301462046638,0.0065783138263925435,0.006539552015229481,0.006189383139345884,0.0055411993366498115,0.005486821989622885,0.004770716388303589,0.004666069275058484,0.004496171441012105,0.004330604087883828,0.003634286067620756,0.0028063265458300375,0.0009549565428748447]]","[[0.01572045758152334,0.004175953331569815,0.003512396942331205,0.0031940919092719477,0.002363450050494064,0.0019749456659767365,0.0014495737542640874,0.0013028069819594305,0.0011592617152615923,0.0010634858805988567,0.0007119649496110234,0.0006547498444725082,0.0006062275144977142,0.0004557268447457508,0.00041228121738349897,0.0004032143293137741,0.0002869398919020671,0.00022351344952012,0.00018035398440542123,0.0001690758968825958,0.00011828739497982933,9.857040953917239e-05,6.46143265954356e-05,5.682356190832016e-05,4.988860729111018e-05,3.909920412572771e-05,3.0482614635496366e-05,2.3686754683992745e-05,1.7943760882370077e-05,1.2011696492111129e-05,1.0131045498582647e-05,4.4544214415308045e-06],[0.008020647783911195,0.0017998357218732377,0.0016640616943232062,0.0009274432102829076,0.0006507718501474222,0.0004794823546004514,0.00041490096721228965,0.0002981055227045489,0.00018032500711252428,0.00011904884265076247]]",4.163418045824151,1.1778199119659924,0.23101926142442059,0.07536568934245126,0.30548997852627047,0.0001346835447797727,0.4428086079847079,0.006935591384302987,0.019419186817233196,0.01572045758152334,0.04361760866355829,0.0463667030212654,0.14613391691818833,32,7,2
41,MNISTConvNet,MNIST conv filters=32 kernel=7 stride=2 lr=3e-03,1.0,0.003,Muon,2,1,512,64,2.3023991858743824,8.026776584690865e-05,0.865234375,full_conv_patch_and_classifier_activation,1.939020847787227,1.5957572107577478,1.2457720912028707,3.430142816830743e-05,4.5565197451300524e-05,"[[0.0069580443859896405,0.0007823480014879759,0.0007243796294620926,0.0005176239474769201,0.00036563628856328516,0.0003245764711882245,0.0002750207037894302,0.0002090489847846333,0.00014452717850767344,0.00013501485364474368,0.00011688452083137002,9.677800298437898e-05,8.591252307913566e-05,7.676480597997961e-05,7.049759910931179e-05,5.746267740058205e-05,5.5415225604099784e-05,5.286586284464006e-05,4.1827987527104386e-05,3.0601517800329504e-05,2.806785046716213e-05,2.3933575762519617e-05,2.3090327412470526e-05,2.0657117966564308e-05,1.7321196833484162e-05,1.653921019101494e-05,1.4207544222198405e-05,1.2123245549412266e-05,1.1382490410949736e-05,1.0467494485395181e-05,7.002439161923542e-06,5.5085094900560145e-06],[0.013126888026467368,0.000689426736488948,0.0004526575958536056,0.00029133422307902024,0.00025960261578141403,0.00012166246634060142,9.922595571827691e-05,7.90230373118389e-05,7.371281245201806e-05,7.590503700611592e-19]]","[[486.7469956954346,254.87905103727837,216.78189977852952,181.48034224900442,148.00789297796265,138.4572552275255,127.6167318572432,104.06647556993836,91.33859260302864,88.14749526844344,87.10780983922493,72.04824868313176,66.23328882684137,59.98391986945949,56.140411533208955,54.45981203005132,50.68927673314143,45.62513979877622,43.68144988901508,41.68442868823515,36.31823533870285,35.81283475873343,35.378821663203965,33.92792777873004,30.789683614752427,30.73592896969273,29.844017108914954,27.26066835754155,27.137480225179623,25.50088652415177,25.32582961059101,24.682447382142144,24.035985046853575,23.795098589057094,22.252635682782685,21.741758923632204,20.88189116725893,20.230110791191837,19.56648790783419,19.342466234382233,18.412075392793785,17.64769273542979,16.71468864753443,16.478450426833934,15.664906398627155,14.917052642026235,14.32450260066382,13.654128567672489,12.806041615073447],[2.246979527110377,0.08624272596795034,0.05447912032339066,0.0492362398039644,0.030663273103005404,0.028142644704205248,0.021275021011021487,0.018391619433159923,0.017091713893229714,0.016023388017959064,0.015441815662384586,0.013199193593456837,0.012459179185393996,0.010697705804561797,0.009702639770771695,0.009083862340537933,0.008829060172347813,0.00844806440629111,0.007569198036678477,0.007159538560651042,0.006965313919655398,0.006641237510021835,0.006275419340468574,0.005984476382997924,0.005716098283340425,0.005032057567097965,0.004909450521100297,0.004744630269200827,0.00440442910363417,0.003554199886906749,0.00306516651780335,0.0009535043462372012]]","[[0.0030000000000000014,0.003000000000000001,0.003000000000000001,0.003000000000000001,0.0030000000000000005,0.0030000000000000005,0.0030000000000000005,0.0030000000000000005,0.0030000000000000005,0.0030000000000000005,0.0030000000000000005,0.0030000000000000005,0.0030000000000000005,0.0030000000000000005,0.0030000000000000005,0.0030000000000000005,0.0030000000000000005,0.0029999999999999996,0.0029999999999999996,0.0029999999999999996,0.0029999999999999996,0.0029999999999999996,0.0029999999999999996,0.0029999999999999996,0.002999999999999999,0.002999999999999999,0.002999999999999999,0.002999999999999999,0.002999999999999999,0.002999999999999999,0.0029999999999999983,0.0029999999999999983],[0.003000000000000001,0.0030000000000000005,0.003,0.003,0.003,0.003,0.003,0.0029999999999999996,0.0029999999999999988,0.0029999999999999988]]",21.0,20.999999999999982,1.0,0.9999999999999991,0.999999999999999,7.951519691850537e-05,0.2735942594067908,0.004089820419140263,0.019442222095223578,0.0030000000000000014,0.04361760866355827,0.048726717827790166,0.19278941699303687,32,7,2
40,MNISTConvNet,MNIST conv filters=32 kernel=7 stride=2 lr=3e-03,1.0,0.003,Adam,2,2,512,64,2.3026604347659,5.919127422249204e-05,0.8828125,full_conv_patch_and_classifier_activation,2.581806786342906,1.5952378366584572,1.5726434228063746,1.786110987216482e-05,2.5887838612882622e-05,"[[0.004092009284454058,0.0009603399434458853,0.0006742160805105019,0.00045964221726388496,0.0003684480634799814,0.0002378747276848741,0.00021637513476485578,0.00017743190553745286,0.00014259096680484013,0.00011979157110843536,0.00010006770019411021,8.549808699579082e-05,7.862683885754788e-05,7.660369374856972e-05,7.202314078314125e-05,6.188025628886075e-05,5.358707761425635e-05,5.059765029974115e-05,4.4678041806669314e-05,3.655518133520882e-05,3.301097038381082e-05,3.087198701799994e-05,2.6193530751824094e-05,2.399590573903484e-05,1.9697813359850586e-05,1.8565888478243823e-05,1.6318539418920794e-05,1.3560588286223088e-05,1.2695979089098863e-05,1.0142413161119524e-05,7.841182386472532e-06,6.155011938134017e-06],[0.011113071492007166,0.0006146727772845829,0.00047356278146964476,0.0003644576906975317,0.00032491812294125656,0.00025955836138669223,0.00012557249953488737,9.213126277103631e-05,7.796798220437668e-05,5.841400466063431e-19]]","[[486.7469956954346,254.87905103727837,216.78189977852952,181.48034224900442,148.00789297796265,138.4572552275255,127.6167318572432,104.06647556993836,91.33859260302864,88.14749526844344,87.10780983922493,72.04824868313176,66.23328882684137,59.98391986945949,56.140411533208955,54.45981203005132,50.68927673314143,45.62513979877622,43.68144988901508,41.68442868823515,36.31823533870285,35.81283475873343,35.378821663203965,33.92792777873004,30.789683614752427,30.73592896969273,29.844017108914954,27.26066835754155,27.137480225179623,25.50088652415177,25.32582961059101,24.682447382142144,24.035985046853575,23.795098589057094,22.252635682782685,21.741758923632204,20.88189116725893,20.230110791191837,19.56648790783419,19.342466234382233,18.412075392793785,17.64769273542979,16.71468864753443,16.478450426833934,15.664906398627155,14.917052642026235,14.32450260066382,13.654128567672489,12.806041615073447],[2.6395154502316576,0.08730611848489785,0.05120687995156843,0.04368742979872357,0.03193314644384335,0.026604767779554696,0.02120557775319547,0.019918168736605308,0.017893579541278026,0.015665199517817804,0.01475257260876575,0.013545606048471145,0.012861404599932954,0.010484791338991007,0.009471868381214497,0.00929642968958218,0.008480685305774255,0.008094583933661238,0.007936793267665339,0.0069097071397222955,0.006686701788758165,0.006312032113314863,0.00607275452518838,0.005524711649389755,0.005287623371662369,0.004902376534687717,0.0046050081838442955,0.004377253425992759,0.004195098158552669,0.004185766434028111,0.0027636715310709425,0.0011498522635173545]]","[[0.01561060505213561,0.004539695851920634,0.0034065792572006847,0.002753749240313637,0.002086493336556633,0.0019362403903123997,0.0016475782030891384,0.0014876820140271416,0.0012963939463182894,0.00112796126751958,0.0010185567809088251,0.0009151024996987886,0.0008654027874729916,0.0007515225443870323,0.00061586433456533,0.0006078465980190106,0.0005288998795999707,0.0003875428366351735,0.0002804905005481976,0.000224270167785473,0.00019863894881737217,0.00017053701811635887,0.0001523377574225551,0.0001234411904800914,0.00010890440687830961,9.267069537951664e-05,7.827683761584167e-05,6.839504730577515e-05,5.837634603096427e-05,3.954885580031637e-05,3.0232151772874458e-05,2.2983515816945556e-05],[0.007624278127188826,0.002746740885310573,0.0014418424211646943,0.0013734363772855765,0.0010186851565287887,0.0007684366731213602,0.0006092607613035799,0.0004296607199253082,0.0003677319078000071,0.00015939250270277565]]",4.973109364292741,1.2431388936673573,0.2860415271496541,0.08141594734887189,0.2644548719731788,5.6377540833812636e-05,0.2429930103332556,0.002907079120463863,0.01939319106829705,0.01561060505213561,0.043350469494023706,0.04598202352729911,0.24170324997976422,32,7,2
41,MNISTConvNet,MNIST conv filters=32 kernel=7 stride=2 lr=3e-03,1.0,0.003,Muon,2,2,512,64,2.302646903380785,6.108812891314486e-05,0.896484375,full_conv_patch_and_classifier_activation,2.7656031117806243,1.5957303864636647,1.6807225700154997,1.7812757708459688e-05,2.7423672618230324e-05,"[[0.003979413021364151,0.0010755645586871638,0.0006375741915613482,0.0005103546636453456,0.00042033703083600753,0.0002492724550815713,0.0002324319607768104,0.0001713512356734486,0.00015105790775129144,0.00013271621313998793,0.00011454429359946734,0.0001065315194342906,8.220104529788524e-05,7.366802262558043e-05,6.805345734374085e-05,6.573798674538876e-05,5.413381540176855e-05,4.837769263561268e-05,4.170661887797635e-05,4.0922498149674884e-05,3.5665625226875404e-05,3.1830606256959774e-05,2.94742446617728e-05,2.538498950394593e-05,2.087645629730888e-05,1.6665109698898224e-05,1.645189402091507e-05,1.593502917428436e-05,1.3144132587486065e-05,1.0604082157887993e-05,9.944222373073335e-06,8.233516799110732e-06],[0.009588107910563453,0.0006505875368882915,0.0005202194552670767,0.0003545378166244912,0.0002969409956254639,0.0002569669980070575,0.00011887476907675889,0.00010515263716480879,9.059419100916445e-05,4.606110974467521e-19]]","[[486.7469956954346,254.87905103727837,216.78189977852952,181.48034224900442,148.00789297796265,138.4572552275255,127.6167318572432,104.06647556993836,91.33859260302864,88.14749526844344,87.10780983922493,72.04824868313176,66.23328882684137,59.98391986945949,56.140411533208955,54.45981203005132,50.68927673314143,45.62513979877622,43.68144988901508,41.68442868823515,36.31823533870285,35.81283475873343,35.378821663203965,33.92792777873004,30.789683614752427,30.73592896969273,29.844017108914954,27.26066835754155,27.137480225179623,25.50088652415177,25.32582961059101,24.682447382142144,24.035985046853575,23.795098589057094,22.252635682782685,21.741758923632204,20.88189116725893,20.230110791191837,19.56648790783419,19.342466234382233,18.412075392793785,17.64769273542979,16.71468864753443,16.478450426833934,15.664906398627155,14.917052642026235,14.32450260066382,13.654128567672489,12.806041615073447],[2.28420121365645,0.08758245451988209,0.05476299705812349,0.04842212253554346,0.03068414296018742,0.028451759845090983,0.021964134329700638,0.018469488173545812,0.017482179689425892,0.01607318339724922,0.015672431603489703,0.01346531703073483,0.012589189838615627,0.010996093950361515,0.009864580245580245,0.009244427240373235,0.008979987449808786,0.008482005886080921,0.007615703141613299,0.007233190493380515,0.007076314921535586,0.00679649627078245,0.006518568790364212,0.005935487555078352,0.005744421252519147,0.005121766561399152,0.005011080667173606,0.004804021390838449,0.004498821531098727,0.0038410851185879938,0.003212016456730636,0.0010430830931811095]]","[[0.0030000000000000027,0.0030000000000000022,0.0030000000000000022,0.003000000000000002,0.003000000000000002,0.003000000000000002,0.003000000000000002,0.003000000000000002,0.003000000000000002,0.0030000000000000014,0.0030000000000000014,0.003000000000000001,0.003000000000000001,0.003000000000000001,0.003000000000000001,0.0030000000000000005,0.0030000000000000005,0.0030000000000000005,0.0030000000000000005,0.0030000000000000005,0.0030000000000000005,0.0030000000000000005,0.003,0.003,0.0029999999999999996,0.0029999999999999996,0.0029999999999999996,0.002999999999999999,0.002999999999999999,0.002999999999999999,0.0029999999999999983,0.0029999999999999975],[0.0030000000000000014,0.0030000000000000005,0.0029999999999999996,0.0029999999999999996,0.0029999999999999996,0.002999999999999999,0.002999999999999999,0.0029999999999999983,0.002999999999999998,0.002999999999999998]]",21.0,20.99999999999997,1.0,0.9999999999999987,0.9999999999999986,6.14164272228408e-05,0.2998031391775728,0.0031589201543957847,0.019442222095223578,0.0030000000000000027,0.04335046949402369,0.04832713330308457,0.2877668330911547,32,7,2
40,MNISTConvNet,MNIST conv filters=32 kernel=7 stride=2 lr=3e-03,1.0,0.003,Adam,2,3,512,64,2.302598293348469,6.905440408644381e-05,0.88671875,full_conv_patch_and_classifier_activation,2.7056291563918236,1.5950814513317133,1.6154481088687267,1.827219262102451e-05,2.554728645259984e-05,"[[0.003371542257464588,0.0008147534888753156,0.0004724571829669862,0.0004078125379783767,0.0003524842477796328,0.000269131718311971,0.0001923950164841781,0.00015915100883335327,0.00013869687244695935,0.0001247997141623861,0.00011596651850320301,9.406785827981165e-05,8.470416836402772e-05,7.10645651747669e-05,6.639933236072566e-05,5.824726440288999e-05,4.934522476668734e-05,4.0296884322430206e-05,3.8202348214949284e-05,3.2121224900231853e-05,2.934674570041417e-05,2.8432727505555725e-05,2.432578387470454e-05,2.1582126679387223e-05,1.8859091167814455e-05,1.6483162234404524e-05,1.5464243294531338e-05,1.3501764963335167e-05,1.1698102555773558e-05,8.276549649365182e-06,7.358976074444674e-06,6.443887730304425e-06],[0.012141906747781433,0.0006009422861424025,0.00048150012119846966,0.0004312109976674961,0.0002489366293989,0.00017936111089549424,0.00014220278696626463,0.00011059361007125186,7.966045496967707e-05,1.03899607159546e-18]]","[[486.7469956954346,254.87905103727837,216.78189977852952,181.48034224900442,148.00789297796265,138.4572552275255,127.6167318572432,104.06647556993836,91.33859260302864,88.14749526844344,87.10780983922493,72.04824868313176,66.23328882684137,59.98391986945949,56.140411533208955,54.45981203005132,50.68927673314143,45.62513979877622,43.68144988901508,41.68442868823515,36.31823533870285,35.81283475873343,35.378821663203965,33.92792777873004,30.789683614752427,30.73592896969273,29.844017108914954,27.26066835754155,27.137480225179623,25.50088652415177,25.32582961059101,24.682447382142144,24.035985046853575,23.795098589057094,22.252635682782685,21.741758923632204,20.88189116725893,20.230110791191837,19.56648790783419,19.342466234382233,18.412075392793785,17.64769273542979,16.71468864753443,16.478450426833934,15.664906398627155,14.917052642026235,14.32450260066382,13.654128567672489,12.806041615073447],[2.849253946032704,0.08917722287768162,0.04984257347336698,0.042547980072792084,0.033595422525893766,0.025910875506124063,0.02246321493623251,0.0200359645418039,0.018237300642300183,0.016333676809997883,0.014509652074926289,0.013255321587754944,0.012276478423657783,0.010351116869242801,0.009447447516450939,0.00906471936501712,0.008553764027545901,0.008163510822402414,0.007717931729161979,0.0071156532000761965,0.006731191225459996,0.006131460026127881,0.006056244372613126,0.005483223849115616,0.005223389331673924,0.005078123503077303,0.004502005747677774,0.004279436392968492,0.003815493163865998,0.003732439741797125,0.0030198496945648295,0.001420539559629813]]","[[0.015160617064958108,0.005142562518729543,0.004530559695773995,0.003598072978820001,0.002588433632131702,0.0023353328471729653,0.00198073386651322,0.001755416815950958,0.0013728393751015608,0.0013699444622612311,0.0011814534081355042,0.0010341102561530718,0.000872877386971589,0.0007405930543473683,0.0006889114048720289,0.0006219046908848097,0.00045762692201591987,0.0003671418252278228,0.00026847583208622496,0.0002580805531634756,0.00018760394536482405,0.00015028717695327796,0.00013590203888399607,0.00012850091883293693,0.00011594045168501089,9.290400709278085e-05,7.490125218547645e-05,7.342258567768249e-05,5.093824833110457e-05,4.685841315307299e-05,4.1691639911503294e-05,2.5051241316069637e-05],[0.006794303972215452,0.0030767929334282068,0.0016611594280712713,0.0015601799071766728,0.0009518428344477123,0.0006933312804498142,0.0005398804110259742,0.0004649365657528963,0.0003367122955171693,0.00015635473957932304]]",5.637593426676107,1.3724323013046993,0.32033117711898557,0.08969355007212791,0.2600079605938656,6.586178607955502e-05,0.26591071895458823,0.0033751307740364617,0.019513847162961367,0.015160617064958108,0.04339113550062476,0.044494236549688204,0.3390332921408117,32,7,2
41,MNISTConvNet,MNIST conv filters=32 kernel=7 stride=2 lr=3e-03,1.0,0.003,Muon,2,3,512,64,2.302535309632548,5.8215786098880784e-05,0.896484375,full_conv_patch_and_classifier_activation,2.8718489232378275,1.5957937912222837,1.7249048509129774,1.8685298640608128e-05,2.8468118149238452e-05,"[[0.0033039711820028474,0.0008755218679393388,0.0005288459421181254,0.00049066555480701,0.00035272019768147427,0.0002952762211184832,0.00021125293713268747,0.00018275927695848515,0.0001246937184854559,0.0001218757449476518,9.268759506836344e-05,8.017822248987378e-05,7.909719881204207e-05,7.182351140866591e-05,6.03259916778803e-05,5.112637912009374e-05,4.433626175114775e-05,4.0682254878412756e-05,3.700771906420022e-05,3.3103448489608784e-05,3.048465792618874e-05,2.8407827962046743e-05,2.3097565483323334e-05,1.893551044158773e-05,1.8045399964075396e-05,1.6707434592996255e-05,1.6033601087199638e-05,1.2389540120821367e-05,1.1588647061769984e-05,1.0657441062849109e-05,8.074748407043965e-06,5.201846171901212e-06],[0.00973123934324191,0.0005956968974887625,0.0005642223415997665,0.0004409819245459197,0.00022554774483483223,0.00018844106328184078,0.00016014722285422802,0.00011114159263674385,7.837486913157337e-05,1.0570380836815016e-18]]","[[486.7469956954346,254.87905103727837,216.78189977852952,181.48034224900442,148.00789297796265,138.4572552275255,127.6167318572432,104.06647556993836,91.33859260302864,88.14749526844344,87.10780983922493,72.04824868313176,66.23328882684137,59.98391986945949,56.140411533208955,54.45981203005132,50.68927673314143,45.62513979877622,43.68144988901508,41.68442868823515,36.31823533870285,35.81283475873343,35.378821663203965,33.92792777873004,30.789683614752427,30.73592896969273,29.844017108914954,27.26066835754155,27.137480225179623,25.50088652415177,25.32582961059101,24.682447382142144,24.035985046853575,23.795098589057094,22.252635682782685,21.741758923632204,20.88189116725893,20.230110791191837,19.56648790783419,19.342466234382233,18.412075392793785,17.64769273542979,16.71468864753443,16.478450426833934,15.664906398627155,14.917052642026235,14.32450260066382,13.654128567672489,12.806041615073447],[2.263058050358262,0.0876284717236898,0.05772925045129146,0.048055272303599676,0.030953726848445526,0.027740827789287395,0.02218376667812769,0.01854637840210343,0.01758225079538577,0.01645939773973651,0.01584843916831235,0.013222037755521816,0.012633852456806994,0.011351990178893849,0.00988897497772444,0.009476607788098335,0.008840798042537675,0.00851959499134265,0.007736069250902187,0.007299474869954835,0.00702592951164046,0.006914370738429832,0.006575915216599041,0.005785612877130587,0.005721071511867459,0.005114982674798159,0.0049346259639508954,0.004781757958834749,0.004408163276287012,0.003714805080434186,0.0035056977192988513,0.0011184239530830364]]","[[0.0030000000000000027,0.003000000000000002,0.003000000000000002,0.0030000000000000014,0.0030000000000000014,0.0030000000000000014,0.0030000000000000014,0.0030000000000000014,0.0030000000000000014,0.003000000000000001,0.003000000000000001,0.003000000000000001,0.003000000000000001,0.003000000000000001,0.0030000000000000005,0.0030000000000000005,0.0030000000000000005,0.0030000000000000005,0.0030000000000000005,0.0030000000000000005,0.0030000000000000005,0.0030000000000000005,0.003,0.003,0.0029999999999999996,0.0029999999999999996,0.0029999999999999996,0.0029999999999999996,0.002999999999999999,0.002999999999999999,0.002999999999999999,0.0029999999999999988],[0.003000000000000002,0.0030000000000000014,0.0030000000000000014,0.0030000000000000014,0.0030000000000000014,0.003000000000000001,0.0030000000000000005,0.0030000000000000005,0.003,0.0029999999999999996]]",21.0,20.999999999999975,0.9999999999999999,0.9999999999999991,0.9999999999999991,5.8120105337547705e-05,0.2873055983821549,0.002989375651244421,0.019442222095223595,0.0030000000000000027,0.04339113550062477,0.04830521474429798,0.38808525004424155,32,7,2
40,MNISTConvNet,MNIST conv filters=32 kernel=7 stride=2 lr=3e-03,1.0,0.003,Adam,2,4,512,64,2.30225372522084,0.00016596498314536134,0.88671875,full_conv_patch_and_classifier_activation,1.9387862926076558,1.5949796838958412,1.2288277659176212,2.92163974647433e-05,3.6944700707555575e-05,"[[0.006589923541137296,0.0009899936424784068,0.0006208798106456145,0.00040907286188046437,0.0003781887759652691,0.000319574052306948,0.00023008303191422068,0.0001834790732081493,0.00015273737712674667,0.0001316344715959322,0.00011778833695298768,9.687400277369894e-05,9.181363045864904e-05,7.53699373892949e-05,7.264638691267816e-05,5.98193136393964e-05,5.059583864317101e-05,4.491107212428806e-05,3.712148664772625e-05,3.39141788576469e-05,3.200385452172908e-05,2.629163875284697e-05,2.583159007779531e-05,2.201977141096542e-05,1.9406630463609105e-05,1.6758356319155104e-05,1.5146340495181826e-05,1.0401472682603856e-05,9.176068667243437e-06,8.214404169252045e-06,7.3176942914871235e-06,6.704935829767882e-06],[0.016547934650844386,0.00061323451904812,0.00048261498646296055,0.0003541206492698335,0.00018620066667811535,0.0001531559948233603,0.00013196022648514328,9.935419676055401e-05,8.529309115190316e-05,9.021154864706643e-19]]","[[486.7469956954346,254.87905103727837,216.78189977852952,181.48034224900442,148.00789297796265,138.4572552275255,127.6167318572432,104.06647556993836,91.33859260302864,88.14749526844344,87.10780983922493,72.04824868313176,66.23328882684137,59.98391986945949,56.140411533208955,54.45981203005132,50.68927673314143,45.62513979877622,43.68144988901508,41.68442868823515,36.31823533870285,35.81283475873343,35.378821663203965,33.92792777873004,30.789683614752427,30.73592896969273,29.844017108914954,27.26066835754155,27.137480225179623,25.50088652415177,25.32582961059101,24.682447382142144,24.035985046853575,23.795098589057094,22.252635682782685,21.741758923632204,20.88189116725893,20.230110791191837,19.56648790783419,19.342466234382233,18.412075392793785,17.64769273542979,16.71468864753443,16.478450426833934,15.664906398627155,14.917052642026235,14.32450260066382,13.654128567672489,12.806041615073447],[3.066103078890848,0.09234514772630327,0.04967165252078854,0.04360133562713933,0.03518842627075864,0.026133977096158705,0.022925605799485212,0.020081441513846904,0.018099183933502745,0.01634562342620557,0.014752817440585451,0.01307158785994999,0.01176537983485321,0.010579482449693747,0.009493507030254813,0.009108863481253292,0.008338227430066085,0.0077596997732378315,0.007503444053937045,0.007109977719288262,0.006861237842791309,0.006015820758810503,0.0059035846219901425,0.00533757387349662,0.005163052644409288,0.0048522789334315515,0.004438078701627183,0.003923452463913317,0.0034266519577723226,0.003286541598679615,0.002910821466741995,0.001890302984077824]]","[[0.01522925020343391,0.005113001742976217,0.004084335391276652,0.00357646057913983,0.002703837935802732,0.002295975498199238,0.0017884389791750204,0.0015364798961948949,0.0013717272883933375,0.001244431286817172,0.0010474528141119711,0.001027647118827675,0.000736264312141391,0.0006640607299701158,0.0006088344584331357,0.0005343572424575939,0.0004363280281443445,0.00032773341020754374,0.00031345402573488776,0.0002078259023925027,0.0001553829670773508,0.00014656709363100148,0.0001283275038012991,0.00012262833520844778,0.00011576195991268454,0.00010289284071653601,8.767698172264799e-05,5.1504951318324274e-05,4.002363346492459e-05,3.433667711060434e-05,2.6150532407171066e-05,1.4620998903308396e-05],[0.007492767272464547,0.0028209393198908293,0.0014491939671222958,0.0014059175039242992,0.0009219672212694366,0.0007674445252708408,0.0005557976848958019,0.00045645112613802805,0.00033703948021890254,0.00017470817415883634]]",5.2661275452105825,1.3016591340497272,0.2958405848843345,0.08370648872900896,0.26455315334911356,0.00016004024321649964,0.4566680172025929,0.00816977770609599,0.019589302056172646,0.01522925020343391,0.043274264135626336,0.04533355731005554,0.44038995797745883,32,7,2
41,MNISTConvNet,MNIST conv filters=32 kernel=7 stride=2 lr=3e-03,1.0,0.003,Muon,2,4,512,64,2.302446122891892,7.490096832407644e-05,0.861328125,full_conv_patch_and_classifier_activation,2.2054567348167415,1.5958478903859117,1.3798599404997172,2.934500223414262e-05,4.0323022244707785e-05,"[[0.005713395295385024,0.000957307779520365,0.0006062548719275404,0.0005367610408265269,0.0003970968743429459,0.00033538131137782895,0.00030447303202835716,0.00018063635058509415,0.0001662087716063849,0.00013937172628268629,0.00011855991864649976,0.00010830528684493,9.153209109085052e-05,8.728490200466755e-05,7.279744163142381e-05,6.211514890764426e-05,5.666910137857129e-05,4.734175722423345e-05,3.636695038051e-05,3.329687066785939e-05,3.132510266931265e-05,3.001107373886811e-05,2.509764975858065e-05,2.105309490483131e-05,1.89712790506478e-05,1.7835073832677617e-05,1.4738405568192848e-05,1.3972578408184805e-05,1.2157758566830453e-05,1.0220027580135289e-05,7.788833826816139e-06,5.688276684384483e-06],[0.012310869270912515,0.0006554217866032025,0.0005394637535275762,0.00032519690275203977,0.00020110194032438,0.0001780329865855191,0.00011879067046570068,9.807333669766823e-05,7.434591111170216e-05,1.106058274389791e-18]]","[[486.7469956954346,254.87905103727837,216.78189977852952,181.48034224900442,148.00789297796265,138.4572552275255,127.6167318572432,104.06647556993836,91.33859260302864,88.14749526844344,87.10780983922493,72.04824868313176,66.23328882684137,59.98391986945949,56.140411533208955,54.45981203005132,50.68927673314143,45.62513979877622,43.68144988901508,41.68442868823515,36.31823533870285,35.81283475873343,35.378821663203965,33.92792777873004,30.789683614752427,30.73592896969273,29.844017108914954,27.26066835754155,27.137480225179623,25.50088652415177,25.32582961059101,24.682447382142144,24.035985046853575,23.795098589057094,22.252635682782685,21.741758923632204,20.88189116725893,20.230110791191837,19.56648790783419,19.342466234382233,18.412075392793785,17.64769273542979,16.71468864753443,16.478450426833934,15.664906398627155,14.917052642026235,14.32450260066382,13.654128567672489,12.806041615073447],[2.2795437261722458,0.08905408846281573,0.06187373650855157,0.047705103974106766,0.03139870899610682,0.02740679119334845,0.02284628951108661,0.019288970729183053,0.01792973745854878,0.016851948850739224,0.016196446910187505,0.013418748751391808,0.012819986653396717,0.011600875097453502,0.009736493277416828,0.009234578752951153,0.008894612047930335,0.008497313886775583,0.007731526611022929,0.007304806119400044,0.007065308249870745,0.006958557823028467,0.006531712679034965,0.005743628510637946,0.005709016467746548,0.00525261941720863,0.005088054218909594,0.004670578907081618,0.004303986085958066,0.0036888314801531374,0.003067573514891639,0.001243048812488596]]","[[0.0030000000000000027,0.0030000000000000027,0.0030000000000000022,0.0030000000000000022,0.003000000000000002,0.0030000000000000014,0.0030000000000000014,0.0030000000000000014,0.0030000000000000014,0.0030000000000000014,0.0030000000000000014,0.003000000000000001,0.003000000000000001,0.0030000000000000005,0.0030000000000000005,0.0030000000000000005,0.0030000000000000005,0.0030000000000000005,0.0030000000000000005,0.0030000000000000005,0.0030000000000000005,0.003,0.003,0.0029999999999999996,0.0029999999999999996,0.0029999999999999996,0.002999999999999999,0.002999999999999999,0.002999999999999999,0.002999999999999999,0.0029999999999999983,0.0029999999999999975],[0.003000000000000001,0.003000000000000001,0.0030000000000000005,0.003,0.003,0.003,0.003,0.0029999999999999996,0.0029999999999999988,0.0029999999999999983]]",21.000000000000004,20.99999999999997,1.0,0.9999999999999989,0.9999999999999988,7.428393670868912e-05,0.279247397725519,0.0038207534275075798,0.019442222095223588,0.0030000000000000027,0.04327426413562634,0.047996777514449904,0.4867344170343131,32,7,2
40,MNISTConvNet,MNIST conv filters=32 kernel=7 stride=2 lr=3e-03,1.0,0.003,Adam,2,5,512,64,2.3021623761165326,,0.88671875,full_conv_patch_and_classifier_activation,2.00415929061652,1.5949053121443457,1.2799063467631602,2.564153749283721e-05,3.442551441302734e-05,"[[0.006825836374827107,0.0010496884629402595,0.0007300719084840556,0.0004726128792522422,0.0003834141467214517,0.00036084017292332016,0.0002397568978907056,0.00018611226097387011,0.00016348103246580938,0.00013592599074574422,0.00012461598717342616,0.0001049655298973996,9.349645237706648e-05,7.70868900705632e-05,6.484398232188546e-05,5.290752306853121e-05,4.9894777566536834e-05,4.3606042457340583e-05,4.155982904820176e-05,3.857715824886285e-05,3.228043199668631e-05,2.5500762149709486e-05,2.0657165584225895e-05,1.5616528352636433e-05,1.4910462965955162e-05,1.3187498137336628e-05,1.2427752992021307e-05,1.0750065010804427e-05,9.732772067428372e-06,7.524788992976469e-06,6.990538742114112e-06,6.260118371882232e-06],[0.01682581679070422,0.0009499943088789872,0.0006079708442230095,0.0004226915178716248,0.00032095437678902455,0.00014653950832045515,0.00012509147983009216,0.00010164008612680229,6.736609932758219e-05,8.831315939121657e-19]]","[[486.7469956954346,254.87905103727837,216.78189977852952,181.48034224900442,148.00789297796265,138.4572552275255,127.6167318572432,104.06647556993836,91.33859260302864,88.14749526844344,87.10780983922493,72.04824868313176,66.23328882684137,59.98391986945949,56.140411533208955,54.45981203005132,50.68927673314143,45.62513979877622,43.68144988901508,41.68442868823515,36.31823533870285,35.81283475873343,35.378821663203965,33.92792777873004,30.789683614752427,30.73592896969273,29.844017108914954,27.26066835754155,27.137480225179623,25.50088652415177,25.32582961059101,24.682447382142144,24.035985046853575,23.795098589057094,22.252635682782685,21.741758923632204,20.88189116725893,20.230110791191837,19.56648790783419,19.342466234382233,18.412075392793785,17.64769273542979,16.71468864753443,16.478450426833934,15.664906398627155,14.917052642026235,14.32450260066382,13.654128567672489,12.806041615073447],[3.3322229551465017,0.09766943330440471,0.05365033259403209,0.04351123420529202,0.036530314591770835,0.02605785120331462,0.02324031344792025,0.020708402601351598,0.018444136844899667,0.01641834111241521,0.015100270017565061,0.012767940312672452,0.011609047082735401,0.010811335276089505,0.009458474306651215,0.009104005619297457,0.008270607218057955,0.007571029761729467,0.007238487156585949,0.007005234458794894,0.006679883356211279,0.006008360150120176,0.005812537501804091,0.005145092641175597,0.004859695608931597,0.00478075165091218,0.004341841842440455,0.0037485427810561474,0.003692342075347692,0.003200156998986938,0.002600030460010119,0.0024053349028133287]]",,,,,,,,,,,,,,0.5388214581180364,32,7,2
41,MNISTConvNet,MNIST conv filters=32 kernel=7 stride=2 lr=3e-03,1.0,0.003,Muon,2,5,512,64,2.3024187540188876,,0.896484375,full_conv_patch_and_classifier_activation,2.2394759696173883,1.5958542649628513,1.4405109479818874,2.574619202428304e-05,3.966864066866404e-05,"[[0.006242991491714321,0.000975118244606708,0.0007052039338672145,0.000518222352045787,0.0004479349658852282,0.0003680645897011329,0.0002246540925689006,0.00019289931127973258,0.00018156059510253744,0.00013873569395876225,0.00013227324323541502,0.00012024450129425953,9.639770566251297e-05,8.987429704992329e-05,7.625459023643027e-05,7.18049504055305e-05,5.613773297408532e-05,5.34357490489438e-05,4.9838613467042146e-05,4.4857414769168515e-05,3.564388823057688e-05,3.084186384084662e-05,2.7621057657039464e-05,2.1753506459141925e-05,1.989369440692136e-05,1.7389123823130408e-05,1.464481259246124e-05,1.2095067421379887e-05,1.0587835616490787e-05,9.44811047251584e-06,7.1955365103812864e-06,4.115713299948003e-06],[0.011659814936434051,0.0009400345995259088,0.0006919271983701213,0.00044484117578818654,0.00031444230619372837,0.00021488696695092494,0.00015151363572478394,0.00010099792385224393,7.347922277811942e-05,6.628159968245435e-19]]","[[486.7469956954346,254.87905103727837,216.78189977852952,181.48034224900442,148.00789297796265,138.4572552275255,127.6167318572432,104.06647556993836,91.33859260302864,88.14749526844344,87.10780983922493,72.04824868313176,66.23328882684137,59.98391986945949,56.140411533208955,54.45981203005132,50.68927673314143,45.62513979877622,43.68144988901508,41.68442868823515,36.31823533870285,35.81283475873343,35.378821663203965,33.92792777873004,30.789683614752427,30.73592896969273,29.844017108914954,27.26066835754155,27.137480225179623,25.50088652415177,25.32582961059101,24.682447382142144,24.035985046853575,23.795098589057094,22.252635682782685,21.741758923632204,20.88189116725893,20.230110791191837,19.56648790783419,19.342466234382233,18.412075392793785,17.64769273542979,16.71468864753443,16.478450426833934,15.664906398627155,14.917052642026235,14.32450260066382,13.654128567672489,12.806041615073447],[2.3126205010222383,0.09041619551129891,0.06453526290893642,0.04688512412578511,0.031620779281004104,0.027234204769550248,0.023567329139822926,0.019597734741292765,0.018002278365882442,0.017154753670427035,0.016345064331887295,0.013541844602606259,0.01313469108491816,0.011863419457047365,0.009744227868342344,0.009406335672501745,0.009192536707812017,0.008549303244691983,0.007848695361238413,0.007478724171616074,0.0072880420123918035,0.007091282075848666,0.006586351262080657,0.005845192916153113,0.005695763217127947,0.005458100127802207,0.005067834745131732,0.004721696645715386,0.004341699595296292,0.004009698007391579,0.003363139505795442,0.0014101437488090588]]",,,,,,,,,,,,,,0.5832656670827419,32,7,2
42,MNISTConvNet,MNIST conv filters=32 kernel=7 stride=2 lr=1e-02,1.0,0.01,Adam,0,0,512,64,2.3027670894857626,0.0003173800513422975,0.9140625,full_conv_patch_and_classifier_activation,2.5209899789826435,1.57628983203184,1.6128578587734266,3.414170505099218e-05,5.6357692206737916e-05,"[[0.005724549561902923,0.0011244798680996823,0.0008664987545765395,0.000507497061054741,0.0004348579251971404,0.0003339675274358628,0.00031381689535390394,0.0002562456189045953,0.00018205217156085034,0.00013863828377987846,0.00012847982562303012,0.0001233938873438271,0.00011517172583598286,8.428452176596304e-05,8.232639495564814e-05,6.464340589292127e-05,6.148495134143832e-05,5.472904660017638e-05,5.2096388109514515e-05,4.3715722143287386e-05,3.798128962364672e-05,3.232496140631576e-05,3.130216937490491e-05,2.944402982829158e-05,2.587447468886382e-05,2.4873414865631703e-05,2.1322624062642217e-05,1.9511118104735976e-05,1.4838147644338959e-05,1.237092518424174e-05,1.1142356273646523e-05,7.22235566122159e-06],[0.006403894708758739,0.000551566191569746,0.0004356541974086667,0.00028573971418665374,0.00022518734177034313,0.00017805332923534803,0.00011655297076148056,8.66313180214025e-05,6.363773828380767e-05,5.027406518802294e-19]]","[[501.2838233391682,262.2017225172453,218.1407633790149,186.02700311640524,147.75599578714636,138.38247544402535,128.9878921443775,103.37825115797077,90.95939908651006,87.84597773104926,87.33219965821304,71.10863014115188,64.43283364430818,60.29015968703359,53.96933331596295,53.46116945814087,49.746075554058784,44.58815232110708,42.30940499248376,41.59294146216923,36.01046266244356,35.19286777706035,35.053991209895024,33.25998106648406,30.96326156100716,30.180863787964302,29.604531865687306,27.170536306251982,26.668823950712493,26.406102919582295,25.444833074128553,24.42460911602404,24.281607561868398,23.73533960749352,22.87219660342007,21.957780585006265,21.07305078050606,20.22909606158655,19.887087711759282,19.617172997771313,18.364194517488897,17.763809500157663,16.895965588973063,16.854987836657727,15.835998162763424,15.156575697838418,14.463423920452072,13.855967068711701,12.833280340345743],[1.1050713523947218,0.08751021145215479,0.04537780127704891,0.03632124986853476,0.03263287844254929,0.021113232740016637,0.020077594083597078,0.01849527279361473,0.015801424667647817,0.014908800943417795,0.013841926051372069,0.011991813229287576,0.011181479679272393,0.010776186124602967,0.00976828221114606,0.009395499041804794,0.00798328010527808,0.007602521718737144,0.0071329039882485415,0.0069834754928278205,0.00678994736872852,0.006175360086554694,0.006059743547308874,0.0058623592362346,0.005573041856394187,0.005126606356300808,0.004899098037984256,0.004372486965486256,0.004129628129390734,0.003703242235568332,0.0034358621842481975,0.0027414840529019326]]","[[0.04985209530857764,0.014367806400207283,0.012101633475757281,0.0115190844123979,0.0110224304950528,0.008516544209767921,0.008017756334033203,0.00731907984785387,0.00684771637788345,0.0063958232825072495,0.005134163160334729,0.004253811809750764,0.004132617049962773,0.0036023288332956973,0.003409481872780609,0.0031780193354284713,0.002956283895971931,0.002673866929109395,0.001986568486074917,3.51922406906024e-06,3.2367209684652584e-06,1.6668472964837356e-06,9.456378802712982e-07,4.3362852808841e-07,2.036600591752243e-07,1.3666744198218857e-07,7.91048996185517e-08,6.793658475282821e-08,6.403794365936057e-08,2.91696119951882e-08,2.3280244711273765e-08,1.4219597648636736e-08],[0.02436451686483939,0.007066821957784483,0.006339397253956404,0.0038718935028159776,0.0029111098755141163,0.0024951260794290418,3.1299587164494935e-06,7.724895259154273e-07,2.8504396923941245e-07,8.023520468000926e-08]]",5.5653905331373075,1.302375178881153,0.28059197471671093,0.08201256118456429,0.2810246305966393,0.0003369109786885915,0.5911565424504259,0.005198649265065665,0.06480740698407857,0.04985209530857764,0.14810555296102199,0.14893390949435775,0.04858449986204505,32,7,2
43,MNISTConvNet,MNIST conv filters=32 kernel=7 stride=2 lr=1e-02,1.0,0.01,Muon,0,0,512,64,2.3027670894857626,0.0001739993124432182,0.9140625,full_conv_patch_and_classifier_activation,2.5209899789826435,1.57628983203184,1.6128578587734266,3.414170505099218e-05,5.6357692206737916e-05,"[[0.005724549561902923,0.0011244798680996823,0.0008664987545765395,0.000507497061054741,0.0004348579251971404,0.0003339675274358628,0.00031381689535390394,0.0002562456189045953,0.00018205217156085034,0.00013863828377987846,0.00012847982562303012,0.0001233938873438271,0.00011517172583598286,8.428452176596304e-05,8.232639495564814e-05,6.464340589292127e-05,6.148495134143832e-05,5.472904660017638e-05,5.2096388109514515e-05,4.3715722143287386e-05,3.798128962364672e-05,3.232496140631576e-05,3.130216937490491e-05,2.944402982829158e-05,2.587447468886382e-05,2.4873414865631703e-05,2.1322624062642217e-05,1.9511118104735976e-05,1.4838147644338959e-05,1.237092518424174e-05,1.1142356273646523e-05,7.22235566122159e-06],[0.006403894708758739,0.000551566191569746,0.0004356541974086667,0.00028573971418665374,0.00022518734177034313,0.00017805332923534803,0.00011655297076148056,8.66313180214025e-05,6.363773828380767e-05,5.027406518802294e-19]]","[[501.2838233391682,262.2017225172453,218.1407633790149,186.02700311640524,147.75599578714636,138.38247544402535,128.9878921443775,103.37825115797077,90.95939908651006,87.84597773104926,87.33219965821304,71.10863014115188,64.43283364430818,60.29015968703359,53.96933331596295,53.46116945814087,49.746075554058784,44.58815232110708,42.30940499248376,41.59294146216923,36.01046266244356,35.19286777706035,35.053991209895024,33.25998106648406,30.96326156100716,30.180863787964302,29.604531865687306,27.170536306251982,26.668823950712493,26.406102919582295,25.444833074128553,24.42460911602404,24.281607561868398,23.73533960749352,22.87219660342007,21.957780585006265,21.07305078050606,20.22909606158655,19.887087711759282,19.617172997771313,18.364194517488897,17.763809500157663,16.895965588973063,16.854987836657727,15.835998162763424,15.156575697838418,14.463423920452072,13.855967068711701,12.833280340345743],[1.1050713523947218,0.08751021145215479,0.04537780127704891,0.03632124986853476,0.03263287844254929,0.021113232740016637,0.020077594083597078,0.01849527279361473,0.015801424667647817,0.014908800943417795,0.013841926051372069,0.011991813229287576,0.011181479679272393,0.010776186124602967,0.00976828221114606,0.009395499041804794,0.00798328010527808,0.007602521718737144,0.0071329039882485415,0.0069834754928278205,0.00678994736872852,0.006175360086554694,0.006059743547308874,0.0058623592362346,0.005573041856394187,0.005126606356300808,0.004899098037984256,0.004372486965486256,0.004129628129390734,0.003703242235568332,0.0034358621842481975,0.0027414840529019326]]","[[0.010000000000000007,0.010000000000000007,0.010000000000000005,0.010000000000000004,0.010000000000000004,0.010000000000000004,0.010000000000000004,0.010000000000000004,0.010000000000000002,0.010000000000000002,0.010000000000000002,0.010000000000000002,0.010000000000000002,0.010000000000000002,0.010000000000000002,0.010000000000000002,0.010000000000000002,0.010000000000000002,0.01,0.01,0.01,0.01,0.01,0.01,0.01,0.009999999999999998,0.009999999999999998,0.009999999999999998,0.009999999999999998,0.009999999999999998,0.009999999999999997,0.009999999999999995],[0.010000000000000005,0.010000000000000005,0.010000000000000004,0.010000000000000004,0.010000000000000002,0.01,0.01,0.009999999999999998,0.009999999999999998,0.009999999999999997]]",21.000000000000004,20.999999999999975,1.0,0.9999999999999989,0.9999999999999989,0.00019308054914192582,0.3387863176482334,0.002979297554511946,0.06480740698407861,0.010000000000000007,0.1481055529610221,0.15964355848287698,0.09513016603887081,32,7,2
42,MNISTConvNet,MNIST conv filters=32 kernel=7 stride=2 lr=1e-02,1.0,0.01,Adam,0,1,512,64,2.302451449516829,0.00041506648813438574,0.880859375,full_conv_patch_and_classifier_activation,2.582629163252569,1.5775892533565008,1.6640198318523234,3.645461767619543e-05,6.341541881190473e-05,"[[0.005307137007292469,0.0009905338446186186,0.0008034993628076171,0.0005128941959582194,0.00039992787245130045,0.0002932986210498642,0.0002788419691860802,0.0002324177887986915,0.0001776956899546061,0.00016387610844966434,0.00013377753534690468,0.00012515903662359032,0.00010459357193034921,9.823778905371903e-05,7.472718368826334e-05,6.840222202833357e-05,5.376208813373429e-05,5.10689075434906e-05,4.057974003838745e-05,3.894944715471988e-05,3.531621938402423e-05,3.070678404701948e-05,2.7686931229835772e-05,2.647197345836919e-05,2.3895096654028247e-05,2.2127262316169115e-05,1.9973345660622328e-05,1.720424937764386e-05,1.3549420674628094e-05,1.1499491443120617e-05,9.728906160521267e-06,7.154696046592552e-06],[0.00621359533824997,0.0007961334816631407,0.00043885522135294865,0.000254019314072532,0.00019075817944644627,0.00016181196886739176,0.00012811895035316417,0.00010936559775635367,6.837721630117474e-05,1.757439921923825e-19]]","[[501.2838233391682,262.2017225172453,218.1407633790149,186.02700311640524,147.75599578714636,138.38247544402535,128.9878921443775,103.37825115797077,90.95939908651006,87.84597773104926,87.33219965821304,71.10863014115188,64.43283364430818,60.29015968703359,53.96933331596295,53.46116945814087,49.746075554058784,44.58815232110708,42.30940499248376,41.59294146216923,36.01046266244356,35.19286777706035,35.053991209895024,33.25998106648406,30.96326156100716,30.180863787964302,29.604531865687306,27.170536306251982,26.668823950712493,26.406102919582295,25.444833074128553,24.42460911602404,24.281607561868398,23.73533960749352,22.87219660342007,21.957780585006265,21.07305078050606,20.22909606158655,19.887087711759282,19.617172997771313,18.364194517488897,17.763809500157663,16.895965588973063,16.854987836657727,15.835998162763424,15.156575697838418,14.463423920452072,13.855967068711701,12.833280340345743],[1.0421889807305185,0.0873508762038229,0.052249777366909944,0.04020246133413985,0.03634990690903375,0.023376370556604638,0.020371466548284742,0.017795688041673505,0.016510740832724545,0.013938335595275245,0.013275391202680193,0.01232188936140624,0.011857560214246393,0.00955642940442915,0.00855151997800378,0.008390809008238267,0.007832726341399544,0.007455092334627829,0.00681219291769503,0.006586543245094294,0.005946878687080196,0.005840190533930198,0.005360252406151041,0.005176919668980849,0.005005776238942225,0.004748681365134408,0.004350164478936298,0.004254943728651399,0.004014942259153878,0.0037590895303750062,0.003123007840919929,0.002716034512175118]]","[[0.05208450392066086,0.015203315219610701,0.012353755216697584,0.009724881558690635,0.008567704162016701,0.007003158495060897,0.006779589870728865,0.005303243819306052,0.004834184868879329,0.004599662181087899,0.003996622931072991,0.0034752747094808404,0.0027729258183044865,0.0021106172882170643,0.001671331889357597,0.0014009826815647186,0.0009693959321998548,0.0009122415846411808,0.000670572683766158,0.0005244847680051007,0.0004567329052355903,0.0003688221600314853,0.00033096629845631395,0.0002771017389881695,0.00024197740976947106,0.00022774003440252438,0.00017093527421406575,0.0001557708193113503,0.00013983622470459356,0.00010475365431761333,6.323910108232543e-05,3.920832048201811e-05],[0.024226965380023096,0.008149026301627874,0.006279046345369972,0.004307500324746798,0.002857552527645011,0.0021739216205487904,0.001890841523511796,0.0011064857436535926,0.00044912860265646914,0.0001847852596042416]]",4.954383083404256,1.2627054346430093,0.2804518901969813,0.08216932500330221,0.27255335432064476,0.00032192337796888677,0.5923350008726509,0.0049617025381724295,0.06488163598929945,0.05208450392066086,0.14753738640870318,0.14902054013651012,0.14264254085719585,32,7,2
43,MNISTConvNet,MNIST conv filters=32 kernel=7 stride=2 lr=1e-02,1.0,0.01,Muon,0,1,512,64,2.3025708665748086,0.00015556895485069333,0.90234375,full_conv_patch_and_classifier_activation,3.0892198080142528,1.578267525497878,1.9151105898534024,3.5759168070454914e-05,6.424101936712829e-05,"[[0.0038452816583451157,0.0008881063360294964,0.0007279942775621318,0.0004857475226220832,0.00036384244368702556,0.00031772273837913116,0.00030329390636283266,0.00022557282781786517,0.00020590305371923616,0.00016656330191406373,0.00013081527802619064,0.00011217267287957871,9.453890059751224e-05,9.219514254477341e-05,8.434860073239768e-05,6.617609497066288e-05,6.080984615288511e-05,5.378322431876659e-05,4.488465845786414e-05,4.3323133724152315e-05,3.924618430161894e-05,3.280736485815263e-05,2.8503978473078255e-05,2.5710563291440574e-05,2.371474197406565e-05,2.0860167068680037e-05,1.9262381226602e-05,1.7278350948166537e-05,1.3897410101896121e-05,1.2732271258412526e-05,1.0915653635049462e-05,9.253956624092452e-06],[0.0052944674871333785,0.0006378594565543575,0.0004031964716299505,0.00021458640805705587,0.0001896176567722172,0.00017697057593315537,0.0001224576016231726,0.00010766167752139417,9.822718344553313e-05,3.535025986158473e-19]]","[[501.2838233391682,262.2017225172453,218.1407633790149,186.02700311640524,147.75599578714636,138.38247544402535,128.9878921443775,103.37825115797077,90.95939908651006,87.84597773104926,87.33219965821304,71.10863014115188,64.43283364430818,60.29015968703359,53.96933331596295,53.46116945814087,49.746075554058784,44.58815232110708,42.30940499248376,41.59294146216923,36.01046266244356,35.19286777706035,35.053991209895024,33.25998106648406,30.96326156100716,30.180863787964302,29.604531865687306,27.170536306251982,26.668823950712493,26.406102919582295,25.444833074128553,24.42460911602404,24.281607561868398,23.73533960749352,22.87219660342007,21.957780585006265,21.07305078050606,20.22909606158655,19.887087711759282,19.617172997771313,18.364194517488897,17.763809500157663,16.895965588973063,16.854987836657727,15.835998162763424,15.156575697838418,14.463423920452072,13.855967068711701,12.833280340345743],[0.8966613616618546,0.07373775548780435,0.04551055247288285,0.037517160008353326,0.03366961255222538,0.023411160569331655,0.019565279730213422,0.017795568644023547,0.01679132297535953,0.0153516965397687,0.01329961027233422,0.01187821693748251,0.011584715375631658,0.010752936699204156,0.009699780307282038,0.008747334214735138,0.008367953845607385,0.007255647875082955,0.007127160688678741,0.006819954019974515,0.006501059419347227,0.006455943848319742,0.0060028509851210695,0.005743817894855011,0.005559726163557175,0.005061529293225076,0.004949141459433143,0.004640836241283618,0.004310918019302388,0.004086849258516955,0.0038708686598008264,0.0032777198157460693]]","[[0.010000000000000005,0.010000000000000004,0.010000000000000004,0.010000000000000004,0.010000000000000004,0.010000000000000002,0.010000000000000002,0.010000000000000002,0.010000000000000002,0.010000000000000002,0.010000000000000002,0.010000000000000002,0.010000000000000002,0.010000000000000002,0.010000000000000002,0.01,0.01,0.01,0.01,0.01,0.01,0.01,0.01,0.009999999999999998,0.009999999999999998,0.009999999999999998,0.009999999999999998,0.009999999999999998,0.009999999999999997,0.009999999999999995,0.009999999999999995,0.009999999999999995],[0.010000000000000002,0.010000000000000002,0.009999999999999998,0.009999999999999998,0.009999999999999998,0.009999999999999998,0.009999999999999998,0.009999999999999995,0.009999999999999993,0.009999999999999993]]",21.0,20.99999999999998,1.0,0.999999999999999,0.999999999999999,0.0001581230316127524,0.3612652750992583,0.0024398913484009466,0.06480740698407858,0.010000000000000005,0.1475373864087031,0.15837940061385675,0.18820558302104473,32,7,2
42,MNISTConvNet,MNIST conv filters=32 kernel=7 stride=2 lr=1e-02,1.0,0.01,Adam,0,2,512,64,2.302842032718723,0.0003259135404700686,0.880859375,full_conv_patch_and_classifier_activation,2.0030220271859056,1.5724804868220037,1.318947712304837,3.13155007399677e-05,4.521930605581539e-05,"[[0.007707934070571401,0.0011887174950490603,0.0008625969320220037,0.0004345575077730256,0.0004191580706935953,0.0002869893903794717,0.0002379572786523194,0.00022082229029732258,0.0001645245310171738,0.00013831324877733208,0.00012595320936431638,0.00011417037198767895,0.00010310715193474995,9.160806271477727e-05,7.068979852030482e-05,6.312068645529282e-05,5.5261820499268204e-05,4.32077328683854e-05,3.936103710034089e-05,3.683677177860807e-05,3.304887128358398e-05,2.7594647421250136e-05,2.288193337755989e-05,2.1362614949639574e-05,1.8906568369216134e-05,1.7973790333069506e-05,1.4973634055897413e-05,1.1959381265324176e-05,1.1370718175748442e-05,9.672966708457368e-06,8.193814371080705e-06,7.919255862470945e-06],[0.010623755707248276,0.0008068701523017947,0.00044165892633130506,0.00032210475160277126,0.0002425435944839971,0.00014968777308495517,0.00013851485383830855,7.210666935502539e-05,5.8825025536268473e-05,1.1748833378623852e-18]]","[[501.2838233391682,262.2017225172453,218.1407633790149,186.02700311640524,147.75599578714636,138.38247544402535,128.9878921443775,103.37825115797077,90.95939908651006,87.84597773104926,87.33219965821304,71.10863014115188,64.43283364430818,60.29015968703359,53.96933331596295,53.46116945814087,49.746075554058784,44.58815232110708,42.30940499248376,41.59294146216923,36.01046266244356,35.19286777706035,35.053991209895024,33.25998106648406,30.96326156100716,30.180863787964302,29.604531865687306,27.170536306251982,26.668823950712493,26.406102919582295,25.444833074128553,24.42460911602404,24.281607561868398,23.73533960749352,22.87219660342007,21.957780585006265,21.07305078050606,20.22909606158655,19.887087711759282,19.617172997771313,18.364194517488897,17.763809500157663,16.895965588973063,16.854987836657727,15.835998162763424,15.156575697838418,14.463423920452072,13.855967068711701,12.833280340345743],[1.9073393559001832,0.09731952604852112,0.05049427188355252,0.03912142441891137,0.031391600286474225,0.023758528099759296,0.020041537471011877,0.018540764944464196,0.01647815582541288,0.01289121916063218,0.01213437926916096,0.011014109656070942,0.010000189835083185,0.007870424934416595,0.007702611580427407,0.00677954356433815,0.006384948688815023,0.00616348946015618,0.00569547334501926,0.005426706606238792,0.004982166776711595,0.004831723482678986,0.004615927155840225,0.004204813665654324,0.0041087548951623636,0.0037643134222995153,0.00366878348802036,0.003384102788924305,0.0024264022585551823,0.0022063191181582015,0.0021013720970708633,0.0019073442710178738]]","[[0.053585361796372015,0.016986108694707243,0.009928822017411403,0.008876598652891959,0.007177946838959865,0.006059385015905821,0.005211658843265746,0.005185975654553206,0.0039135237993391915,0.0035614992852290982,0.002900666580121546,0.0025262604595827666,0.002247585130296908,0.001721154127134803,0.0015160085346999162,0.0011412578001111348,0.0010378722631440936,0.0009248184060649319,0.0007999675833998647,0.0007385821362116352,0.0006564752919542214,0.0005376898318435517,0.00044258294750641926,0.0004312381931594035,0.00039555072953514393,0.00027169183081020184,0.0002596745654615109,0.00025525446896648105,0.00020697363818833394,0.00011423771127565465,8.224561650127734e-05,6.341009773849371e-05],[0.020006816036161536,0.013221084670339691,0.0059855762230726205,0.004837761103068749,0.0037454089654211506,0.002708548327694409,0.002027102109309253,0.0014818763463835952,0.001031876778862117,0.0009280498991592205]]",5.119486027309747,1.4454957594799906,0.32220853744722816,0.10218646202582984,0.2873623287316793,0.00031480499628019356,0.3658742430576768,0.004856075252152241,0.06482704240233306,0.053585361796372015,0.14415897987225362,0.14278396548199956,0.23525391588918865,32,7,2
43,MNISTConvNet,MNIST conv filters=32 kernel=7 stride=2 lr=1e-02,1.0,0.01,Muon,0,2,512,64,2.3025478120457112,0.00019090954557032802,0.9140625,full_conv_patch_and_classifier_activation,2.8522968184866944,1.5789100041791913,1.8579744193958894,3.1090148031175915e-05,6.22662290810418e-05,"[[0.005829277524273523,0.0012009693387406866,0.0009562180486697477,0.000581771098346775,0.0004736225771761508,0.0003850260466324921,0.00033246707806307394,0.00026080841485982603,0.00022332070207808992,0.00020329238450023646,0.00017449903879251553,0.0001383607013523169,0.00010893851852251563,9.555884045638643e-05,8.809058679407995e-05,8.030857396938736e-05,7.617911086615189e-05,6.973291777544417e-05,6.431804158558592e-05,5.78672413575522e-05,4.6369715323986875e-05,4.3815281036849215e-05,3.608179688247369e-05,3.411869384859333e-05,2.8794709826567322e-05,2.5909802527107833e-05,2.3515892321438562e-05,1.8459560515753062e-05,1.6630855208809536e-05,1.419804784293787e-05,1.4087039109873347e-05,1.2554232394797434e-05],[0.005134072842028514,0.0007979087445645631,0.00045913366306758963,0.00037023905708548756,0.00026579667964053016,0.0001598121121345315,0.0001341374379641978,9.110850857965713e-05,7.001228231066582e-05,3.3465759470991896e-19]]","[[501.2838233391682,262.2017225172453,218.1407633790149,186.02700311640524,147.75599578714636,138.38247544402535,128.9878921443775,103.37825115797077,90.95939908651006,87.84597773104926,87.33219965821304,71.10863014115188,64.43283364430818,60.29015968703359,53.96933331596295,53.46116945814087,49.746075554058784,44.58815232110708,42.30940499248376,41.59294146216923,36.01046266244356,35.19286777706035,35.053991209895024,33.25998106648406,30.96326156100716,30.180863787964302,29.604531865687306,27.170536306251982,26.668823950712493,26.406102919582295,25.444833074128553,24.42460911602404,24.281607561868398,23.73533960749352,22.87219660342007,21.957780585006265,21.07305078050606,20.22909606158655,19.887087711759282,19.617172997771313,18.364194517488897,17.763809500157663,16.895965588973063,16.854987836657727,15.835998162763424,15.156575697838418,14.463423920452072,13.855967068711701,12.833280340345743],[0.939991495619168,0.07683750529169112,0.05668396573351844,0.04082326905455204,0.03436043195822358,0.028859040422226048,0.02060625106454351,0.01859678579511807,0.017813291645744262,0.016644629675190314,0.014030058041986187,0.012909149279056117,0.011676718192067458,0.010466108766734915,0.009434431661778118,0.009310408911386823,0.008515889650412712,0.008099824040975817,0.007567457615186841,0.0070909097496315516,0.006794974492521098,0.006459998846192225,0.006059571137675716,0.005827988007430752,0.005725131554061205,0.005411478104434656,0.004864215129723393,0.004719711864906687,0.0044262492825587205,0.0041334996562105005,0.0037738708858692316,0.003260479076504889]]","[[0.010000000000000002,0.010000000000000002,0.010000000000000002,0.009999999999999998,0.009999999999999998,0.009999999999999998,0.009999999999999998,0.009999999999999998,0.009999999999999998,0.009999999999999998,0.009999999999999998,0.009999999999999998,0.009999999999999998,0.009999999999999998,0.009999999999999998,0.009999999999999998,0.009999999999999997,0.009999999999999997,0.009999999999999997,0.009999999999999997,0.009999999999999997,0.009999999999999997,0.009999999999999997,0.009999999999999995,0.009999999999999995,0.009999999999999995,0.009999999999999995,0.009999999999999995,0.009999999999999993,0.009999999999999993,0.009999999999999992,0.009999999999999992],[0.01000000000000001,0.01000000000000001,0.010000000000000009,0.010000000000000007,0.010000000000000007,0.010000000000000004,0.010000000000000004,0.01,0.01,0.009999999999999993]]",21.0,20.999999999999975,0.9999999999999999,0.9999999999999989,0.9999999999999989,0.0001919738373902746,0.367697587004815,0.0029622206214397276,0.06480740698407858,0.01000000000000001,0.14415897987225365,0.1530584812376704,0.2802615000400692,32,7,2
42,MNISTConvNet,MNIST conv filters=32 kernel=7 stride=2 lr=1e-02,1.0,0.01,Adam,0,3,512,64,2.3026161829291194,0.00011179567193231321,0.880859375,full_conv_patch_and_classifier_activation,2.9450245806431994,1.5713773671400468,1.8010634373655967,1.4360317604975905e-05,2.2964056066201736e-05,"[[0.0029199967902256703,0.0007401465805887309,0.0005742675604989127,0.0003644101027438072,0.00029212325219970224,0.00022167032346091656,0.0002055417031577542,0.00017177883293162375,0.00013537791384016018,0.00011058716249897213,9.866233231647986e-05,8.532049550096172e-05,8.097355919343647e-05,6.537164456982432e-05,6.427692332470404e-05,5.004462463216839e-05,4.1393701217195564e-05,3.5994864247373646e-05,3.411253224422001e-05,3.1876854980711084e-05,2.7860687727473498e-05,2.325755958277296e-05,1.9772740656125854e-05,1.7537294229174057e-05,1.4819652016144672e-05,1.4440572195530102e-05,1.0694354312163496e-05,9.991230558620328e-06,8.083387471109785e-06,7.232240670616294e-06,5.743976954788787e-06,3.5962272799249917e-06],[0.00953049697425405,0.0011415338420627487,0.0005010874517064047,0.0004131962612186869,0.00021750965104221613,0.00013619129852187893,0.000126008915832423,7.779811535584864e-05,4.313426196007213e-05,5.772802339042951e-19]]","[[501.2838233391682,262.2017225172453,218.1407633790149,186.02700311640524,147.75599578714636,138.38247544402535,128.9878921443775,103.37825115797077,90.95939908651006,87.84597773104926,87.33219965821304,71.10863014115188,64.43283364430818,60.29015968703359,53.96933331596295,53.46116945814087,49.746075554058784,44.58815232110708,42.30940499248376,41.59294146216923,36.01046266244356,35.19286777706035,35.053991209895024,33.25998106648406,30.96326156100716,30.180863787964302,29.604531865687306,27.170536306251982,26.668823950712493,26.406102919582295,25.444833074128553,24.42460911602404,24.281607561868398,23.73533960749352,22.87219660342007,21.957780585006265,21.07305078050606,20.22909606158655,19.887087711759282,19.617172997771313,18.364194517488897,17.763809500157663,16.895965588973063,16.854987836657727,15.835998162763424,15.156575697838418,14.463423920452072,13.855967068711701,12.833280340345743],[2.5399748965982853,0.09305068543204179,0.054725418187534416,0.040461620532390614,0.024620372019986275,0.022524394380923192,0.01962016034246549,0.01785164109537923,0.01520089379052069,0.013286247346340643,0.010379748268214237,0.009147286710009068,0.008798025955962529,0.00821097044362584,0.00717639380218834,0.006020440524113276,0.005653935548540115,0.005601418560397481,0.005353849721876073,0.004407535015261571,0.004048617110569224,0.003457040806552867,0.00324114129255044,0.0029110650007422674,0.00280787818428006,0.0025309190476099403,0.002402460174343677,0.002143169793092128,0.0019353785672177972,0.0016764591550436198,0.001217684869570602,0.0009683005787706322]]","[[0.05383748594015194,0.01593968077331096,0.010885759504803198,0.010277545112530751,0.008036213499505089,0.007006113893302149,0.006580991179160222,0.005248785351807089,0.0048283661128726,0.0038991574290142047,0.00330451551554285,0.003063155518467936,0.002748073893508431,0.0022777297633514095,0.0016503595622300818,0.0016396184179598033,0.0013775256816570922,0.0011775186782090991,0.0011339986411957959,0.0010035312966915004,0.000840008830208151,0.0007014480190102825,0.0006015990109433578,0.0005396414076252811,0.000490957504043661,0.0004108658277505767,0.0003724029703749108,0.0002920288551022268,0.0002768655702188206,0.00019867046574925044,0.0001460216731854916,0.00011826299209511927],[0.01882424371470464,0.011302343053717936,0.009125781099892675,0.00741549958530217,0.00478877242375095,0.0034386169353506474,0.0028777378345209046,0.002094206145820829,0.0016752952028039308,0.0012169455746695913]]",6.052868955631958,1.5773341427854586,0.39060929137624395,0.11448842353661,0.2625336896995817,8.3866889869972e-05,0.12608015020945423,0.0012762213339662376,0.0657150038460262,0.05383748594015194,0.14182720233121643,0.1410558867956903,0.3260093748103827,32,7,2
43,MNISTConvNet,MNIST conv filters=32 kernel=7 stride=2 lr=1e-02,1.0,0.01,Muon,0,3,512,64,2.302493979484542,0.00016317874465299198,0.912109375,full_conv_patch_and_classifier_activation,4.2732479125219,1.579317906162442,2.646484397186491,1.9179071941833035e-05,4.7556574584633253e-05,"[[0.0030406527776881114,0.0013229443180680295,0.0009560942178360511,0.0007192198447970633,0.0004818747187858756,0.00034420362796366377,0.0002870130435666751,0.0002403024200888343,0.0002218986761969617,0.00017474727124045306,0.00014354758587148322,0.00010884882155347827,9.868034589553514e-05,8.826087443525573e-05,8.180939260332728e-05,7.629511803058211e-05,6.311579281533489e-05,5.961039332351616e-05,5.073005228903097e-05,4.819603463582749e-05,3.95451965876196e-05,3.685010308815928e-05,3.150364520517588e-05,2.6992048982733636e-05,2.4353677352175314e-05,2.2025226590657438e-05,2.0075288766930696e-05,1.7610195116096578e-05,1.4463957834653449e-05,1.3127139735854147e-05,1.2269849571479926e-05,7.639806552133164e-06],[0.004334427366969533,0.001095020312768048,0.000592401259199456,0.0004664704605200643,0.00027734401849626735,0.00020074004376117912,0.00011354030812554242,8.810542727681739e-05,6.122909246208411e-05,2.823708612101662e-19]]","[[501.2838233391682,262.2017225172453,218.1407633790149,186.02700311640524,147.75599578714636,138.38247544402535,128.9878921443775,103.37825115797077,90.95939908651006,87.84597773104926,87.33219965821304,71.10863014115188,64.43283364430818,60.29015968703359,53.96933331596295,53.46116945814087,49.746075554058784,44.58815232110708,42.30940499248376,41.59294146216923,36.01046266244356,35.19286777706035,35.053991209895024,33.25998106648406,30.96326156100716,30.180863787964302,29.604531865687306,27.170536306251982,26.668823950712493,26.406102919582295,25.444833074128553,24.42460911602404,24.281607561868398,23.73533960749352,22.87219660342007,21.957780585006265,21.07305078050606,20.22909606158655,19.887087711759282,19.617172997771313,18.364194517488897,17.763809500157663,16.895965588973063,16.854987836657727,15.835998162763424,15.156575697838418,14.463423920452072,13.855967068711701,12.833280340345743],[1.0388074929778426,0.09175115460740847,0.06568581206158591,0.046693873848656364,0.034322778988958934,0.030456892448396507,0.020435007596033335,0.019320362401418566,0.01774949695331177,0.016281541698448972,0.014434664537996543,0.014310111574479568,0.011809149493640292,0.010676278778359853,0.010130448632167815,0.009365158462813186,0.0085402706086608,0.008160006791568676,0.00794781681665606,0.007365577159490982,0.006799318067634373,0.0066908896032149105,0.006619413185700701,0.006005581042582048,0.005777907278016318,0.005404615809208123,0.00514435964169196,0.004481073676803512,0.004314968268294544,0.00398289837899861,0.003431910907409977,0.00242105107692651]]","[[0.01000000000000001,0.010000000000000007,0.010000000000000007,0.010000000000000007,0.010000000000000007,0.010000000000000005,0.010000000000000005,0.010000000000000005,0.010000000000000005,0.010000000000000005,0.010000000000000005,0.010000000000000004,0.010000000000000004,0.010000000000000004,0.010000000000000004,0.010000000000000004,0.010000000000000004,0.010000000000000004,0.010000000000000004,0.010000000000000004,0.010000000000000004,0.010000000000000004,0.010000000000000004,0.010000000000000004,0.010000000000000004,0.010000000000000004,0.010000000000000004,0.01,0.01,0.01,0.01,0.01],[0.010000000000000007,0.010000000000000002,0.010000000000000002,0.010000000000000002,0.01,0.009999999999999998,0.009999999999999997,0.009999999999999997,0.009999999999999995,0.009999999999999993]]",21.000000000000007,20.99999999999997,1.0000000000000004,0.9999999999999987,0.9999999999999983,0.00016103779752647755,0.4275609706548247,0.0024848671628852565,0.06480740698407861,0.01000000000000001,0.14182720233121646,0.1491071401859298,0.3713837908580899,32,7,2
42,MNISTConvNet,MNIST conv filters=32 kernel=7 stride=2 lr=1e-02,1.0,0.01,Adam,0,4,512,64,2.302105514133881,0.0004922251060635041,0.880859375,full_conv_patch_and_classifier_activation,1.8478792797909125,1.5706661275529772,1.2248847880129292,1.3706637647501322e-05,1.8618028878457494e-05,"[[0.005642032888036732,0.0006158041220804978,0.0005646673847504176,0.00039493433430371475,0.00024878264969223964,0.00021057716130548043,0.00018189496725532354,0.00012733730499761193,0.00012360605579268773,0.00010039951716883796,8.35789865232922e-05,6.096746123585256e-05,5.715993132489709e-05,5.631044730284555e-05,4.720196447784074e-05,4.1126483911916525e-05,3.2042293510131336e-05,2.7583422117607338e-05,2.6774838153597987e-05,1.9283852660739796e-05,1.7408487327707387e-05,1.5337229541027945e-05,1.3626110043055371e-05,1.211496760351205e-05,1.0431186185191976e-05,8.027225557325279e-06,7.272029599224711e-06,5.887827340042772e-06,4.891332514200899e-06,4.450364181610434e-06,2.733705787691536e-06,1.3731149088364828e-06],[0.012068215497525297,0.0007578652032458294,0.0006037582215147975,0.0002433769271170151,0.00014650220822625047,0.0001225189909202551,8.338469138003113e-05,7.46413807465234e-05,2.3005201848104512e-05,9.25833368827635e-19]]","[[501.2838233391682,262.2017225172453,218.1407633790149,186.02700311640524,147.75599578714636,138.38247544402535,128.9878921443775,103.37825115797077,90.95939908651006,87.84597773104926,87.33219965821304,71.10863014115188,64.43283364430818,60.29015968703359,53.96933331596295,53.46116945814087,49.746075554058784,44.58815232110708,42.30940499248376,41.59294146216923,36.01046266244356,35.19286777706035,35.053991209895024,33.25998106648406,30.96326156100716,30.180863787964302,29.604531865687306,27.170536306251982,26.668823950712493,26.406102919582295,25.444833074128553,24.42460911602404,24.281607561868398,23.73533960749352,22.87219660342007,21.957780585006265,21.07305078050606,20.22909606158655,19.887087711759282,19.617172997771313,18.364194517488897,17.763809500157663,16.895965588973063,16.854987836657727,15.835998162763424,15.156575697838418,14.463423920452072,13.855967068711701,12.833280340345743],[3.271418276167534,0.07187734643419202,0.051196679200901,0.03787071273900707,0.024469973375397427,0.019014335443846318,0.017613332687534598,0.01607803841254705,0.012616121518657153,0.011022613122457421,0.010657835507724521,0.009255957639178006,0.008812840004156235,0.00665847211372737,0.006354812404209894,0.005729329088822016,0.005141638378362194,0.004685993470002176,0.0038704563910272895,0.0031042241982496676,0.002774529826062276,0.0026547137316603455,0.0024276686955260218,0.0020852596299134373,0.0018837744228419966,0.0015551789714710793,0.0014647730861225498,0.0012199690057574399,0.0011358919094796884,0.0010559778629147204,0.0007321164109668504,0.000442311496686474]]","[[0.05425776651799874,0.014935294248603322,0.013789452535801293,0.010656031990710921,0.007982778478571631,0.006811560504893429,0.005943853132760373,0.004943389773960646,0.004087530974781641,0.003792746210478526,0.003556891370753387,0.0024528726395821898,0.0022080547899692615,0.0017466336568305592,0.001586995883865342,0.0013706160990765554,0.0012587376253537545,0.001089186991698314,0.0009685996607481654,0.0008628307181874584,0.0008528061414849347,0.0007043854403231743,0.0006175887449374755,0.0005626745374635221,0.0003745410654396295,0.00034751634478793266,0.0003004065824765162,0.000261627709405197,0.00019759488773404634,0.00017357353485620205,0.0001331469736278194,9.434488150369602e-05],[0.02226009752763669,0.010937451884429567,0.00884411600792143,0.007174730336451139,0.004905637811772665,0.004041650703620026,0.0031865783835591205,0.002036383784444933,0.0014750380529191583,0.0013950116926463292]]",5.7205251447134255,1.4409729930547805,0.36653845525835627,0.10078233602462067,0.25383841270176766,0.0004118796117207229,0.4575062518066065,0.0061309602911467954,0.06718027717704902,0.05425776651799874,0.13872618305830842,0.14283177384917506,0.41788316587917507,32,7,2
43,MNISTConvNet,MNIST conv filters=32 kernel=7 stride=2 lr=1e-02,1.0,0.01,Muon,0,4,512,64,2.302382215599629,0.00018167644812594475,0.9140625,full_conv_patch_and_classifier_activation,3.5260707032578598,1.5805216559943944,2.3676182147240317,1.4547590407030375e-05,4.005698886645161e-05,"[[0.0046257087204325436,0.0010238836506072135,0.0009685930685726546,0.0006252781346274642,0.000400177897488606,0.0003503315712649839,0.00030993794245635497,0.00026691431560899503,0.0002274974203517086,0.00021402262373818422,0.00015429233615540795,0.0001287542443042521,0.00011560033184573827,9.929681743062116e-05,7.725827993893751e-05,7.28638016309698e-05,7.13123122831737e-05,6.323642411262836e-05,5.663049337245405e-05,4.698699754673394e-05,3.863390376161329e-05,3.579688699607629e-05,3.1868042210142175e-05,3.018634376815025e-05,2.8982125706157568e-05,2.3971190008595675e-05,2.199991549077166e-05,1.65537043730133e-05,1.461528436258657e-05,1.4067691223288337e-05,1.186654792658714e-05,9.892940228438588e-06],[0.0038547868562200448,0.0012058419902324967,0.0007010408279459083,0.0004551703660653826,0.00023636155296536933,0.00018921161556692702,0.00015642359128341732,8.533630921801054e-05,5.648667047725702e-05,4.2457747550222185e-19]]","[[501.2838233391682,262.2017225172453,218.1407633790149,186.02700311640524,147.75599578714636,138.38247544402535,128.9878921443775,103.37825115797077,90.95939908651006,87.84597773104926,87.33219965821304,71.10863014115188,64.43283364430818,60.29015968703359,53.96933331596295,53.46116945814087,49.746075554058784,44.58815232110708,42.30940499248376,41.59294146216923,36.01046266244356,35.19286777706035,35.053991209895024,33.25998106648406,30.96326156100716,30.180863787964302,29.604531865687306,27.170536306251982,26.668823950712493,26.406102919582295,25.444833074128553,24.42460911602404,24.281607561868398,23.73533960749352,22.87219660342007,21.957780585006265,21.07305078050606,20.22909606158655,19.887087711759282,19.617172997771313,18.364194517488897,17.763809500157663,16.895965588973063,16.854987836657727,15.835998162763424,15.156575697838418,14.463423920452072,13.855967068711701,12.833280340345743],[1.0854120911445169,0.09953778920571375,0.07908735954151022,0.04820495286905752,0.03977089249016464,0.034825441535989196,0.02138270746836888,0.020674252429410532,0.018897159092833203,0.01735164536554584,0.01675176391594203,0.0154992852776252,0.012339617997681499,0.011458429783733558,0.010843313265065735,0.010267823470920884,0.009429813123909253,0.008534305758360615,0.008335047704821092,0.007585661495400239,0.007426997095755546,0.007267696253424321,0.006733626333071474,0.006377887253309132,0.00589448102168817,0.005441844948082109,0.005011402021156253,0.004596187452935877,0.0039883346415607234,0.003898961813059653,0.0031099373439421197,0.002593023107644626]]","[[0.010000000000000009,0.010000000000000004,0.010000000000000004,0.010000000000000004,0.010000000000000004,0.010000000000000004,0.010000000000000004,0.010000000000000002,0.010000000000000002,0.010000000000000002,0.010000000000000002,0.010000000000000002,0.010000000000000002,0.010000000000000002,0.010000000000000002,0.010000000000000002,0.010000000000000002,0.010000000000000002,0.010000000000000002,0.010000000000000002,0.010000000000000002,0.010000000000000002,0.010000000000000002,0.010000000000000002,0.010000000000000002,0.009999999999999998,0.009999999999999998,0.009999999999999998,0.009999999999999997,0.009999999999999997,0.009999999999999997,0.009999999999999997],[0.010000000000000009,0.010000000000000005,0.010000000000000005,0.010000000000000004,0.010000000000000002,0.010000000000000002,0.010000000000000002,0.010000000000000002,0.010000000000000002,0.009999999999999997]]",21.0,20.999999999999968,1.0,0.9999999999999987,0.9999999999999987,0.00017117671739799866,0.4097252695824028,0.0026413140930025497,0.0648074069840786,0.010000000000000009,0.13872618305830847,0.14362735884734457,0.46245649992488325,32,7,2
42,MNISTConvNet,MNIST conv filters=32 kernel=7 stride=2 lr=1e-02,1.0,0.01,Adam,0,5,512,64,2.3012634554686855,,0.892578125,full_conv_patch_and_classifier_activation,1.4656544253437898,1.5704354533705447,0.9895097086359554,3.1269969137103435e-05,3.578781129116267e-05,"[[0.010440876144888474,0.001044248316445343,0.0007049646480210547,0.00043700517412623006,0.0002445276308412505,0.0002313112572006731,0.00018228561834049444,0.00014467624470241737,9.360896544716192e-05,8.865398314272043e-05,8.331948304945167e-05,5.6233099925744086e-05,5.080982141086791e-05,4.8175164975170595e-05,3.255765588214512e-05,3.1251261322234735e-05,2.867474108976052e-05,2.5419024997248373e-05,2.1623965759147312e-05,1.7031493735196123e-05,1.5205197517160962e-05,1.1035997160349098e-05,8.919565528938802e-06,8.391118321662897e-06,6.872874734199232e-06,6.206475710331409e-06,4.542526017731294e-06,3.837536791755826e-06,3.2675361430169927e-06,2.1908722862341027e-06,1.8602898678833558e-06,5.135464392245997e-07],[0.025086866121925257,0.0007423388344800763,0.00038704774046176066,0.00025926673583794415,0.00013593800146527988,9.366224909131592e-05,7.240901444929611e-05,5.4402829539667127e-05,3.1553791611042695e-05,1.021915009031662e-18]]","[[501.2838233391682,262.2017225172453,218.1407633790149,186.02700311640524,147.75599578714636,138.38247544402535,128.9878921443775,103.37825115797077,90.95939908651006,87.84597773104926,87.33219965821304,71.10863014115188,64.43283364430818,60.29015968703359,53.96933331596295,53.46116945814087,49.746075554058784,44.58815232110708,42.30940499248376,41.59294146216923,36.01046266244356,35.19286777706035,35.053991209895024,33.25998106648406,30.96326156100716,30.180863787964302,29.604531865687306,27.170536306251982,26.668823950712493,26.406102919582295,25.444833074128553,24.42460911602404,24.281607561868398,23.73533960749352,22.87219660342007,21.957780585006265,21.07305078050606,20.22909606158655,19.887087711759282,19.617172997771313,18.364194517488897,17.763809500157663,16.895965588973063,16.854987836657727,15.835998162763424,15.156575697838418,14.463423920452072,13.855967068711701,12.833280340345743],[4.489140211241632,0.0730521731067366,0.0557239576527354,0.03989712503458413,0.028661313034419048,0.02013133625391685,0.016158320707116404,0.015838390431063592,0.012548547230501136,0.010494349570482522,0.009676490987081626,0.009445541080164349,0.0070134698335778956,0.005357175544009204,0.005000247779326232,0.004612602913984737,0.004389727517343523,0.004091139270089585,0.0034607270442075207,0.0029085047542225864,0.0026239514655220842,0.0024462001349362327,0.0018219636234969548,0.001380253601845523,0.0011811872859864858,0.0010372735888191972,0.0009234208544257997,0.0008207208649138948,0.0006104473173926029,0.0005636540479992383,0.0003898626731439264,0.00023700242754827813]]",,,,,,,,,,,,,,0.5087417499162257,32,7,2
43,MNISTConvNet,MNIST conv filters=32 kernel=7 stride=2 lr=1e-02,1.0,0.01,Muon,0,5,512,64,2.3023532996100897,,0.9140625,full_conv_patch_and_classifier_activation,3.1446914940263,1.579886061193569,1.995647765771735,3.0131594951529147e-05,6.057321592169733e-05,"[[0.005395347792730399,0.0014137490998111315,0.0011193125916748395,0.000896311683482763,0.000542232155578113,0.00039976978197634133,0.0003751257353754125,0.0003400017875954868,0.00022073220061350786,0.00015585368117831925,0.00014175570936571463,0.00013581970913466776,0.00011449883927901158,9.742192478768527e-05,8.197786080065763e-05,6.786567257246028e-05,6.498646941160632e-05,5.757551418616383e-05,5.372965068768558e-05,4.817517749781288e-05,4.049674894195016e-05,3.7068819642476746e-05,3.199408306847831e-05,2.7484117844124033e-05,2.4374787514541406e-05,2.3739997508262796e-05,2.2200262642116285e-05,2.10953365722358e-05,1.8629438467414595e-05,1.676815708346901e-05,1.619573230701187e-05,1.1407294478779792e-05],[0.0070178470669179935,0.001509810763096298,0.0007162478201177988,0.000518493485084525,0.00017492784639249246,0.0001690887914358018,0.00010514833059331491,8.480263819394323e-05,6.614010581784644e-05,3.70628737416237e-19]]","[[501.2838233391682,262.2017225172453,218.1407633790149,186.02700311640524,147.75599578714636,138.38247544402535,128.9878921443775,103.37825115797077,90.95939908651006,87.84597773104926,87.33219965821304,71.10863014115188,64.43283364430818,60.29015968703359,53.96933331596295,53.46116945814087,49.746075554058784,44.58815232110708,42.30940499248376,41.59294146216923,36.01046266244356,35.19286777706035,35.053991209895024,33.25998106648406,30.96326156100716,30.180863787964302,29.604531865687306,27.170536306251982,26.668823950712493,26.406102919582295,25.444833074128553,24.42460911602404,24.281607561868398,23.73533960749352,22.87219660342007,21.957780585006265,21.07305078050606,20.22909606158655,19.887087711759282,19.617172997771313,18.364194517488897,17.763809500157663,16.895965588973063,16.854987836657727,15.835998162763424,15.156575697838418,14.463423920452072,13.855967068711701,12.833280340345743],[1.3186455197457934,0.12287823698521573,0.09221730896541026,0.058577596024985225,0.044082676973831274,0.03579234766414961,0.022912990498632636,0.022143783768788824,0.02066530626076323,0.018726719834944686,0.01712175818301449,0.01630254347426341,0.013879196404589263,0.01245753860813927,0.011533842999605536,0.010934125312326874,0.00981854954854433,0.0089188997521962,0.00860336482759961,0.008357196278434297,0.00791674795364697,0.007719624489964027,0.0073262211257561355,0.006772788206794053,0.006219884197565755,0.005948668004550135,0.005609129899027565,0.004807764417594826,0.004374483138659168,0.004009134697058452,0.0035653471166072876,0.0029472047404920194]]",,,,,,,,,,,,,,0.5544021658133715,32,7,2
44,MNISTConvNet,MNIST conv filters=32 kernel=7 stride=2 lr=1e-02,1.0,0.01,Adam,1,0,512,64,2.302559626278573,0.0003332795991100035,0.908203125,full_conv_patch_and_classifier_activation,2.956671486474625,1.6047280708966092,1.862927715390306,2.2301486112986702e-05,4.277783178278444e-05,"[[0.0047521574881004384,0.0008867532668191619,0.0006915785802243535,0.0005760511580601514,0.0005352349379304515,0.0003876218701298437,0.00032931870998862783,0.0002986670488153915,0.00024002499124091244,0.00015714384129326308,0.00013150114601902498,0.00011951215789753456,0.0001045222709056219,9.1037062532723e-05,8.157184165020315e-05,7.281705703568281e-05,6.690845822852468e-05,5.931013590978971e-05,5.1608735093227985e-05,4.793692426102691e-05,3.776700918261442e-05,3.738344278193496e-05,3.5755543704584656e-05,3.107329537295591e-05,2.7121778263792363e-05,2.3145251044621058e-05,2.1529209175812325e-05,1.887748786999214e-05,1.7428426473227938e-05,1.5639453612832135e-05,1.0536020451466425e-05,7.156667444832212e-06],[0.006293397181291609,0.0010029806225185726,0.000596768305227057,0.0003151134576193323,0.00022653007546691152,0.00020812286694996162,0.00012849594969057928,0.00010963628646560103,5.47063268019569e-05,4.2844409806478764e-19]]","[[486.2481708090735,259.8446472251625,216.24958445068805,183.7122983171536,147.89858163778146,138.10567669741445,127.8390818749908,103.34982479706355,91.60511919190584,87.40259145050457,86.8697513933867,71.34886983400732,65.24907197972718,59.32450967369966,53.87509130234577,53.481766751236265,50.14529573794769,44.52057679625825,42.78985777372914,41.76746085731856,35.97019704819681,35.62678728170247,34.93521036366559,33.94470369891809,30.66431645451282,30.59598409971866,29.66978902073454,27.203519321359956,27.09406318943487,26.114374850478214,25.599638280334634,24.772905241944187,24.18297441165068,23.988265487043922,23.0492393179248,21.976027593899797,21.20567931219397,20.448066728586863,19.763586864753936,19.65115363803375,18.387490082854235,17.840542777628364,16.86030618941448,16.673746529246984,15.708360268429628,15.046491314196702,14.378149746345663,13.805866165577841,12.90977975226263],[1.3591056851630001,0.08735350182182955,0.07252600748140678,0.04035961556398031,0.03661897903444026,0.027284605915858472,0.023404433488515338,0.019729159712547156,0.016594820018440395,0.015380798589843118,0.014338428064221,0.012920185913403477,0.012339082902298985,0.010126717059428239,0.00940422690660696,0.008952805377194183,0.008432164356553007,0.007709939216530003,0.007521817530479039,0.007335374248896127,0.006909780461869559,0.006738810235581469,0.006501153649940404,0.006151604788358439,0.0055162275028739416,0.0050472322927447065,0.004876098807387264,0.0046075185823291065,0.004040093047567977,0.003254762270466457,0.0031701931899941437,0.0020459409798755]]","[[0.04875861345232046,0.017375188374086994,0.013631135916343587,0.011845885003509804,0.010040440190789049,0.008896878163404238,0.008265963937146365,0.007255112574885333,0.005977065465171179,0.005470984361613629,0.004969191160966934,0.004470253253439028,0.004331016910467271,0.004094251555948259,0.003447532286481999,0.0029216331277350373,0.0026578971270921933,0.0020138330009673256,0.0017462337870059878,1.4248439844071228e-05,8.958753692030664e-07,7.331608035291527e-07,4.909299138618142e-07,3.600929085848617e-07,3.1537853217208446e-07,2.4494778563714723e-07,1.711872815356412e-07,1.5642013594193556e-07,8.078502728221401e-08,4.0130730824526776e-08,1.854611203924186e-08,1.0622097966227019e-08],[0.02190117521945234,0.009512791233075652,0.007615123595623133,0.006038654501582734,0.004957983760504284,0.0036725056574508134,0.0028111415480731247,0.0016167354761463788,5.799055970292142e-07,1.9203414155588567e-07]]",6.424997567911482,1.47675852119444,0.36363135830115945,0.09725994039852262,0.24732090255199823,0.00030799002222842603,0.5842086176387903,0.004752389218474533,0.06480740698407855,0.04875861345232046,0.14380667848507284,0.14391263750143646,0.0471072921063751,32,7,2
45,MNISTConvNet,MNIST conv filters=32 kernel=7 stride=2 lr=1e-02,1.0,0.01,Muon,1,0,512,64,2.302559626278573,0.0001879743551840285,0.908203125,full_conv_patch_and_classifier_activation,2.956671486474625,1.6047280708966092,1.862927715390306,2.2301486112986702e-05,4.277783178278444e-05,"[[0.0047521574881004384,0.0008867532668191619,0.0006915785802243535,0.0005760511580601514,0.0005352349379304515,0.0003876218701298437,0.00032931870998862783,0.0002986670488153915,0.00024002499124091244,0.00015714384129326308,0.00013150114601902498,0.00011951215789753456,0.0001045222709056219,9.1037062532723e-05,8.157184165020315e-05,7.281705703568281e-05,6.690845822852468e-05,5.931013590978971e-05,5.1608735093227985e-05,4.793692426102691e-05,3.776700918261442e-05,3.738344278193496e-05,3.5755543704584656e-05,3.107329537295591e-05,2.7121778263792363e-05,2.3145251044621058e-05,2.1529209175812325e-05,1.887748786999214e-05,1.7428426473227938e-05,1.5639453612832135e-05,1.0536020451466425e-05,7.156667444832212e-06],[0.006293397181291609,0.0010029806225185726,0.000596768305227057,0.0003151134576193323,0.00022653007546691152,0.00020812286694996162,0.00012849594969057928,0.00010963628646560103,5.47063268019569e-05,4.2844409806478764e-19]]","[[486.2481708090735,259.8446472251625,216.24958445068805,183.7122983171536,147.89858163778146,138.10567669741445,127.8390818749908,103.34982479706355,91.60511919190584,87.40259145050457,86.8697513933867,71.34886983400732,65.24907197972718,59.32450967369966,53.87509130234577,53.481766751236265,50.14529573794769,44.52057679625825,42.78985777372914,41.76746085731856,35.97019704819681,35.62678728170247,34.93521036366559,33.94470369891809,30.66431645451282,30.59598409971866,29.66978902073454,27.203519321359956,27.09406318943487,26.114374850478214,25.599638280334634,24.772905241944187,24.18297441165068,23.988265487043922,23.0492393179248,21.976027593899797,21.20567931219397,20.448066728586863,19.763586864753936,19.65115363803375,18.387490082854235,17.840542777628364,16.86030618941448,16.673746529246984,15.708360268429628,15.046491314196702,14.378149746345663,13.805866165577841,12.90977975226263],[1.3591056851630001,0.08735350182182955,0.07252600748140678,0.04035961556398031,0.03661897903444026,0.027284605915858472,0.023404433488515338,0.019729159712547156,0.016594820018440395,0.015380798589843118,0.014338428064221,0.012920185913403477,0.012339082902298985,0.010126717059428239,0.00940422690660696,0.008952805377194183,0.008432164356553007,0.007709939216530003,0.007521817530479039,0.007335374248896127,0.006909780461869559,0.006738810235581469,0.006501153649940404,0.006151604788358439,0.0055162275028739416,0.0050472322927447065,0.004876098807387264,0.0046075185823291065,0.004040093047567977,0.003254762270466457,0.0031701931899941437,0.0020459409798755]]","[[0.010000000000000007,0.010000000000000005,0.010000000000000005,0.010000000000000004,0.010000000000000002,0.010000000000000002,0.010000000000000002,0.010000000000000002,0.010000000000000002,0.010000000000000002,0.010000000000000002,0.010000000000000002,0.010000000000000002,0.01,0.01,0.01,0.01,0.01,0.01,0.01,0.009999999999999998,0.009999999999999998,0.009999999999999998,0.009999999999999998,0.009999999999999998,0.009999999999999998,0.009999999999999998,0.009999999999999998,0.009999999999999998,0.009999999999999997,0.009999999999999997,0.009999999999999997],[0.010000000000000002,0.010000000000000002,0.010000000000000002,0.010000000000000002,0.009999999999999998,0.009999999999999998,0.009999999999999998,0.009999999999999998,0.009999999999999998,0.009999999999999997]]",21.000000000000007,20.99999999999998,1.0,0.9999999999999991,0.999999999999999,0.00018900442339546205,0.358511656061332,0.0029164015687573384,0.06480740698407858,0.010000000000000007,0.1438066784850729,0.15415650285312904,0.09476633300073445,32,7,2
44,MNISTConvNet,MNIST conv filters=32 kernel=7 stride=2 lr=1e-02,1.0,0.01,Adam,1,1,512,64,2.302432460877096,0.0004237259109611813,0.908203125,full_conv_patch_and_classifier_activation,2.3675471385075695,1.602017832870569,1.490682012345364,2.484592724821325e-05,3.789279707843428e-05,"[[0.005704956252529583,0.0011222040717777065,0.0006557596334670293,0.0005711873577590095,0.0003860506950966592,0.00033090022818224444,0.00026520106699582204,0.00023549823711911926,0.0001679877223970453,0.00015187317636741003,0.00014943980377835558,0.00011625842718994623,9.96183684696964e-05,8.921692414729778e-05,7.412248921434923e-05,7.141226517358623e-05,5.1168845185846e-05,4.6507169731055e-05,4.4586168106723064e-05,4.0050178933232324e-05,3.272989927106844e-05,3.092286245594499e-05,2.595879987284786e-05,2.5047694022372574e-05,2.2804541968292734e-05,1.6893881167589662e-05,1.5485939472292067e-05,1.4496272953812484e-05,1.3480465375234591e-05,1.1643500243855586e-05,9.285524585913513e-06,5.345882570168805e-06],[0.009367671083002828,0.0008051499482327972,0.0004994480595635473,0.00031809294818551124,0.00024179126994711882,0.0001990020450065954,0.00011393638008675863,7.340282056797883e-05,5.318431473838972e-05,3.710611235015746e-19]]","[[486.2481708090735,259.8446472251625,216.24958445068805,183.7122983171536,147.89858163778146,138.10567669741445,127.8390818749908,103.34982479706355,91.60511919190584,87.40259145050457,86.8697513933867,71.34886983400732,65.24907197972718,59.32450967369966,53.87509130234577,53.481766751236265,50.14529573794769,44.52057679625825,42.78985777372914,41.76746085731856,35.97019704819681,35.62678728170247,34.93521036366559,33.94470369891809,30.66431645451282,30.59598409971866,29.66978902073454,27.203519321359956,27.09406318943487,26.114374850478214,25.599638280334634,24.772905241944187,24.18297441165068,23.988265487043922,23.0492393179248,21.976027593899797,21.20567931219397,20.448066728586863,19.763586864753936,19.65115363803375,18.387490082854235,17.840542777628364,16.86030618941448,16.673746529246984,15.708360268429628,15.046491314196702,14.378149746345663,13.805866165577841,12.90977975226263],[1.8912753287800415,0.08944142122149577,0.06230269354442973,0.04279848597053504,0.035704408360056936,0.026793086588867095,0.022592860671204598,0.017996200407478884,0.015849192185892598,0.01334940160704495,0.012927037902455665,0.011518298034349365,0.011489336372240139,0.010317686753887128,0.009365976295378194,0.00925342768576305,0.008471777673842603,0.007900947387855899,0.007760266371088064,0.006908811354637231,0.006641094175888061,0.006283260158403129,0.00579402073900466,0.005532241170168623,0.005458827008273382,0.004648669117580543,0.0043425914435752805,0.0040581893235639675,0.004037750998327084,0.0028334158440079323,0.002609682863520969,0.001079674832812838]]","[[0.05172859303036531,0.016059693941341283,0.01365158913809341,0.010330996634391826,0.00892048366507645,0.007401642401517685,0.0064317611166240015,0.005611000451124065,0.005078288117029518,0.004663039209973349,0.003806096556810849,0.0033819355194291503,0.0026191405391755786,0.002169781849525821,0.0016808734488639452,0.0016015546422014167,0.0013600300496659154,0.0010832355334909828,0.0008752883648540072,0.000826452377788488,0.0006577345559322138,0.0006033949727031501,0.0005648381900851546,0.000464739253301346,0.0003371544541215519,0.00031837111350448,0.00023194406627816613,0.0002141397022775571,0.00017208649223572942,0.00010188466571617946,3.2574624781198474e-05,2.7112275339168373e-05],[0.020182644769764082,0.011883575704269764,0.007593163168815975,0.005659360745081029,0.004121782012440976,0.0037711665250899484,0.0017541113106056255,0.00144046810882597,0.0008927209527441362,0.0004454789221984091]]",5.783188610352859,1.4890098150747293,0.3503822058985427,0.10354494768421171,0.2675175319913184,0.0003525817697863933,0.48830914030334516,0.0054364157981928625,0.06485555610069343,0.05172859303036531,0.14203726365523178,0.14126129286006858,0.14185025007463992,32,7,2
45,MNISTConvNet,MNIST conv filters=32 kernel=7 stride=2 lr=1e-02,1.0,0.01,Muon,1,1,512,64,2.3024800866784583,0.00020013289700226977,0.908203125,full_conv_patch_and_classifier_activation,2.8703204594285654,1.6040881523690749,1.7810836331410862,2.418150253071251e-05,4.252841451869888e-05,"[[0.004720536178950552,0.001220137446329994,0.0007396800309284825,0.0005738404946942526,0.00042149974786908,0.00034976514133695384,0.00028561717586318973,0.00022820275046976426,0.00017143417232139905,0.00016704016324030666,0.00014794604529988733,0.00013114847822043413,0.00011695158384982786,8.69060959064584e-05,7.634799685620414e-05,7.559028449955443e-05,6.37416353190652e-05,5.751078197592901e-05,5.436485840657464e-05,4.663166098864133e-05,4.506315248599836e-05,3.5149595663710405e-05,3.224786253574314e-05,2.8297592609513074e-05,2.4956139858198766e-05,2.2739123179564043e-05,2.0138768947648634e-05,1.6938165084127862e-05,1.6115418337431547e-05,1.2937629783784844e-05,8.734680341069634e-06,4.79229066998569e-06],[0.007030095096743072,0.000845583199548248,0.0005644979786700948,0.00030216271247358417,0.0002449398959192285,0.00020914656893153947,0.00014163812468420423,7.880204943397579e-05,6.771597820472065e-05,4.3275996073328735e-19]]","[[486.2481708090735,259.8446472251625,216.24958445068805,183.7122983171536,147.89858163778146,138.10567669741445,127.8390818749908,103.34982479706355,91.60511919190584,87.40259145050457,86.8697513933867,71.34886983400732,65.24907197972718,59.32450967369966,53.87509130234577,53.481766751236265,50.14529573794769,44.52057679625825,42.78985777372914,41.76746085731856,35.97019704819681,35.62678728170247,34.93521036366559,33.94470369891809,30.66431645451282,30.59598409971866,29.66978902073454,27.203519321359956,27.09406318943487,26.114374850478214,25.599638280334634,24.772905241944187,24.18297441165068,23.988265487043922,23.0492393179248,21.976027593899797,21.20567931219397,20.448066728586863,19.763586864753936,19.65115363803375,18.387490082854235,17.840542777628364,16.86030618941448,16.673746529246984,15.708360268429628,15.046491314196702,14.378149746345663,13.805866165577841,12.90977975226263],[1.4477225663647357,0.0885539821516819,0.06793089945695187,0.04311232384953103,0.03791384366592087,0.027432316819707397,0.023619187412452895,0.01897531502801364,0.017963064961551877,0.014891777635068484,0.013925256293233313,0.012449043891067815,0.01181200261398609,0.010046738605013185,0.00969623707140798,0.009548009447741342,0.00915321399227251,0.008238883037621826,0.0076487840862164555,0.007362813786090708,0.007135769381284037,0.007042896642367265,0.006799419242194939,0.006293074903263262,0.005525931612223334,0.005426058547061889,0.004894661332780581,0.004728203091956661,0.004036812695595498,0.003259291407580084,0.0028694521426618955,0.0016347464560458715]]","[[0.010000000000000002,0.010000000000000002,0.010000000000000002,0.010000000000000002,0.010000000000000002,0.010000000000000002,0.010000000000000002,0.010000000000000002,0.010000000000000002,0.010000000000000002,0.010000000000000002,0.010000000000000002,0.010000000000000002,0.010000000000000002,0.010000000000000002,0.010000000000000002,0.010000000000000002,0.009999999999999998,0.009999999999999998,0.009999999999999998,0.009999999999999998,0.009999999999999998,0.009999999999999998,0.009999999999999998,0.009999999999999998,0.009999999999999998,0.009999999999999998,0.009999999999999998,0.009999999999999997,0.009999999999999997,0.009999999999999997,0.009999999999999995],[0.010000000000000005,0.01,0.01,0.01,0.01,0.009999999999999998,0.009999999999999997,0.009999999999999997,0.009999999999999997,0.00999999999999999]]",21.000000000000004,20.999999999999982,1.0000000000000002,0.9999999999999989,0.9999999999999987,0.00019487584747431998,0.3451236735798156,0.0030069996091989237,0.06480740698407861,0.010000000000000005,0.14203726365523175,0.15214947393173,0.18973974999971688,32,7,2
44,MNISTConvNet,MNIST conv filters=32 kernel=7 stride=2 lr=1e-02,1.0,0.01,Adam,1,2,512,64,2.3024438130789884,0.00044343880369046573,0.908203125,full_conv_patch_and_classifier_activation,2.012425544285046,1.600425400420872,1.2782522465207782,2.989316115497001e-05,3.9875229440899575e-05,"[[0.006386648160557555,0.000840777017453843,0.0006987354097401295,0.0004378021652729929,0.00039220327819072034,0.00033823188320484507,0.0002406313792148372,0.00021124315519438296,0.00016516894845988505,0.000141894264840041,0.00012176114033176584,9.51408514502377e-05,9.117586444869753e-05,8.365192749380884e-05,6.344153529269464e-05,5.607446320427499e-05,4.9752698187137656e-05,4.495391750055926e-05,4.099462748957799e-05,3.7731994491269224e-05,3.255740583812102e-05,2.355917429992143e-05,2.1565255987919824e-05,2.0500631307692714e-05,1.773000091284981e-05,1.3248513415705982e-05,1.0041961966051601e-05,9.529755011078874e-06,7.685548813825279e-06,6.0248323152403565e-06,4.3877069568014615e-06,3.2786732919602273e-06],[0.015155901856968796,0.000753975972192225,0.0005186267332501322,0.0004107789722958109,0.0002531689202953343,0.00017474319680311888,0.0001438916114292054,8.241468571591312e-05,7.070778336264763e-05,1.1512932360363864e-18]]","[[486.2481708090735,259.8446472251625,216.24958445068805,183.7122983171536,147.89858163778146,138.10567669741445,127.8390818749908,103.34982479706355,91.60511919190584,87.40259145050457,86.8697513933867,71.34886983400732,65.24907197972718,59.32450967369966,53.87509130234577,53.481766751236265,50.14529573794769,44.52057679625825,42.78985777372914,41.76746085731856,35.97019704819681,35.62678728170247,34.93521036366559,33.94470369891809,30.66431645451282,30.59598409971866,29.66978902073454,27.203519321359956,27.09406318943487,26.114374850478214,25.599638280334634,24.772905241944187,24.18297441165068,23.988265487043922,23.0492393179248,21.976027593899797,21.20567931219397,20.448066728586863,19.763586864753936,19.65115363803375,18.387490082854235,17.840542777628364,16.86030618941448,16.673746529246984,15.708360268429628,15.046491314196702,14.378149746345663,13.805866165577841,12.90977975226263],[2.7788551995359403,0.08074552314294509,0.046811663129342256,0.041984120964531114,0.03598955655385131,0.02623690102191949,0.01984778618567426,0.0175803087795573,0.014311918595051673,0.013614001024429981,0.013499578421675313,0.011733111174860932,0.010608747362818742,0.009760138085151259,0.009102476876999752,0.00889952420922768,0.00815194270700999,0.007463694953971679,0.006756412672074183,0.00659509089781741,0.006225899870651565,0.005653169455055242,0.005404334868798432,0.005244064865499697,0.004551344405568047,0.004347585341870637,0.004272069321476226,0.003887377720061049,0.0035055323490895125,0.002952238948020473,0.0014418508978466717,0.0008224353657245978]]","[[0.05102310294457302,0.016576963010932172,0.015425888588542646,0.011222631620077575,0.007641287692702335,0.006736518439054744,0.0061934675304496445,0.005029676072315157,0.004500523837282852,0.0037036735009791702,0.0033767703030333366,0.002829391459383811,0.002627279981159892,0.002128739766126345,0.0020150412280540253,0.001404168215025178,0.0012833262307278956,0.0010252344798735928,0.0008831986783451249,0.0007302162235052436,0.0006467912408669041,0.0005397226466233913,0.0004788889075408113,0.0004589173541921179,0.00038530401252157725,0.00030647181064408083,0.00023333134907100106,0.00019700443366888666,0.00016344168929185543,0.00010859425355996423,7.581023196978608e-05,2.856289818254835e-05],[0.020980872695150542,0.011117205564973856,0.007967448729944497,0.0058966347997612386,0.005558305680402625,0.0038940055979719682,0.0032395418589418632,0.0020889317210370014,0.0012215377189565388,0.0009000926925331127]]",5.950964315073715,1.4932841475194976,0.37327804097641215,0.10330058632003142,0.25493190858684384,0.0003848739008679491,0.35863393309453534,0.0059308792597628675,0.06489322813888095,0.05102310294457302,0.13822216936224324,0.13955713403815972,0.23861658293753862,32,7,2
45,MNISTConvNet,MNIST conv filters=32 kernel=7 stride=2 lr=1e-02,1.0,0.01,Muon,1,2,512,64,2.3024456906353103,0.0002333259423705769,0.908203125,full_conv_patch_and_classifier_activation,2.944345339195517,1.6038008385528113,1.8215641082386869,3.0034821357104926e-05,5.3553717438138765e-05,"[[0.005254805393348749,0.0014736719943250888,0.0008145066481656123,0.0007066748502779874,0.000537491150731147,0.0004316824276199218,0.0003434036395939234,0.0003003079265277376,0.00022400529822411773,0.00017364497744150792,0.0001476333414282379,0.00012397093565062113,0.00011840030052988192,0.00010056244521401903,8.792363893942501e-05,7.872450969369204e-05,6.517673685720884e-05,6.324452522829485e-05,5.0607622709315676e-05,4.8482524150587165e-05,4.451076178276137e-05,3.4772080152975056e-05,3.204274754971665e-05,2.8996780679495887e-05,2.541269272262838e-05,2.3320198520183043e-05,1.953692567932332e-05,1.4535152686054246e-05,1.2720638689677225e-05,9.781179857727873e-06,8.51528227649216e-06,6.918814820978823e-06],[0.00853926097298391,0.00107744194205798,0.0007523327286952647,0.0004603654642037356,0.0002971516620381265,0.0001932226619548375,0.00011781556216305634,0.00010502866113189257,7.247595392004845e-05,6.915815349015442e-19]]","[[486.2481708090735,259.8446472251625,216.24958445068805,183.7122983171536,147.89858163778146,138.10567669741445,127.8390818749908,103.34982479706355,91.60511919190584,87.40259145050457,86.8697513933867,71.34886983400732,65.24907197972718,59.32450967369966,53.87509130234577,53.481766751236265,50.14529573794769,44.52057679625825,42.78985777372914,41.76746085731856,35.97019704819681,35.62678728170247,34.93521036366559,33.94470369891809,30.66431645451282,30.59598409971866,29.66978902073454,27.203519321359956,27.09406318943487,26.114374850478214,25.599638280334634,24.772905241944187,24.18297441165068,23.988265487043922,23.0492393179248,21.976027593899797,21.20567931219397,20.448066728586863,19.763586864753936,19.65115363803375,18.387490082854235,17.840542777628364,16.86030618941448,16.673746529246984,15.708360268429628,15.046491314196702,14.378149746345663,13.805866165577841,12.90977975226263],[1.5803687940977929,0.0948843959314224,0.07295642821352781,0.041890489533356015,0.04081606930781799,0.02786495907998836,0.02288716611773311,0.021141857654863063,0.01888137594740604,0.015450391423501804,0.014384399962428589,0.013407175092165685,0.01165970747153573,0.011138522155738469,0.010831962476152271,0.009551292061005957,0.009395089918564442,0.008977591620029672,0.00860788856485961,0.008266267667864199,0.00752484333547046,0.007170504950948303,0.006791146046067956,0.006233017608559625,0.0059610260763706836,0.005567855730350182,0.005533969682728281,0.004953562665403093,0.004187654014721333,0.003341169323324887,0.0022815359657725395,0.0018310533774741928]]","[[0.010000000000000005,0.010000000000000004,0.010000000000000004,0.010000000000000004,0.010000000000000004,0.010000000000000002,0.010000000000000002,0.010000000000000002,0.010000000000000002,0.010000000000000002,0.010000000000000002,0.010000000000000002,0.01,0.01,0.01,0.01,0.01,0.01,0.01,0.01,0.01,0.009999999999999998,0.009999999999999998,0.009999999999999998,0.009999999999999998,0.009999999999999998,0.009999999999999998,0.009999999999999998,0.009999999999999997,0.009999999999999997,0.009999999999999997,0.009999999999999997],[0.010000000000000002,0.009999999999999998,0.009999999999999998,0.009999999999999998,0.009999999999999998,0.009999999999999998,0.009999999999999998,0.009999999999999997,0.009999999999999995,0.00999999999999999]]",21.000000000000007,20.99999999999998,1.0000000000000002,0.999999999999999,0.9999999999999988,0.00023021079751223936,0.34369559731987825,0.0035522297253583347,0.06480740698407861,0.010000000000000005,0.13822216936224319,0.14674751831976124,0.28344516712240875,32,7,2
44,MNISTConvNet,MNIST conv filters=32 kernel=7 stride=2 lr=1e-02,1.0,0.01,Adam,1,3,512,64,2.302284428947552,0.000524695735260039,0.90625,full_conv_patch_and_classifier_activation,2.2305179326133437,1.6000176063706872,1.3589015354986604,2.7902787354955825e-05,3.529654349345129e-05,"[[0.005202612940070174,0.000834359105130113,0.000658150869685461,0.0005803572640325609,0.0004270578877722658,0.00036848492676634637,0.000238156644468514,0.00020361009995172174,0.0001792517126324839,0.0001445511525400494,0.00013368085750479445,8.696860725413546e-05,8.301152289728406e-05,7.478230060993114e-05,5.780061257957752e-05,4.9695086065586384e-05,4.3304033003428126e-05,3.961489097855189e-05,3.552838706888743e-05,3.164708840485095e-05,3.128513780348218e-05,2.4722758673096542e-05,1.974246190269001e-05,1.844967569674342e-05,1.4704887809458217e-05,1.213748536363012e-05,1.0868378802131923e-05,9.326519882379663e-06,8.272367135799933e-06,5.1796855594239065e-06,4.009853134172281e-06,3.08498691777446e-06],[0.02050108250923021,0.0010109998551588297,0.00046169589385279585,0.00042998185523697457,0.00025174991369663317,0.00017543564173819645,0.00013230066392889964,9.37310397730495e-05,5.5713771896620434e-05,9.24177186644746e-19]]","[[486.2481708090735,259.8446472251625,216.24958445068805,183.7122983171536,147.89858163778146,138.10567669741445,127.8390818749908,103.34982479706355,91.60511919190584,87.40259145050457,86.8697513933867,71.34886983400732,65.24907197972718,59.32450967369966,53.87509130234577,53.481766751236265,50.14529573794769,44.52057679625825,42.78985777372914,41.76746085731856,35.97019704819681,35.62678728170247,34.93521036366559,33.94470369891809,30.66431645451282,30.59598409971866,29.66978902073454,27.203519321359956,27.09406318943487,26.114374850478214,25.599638280334634,24.772905241944187,24.18297441165068,23.988265487043922,23.0492393179248,21.976027593899797,21.20567931219397,20.448066728586863,19.763586864753936,19.65115363803375,18.387490082854235,17.840542777628364,16.86030618941448,16.673746529246984,15.708360268429628,15.046491314196702,14.378149746345663,13.805866165577841,12.90977975226263],[3.8882131367617165,0.08757914639593212,0.05003259668878242,0.042822477988098254,0.03817483577254982,0.025947717698988494,0.020074792652908853,0.01778262638421317,0.01749827304134419,0.014449411556835637,0.013419676595930302,0.01148831247810719,0.010103054107830932,0.009655538910310343,0.009282214429143948,0.007972044802520674,0.0074716358859795405,0.0073516997587758275,0.007052188171112532,0.005934479507258506,0.005635089680875884,0.005395404643418152,0.004782489905837571,0.004701722699033694,0.003990340937267917,0.0038628123022966003,0.0037547653400383484,0.0032842694054074128,0.0031100501671871912,0.0022754649626884078,0.001100907588858298,0.0008520427826457051]]","[[0.051430587964088455,0.018004362064485108,0.014750482711821394,0.010235198455190156,0.00791251159875563,0.006902188791743894,0.006322690071984061,0.005696494302697955,0.005375462296835703,0.004185844472415384,0.0035335135023368642,0.003511540189754175,0.002288530421706712,0.002171208408455364,0.0019208655777247729,0.0018138057905242705,0.0012966366426916153,0.0010026908025685597,0.000807157808052719,0.0007379626997528948,0.0005894441238903401,0.0005263744301272482,0.0004604363578036802,0.0004155742101276345,0.0003845485822415925,0.0002547455172268796,0.0002304342751853032,0.00017346233899622084,0.00015677716295162114,0.00011625257095580002,6.10116841520823e-05,4.078241990938385e-05],[0.021038470829331107,0.010550906324940577,0.0073096499869134135,0.007060530993193582,0.005685843937333454,0.0034977443441700363,0.00243356445375262,0.002089836248501508,0.0016592313029540604,0.0010088813015209283]]",6.008007200644979,1.4830403244280426,0.37433799629910275,0.10193967060964557,0.2513436664981055,0.00044741261690621123,0.32193730200241616,0.006836096009779233,0.06544855664200365,0.051430587964088455,0.134018129982574,0.13463201201290534,0.33222212502732873,32,7,2
45,MNISTConvNet,MNIST conv filters=32 kernel=7 stride=2 lr=1e-02,1.0,0.01,Muon,1,3,512,64,2.302385411307924,0.00022948246134912864,0.908203125,full_conv_patch_and_classifier_activation,3.3278308430902217,1.6039821518362025,1.988548108992644,2.9004448398763915e-05,5.093788007416566e-05,"[[0.004400015356230837,0.0012390871891127554,0.0009524774459211435,0.0007347150824655396,0.0005866265153236177,0.00045639808234653004,0.0004396374497194937,0.00027397830152116624,0.0002292107144307929,0.00020036052386740753,0.0001519023662106719,0.00013237434821606115,0.00010907889704305472,9.980681458803534e-05,8.612886344233843e-05,7.535942908997827e-05,6.934040687354161e-05,5.693448941814627e-05,4.869962411424703e-05,4.707310844940433e-05,4.578783246286481e-05,3.808005316743235e-05,3.519475710610144e-05,3.085774647571262e-05,2.696079113073192e-05,2.2886267767916185e-05,2.223616042418607e-05,1.6594921300484593e-05,1.5925120174597572e-05,1.4924346886406221e-05,1.2533373035020395e-05,8.01235970921426e-06],[0.008996875552496895,0.001130572557807015,0.0006268780288881518,0.0004349292632061654,0.00036435968694585835,0.0002474943261815319,0.00014257431729273228,0.00010749912520774582,7.908538141110274e-05,6.524926837203634e-19]]","[[486.2481708090735,259.8446472251625,216.24958445068805,183.7122983171536,147.89858163778146,138.10567669741445,127.8390818749908,103.34982479706355,91.60511919190584,87.40259145050457,86.8697513933867,71.34886983400732,65.24907197972718,59.32450967369966,53.87509130234577,53.481766751236265,50.14529573794769,44.52057679625825,42.78985777372914,41.76746085731856,35.97019704819681,35.62678728170247,34.93521036366559,33.94470369891809,30.66431645451282,30.59598409971866,29.66978902073454,27.203519321359956,27.09406318943487,26.114374850478214,25.599638280334634,24.772905241944187,24.18297441165068,23.988265487043922,23.0492393179248,21.976027593899797,21.20567931219397,20.448066728586863,19.763586864753936,19.65115363803375,18.387490082854235,17.840542777628364,16.86030618941448,16.673746529246984,15.708360268429628,15.046491314196702,14.378149746345663,13.805866165577841,12.90977975226263],[1.6920075858841332,0.09956477419719947,0.08521344402800562,0.04718621104027427,0.0434992340315958,0.029556393979319934,0.026637708533054597,0.023199180831263586,0.020751466141161683,0.01736315301279345,0.015517369756141122,0.013911205621097092,0.012160775642724941,0.011706523150400312,0.010967757538643935,0.010085199743977981,0.009625432514455296,0.009618508333544022,0.008753635537519584,0.008221245500399677,0.007804813171204795,0.00761815739502791,0.007198907111531768,0.0064387508950257254,0.006070428404889595,0.005744228268867564,0.005617348748784636,0.005272309812783075,0.004765212225784257,0.0035821569873896167,0.002671298372975575,0.00218460932629144]]","[[0.010000000000000005,0.010000000000000005,0.010000000000000004,0.010000000000000004,0.010000000000000004,0.010000000000000004,0.010000000000000004,0.010000000000000004,0.010000000000000002,0.010000000000000002,0.010000000000000002,0.010000000000000002,0.010000000000000002,0.010000000000000002,0.010000000000000002,0.01,0.01,0.01,0.01,0.01,0.01,0.01,0.01,0.01,0.009999999999999998,0.009999999999999998,0.009999999999999998,0.009999999999999998,0.009999999999999998,0.009999999999999997,0.009999999999999995,0.009999999999999995],[0.010000000000000007,0.010000000000000007,0.010000000000000005,0.010000000000000004,0.010000000000000004,0.010000000000000004,0.010000000000000002,0.010000000000000002,0.009999999999999998,0.009999999999999995]]",21.0,20.99999999999998,1.0,0.9999999999999991,0.9999999999999992,0.0002280946697746263,0.34122625292056286,0.003519577165472196,0.06480740698407858,0.010000000000000007,0.1340181299825739,0.1407159172476488,0.37705583311617374,32,7,2
44,MNISTConvNet,MNIST conv filters=32 kernel=7 stride=2 lr=1e-02,1.0,0.01,Adam,1,4,512,64,2.301096229482813,0.0011862700451787944,0.908203125,full_conv_patch_and_classifier_activation,1.61169969029711,1.5998840319099044,1.0435063136554195,5.282140110864253e-05,6.0214822339873974e-05,"[[0.011006870059093704,0.0011558665576597601,0.0007479167954869669,0.0006697931925432837,0.0005404931441116194,0.00038445167396293755,0.00027182890200317994,0.00022366500647558578,0.00016687409610539414,0.00013173343484382228,0.00012553533150249453,0.00010404149519650975,9.473710691356649e-05,6.963317649091544e-05,5.5479984732918846e-05,4.8465014976183573e-05,4.771606595523939e-05,3.8927799321366e-05,3.222610791270567e-05,2.8871254363838547e-05,2.788176161577271e-05,2.1204285799839323e-05,1.713194859696557e-05,1.5878830172689164e-05,1.1667608442805169e-05,9.432554689215975e-06,7.702383065065779e-06,6.774404147485187e-06,5.744796305509248e-06,4.257813334494804e-06,3.747692173093734e-06,3.1982353776045635e-06],[0.03745920308722668,0.0008681872293665678,0.0006346994742100897,0.00035590483174656045,0.0002750216535626117,0.00020608607700207355,0.00010258226013051735,6.965278083918159e-05,6.025324519850608e-05,3.185571729641519e-18]]","[[486.2481708090735,259.8446472251625,216.24958445068805,183.7122983171536,147.89858163778146,138.10567669741445,127.8390818749908,103.34982479706355,91.60511919190584,87.40259145050457,86.8697513933867,71.34886983400732,65.24907197972718,59.32450967369966,53.87509130234577,53.481766751236265,50.14529573794769,44.52057679625825,42.78985777372914,41.76746085731856,35.97019704819681,35.62678728170247,34.93521036366559,33.94470369891809,30.66431645451282,30.59598409971866,29.66978902073454,27.203519321359956,27.09406318943487,26.114374850478214,25.599638280334634,24.772905241944187,24.18297441165068,23.988265487043922,23.0492393179248,21.976027593899797,21.20567931219397,20.448066728586863,19.763586864753936,19.65115363803375,18.387490082854235,17.840542777628364,16.86030618941448,16.673746529246984,15.708360268429628,15.046491314196702,14.378149746345663,13.805866165577841,12.90977975226263],[5.15674230620502,0.10313864658928397,0.06497443548563435,0.04650159849012698,0.03764234013474498,0.026808685991242497,0.022634267277680312,0.02173108472577218,0.01784892517058143,0.015963033982548037,0.014188554758091155,0.01233692368588626,0.00995613266803044,0.009543280275668285,0.00837828677104062,0.008151082854003622,0.007817395317410724,0.0073176304663591304,0.0067038542387201,0.006209306751284768,0.005512514810265144,0.0050391134440385486,0.004819610733740544,0.004551868454688276,0.00393953898972633,0.003139756645101813,0.0029864349880842885,0.0027331013871486755,0.0026338892408698626,0.001315869161406975,0.001164788173031723,0.0010723648096670263]]","[[0.05415079898139495,0.018262233824473263,0.012895803058723634,0.007663214987268631,0.006583740704972581,0.005680866100802613,0.005225352994528068,0.004694115886009241,0.004401586382937882,0.0036006632941510373,0.0027344143905900175,0.0024444584274104335,0.0020707074160527866,0.0018564746611463628,0.0016890322634138583,0.0014055661497800764,0.0009914982102385065,0.0008432348966761647,0.0007119540697439172,0.0006009135616620856,0.00047308846876550876,0.000446320436150325,0.000379374029863721,0.0003250660057619873,0.0002539710790577073,0.00022643089635684708,0.0001623720538134006,0.00012935120929808777,9.211034737921483e-05,5.8331156471684325e-05,4.760394126000744e-05,1.9085843627308176e-05],[0.023574928586470013,0.010064442873599103,0.006714028031221807,0.006121066403325439,0.004709015667932524,0.002711276343523779,0.002396509936261932,0.001725550130593606,0.001109518797151961,0.000662465739905183]]",5.000454410258669,1.3283757383422359,0.31389759788194027,0.08972606960529908,0.26873092641246754,0.0010262744705117099,0.39315736641382276,0.015372253024774183,0.0667614870024419,0.05415079898139495,0.12994857526068584,0.1317761314076273,0.42392350011505187,32,7,2
45,MNISTConvNet,MNIST conv filters=32 kernel=7 stride=2 lr=1e-02,1.0,0.01,Muon,1,4,512,64,2.3022176945230997,0.00034453421244684534,0.8671875,full_conv_patch_and_classifier_activation,2.2414407200612296,1.6038548440816314,1.4153719501786775,5.2765692143811626e-05,7.721985845801787e-05,"[[0.009715423094966263,0.0019341495883586114,0.0013547444450817793,0.0008697772743358391,0.0005945079627862361,0.0005080338557946753,0.0004333912146946835,0.0002955365665184129,0.0002549222151284126,0.00023078338804992287,0.000198744737545616,0.00013683203372683202,0.00011005785323039879,0.000103564154137882,8.748946225454294e-05,8.128199499953544e-05,7.226311185395588e-05,6.766762433965256e-05,6.61276943527004e-05,5.746560907580926e-05,5.022789257361484e-05,4.853361329679355e-05,4.072829135096185e-05,3.769545751940472e-05,3.0164136988321e-05,2.771285436831919e-05,2.582835436808003e-05,1.8392248227892217e-05,1.561024201826046e-05,1.2958101824837933e-05,1.1929751905584103e-05,6.805153009245055e-06],[0.013158491530221033,0.000905583501201366,0.0006856289386224848,0.00040288880829137845,0.0003119993022872951,0.00023160812794527304,0.00020706887363636372,9.054739482018952e-05,7.041777307589245e-05,1.1746708517020464e-18]]","[[486.2481708090735,259.8446472251625,216.24958445068805,183.7122983171536,147.89858163778146,138.10567669741445,127.8390818749908,103.34982479706355,91.60511919190584,87.40259145050457,86.8697513933867,71.34886983400732,65.24907197972718,59.32450967369966,53.87509130234577,53.481766751236265,50.14529573794769,44.52057679625825,42.78985777372914,41.76746085731856,35.97019704819681,35.62678728170247,34.93521036366559,33.94470369891809,30.66431645451282,30.59598409971866,29.66978902073454,27.203519321359956,27.09406318943487,26.114374850478214,25.599638280334634,24.772905241944187,24.18297441165068,23.988265487043922,23.0492393179248,21.976027593899797,21.20567931219397,20.448066728586863,19.763586864753936,19.65115363803375,18.387490082854235,17.840542777628364,16.86030618941448,16.673746529246984,15.708360268429628,15.046491314196702,14.378149746345663,13.805866165577841,12.90977975226263],[1.820134097215993,0.10421868134691253,0.09124102978226073,0.051009535391404834,0.04442391186020258,0.032789000449836674,0.029007102273291,0.02607597676674156,0.0216727844814962,0.01772723119815832,0.01719313958889679,0.014448429555295586,0.013013549593793366,0.012467604067174605,0.011800438411256721,0.011287908097475043,0.010516821158188873,0.009883716118746947,0.009365996933224688,0.008247836234568187,0.008093105997402782,0.007585406062157014,0.007373318986527365,0.00659172080784732,0.006210344709137689,0.006062756563564774,0.005748943864138911,0.005603332717371832,0.004771860101539731,0.003916233320831323,0.003658927576864837,0.0021402288643459573]]","[[0.010000000000000007,0.010000000000000005,0.010000000000000004,0.010000000000000002,0.010000000000000002,0.01,0.01,0.01,0.01,0.01,0.01,0.01,0.01,0.01,0.009999999999999998,0.009999999999999998,0.009999999999999998,0.009999999999999998,0.009999999999999998,0.009999999999999998,0.009999999999999998,0.009999999999999998,0.009999999999999997,0.009999999999999997,0.009999999999999997,0.009999999999999997,0.009999999999999997,0.009999999999999997,0.009999999999999997,0.009999999999999995,0.009999999999999995,0.009999999999999995],[0.010000000000000002,0.010000000000000002,0.010000000000000002,0.010000000000000002,0.009999999999999998,0.009999999999999998,0.009999999999999998,0.009999999999999998,0.009999999999999998,0.009999999999999997]]",20.999999999999996,20.999999999999975,0.9999999999999998,0.9999999999999991,0.9999999999999993,0.0003356358422878435,0.31136740570765753,0.0051789734832362625,0.06480740698407858,0.010000000000000007,0.1299485752606858,0.13437873947825996,0.4697755421511829,32,7,2
44,MNISTConvNet,MNIST conv filters=32 kernel=7 stride=2 lr=1e-02,1.0,0.01,Adam,1,5,512,64,2.3008967609958195,,0.908203125,full_conv_patch_and_classifier_activation,1.5434318518716623,1.5997708253405434,1.024045377121717,2.6874947715072225e-05,3.1773352594340974e-05,"[[0.010226847795779466,0.0007690439727798163,0.0005977693085291086,0.0005500068143740991,0.00038023196628273576,0.00032252373706706387,0.00020049347826621588,0.00017558683393461698,0.00014214905199519764,0.00012182606132784368,0.00011665415352028681,9.758290524239022e-05,8.67757724919086e-05,6.231961260700313e-05,5.372113625581271e-05,4.866986349386756e-05,3.70897907384099e-05,3.5603449883587765e-05,3.2740241475915125e-05,2.4863650306060018e-05,2.439059519235024e-05,1.8477653308186835e-05,1.7613848799642218e-05,1.654063062798795e-05,1.3833421640544597e-05,1.078512495858009e-05,9.860365029591756e-06,9.158439325148991e-06,7.244465542126662e-06,6.117886331781444e-06,3.2647495491612856e-06,2.4037660989507744e-06],[0.03432062672411479,0.0011402540283674432,0.0006648997727917867,0.0004116514996002092,0.00028382243739813104,0.00021380148680687092,0.0001610201801756625,0.00010573040642140516,5.9764600358567255e-05,2.2340934389910326e-18]]","[[486.2481708090735,259.8446472251625,216.24958445068805,183.7122983171536,147.89858163778146,138.10567669741445,127.8390818749908,103.34982479706355,91.60511919190584,87.40259145050457,86.8697513933867,71.34886983400732,65.24907197972718,59.32450967369966,53.87509130234577,53.481766751236265,50.14529573794769,44.52057679625825,42.78985777372914,41.76746085731856,35.97019704819681,35.62678728170247,34.93521036366559,33.94470369891809,30.66431645451282,30.59598409971866,29.66978902073454,27.203519321359956,27.09406318943487,26.114374850478214,25.599638280334634,24.772905241944187,24.18297441165068,23.988265487043922,23.0492393179248,21.976027593899797,21.20567931219397,20.448066728586863,19.763586864753936,19.65115363803375,18.387490082854235,17.840542777628364,16.86030618941448,16.673746529246984,15.708360268429628,15.046491314196702,14.378149746345663,13.805866165577841,12.90977975226263],[6.626251151155356,0.10594960185655683,0.08096490285596139,0.05533633806320369,0.039311207153425974,0.02908095703139169,0.02426310322058458,0.022511552673891384,0.018467978479148342,0.01746801566554456,0.014730512278140186,0.011715842910578665,0.010239999824486371,0.009797524555662296,0.008695005616146775,0.007725804569720559,0.00756559513384771,0.00704422070608042,0.006181932685635232,0.0058795306642760925,0.005121729895504751,0.004599411209396353,0.0042387160311312165,0.0037938414538557486,0.003556019867981599,0.002821480187321796,0.0025716644867397878,0.002130780415329306,0.0018970827857007898,0.0016562089339690314,0.001107689466682853,0.000858803775897547]]",,,,,,,,,,,,,,0.5171652080025524,32,7,2
45,MNISTConvNet,MNIST conv filters=32 kernel=7 stride=2 lr=1e-02,1.0,0.01,Muon,1,5,512,64,2.302208565953522,,0.908203125,full_conv_patch_and_classifier_activation,3.02702997502613,1.6040010020308202,1.8590611016010845,2.661757777654898e-05,4.746625482400122e-05,"[[0.006022998216580624,0.0014797125004013677,0.0012993586020538213,0.000907209301836851,0.0008256265249118407,0.0007308971808446223,0.0003849203484377672,0.0002316613045081044,0.0002220640671834495,0.00016029878222334338,0.00014280813784608195,0.00012729940754077588,0.00011422658158141555,0.00010063725272534086,8.264826280554314e-05,8.047741156547449e-05,6.866402340502516e-05,6.313058112520094e-05,5.165397428159318e-05,4.9041794512443826e-05,4.694478089971883e-05,4.2583015707885766e-05,3.4350387117084666e-05,3.327880616698077e-05,3.141144332915037e-05,2.848962071065948e-05,2.7021880844453337e-05,1.9990696312358436e-05,1.568194779935196e-05,1.4152296692119706e-05,1.1911201518658792e-05,6.454039049166116e-06],[0.01005902479861346,0.001344791993700714,0.0005883261004530133,0.0005225571586541266,0.0003547923674693008,0.00029256204205809643,0.0002804397043243493,0.00014362155747532954,8.915594691153945e-05,6.669930356137246e-19]]","[[486.2481708090735,259.8446472251625,216.24958445068805,183.7122983171536,147.89858163778146,138.10567669741445,127.8390818749908,103.34982479706355,91.60511919190584,87.40259145050457,86.8697513933867,71.34886983400732,65.24907197972718,59.32450967369966,53.87509130234577,53.481766751236265,50.14529573794769,44.52057679625825,42.78985777372914,41.76746085731856,35.97019704819681,35.62678728170247,34.93521036366559,33.94470369891809,30.66431645451282,30.59598409971866,29.66978902073454,27.203519321359956,27.09406318943487,26.114374850478214,25.599638280334634,24.772905241944187,24.18297441165068,23.988265487043922,23.0492393179248,21.976027593899797,21.20567931219397,20.448066728586863,19.763586864753936,19.65115363803375,18.387490082854235,17.840542777628364,16.86030618941448,16.673746529246984,15.708360268429628,15.046491314196702,14.378149746345663,13.805866165577841,12.90977975226263],[1.9760064559812498,0.11343610187474068,0.10610513912413884,0.05491481017825014,0.04551162197160693,0.036545689146805255,0.03092326919333524,0.027544224378881873,0.023307785167632704,0.02046910663805204,0.018666217891031883,0.016040623797712032,0.013755656653955001,0.012837496250835754,0.012482702384819126,0.012022354002100053,0.011191091884491315,0.01022847702962779,0.009568205229913437,0.008863589570903257,0.008807670942790481,0.008125799660452085,0.007466072682728537,0.006958604258013797,0.006454182345684735,0.006326122115740634,0.005939913841337702,0.005527786338379731,0.005118747909827139,0.003966564719815898,0.0038110320003285304,0.002406813092403912]]",,,,,,,,,,,,,,0.5624517500400543,32,7,2
46,MNISTConvNet,MNIST conv filters=32 kernel=7 stride=2 lr=1e-02,1.0,0.01,Adam,2,0,512,64,2.302283437019862,0.0006636478686532499,0.888671875,full_conv_patch_and_classifier_activation,1.9722910399104752,1.5957928552855218,1.2638887229714935,3.858561711741684e-05,5.1674305191208094e-05,"[[0.00825791275500538,0.0011915594808156334,0.0009530384563556816,0.0006200232298324396,0.0005340341345182638,0.0003527297326782328,0.00030012844615553784,0.0002147407264156082,0.00018119436684480128,0.00015077716926131408,0.00013928858214941981,9.900300754448805e-05,7.900622492511211e-05,7.58320600649738e-05,6.292031809631852e-05,5.566115107567574e-05,5.138726247656523e-05,4.707832213707715e-05,3.943012817739957e-05,3.657259968009944e-05,3.0627241115394045e-05,2.7433372271237084e-05,2.4200710978415883e-05,2.0340472974176692e-05,1.9064210195086586e-05,1.856397774929521e-05,1.442062596277911e-05,1.3360372191981319e-05,1.1322137589353011e-05,9.152200379029755e-06,7.505243684577618e-06,4.375043722972156e-06],[0.013600256237598172,0.0007111909387793444,0.0005434732095379106,0.0003441249770474674,0.00016739308408397018,0.00015591273253126944,0.00010787331854618763,0.00010002504941253906,7.866437211958113e-05,8.094841576607151e-19]]","[[486.7469956954346,254.87905103727837,216.78189977852952,181.48034224900442,148.00789297796265,138.4572552275255,127.6167318572432,104.06647556993836,91.33859260302864,88.14749526844344,87.10780983922493,72.04824868313176,66.23328882684137,59.98391986945949,56.140411533208955,54.45981203005132,50.68927673314143,45.62513979877622,43.68144988901508,41.68442868823515,36.31823533870285,35.81283475873343,35.378821663203965,33.92792777873004,30.789683614752427,30.73592896969273,29.844017108914954,27.26066835754155,27.137480225179623,25.50088652415177,25.32582961059101,24.682447382142144,24.035985046853575,23.795098589057094,22.252635682782685,21.741758923632204,20.88189116725893,20.230110791191837,19.56648790783419,19.342466234382233,18.412075392793785,17.64769273542979,16.71468864753443,16.478450426833934,15.664906398627155,14.917052642026235,14.32450260066382,13.654128567672489,12.806041615073447],[2.195364182650116,0.08494140121823136,0.05372623945276612,0.04880186006229891,0.030620311078964943,0.02764847474792309,0.02064120362187693,0.0182173270590932,0.01704793181991004,0.015937860064676714,0.014984918185748873,0.012988050653274548,0.012427325573022346,0.010548886972259726,0.009855193336767508,0.009008119691720239,0.008883443812865134,0.008449168388471678,0.007468232524106525,0.007169510444816262,0.006896503296116615,0.006585259194209967,0.006278301484089783,0.005994316314304689,0.005764015749621706,0.005020785076609537,0.0047626377842950995,0.0046657738344042295,0.004336399094268366,0.0033090355629125713,0.0028240191812990466,0.0007917456579935959]]","[[0.05205793752109435,0.01575469768562611,0.010510284346359072,0.009596130364497895,0.00924588790992149,0.007793416820810731,0.006661704737888126,0.006184461224762178,0.005795251973504265,0.005279890434282776,0.004224445827903581,0.0034858855369003733,1.3123536973478025e-05,9.209017571257303e-06,1.585554478000524e-06,1.3711199642571195e-06,6.347132819234663e-07,3.769835958916756e-07,2.9899012282806356e-07,2.1296844716087118e-07,1.5429946428266152e-07,1.460496655519936e-07,1.1841717416850073e-07,9.12805181388998e-08,8.441530271273446e-08,7.037338836094289e-08,2.774327059401336e-08,2.334176217618861e-08,1.4554990936613988e-08,8.962119007905068e-09,5.8881885365572414e-09,2.661305040854392e-09],[0.024068838253669393,0.007736803638609348,0.005242901414636335,0.004513326638999224,0.003904408644512914,0.0036442775665107697,0.0018300234336122972,2.533454692165194e-06,1.6044503439885394e-07,5.696178655180343e-08]]",4.485809840274503,1.2627427573538963,0.26427512091599453,0.08211871891737609,0.2916672072829551,0.0005553947146715889,0.5340230263469257,0.008569926502506634,0.06480740698407862,0.05205793752109435,0.14599442350159675,0.15180105571048014,0.04835429205559194,32,7,2
47,MNISTConvNet,MNIST conv filters=32 kernel=7 stride=2 lr=1e-02,1.0,0.01,Muon,2,0,512,64,2.302283437019862,0.00030628766279860997,0.888671875,full_conv_patch_and_classifier_activation,1.9722910399104752,1.5957928552855218,1.2638887229714935,3.858561711741684e-05,5.1674305191208094e-05,"[[0.00825791275500538,0.0011915594808156334,0.0009530384563556816,0.0006200232298324396,0.0005340341345182638,0.0003527297326782328,0.00030012844615553784,0.0002147407264156082,0.00018119436684480128,0.00015077716926131408,0.00013928858214941981,9.900300754448805e-05,7.900622492511211e-05,7.58320600649738e-05,6.292031809631852e-05,5.566115107567574e-05,5.138726247656523e-05,4.707832213707715e-05,3.943012817739957e-05,3.657259968009944e-05,3.0627241115394045e-05,2.7433372271237084e-05,2.4200710978415883e-05,2.0340472974176692e-05,1.9064210195086586e-05,1.856397774929521e-05,1.442062596277911e-05,1.3360372191981319e-05,1.1322137589353011e-05,9.152200379029755e-06,7.505243684577618e-06,4.375043722972156e-06],[0.013600256237598172,0.0007111909387793444,0.0005434732095379106,0.0003441249770474674,0.00016739308408397018,0.00015591273253126944,0.00010787331854618763,0.00010002504941253906,7.866437211958113e-05,8.094841576607151e-19]]","[[486.7469956954346,254.87905103727837,216.78189977852952,181.48034224900442,148.00789297796265,138.4572552275255,127.6167318572432,104.06647556993836,91.33859260302864,88.14749526844344,87.10780983922493,72.04824868313176,66.23328882684137,59.98391986945949,56.140411533208955,54.45981203005132,50.68927673314143,45.62513979877622,43.68144988901508,41.68442868823515,36.31823533870285,35.81283475873343,35.378821663203965,33.92792777873004,30.789683614752427,30.73592896969273,29.844017108914954,27.26066835754155,27.137480225179623,25.50088652415177,25.32582961059101,24.682447382142144,24.035985046853575,23.795098589057094,22.252635682782685,21.741758923632204,20.88189116725893,20.230110791191837,19.56648790783419,19.342466234382233,18.412075392793785,17.64769273542979,16.71468864753443,16.478450426833934,15.664906398627155,14.917052642026235,14.32450260066382,13.654128567672489,12.806041615073447],[2.195364182650116,0.08494140121823136,0.05372623945276612,0.04880186006229891,0.030620311078964943,0.02764847474792309,0.02064120362187693,0.0182173270590932,0.01704793181991004,0.015937860064676714,0.014984918185748873,0.012988050653274548,0.012427325573022346,0.010548886972259726,0.009855193336767508,0.009008119691720239,0.008883443812865134,0.008449168388471678,0.007468232524106525,0.007169510444816262,0.006896503296116615,0.006585259194209967,0.006278301484089783,0.005994316314304689,0.005764015749621706,0.005020785076609537,0.0047626377842950995,0.0046657738344042295,0.004336399094268366,0.0033090355629125713,0.0028240191812990466,0.0007917456579935959]]","[[0.010000000000000009,0.010000000000000007,0.010000000000000007,0.010000000000000005,0.010000000000000005,0.010000000000000005,0.010000000000000005,0.010000000000000004,0.010000000000000004,0.010000000000000004,0.010000000000000004,0.010000000000000004,0.010000000000000002,0.010000000000000002,0.010000000000000002,0.010000000000000002,0.010000000000000002,0.010000000000000002,0.010000000000000002,0.010000000000000002,0.010000000000000002,0.010000000000000002,0.010000000000000002,0.010000000000000002,0.009999999999999998,0.009999999999999998,0.009999999999999998,0.009999999999999998,0.009999999999999998,0.009999999999999998,0.009999999999999998,0.009999999999999997],[0.010000000000000007,0.010000000000000004,0.010000000000000004,0.010000000000000002,0.01,0.009999999999999998,0.009999999999999998,0.009999999999999997,0.009999999999999995,0.009999999999999993]]",21.0,20.99999999999997,1.0,0.9999999999999987,0.9999999999999986,0.00029451597682680767,0.2831829491671943,0.004544480184173425,0.06480740698407861,0.010000000000000009,0.14599442350159672,0.16320288622350332,0.0928727078717202,32,7,2
46,MNISTConvNet,MNIST conv filters=32 kernel=7 stride=2 lr=1e-02,1.0,0.01,Adam,2,1,512,64,2.3022742892168493,0.0006889903673146236,0.900390625,full_conv_patch_and_classifier_activation,1.7414699628373969,1.5949586688940096,1.1303782979926265,3.435562317757266e-05,4.2393414552343664e-05,"[[0.007708784055972617,0.0007124738637592898,0.0005706546998801313,0.0004971074177079801,0.0003531225817203795,0.00032036958474578953,0.0002490979168448843,0.00021765171881125704,0.00014734954873266037,0.00012446156421375753,0.00010389082509869947,8.454119566569615e-05,7.033559715491757e-05,6.140020356928738e-05,5.801655973061492e-05,5.2336483661074924e-05,4.664644009956447e-05,4.483994639096755e-05,4.154162627201001e-05,3.825891558630185e-05,3.441501540301579e-05,2.99402547982131e-05,2.6661514973874495e-05,2.040488827164244e-05,1.7632091035412515e-05,1.4933760897130362e-05,1.3675292514353894e-05,1.1993771493606103e-05,9.384307456298063e-06,7.328093192560319e-06,6.113186009623895e-06,4.168573405192568e-06],[0.01760748172850504,0.0006767839477683439,0.0003692522544095637,0.0003530476540136225,0.0002255777747818614,0.00011835807093915138,9.8357790699818e-05,8.167358234982064e-05,7.188051063889188e-05,1.701400004583759e-18]]","[[486.7469956954346,254.87905103727837,216.78189977852952,181.48034224900442,148.00789297796265,138.4572552275255,127.6167318572432,104.06647556993836,91.33859260302864,88.14749526844344,87.10780983922493,72.04824868313176,66.23328882684137,59.98391986945949,56.140411533208955,54.45981203005132,50.68927673314143,45.62513979877622,43.68144988901508,41.68442868823515,36.31823533870285,35.81283475873343,35.378821663203965,33.92792777873004,30.789683614752427,30.73592896969273,29.844017108914954,27.26066835754155,27.137480225179623,25.50088652415177,25.32582961059101,24.682447382142144,24.035985046853575,23.795098589057094,22.252635682782685,21.741758923632204,20.88189116725893,20.230110791191837,19.56648790783419,19.342466234382233,18.412075392793785,17.64769273542979,16.71468864753443,16.478450426833934,15.664906398627155,14.917052642026235,14.32450260066382,13.654128567672489,12.806041615073447],[3.007899816473673,0.09089521751777074,0.048380813548570094,0.03837318952926603,0.03359484543154829,0.0233713441074505,0.021700969062803156,0.020521300340109964,0.018368924681295584,0.01695442060014953,0.014844389310951256,0.013701540620135547,0.012602924484894397,0.010845835140103184,0.009245412720586568,0.008847269708828846,0.008519823079295458,0.008138417379281315,0.007801182649619244,0.006690922842601773,0.00653879822030379,0.005982955779221392,0.005638297755562155,0.005307754218674814,0.004833260423855362,0.0046342140907446325,0.004294299776283002,0.004165647469899091,0.0038137989784211533,0.002996718300822414,0.0026307147800855614,0.0015393156606701936]]","[[0.052211433790933105,0.013966357711717718,0.011439517408989002,0.011036946536232729,0.007912114655912284,0.006022690445619349,0.005302151747144709,0.004655243126545808,0.004016286450792968,0.00363841755558673,0.002352195356366697,0.002214980069353651,0.001726735026302521,0.001118800287492213,0.001085778363978631,0.0008253778347274388,0.0007269301025994121,0.0006682404807078245,0.0005577456843471115,0.0003448825040153665,0.00032522012386743295,0.0003136369955877402,0.00027300519448215954,0.00018897575489526546,0.00017839255105397292,0.00016374032244166183,0.00014700856989969472,0.00010640545178505209,6.73518672669583e-05,5.224913478923087e-05,3.667670721286603e-05,1.6978184839165786e-05],[0.026443001217983188,0.005797572951727665,0.0055002718359510655,0.004597608857696978,0.0025931559642958135,0.0018405548020201908,0.0013452722317392463,0.0010554291825891173,0.0006349701772724482,0.0003352797861055807]]",4.227580907958481,1.1886146422833481,0.2404493637220786,0.07636423810005871,0.2975615421217083,0.0005511516800071772,0.44277533976614375,0.00853710518748702,0.06455955126510678,0.052211433790933105,0.14298077107632992,0.15123074360801808,0.1397500829771161,32,7,2
47,MNISTConvNet,MNIST conv filters=32 kernel=7 stride=2 lr=1e-02,1.0,0.01,Muon,2,1,512,64,2.3023298867895967,0.0002898315587724909,0.888671875,full_conv_patch_and_classifier_activation,1.9277444242344963,1.59571159387538,1.2396572258078247,3.432335274330376e-05,4.546892850164813e-05,"[[0.007408238178172412,0.0008327266096707708,0.0007743639637351061,0.0005573503146412202,0.00038273763005900466,0.00033890974662709303,0.0002629025075682123,0.0002121160711799639,0.0001608412522725399,0.00014362368343745773,0.0001174790849347538,9.716231496680634e-05,8.939102634034389e-05,8.415492770869729e-05,7.105392670916454e-05,6.354713843522279e-05,5.835152589612613e-05,5.097424812346152e-05,4.488514839173804e-05,3.615783832450349e-05,2.890122271423274e-05,2.5331414583526802e-05,2.3637725417487392e-05,2.2756677856797152e-05,2.10668936460287e-05,1.8127655727081264e-05,1.6481845736626497e-05,1.4072662914546075e-05,1.1594839175025257e-05,1.1041465774622867e-05,1.0080588818335378e-05,6.684927467207241e-06],[0.013931460226253726,0.0007249686248824981,0.0004697556518237078,0.0003225028844119506,0.00026731359031037337,0.00012523517956953742,0.00010208762825788381,8.524622072064231e-05,7.253296125434044e-05,9.448129969397996e-19]]","[[486.7469956954346,254.87905103727837,216.78189977852952,181.48034224900442,148.00789297796265,138.4572552275255,127.6167318572432,104.06647556993836,91.33859260302864,88.14749526844344,87.10780983922493,72.04824868313176,66.23328882684137,59.98391986945949,56.140411533208955,54.45981203005132,50.68927673314143,45.62513979877622,43.68144988901508,41.68442868823515,36.31823533870285,35.81283475873343,35.378821663203965,33.92792777873004,30.789683614752427,30.73592896969273,29.844017108914954,27.26066835754155,27.137480225179623,25.50088652415177,25.32582961059101,24.682447382142144,24.035985046853575,23.795098589057094,22.252635682782685,21.741758923632204,20.88189116725893,20.230110791191837,19.56648790783419,19.342466234382233,18.412075392793785,17.64769273542979,16.71468864753443,16.478450426833934,15.664906398627155,14.917052642026235,14.32450260066382,13.654128567672489,12.806041615073447],[2.383829106120111,0.09043299176649618,0.058746625041857244,0.05019305153356804,0.03134645724557402,0.029388894400948253,0.023035365898335,0.01908300479336824,0.017487397944925324,0.016882414201603576,0.016133706505732065,0.013501633083289988,0.012787062543873113,0.011566925899996491,0.009736958010913347,0.009094941204101792,0.008834886693291364,0.008537088167730297,0.007663148612644281,0.007393946847973346,0.007016747814332837,0.006920242418686725,0.006297632449108586,0.005875836612743123,0.005787851615913758,0.005239512892890388,0.00512369484984627,0.004625216066854213,0.004133861457305046,0.004041659084043771,0.0036489407903262166,0.001372171884152684]]","[[0.010000000000000007,0.010000000000000007,0.010000000000000005,0.010000000000000004,0.010000000000000004,0.010000000000000004,0.010000000000000004,0.010000000000000004,0.010000000000000002,0.010000000000000002,0.010000000000000002,0.010000000000000002,0.010000000000000002,0.010000000000000002,0.010000000000000002,0.010000000000000002,0.010000000000000002,0.010000000000000002,0.010000000000000002,0.01,0.01,0.01,0.01,0.009999999999999998,0.009999999999999998,0.009999999999999998,0.009999999999999998,0.009999999999999998,0.009999999999999997,0.009999999999999997,0.009999999999999995,0.009999999999999995],[0.010000000000000002,0.010000000000000002,0.010000000000000002,0.010000000000000002,0.009999999999999998,0.009999999999999998,0.009999999999999998,0.009999999999999997,0.009999999999999997,0.009999999999999995]]",21.0,20.99999999999998,1.0,0.9999999999999991,0.9999999999999991,0.0002809784802451079,0.2731087613510351,0.004335592076907761,0.06480740698407861,0.010000000000000007,0.14298077107632987,0.15911405793800162,0.18423220794647932,32,7,2
46,MNISTConvNet,MNIST conv filters=32 kernel=7 stride=2 lr=1e-02,1.0,0.01,Adam,2,2,512,64,2.3027577075640644,0.000327635797321868,0.88671875,full_conv_patch_and_classifier_activation,2.120298027428852,1.594505114180277,1.316086217719488,1.792418211975902e-05,2.2931729911618212e-05,"[[0.004659736241952359,0.0007312119013809229,0.0006232257768511802,0.00040770737766028666,0.0002838402682383156,0.00025078872893905186,0.00017495242169206985,0.00015448706646201314,0.00011927903835573286,0.00011189643424518269,9.406394712259634e-05,9.350941614434885e-05,7.924479341632723e-05,6.357380666778179e-05,5.699783883824205e-05,4.432341539077099e-05,4.173362344382246e-05,3.6166493206537404e-05,3.506058892394221e-05,2.9258694244918606e-05,2.77781359161101e-05,2.3631568801628537e-05,2.077105914704903e-05,1.719577505833797e-05,1.665932236704121e-05,1.2952324342898248e-05,1.2488978822243722e-05,1.0995601742362377e-05,1.0465005742528795e-05,8.22976156145647e-06,6.995647293803556e-06,4.149874425674155e-06],[0.017714064986711298,0.0006938303027620053,0.0004417804016636865,0.0003498450593405221,0.0003353328996938581,0.0002462006236918156,0.00014277006813193232,8.730177046711152e-05,6.650704854814301e-05,1.840233926661293e-18]]","[[486.7469956954346,254.87905103727837,216.78189977852952,181.48034224900442,148.00789297796265,138.4572552275255,127.6167318572432,104.06647556993836,91.33859260302864,88.14749526844344,87.10780983922493,72.04824868313176,66.23328882684137,59.98391986945949,56.140411533208955,54.45981203005132,50.68927673314143,45.62513979877622,43.68144988901508,41.68442868823515,36.31823533870285,35.81283475873343,35.378821663203965,33.92792777873004,30.789683614752427,30.73592896969273,29.844017108914954,27.26066835754155,27.137480225179623,25.50088652415177,25.32582961059101,24.682447382142144,24.035985046853575,23.795098589057094,22.252635682782685,21.741758923632204,20.88189116725893,20.230110791191837,19.56648790783419,19.342466234382233,18.412075392793785,17.64769273542979,16.71468864753443,16.478450426833934,15.664906398627155,14.917052642026235,14.32450260066382,13.654128567672489,12.806041615073447],[4.190769064139699,0.08931637064517894,0.04536333038146015,0.03920610283922534,0.03658151498731417,0.02649074353566799,0.021958755814106966,0.02033190728232145,0.01944402460406516,0.016177989694159168,0.014247286427781333,0.012890094289074746,0.011524535979682199,0.010212636734133392,0.009474339627485867,0.008670816727017923,0.007738712109688165,0.007456926718108841,0.0067581105121847125,0.006507186510902407,0.006264279136640147,0.005413360480311295,0.004598769191568011,0.004323373891495889,0.004048882020205326,0.003901215345610102,0.003566212664583301,0.003510690521947598,0.0029824757010033652,0.002560293305067376,0.0025220015971640923,0.0023131766943580803]]","[[0.05205302648221215,0.015203024380623393,0.009706817128798024,0.009225326022819485,0.007559794684551266,0.00681770923989162,0.005664143724284744,0.005021253869588486,0.004071829945507129,0.0034655333008967717,0.002742576413707513,0.002498148911997228,0.0022632025798843746,0.0019284307435238754,0.0017025935663187407,0.0015088872246351518,0.0014157251576247753,0.0009239097942431378,0.0008575402744188065,0.0007130180234355527,0.0006524099334456379,0.0005616076096366237,0.0004570076156231283,0.0003782192453247298,0.0003622907305144705,0.0002983694249572225,0.00019067260755540157,0.00016007263138856682,0.00013453240309310168,0.00011239406213379649,7.197705875206317e-05,4.944487687386736e-05],[0.025757833571763637,0.010351341503557248,0.006855144973603102,0.004432203279793384,0.003294163103403021,0.00302933695929402,0.0020380395824905937,0.0014905395115661095,0.0013502031094932603,0.0006034784640451708]]",4.904440940985198,1.2693768705856563,0.2924126412496047,0.0845285173617781,0.26827289038479035,0.0002774381519956243,0.2326626035444342,0.004276570090474477,0.06487398689280995,0.05205302648221215,0.13883633995340294,0.14817711744592416,0.23053020797669888,32,7,2
47,MNISTConvNet,MNIST conv filters=32 kernel=7 stride=2 lr=1e-02,1.0,0.01,Muon,2,2,512,64,2.302661964625823,0.00022766125085960098,0.896484375,full_conv_patch_and_classifier_activation,2.624577973478683,1.5957034946033815,1.615637510240381,1.787160651983e-05,2.7471197003969912e-05,"[[0.004745064619814943,0.0012064110651607216,0.0007539032943005361,0.000552863447049709,0.0003962936391460925,0.0003026200933639017,0.00025504397902174864,0.0002054108162034558,0.00015285671380071812,0.00015010957397074942,0.00012203191806851201,0.00011314150267223124,8.69129989354021e-05,8.24856553466876e-05,6.621510057838005e-05,6.350503908540881e-05,5.732943341217664e-05,5.0445973523646045e-05,4.49290904109775e-05,4.299232849507758e-05,3.8009035460350695e-05,3.5897475151451725e-05,2.7766372303345398e-05,2.6422548434317758e-05,2.0699620695613193e-05,2.0048560546477916e-05,1.806018869007953e-05,1.4333457848254868e-05,1.1322060277616353e-05,9.935199679045888e-06,8.048267635877522e-06,5.6093827956301175e-06],[0.010712708636523533,0.0007641138362576521,0.0005506236283138059,0.0003679731851740735,0.0003351666702761899,0.00029275379938155496,0.00013943723867513766,0.00011338411555332727,0.00010068531046276757,8.1554177366346505e-19]]","[[486.7469956954346,254.87905103727837,216.78189977852952,181.48034224900442,148.00789297796265,138.4572552275255,127.6167318572432,104.06647556993836,91.33859260302864,88.14749526844344,87.10780983922493,72.04824868313176,66.23328882684137,59.98391986945949,56.140411533208955,54.45981203005132,50.68927673314143,45.62513979877622,43.68144988901508,41.68442868823515,36.31823533870285,35.81283475873343,35.378821663203965,33.92792777873004,30.789683614752427,30.73592896969273,29.844017108914954,27.26066835754155,27.137480225179623,25.50088652415177,25.32582961059101,24.682447382142144,24.035985046853575,23.795098589057094,22.252635682782685,21.741758923632204,20.88189116725893,20.230110791191837,19.56648790783419,19.342466234382233,18.412075392793785,17.64769273542979,16.71468864753443,16.478450426833934,15.664906398627155,14.917052642026235,14.32450260066382,13.654128567672489,12.806041615073447],[2.547976456106831,0.096593023863812,0.06509365754844813,0.049703932594760775,0.03411560772209202,0.02982390048609853,0.025878580311956022,0.02106768896641753,0.019061622193414604,0.018016087457523956,0.01667304486219363,0.014013491620375232,0.013822270478751883,0.01239207012503855,0.010802035733086352,0.009964626388563321,0.009783978551674045,0.00895872446880969,0.008464132727430167,0.007935890622651228,0.007299299381736405,0.006803179727762682,0.006537498533839296,0.006276313165642784,0.005931659495035885,0.005300539845986947,0.005028975811458237,0.004927775871600094,0.0045987553436949375,0.004325297469171493,0.0038770719512683837,0.001840768597004748]]","[[0.01000000000000001,0.010000000000000009,0.010000000000000007,0.010000000000000007,0.010000000000000007,0.010000000000000005,0.010000000000000005,0.010000000000000005,0.010000000000000005,0.010000000000000005,0.010000000000000005,0.010000000000000005,0.010000000000000004,0.010000000000000004,0.010000000000000004,0.010000000000000004,0.010000000000000004,0.010000000000000004,0.010000000000000004,0.010000000000000004,0.010000000000000004,0.010000000000000004,0.010000000000000004,0.010000000000000004,0.010000000000000004,0.010000000000000004,0.01,0.01,0.01,0.01,0.01,0.01],[0.010000000000000005,0.01,0.01,0.009999999999999998,0.009999999999999998,0.009999999999999997,0.009999999999999997,0.009999999999999995,0.009999999999999992,0.00999999999999999]]",21.000000000000007,20.99999999999997,1.0000000000000004,0.9999999999999984,0.9999999999999981,0.00023063564872497186,0.29934523658788836,0.0035587853218943424,0.06480740698407861,0.01000000000000001,0.13883633995340292,0.15294171253558855,0.27491162484511733,32,7,2
46,MNISTConvNet,MNIST conv filters=32 kernel=7 stride=2 lr=1e-02,1.0,0.01,Adam,2,3,512,64,2.3027647431003055,0.00042966234493668765,0.88671875,full_conv_patch_and_classifier_activation,2.2122009344245464,1.5943730732107313,1.3431261763182674,1.766047412096237e-05,2.161552951984248e-05,"[[0.004030042420042932,0.0006984923787493958,0.0004267170762232986,0.0003990463345257173,0.00036948418495518864,0.00027598502996159367,0.00020237564254489522,0.00015143160994151352,0.00013040436552314025,0.00012057847932441872,0.00010219139017496945,7.391933004514198e-05,6.113333668192409e-05,5.628856122015023e-05,5.182547619926033e-05,4.580930775844589e-05,3.6188248336554316e-05,3.099995089185999e-05,2.6837582806559314e-05,2.6656649804057808e-05,2.334462945919874e-05,2.189232741314848e-05,2.135421698929245e-05,1.628125211234846e-05,1.5444594513492577e-05,1.1924967660701228e-05,9.567871233401373e-06,8.626483649449759e-06,7.334435154233416e-06,4.854417081921922e-06,4.406568589056684e-06,2.6745730563740666e-06],[0.02172823959635661,0.0006944862249427395,0.0005127185960806156,0.0003620885985428226,0.0002998717041249093,0.00017581564613461146,0.0001383107576560897,0.00010025540155948965,6.08514931848971e-05,1.185808691275133e-18]]","[[486.7469956954346,254.87905103727837,216.78189977852952,181.48034224900442,148.00789297796265,138.4572552275255,127.6167318572432,104.06647556993836,91.33859260302864,88.14749526844344,87.10780983922493,72.04824868313176,66.23328882684137,59.98391986945949,56.140411533208955,54.45981203005132,50.68927673314143,45.62513979877622,43.68144988901508,41.68442868823515,36.31823533870285,35.81283475873343,35.378821663203965,33.92792777873004,30.789683614752427,30.73592896969273,29.844017108914954,27.26066835754155,27.137480225179623,25.50088652415177,25.32582961059101,24.682447382142144,24.035985046853575,23.795098589057094,22.252635682782685,21.741758923632204,20.88189116725893,20.230110791191837,19.56648790783419,19.342466234382233,18.412075392793785,17.64769273542979,16.71468864753443,16.478450426833934,15.664906398627155,14.917052642026235,14.32450260066382,13.654128567672489,12.806041615073447],[5.176038531210413,0.08960655601152381,0.05411034902395175,0.04293075496643353,0.03916754333862119,0.02739771917126161,0.022889697948320124,0.022161892446665377,0.019446831669666514,0.015498240454149815,0.012795241520607221,0.011826262970207762,0.011602655809185899,0.010188127819697875,0.0093309091298827,0.008988524734850054,0.008410299659649578,0.007984549039021228,0.006598713267218563,0.0062139724419599624,0.005909054006619875,0.0050912254163951775,0.004497777268926037,0.004292926490180952,0.004110739974578465,0.003700777924557611,0.0034308993220374248,0.002915592268374426,0.0023279791839523733,0.0021650156852903966,0.00205965164406459,0.0016840143923749589]]","[[0.05363397198998025,0.017881352485544347,0.011851107758061368,0.009562412943827887,0.007640940988493262,0.006606225374003896,0.004591994059684993,0.00430868995138098,0.003917941508011569,0.0033463545990076752,0.0030219887811583925,0.0027161155416559283,0.0021935377883701107,0.0017893226075148634,0.0016639226954661024,0.0013641288089655762,0.0011654241378601202,0.0009487440328890105,0.0008102915585339578,0.0006942814978028646,0.0005924352583542164,0.0005136938450490381,0.0004303017419066246,0.00039601539267259897,0.00036409574399707303,0.0003115019078690475,0.00028563979931830964,0.00018230300981010887,0.00014537806961248067,9.923830637481311e-05,7.89377336570816e-05,6.238704422634809e-05],[0.024053437238008592,0.010698748924505962,0.008782163824797769,0.003744107436472872,0.0036526897929386334,0.002725066011413831,0.002309229797177305,0.0018876706349450821,0.001306520763081503,0.0006767057559045582]]",5.016973038578296,1.3362073288492504,0.3076077523560674,0.0902385408543586,0.27247858314274775,0.0003931954093990158,0.266232343687878,0.005896662889927537,0.06668100529719238,0.05363397198998025,0.13712082642333995,0.14170194145105036,0.32151499995961785,32,7,2
47,MNISTConvNet,MNIST conv filters=32 kernel=7 stride=2 lr=1e-02,1.0,0.01,Muon,2,3,512,64,2.3024652022561765,0.00022715648776960862,0.896484375,full_conv_patch_and_classifier_activation,2.842266185442463,1.596113400215335,1.725607255806705,1.8589721754601795e-05,2.9315055094148176e-05,"[[0.004126985487013637,0.0011090508787025034,0.000762624679258647,0.0006435709123496559,0.00045578656458386253,0.00030495733872105084,0.0002223260295231825,0.0001766553401136331,0.00014724772178596732,0.00012663848383907315,0.00010903530186515081,9.932124255466545e-05,8.833530655865097e-05,7.952412726679535e-05,7.061529207516717e-05,6.003272758306006e-05,5.8882409625995256e-05,4.8314696805683024e-05,4.527014391854131e-05,3.9000533426366134e-05,3.463697709479029e-05,3.0324716165384167e-05,2.853132021539794e-05,2.1981081051430187e-05,2.0841604515994133e-05,1.8034750193824796e-05,1.60854325625703e-05,1.38576360691174e-05,1.2919239246606206e-05,9.176357657886961e-06,8.803777054564896e-06,7.139209352551013e-06],[0.010638813931779212,0.0008358103147837162,0.0006797586142783698,0.0004463210173800159,0.00026190811326972746,0.0002242836864497462,0.00018029216705752886,0.00012681285432875405,8.396229665302779e-05,6.943473162710047e-19]]","[[486.7469956954346,254.87905103727837,216.78189977852952,181.48034224900442,148.00789297796265,138.4572552275255,127.6167318572432,104.06647556993836,91.33859260302864,88.14749526844344,87.10780983922493,72.04824868313176,66.23328882684137,59.98391986945949,56.140411533208955,54.45981203005132,50.68927673314143,45.62513979877622,43.68144988901508,41.68442868823515,36.31823533870285,35.81283475873343,35.378821663203965,33.92792777873004,30.789683614752427,30.73592896969273,29.844017108914954,27.26066835754155,27.137480225179623,25.50088652415177,25.32582961059101,24.682447382142144,24.035985046853575,23.795098589057094,22.252635682782685,21.741758923632204,20.88189116725893,20.230110791191837,19.56648790783419,19.342466234382233,18.412075392793785,17.64769273542979,16.71468864753443,16.478450426833934,15.664906398627155,14.917052642026235,14.32450260066382,13.654128567672489,12.806041615073447],[2.4841723996767473,0.10064112579449584,0.08202016211362809,0.05148319999062068,0.03665997420693019,0.02915455531966148,0.027479746654899925,0.02134984928601574,0.020767435160632158,0.01881016276817875,0.018135639495086953,0.01588773364033104,0.014631971267463179,0.0126964933177377,0.011133263855693805,0.01097745097919005,0.009990554913214406,0.009450084078273505,0.008672147728310237,0.008323072543091873,0.0077775057571454085,0.007408805426988888,0.006448782047599631,0.006224893307052654,0.005822064510538005,0.0048526291925096885,0.004759939403046602,0.004429892941330876,0.004190513578855218,0.004088986499784269,0.004065208980835103,0.0022502296930675485]]","[[0.010000000000000007,0.010000000000000004,0.010000000000000004,0.010000000000000002,0.010000000000000002,0.01,0.01,0.01,0.01,0.01,0.01,0.009999999999999998,0.009999999999999998,0.009999999999999998,0.009999999999999998,0.009999999999999998,0.009999999999999998,0.009999999999999998,0.009999999999999998,0.009999999999999997,0.009999999999999997,0.009999999999999997,0.009999999999999997,0.009999999999999997,0.009999999999999997,0.009999999999999997,0.009999999999999997,0.009999999999999997,0.009999999999999995,0.009999999999999995,0.009999999999999995,0.009999999999999993],[0.010000000000000002,0.010000000000000002,0.010000000000000002,0.010000000000000002,0.009999999999999998,0.009999999999999998,0.009999999999999998,0.009999999999999997,0.009999999999999995,0.009999999999999995]]",21.0,20.999999999999968,1.0,0.9999999999999988,0.9999999999999988,0.00022474470314731503,0.29907298378297176,0.0034678860581866624,0.06480740698407858,0.010000000000000007,0.13712082642333995,0.14879492406783595,0.3667294168844819,32,7,2
46,MNISTConvNet,MNIST conv filters=32 kernel=7 stride=2 lr=1e-02,1.0,0.01,Adam,2,4,512,64,2.301105770891734,0.001135395228794689,0.88671875,full_conv_patch_and_classifier_activation,1.5858814485099968,1.5943460580732745,1.0387784137382856,2.9060054804409688e-05,3.36272083839162e-05,"[[0.009702415645809018,0.0009677696004316961,0.0006327709270620445,0.00047102672618461953,0.0004106030706508182,0.00030828255859696187,0.00024679258365270393,0.00016287948180236439,0.00015539236811766208,0.00012389602164948957,0.00011400824272681667,8.648857492802044e-05,8.091127084560633e-05,6.379070231111544e-05,5.408802541311234e-05,5.115436029849008e-05,4.497585164159735e-05,3.8834104236538097e-05,3.1295481609677626e-05,2.8328481769467836e-05,2.3219141354832406e-05,2.0714250120702834e-05,1.8289415289919302e-05,1.5570538020730454e-05,1.5017030906437957e-05,1.1948559070677077e-05,1.0229393182602261e-05,6.767825727182375e-06,5.290919096960957e-06,5.1220921855489345e-06,3.50656415575216e-06,2.498011454930908e-06],[0.032840431415611375,0.0007940093750545927,0.0005842649180472328,0.00039998165095156695,0.00020430199072679636,0.00018704257325343244,0.0001585655823052417,0.00010504318911282421,8.464296580834853e-05,2.5809767643552483e-18]]","[[486.7469956954346,254.87905103727837,216.78189977852952,181.48034224900442,148.00789297796265,138.4572552275255,127.6167318572432,104.06647556993836,91.33859260302864,88.14749526844344,87.10780983922493,72.04824868313176,66.23328882684137,59.98391986945949,56.140411533208955,54.45981203005132,50.68927673314143,45.62513979877622,43.68144988901508,41.68442868823515,36.31823533870285,35.81283475873343,35.378821663203965,33.92792777873004,30.789683614752427,30.73592896969273,29.844017108914954,27.26066835754155,27.137480225179623,25.50088652415177,25.32582961059101,24.682447382142144,24.035985046853575,23.795098589057094,22.252635682782685,21.741758923632204,20.88189116725893,20.230110791191837,19.56648790783419,19.342466234382233,18.412075392793785,17.64769273542979,16.71468864753443,16.478450426833934,15.664906398627155,14.917052642026235,14.32450260066382,13.654128567672489,12.806041615073447],[6.095587639250798,0.1038996331759371,0.06597619846112111,0.04879598383967401,0.039020635022535256,0.026027482247284354,0.023661260682157497,0.022973231793152627,0.019671380150760292,0.016360631808816608,0.014923715545972029,0.014234487396206535,0.011749494923302062,0.01143002991672637,0.009923862545717645,0.009002381676943876,0.007995992436817215,0.00685263000491912,0.006462771348746299,0.006314065337299346,0.0059410498454868016,0.005252705706491927,0.004573395922657452,0.004220543049525392,0.0037460769499407256,0.003619625969409132,0.00320366276421832,0.002756007188508919,0.002220484482342859,0.002009343971907065,0.0015547080046015957,0.0008606947804495418]]","[[0.05552232252670396,0.015031786697213268,0.011203799898125253,0.009640445501983008,0.007087444832615304,0.005901037934176691,0.005243677277569385,0.003937884974199944,0.0031134115020740585,0.0027501685706867287,0.0022229017829406084,0.002075731639394049,0.001910467054749628,0.001770017195307749,0.0016231195320953547,0.000983348409128118,0.0009002897734884961,0.000848268982049439,0.0006890127158643612,0.0006034740326976345,0.0005379574664990048,0.00046284607637712516,0.00042718994991391507,0.0003085338121974373,0.0002516211859856234,0.00022020364584280266,0.00016145118837351333,0.00012206535246445487,9.589518458199399e-05,5.755886264825946e-05,4.6955484331086474e-05,3.632008269415974e-05],[0.0273225961646048,0.00926862583772288,0.00671632419983075,0.00320187922547483,0.003174488493403282,0.0026165153904629014,0.0023494741768972953,0.0014595790289027902,0.0009184323493947568,0.0007488642303515182]]",4.321319003053607,1.2113908038915762,0.2606187682299271,0.07993212655384867,0.2876582914242545,0.0010140772570467664,0.4355902985106932,0.0149368490719056,0.06789097567800445,0.05552232252670396,0.1333903170567675,0.13981792161231538,0.4153121670242399,32,7,2
47,MNISTConvNet,MNIST conv filters=32 kernel=7 stride=2 lr=1e-02,1.0,0.01,Muon,2,4,512,64,2.302218906363042,0.0003142748409783458,0.880859375,full_conv_patch_and_classifier_activation,2.1664600876488698,1.5964637379342719,1.383833020913803,2.978835810024048e-05,4.3376034004816635e-05,"[[0.007842673134615594,0.0012774715770485002,0.0008088580892878719,0.0007300191118530649,0.0004966873671545556,0.0004206239228405725,0.00034901009560213425,0.0002554364554926586,0.0001955373403867147,0.00016448673722244028,0.00013866150373000288,0.0001345419375878663,0.00011970879151163282,0.00010050513722771338,9.016354215434454e-05,7.921671333588545e-05,7.282326651028276e-05,5.594138880032309e-05,4.644739903218199e-05,4.325067633956003e-05,3.832264628819371e-05,3.444219128466773e-05,3.064744148502468e-05,2.517362741850621e-05,2.4809583213634724e-05,2.0069842273403828e-05,1.7957190439681136e-05,1.5193706717452618e-05,1.4584481465357157e-05,1.0095053789580875e-05,8.115026551749587e-06,6.427657462561335e-06],[0.01384496914963837,0.0010344392326831753,0.0006737690095375866,0.0003927011611845579,0.00024703938350952384,0.00022413164731640566,0.00016966261350709767,0.00013526566368627404,0.00010580310050973403,1.6385668464286065e-18]]","[[486.7469956954346,254.87905103727837,216.78189977852952,181.48034224900442,148.00789297796265,138.4572552275255,127.6167318572432,104.06647556993836,91.33859260302864,88.14749526844344,87.10780983922493,72.04824868313176,66.23328882684137,59.98391986945949,56.140411533208955,54.45981203005132,50.68927673314143,45.62513979877622,43.68144988901508,41.68442868823515,36.31823533870285,35.81283475873343,35.378821663203965,33.92792777873004,30.789683614752427,30.73592896969273,29.844017108914954,27.26066835754155,27.137480225179623,25.50088652415177,25.32582961059101,24.682447382142144,24.035985046853575,23.795098589057094,22.252635682782685,21.741758923632204,20.88189116725893,20.230110791191837,19.56648790783419,19.342466234382233,18.412075392793785,17.64769273542979,16.71468864753443,16.478450426833934,15.664906398627155,14.917052642026235,14.32450260066382,13.654128567672489,12.806041615073447],[2.5489066992785068,0.10800093662162556,0.09949767637118614,0.054166596260111714,0.04052393385476351,0.03197762515019461,0.027987970439275117,0.02383154874615482,0.021755414513878985,0.02055535123285283,0.020033778176850536,0.017541852331175625,0.015558176217748075,0.013096240963934476,0.011333031411401908,0.01037974625050106,0.009895637673591135,0.009667374593225857,0.009194753530712784,0.008335082527906205,0.008049691292229525,0.007403502884237642,0.0069359326346591236,0.006478086044082519,0.005773408505219012,0.004948871515285666,0.00480036121408251,0.004671893820147665,0.004340785527945637,0.004218879257765208,0.0038160257528610355,0.0027734260030464037]]","[[0.010000000000000012,0.010000000000000007,0.010000000000000007,0.010000000000000005,0.010000000000000005,0.010000000000000005,0.010000000000000005,0.010000000000000005,0.010000000000000005,0.010000000000000005,0.010000000000000005,0.010000000000000005,0.010000000000000005,0.010000000000000005,0.010000000000000005,0.010000000000000004,0.010000000000000004,0.010000000000000004,0.010000000000000004,0.010000000000000004,0.010000000000000004,0.010000000000000004,0.010000000000000004,0.010000000000000002,0.010000000000000002,0.010000000000000002,0.010000000000000002,0.010000000000000002,0.01,0.01,0.009999999999999998,0.009999999999999995],[0.010000000000000002,0.010000000000000002,0.010000000000000002,0.010000000000000002,0.009999999999999998,0.009999999999999998,0.009999999999999998,0.009999999999999998,0.009999999999999995,0.009999999999999993]]",21.0,20.999999999999968,1.0,0.9999999999999988,0.9999999999999988,0.0003049568359769644,0.2926008726815018,0.00470558613850858,0.06480740698407861,0.010000000000000012,0.13339031705676743,0.14222768081412102,0.4597364170476794,32,7,2
46,MNISTConvNet,MNIST conv filters=32 kernel=7 stride=2 lr=1e-02,1.0,0.01,Adam,2,5,512,64,2.300572622533359,,0.88671875,full_conv_patch_and_classifier_activation,1.5493279850351516,1.5942852129831193,1.0292986034861342,2.521761505774758e-05,2.984928679004512e-05,"[[0.01066179861337551,0.0009477677998068718,0.0007195003449869663,0.0004600333261259045,0.00039560073024230263,0.0002893325367484898,0.00022993444140508436,0.0001883147403828924,0.00014998522746235496,0.00013807652619680864,0.00011234389816499522,9.789899359213888e-05,8.332152711161759e-05,7.121519565691092e-05,5.185936454542203e-05,4.319405818450261e-05,3.869012863221796e-05,3.38140555923736e-05,2.824892745397537e-05,2.2556435536248894e-05,2.0709216357910664e-05,1.8460856143801903e-05,1.7858912636937516e-05,1.390863433013691e-05,1.1904829066402204e-05,9.321418807511546e-06,7.4512928478103515e-06,6.242916409138564e-06,4.98445486836217e-06,4.72074855179022e-06,2.4301376816575593e-06,2.3054076053762596e-06],[0.037516933750385686,0.0011670340659940808,0.000794302348333803,0.0005868104308235622,0.0003392659601166125,0.00014668488318804744,0.00014333838890116817,0.00011864573061590247,5.058634591680357e-05,3.1171798159784346e-18]]","[[486.7469956954346,254.87905103727837,216.78189977852952,181.48034224900442,148.00789297796265,138.4572552275255,127.6167318572432,104.06647556993836,91.33859260302864,88.14749526844344,87.10780983922493,72.04824868313176,66.23328882684137,59.98391986945949,56.140411533208955,54.45981203005132,50.68927673314143,45.62513979877622,43.68144988901508,41.68442868823515,36.31823533870285,35.81283475873343,35.378821663203965,33.92792777873004,30.789683614752427,30.73592896969273,29.844017108914954,27.26066835754155,27.137480225179623,25.50088652415177,25.32582961059101,24.682447382142144,24.035985046853575,23.795098589057094,22.252635682782685,21.741758923632204,20.88189116725893,20.230110791191837,19.56648790783419,19.342466234382233,18.412075392793785,17.64769273542979,16.71468864753443,16.478450426833934,15.664906398627155,14.917052642026235,14.32450260066382,13.654128567672489,12.806041615073447],[7.47767497855903,0.11650408684870357,0.07192645669988806,0.05564469713728796,0.0403521653843749,0.029621578504909218,0.024457842156358635,0.021779470080233582,0.01886147869046566,0.016986293419665725,0.01552841189410532,0.015162547910798317,0.012263125775457257,0.011402145221415767,0.009562158123850702,0.00911730465569063,0.008451782450767773,0.007426581263428896,0.006952170696991426,0.00584789605011254,0.005401621430238206,0.005128710092738429,0.004683137258386451,0.004298715950830944,0.004094532668498106,0.0034605168500240003,0.0032318617670694287,0.002506500176090487,0.002001878228767521,0.001810847479169702,0.0010950899097920473,0.0004178984000723511]]",,,,,,,,,,,,,,0.5086934170685709,32,7,2
47,MNISTConvNet,MNIST conv filters=32 kernel=7 stride=2 lr=1e-02,1.0,0.01,Muon,2,5,512,64,2.3020464416777657,,0.896484375,full_conv_patch_and_classifier_activation,2.2404561269061607,1.596524245742053,1.4659170994114779,2.6293618869210277e-05,4.2985241064594836e-05,"[[0.00852232040653463,0.0011258838432069715,0.0010477468086176704,0.0007253792484612646,0.0005998168657229448,0.0005947018247499431,0.0002773168644657929,0.00023016192138095923,0.0002007853067889064,0.00019137229632921004,0.00015649115319119712,0.00013254533276838799,0.00012478201558640477,0.00011581179565053959,0.00010070346921193755,8.646203204010897e-05,7.232757917740322e-05,6.595706176382696e-05,5.674829843977518e-05,4.571236088699532e-05,4.021469097999133e-05,3.620586833123525e-05,3.099497538142271e-05,2.8361383245076704e-05,2.4779591208186866e-05,2.065293772902197e-05,1.9666103553846336e-05,1.631435957350576e-05,1.5558873260370122e-05,1.3974315571092326e-05,1.1365512484904833e-05,8.401739957135371e-06],[0.013832953127270734,0.0013208183182021752,0.0011289889306980749,0.0005677581797399972,0.0003492493648276278,0.00025846377379536725,0.00021643529418191994,0.00013133919377854734,9.082857574556805e-05,1.2155002653323026e-18]]","[[486.7469956954346,254.87905103727837,216.78189977852952,181.48034224900442,148.00789297796265,138.4572552275255,127.6167318572432,104.06647556993836,91.33859260302864,88.14749526844344,87.10780983922493,72.04824868313176,66.23328882684137,59.98391986945949,56.140411533208955,54.45981203005132,50.68927673314143,45.62513979877622,43.68144988901508,41.68442868823515,36.31823533870285,35.81283475873343,35.378821663203965,33.92792777873004,30.789683614752427,30.73592896969273,29.844017108914954,27.26066835754155,27.137480225179623,25.50088652415177,25.32582961059101,24.682447382142144,24.035985046853575,23.795098589057094,22.252635682782685,21.741758923632204,20.88189116725893,20.230110791191837,19.56648790783419,19.342466234382233,18.412075392793785,17.64769273542979,16.71468864753443,16.478450426833934,15.664906398627155,14.917052642026235,14.32450260066382,13.654128567672489,12.806041615073447],[2.7229691236309854,0.1157365697048308,0.11310585476955035,0.05302788046984316,0.04382206265351769,0.03384430808454198,0.029027558378543598,0.024974082903394618,0.022392245662476797,0.02202304359640041,0.020443597051653835,0.017862281321314736,0.01649153842476036,0.014015849510932904,0.01173143417420225,0.011566447056394029,0.010958023674329577,0.01026109638509731,0.00972034950271095,0.008945243938277989,0.008126131017979054,0.00784790286815956,0.007330082334774781,0.006994937607231966,0.006531403331324153,0.00578155984899886,0.005306707863108828,0.004980513616204568,0.004884238971407962,0.0046742699978111315,0.004304997476164998,0.003316751349136415]]",,,,,,,,,,,,,,0.5547354579903185,32,7,2
